{"arm": "explicit_overlap_iem_lambda_0.004", "epoch": 1, "seconds": 25.5993013381958, "learning_rate": 4.9863047384206835e-05, "train_loss": 0.033737138005740505, "train_native": 0.026438539510264116, "train_prior": 1.824649538713343, "train_critical": 0.0007196529327876987, "train_spurious": 0.00035647380697070505, "train_missing": 0.0003631791258169931, "macro_dsc": 0.9778143763542175, "macro_iou": 0.9568082690238953, "voe": 0.043191730976104736, "macro_sensitivity": 0.9773869514465332, "macro_specificity": 0.9993103742599487, "overlap_dsc": 0.8706283626268678, "overlap_iou": 0.7708964928977661, "overlap_voe": 0.22910350710223393, "overlap_nsd_2px": 0.8720451265659658, "overlap_msd_px": 1.1655158152788931, "overlap_msd_fail_rate": 0.0, "pair_overlap_dsc": [0.8991055488586426, 0.9075835943222046, 0.8607087731361389, 0.8919471502304077, 0.9054381847381592, 0.8463584780693054, 0.8025460839271545, 0.8340802192687988, 0.9098711609840393, 0.8478068113327026, 0.8975347876548767, 0.6599856615066528, 0.7529544830322266, 0.7655788064002991, 0.8566432595252991, 0.7761020660400391, 0.8404331207275391, 0.48874297738075256, 0.7388059496879578, 0.6494975090026855, 0.732257604598999, 0.7447740435600281, 0.8374114036560059, 0.7724846005439758], "class_dsc": [0.9758357405662537, 0.9902536273002625, 0.9906548261642456, 0.9736837148666382, 0.9679606556892395, 0.9773058295249939, 0.978839099407196, 0.9648008346557617, 0.9499315619468689, 0.9881969690322876, 0.9848030209541321, 0.9782024621963501, 0.9828237295150757, 0.9861080050468445]}
{"arm": "explicit_overlap_iem_lambda_0.004", "epoch": 2, "seconds": 21.44305443763733, "learning_rate": 4.9453690018345144e-05, "train_loss": 0.033217441461542076, "train_native": 0.02646494531456162, "train_prior": 1.688123953482684, "train_critical": 0.0007148681412669241, "train_spurious": 0.00035457493544292714, "train_missing": 0.00036029320582399633, "macro_dsc": 0.9774523973464966, "macro_iou": 0.956135630607605, "voe": 0.04386436939239502, "macro_sensitivity": 0.9764304757118225, "macro_specificity": 0.9992733001708984, "overlap_dsc": 0.8677674590017266, "overlap_iou": 0.7664218297668363, "overlap_voe": 0.23357817023316374, "overlap_nsd_2px": 0.8704412202486354, "overlap_msd_px": 1.1746637832365803, "overlap_msd_fail_rate": 0.0, "pair_overlap_dsc": [0.8848072290420532, 0.9101738929748535, 0.8610605001449585, 0.8918819427490234, 0.8991502523422241, 0.8396964073181152, 0.8235957622528076, 0.831681489944458, 0.9130933880805969, 0.8338035941123962, 0.8894931674003601, 0.6681588292121887, 0.7477939128875732, 0.7625115513801575, 0.8630788326263428, 0.7713123559951782, 0.8225394487380981, 0.45334434509277344, 0.7497521042823792, 0.6447011828422546, 0.7563459277153015, 0.7647626399993896, 0.8463687300682068, 0.7780967950820923], "class_dsc": [0.9769738912582397, 0.9899817109107971, 0.9907461404800415, 0.9734766483306885, 0.9686349630355835, 0.9768750071525574, 0.9795554280281067, 0.9601419568061829, 0.9492676258087158, 0.9883013963699341, 0.9846466779708862, 0.9774508476257324, 0.9826527833938599, 0.985628068447113]}
{"arm": "explicit_overlap_iem_lambda_0.004", "epoch": 3, "seconds": 26.15467643737793, "learning_rate": 4.877641290737884e-05, "train_loss": 0.03303543952458045, "train_native": 0.02643107398029636, "train_prior": 1.6510912813859828, "train_critical": 0.000708544648328081, "train_spurious": 0.0003497570903361345, "train_missing": 0.00035878755799194665, "macro_dsc": 0.9775860905647278, "macro_iou": 0.9563787579536438, "voe": 0.0436212420463562, "macro_sensitivity": 0.9764264225959778, "macro_specificity": 0.9993261098861694, "overlap_dsc": 0.8684031155808887, "overlap_iou": 0.7674140899270862, "overlap_voe": 0.23258591007291385, "overlap_nsd_2px": 0.8708282348100895, "overlap_msd_px": 1.1758934994731478, "overlap_msd_fail_rate": 0.0, "pair_overlap_dsc": [0.8914869427680969, 0.9067584276199341, 0.8647832870483398, 0.8939732909202576, 0.9078800082206726, 0.8405860662460327, 0.8226525187492371, 0.8400442600250244, 0.9142891764640808, 0.839759349822998, 0.8713743686676025, 0.6574499607086182, 0.753437876701355, 0.7533076405525208, 0.8631953597068787, 0.7694648504257202, 0.8263421058654785, 0.47890183329582214, 0.7512648105621338, 0.6535515189170837, 0.7083398103713989, 0.7241246104240417, 0.8483138680458069, 0.8046751022338867], "class_dsc": [0.9768707156181335, 0.9898262619972229, 0.9906354546546936, 0.9734328389167786, 0.9690229892730713, 0.9769315719604492, 0.976833164691925, 0.9623584747314453, 0.9496731162071228, 0.9881066679954529, 0.9847118258476257, 0.9783481359481812, 0.9830708503723145, 0.9863825440406799]}
{"arm": "explicit_overlap_iem_lambda_0.004", "epoch": 4, "seconds": 34.2510929107666, "learning_rate": 4.7838636441065016e-05, "train_loss": 0.03284325169728083, "train_native": 0.026333269612754093, "train_prior": 1.6274954526564653, "train_critical": 0.0007083383483601772, "train_spurious": 0.0003532459533292481, "train_missing": 0.0003550923950309291, "macro_dsc": 0.977888822555542, "macro_iou": 0.9569582939147949, "voe": 0.04304170608520508, "macro_sensitivity": 0.9776082038879395, "macro_specificity": 0.9992960691452026, "overlap_dsc": 0.8707605557624654, "overlap_iou": 0.7711038006167704, "overlap_voe": 0.22889619938322958, "overlap_nsd_2px": 0.8744735046598344, "overlap_msd_px": 1.1670966556969244, "overlap_msd_fail_rate": 0.0, "pair_overlap_dsc": [0.8932787179946899, 0.909252941608429, 0.8681252002716064, 0.8911102414131165, 0.9072111248970032, 0.8518256545066833, 0.8217899203300476, 0.8340158462524414, 0.901864230632782, 0.8551367521286011, 0.8961682915687561, 0.6716294884681702, 0.7482625246047974, 0.7621127963066101, 0.8660179972648621, 0.7723408341407776, 0.8358922004699707, 0.4877908527851105, 0.7548918724060059, 0.6479426026344299, 0.7625441551208496, 0.7705870866775513, 0.8563352823257446, 0.8113783597946167], "class_dsc": [0.9767190217971802, 0.9901267290115356, 0.9906671047210693, 0.9735330939292908, 0.969172477722168, 0.977357804775238, 0.9797840118408203, 0.9642037153244019, 0.9488710761070251, 0.9882922768592834, 0.9847951531410217, 0.977696418762207, 0.983082115650177, 0.9861421585083008]}
{"arm": "explicit_overlap_iem_lambda_0.004", "epoch": 5, "seconds": 24.551045894622803, "learning_rate": 4.665063509461097e-05, "train_loss": 0.0325298185602707, "train_native": 0.026115778268260115, "train_prior": 1.6035099949556237, "train_critical": 0.0006947179913632127, "train_spurious": 0.00034507829824638177, "train_missing": 0.00034963969311683043, "macro_dsc": 0.9779402017593384, "macro_iou": 0.957055389881134, "voe": 0.04294461011886597, "macro_sensitivity": 0.9767773747444153, "macro_specificity": 0.9993413686752319, "overlap_dsc": 0.8711084504259609, "overlap_iou": 0.7716496084409752, "overlap_voe": 0.2283503915590248, "overlap_nsd_2px": 0.8748390604701226, "overlap_msd_px": 1.1632465066882367, "overlap_msd_fail_rate": 0.0, "pair_overlap_dsc": [0.8974671363830566, 0.9111672043800354, 0.8670663833618164, 0.8953408598899841, 0.9060121774673462, 0.8456388115882874, 0.8189814686775208, 0.8350073099136353, 0.9072040319442749, 0.8504149317741394, 0.8975562453269958, 0.6682417392730713, 0.745364785194397, 0.7575427293777466, 0.8660075664520264, 0.7747028470039368, 0.8377617001533508, 0.46590909361839294, 0.7404616475105286, 0.6443600654602051, 0.7233486771583557, 0.7343875169754028, 0.8559595942497253, 0.7896426916122437], "class_dsc": [0.9767206907272339, 0.9901373982429504, 0.9906177520751953, 0.9732158184051514, 0.9691513180732727, 0.9775617122650146, 0.979817271232605, 0.9646214842796326, 0.9489321112632751, 0.9883819222450256, 0.9845578670501709, 0.9779754877090454, 0.9829583168029785, 0.9865133166313171]}
{"arm": "explicit_overlap_iem_lambda_0.004", "epoch": 6, "seconds": 34.23674178123474, "learning_rate": 4.522542485937369e-05, "train_loss": 0.03237001574214767, "train_native": 0.026015301153940313, "train_prior": 1.5886785812938915, "train_critical": 0.0006928726894403601, "train_spurious": 0.0003444981508228292, "train_missing": 0.0003483745386175304, "macro_dsc": 0.9780832529067993, "macro_iou": 0.9573195576667786, "voe": 0.042680442333221436, "macro_sensitivity": 0.976494550704956, "macro_specificity": 0.9993306994438171, "overlap_dsc": 0.8725991166344941, "overlap_iou": 0.7739921075535952, "overlap_voe": 0.22600789244640485, "overlap_nsd_2px": 0.8789857273206598, "overlap_msd_px": 1.1310170067852712, "overlap_msd_fail_rate": 0.0, "pair_overlap_dsc": [0.8981878757476807, 0.9123871326446533, 0.8656713962554932, 0.8919253945350647, 0.9039135575294495, 0.8467576503753662, 0.8210806250572205, 0.8366827368736267, 0.9142913818359375, 0.8506799340248108, 0.8961750864982605, 0.6703487634658813, 0.753251850605011, 0.7581703662872314, 0.8629107475280762, 0.7760351896286011, 0.8408679366111755, 0.47365644574165344, 0.7457579970359802, 0.6343086957931519, 0.769987165927887, 0.7628254294395447, 0.8511123061180115, 0.8088235259056091], "class_dsc": [0.9767157435417175, 0.9904930591583252, 0.9906985759735107, 0.9738743901252747, 0.9689885973930359, 0.9771627187728882, 0.9801071286201477, 0.9647749066352844, 0.9503122568130493, 0.9884487390518188, 0.9847601056098938, 0.9779135584831238, 0.9827252626419067, 0.9861904382705688]}
{"arm": "explicit_overlap_iem_lambda_0.004", "epoch": 7, "seconds": 35.068493604660034, "learning_rate": 4.357862063693486e-05, "train_loss": 0.032409435992731765, "train_native": 0.02606368230546222, "train_prior": 1.586438341701732, "train_critical": 0.0006949584846959616, "train_spurious": 0.0003469566537552519, "train_missing": 0.00034800183094070927, "macro_dsc": 0.977878749370575, "macro_iou": 0.9569389224052429, "voe": 0.04306107759475708, "macro_sensitivity": 0.9768125414848328, "macro_specificity": 0.9993250966072083, "overlap_dsc": 0.8714685036035251, "overlap_iou": 0.7722148456991111, "overlap_voe": 0.22778515430088886, "overlap_nsd_2px": 0.8774665597596065, "overlap_msd_px": 1.1438606591524594, "overlap_msd_fail_rate": 0.0, "pair_overlap_dsc": [0.8994019031524658, 0.9095429182052612, 0.8613455295562744, 0.8927599787712097, 0.9074834585189819, 0.848487913608551, 0.8210589289665222, 0.836444079875946, 0.908123791217804, 0.8515562415122986, 0.8957437872886658, 0.6686556935310364, 0.7435539364814758, 0.7470716834068298, 0.8678427934646606, 0.7745097875595093, 0.8201441764831543, 0.477336049079895, 0.7407019734382629, 0.6428399085998535, 0.7693274021148682, 0.7450159192085266, 0.841653048992157, 0.7803794741630554], "class_dsc": [0.9767839312553406, 0.9902253746986389, 0.9907019734382629, 0.9731519222259521, 0.9689503908157349, 0.9771580696105957, 0.979578971862793, 0.9647283554077148, 0.9486749172210693, 0.9879788160324097, 0.9846327304840088, 0.9785729050636292, 0.9827939867973328, 0.9863694310188293]}
{"arm": "explicit_overlap_iem_lambda_0.004", "epoch": 8, "seconds": 34.45434355735779, "learning_rate": 4.172826515897146e-05, "train_loss": 0.03210915871402797, "train_native": 0.02583270311355591, "train_prior": 1.5691138132880715, "train_critical": 0.000682672808706816, "train_spurious": 0.00033880153623949515, "train_missing": 0.00034387127246732045, "macro_dsc": 0.9777551293373108, "macro_iou": 0.9567010402679443, "voe": 0.043298959732055664, "macro_sensitivity": 0.9777445793151855, "macro_specificity": 0.9992960095405579, "overlap_dsc": 0.8696385286974443, "overlap_iou": 0.7693457581869707, "overlap_voe": 0.2306542418130293, "overlap_nsd_2px": 0.8733663648809203, "overlap_msd_px": 1.159286541680107, "overlap_msd_fail_rate": 0.0, "pair_overlap_dsc": [0.8963902592658997, 0.9090270400047302, 0.8679333329200745, 0.8939839005470276, 0.9042043685913086, 0.848503828048706, 0.810139000415802, 0.8377963304519653, 0.9059943556785583, 0.8522363901138306, 0.8939312696456909, 0.6714874505996704, 0.757168710231781, 0.7575478553771973, 0.8695480227470398, 0.7618853449821472, 0.8156837224960327, 0.48517587780952454, 0.7387344837188721, 0.6511172652244568, 0.7751404643058777, 0.7515331506729126, 0.8530536890029907, 0.8060582280158997], "class_dsc": [0.9762136936187744, 0.9901704788208008, 0.990731954574585, 0.9724563360214233, 0.9692909717559814, 0.976345419883728, 0.9793437719345093, 0.9638547897338867, 0.9494499564170837, 0.9883708357810974, 0.9847033619880676, 0.9786057472229004, 0.982638955116272, 0.9863942265510559]}
{"arm": "explicit_overlap_iem_lambda_0.004", "epoch": 9, "seconds": 26.81898546218872, "learning_rate": 3.969463130731183e-05, "train_loss": 0.032212291942799794, "train_native": 0.025948345065116882, "train_prior": 1.5659866310568418, "train_critical": 0.000688417294000933, "train_spurious": 0.00034519569546568587, "train_missing": 0.00034322159853524746, "macro_dsc": 0.9777165055274963, "macro_iou": 0.9566305875778198, "voe": 0.043369412422180176, "macro_sensitivity": 0.9777738451957703, "macro_specificity": 0.9992820620536804, "overlap_dsc": 0.869813445218793, "overlap_iou": 0.7696195947405622, "overlap_voe": 0.23038040525943781, "overlap_nsd_2px": 0.8727297718634114, "overlap_msd_px": 1.172144542242508, "overlap_msd_fail_rate": 0.0, "pair_overlap_dsc": [0.8937346935272217, 0.905518114566803, 0.8681999444961548, 0.8916075229644775, 0.9074138402938843, 0.8409843444824219, 0.8167088031768799, 0.8313236236572266, 0.9083845615386963, 0.8468992114067078, 0.8986018300056458, 0.6711111068725586, 0.7534082531929016, 0.7617038488388062, 0.865333080291748, 0.7718586325645447, 0.8308197259902954, 0.49419713020324707, 0.7510560154914856, 0.638450026512146, 0.770521879196167, 0.7137917280197144, 0.8478114604949951, 0.8084685206413269], "class_dsc": [0.9767407774925232, 0.9902845621109009, 0.9907695651054382, 0.9723668694496155, 0.9693610072135925, 0.9771876335144043, 0.9788531064987183, 0.9631832838058472, 0.9492689967155457, 0.9883943200111389, 0.9845167398452759, 0.9777937531471252, 0.983119785785675, 0.9861888289451599]}
{"arm": "explicit_overlap_iem_lambda_0.004", "epoch": 10, "seconds": 23.594337463378906, "learning_rate": 3.7500000000000003e-05, "train_loss": 0.03177502245587461, "train_native": 0.02557298744426054, "train_prior": 1.5505086629530962, "train_critical": 0.0006696895880748132, "train_spurious": 0.00033527050142973886, "train_missing": 0.00033441908664507515, "macro_dsc": 0.9777629375457764, "macro_iou": 0.9567162990570068, "voe": 0.043283700942993164, "macro_sensitivity": 0.9746710658073425, "macro_specificity": 0.9993777275085449, "overlap_dsc": 0.8683297884982429, "overlap_iou": 0.7672995735379209, "overlap_voe": 0.2327004264620791, "overlap_nsd_2px": 0.8731878244623481, "overlap_msd_px": 1.154577726654345, "overlap_msd_fail_rate": 0.0, "pair_overlap_dsc": [0.8944588899612427, 0.9106683135032654, 0.8430474996566772, 0.8934120535850525, 0.9059005975723267, 0.8396377563476562, 0.8101691007614136, 0.8381280899047852, 0.9053007960319519, 0.8502306342124939, 0.8947330117225647, 0.6577486395835876, 0.7506601214408875, 0.7538346648216248, 0.8523523807525635, 0.7755348682403564, 0.8361897468566895, 0.4568486213684082, 0.7266659736633301, 0.6441463828086853, 0.761217474937439, 0.7153032422065735, 0.8460099101066589, 0.7557125091552734], "class_dsc": [0.9758599996566772, 0.9900549054145813, 0.990714967250824, 0.974034309387207, 0.9665191173553467, 0.9772853851318359, 0.9799158573150635, 0.9635592699050903, 0.9502461552619934, 0.9882833957672119, 0.9844746589660645, 0.978349506855011, 0.9830152988433838, 0.9863681197166443]}
{"arm": "explicit_overlap_iem_lambda_0.004", "epoch": 11, "seconds": 23.69499659538269, "learning_rate": 3.516841607689502e-05, "train_loss": 0.031494250933037087, "train_native": 0.02532043803264113, "train_prior": 1.5434531548443962, "train_critical": 0.0006607947540995566, "train_spurious": 0.00032610212053571383, "train_missing": 0.0003346926335638422, "macro_dsc": 0.9778510928153992, "macro_iou": 0.9568774700164795, "voe": 0.04312252998352051, "macro_sensitivity": 0.9771730303764343, "macro_specificity": 0.9992815256118774, "overlap_dsc": 0.8702879763334269, "overlap_iou": 0.770362914593222, "overlap_voe": 0.22963708540677796, "overlap_nsd_2px": 0.8733811873084751, "overlap_msd_px": 1.171827498230024, "overlap_msd_fail_rate": 0.0, "pair_overlap_dsc": [0.898258626461029, 0.9112012386322021, 0.8665746450424194, 0.8949139714241028, 0.9062225818634033, 0.8454509973526001, 0.8163872957229614, 0.8361203074455261, 0.9144830703735352, 0.8527494668960571, 0.8827735781669617, 0.6763898134231567, 0.7582553029060364, 0.7640015482902527, 0.868466854095459, 0.7649455666542053, 0.8156426548957825, 0.4800456166267395, 0.7469868659973145, 0.6459661722183228, 0.7570146918296814, 0.7503003478050232, 0.8509105443954468, 0.8171584010124207], "class_dsc": [0.976419985294342, 0.9896515607833862, 0.9905727505683899, 0.9728674292564392, 0.9693449139595032, 0.9767082929611206, 0.9798132181167603, 0.9639202952384949, 0.950060248374939, 0.9883833527565002, 0.9846516251564026, 0.9781986474990845, 0.9829208254814148, 0.9864015579223633]}
{"arm": "explicit_overlap_iem_lambda_0.004", "epoch": 12, "seconds": 27.82324528694153, "learning_rate": 3.272542485937369e-05, "train_loss": 0.03144948783166268, "train_native": 0.025296070119913888, "train_prior": 1.5383543679293463, "train_critical": 0.0006579031352124182, "train_spurious": 0.0003293630277631884, "train_missing": 0.00032854010744922974, "macro_dsc": 0.9778271317481995, "macro_iou": 0.9568421840667725, "voe": 0.04315781593322754, "macro_sensitivity": 0.9771333932876587, "macro_specificity": 0.9993032217025757, "overlap_dsc": 0.870520123993622, "overlap_iou": 0.7707267877032044, "overlap_voe": 0.22927321229679565, "overlap_nsd_2px": 0.876250603265026, "overlap_msd_px": 1.156883408412932, "overlap_msd_fail_rate": 0.0, "pair_overlap_dsc": [0.8914421796798706, 0.9100368022918701, 0.8638428449630737, 0.8917552828788757, 0.9071713089942932, 0.8444632291793823, 0.8206508755683899, 0.829088032245636, 0.9098384976387024, 0.852423369884491, 0.8992358446121216, 0.6770361065864563, 0.7586603164672852, 0.7536948919296265, 0.8616925477981567, 0.7699987888336182, 0.827212929725647, 0.4902668297290802, 0.7426998615264893, 0.643949568271637, 0.7605693936347961, 0.7362348437309265, 0.8456953763961792, 0.82547527551651], "class_dsc": [0.9767574667930603, 0.990336000919342, 0.990696370601654, 0.9735110998153687, 0.9686369299888611, 0.9771994352340698, 0.9796442985534668, 0.9629940390586853, 0.9494853615760803, 0.9885176420211792, 0.9846140742301941, 0.9781337976455688, 0.9828408360481262, 0.9862111806869507]}
{"arm": "explicit_overlap_iem_lambda_0.004", "epoch": 13, "seconds": 30.540606021881104, "learning_rate": 3.0197792270443985e-05, "train_loss": 0.0314222692084663, "train_native": 0.025301886279793347, "train_prior": 1.5300956585827996, "train_critical": 0.0006670384625204244, "train_spurious": 0.0003342287435807655, "train_missing": 0.00033280971893965915, "macro_dsc": 0.9779402017593384, "macro_iou": 0.9570599794387817, "voe": 0.04294002056121826, "macro_sensitivity": 0.9771425127983093, "macro_specificity": 0.9992963075637817, "overlap_dsc": 0.8715041095955549, "overlap_iou": 0.772270761218337, "overlap_voe": 0.22772923878166296, "overlap_nsd_2px": 0.8779640978232595, "overlap_msd_px": 1.1524913088962059, "overlap_msd_fail_rate": 0.0, "pair_overlap_dsc": [0.8907179832458496, 0.9060736894607544, 0.8692236542701721, 0.8933656811714172, 0.9060525894165039, 0.8393028974533081, 0.8244930505752563, 0.835426926612854, 0.9140818119049072, 0.8501872420310974, 0.899991512298584, 0.6713029742240906, 0.7610540390014648, 0.7585785388946533, 0.8692283630371094, 0.7783617973327637, 0.8303155303001404, 0.4665054678916931, 0.739130437374115, 0.6464706659317017, 0.766161322593689, 0.7423709034919739, 0.847879946231842, 0.8011975884437561], "class_dsc": [0.9766734838485718, 0.9904500842094421, 0.9906901717185974, 0.9738273024559021, 0.9695295095443726, 0.9780381321907043, 0.9789804816246033, 0.9626290798187256, 0.9492539167404175, 0.9885196685791016, 0.9846764206886292, 0.9787214398384094, 0.982829749584198, 0.9863423705101013]}
{"arm": "explicit_overlap_iem_lambda_0.004", "epoch": 14, "seconds": 34.36271667480469, "learning_rate": 2.7613211581691344e-05, "train_loss": 0.031005447598941187, "train_native": 0.02493105424239355, "train_prior": 1.518598271818722, "train_critical": 0.0006458511138830531, "train_spurious": 0.0003230851259774747, "train_missing": 0.00032276598790557937, "macro_dsc": 0.9779049754142761, "macro_iou": 0.9569897651672363, "voe": 0.04301023483276367, "macro_sensitivity": 0.97606360912323, "macro_specificity": 0.9993420243263245, "overlap_dsc": 0.8710716614945783, "overlap_iou": 0.7715918757750306, "overlap_voe": 0.22840812422496937, "overlap_nsd_2px": 0.8744981729872996, "overlap_msd_px": 1.1629670010469013, "overlap_msd_fail_rate": 0.0, "pair_overlap_dsc": [0.8953136205673218, 0.9107665419578552, 0.8648377060890198, 0.8914954662322998, 0.9056301712989807, 0.8406247496604919, 0.8233014345169067, 0.8299428820610046, 0.91285640001297, 0.8495030999183655, 0.8949548006057739, 0.6524742841720581, 0.7494611740112305, 0.757865846157074, 0.8644867539405823, 0.7746613621711731, 0.8360257744789124, 0.4518558979034424, 0.7392748594284058, 0.6438339352607727, 0.7472065091133118, 0.7092268466949463, 0.8427664041519165, 0.804347813129425], "class_dsc": [0.9768848419189453, 0.9903841018676758, 0.9905992150306702, 0.9735082983970642, 0.9690561294555664, 0.9773256182670593, 0.9795825481414795, 0.963896632194519, 0.9490550756454468, 0.9885604381561279, 0.9842462539672852, 0.9783831238746643, 0.9827234148979187, 0.9864634275436401]}
{"arm": "explicit_overlap_iem_lambda_0.004", "epoch": 15, "seconds": 36.540977239608765, "learning_rate": 2.500000000000001e-05, "train_loss": 0.030885654096217716, "train_native": 0.024830059562535846, "train_prior": 1.513898556653191, "train_critical": 0.0006445677229225024, "train_spurious": 0.0003237120043329832, "train_missing": 0.00032085571858951926, "macro_dsc": 0.9779549241065979, "macro_iou": 0.9570872783660889, "voe": 0.04291272163391113, "macro_sensitivity": 0.9769347310066223, "macro_specificity": 0.9993196725845337, "overlap_dsc": 0.8718797764615972, "overlap_iou": 0.7728609322835845, "overlap_voe": 0.22713906771641545, "overlap_nsd_2px": 0.8775972448111702, "overlap_msd_px": 1.1315581733662767, "overlap_msd_fail_rate": 0.0, "pair_overlap_dsc": [0.8953909873962402, 0.9101628661155701, 0.8649188280105591, 0.8876698613166809, 0.9040560722351074, 0.8431798219680786, 0.8204383850097656, 0.8366450667381287, 0.9128499031066895, 0.8484086394309998, 0.8956038355827332, 0.6662119626998901, 0.7624654173851013, 0.7602165341377258, 0.8640446662902832, 0.7751866579055786, 0.8360667824745178, 0.4595671594142914, 0.7413841485977173, 0.6486912369728088, 0.7663697004318237, 0.7334494590759277, 0.8556318879127502, 0.8150899410247803], "class_dsc": [0.9768882989883423, 0.9903981685638428, 0.9906590580940247, 0.9734600782394409, 0.9692358374595642, 0.9776324033737183, 0.9796168804168701, 0.9642615914344788, 0.9484803676605225, 0.9881448149681091, 0.9845616817474365, 0.9789634943008423, 0.9828475117683411, 0.9862179756164551]}
{"arm": "explicit_overlap_iem_lambda_0.004", "epoch": 16, "seconds": 37.22424936294556, "learning_rate": 2.2386788418308672e-05, "train_loss": 0.030624815383378197, "train_native": 0.024589052165255827, "train_prior": 1.5089407373877133, "train_critical": 0.000631820436507937, "train_spurious": 0.0003141390019549484, "train_missing": 0.00031768143455298756, "macro_dsc": 0.977842390537262, "macro_iou": 0.9568735361099243, "voe": 0.043126463890075684, "macro_sensitivity": 0.9768203496932983, "macro_specificity": 0.9993053078651428, "overlap_dsc": 0.8712188482891974, "overlap_iou": 0.7718228794689745, "overlap_voe": 0.22817712053102546, "overlap_nsd_2px": 0.8763562512105576, "overlap_msd_px": 1.1510561315253967, "overlap_msd_fail_rate": 0.0, "pair_overlap_dsc": [0.8956525325775146, 0.9101194739341736, 0.8602314591407776, 0.8923777341842651, 0.9043306708335876, 0.8410367369651794, 0.8246343731880188, 0.827946126461029, 0.9160232543945312, 0.8510248064994812, 0.8978323340415955, 0.6582157611846924, 0.758036196231842, 0.756883978843689, 0.8580728769302368, 0.7711374759674072, 0.8180480599403381, 0.489774227142334, 0.7444703578948975, 0.644859790802002, 0.7660424113273621, 0.7111601829528809, 0.8539091944694519, 0.8062973022460938], "class_dsc": [0.9766220450401306, 0.9903867840766907, 0.9906347393989563, 0.973592221736908, 0.9683646559715271, 0.9775426387786865, 0.9799692034721375, 0.9634351134300232, 0.9490997195243835, 0.9886062741279602, 0.9844197630882263, 0.9780037999153137, 0.9825826287269592, 0.9865328669548035]}
{
  "experiment": "R324_RAM_NNUNET_EXPLICIT_OVERLAP_IEM_LAMBDA_0P004",
  "split": "validation",
  "test_used": false,
  "threshold": 0.5,
  "threshold_search": false,
  "prior_weight": 0.004,
  "gradient_ratio_estimate": 0.64,
  "initialization": {
    "source": "outputs/ram_w600/r285_nnunet_overlap_prior/baseline_best.pth",
    "sha256": "3e42fbeb763f6e1fafc80e550c1c630b7fd599ff8cb85f7462ff8b5926475d01",
    "strict_load": true
  },
  "plain_reused_from": "outputs/ram_w600/r324_nnunet_explicit_overlap_iem/result.json",
  "relation_graph_reused_from": "outputs/ram_w600/r324_nnunet_explicit_overlap_iem/overlap_relation_graph.json",
  "plain_best": {
    "arm": "plain",
    "epoch": 6,
    "seconds": 27.06956171989441,
    "learning_rate": 4.522542485937369e-05,
    "train_loss": 0.025380876318496816,
    "train_native": 0.025380876318496816,
    "train_prior": 0.0,
    "train_critical": 0.0,
    "train_spurious": 0.0,
    "train_missing": 0.0,
    "macro_dsc": 0.9780833721160889,
    "macro_iou": 0.9573203921318054,
    "voe": 0.04267960786819458,
    "macro_sensitivity": 0.9755631685256958,
    "macro_specificity": 0.9993612170219421,
    "overlap_dsc": 0.8724306934968478,
    "overlap_iou": 0.7737271313409401,
    "overlap_voe": 0.22627286865905993,
    "overlap_nsd_2px": 0.8793678181577084,
    "overlap_msd_px": 1.1294276333412137,
    "overlap_msd_fail_rate": 0.0,
    "pair_overlap_dsc": [
      0.8970320820808411,
      0.9123667478561401,
      0.8643055558204651,
      0.8905912041664124,
      0.9047374725341797,
      0.8461458683013916,
      0.8197085857391357,
      0.8399131298065186,
      0.914191722869873,
      0.8512365221977234,
      0.8961910009384155,
      0.6688001155853271,
      0.7546429634094238,
      0.7588935494422913,
      0.8613165020942688,
      0.7759746313095093,
      0.840964138507843,
      0.4677318036556244,
      0.743625819683075,
      0.6302056312561035,
      0.7663729786872864,
      0.770926833152771,
      0.8534038662910461,
      0.7947368621826172
    ],
    "class_dsc": [
      0.976729691028595,
      0.9905099272727966,
      0.9907059669494629,
      0.9737881422042847,
      0.9690460562705994,
      0.9770685434341431,
      0.980108380317688,
      0.9643763899803162,
      0.9504578709602356,
      0.9884628653526306,
      0.9847898483276367,
      0.9780464768409729,
      0.9829135537147522,
      0.9861624836921692
    ]
  },
  "prior_best": {
    "arm": "explicit_overlap_iem_lambda_0.004",
    "epoch": 6,
    "seconds": 34.23674178123474,
    "learning_rate": 4.522542485937369e-05,
    "train_loss": 0.03237001574214767,
    "train_native": 0.026015301153940313,
    "train_prior": 1.5886785812938915,
    "train_critical": 0.0006928726894403601,
    "train_spurious": 0.0003444981508228292,
    "train_missing": 0.0003483745386175304,
    "macro_dsc": 0.9780832529067993,
    "macro_iou": 0.9573195576667786,
    "voe": 0.042680442333221436,
    "macro_sensitivity": 0.976494550704956,
    "macro_specificity": 0.9993306994438171,
    "overlap_dsc": 0.8725991166344941,
    "overlap_iou": 0.7739921075535952,
    "overlap_voe": 0.22600789244640485,
    "overlap_nsd_2px": 0.8789857273206598,
    "overlap_msd_px": 1.1310170067852712,
    "overlap_msd_fail_rate": 0.0,
    "pair_overlap_dsc": [
      0.8981878757476807,
      0.9123871326446533,
      0.8656713962554932,
      0.8919253945350647,
      0.9039135575294495,
      0.8467576503753662,
      0.8210806250572205,
      0.8366827368736267,
      0.9142913818359375,
      0.8506799340248108,
      0.8961750864982605,
      0.6703487634658813,
      0.753251850605011,
      0.7581703662872314,
      0.8629107475280762,
      0.7760351896286011,
      0.8408679366111755,
      0.47365644574165344,
      0.7457579970359802,
      0.6343086957931519,
      0.769987165927887,
      0.7628254294395447,
      0.8511123061180115,
      0.8088235259056091
    ],
    "class_dsc": [
      0.9767157435417175,
      0.9904930591583252,
      0.9906985759735107,
      0.9738743901252747,
      0.9689885973930359,
      0.9771627187728882,
      0.9801071286201477,
      0.9647749066352844,
      0.9503122568130493,
      0.9884487390518188,
      0.9847601056098938,
      0.9779135584831238,
      0.9827252626419067,
      0.9861904382705688
    ]
  },
  "plain_val": {
    "macro_dsc": 0.9780833721160889,
    "macro_iou": 0.9573203921318054,
    "voe": 0.04267960786819458,
    "macro_sensitivity": 0.9755631685256958,
    "macro_specificity": 0.9993612170219421,
    "overlap_dsc": 0.8724306934968478,
    "overlap_iou": 0.7737271313409401,
    "overlap_voe": 0.22627286865905993,
    "overlap_nsd_2px": 0.8793678181577084,
    "overlap_msd_px": 1.1294276333412137,
    "overlap_msd_fail_rate": 0.0,
    "pair_overlap_dsc": [
      0.8970320820808411,
      0.9123667478561401,
      0.8643055558204651,
      0.8905912041664124,
      0.9047374725341797,
      0.8461458683013916,
      0.8197085857391357,
      0.8399131298065186,
      0.914191722869873,
      0.8512365221977234,
      0.8961910009384155,
      0.6688001155853271,
      0.7546429634094238,
      0.7588935494422913,
      0.8613165020942688,
      0.7759746313095093,
      0.840964138507843,
      0.4677318036556244,
      0.743625819683075,
      0.6302056312561035,
      0.7663729786872864,
      0.770926833152771,
      0.8534038662910461,
      0.7947368621826172
    ],
    "class_dsc": [
      0.976729691028595,
      0.9905099272727966,
      0.9907059669494629,
      0.9737881422042847,
      0.9690460562705994,
      0.9770685434341431,
      0.980108380317688,
      0.9643763899803162,
      0.9504578709602356,
      0.9884628653526306,
      0.9847898483276367,
      0.9780464768409729,
      0.9829135537147522,
      0.9861624836921692
    ]
  },
  "prior_val": {
    "macro_dsc": 0.9780832529067993,
    "macro_iou": 0.9573195576667786,
    "voe": 0.042680442333221436,
    "macro_sensitivity": 0.976494550704956,
    "macro_specificity": 0.9993306994438171,
    "overlap_dsc": 0.8725991166344941,
    "overlap_iou": 0.7739921075535952,
    "overlap_voe": 0.22600789244640485,
    "overlap_nsd_2px": 0.8789857273206598,
    "overlap_msd_px": 1.1310170067852712,
    "overlap_msd_fail_rate": 0.0,
    "pair_overlap_dsc": [
      0.8981878757476807,
      0.9123871326446533,
      0.8656713962554932,
      0.8919253945350647,
      0.9039135575294495,
      0.8467576503753662,
      0.8210806250572205,
      0.8366827368736267,
      0.9142913818359375,
      0.8506799340248108,
      0.8961750864982605,
      0.6703487634658813,
      0.753251850605011,
      0.7581703662872314,
      0.8629107475280762,
      0.7760351896286011,
      0.8408679366111755,
      0.47365644574165344,
      0.7457579970359802,
      0.6343086957931519,
      0.769987165927887,
      0.7628254294395447,
      0.8511123061180115,
      0.8088235259056091
    ],
    "class_dsc": [
      0.9767157435417175,
      0.9904930591583252,
      0.9906985759735107,
      0.9738743901252747,
      0.9689885973930359,
      0.9771627187728882,
      0.9801071286201477,
      0.9647749066352844,
      0.9503122568130493,
      0.9884487390518188,
      0.9847601056098938,
      0.9779135584831238,
      0.9827252626419067,
      0.9861904382705688
    ]
  },
  "delta_prior_minus_plain": {
    "macro_dsc": -1.1920928955078125e-07,
    "macro_iou": -8.344650268554688e-07,
    "voe": 8.344650268554688e-07,
    "macro_sensitivity": 0.0009313821792602539,
    "macro_specificity": -3.0517578125e-05,
    "overlap_dsc": 0.0001684231376463119,
    "overlap_iou": 0.0002649762126550881,
    "overlap_voe": -0.0002649762126550881,
    "overlap_nsd_2px": -0.0003820908370485432,
    "overlap_msd_px": 0.001589373444057518,
    "overlap_msd_fail_rate": 0.0
  },
  "delta_prior_minus_r324_lambda_0p001": {
    "macro_dsc": -3.337860107421875e-06,
    "macro_iou": -6.735324859619141e-06,
    "voe": 6.735324859619141e-06,
    "macro_sensitivity": 0.0006313323974609375,
    "macro_specificity": -2.0384788513183594e-05,
    "overlap_dsc": 0.00014941048147820712,
    "overlap_iou": 0.00023506837191267227,
    "overlap_voe": -0.00023506837191267227,
    "overlap_nsd_2px": -0.00028809934115536784,
    "overlap_msd_px": 0.0019068626559546331,
    "overlap_msd_fail_rate": 0.0
  },
  "checkpoint": "outputs/ram_w600/r324_lambda004_nnunet_explicit_overlap_iem/explicit_overlap_iem_lambda_0.004_best.pth",
  "config": {
    "dataset_root": "data/remote_variants/RAM-W600",
    "baseline_checkpoint": "outputs/ram_w600/r285_nnunet_overlap_prior/baseline_best.pth",
    "plain_result": "outputs/ram_w600/r324_nnunet_explicit_overlap_iem/result.json",
    "relation_graph": "outputs/ram_w600/r324_nnunet_explicit_overlap_iem/overlap_relation_graph.json",
    "output": "outputs/ram_w600/r324_lambda004_nnunet_explicit_overlap_iem",
    "prior_weight": 0.004,
    "epochs": 30,
    "min_epochs": 15,
    "patience": 10,
    "learning_rate": 5e-05,
    "size": 384,
    "seed": 3241
  }
}
{"arm": "explicit_overlap_iem_lambda_0.006", "epoch": 1, "seconds": 34.25805187225342, "learning_rate": 4.9863047384206835e-05, "train_loss": 0.037219805182779536, "train_native": 0.02661080615923685, "train_prior": 1.7681664946499993, "train_critical": 0.0007221273926237164, "train_spurious": 0.0003643975493843373, "train_missing": 0.0003577298432393791, "macro_dsc": 0.9777633547782898, "macro_iou": 0.9567120671272278, "voe": 0.04328793287277222, "macro_sensitivity": 0.9775753021240234, "macro_specificity": 0.9993000626564026, "overlap_dsc": 0.8703146721484243, "overlap_iou": 0.7704047512730368, "overlap_voe": 0.22959524872696324, "overlap_nsd_2px": 0.8712970199090425, "overlap_msd_px": 1.170639999779956, "overlap_msd_fail_rate": 0.0, "pair_overlap_dsc": [0.898621678352356, 0.9077504277229309, 0.860653817653656, 0.8914158940315247, 0.9050773978233337, 0.846907913684845, 0.8027843832969666, 0.8343321084976196, 0.9087725281715393, 0.8481525778770447, 0.8974255919456482, 0.661327064037323, 0.7515193223953247, 0.7660045623779297, 0.8568194508552551, 0.7758442163467407, 0.8396911025047302, 0.4906059503555298, 0.7392897605895996, 0.6481502652168274, 0.7303537130355835, 0.7518693208694458, 0.8361092805862427, 0.7762836217880249], "class_dsc": [0.975801944732666, 0.9902042150497437, 0.9906297326087952, 0.9736034274101257, 0.9679204821586609, 0.977291464805603, 0.9788478016853333, 0.9646568894386292, 0.9497635960578918, 0.9881682395935059, 0.9848275184631348, 0.9781313538551331, 0.982806921005249, 0.9860324859619141]}
{"arm": "explicit_overlap_iem_lambda_0.006", "epoch": 2, "seconds": 35.16549849510193, "learning_rate": 4.9453690018345144e-05, "train_loss": 0.03641384518760092, "train_native": 0.02680541847996852, "train_prior": 1.6014044335309197, "train_critical": 0.000717225203883637, "train_spurious": 0.00036246106515522926, "train_missing": 0.0003547641387284081, "macro_dsc": 0.977399468421936, "macro_iou": 0.9560330510139465, "voe": 0.04396694898605347, "macro_sensitivity": 0.9767544865608215, "macro_specificity": 0.9992587566375732, "overlap_dsc": 0.8675168942866595, "overlap_iou": 0.7660310041937032, "overlap_voe": 0.23396899580629682, "overlap_nsd_2px": 0.8699234626137168, "overlap_msd_px": 1.1828752615462628, "overlap_msd_fail_rate": 0.0, "pair_overlap_dsc": [0.8853560090065002, 0.9104683995246887, 0.8618132472038269, 0.8915431499481201, 0.8987188935279846, 0.8399983048439026, 0.8233463168144226, 0.8308719992637634, 0.9130076169967651, 0.8346282243728638, 0.8893901705741882, 0.6680107712745667, 0.7460382580757141, 0.7620015740394592, 0.8634606599807739, 0.7691004872322083, 0.8227237462997437, 0.4563326835632324, 0.7496182918548584, 0.6437843441963196, 0.7548027634620667, 0.7661815285682678, 0.8446241617202759, 0.7787792086601257], "class_dsc": [0.9769465923309326, 0.989946186542511, 0.9907227158546448, 0.9733555316925049, 0.9686610102653503, 0.9766865372657776, 0.9795408248901367, 0.9603481292724609, 0.9492096900939941, 0.9882432818412781, 0.9845631718635559, 0.9772502779960632, 0.9825975298881531, 0.9855203032493591]}
{"arm": "explicit_overlap_iem_lambda_0.006", "epoch": 3, "seconds": 32.935925006866455, "learning_rate": 4.877641290737884e-05, "train_loss": 0.036163559442057326, "train_native": 0.026808729382122264, "train_prior": 1.5591383129007677, "train_critical": 0.0007111501827293418, "train_spurious": 0.0003576603167308588, "train_missing": 0.0003534898659984827, "macro_dsc": 0.9775506854057312, "macro_iou": 0.9563114643096924, "voe": 0.04368853569030762, "macro_sensitivity": 0.9765242338180542, "macro_specificity": 0.999319851398468, "overlap_dsc": 0.8682537809577274, "overlap_iou": 0.7671808784005797, "overlap_voe": 0.2328191215994203, "overlap_nsd_2px": 0.8703804657285793, "overlap_msd_px": 1.178411427701877, "overlap_msd_fail_rate": 0.0, "pair_overlap_dsc": [0.8912602066993713, 0.9070999622344971, 0.8652640581130981, 0.8941426277160645, 0.9077840447425842, 0.8401473760604858, 0.822769045829773, 0.8396602272987366, 0.9141610860824585, 0.8398124575614929, 0.8713003396987915, 0.6567285656929016, 0.7504818439483643, 0.7518131136894226, 0.8645289540290833, 0.76904296875, 0.8295189142227173, 0.47923800349235535, 0.7511698603630066, 0.6511116027832031, 0.7110120058059692, 0.726069450378418, 0.8496191501617432, 0.8100118041038513], "class_dsc": [0.9767619371414185, 0.9898291230201721, 0.9906165599822998, 0.9734264612197876, 0.969157874584198, 0.9769061803817749, 0.9767690300941467, 0.9624618291854858, 0.949468195438385, 0.9880421161651611, 0.9846649169921875, 0.9782021045684814, 0.9830201864242554, 0.9863826632499695]}
{"arm": "explicit_overlap_iem_lambda_0.006", "epoch": 4, "seconds": 21.263338088989258, "learning_rate": 4.7838636441065016e-05, "train_loss": 0.03594365297433208, "train_native": 0.026744190117015558, "train_prior": 1.5332438020145192, "train_critical": 0.0007107694966007231, "train_spurious": 0.00036107053498482745, "train_missing": 0.0003496989616158966, "macro_dsc": 0.9778175950050354, "macro_iou": 0.95682293176651, "voe": 0.04317706823348999, "macro_sensitivity": 0.9778450727462769, "macro_specificity": 0.9992846250534058, "overlap_dsc": 0.8702395172011302, "overlap_iou": 0.7702869788632334, "overlap_voe": 0.22971302113676662, "overlap_nsd_2px": 0.8739847910878387, "overlap_msd_px": 1.172719391657476, "overlap_msd_fail_rate": 0.0, "pair_overlap_dsc": [0.893585205078125, 0.9090661406517029, 0.8678189516067505, 0.8907328248023987, 0.90716552734375, 0.8514566421508789, 0.821047842502594, 0.8340205550193787, 0.8986195921897888, 0.8532453179359436, 0.895482063293457, 0.6709267497062683, 0.74677574634552, 0.7611737251281738, 0.8659206032752991, 0.7715955376625061, 0.8361499309539795, 0.48996737599372864, 0.7562406659126282, 0.6474955677986145, 0.7648047208786011, 0.7709013819694519, 0.8551280498504639, 0.8108828067779541], "class_dsc": [0.9766229391098022, 0.9900140762329102, 0.9906952381134033, 0.9733497500419617, 0.9690037369728088, 0.9773459434509277, 0.9796779751777649, 0.964207112789154, 0.9487254023551941, 0.988273561000824, 0.9847286343574524, 0.9776036739349365, 0.9830878973007202, 0.9861089587211609]}
{"arm": "explicit_overlap_iem_lambda_0.006", "epoch": 5, "seconds": 22.689794063568115, "learning_rate": 4.665063509461097e-05, "train_loss": 0.03558685082284843, "train_native": 0.026541680193999235, "train_prior": 1.5075284360436831, "train_critical": 0.0006972688163807194, "train_spurious": 0.0003531103196486927, "train_missing": 0.00034415849673202607, "macro_dsc": 0.9778687953948975, "macro_iou": 0.9569206833839417, "voe": 0.04307931661605835, "macro_sensitivity": 0.9768885374069214, "macro_specificity": 0.9993327260017395, "overlap_dsc": 0.8707646052193754, "overlap_iou": 0.771110152278922, "overlap_voe": 0.228889847721078, "overlap_nsd_2px": 0.8739099956932265, "overlap_msd_px": 1.1694133920319714, "overlap_msd_fail_rate": 0.0, "pair_overlap_dsc": [0.8970735669136047, 0.9113719463348389, 0.8665599226951599, 0.8950068354606628, 0.9059066772460938, 0.8449223041534424, 0.8191459774971008, 0.835613489151001, 0.9067901372909546, 0.849466860294342, 0.8966262936592102, 0.6703618764877319, 0.7454699873924255, 0.7574911713600159, 0.8662612438201904, 0.7742273211479187, 0.837442934513092, 0.4658079743385315, 0.7405328154563904, 0.642703652381897, 0.71875, 0.7314319610595703, 0.8554502129554749, 0.7890312075614929], "class_dsc": [0.9766796231269836, 0.9900913834571838, 0.9906010627746582, 0.9731373190879822, 0.9690976738929749, 0.9775190949440002, 0.9797551035881042, 0.9645071625709534, 0.948664665222168, 0.9883164167404175, 0.9844695925712585, 0.9778997302055359, 0.9829259514808655, 0.9864976406097412]}
{"arm": "explicit_overlap_iem_lambda_0.006", "epoch": 6, "seconds": 22.457944869995117, "learning_rate": 4.522542485937369e-05, "train_loss": 0.03539961608017192, "train_native": 0.02644931687589954, "train_prior": 1.4917165099873262, "train_critical": 0.000695107795722456, "train_spurious": 0.0003522509264122315, "train_missing": 0.0003428568693102238, "macro_dsc": 0.9780619740486145, "macro_iou": 0.9572790265083313, "voe": 0.0427209734916687, "macro_sensitivity": 0.9767115712165833, "macro_specificity": 0.999322235584259, "overlap_dsc": 0.8724911746876969, "overlap_iou": 0.7738222743219538, "overlap_voe": 0.22617772567804617, "overlap_nsd_2px": 0.8786180300547407, "overlap_msd_px": 1.133695117015274, "overlap_msd_fail_rate": 0.0, "pair_overlap_dsc": [0.8985663056373596, 0.9128352999687195, 0.8660286068916321, 0.8908491730690002, 0.9034980535507202, 0.8470995426177979, 0.8208641409873962, 0.8363363742828369, 0.9137358069419861, 0.8520454168319702, 0.8962464332580566, 0.6709628701210022, 0.7516441941261292, 0.7590779066085815, 0.8633855581283569, 0.7756394743919373, 0.8401910662651062, 0.47453925013542175, 0.7470425367355347, 0.6374765634536743, 0.7680808901786804, 0.758061408996582, 0.8522986173629761, 0.8121284246444702], "class_dsc": [0.9766866564750671, 0.9904723763465881, 0.9906958341598511, 0.9737939238548279, 0.9690061807632446, 0.977153480052948, 0.9801526665687561, 0.9649636149406433, 0.950145959854126, 0.9884036779403687, 0.984689474105835, 0.9778476357460022, 0.9826858639717102, 0.9861701726913452]}
{"arm": "explicit_overlap_iem_lambda_0.006", "epoch": 7, "seconds": 24.701691150665283, "learning_rate": 4.357862063693486e-05, "train_loss": 0.03543588729465709, "train_native": 0.02650253158281831, "train_prior": 1.4888926124572754, "train_critical": 0.0006968869904732729, "train_spurious": 0.0003542432598039219, "train_missing": 0.00034264373066935104, "macro_dsc": 0.9778380393981934, "macro_iou": 0.9568626284599304, "voe": 0.04313737154006958, "macro_sensitivity": 0.9769465923309326, "macro_specificity": 0.9993177652359009, "overlap_dsc": 0.8712530215167716, "overlap_iou": 0.7718765230490731, "overlap_voe": 0.22812347695092694, "overlap_nsd_2px": 0.8774304835178535, "overlap_msd_px": 1.1471009525114875, "overlap_msd_fail_rate": 0.0, "pair_overlap_dsc": [0.8990594744682312, 0.9092433452606201, 0.8624416589736938, 0.8919422626495361, 0.9071096181869507, 0.8480439782142639, 0.8227272033691406, 0.835310161113739, 0.9084903001785278, 0.8520951271057129, 0.8955123424530029, 0.6709513068199158, 0.7438370585441589, 0.7474727630615234, 0.867806613445282, 0.7733653783798218, 0.8207604289054871, 0.4756036102771759, 0.7415249943733215, 0.6440373659133911, 0.766471266746521, 0.7403193712234497, 0.8413989543914795, 0.7820306420326233], "class_dsc": [0.9768155813217163, 0.9902009963989258, 0.9906849265098572, 0.9731329083442688, 0.9690014719963074, 0.977082371711731, 0.979527473449707, 0.9647313952445984, 0.9483888745307922, 0.9880207777023315, 0.9845594763755798, 0.9784930944442749, 0.9827228784561157, 0.9863691329956055]}
{"arm": "explicit_overlap_iem_lambda_0.006", "epoch": 8, "seconds": 26.64265727996826, "learning_rate": 4.172826515897146e-05, "train_loss": 0.035112528722075854, "train_native": 0.0262864304509233, "train_prior": 1.4710163694269518, "train_critical": 0.0006849307105654761, "train_spurious": 0.00034653151625233425, "train_missing": 0.00033839919431314177, "macro_dsc": 0.9777358174324036, "macro_iou": 0.9566653370857239, "voe": 0.04333466291427612, "macro_sensitivity": 0.977856457233429, "macro_specificity": 0.9992907643318176, "overlap_dsc": 0.8696414954043659, "overlap_iou": 0.7693504015199121, "overlap_voe": 0.23064959848008793, "overlap_nsd_2px": 0.8733467415100991, "overlap_msd_px": 1.1618430940061681, "overlap_msd_fail_rate": 0.0, "pair_overlap_dsc": [0.8966854810714722, 0.9090560078620911, 0.8683334589004517, 0.8929072022438049, 0.9044604897499084, 0.8483190536499023, 0.8111181259155273, 0.836308479309082, 0.9067234396934509, 0.8515580296516418, 0.8943699598312378, 0.6739614009857178, 0.7572640776634216, 0.7573114633560181, 0.8701479434967041, 0.7601807117462158, 0.8160932660102844, 0.4850066304206848, 0.7412897944450378, 0.6502014994621277, 0.772657036781311, 0.7415086627006531, 0.8507974147796631, 0.8071625232696533], "class_dsc": [0.9762626886367798, 0.9901549220085144, 0.9907430410385132, 0.9724323153495789, 0.9693143963813782, 0.9762594699859619, 0.9793325662612915, 0.9640408754348755, 0.9491802453994751, 0.9883245825767517, 0.9846670031547546, 0.9785634279251099, 0.9826496243476868, 0.9863765835762024]}
{"arm": "explicit_overlap_iem_lambda_0.006", "epoch": 9, "seconds": 23.07297444343567, "learning_rate": 3.969463130731183e-05, "train_loss": 0.03518567108494394, "train_native": 0.02638156999121694, "train_prior": 1.4673501875821282, "train_critical": 0.0006902591765873023, "train_spurious": 0.000352621354531396, "train_missing": 0.00033763782205590567, "macro_dsc": 0.9776434898376465, "macro_iou": 0.95649254322052, "voe": 0.04350745677947998, "macro_sensitivity": 0.9778576493263245, "macro_specificity": 0.9992735385894775, "overlap_dsc": 0.8694104831641807, "overlap_iou": 0.7689888712441234, "overlap_voe": 0.2310111287558766, "overlap_nsd_2px": 0.872237063608864, "overlap_msd_px": 1.175315389133982, "overlap_msd_fail_rate": 0.0, "pair_overlap_dsc": [0.8937540650367737, 0.9051156044006348, 0.8682566285133362, 0.8905332684516907, 0.9071841239929199, 0.8409152030944824, 0.8175517320632935, 0.829841673374176, 0.908034086227417, 0.8456623554229736, 0.8977581858634949, 0.671771228313446, 0.7521191835403442, 0.7626586556434631, 0.8663779497146606, 0.7724190950393677, 0.8299358487129211, 0.4908329248428345, 0.7519570589065552, 0.6313184499740601, 0.7734582424163818, 0.7109453678131104, 0.8461331725120544, 0.8087712526321411], "class_dsc": [0.9767335653305054, 0.9902388453483582, 0.9907448887825012, 0.9721274971961975, 0.9693286418914795, 0.9772286415100098, 0.9787965416908264, 0.9631620049476624, 0.9490209817886353, 0.9883140325546265, 0.9844615459442139, 0.9776545763015747, 0.9830262064933777, 0.98617023229599]}
{"arm": "explicit_overlap_iem_lambda_0.006", "epoch": 10, "seconds": 25.08380651473999, "learning_rate": 3.7500000000000003e-05, "train_loss": 0.03475704162436373, "train_native": 0.026040433119325076, "train_prior": 1.4527680764478796, "train_critical": 0.0006718996192226891, "train_spurious": 0.0003428580090890521, "train_missing": 0.0003290416101336366, "macro_dsc": 0.9777342081069946, "macro_iou": 0.9566628932952881, "voe": 0.043337106704711914, "macro_sensitivity": 0.9748193621635437, "macro_specificity": 0.9993706941604614, "overlap_dsc": 0.8684179000446521, "overlap_iou": 0.7674371850698514, "overlap_voe": 0.23256281493014863, "overlap_nsd_2px": 0.8733314466163355, "overlap_msd_px": 1.1632512094131333, "overlap_msd_fail_rate": 0.0, "pair_overlap_dsc": [0.8942968845367432, 0.9106783270835876, 0.8431476950645447, 0.8923920392990112, 0.9065263271331787, 0.8399545550346375, 0.811461865901947, 0.838075578212738, 0.9062843322753906, 0.8488935232162476, 0.8946857452392578, 0.6590598225593567, 0.7504372596740723, 0.7532406449317932, 0.8531078100204468, 0.7757641673088074, 0.8383815884590149, 0.45520296692848206, 0.7283449172973633, 0.6408459544181824, 0.7631914019584656, 0.7150624394416809, 0.8427831530570984, 0.757148802280426], "class_dsc": [0.9758248329162598, 0.9900907874107361, 0.9907158613204956, 0.9739450812339783, 0.966550350189209, 0.9772677421569824, 0.9798552393913269, 0.9636514782905579, 0.9499801993370056, 0.988280177116394, 0.9844616055488586, 0.9782792329788208, 0.9830350279808044, 0.9863409996032715]}
{"arm": "explicit_overlap_iem_lambda_0.006", "epoch": 11, "seconds": 23.87983536720276, "learning_rate": 3.516841607689502e-05, "train_loss": 0.03445511560229694, "train_native": 0.02578549653291702, "train_prior": 1.4449364981931798, "train_critical": 0.0006631620747257241, "train_spurious": 0.0003336463165995563, "train_missing": 0.000329515758126167, "macro_dsc": 0.9777582883834839, "macro_iou": 0.9567013382911682, "voe": 0.04329866170883179, "macro_sensitivity": 0.9772644639015198, "macro_specificity": 0.9992726445198059, "overlap_dsc": 0.8697962475642135, "overlap_iou": 0.7695926659026981, "overlap_voe": 0.23040733409730185, "overlap_nsd_2px": 0.8721662708718112, "overlap_msd_px": 1.1769368550242127, "overlap_msd_fail_rate": 0.0, "pair_overlap_dsc": [0.8984050154685974, 0.9107948541641235, 0.8668187260627747, 0.8938644528388977, 0.9058759212493896, 0.845343291759491, 0.816234827041626, 0.835314154624939, 0.9144377708435059, 0.8507815003395081, 0.8812342286109924, 0.6774962544441223, 0.7572818994522095, 0.7640157341957092, 0.8687726855278015, 0.7613524794578552, 0.8154096007347107, 0.47803300619125366, 0.7483674883842468, 0.6429822444915771, 0.7550206780433655, 0.7383906841278076, 0.8521610498428345, 0.8156055808067322], "class_dsc": [0.976350724697113, 0.989572286605835, 0.9905431866645813, 0.9726547598838806, 0.9693792462348938, 0.9764347672462463, 0.9796633720397949, 0.9638662934303284, 0.9498078227043152, 0.9883247017860413, 0.9845648407936096, 0.9781959652900696, 0.9828675985336304, 0.9863897562026978]}
{"arm": "explicit_overlap_iem_lambda_0.006", "epoch": 12, "seconds": 28.041993379592896, "learning_rate": 3.272542485937369e-05, "train_loss": 0.034407105060184705, "train_native": 0.025772604517200415, "train_prior": 1.4390834101508645, "train_critical": 0.0006600379409576328, "train_spurious": 0.0003366826873978756, "train_missing": 0.0003233552535597572, "macro_dsc": 0.9777393937110901, "macro_iou": 0.9566758275032043, "voe": 0.043324172496795654, "macro_sensitivity": 0.9772602915763855, "macro_specificity": 0.9992949962615967, "overlap_dsc": 0.8698137601641218, "overlap_iou": 0.7696200882812056, "overlap_voe": 0.23037991171879435, "overlap_nsd_2px": 0.875157615233785, "overlap_msd_px": 1.16387079785003, "overlap_msd_fail_rate": 0.0, "pair_overlap_dsc": [0.8912035822868347, 0.9097484946250916, 0.8648744225502014, 0.8907662034034729, 0.9068742394447327, 0.8431227207183838, 0.8208844065666199, 0.8278237581253052, 0.9082574844360352, 0.8504316210746765, 0.8979882001876831, 0.675978422164917, 0.758700966835022, 0.7530805468559265, 0.863125741481781, 0.7671048045158386, 0.8250806331634521, 0.48982134461402893, 0.7425724267959595, 0.6440657377243042, 0.7612510323524475, 0.7255539894104004, 0.8448823094367981, 0.8286145925521851], "class_dsc": [0.9767144918441772, 0.9902355670928955, 0.9907112121582031, 0.9733640551567078, 0.968816339969635, 0.9769831895828247, 0.979496419429779, 0.9627987146377563, 0.9492346048355103, 0.9884819388389587, 0.9845144152641296, 0.9780212044715881, 0.9828256964683533, 0.9861522316932678]}
{"arm": "explicit_overlap_iem_lambda_0.006", "epoch": 13, "seconds": 28.32435178756714, "learning_rate": 3.0197792270443985e-05, "train_loss": 0.03433595034567749, "train_native": 0.025754968405646436, "train_prior": 1.4301636423784143, "train_critical": 0.0006683150148080067, "train_spurious": 0.00034124180271066784, "train_missing": 0.000327073212097339, "macro_dsc": 0.9778784513473511, "macro_iou": 0.956942617893219, "voe": 0.043057382106781006, "macro_sensitivity": 0.9772337079048157, "macro_specificity": 0.9992890357971191, "overlap_dsc": 0.8711697428972183, "overlap_iou": 0.7717458034783193, "overlap_voe": 0.22825419652168066, "overlap_nsd_2px": 0.8773318199473719, "overlap_msd_px": 1.156541195297434, "overlap_msd_fail_rate": 0.0, "pair_overlap_dsc": [0.8905336856842041, 0.9060017466545105, 0.8688756227493286, 0.8927633762359619, 0.9060187935829163, 0.8385915756225586, 0.8248521685600281, 0.8349969387054443, 0.9139144420623779, 0.8492695689201355, 0.8991385698318481, 0.6732637882232666, 0.7605769038200378, 0.7569979429244995, 0.8688778877258301, 0.7772159576416016, 0.8307709693908691, 0.46625712513923645, 0.7380385994911194, 0.6438937783241272, 0.7626442313194275, 0.731472373008728, 0.847861647605896, 0.8045381903648376], "class_dsc": [0.9766024947166443, 0.9903976321220398, 0.990670382976532, 0.9736912846565247, 0.9694710969924927, 0.9779618382453918, 0.9789461493492126, 0.9626336097717285, 0.9490882158279419, 0.9884482026100159, 0.9846056699752808, 0.9786639213562012, 0.9827882647514343, 0.9863289594650269]}
{"arm": "explicit_overlap_iem_lambda_0.006", "epoch": 14, "seconds": 27.736021995544434, "learning_rate": 2.7613211581691344e-05, "train_loss": 0.03391137413680553, "train_native": 0.02539197062744814, "train_prior": 1.4199005881477804, "train_critical": 0.000647347643484477, "train_spurious": 0.00032994773430205403, "train_missing": 0.00031739990918242276, "macro_dsc": 0.9778413772583008, "macro_iou": 0.9568684101104736, "voe": 0.04313158988952637, "macro_sensitivity": 0.9762661457061768, "macro_specificity": 0.9993308186531067, "overlap_dsc": 0.870790064385148, "overlap_iou": 0.771150084302798, "overlap_voe": 0.22884991569720203, "overlap_nsd_2px": 0.8744205456951482, "overlap_msd_px": 1.16006590604795, "overlap_msd_fail_rate": 0.0, "pair_overlap_dsc": [0.8953767418861389, 0.9102751612663269, 0.8652443885803223, 0.8914061188697815, 0.9054701924324036, 0.8397015929222107, 0.8236332535743713, 0.8282968401908875, 0.9122928380966187, 0.8473750352859497, 0.8949589729309082, 0.6552444696426392, 0.7501410841941833, 0.7554173469543457, 0.8645448684692383, 0.7723634839057922, 0.8359363675117493, 0.45176151394844055, 0.7390689849853516, 0.6441915035247803, 0.7468408942222595, 0.697733998298645, 0.8429535627365112, 0.8076468110084534], "class_dsc": [0.9768079519271851, 0.9903289079666138, 0.9905516505241394, 0.9734067916870117, 0.9690635204315186, 0.9772031903266907, 0.9794933795928955, 0.9638643860816956, 0.9489135146141052, 0.9885050058364868, 0.9841246604919434, 0.9783764481544495, 0.9827167987823486, 0.9864223599433899]}
{"arm": "explicit_overlap_iem_lambda_0.006", "epoch": 15, "seconds": 23.48354172706604, "learning_rate": 2.500000000000001e-05, "train_loss": 0.033781232522690996, "train_native": 0.02529341763433288, "train_prior": 1.414635805242202, "train_critical": 0.0006458374365371153, "train_spurious": 0.0003302588939221518, "train_missing": 0.00031557854261496273, "macro_dsc": 0.977912425994873, "macro_iou": 0.9570056796073914, "voe": 0.04299432039260864, "macro_sensitivity": 0.9770369529724121, "macro_specificity": 0.9993143081665039, "overlap_dsc": 0.8716943833728378, "overlap_iou": 0.7725696315692702, "overlap_voe": 0.22743036843072983, "overlap_nsd_2px": 0.8774623165037476, "overlap_msd_px": 1.1339072401535009, "overlap_msd_fail_rate": 0.0, "pair_overlap_dsc": [0.8957918286323547, 0.9104613661766052, 0.8655676245689392, 0.8871999382972717, 0.9039813876152039, 0.8421494364738464, 0.8209254741668701, 0.8364413976669312, 0.9129575490951538, 0.8468096256256104, 0.895434558391571, 0.6685473322868347, 0.7626373767852783, 0.7576196193695068, 0.8645802140235901, 0.7728327512741089, 0.8359450101852417, 0.4581945836544037, 0.7415909171104431, 0.6465048789978027, 0.7639611959457397, 0.7216514945030212, 0.8529331088066101, 0.8164779543876648], "class_dsc": [0.976868212223053, 0.9903741478919983, 0.9905974864959717, 0.9734058976173401, 0.9692458510398865, 0.9774907231330872, 0.979633092880249, 0.9642834067344666, 0.9483872652053833, 0.988065779209137, 0.9844269752502441, 0.9790054559707642, 0.9828197360038757, 0.9861692786216736]}
{"arm": "explicit_overlap_iem_lambda_0.006", "epoch": 16, "seconds": 24.0947265625, "learning_rate": 2.2386788418308672e-05, "train_loss": 0.033515361678950924, "train_native": 0.025055296491174137, "train_prior": 1.4100108458014096, "train_critical": 0.000633114085477942, "train_spurious": 0.00032088649261788056, "train_missing": 0.00031222759286006046, "macro_dsc": 0.9777690768241882, "macro_iou": 0.9567354917526245, "voe": 0.04326450824737549, "macro_sensitivity": 0.9769967198371887, "macro_specificity": 0.9992945790290833, "overlap_dsc": 0.870892974190663, "overlap_iou": 0.7713115097661162, "overlap_voe": 0.22868849023388382, "overlap_nsd_2px": 0.875807310083007, "overlap_msd_px": 1.1555915619547283, "overlap_msd_fail_rate": 0.0, "pair_overlap_dsc": [0.895105242729187, 0.910429835319519, 0.860605776309967, 0.8920366764068604, 0.9044373631477356, 0.8403477072715759, 0.8245904445648193, 0.8265462517738342, 0.9155240058898926, 0.8494371771812439, 0.8971268534660339, 0.6622105240821838, 0.7575563192367554, 0.7558139562606812, 0.8587754964828491, 0.7713118195533752, 0.8175913691520691, 0.48954617977142334, 0.7437209486961365, 0.6452352404594421, 0.7638019919395447, 0.7029781937599182, 0.8543971180915833, 0.8108428716659546], "class_dsc": [0.9765419960021973, 0.9903380274772644, 0.9906250238418579, 0.9734892249107361, 0.9683836102485657, 0.9774494767189026, 0.979917049407959, 0.9633249044418335, 0.9487868547439575, 0.9885233044624329, 0.9843581318855286, 0.9779677391052246, 0.9825099110603333, 0.9865507483482361]}
{
  "experiment": "R324_RAM_NNUNET_EXPLICIT_OVERLAP_IEM_LAMBDA_0P006",
  "split": "validation",
  "test_used": false,
  "threshold": 0.5,
  "threshold_search": false,
  "prior_weight": 0.006,
  "gradient_ratio_estimate": 0.96,
  "initialization": {
    "source": "outputs/ram_w600/r285_nnunet_overlap_prior/baseline_best.pth",
    "sha256": "3e42fbeb763f6e1fafc80e550c1c630b7fd599ff8cb85f7462ff8b5926475d01",
    "strict_load": true
  },
  "plain_reused_from": "outputs/ram_w600/r324_nnunet_explicit_overlap_iem/result.json",
  "relation_graph_reused_from": "outputs/ram_w600/r324_nnunet_explicit_overlap_iem/overlap_relation_graph.json",
  "plain_best": {
    "arm": "plain",
    "epoch": 6,
    "seconds": 27.06956171989441,
    "learning_rate": 4.522542485937369e-05,
    "train_loss": 0.025380876318496816,
    "train_native": 0.025380876318496816,
    "train_prior": 0.0,
    "train_critical": 0.0,
    "train_spurious": 0.0,
    "train_missing": 0.0,
    "macro_dsc": 0.9780833721160889,
    "macro_iou": 0.9573203921318054,
    "voe": 0.04267960786819458,
    "macro_sensitivity": 0.9755631685256958,
    "macro_specificity": 0.9993612170219421,
    "overlap_dsc": 0.8724306934968478,
    "overlap_iou": 0.7737271313409401,
    "overlap_voe": 0.22627286865905993,
    "overlap_nsd_2px": 0.8793678181577084,
    "overlap_msd_px": 1.1294276333412137,
    "overlap_msd_fail_rate": 0.0,
    "pair_overlap_dsc": [
      0.8970320820808411,
      0.9123667478561401,
      0.8643055558204651,
      0.8905912041664124,
      0.9047374725341797,
      0.8461458683013916,
      0.8197085857391357,
      0.8399131298065186,
      0.914191722869873,
      0.8512365221977234,
      0.8961910009384155,
      0.6688001155853271,
      0.7546429634094238,
      0.7588935494422913,
      0.8613165020942688,
      0.7759746313095093,
      0.840964138507843,
      0.4677318036556244,
      0.743625819683075,
      0.6302056312561035,
      0.7663729786872864,
      0.770926833152771,
      0.8534038662910461,
      0.7947368621826172
    ],
    "class_dsc": [
      0.976729691028595,
      0.9905099272727966,
      0.9907059669494629,
      0.9737881422042847,
      0.9690460562705994,
      0.9770685434341431,
      0.980108380317688,
      0.9643763899803162,
      0.9504578709602356,
      0.9884628653526306,
      0.9847898483276367,
      0.9780464768409729,
      0.9829135537147522,
      0.9861624836921692
    ]
  },
  "prior_best": {
    "arm": "explicit_overlap_iem_lambda_0.006",
    "epoch": 6,
    "seconds": 22.457944869995117,
    "learning_rate": 4.522542485937369e-05,
    "train_loss": 0.03539961608017192,
    "train_native": 0.02644931687589954,
    "train_prior": 1.4917165099873262,
    "train_critical": 0.000695107795722456,
    "train_spurious": 0.0003522509264122315,
    "train_missing": 0.0003428568693102238,
    "macro_dsc": 0.9780619740486145,
    "macro_iou": 0.9572790265083313,
    "voe": 0.0427209734916687,
    "macro_sensitivity": 0.9767115712165833,
    "macro_specificity": 0.999322235584259,
    "overlap_dsc": 0.8724911746876969,
    "overlap_iou": 0.7738222743219538,
    "overlap_voe": 0.22617772567804617,
    "overlap_nsd_2px": 0.8786180300547407,
    "overlap_msd_px": 1.133695117015274,
    "overlap_msd_fail_rate": 0.0,
    "pair_overlap_dsc": [
      0.8985663056373596,
      0.9128352999687195,
      0.8660286068916321,
      0.8908491730690002,
      0.9034980535507202,
      0.8470995426177979,
      0.8208641409873962,
      0.8363363742828369,
      0.9137358069419861,
      0.8520454168319702,
      0.8962464332580566,
      0.6709628701210022,
      0.7516441941261292,
      0.7590779066085815,
      0.8633855581283569,
      0.7756394743919373,
      0.8401910662651062,
      0.47453925013542175,
      0.7470425367355347,
      0.6374765634536743,
      0.7680808901786804,
      0.758061408996582,
      0.8522986173629761,
      0.8121284246444702
    ],
    "class_dsc": [
      0.9766866564750671,
      0.9904723763465881,
      0.9906958341598511,
      0.9737939238548279,
      0.9690061807632446,
      0.977153480052948,
      0.9801526665687561,
      0.9649636149406433,
      0.950145959854126,
      0.9884036779403687,
      0.984689474105835,
      0.9778476357460022,
      0.9826858639717102,
      0.9861701726913452
    ]
  },
  "plain_val": {
    "macro_dsc": 0.9780833721160889,
    "macro_iou": 0.9573203921318054,
    "voe": 0.04267960786819458,
    "macro_sensitivity": 0.9755631685256958,
    "macro_specificity": 0.9993612170219421,
    "overlap_dsc": 0.8724306934968478,
    "overlap_iou": 0.7737271313409401,
    "overlap_voe": 0.22627286865905993,
    "overlap_nsd_2px": 0.8793678181577084,
    "overlap_msd_px": 1.1294276333412137,
    "overlap_msd_fail_rate": 0.0,
    "pair_overlap_dsc": [
      0.8970320820808411,
      0.9123667478561401,
      0.8643055558204651,
      0.8905912041664124,
      0.9047374725341797,
      0.8461458683013916,
      0.8197085857391357,
      0.8399131298065186,
      0.914191722869873,
      0.8512365221977234,
      0.8961910009384155,
      0.6688001155853271,
      0.7546429634094238,
      0.7588935494422913,
      0.8613165020942688,
      0.7759746313095093,
      0.840964138507843,
      0.4677318036556244,
      0.743625819683075,
      0.6302056312561035,
      0.7663729786872864,
      0.770926833152771,
      0.8534038662910461,
      0.7947368621826172
    ],
    "class_dsc": [
      0.976729691028595,
      0.9905099272727966,
      0.9907059669494629,
      0.9737881422042847,
      0.9690460562705994,
      0.9770685434341431,
      0.980108380317688,
      0.9643763899803162,
      0.9504578709602356,
      0.9884628653526306,
      0.9847898483276367,
      0.9780464768409729,
      0.9829135537147522,
      0.9861624836921692
    ]
  },
  "prior_val": {
    "macro_dsc": 0.9780619740486145,
    "macro_iou": 0.9572790265083313,
    "voe": 0.0427209734916687,
    "macro_sensitivity": 0.9767115712165833,
    "macro_specificity": 0.999322235584259,
    "overlap_dsc": 0.8724911746876969,
    "overlap_iou": 0.7738222743219538,
    "overlap_voe": 0.22617772567804617,
    "overlap_nsd_2px": 0.8786180300547407,
    "overlap_msd_px": 1.133695117015274,
    "overlap_msd_fail_rate": 0.0,
    "pair_overlap_dsc": [
      0.8985663056373596,
      0.9128352999687195,
      0.8660286068916321,
      0.8908491730690002,
      0.9034980535507202,
      0.8470995426177979,
      0.8208641409873962,
      0.8363363742828369,
      0.9137358069419861,
      0.8520454168319702,
      0.8962464332580566,
      0.6709628701210022,
      0.7516441941261292,
      0.7590779066085815,
      0.8633855581283569,
      0.7756394743919373,
      0.8401910662651062,
      0.47453925013542175,
      0.7470425367355347,
      0.6374765634536743,
      0.7680808901786804,
      0.758061408996582,
      0.8522986173629761,
      0.8121284246444702
    ],
    "class_dsc": [
      0.9766866564750671,
      0.9904723763465881,
      0.9906958341598511,
      0.9737939238548279,
      0.9690061807632446,
      0.977153480052948,
      0.9801526665687561,
      0.9649636149406433,
      0.950145959854126,
      0.9884036779403687,
      0.984689474105835,
      0.9778476357460022,
      0.9826858639717102,
      0.9861701726913452
    ]
  },
  "delta_prior_minus_plain": {
    "macro_dsc": -2.1398067474365234e-05,
    "macro_iou": -4.1365623474121094e-05,
    "voe": 4.1365623474121094e-05,
    "macro_sensitivity": 0.0011484026908874512,
    "macro_specificity": -3.898143768310547e-05,
    "overlap_dsc": 6.048119084911541e-05,
    "overlap_iou": 9.514298101376273e-05,
    "overlap_voe": -9.514298101376273e-05,
    "overlap_nsd_2px": -0.0007497881029676634,
    "overlap_msd_px": 0.004267483674060379,
    "overlap_msd_fail_rate": 0.0
  },
  "delta_prior_minus_r324_lambda_0p001": {
    "macro_dsc": -2.4616718292236328e-05,
    "macro_iou": -4.7266483306884766e-05,
    "voe": 4.7266483306884766e-05,
    "macro_sensitivity": 0.0008483529090881348,
    "macro_specificity": -2.8848648071289062e-05,
    "overlap_dsc": 4.146853468101064e-05,
    "overlap_iou": 6.523514027134691e-05,
    "overlap_voe": -6.523514027134691e-05,
    "overlap_nsd_2px": -0.0006557966070744881,
    "overlap_msd_px": 0.0045849728859574945,
    "overlap_msd_fail_rate": 0.0
  },
  "checkpoint": "outputs/ram_w600/r324_lambda006_nnunet_explicit_overlap_iem/explicit_overlap_iem_lambda_0.006_best.pth",
  "config": {
    "dataset_root": "data/remote_variants/RAM-W600",
    "baseline_checkpoint": "outputs/ram_w600/r285_nnunet_overlap_prior/baseline_best.pth",
    "plain_result": "outputs/ram_w600/r324_nnunet_explicit_overlap_iem/result.json",
    "relation_graph": "outputs/ram_w600/r324_nnunet_explicit_overlap_iem/overlap_relation_graph.json",
    "output": "outputs/ram_w600/r324_lambda006_nnunet_explicit_overlap_iem",
    "prior_weight": 0.006,
    "epochs": 30,
    "min_epochs": 15,
    "patience": 10,
    "learning_rate": 5e-05,
    "size": 384,
    "seed": 3241
  }
}
{"arm": "explicit_overlap_iem_lambda_0.01", "epoch": 1, "seconds": 34.16597604751587, "learning_rate": 4.9863047384206835e-05, "train_loss": 0.043886187313234105, "train_native": 0.026975497314158606, "train_prior": 1.6910690374935375, "train_critical": 0.0007268244211747204, "train_spurious": 0.00037642335580065345, "train_missing": 0.00035040106537406637, "macro_dsc": 0.9776931405067444, "macro_iou": 0.9565770030021667, "voe": 0.04342299699783325, "macro_sensitivity": 0.9778197407722473, "macro_specificity": 0.9992838501930237, "overlap_dsc": 0.8698209972303094, "overlap_iou": 0.7696314186267095, "overlap_voe": 0.23036858137329053, "overlap_nsd_2px": 0.8705391351071917, "overlap_msd_px": 1.1786806631357671, "overlap_msd_fail_rate": 0.0, "pair_overlap_dsc": [0.8986332416534424, 0.9079170227050781, 0.8615796566009521, 0.8905050158500671, 0.9036534428596497, 0.8472644090652466, 0.8049625754356384, 0.8339443206787109, 0.9067744016647339, 0.846611499786377, 0.8965875506401062, 0.6619946360588074, 0.7485893964767456, 0.7663432359695435, 0.8576765656471252, 0.77492755651474, 0.8381337523460388, 0.4921444058418274, 0.7390491962432861, 0.6456364989280701, 0.7296584248542786, 0.7602486610412598, 0.8354783058166504, 0.783117949962616], "class_dsc": [0.9758643507957458, 0.9901179671287537, 0.9905917644500732, 0.9735037684440613, 0.9679587483406067, 0.9771574139595032, 0.9788135886192322, 0.9646579623222351, 0.9497002959251404, 0.98808354139328, 0.9847907423973083, 0.977924644947052, 0.9826056957244873, 0.9859330058097839]}
{"arm": "explicit_overlap_iem_lambda_0.01", "epoch": 2, "seconds": 23.381705284118652, "learning_rate": 4.9453690018345144e-05, "train_loss": 0.042382992558619555, "train_native": 0.02752463795244694, "train_prior": 1.485835493592655, "train_critical": 0.0007224043588789684, "train_spurious": 0.00037554116698762844, "train_missing": 0.00034686319189134005, "macro_dsc": 0.9772776365280151, "macro_iou": 0.955799400806427, "voe": 0.044200599193573, "macro_sensitivity": 0.977110743522644, "macro_specificity": 0.9992385506629944, "overlap_dsc": 0.8666647838330491, "overlap_iou": 0.7647031949246695, "overlap_voe": 0.23529680507533046, "overlap_nsd_2px": 0.8685398082931259, "overlap_msd_px": 1.196746399202128, "overlap_msd_fail_rate": 0.0, "pair_overlap_dsc": [0.8852888345718384, 0.9101014137268066, 0.861733078956604, 0.8909795880317688, 0.89897620677948, 0.8402164578437805, 0.8227489590644836, 0.8289733529090881, 0.9123355150222778, 0.8343732953071594, 0.8881889581680298, 0.6660553812980652, 0.7411381006240845, 0.7631047964096069, 0.86451655626297, 0.7665761113166809, 0.8221415877342224, 0.4650154709815979, 0.7496417164802551, 0.641572892665863, 0.7512430548667908, 0.7690119743347168, 0.8414073586463928, 0.7757700085639954], "class_dsc": [0.9767917394638062, 0.9898632168769836, 0.9906719923019409, 0.9731397032737732, 0.9686654806137085, 0.9764609932899475, 0.9794256091117859, 0.9603782892227173, 0.9491577744483948, 0.9881662726402283, 0.9844651222229004, 0.9767447113990784, 0.9825292825698853, 0.9854262471199036]}
{"arm": "explicit_overlap_iem_lambda_0.01", "epoch": 3, "seconds": 29.503300666809082, "learning_rate": 4.877641290737884e-05, "train_loss": 0.04198129120118478, "train_native": 0.027602484721471282, "train_prior": 1.437880677615895, "train_critical": 0.0007161982631594309, "train_spurious": 0.00037093874007936505, "train_missing": 0.0003452595230800653, "macro_dsc": 0.9774519205093384, "macro_iou": 0.956123411655426, "voe": 0.043876588344573975, "macro_sensitivity": 0.9766629338264465, "macro_specificity": 0.9993075132369995, "overlap_dsc": 0.8677434696279739, "overlap_iou": 0.7663844050454265, "overlap_voe": 0.2336155949545735, "overlap_nsd_2px": 0.8693288726935945, "overlap_msd_px": 1.1864710781788073, "overlap_msd_fail_rate": 0.0, "pair_overlap_dsc": [0.8910053372383118, 0.9066675305366516, 0.865533173084259, 0.8938207030296326, 0.9077050089836121, 0.8396995663642883, 0.8216618895530701, 0.8387973308563232, 0.9137384295463562, 0.8412010073661804, 0.8710678815841675, 0.6557244062423706, 0.7466378808021545, 0.7520172595977783, 0.86541348695755, 0.7676198482513428, 0.8314889073371887, 0.4794199466705322, 0.7525463700294495, 0.6487330794334412, 0.7197268605232239, 0.7258825898170471, 0.8479509353637695, 0.8093553185462952], "class_dsc": [0.9765759706497192, 0.9898587465286255, 0.9905446171760559, 0.9732809662818909, 0.969119131565094, 0.9767876267433167, 0.9765627384185791, 0.962472677230835, 0.9492841958999634, 0.9879963994026184, 0.9845609664916992, 0.977940559387207, 0.9830095767974854, 0.9863314628601074]}
{"arm": "explicit_overlap_iem_lambda_0.01", "epoch": 4, "seconds": 28.012427806854248, "learning_rate": 4.7838636441065016e-05, "train_loss": 0.04167167320847511, "train_native": 0.027586474317838165, "train_prior": 1.4085199190588558, "train_critical": 0.000716069468151844, "train_spurious": 0.0003743751732463817, "train_missing": 0.0003416942949054621, "macro_dsc": 0.9776338338851929, "macro_iou": 0.9564769864082336, "voe": 0.04352301359176636, "macro_sensitivity": 0.9782754182815552, "macro_specificity": 0.999261736869812, "overlap_dsc": 0.8688801104991926, "overlap_iou": 0.768159407353027, "overlap_voe": 0.231840592646973, "overlap_nsd_2px": 0.8712097606812382, "overlap_msd_px": 1.1870171573927233, "overlap_msd_fail_rate": 0.0, "pair_overlap_dsc": [0.8925747275352478, 0.9084383845329285, 0.8668752312660217, 0.8902489542961121, 0.9070226550102234, 0.8507016897201538, 0.8198327422142029, 0.8342827558517456, 0.8950230479240417, 0.850213885307312, 0.8944603800773621, 0.671535313129425, 0.7444515824317932, 0.7592851519584656, 0.8659967184066772, 0.7696243524551392, 0.8347342014312744, 0.48892974853515625, 0.7556849718093872, 0.6456736326217651, 0.7673172354698181, 0.7661719918251038, 0.8469650149345398, 0.8107802271842957], "class_dsc": [0.9764509797096252, 0.989860475063324, 0.9906718134880066, 0.9730609059333801, 0.96869957447052, 0.9772242903709412, 0.979486882686615, 0.9638108015060425, 0.9481711983680725, 0.9882103800773621, 0.9846533536911011, 0.9774743914604187, 0.9830206632614136, 0.9860784411430359]}
{"arm": "explicit_overlap_iem_lambda_0.01", "epoch": 5, "seconds": 33.620588541030884, "learning_rate": 4.665063509461097e-05, "train_loss": 0.04123744152924594, "train_native": 0.027420133812462583, "train_prior": 1.3817307993944954, "train_critical": 0.0007023533697333101, "train_spurious": 0.0003662063783846871, "train_missing": 0.000336146991348623, "macro_dsc": 0.9777477979660034, "macro_iou": 0.9566908478736877, "voe": 0.043309152126312256, "macro_sensitivity": 0.9770388603210449, "macro_specificity": 0.9993192553520203, "overlap_dsc": 0.8699660330276622, "overlap_iou": 0.7698585453194432, "overlap_voe": 0.2301414546805568, "overlap_nsd_2px": 0.8732240123667996, "overlap_msd_px": 1.1764852275034468, "overlap_msd_fail_rate": 0.0, "pair_overlap_dsc": [0.8963767886161804, 0.9113159775733948, 0.866851806640625, 0.8939179182052612, 0.906143307685852, 0.8442736864089966, 0.8186085224151611, 0.835688591003418, 0.9060471653938293, 0.8457511067390442, 0.8955265283584595, 0.672171950340271, 0.743935763835907, 0.7572141289710999, 0.8681614398956299, 0.7720525860786438, 0.8364121913909912, 0.4698885381221771, 0.7369675040245056, 0.6382819414138794, 0.7141314148902893, 0.7353342175483704, 0.8508248925209045, 0.7938718795776367], "class_dsc": [0.9765371084213257, 0.9900219440460205, 0.9905124306678772, 0.9729505181312561, 0.9691026210784912, 0.977334201335907, 0.9796692728996277, 0.9642791748046875, 0.9484096765518188, 0.98818439245224, 0.9844036102294922, 0.9777733683586121, 0.982854425907135, 0.9864366054534912]}
{"arm": "explicit_overlap_iem_lambda_0.01", "epoch": 6, "seconds": 34.638047218322754, "learning_rate": 4.522542485937369e-05, "train_loss": 0.04100015120471225, "train_native": 0.02734899324091042, "train_prior": 1.3651158268311445, "train_critical": 0.000700404347937091, "train_spurious": 0.00036550769396300213, "train_missing": 0.00033489665397408956, "macro_dsc": 0.9779477119445801, "macro_iou": 0.9570626020431519, "voe": 0.042937397956848145, "macro_sensitivity": 0.97706538438797, "macro_specificity": 0.9993053674697876, "overlap_dsc": 0.8718895658128893, "overlap_iou": 0.7728763146673501, "overlap_voe": 0.22712368533264993, "overlap_nsd_2px": 0.8772614325180192, "overlap_msd_px": 1.1439554438235273, "overlap_msd_fail_rate": 0.0, "pair_overlap_dsc": [0.8980216383934021, 0.9125745296478271, 0.865962028503418, 0.8908976912498474, 0.9018443822860718, 0.8455256223678589, 0.8206374645233154, 0.8348891139030457, 0.913522481918335, 0.8501961827278137, 0.8949535489082336, 0.6716172695159912, 0.7530107498168945, 0.7608433961868286, 0.8636105060577393, 0.7733909487724304, 0.8388112783432007, 0.47608044743537903, 0.745714008808136, 0.6357001662254333, 0.7692416906356812, 0.7579245567321777, 0.8525223135948181, 0.8123524785041809], "class_dsc": [0.9766032695770264, 0.9904150366783142, 0.9906610250473022, 0.9736582040786743, 0.9689380526542664, 0.9770710468292236, 0.9799818396568298, 0.9647387266159058, 0.9498007297515869, 0.9882956743240356, 0.9846208095550537, 0.9778079390525818, 0.982576847076416, 0.9860977530479431]}
{"arm": "explicit_overlap_iem_lambda_0.01", "epoch": 7, "seconds": 22.15678071975708, "learning_rate": 4.357862063693486e-05, "train_loss": 0.04103534605573205, "train_native": 0.027420022864552106, "train_prior": 1.3615323495864868, "train_critical": 0.0007031580535860177, "train_spurious": 0.00036797531512605024, "train_missing": 0.0003351827384599674, "macro_dsc": 0.9776988625526428, "macro_iou": 0.9566019177436829, "voe": 0.04339808225631714, "macro_sensitivity": 0.9772192239761353, "macro_specificity": 0.999302864074707, "overlap_dsc": 0.8704145068490711, "overlap_iou": 0.7705612232024962, "overlap_voe": 0.2294387767975038, "overlap_nsd_2px": 0.8756546984449199, "overlap_msd_px": 1.157525935671822, "overlap_msd_fail_rate": 0.0, "pair_overlap_dsc": [0.8981955647468567, 0.9096108675003052, 0.8626088500022888, 0.8918085098266602, 0.9073606133460999, 0.8465363383293152, 0.82164067029953, 0.8340047597885132, 0.9080302119255066, 0.8500078916549683, 0.894177258014679, 0.6702706217765808, 0.7408021092414856, 0.7466465830802917, 0.8673222064971924, 0.7734479904174805, 0.8219904899597168, 0.475608766078949, 0.7390149235725403, 0.6434154510498047, 0.7696877717971802, 0.731838047504425, 0.8410899639129639, 0.7846524715423584], "class_dsc": [0.9766850471496582, 0.9901599287986755, 0.9906558394432068, 0.9729232788085938, 0.9688673615455627, 0.9770398139953613, 0.9794794917106628, 0.9646735787391663, 0.9476394653320312, 0.9879351854324341, 0.98442143201828, 0.9782751798629761, 0.9826774597167969, 0.9863502979278564]}
{"arm": "explicit_overlap_iem_lambda_0.01", "epoch": 8, "seconds": 34.602534770965576, "learning_rate": 4.172826515897146e-05, "train_loss": 0.04064597807386342, "train_native": 0.027217756452805855, "train_prior": 1.3428221988677977, "train_critical": 0.0006903457997782449, "train_spurious": 0.0003596982412756769, "train_missing": 0.0003306475585025676, "macro_dsc": 0.97763592004776, "macro_iou": 0.9564778208732605, "voe": 0.0435221791267395, "macro_sensitivity": 0.9781872034072876, "macro_specificity": 0.9992744326591492, "overlap_dsc": 0.8691968094358533, "overlap_iou": 0.7686546080099449, "overlap_voe": 0.2313453919900551, "overlap_nsd_2px": 0.8721357590581719, "overlap_msd_px": 1.1674875551627806, "overlap_msd_fail_rate": 0.0, "pair_overlap_dsc": [0.8959847688674927, 0.9095168113708496, 0.8683013916015625, 0.8921199440956116, 0.9042900800704956, 0.8477820158004761, 0.8112673163414001, 0.8357843160629272, 0.9074156284332275, 0.8494206666946411, 0.8937625885009766, 0.6746365427970886, 0.7547135353088379, 0.7568110823631287, 0.8704994320869446, 0.757296621799469, 0.8191877603530884, 0.4843038320541382, 0.7381289601325989, 0.6477886438369751, 0.7729189991950989, 0.7476069331169128, 0.8491186499595642, 0.807106614112854], "class_dsc": [0.9762356281280518, 0.9901262521743774, 0.9907107949256897, 0.9721494317054749, 0.9691519141197205, 0.976123034954071, 0.9793161749839783, 0.9640053510665894, 0.9487345814704895, 0.9883069396018982, 0.9846141338348389, 0.9784737825393677, 0.9825799465179443, 0.98637455701828]}
{"arm": "explicit_overlap_iem_lambda_0.01", "epoch": 9, "seconds": 36.61152362823486, "learning_rate": 3.969463130731183e-05, "train_loss": 0.040693388037821826, "train_native": 0.02730862746343893, "train_prior": 1.3384760912726907, "train_critical": 0.0006960401348039214, "train_spurious": 0.0003662211955094541, "train_missing": 0.0003298189392944678, "macro_dsc": 0.9774950742721558, "macro_iou": 0.9562113285064697, "voe": 0.04378867149353027, "macro_sensitivity": 0.9779568314552307, "macro_specificity": 0.9992590546607971, "overlap_dsc": 0.8684053577490288, "overlap_iou": 0.7674175888274115, "overlap_voe": 0.2325824111725885, "overlap_nsd_2px": 0.8701286800448582, "overlap_msd_px": 1.1942452683371507, "overlap_msd_fail_rate": 0.0, "pair_overlap_dsc": [0.8933613300323486, 0.9049937725067139, 0.868281364440918, 0.8890607357025146, 0.9060660004615784, 0.8404911756515503, 0.8160372376441956, 0.8263349533081055, 0.9082284569740295, 0.8434984683990479, 0.8967389464378357, 0.6733282804489136, 0.7517144680023193, 0.7607104778289795, 0.8670620918273926, 0.7703003883361816, 0.8284989595413208, 0.48996391892433167, 0.7507238388061523, 0.6235535144805908, 0.7732574343681335, 0.7201980352401733, 0.8421123027801514, 0.8078137040138245], "class_dsc": [0.976603627204895, 0.9901976585388184, 0.9907105565071106, 0.9714236259460449, 0.9691982865333557, 0.9770534038543701, 0.978735625743866, 0.9629379510879517, 0.9488831758499146, 0.9882704019546509, 0.9844194650650024, 0.9774037003517151, 0.9829193949699402, 0.9861741662025452]}
{"arm": "explicit_overlap_iem_lambda_0.01", "epoch": 10, "seconds": 35.62834596633911, "learning_rate": 3.7500000000000003e-05, "train_loss": 0.04021830490406822, "train_native": 0.026970966173445476, "train_prior": 1.3247338965359856, "train_critical": 0.0006774651592407792, "train_spurious": 0.00035610223907271216, "train_missing": 0.0003213629201680671, "macro_dsc": 0.9776610136032104, "macro_iou": 0.9565238952636719, "voe": 0.043476104736328125, "macro_sensitivity": 0.9751507043838501, "macro_specificity": 0.9993569254875183, "overlap_dsc": 0.868147499858354, "overlap_iou": 0.767014942859273, "overlap_voe": 0.23298505714072704, "overlap_nsd_2px": 0.8733355324888576, "overlap_msd_px": 1.169809054906677, "overlap_msd_fail_rate": 0.0, "pair_overlap_dsc": [0.8940271139144897, 0.9101520776748657, 0.8427771329879761, 0.8917365670204163, 0.9070407748222351, 0.8395561575889587, 0.8127216696739197, 0.837019145488739, 0.9068372845649719, 0.8475094437599182, 0.8934559226036072, 0.66062992811203, 0.7506499886512756, 0.7576178908348083, 0.8530651330947876, 0.7735598683357239, 0.8365670442581177, 0.4631383419036865, 0.7303227186203003, 0.6373147368431091, 0.7651166319847107, 0.7232303023338318, 0.8378590941429138, 0.7600492238998413], "class_dsc": [0.9757967591285706, 0.9900716543197632, 0.9906939268112183, 0.9737418293952942, 0.966464638710022, 0.9771140813827515, 0.9796354174613953, 0.9635499119758606, 0.9499052166938782, 0.988268256187439, 0.9844623804092407, 0.9782274961471558, 0.982998788356781, 0.9863240122795105]}
{"arm": "explicit_overlap_iem_lambda_0.01", "epoch": 11, "seconds": 34.24466109275818, "learning_rate": 3.516841607689502e-05, "train_loss": 0.03989220838336384, "train_native": 0.026721026446012888, "train_prior": 1.3171182228537166, "train_critical": 0.0006681064352824466, "train_spurious": 0.0003470603736286181, "train_missing": 0.00032104606165382795, "macro_dsc": 0.9776543378829956, "macro_iou": 0.9565036296844482, "voe": 0.04349637031555176, "macro_sensitivity": 0.9774265885353088, "macro_specificity": 0.9992588758468628, "overlap_dsc": 0.86904452974462, "overlap_iou": 0.7684164624776777, "overlap_voe": 0.2315835375223223, "overlap_nsd_2px": 0.8714532587552003, "overlap_msd_px": 1.1844280655394233, "overlap_msd_fail_rate": 0.0, "pair_overlap_dsc": [0.8986749053001404, 0.9104179739952087, 0.867133617401123, 0.8917758464813232, 0.9054003953933716, 0.8441497087478638, 0.8169663548469543, 0.8340194225311279, 0.9144783616065979, 0.8505224585533142, 0.8788813948631287, 0.6781911253929138, 0.7574869990348816, 0.7614505290985107, 0.8697540760040283, 0.7591956257820129, 0.8158656358718872, 0.47525861859321594, 0.746867835521698, 0.6395184993743896, 0.7539244890213013, 0.7405865788459778, 0.8492000102996826, 0.8137102723121643], "class_dsc": [0.9763045310974121, 0.9894577264785767, 0.9904850125312805, 0.9724302887916565, 0.9693282842636108, 0.9762425422668457, 0.9794661998748779, 0.9639507532119751, 0.9495212435722351, 0.9883288145065308, 0.9844814538955688, 0.9780831336975098, 0.9827628135681152, 0.9863181114196777]}
{"arm": "explicit_overlap_iem_lambda_0.01", "epoch": 12, "seconds": 37.87738013267517, "learning_rate": 3.272542485937369e-05, "train_loss": 0.03982620919890263, "train_native": 0.02673285483437426, "train_prior": 1.309335470199585, "train_critical": 0.0006660217798056721, "train_spurious": 0.0003500158201301353, "train_missing": 0.0003160059596755368, "macro_dsc": 0.9776347279548645, "macro_iou": 0.9564774632453918, "voe": 0.043522536754608154, "macro_sensitivity": 0.9774470329284668, "macro_specificity": 0.9992824792861938, "overlap_dsc": 0.8692481475429635, "overlap_iou": 0.7687349080925086, "overlap_voe": 0.23126509190749145, "overlap_nsd_2px": 0.8745006474848969, "overlap_msd_px": 1.1687195064742821, "overlap_msd_fail_rate": 0.0, "pair_overlap_dsc": [0.891441822052002, 0.9093360900878906, 0.8650224804878235, 0.8893312811851501, 0.9062613844871521, 0.8431909084320068, 0.8204967975616455, 0.8256728649139404, 0.9088891744613647, 0.848645806312561, 0.897140383720398, 0.67709881067276, 0.7600926756858826, 0.7544946670532227, 0.864295244216919, 0.7634214758872986, 0.8223598003387451, 0.4881909191608429, 0.7445113658905029, 0.6416269540786743, 0.7626857161521912, 0.7293856143951416, 0.8456172943115234, 0.8298271894454956], "class_dsc": [0.9766796827316284, 0.9902145266532898, 0.9906673431396484, 0.9731132388114929, 0.968726634979248, 0.9767581820487976, 0.9794024229049683, 0.962772786617279, 0.9489253163337708, 0.9883546233177185, 0.98452228307724, 0.9779416918754578, 0.9827126264572144, 0.9860934019088745]}
{"arm": "explicit_overlap_iem_lambda_0.01", "epoch": 13, "seconds": 36.64872980117798, "learning_rate": 3.0197792270443985e-05, "train_loss": 0.03971148732830496, "train_native": 0.02668865264776875, "train_prior": 1.302283508637372, "train_critical": 0.0006722597893323993, "train_spurious": 0.0003538500361081933, "train_missing": 0.00031840975322420596, "macro_dsc": 0.9777814745903015, "macro_iou": 0.9567567706108093, "voe": 0.043243229389190674, "macro_sensitivity": 0.9774423837661743, "macro_specificity": 0.9992762804031372, "overlap_dsc": 0.870476923076923, "overlap_iou": 0.7706590615727624, "overlap_voe": 0.22934093842723757, "overlap_nsd_2px": 0.8765672678941234, "overlap_msd_px": 1.155513877653289, "overlap_msd_fail_rate": 0.0, "pair_overlap_dsc": [0.8909503817558289, 0.9061089754104614, 0.8687969446182251, 0.8924309015274048, 0.9064957499504089, 0.8380278944969177, 0.8229415416717529, 0.833871603012085, 0.9126861095428467, 0.8490508198738098, 0.8974359035491943, 0.6751605868339539, 0.759357750415802, 0.7568445205688477, 0.8686205148696899, 0.7755342721939087, 0.8293094635009766, 0.46953561902046204, 0.7335683107376099, 0.6444985866546631, 0.7597475647926331, 0.7383086681365967, 0.8426212072372437, 0.8095614314079285], "class_dsc": [0.9764641523361206, 0.9902971982955933, 0.9906153082847595, 0.9733213186264038, 0.9692410230636597, 0.977802574634552, 0.9788181185722351, 0.9625699520111084, 0.9491844773292542, 0.9884278774261475, 0.9845852255821228, 0.9785135388374329, 0.9827316999435425, 0.9863669276237488]}
{"arm": "explicit_overlap_iem_lambda_0.01", "epoch": 14, "seconds": 20.52434754371643, "learning_rate": 2.7613211581691344e-05, "train_loss": 0.0392632299135713, "train_native": 0.0263347757958314, "train_prior": 1.2928454410328585, "train_critical": 0.0006524230786064427, "train_spurious": 0.0003427371925332631, "train_missing": 0.00030968588607317916, "macro_dsc": 0.9777451753616333, "macro_iou": 0.9566841125488281, "voe": 0.043315887451171875, "macro_sensitivity": 0.9766027331352234, "macro_specificity": 0.9993131756782532, "overlap_dsc": 0.8702523830104534, "overlap_iou": 0.77030713997444, "overlap_voe": 0.22969286002556, "overlap_nsd_2px": 0.873529583083488, "overlap_msd_px": 1.1695172935539664, "overlap_msd_fail_rate": 0.0, "pair_overlap_dsc": [0.8956780433654785, 0.9106991291046143, 0.8661046624183655, 0.8901656866073608, 0.904891848564148, 0.8391230702400208, 0.8219502568244934, 0.8279787302017212, 0.9117864966392517, 0.8463267087936401, 0.8936479091644287, 0.6578149199485779, 0.7500280141830444, 0.7550748586654663, 0.8641873002052307, 0.7695050239562988, 0.8344119787216187, 0.4581485986709595, 0.7420649528503418, 0.6435497999191284, 0.744740903377533, 0.6982283592224121, 0.8413197994232178, 0.8150019645690918], "class_dsc": [0.9767648577690125, 0.9902619123458862, 0.9904446005821228, 0.9729881286621094, 0.9689620733261108, 0.9769138097763062, 0.9795063734054565, 0.9638411998748779, 0.9488998651504517, 0.9884018898010254, 0.984047532081604, 0.9783436059951782, 0.9827093482017517, 0.986346960067749]}
{"arm": "explicit_overlap_iem_lambda_0.01", "epoch": 15, "seconds": 21.877240896224976, "learning_rate": 2.500000000000001e-05, "train_loss": 0.03911166593432427, "train_native": 0.026232178912443272, "train_prior": 1.287948733217576, "train_critical": 0.0006491120211105279, "train_spurious": 0.00034172848827030854, "train_missing": 0.0003073835328402195, "macro_dsc": 0.9778251647949219, "macro_iou": 0.9568398594856262, "voe": 0.04316014051437378, "macro_sensitivity": 0.9773589968681335, "macro_specificity": 0.9992994070053101, "overlap_dsc": 0.8713445708496783, "overlap_iou": 0.7720202455988973, "overlap_voe": 0.22797975440110274, "overlap_nsd_2px": 0.8769758713049842, "overlap_msd_px": 1.141683704846089, "overlap_msd_fail_rate": 0.0, "pair_overlap_dsc": [0.8961222767829895, 0.9099547863006592, 0.8655680418014526, 0.8866515755653381, 0.9033896923065186, 0.8426775932312012, 0.8215869665145874, 0.83616703748703, 0.9116803407669067, 0.8438752293586731, 0.8951971530914307, 0.6691991090774536, 0.7645735144615173, 0.7583083510398865, 0.8649022579193115, 0.7697588205337524, 0.8354706168174744, 0.46168044209480286, 0.743637204170227, 0.6442573666572571, 0.7649285197257996, 0.7281553149223328, 0.8510551452636719, 0.8205426335334778], "class_dsc": [0.9769052267074585, 0.9903014302253723, 0.9905699491500854, 0.9731099009513855, 0.9690335988998413, 0.9773821234703064, 0.9794876575469971, 0.964255690574646, 0.9482265114784241, 0.9880226850509644, 0.9843989014625549, 0.9790095090866089, 0.9827353954315186, 0.9861123561859131]}
{"arm": "explicit_overlap_iem_lambda_0.01", "epoch": 16, "seconds": 22.236559629440308, "learning_rate": 2.2386788418308672e-05, "train_loss": 0.0388393078306142, "train_native": 0.026003524266621645, "train_prior": 1.2835783778919894, "train_critical": 0.0006369072694181841, "train_spurious": 0.00033333743653711484, "train_missing": 0.000303569832881069, "macro_dsc": 0.9776450991630554, "macro_iou": 0.9565004110336304, "voe": 0.04349958896636963, "macro_sensitivity": 0.9773499965667725, "macro_specificity": 0.9992756843566895, "overlap_dsc": 0.8702019565163591, "overlap_iou": 0.7702281237939271, "overlap_voe": 0.22977187620607287, "overlap_nsd_2px": 0.8741542015511881, "overlap_msd_px": 1.1685285678669426, "overlap_msd_fail_rate": 0.0, "pair_overlap_dsc": [0.8954502940177917, 0.9104929566383362, 0.8615906238555908, 0.8907361626625061, 0.9031211733818054, 0.8407076001167297, 0.8239688277244568, 0.8250604867935181, 0.9151148200035095, 0.8478610515594482, 0.8959301710128784, 0.6614292860031128, 0.756360650062561, 0.7556390762329102, 0.859174907207489, 0.7701578140258789, 0.815750777721405, 0.48961305618286133, 0.7425000071525574, 0.6441349387168884, 0.7640854716300964, 0.7091088891029358, 0.8495879173278809, 0.8179678320884705], "class_dsc": [0.9763821363449097, 0.9902766346931458, 0.9905651807785034, 0.9732350707054138, 0.9683155417442322, 0.9773566126823425, 0.9797207713127136, 0.9632909893989563, 0.9484302401542664, 0.9884072542190552, 0.9843475222587585, 0.9778152704238892, 0.9823846220970154, 0.9865034222602844]}
{
  "experiment": "R324_RAM_NNUNET_EXPLICIT_OVERLAP_IEM_LAMBDA_0P01",
  "split": "validation",
  "test_used": false,
  "threshold": 0.5,
  "threshold_search": false,
  "prior_weight": 0.01,
  "gradient_ratio_estimate": 1.6,
  "initialization": {
    "source": "outputs/ram_w600/r285_nnunet_overlap_prior/baseline_best.pth",
    "sha256": "3e42fbeb763f6e1fafc80e550c1c630b7fd599ff8cb85f7462ff8b5926475d01",
    "strict_load": true
  },
  "plain_reused_from": "outputs/ram_w600/r324_nnunet_explicit_overlap_iem/result.json",
  "relation_graph_reused_from": "outputs/ram_w600/r324_nnunet_explicit_overlap_iem/overlap_relation_graph.json",
  "plain_best": {
    "arm": "plain",
    "epoch": 6,
    "seconds": 27.06956171989441,
    "learning_rate": 4.522542485937369e-05,
    "train_loss": 0.025380876318496816,
    "train_native": 0.025380876318496816,
    "train_prior": 0.0,
    "train_critical": 0.0,
    "train_spurious": 0.0,
    "train_missing": 0.0,
    "macro_dsc": 0.9780833721160889,
    "macro_iou": 0.9573203921318054,
    "voe": 0.04267960786819458,
    "macro_sensitivity": 0.9755631685256958,
    "macro_specificity": 0.9993612170219421,
    "overlap_dsc": 0.8724306934968478,
    "overlap_iou": 0.7737271313409401,
    "overlap_voe": 0.22627286865905993,
    "overlap_nsd_2px": 0.8793678181577084,
    "overlap_msd_px": 1.1294276333412137,
    "overlap_msd_fail_rate": 0.0,
    "pair_overlap_dsc": [
      0.8970320820808411,
      0.9123667478561401,
      0.8643055558204651,
      0.8905912041664124,
      0.9047374725341797,
      0.8461458683013916,
      0.8197085857391357,
      0.8399131298065186,
      0.914191722869873,
      0.8512365221977234,
      0.8961910009384155,
      0.6688001155853271,
      0.7546429634094238,
      0.7588935494422913,
      0.8613165020942688,
      0.7759746313095093,
      0.840964138507843,
      0.4677318036556244,
      0.743625819683075,
      0.6302056312561035,
      0.7663729786872864,
      0.770926833152771,
      0.8534038662910461,
      0.7947368621826172
    ],
    "class_dsc": [
      0.976729691028595,
      0.9905099272727966,
      0.9907059669494629,
      0.9737881422042847,
      0.9690460562705994,
      0.9770685434341431,
      0.980108380317688,
      0.9643763899803162,
      0.9504578709602356,
      0.9884628653526306,
      0.9847898483276367,
      0.9780464768409729,
      0.9829135537147522,
      0.9861624836921692
    ]
  },
  "prior_best": {
    "arm": "explicit_overlap_iem_lambda_0.01",
    "epoch": 6,
    "seconds": 34.638047218322754,
    "learning_rate": 4.522542485937369e-05,
    "train_loss": 0.04100015120471225,
    "train_native": 0.02734899324091042,
    "train_prior": 1.3651158268311445,
    "train_critical": 0.000700404347937091,
    "train_spurious": 0.00036550769396300213,
    "train_missing": 0.00033489665397408956,
    "macro_dsc": 0.9779477119445801,
    "macro_iou": 0.9570626020431519,
    "voe": 0.042937397956848145,
    "macro_sensitivity": 0.97706538438797,
    "macro_specificity": 0.9993053674697876,
    "overlap_dsc": 0.8718895658128893,
    "overlap_iou": 0.7728763146673501,
    "overlap_voe": 0.22712368533264993,
    "overlap_nsd_2px": 0.8772614325180192,
    "overlap_msd_px": 1.1439554438235273,
    "overlap_msd_fail_rate": 0.0,
    "pair_overlap_dsc": [
      0.8980216383934021,
      0.9125745296478271,
      0.865962028503418,
      0.8908976912498474,
      0.9018443822860718,
      0.8455256223678589,
      0.8206374645233154,
      0.8348891139030457,
      0.913522481918335,
      0.8501961827278137,
      0.8949535489082336,
      0.6716172695159912,
      0.7530107498168945,
      0.7608433961868286,
      0.8636105060577393,
      0.7733909487724304,
      0.8388112783432007,
      0.47608044743537903,
      0.745714008808136,
      0.6357001662254333,
      0.7692416906356812,
      0.7579245567321777,
      0.8525223135948181,
      0.8123524785041809
    ],
    "class_dsc": [
      0.9766032695770264,
      0.9904150366783142,
      0.9906610250473022,
      0.9736582040786743,
      0.9689380526542664,
      0.9770710468292236,
      0.9799818396568298,
      0.9647387266159058,
      0.9498007297515869,
      0.9882956743240356,
      0.9846208095550537,
      0.9778079390525818,
      0.982576847076416,
      0.9860977530479431
    ]
  },
  "plain_val": {
    "macro_dsc": 0.9780833721160889,
    "macro_iou": 0.9573203921318054,
    "voe": 0.04267960786819458,
    "macro_sensitivity": 0.9755631685256958,
    "macro_specificity": 0.9993612170219421,
    "overlap_dsc": 0.8724306934968478,
    "overlap_iou": 0.7737271313409401,
    "overlap_voe": 0.22627286865905993,
    "overlap_nsd_2px": 0.8793678181577084,
    "overlap_msd_px": 1.1294276333412137,
    "overlap_msd_fail_rate": 0.0,
    "pair_overlap_dsc": [
      0.8970320820808411,
      0.9123667478561401,
      0.8643055558204651,
      0.8905912041664124,
      0.9047374725341797,
      0.8461458683013916,
      0.8197085857391357,
      0.8399131298065186,
      0.914191722869873,
      0.8512365221977234,
      0.8961910009384155,
      0.6688001155853271,
      0.7546429634094238,
      0.7588935494422913,
      0.8613165020942688,
      0.7759746313095093,
      0.840964138507843,
      0.4677318036556244,
      0.743625819683075,
      0.6302056312561035,
      0.7663729786872864,
      0.770926833152771,
      0.8534038662910461,
      0.7947368621826172
    ],
    "class_dsc": [
      0.976729691028595,
      0.9905099272727966,
      0.9907059669494629,
      0.9737881422042847,
      0.9690460562705994,
      0.9770685434341431,
      0.980108380317688,
      0.9643763899803162,
      0.9504578709602356,
      0.9884628653526306,
      0.9847898483276367,
      0.9780464768409729,
      0.9829135537147522,
      0.9861624836921692
    ]
  },
  "prior_val": {
    "macro_dsc": 0.9779477119445801,
    "macro_iou": 0.9570626020431519,
    "voe": 0.042937397956848145,
    "macro_sensitivity": 0.97706538438797,
    "macro_specificity": 0.9993053674697876,
    "overlap_dsc": 0.8718895658128893,
    "overlap_iou": 0.7728763146673501,
    "overlap_voe": 0.22712368533264993,
    "overlap_nsd_2px": 0.8772614325180192,
    "overlap_msd_px": 1.1439554438235273,
    "overlap_msd_fail_rate": 0.0,
    "pair_overlap_dsc": [
      0.8980216383934021,
      0.9125745296478271,
      0.865962028503418,
      0.8908976912498474,
      0.9018443822860718,
      0.8455256223678589,
      0.8206374645233154,
      0.8348891139030457,
      0.913522481918335,
      0.8501961827278137,
      0.8949535489082336,
      0.6716172695159912,
      0.7530107498168945,
      0.7608433961868286,
      0.8636105060577393,
      0.7733909487724304,
      0.8388112783432007,
      0.47608044743537903,
      0.745714008808136,
      0.6357001662254333,
      0.7692416906356812,
      0.7579245567321777,
      0.8525223135948181,
      0.8123524785041809
    ],
    "class_dsc": [
      0.9766032695770264,
      0.9904150366783142,
      0.9906610250473022,
      0.9736582040786743,
      0.9689380526542664,
      0.9770710468292236,
      0.9799818396568298,
      0.9647387266159058,
      0.9498007297515869,
      0.9882956743240356,
      0.9846208095550537,
      0.9778079390525818,
      0.982576847076416,
      0.9860977530479431
    ]
  },
  "delta_prior_minus_plain": {
    "macro_dsc": -0.00013566017150878906,
    "macro_iou": -0.00025779008865356445,
    "voe": 0.00025779008865356445,
    "macro_sensitivity": 0.00150221586227417,
    "macro_specificity": -5.5849552154541016e-05,
    "overlap_dsc": -0.00054112768395842,
    "overlap_iou": -0.0008508166735899936,
    "overlap_voe": 0.0008508166735899936,
    "overlap_nsd_2px": -0.0021063856396891234,
    "overlap_msd_px": 0.014527810482313663,
    "overlap_msd_fail_rate": 0.0
  },
  "delta_prior_minus_r324_lambda_0p001": {
    "macro_dsc": -0.00013887882232666016,
    "macro_iou": -0.0002636909484863281,
    "voe": 0.0002636909484863281,
    "macro_sensitivity": 0.0012021660804748535,
    "macro_specificity": -4.571676254272461e-05,
    "overlap_dsc": -0.0005601403401265248,
    "overlap_iou": -0.0008807245143324094,
    "overlap_voe": 0.0008807245143324094,
    "overlap_nsd_2px": -0.002012394143795948,
    "overlap_msd_px": 0.014845299694210778,
    "overlap_msd_fail_rate": 0.0
  },
  "checkpoint": "outputs/ram_w600/r324_lambda010_nnunet_explicit_overlap_iem/explicit_overlap_iem_lambda_0.01_best.pth",
  "config": {
    "dataset_root": "data/remote_variants/RAM-W600",
    "baseline_checkpoint": "outputs/ram_w600/r285_nnunet_overlap_prior/baseline_best.pth",
    "plain_result": "outputs/ram_w600/r324_nnunet_explicit_overlap_iem/result.json",
    "relation_graph": "outputs/ram_w600/r324_nnunet_explicit_overlap_iem/overlap_relation_graph.json",
    "output": "outputs/ram_w600/r324_lambda010_nnunet_explicit_overlap_iem",
    "prior_weight": 0.01,
    "epochs": 30,
    "min_epochs": 15,
    "patience": 10,
    "learning_rate": 5e-05,
    "size": 384,
    "seed": 3241
  }
}
