bg_proxy_min,adj_bg_min,bg_delta_max,fg_delta_max,action_frac_max,ring_bg_min,max_area,accepted,accepted_images,useful,risk,safe_channel,overerosion,mean_delta_dice,mean_delta_recall,mean_delta_boundary_iou,mean_delta_boundary_f1,mean_delta_gap_region_fp_rate,mean_delta_component_count_mae,mean_cut_gt_fg_frac,mean_cut_gt_gap_frac,useful_rate,risk_rate
0.0,0,-1,0,0.5,0.0,32,1,1,1,0,1,0,0.0001157909730267,0.0,0.0005458213153223,0.0007708649766803,-0.0007860752386299,0.0,0.0,1.0,1.0,0.0
0.0,0,-1,0,0.5,0.0,64,1,1,1,0,1,0,0.0001157909730267,0.0,0.0005458213153223,0.0007708649766803,-0.0007860752386299,0.0,0.0,1.0,1.0,0.0
0.0,0,-1,0,0.5,0.0,128,1,1,1,0,1,0,0.0001157909730267,0.0,0.0005458213153223,0.0007708649766803,-0.0007860752386299,0.0,0.0,1.0,1.0,0.0
0.0,0,-1,0,0.5,0.0,999999,1,1,1,0,1,0,0.0001157909730267,0.0,0.0005458213153223,0.0007708649766803,-0.0007860752386299,0.0,0.0,1.0,1.0,0.0
0.0,0,-1,0,0.5,0.25,32,1,1,1,0,1,0,0.0001157909730267,0.0,0.0005458213153223,0.0007708649766803,-0.0007860752386299,0.0,0.0,1.0,1.0,0.0
0.0,0,-1,0,0.5,0.25,64,1,1,1,0,1,0,0.0001157909730267,0.0,0.0005458213153223,0.0007708649766803,-0.0007860752386299,0.0,0.0,1.0,1.0,0.0
0.0,0,-1,0,0.5,0.25,128,1,1,1,0,1,0,0.0001157909730267,0.0,0.0005458213153223,0.0007708649766803,-0.0007860752386299,0.0,0.0,1.0,1.0,0.0
0.0,0,-1,0,0.5,0.25,999999,1,1,1,0,1,0,0.0001157909730267,0.0,0.0005458213153223,0.0007708649766803,-0.0007860752386299,0.0,0.0,1.0,1.0,0.0
0.0,0,-1,0,0.5,0.35,32,1,1,1,0,1,0,0.0001157909730267,0.0,0.0005458213153223,0.0007708649766803,-0.0007860752386299,0.0,0.0,1.0,1.0,0.0
0.0,0,-1,0,0.5,0.35,64,1,1,1,0,1,0,0.0001157909730267,0.0,0.0005458213153223,0.0007708649766803,-0.0007860752386299,0.0,0.0,1.0,1.0,0.0
0.0,0,-1,0,0.5,0.35,128,1,1,1,0,1,0,0.0001157909730267,0.0,0.0005458213153223,0.0007708649766803,-0.0007860752386299,0.0,0.0,1.0,1.0,0.0
0.0,0,-1,0,0.5,0.35,999999,1,1,1,0,1,0,0.0001157909730267,0.0,0.0005458213153223,0.0007708649766803,-0.0007860752386299,0.0,0.0,1.0,1.0,0.0
0.0,0,-1,0,0.75,0.0,32,1,1,1,0,1,0,0.0001157909730267,0.0,0.0005458213153223,0.0007708649766803,-0.0007860752386299,0.0,0.0,1.0,1.0,0.0
0.0,0,-1,0,0.75,0.0,64,1,1,1,0,1,0,0.0001157909730267,0.0,0.0005458213153223,0.0007708649766803,-0.0007860752386299,0.0,0.0,1.0,1.0,0.0
0.0,0,-1,0,0.75,0.0,128,1,1,1,0,1,0,0.0001157909730267,0.0,0.0005458213153223,0.0007708649766803,-0.0007860752386299,0.0,0.0,1.0,1.0,0.0
0.0,0,-1,0,0.75,0.0,999999,1,1,1,0,1,0,0.0001157909730267,0.0,0.0005458213153223,0.0007708649766803,-0.0007860752386299,0.0,0.0,1.0,1.0,0.0
0.0,0,-1,0,0.75,0.25,32,1,1,1,0,1,0,0.0001157909730267,0.0,0.0005458213153223,0.0007708649766803,-0.0007860752386299,0.0,0.0,1.0,1.0,0.0
0.0,0,-1,0,0.75,0.25,64,1,1,1,0,1,0,0.0001157909730267,0.0,0.0005458213153223,0.0007708649766803,-0.0007860752386299,0.0,0.0,1.0,1.0,0.0
0.0,0,-1,0,0.75,0.25,128,1,1,1,0,1,0,0.0001157909730267,0.0,0.0005458213153223,0.0007708649766803,-0.0007860752386299,0.0,0.0,1.0,1.0,0.0
0.0,0,-1,0,0.75,0.25,999999,1,1,1,0,1,0,0.0001157909730267,0.0,0.0005458213153223,0.0007708649766803,-0.0007860752386299,0.0,0.0,1.0,1.0,0.0
0.0,0,-1,0,0.75,0.35,32,1,1,1,0,1,0,0.0001157909730267,0.0,0.0005458213153223,0.0007708649766803,-0.0007860752386299,0.0,0.0,1.0,1.0,0.0
0.0,0,-1,0,0.75,0.35,64,1,1,1,0,1,0,0.0001157909730267,0.0,0.0005458213153223,0.0007708649766803,-0.0007860752386299,0.0,0.0,1.0,1.0,0.0
0.0,0,-1,0,0.75,0.35,128,1,1,1,0,1,0,0.0001157909730267,0.0,0.0005458213153223,0.0007708649766803,-0.0007860752386299,0.0,0.0,1.0,1.0,0.0
0.0,0,-1,0,0.75,0.35,999999,1,1,1,0,1,0,0.0001157909730267,0.0,0.0005458213153223,0.0007708649766803,-0.0007860752386299,0.0,0.0,1.0,1.0,0.0
0.0,0,-1,0,1.0,0.0,32,1,1,1,0,1,0,0.0001157909730267,0.0,0.0005458213153223,0.0007708649766803,-0.0007860752386299,0.0,0.0,1.0,1.0,0.0
0.0,0,-1,0,1.0,0.0,64,1,1,1,0,1,0,0.0001157909730267,0.0,0.0005458213153223,0.0007708649766803,-0.0007860752386299,0.0,0.0,1.0,1.0,0.0
0.0,0,-1,0,1.0,0.0,128,1,1,1,0,1,0,0.0001157909730267,0.0,0.0005458213153223,0.0007708649766803,-0.0007860752386299,0.0,0.0,1.0,1.0,0.0
0.0,0,-1,0,1.0,0.0,999999,1,1,1,0,1,0,0.0001157909730267,0.0,0.0005458213153223,0.0007708649766803,-0.0007860752386299,0.0,0.0,1.0,1.0,0.0
0.0,0,-1,0,1.0,0.25,32,1,1,1,0,1,0,0.0001157909730267,0.0,0.0005458213153223,0.0007708649766803,-0.0007860752386299,0.0,0.0,1.0,1.0,0.0
0.0,0,-1,0,1.0,0.25,64,1,1,1,0,1,0,0.0001157909730267,0.0,0.0005458213153223,0.0007708649766803,-0.0007860752386299,0.0,0.0,1.0,1.0,0.0
0.0,0,-1,0,1.0,0.25,128,1,1,1,0,1,0,0.0001157909730267,0.0,0.0005458213153223,0.0007708649766803,-0.0007860752386299,0.0,0.0,1.0,1.0,0.0
0.0,0,-1,0,1.0,0.25,999999,1,1,1,0,1,0,0.0001157909730267,0.0,0.0005458213153223,0.0007708649766803,-0.0007860752386299,0.0,0.0,1.0,1.0,0.0
0.0,0,-1,0,1.0,0.35,32,1,1,1,0,1,0,0.0001157909730267,0.0,0.0005458213153223,0.0007708649766803,-0.0007860752386299,0.0,0.0,1.0,1.0,0.0
0.0,0,-1,0,1.0,0.35,64,1,1,1,0,1,0,0.0001157909730267,0.0,0.0005458213153223,0.0007708649766803,-0.0007860752386299,0.0,0.0,1.0,1.0,0.0
0.0,0,-1,0,1.0,0.35,128,1,1,1,0,1,0,0.0001157909730267,0.0,0.0005458213153223,0.0007708649766803,-0.0007860752386299,0.0,0.0,1.0,1.0,0.0
0.0,0,-1,0,1.0,0.35,999999,1,1,1,0,1,0,0.0001157909730267,0.0,0.0005458213153223,0.0007708649766803,-0.0007860752386299,0.0,0.0,1.0,1.0,0.0
0.0,0,-1,1,0.5,0.0,32,1,1,1,0,1,0,0.0001157909730267,0.0,0.0005458213153223,0.0007708649766803,-0.0007860752386299,0.0,0.0,1.0,1.0,0.0
0.0,0,-1,1,0.5,0.0,64,1,1,1,0,1,0,0.0001157909730267,0.0,0.0005458213153223,0.0007708649766803,-0.0007860752386299,0.0,0.0,1.0,1.0,0.0
0.0,0,-1,1,0.5,0.0,128,1,1,1,0,1,0,0.0001157909730267,0.0,0.0005458213153223,0.0007708649766803,-0.0007860752386299,0.0,0.0,1.0,1.0,0.0
0.0,0,-1,1,0.5,0.0,999999,1,1,1,0,1,0,0.0001157909730267,0.0,0.0005458213153223,0.0007708649766803,-0.0007860752386299,0.0,0.0,1.0,1.0,0.0
0.0,0,-1,1,0.5,0.25,32,1,1,1,0,1,0,0.0001157909730267,0.0,0.0005458213153223,0.0007708649766803,-0.0007860752386299,0.0,0.0,1.0,1.0,0.0
0.0,0,-1,1,0.5,0.25,64,1,1,1,0,1,0,0.0001157909730267,0.0,0.0005458213153223,0.0007708649766803,-0.0007860752386299,0.0,0.0,1.0,1.0,0.0
0.0,0,-1,1,0.5,0.25,128,1,1,1,0,1,0,0.0001157909730267,0.0,0.0005458213153223,0.0007708649766803,-0.0007860752386299,0.0,0.0,1.0,1.0,0.0
0.0,0,-1,1,0.5,0.25,999999,1,1,1,0,1,0,0.0001157909730267,0.0,0.0005458213153223,0.0007708649766803,-0.0007860752386299,0.0,0.0,1.0,1.0,0.0
0.0,0,-1,1,0.5,0.35,32,1,1,1,0,1,0,0.0001157909730267,0.0,0.0005458213153223,0.0007708649766803,-0.0007860752386299,0.0,0.0,1.0,1.0,0.0
0.0,0,-1,1,0.5,0.35,64,1,1,1,0,1,0,0.0001157909730267,0.0,0.0005458213153223,0.0007708649766803,-0.0007860752386299,0.0,0.0,1.0,1.0,0.0
0.0,0,-1,1,0.5,0.35,128,1,1,1,0,1,0,0.0001157909730267,0.0,0.0005458213153223,0.0007708649766803,-0.0007860752386299,0.0,0.0,1.0,1.0,0.0
0.0,0,-1,1,0.5,0.35,999999,1,1,1,0,1,0,0.0001157909730267,0.0,0.0005458213153223,0.0007708649766803,-0.0007860752386299,0.0,0.0,1.0,1.0,0.0
0.0,0,-1,1,0.75,0.0,32,1,1,1,0,1,0,0.0001157909730267,0.0,0.0005458213153223,0.0007708649766803,-0.0007860752386299,0.0,0.0,1.0,1.0,0.0
0.0,0,-1,1,0.75,0.0,64,1,1,1,0,1,0,0.0001157909730267,0.0,0.0005458213153223,0.0007708649766803,-0.0007860752386299,0.0,0.0,1.0,1.0,0.0
0.0,0,-1,1,0.75,0.0,128,1,1,1,0,1,0,0.0001157909730267,0.0,0.0005458213153223,0.0007708649766803,-0.0007860752386299,0.0,0.0,1.0,1.0,0.0
0.0,0,-1,1,0.75,0.0,999999,1,1,1,0,1,0,0.0001157909730267,0.0,0.0005458213153223,0.0007708649766803,-0.0007860752386299,0.0,0.0,1.0,1.0,0.0
0.0,0,-1,1,0.75,0.25,32,1,1,1,0,1,0,0.0001157909730267,0.0,0.0005458213153223,0.0007708649766803,-0.0007860752386299,0.0,0.0,1.0,1.0,0.0
0.0,0,-1,1,0.75,0.25,64,1,1,1,0,1,0,0.0001157909730267,0.0,0.0005458213153223,0.0007708649766803,-0.0007860752386299,0.0,0.0,1.0,1.0,0.0
0.0,0,-1,1,0.75,0.25,128,1,1,1,0,1,0,0.0001157909730267,0.0,0.0005458213153223,0.0007708649766803,-0.0007860752386299,0.0,0.0,1.0,1.0,0.0
0.0,0,-1,1,0.75,0.25,999999,1,1,1,0,1,0,0.0001157909730267,0.0,0.0005458213153223,0.0007708649766803,-0.0007860752386299,0.0,0.0,1.0,1.0,0.0
0.0,0,-1,1,0.75,0.35,32,1,1,1,0,1,0,0.0001157909730267,0.0,0.0005458213153223,0.0007708649766803,-0.0007860752386299,0.0,0.0,1.0,1.0,0.0
0.0,0,-1,1,0.75,0.35,64,1,1,1,0,1,0,0.0001157909730267,0.0,0.0005458213153223,0.0007708649766803,-0.0007860752386299,0.0,0.0,1.0,1.0,0.0
0.0,0,-1,1,0.75,0.35,128,1,1,1,0,1,0,0.0001157909730267,0.0,0.0005458213153223,0.0007708649766803,-0.0007860752386299,0.0,0.0,1.0,1.0,0.0
0.0,0,-1,1,0.75,0.35,999999,1,1,1,0,1,0,0.0001157909730267,0.0,0.0005458213153223,0.0007708649766803,-0.0007860752386299,0.0,0.0,1.0,1.0,0.0
0.0,0,-1,1,1.0,0.0,32,1,1,1,0,1,0,0.0001157909730267,0.0,0.0005458213153223,0.0007708649766803,-0.0007860752386299,0.0,0.0,1.0,1.0,0.0
0.0,0,-1,1,1.0,0.0,64,1,1,1,0,1,0,0.0001157909730267,0.0,0.0005458213153223,0.0007708649766803,-0.0007860752386299,0.0,0.0,1.0,1.0,0.0
0.0,0,-1,1,1.0,0.0,128,1,1,1,0,1,0,0.0001157909730267,0.0,0.0005458213153223,0.0007708649766803,-0.0007860752386299,0.0,0.0,1.0,1.0,0.0
0.0,0,-1,1,1.0,0.0,999999,1,1,1,0,1,0,0.0001157909730267,0.0,0.0005458213153223,0.0007708649766803,-0.0007860752386299,0.0,0.0,1.0,1.0,0.0
0.0,0,-1,1,1.0,0.25,32,1,1,1,0,1,0,0.0001157909730267,0.0,0.0005458213153223,0.0007708649766803,-0.0007860752386299,0.0,0.0,1.0,1.0,0.0
0.0,0,-1,1,1.0,0.25,64,1,1,1,0,1,0,0.0001157909730267,0.0,0.0005458213153223,0.0007708649766803,-0.0007860752386299,0.0,0.0,1.0,1.0,0.0
0.0,0,-1,1,1.0,0.25,128,1,1,1,0,1,0,0.0001157909730267,0.0,0.0005458213153223,0.0007708649766803,-0.0007860752386299,0.0,0.0,1.0,1.0,0.0
0.0,0,-1,1,1.0,0.25,999999,1,1,1,0,1,0,0.0001157909730267,0.0,0.0005458213153223,0.0007708649766803,-0.0007860752386299,0.0,0.0,1.0,1.0,0.0
0.0,0,-1,1,1.0,0.35,32,1,1,1,0,1,0,0.0001157909730267,0.0,0.0005458213153223,0.0007708649766803,-0.0007860752386299,0.0,0.0,1.0,1.0,0.0
0.0,0,-1,1,1.0,0.35,64,1,1,1,0,1,0,0.0001157909730267,0.0,0.0005458213153223,0.0007708649766803,-0.0007860752386299,0.0,0.0,1.0,1.0,0.0
0.0,0,-1,1,1.0,0.35,128,1,1,1,0,1,0,0.0001157909730267,0.0,0.0005458213153223,0.0007708649766803,-0.0007860752386299,0.0,0.0,1.0,1.0,0.0
0.0,0,-1,1,1.0,0.35,999999,1,1,1,0,1,0,0.0001157909730267,0.0,0.0005458213153223,0.0007708649766803,-0.0007860752386299,0.0,0.0,1.0,1.0,0.0
0.0,0,-1,999,0.5,0.0,32,1,1,1,0,1,0,0.0001157909730267,0.0,0.0005458213153223,0.0007708649766803,-0.0007860752386299,0.0,0.0,1.0,1.0,0.0
0.0,0,-1,999,0.5,0.0,64,1,1,1,0,1,0,0.0001157909730267,0.0,0.0005458213153223,0.0007708649766803,-0.0007860752386299,0.0,0.0,1.0,1.0,0.0
0.0,0,-1,999,0.5,0.0,128,1,1,1,0,1,0,0.0001157909730267,0.0,0.0005458213153223,0.0007708649766803,-0.0007860752386299,0.0,0.0,1.0,1.0,0.0
0.0,0,-1,999,0.5,0.0,999999,1,1,1,0,1,0,0.0001157909730267,0.0,0.0005458213153223,0.0007708649766803,-0.0007860752386299,0.0,0.0,1.0,1.0,0.0
0.0,0,-1,999,0.5,0.25,32,1,1,1,0,1,0,0.0001157909730267,0.0,0.0005458213153223,0.0007708649766803,-0.0007860752386299,0.0,0.0,1.0,1.0,0.0
0.0,0,-1,999,0.5,0.25,64,1,1,1,0,1,0,0.0001157909730267,0.0,0.0005458213153223,0.0007708649766803,-0.0007860752386299,0.0,0.0,1.0,1.0,0.0
0.0,0,-1,999,0.5,0.25,128,1,1,1,0,1,0,0.0001157909730267,0.0,0.0005458213153223,0.0007708649766803,-0.0007860752386299,0.0,0.0,1.0,1.0,0.0
0.0,0,-1,999,0.5,0.25,999999,1,1,1,0,1,0,0.0001157909730267,0.0,0.0005458213153223,0.0007708649766803,-0.0007860752386299,0.0,0.0,1.0,1.0,0.0
0.0,0,-1,999,0.5,0.35,32,1,1,1,0,1,0,0.0001157909730267,0.0,0.0005458213153223,0.0007708649766803,-0.0007860752386299,0.0,0.0,1.0,1.0,0.0
0.0,0,-1,999,0.5,0.35,64,1,1,1,0,1,0,0.0001157909730267,0.0,0.0005458213153223,0.0007708649766803,-0.0007860752386299,0.0,0.0,1.0,1.0,0.0
0.0,0,-1,999,0.5,0.35,128,1,1,1,0,1,0,0.0001157909730267,0.0,0.0005458213153223,0.0007708649766803,-0.0007860752386299,0.0,0.0,1.0,1.0,0.0
0.0,0,-1,999,0.5,0.35,999999,1,1,1,0,1,0,0.0001157909730267,0.0,0.0005458213153223,0.0007708649766803,-0.0007860752386299,0.0,0.0,1.0,1.0,0.0
0.0,0,-1,999,0.75,0.0,32,1,1,1,0,1,0,0.0001157909730267,0.0,0.0005458213153223,0.0007708649766803,-0.0007860752386299,0.0,0.0,1.0,1.0,0.0
0.0,0,-1,999,0.75,0.0,64,1,1,1,0,1,0,0.0001157909730267,0.0,0.0005458213153223,0.0007708649766803,-0.0007860752386299,0.0,0.0,1.0,1.0,0.0
0.0,0,-1,999,0.75,0.0,128,1,1,1,0,1,0,0.0001157909730267,0.0,0.0005458213153223,0.0007708649766803,-0.0007860752386299,0.0,0.0,1.0,1.0,0.0
0.0,0,-1,999,0.75,0.0,999999,1,1,1,0,1,0,0.0001157909730267,0.0,0.0005458213153223,0.0007708649766803,-0.0007860752386299,0.0,0.0,1.0,1.0,0.0
0.0,0,-1,999,0.75,0.25,32,1,1,1,0,1,0,0.0001157909730267,0.0,0.0005458213153223,0.0007708649766803,-0.0007860752386299,0.0,0.0,1.0,1.0,0.0
0.0,0,-1,999,0.75,0.25,64,1,1,1,0,1,0,0.0001157909730267,0.0,0.0005458213153223,0.0007708649766803,-0.0007860752386299,0.0,0.0,1.0,1.0,0.0
0.0,0,-1,999,0.75,0.25,128,1,1,1,0,1,0,0.0001157909730267,0.0,0.0005458213153223,0.0007708649766803,-0.0007860752386299,0.0,0.0,1.0,1.0,0.0
0.0,0,-1,999,0.75,0.25,999999,1,1,1,0,1,0,0.0001157909730267,0.0,0.0005458213153223,0.0007708649766803,-0.0007860752386299,0.0,0.0,1.0,1.0,0.0
0.0,0,-1,999,0.75,0.35,32,1,1,1,0,1,0,0.0001157909730267,0.0,0.0005458213153223,0.0007708649766803,-0.0007860752386299,0.0,0.0,1.0,1.0,0.0
0.0,0,-1,999,0.75,0.35,64,1,1,1,0,1,0,0.0001157909730267,0.0,0.0005458213153223,0.0007708649766803,-0.0007860752386299,0.0,0.0,1.0,1.0,0.0
0.0,0,-1,999,0.75,0.35,128,1,1,1,0,1,0,0.0001157909730267,0.0,0.0005458213153223,0.0007708649766803,-0.0007860752386299,0.0,0.0,1.0,1.0,0.0
0.0,0,-1,999,0.75,0.35,999999,1,1,1,0,1,0,0.0001157909730267,0.0,0.0005458213153223,0.0007708649766803,-0.0007860752386299,0.0,0.0,1.0,1.0,0.0
0.0,0,-1,999,1.0,0.0,32,1,1,1,0,1,0,0.0001157909730267,0.0,0.0005458213153223,0.0007708649766803,-0.0007860752386299,0.0,0.0,1.0,1.0,0.0
0.0,0,-1,999,1.0,0.0,64,1,1,1,0,1,0,0.0001157909730267,0.0,0.0005458213153223,0.0007708649766803,-0.0007860752386299,0.0,0.0,1.0,1.0,0.0
0.0,0,-1,999,1.0,0.0,128,1,1,1,0,1,0,0.0001157909730267,0.0,0.0005458213153223,0.0007708649766803,-0.0007860752386299,0.0,0.0,1.0,1.0,0.0
0.0,0,-1,999,1.0,0.0,999999,1,1,1,0,1,0,0.0001157909730267,0.0,0.0005458213153223,0.0007708649766803,-0.0007860752386299,0.0,0.0,1.0,1.0,0.0
0.0,0,-1,999,1.0,0.25,32,1,1,1,0,1,0,0.0001157909730267,0.0,0.0005458213153223,0.0007708649766803,-0.0007860752386299,0.0,0.0,1.0,1.0,0.0
0.0,0,-1,999,1.0,0.25,64,1,1,1,0,1,0,0.0001157909730267,0.0,0.0005458213153223,0.0007708649766803,-0.0007860752386299,0.0,0.0,1.0,1.0,0.0
0.0,0,-1,999,1.0,0.25,128,1,1,1,0,1,0,0.0001157909730267,0.0,0.0005458213153223,0.0007708649766803,-0.0007860752386299,0.0,0.0,1.0,1.0,0.0
0.0,0,-1,999,1.0,0.25,999999,1,1,1,0,1,0,0.0001157909730267,0.0,0.0005458213153223,0.0007708649766803,-0.0007860752386299,0.0,0.0,1.0,1.0,0.0
0.0,0,-1,999,1.0,0.35,32,1,1,1,0,1,0,0.0001157909730267,0.0,0.0005458213153223,0.0007708649766803,-0.0007860752386299,0.0,0.0,1.0,1.0,0.0
0.0,0,-1,999,1.0,0.35,64,1,1,1,0,1,0,0.0001157909730267,0.0,0.0005458213153223,0.0007708649766803,-0.0007860752386299,0.0,0.0,1.0,1.0,0.0
0.0,0,-1,999,1.0,0.35,128,1,1,1,0,1,0,0.0001157909730267,0.0,0.0005458213153223,0.0007708649766803,-0.0007860752386299,0.0,0.0,1.0,1.0,0.0
0.0,0,-1,999,1.0,0.35,999999,1,1,1,0,1,0,0.0001157909730267,0.0,0.0005458213153223,0.0007708649766803,-0.0007860752386299,0.0,0.0,1.0,1.0,0.0
0.0,1,-1,0,0.5,0.0,32,1,1,1,0,1,0,0.0001157909730267,0.0,0.0005458213153223,0.0007708649766803,-0.0007860752386299,0.0,0.0,1.0,1.0,0.0
0.0,1,-1,0,0.5,0.0,64,1,1,1,0,1,0,0.0001157909730267,0.0,0.0005458213153223,0.0007708649766803,-0.0007860752386299,0.0,0.0,1.0,1.0,0.0
0.0,1,-1,0,0.5,0.0,128,1,1,1,0,1,0,0.0001157909730267,0.0,0.0005458213153223,0.0007708649766803,-0.0007860752386299,0.0,0.0,1.0,1.0,0.0
0.0,1,-1,0,0.5,0.0,999999,1,1,1,0,1,0,0.0001157909730267,0.0,0.0005458213153223,0.0007708649766803,-0.0007860752386299,0.0,0.0,1.0,1.0,0.0
0.0,1,-1,0,0.5,0.25,32,1,1,1,0,1,0,0.0001157909730267,0.0,0.0005458213153223,0.0007708649766803,-0.0007860752386299,0.0,0.0,1.0,1.0,0.0
0.0,1,-1,0,0.5,0.25,64,1,1,1,0,1,0,0.0001157909730267,0.0,0.0005458213153223,0.0007708649766803,-0.0007860752386299,0.0,0.0,1.0,1.0,0.0
0.0,1,-1,0,0.5,0.25,128,1,1,1,0,1,0,0.0001157909730267,0.0,0.0005458213153223,0.0007708649766803,-0.0007860752386299,0.0,0.0,1.0,1.0,0.0
0.0,1,-1,0,0.5,0.25,999999,1,1,1,0,1,0,0.0001157909730267,0.0,0.0005458213153223,0.0007708649766803,-0.0007860752386299,0.0,0.0,1.0,1.0,0.0
0.0,1,-1,0,0.5,0.35,32,1,1,1,0,1,0,0.0001157909730267,0.0,0.0005458213153223,0.0007708649766803,-0.0007860752386299,0.0,0.0,1.0,1.0,0.0
0.0,1,-1,0,0.5,0.35,64,1,1,1,0,1,0,0.0001157909730267,0.0,0.0005458213153223,0.0007708649766803,-0.0007860752386299,0.0,0.0,1.0,1.0,0.0
0.0,1,-1,0,0.5,0.35,128,1,1,1,0,1,0,0.0001157909730267,0.0,0.0005458213153223,0.0007708649766803,-0.0007860752386299,0.0,0.0,1.0,1.0,0.0
0.0,1,-1,0,0.5,0.35,999999,1,1,1,0,1,0,0.0001157909730267,0.0,0.0005458213153223,0.0007708649766803,-0.0007860752386299,0.0,0.0,1.0,1.0,0.0
0.0,1,-1,0,0.75,0.0,32,1,1,1,0,1,0,0.0001157909730267,0.0,0.0005458213153223,0.0007708649766803,-0.0007860752386299,0.0,0.0,1.0,1.0,0.0
0.0,1,-1,0,0.75,0.0,64,1,1,1,0,1,0,0.0001157909730267,0.0,0.0005458213153223,0.0007708649766803,-0.0007860752386299,0.0,0.0,1.0,1.0,0.0
0.0,1,-1,0,0.75,0.0,128,1,1,1,0,1,0,0.0001157909730267,0.0,0.0005458213153223,0.0007708649766803,-0.0007860752386299,0.0,0.0,1.0,1.0,0.0
0.0,1,-1,0,0.75,0.0,999999,1,1,1,0,1,0,0.0001157909730267,0.0,0.0005458213153223,0.0007708649766803,-0.0007860752386299,0.0,0.0,1.0,1.0,0.0
0.0,1,-1,0,0.75,0.25,32,1,1,1,0,1,0,0.0001157909730267,0.0,0.0005458213153223,0.0007708649766803,-0.0007860752386299,0.0,0.0,1.0,1.0,0.0
0.0,1,-1,0,0.75,0.25,64,1,1,1,0,1,0,0.0001157909730267,0.0,0.0005458213153223,0.0007708649766803,-0.0007860752386299,0.0,0.0,1.0,1.0,0.0
0.0,1,-1,0,0.75,0.25,128,1,1,1,0,1,0,0.0001157909730267,0.0,0.0005458213153223,0.0007708649766803,-0.0007860752386299,0.0,0.0,1.0,1.0,0.0
0.0,1,-1,0,0.75,0.25,999999,1,1,1,0,1,0,0.0001157909730267,0.0,0.0005458213153223,0.0007708649766803,-0.0007860752386299,0.0,0.0,1.0,1.0,0.0
0.0,1,-1,0,0.75,0.35,32,1,1,1,0,1,0,0.0001157909730267,0.0,0.0005458213153223,0.0007708649766803,-0.0007860752386299,0.0,0.0,1.0,1.0,0.0
0.0,1,-1,0,0.75,0.35,64,1,1,1,0,1,0,0.0001157909730267,0.0,0.0005458213153223,0.0007708649766803,-0.0007860752386299,0.0,0.0,1.0,1.0,0.0
0.0,1,-1,0,0.75,0.35,128,1,1,1,0,1,0,0.0001157909730267,0.0,0.0005458213153223,0.0007708649766803,-0.0007860752386299,0.0,0.0,1.0,1.0,0.0
0.0,1,-1,0,0.75,0.35,999999,1,1,1,0,1,0,0.0001157909730267,0.0,0.0005458213153223,0.0007708649766803,-0.0007860752386299,0.0,0.0,1.0,1.0,0.0
0.0,1,-1,0,1.0,0.0,32,1,1,1,0,1,0,0.0001157909730267,0.0,0.0005458213153223,0.0007708649766803,-0.0007860752386299,0.0,0.0,1.0,1.0,0.0
0.0,1,-1,0,1.0,0.0,64,1,1,1,0,1,0,0.0001157909730267,0.0,0.0005458213153223,0.0007708649766803,-0.0007860752386299,0.0,0.0,1.0,1.0,0.0
0.0,1,-1,0,1.0,0.0,128,1,1,1,0,1,0,0.0001157909730267,0.0,0.0005458213153223,0.0007708649766803,-0.0007860752386299,0.0,0.0,1.0,1.0,0.0
0.0,1,-1,0,1.0,0.0,999999,1,1,1,0,1,0,0.0001157909730267,0.0,0.0005458213153223,0.0007708649766803,-0.0007860752386299,0.0,0.0,1.0,1.0,0.0
0.0,1,-1,0,1.0,0.25,32,1,1,1,0,1,0,0.0001157909730267,0.0,0.0005458213153223,0.0007708649766803,-0.0007860752386299,0.0,0.0,1.0,1.0,0.0
0.0,1,-1,0,1.0,0.25,64,1,1,1,0,1,0,0.0001157909730267,0.0,0.0005458213153223,0.0007708649766803,-0.0007860752386299,0.0,0.0,1.0,1.0,0.0
0.0,1,-1,0,1.0,0.25,128,1,1,1,0,1,0,0.0001157909730267,0.0,0.0005458213153223,0.0007708649766803,-0.0007860752386299,0.0,0.0,1.0,1.0,0.0
0.0,1,-1,0,1.0,0.25,999999,1,1,1,0,1,0,0.0001157909730267,0.0,0.0005458213153223,0.0007708649766803,-0.0007860752386299,0.0,0.0,1.0,1.0,0.0
0.0,1,-1,0,1.0,0.35,32,1,1,1,0,1,0,0.0001157909730267,0.0,0.0005458213153223,0.0007708649766803,-0.0007860752386299,0.0,0.0,1.0,1.0,0.0
0.0,1,-1,0,1.0,0.35,64,1,1,1,0,1,0,0.0001157909730267,0.0,0.0005458213153223,0.0007708649766803,-0.0007860752386299,0.0,0.0,1.0,1.0,0.0
0.0,1,-1,0,1.0,0.35,128,1,1,1,0,1,0,0.0001157909730267,0.0,0.0005458213153223,0.0007708649766803,-0.0007860752386299,0.0,0.0,1.0,1.0,0.0
0.0,1,-1,0,1.0,0.35,999999,1,1,1,0,1,0,0.0001157909730267,0.0,0.0005458213153223,0.0007708649766803,-0.0007860752386299,0.0,0.0,1.0,1.0,0.0
0.0,1,-1,1,0.5,0.0,32,1,1,1,0,1,0,0.0001157909730267,0.0,0.0005458213153223,0.0007708649766803,-0.0007860752386299,0.0,0.0,1.0,1.0,0.0
0.0,1,-1,1,0.5,0.0,64,1,1,1,0,1,0,0.0001157909730267,0.0,0.0005458213153223,0.0007708649766803,-0.0007860752386299,0.0,0.0,1.0,1.0,0.0
0.0,1,-1,1,0.5,0.0,128,1,1,1,0,1,0,0.0001157909730267,0.0,0.0005458213153223,0.0007708649766803,-0.0007860752386299,0.0,0.0,1.0,1.0,0.0
0.0,1,-1,1,0.5,0.0,999999,1,1,1,0,1,0,0.0001157909730267,0.0,0.0005458213153223,0.0007708649766803,-0.0007860752386299,0.0,0.0,1.0,1.0,0.0
0.0,1,-1,1,0.5,0.25,32,1,1,1,0,1,0,0.0001157909730267,0.0,0.0005458213153223,0.0007708649766803,-0.0007860752386299,0.0,0.0,1.0,1.0,0.0
0.0,1,-1,1,0.5,0.25,64,1,1,1,0,1,0,0.0001157909730267,0.0,0.0005458213153223,0.0007708649766803,-0.0007860752386299,0.0,0.0,1.0,1.0,0.0
0.0,1,-1,1,0.5,0.25,128,1,1,1,0,1,0,0.0001157909730267,0.0,0.0005458213153223,0.0007708649766803,-0.0007860752386299,0.0,0.0,1.0,1.0,0.0
0.0,1,-1,1,0.5,0.25,999999,1,1,1,0,1,0,0.0001157909730267,0.0,0.0005458213153223,0.0007708649766803,-0.0007860752386299,0.0,0.0,1.0,1.0,0.0
0.0,1,-1,1,0.5,0.35,32,1,1,1,0,1,0,0.0001157909730267,0.0,0.0005458213153223,0.0007708649766803,-0.0007860752386299,0.0,0.0,1.0,1.0,0.0
0.0,1,-1,1,0.5,0.35,64,1,1,1,0,1,0,0.0001157909730267,0.0,0.0005458213153223,0.0007708649766803,-0.0007860752386299,0.0,0.0,1.0,1.0,0.0
0.0,1,-1,1,0.5,0.35,128,1,1,1,0,1,0,0.0001157909730267,0.0,0.0005458213153223,0.0007708649766803,-0.0007860752386299,0.0,0.0,1.0,1.0,0.0
0.0,1,-1,1,0.5,0.35,999999,1,1,1,0,1,0,0.0001157909730267,0.0,0.0005458213153223,0.0007708649766803,-0.0007860752386299,0.0,0.0,1.0,1.0,0.0
0.0,1,-1,1,0.75,0.0,32,1,1,1,0,1,0,0.0001157909730267,0.0,0.0005458213153223,0.0007708649766803,-0.0007860752386299,0.0,0.0,1.0,1.0,0.0
0.0,1,-1,1,0.75,0.0,64,1,1,1,0,1,0,0.0001157909730267,0.0,0.0005458213153223,0.0007708649766803,-0.0007860752386299,0.0,0.0,1.0,1.0,0.0
0.0,1,-1,1,0.75,0.0,128,1,1,1,0,1,0,0.0001157909730267,0.0,0.0005458213153223,0.0007708649766803,-0.0007860752386299,0.0,0.0,1.0,1.0,0.0
0.0,1,-1,1,0.75,0.0,999999,1,1,1,0,1,0,0.0001157909730267,0.0,0.0005458213153223,0.0007708649766803,-0.0007860752386299,0.0,0.0,1.0,1.0,0.0
0.0,1,-1,1,0.75,0.25,32,1,1,1,0,1,0,0.0001157909730267,0.0,0.0005458213153223,0.0007708649766803,-0.0007860752386299,0.0,0.0,1.0,1.0,0.0
0.0,1,-1,1,0.75,0.25,64,1,1,1,0,1,0,0.0001157909730267,0.0,0.0005458213153223,0.0007708649766803,-0.0007860752386299,0.0,0.0,1.0,1.0,0.0
0.0,1,-1,1,0.75,0.25,128,1,1,1,0,1,0,0.0001157909730267,0.0,0.0005458213153223,0.0007708649766803,-0.0007860752386299,0.0,0.0,1.0,1.0,0.0
0.0,1,-1,1,0.75,0.25,999999,1,1,1,0,1,0,0.0001157909730267,0.0,0.0005458213153223,0.0007708649766803,-0.0007860752386299,0.0,0.0,1.0,1.0,0.0
0.0,1,-1,1,0.75,0.35,32,1,1,1,0,1,0,0.0001157909730267,0.0,0.0005458213153223,0.0007708649766803,-0.0007860752386299,0.0,0.0,1.0,1.0,0.0
0.0,1,-1,1,0.75,0.35,64,1,1,1,0,1,0,0.0001157909730267,0.0,0.0005458213153223,0.0007708649766803,-0.0007860752386299,0.0,0.0,1.0,1.0,0.0
0.0,1,-1,1,0.75,0.35,128,1,1,1,0,1,0,0.0001157909730267,0.0,0.0005458213153223,0.0007708649766803,-0.0007860752386299,0.0,0.0,1.0,1.0,0.0
0.0,1,-1,1,0.75,0.35,999999,1,1,1,0,1,0,0.0001157909730267,0.0,0.0005458213153223,0.0007708649766803,-0.0007860752386299,0.0,0.0,1.0,1.0,0.0
0.0,1,-1,1,1.0,0.0,32,1,1,1,0,1,0,0.0001157909730267,0.0,0.0005458213153223,0.0007708649766803,-0.0007860752386299,0.0,0.0,1.0,1.0,0.0
0.0,1,-1,1,1.0,0.0,64,1,1,1,0,1,0,0.0001157909730267,0.0,0.0005458213153223,0.0007708649766803,-0.0007860752386299,0.0,0.0,1.0,1.0,0.0
0.0,1,-1,1,1.0,0.0,128,1,1,1,0,1,0,0.0001157909730267,0.0,0.0005458213153223,0.0007708649766803,-0.0007860752386299,0.0,0.0,1.0,1.0,0.0
0.0,1,-1,1,1.0,0.0,999999,1,1,1,0,1,0,0.0001157909730267,0.0,0.0005458213153223,0.0007708649766803,-0.0007860752386299,0.0,0.0,1.0,1.0,0.0
0.0,1,-1,1,1.0,0.25,32,1,1,1,0,1,0,0.0001157909730267,0.0,0.0005458213153223,0.0007708649766803,-0.0007860752386299,0.0,0.0,1.0,1.0,0.0
0.0,1,-1,1,1.0,0.25,64,1,1,1,0,1,0,0.0001157909730267,0.0,0.0005458213153223,0.0007708649766803,-0.0007860752386299,0.0,0.0,1.0,1.0,0.0
0.0,1,-1,1,1.0,0.25,128,1,1,1,0,1,0,0.0001157909730267,0.0,0.0005458213153223,0.0007708649766803,-0.0007860752386299,0.0,0.0,1.0,1.0,0.0
0.0,1,-1,1,1.0,0.25,999999,1,1,1,0,1,0,0.0001157909730267,0.0,0.0005458213153223,0.0007708649766803,-0.0007860752386299,0.0,0.0,1.0,1.0,0.0
0.0,1,-1,1,1.0,0.35,32,1,1,1,0,1,0,0.0001157909730267,0.0,0.0005458213153223,0.0007708649766803,-0.0007860752386299,0.0,0.0,1.0,1.0,0.0
0.0,1,-1,1,1.0,0.35,64,1,1,1,0,1,0,0.0001157909730267,0.0,0.0005458213153223,0.0007708649766803,-0.0007860752386299,0.0,0.0,1.0,1.0,0.0
0.0,1,-1,1,1.0,0.35,128,1,1,1,0,1,0,0.0001157909730267,0.0,0.0005458213153223,0.0007708649766803,-0.0007860752386299,0.0,0.0,1.0,1.0,0.0
0.0,1,-1,1,1.0,0.35,999999,1,1,1,0,1,0,0.0001157909730267,0.0,0.0005458213153223,0.0007708649766803,-0.0007860752386299,0.0,0.0,1.0,1.0,0.0
0.0,1,-1,999,0.5,0.0,32,1,1,1,0,1,0,0.0001157909730267,0.0,0.0005458213153223,0.0007708649766803,-0.0007860752386299,0.0,0.0,1.0,1.0,0.0
0.0,1,-1,999,0.5,0.0,64,1,1,1,0,1,0,0.0001157909730267,0.0,0.0005458213153223,0.0007708649766803,-0.0007860752386299,0.0,0.0,1.0,1.0,0.0
0.0,1,-1,999,0.5,0.0,128,1,1,1,0,1,0,0.0001157909730267,0.0,0.0005458213153223,0.0007708649766803,-0.0007860752386299,0.0,0.0,1.0,1.0,0.0
0.0,1,-1,999,0.5,0.0,999999,1,1,1,0,1,0,0.0001157909730267,0.0,0.0005458213153223,0.0007708649766803,-0.0007860752386299,0.0,0.0,1.0,1.0,0.0
0.0,1,-1,999,0.5,0.25,32,1,1,1,0,1,0,0.0001157909730267,0.0,0.0005458213153223,0.0007708649766803,-0.0007860752386299,0.0,0.0,1.0,1.0,0.0
0.0,1,-1,999,0.5,0.25,64,1,1,1,0,1,0,0.0001157909730267,0.0,0.0005458213153223,0.0007708649766803,-0.0007860752386299,0.0,0.0,1.0,1.0,0.0
0.0,1,-1,999,0.5,0.25,128,1,1,1,0,1,0,0.0001157909730267,0.0,0.0005458213153223,0.0007708649766803,-0.0007860752386299,0.0,0.0,1.0,1.0,0.0
0.0,1,-1,999,0.5,0.25,999999,1,1,1,0,1,0,0.0001157909730267,0.0,0.0005458213153223,0.0007708649766803,-0.0007860752386299,0.0,0.0,1.0,1.0,0.0
0.0,1,-1,999,0.5,0.35,32,1,1,1,0,1,0,0.0001157909730267,0.0,0.0005458213153223,0.0007708649766803,-0.0007860752386299,0.0,0.0,1.0,1.0,0.0
0.0,1,-1,999,0.5,0.35,64,1,1,1,0,1,0,0.0001157909730267,0.0,0.0005458213153223,0.0007708649766803,-0.0007860752386299,0.0,0.0,1.0,1.0,0.0
0.0,1,-1,999,0.5,0.35,128,1,1,1,0,1,0,0.0001157909730267,0.0,0.0005458213153223,0.0007708649766803,-0.0007860752386299,0.0,0.0,1.0,1.0,0.0
0.0,1,-1,999,0.5,0.35,999999,1,1,1,0,1,0,0.0001157909730267,0.0,0.0005458213153223,0.0007708649766803,-0.0007860752386299,0.0,0.0,1.0,1.0,0.0
0.0,1,-1,999,0.75,0.0,32,1,1,1,0,1,0,0.0001157909730267,0.0,0.0005458213153223,0.0007708649766803,-0.0007860752386299,0.0,0.0,1.0,1.0,0.0
0.0,1,-1,999,0.75,0.0,64,1,1,1,0,1,0,0.0001157909730267,0.0,0.0005458213153223,0.0007708649766803,-0.0007860752386299,0.0,0.0,1.0,1.0,0.0
0.0,1,-1,999,0.75,0.0,128,1,1,1,0,1,0,0.0001157909730267,0.0,0.0005458213153223,0.0007708649766803,-0.0007860752386299,0.0,0.0,1.0,1.0,0.0
0.0,1,-1,999,0.75,0.0,999999,1,1,1,0,1,0,0.0001157909730267,0.0,0.0005458213153223,0.0007708649766803,-0.0007860752386299,0.0,0.0,1.0,1.0,0.0
0.0,1,-1,999,0.75,0.25,32,1,1,1,0,1,0,0.0001157909730267,0.0,0.0005458213153223,0.0007708649766803,-0.0007860752386299,0.0,0.0,1.0,1.0,0.0
0.0,1,-1,999,0.75,0.25,64,1,1,1,0,1,0,0.0001157909730267,0.0,0.0005458213153223,0.0007708649766803,-0.0007860752386299,0.0,0.0,1.0,1.0,0.0
0.0,1,-1,999,0.75,0.25,128,1,1,1,0,1,0,0.0001157909730267,0.0,0.0005458213153223,0.0007708649766803,-0.0007860752386299,0.0,0.0,1.0,1.0,0.0
0.0,1,-1,999,0.75,0.25,999999,1,1,1,0,1,0,0.0001157909730267,0.0,0.0005458213153223,0.0007708649766803,-0.0007860752386299,0.0,0.0,1.0,1.0,0.0
0.0,1,-1,999,0.75,0.35,32,1,1,1,0,1,0,0.0001157909730267,0.0,0.0005458213153223,0.0007708649766803,-0.0007860752386299,0.0,0.0,1.0,1.0,0.0
0.0,1,-1,999,0.75,0.35,64,1,1,1,0,1,0,0.0001157909730267,0.0,0.0005458213153223,0.0007708649766803,-0.0007860752386299,0.0,0.0,1.0,1.0,0.0
0.0,1,-1,999,0.75,0.35,128,1,1,1,0,1,0,0.0001157909730267,0.0,0.0005458213153223,0.0007708649766803,-0.0007860752386299,0.0,0.0,1.0,1.0,0.0
0.0,1,-1,999,0.75,0.35,999999,1,1,1,0,1,0,0.0001157909730267,0.0,0.0005458213153223,0.0007708649766803,-0.0007860752386299,0.0,0.0,1.0,1.0,0.0
0.0,1,-1,999,1.0,0.0,32,1,1,1,0,1,0,0.0001157909730267,0.0,0.0005458213153223,0.0007708649766803,-0.0007860752386299,0.0,0.0,1.0,1.0,0.0
0.0,1,-1,999,1.0,0.0,64,1,1,1,0,1,0,0.0001157909730267,0.0,0.0005458213153223,0.0007708649766803,-0.0007860752386299,0.0,0.0,1.0,1.0,0.0
0.0,1,-1,999,1.0,0.0,128,1,1,1,0,1,0,0.0001157909730267,0.0,0.0005458213153223,0.0007708649766803,-0.0007860752386299,0.0,0.0,1.0,1.0,0.0
0.0,1,-1,999,1.0,0.0,999999,1,1,1,0,1,0,0.0001157909730267,0.0,0.0005458213153223,0.0007708649766803,-0.0007860752386299,0.0,0.0,1.0,1.0,0.0
0.0,1,-1,999,1.0,0.25,32,1,1,1,0,1,0,0.0001157909730267,0.0,0.0005458213153223,0.0007708649766803,-0.0007860752386299,0.0,0.0,1.0,1.0,0.0
0.0,1,-1,999,1.0,0.25,64,1,1,1,0,1,0,0.0001157909730267,0.0,0.0005458213153223,0.0007708649766803,-0.0007860752386299,0.0,0.0,1.0,1.0,0.0
0.0,1,-1,999,1.0,0.25,128,1,1,1,0,1,0,0.0001157909730267,0.0,0.0005458213153223,0.0007708649766803,-0.0007860752386299,0.0,0.0,1.0,1.0,0.0
0.0,1,-1,999,1.0,0.25,999999,1,1,1,0,1,0,0.0001157909730267,0.0,0.0005458213153223,0.0007708649766803,-0.0007860752386299,0.0,0.0,1.0,1.0,0.0
0.0,1,-1,999,1.0,0.35,32,1,1,1,0,1,0,0.0001157909730267,0.0,0.0005458213153223,0.0007708649766803,-0.0007860752386299,0.0,0.0,1.0,1.0,0.0
0.0,1,-1,999,1.0,0.35,64,1,1,1,0,1,0,0.0001157909730267,0.0,0.0005458213153223,0.0007708649766803,-0.0007860752386299,0.0,0.0,1.0,1.0,0.0
0.0,1,-1,999,1.0,0.35,128,1,1,1,0,1,0,0.0001157909730267,0.0,0.0005458213153223,0.0007708649766803,-0.0007860752386299,0.0,0.0,1.0,1.0,0.0
0.0,1,-1,999,1.0,0.35,999999,1,1,1,0,1,0,0.0001157909730267,0.0,0.0005458213153223,0.0007708649766803,-0.0007860752386299,0.0,0.0,1.0,1.0,0.0
0.0,2,-1,0,0.5,0.0,32,1,1,1,0,1,0,0.0001157909730267,0.0,0.0005458213153223,0.0007708649766803,-0.0007860752386299,0.0,0.0,1.0,1.0,0.0
0.0,2,-1,0,0.5,0.0,64,1,1,1,0,1,0,0.0001157909730267,0.0,0.0005458213153223,0.0007708649766803,-0.0007860752386299,0.0,0.0,1.0,1.0,0.0
0.0,2,-1,0,0.5,0.0,128,1,1,1,0,1,0,0.0001157909730267,0.0,0.0005458213153223,0.0007708649766803,-0.0007860752386299,0.0,0.0,1.0,1.0,0.0
0.0,2,-1,0,0.5,0.0,999999,1,1,1,0,1,0,0.0001157909730267,0.0,0.0005458213153223,0.0007708649766803,-0.0007860752386299,0.0,0.0,1.0,1.0,0.0
0.0,2,-1,0,0.5,0.25,32,1,1,1,0,1,0,0.0001157909730267,0.0,0.0005458213153223,0.0007708649766803,-0.0007860752386299,0.0,0.0,1.0,1.0,0.0
0.0,2,-1,0,0.5,0.25,64,1,1,1,0,1,0,0.0001157909730267,0.0,0.0005458213153223,0.0007708649766803,-0.0007860752386299,0.0,0.0,1.0,1.0,0.0
0.0,2,-1,0,0.5,0.25,128,1,1,1,0,1,0,0.0001157909730267,0.0,0.0005458213153223,0.0007708649766803,-0.0007860752386299,0.0,0.0,1.0,1.0,0.0
0.0,2,-1,0,0.5,0.25,999999,1,1,1,0,1,0,0.0001157909730267,0.0,0.0005458213153223,0.0007708649766803,-0.0007860752386299,0.0,0.0,1.0,1.0,0.0
0.0,2,-1,0,0.5,0.35,32,1,1,1,0,1,0,0.0001157909730267,0.0,0.0005458213153223,0.0007708649766803,-0.0007860752386299,0.0,0.0,1.0,1.0,0.0
0.0,2,-1,0,0.5,0.35,64,1,1,1,0,1,0,0.0001157909730267,0.0,0.0005458213153223,0.0007708649766803,-0.0007860752386299,0.0,0.0,1.0,1.0,0.0
0.0,2,-1,0,0.5,0.35,128,1,1,1,0,1,0,0.0001157909730267,0.0,0.0005458213153223,0.0007708649766803,-0.0007860752386299,0.0,0.0,1.0,1.0,0.0
0.0,2,-1,0,0.5,0.35,999999,1,1,1,0,1,0,0.0001157909730267,0.0,0.0005458213153223,0.0007708649766803,-0.0007860752386299,0.0,0.0,1.0,1.0,0.0
0.0,2,-1,0,0.75,0.0,32,1,1,1,0,1,0,0.0001157909730267,0.0,0.0005458213153223,0.0007708649766803,-0.0007860752386299,0.0,0.0,1.0,1.0,0.0
0.0,2,-1,0,0.75,0.0,64,1,1,1,0,1,0,0.0001157909730267,0.0,0.0005458213153223,0.0007708649766803,-0.0007860752386299,0.0,0.0,1.0,1.0,0.0
0.0,2,-1,0,0.75,0.0,128,1,1,1,0,1,0,0.0001157909730267,0.0,0.0005458213153223,0.0007708649766803,-0.0007860752386299,0.0,0.0,1.0,1.0,0.0
0.0,2,-1,0,0.75,0.0,999999,1,1,1,0,1,0,0.0001157909730267,0.0,0.0005458213153223,0.0007708649766803,-0.0007860752386299,0.0,0.0,1.0,1.0,0.0
0.0,2,-1,0,0.75,0.25,32,1,1,1,0,1,0,0.0001157909730267,0.0,0.0005458213153223,0.0007708649766803,-0.0007860752386299,0.0,0.0,1.0,1.0,0.0
0.0,2,-1,0,0.75,0.25,64,1,1,1,0,1,0,0.0001157909730267,0.0,0.0005458213153223,0.0007708649766803,-0.0007860752386299,0.0,0.0,1.0,1.0,0.0
0.0,2,-1,0,0.75,0.25,128,1,1,1,0,1,0,0.0001157909730267,0.0,0.0005458213153223,0.0007708649766803,-0.0007860752386299,0.0,0.0,1.0,1.0,0.0
0.0,2,-1,0,0.75,0.25,999999,1,1,1,0,1,0,0.0001157909730267,0.0,0.0005458213153223,0.0007708649766803,-0.0007860752386299,0.0,0.0,1.0,1.0,0.0
0.0,2,-1,0,0.75,0.35,32,1,1,1,0,1,0,0.0001157909730267,0.0,0.0005458213153223,0.0007708649766803,-0.0007860752386299,0.0,0.0,1.0,1.0,0.0
0.0,2,-1,0,0.75,0.35,64,1,1,1,0,1,0,0.0001157909730267,0.0,0.0005458213153223,0.0007708649766803,-0.0007860752386299,0.0,0.0,1.0,1.0,0.0
0.0,2,-1,0,0.75,0.35,128,1,1,1,0,1,0,0.0001157909730267,0.0,0.0005458213153223,0.0007708649766803,-0.0007860752386299,0.0,0.0,1.0,1.0,0.0
0.0,2,-1,0,0.75,0.35,999999,1,1,1,0,1,0,0.0001157909730267,0.0,0.0005458213153223,0.0007708649766803,-0.0007860752386299,0.0,0.0,1.0,1.0,0.0
0.0,2,-1,0,1.0,0.0,32,1,1,1,0,1,0,0.0001157909730267,0.0,0.0005458213153223,0.0007708649766803,-0.0007860752386299,0.0,0.0,1.0,1.0,0.0
0.0,2,-1,0,1.0,0.0,64,1,1,1,0,1,0,0.0001157909730267,0.0,0.0005458213153223,0.0007708649766803,-0.0007860752386299,0.0,0.0,1.0,1.0,0.0
0.0,2,-1,0,1.0,0.0,128,1,1,1,0,1,0,0.0001157909730267,0.0,0.0005458213153223,0.0007708649766803,-0.0007860752386299,0.0,0.0,1.0,1.0,0.0
0.0,2,-1,0,1.0,0.0,999999,1,1,1,0,1,0,0.0001157909730267,0.0,0.0005458213153223,0.0007708649766803,-0.0007860752386299,0.0,0.0,1.0,1.0,0.0
0.0,2,-1,0,1.0,0.25,32,1,1,1,0,1,0,0.0001157909730267,0.0,0.0005458213153223,0.0007708649766803,-0.0007860752386299,0.0,0.0,1.0,1.0,0.0
0.0,2,-1,0,1.0,0.25,64,1,1,1,0,1,0,0.0001157909730267,0.0,0.0005458213153223,0.0007708649766803,-0.0007860752386299,0.0,0.0,1.0,1.0,0.0
0.0,2,-1,0,1.0,0.25,128,1,1,1,0,1,0,0.0001157909730267,0.0,0.0005458213153223,0.0007708649766803,-0.0007860752386299,0.0,0.0,1.0,1.0,0.0
0.0,2,-1,0,1.0,0.25,999999,1,1,1,0,1,0,0.0001157909730267,0.0,0.0005458213153223,0.0007708649766803,-0.0007860752386299,0.0,0.0,1.0,1.0,0.0
0.0,2,-1,0,1.0,0.35,32,1,1,1,0,1,0,0.0001157909730267,0.0,0.0005458213153223,0.0007708649766803,-0.0007860752386299,0.0,0.0,1.0,1.0,0.0
0.0,2,-1,0,1.0,0.35,64,1,1,1,0,1,0,0.0001157909730267,0.0,0.0005458213153223,0.0007708649766803,-0.0007860752386299,0.0,0.0,1.0,1.0,0.0
0.0,2,-1,0,1.0,0.35,128,1,1,1,0,1,0,0.0001157909730267,0.0,0.0005458213153223,0.0007708649766803,-0.0007860752386299,0.0,0.0,1.0,1.0,0.0
0.0,2,-1,0,1.0,0.35,999999,1,1,1,0,1,0,0.0001157909730267,0.0,0.0005458213153223,0.0007708649766803,-0.0007860752386299,0.0,0.0,1.0,1.0,0.0
0.0,2,-1,1,0.5,0.0,32,1,1,1,0,1,0,0.0001157909730267,0.0,0.0005458213153223,0.0007708649766803,-0.0007860752386299,0.0,0.0,1.0,1.0,0.0
0.0,2,-1,1,0.5,0.0,64,1,1,1,0,1,0,0.0001157909730267,0.0,0.0005458213153223,0.0007708649766803,-0.0007860752386299,0.0,0.0,1.0,1.0,0.0
0.0,2,-1,1,0.5,0.0,128,1,1,1,0,1,0,0.0001157909730267,0.0,0.0005458213153223,0.0007708649766803,-0.0007860752386299,0.0,0.0,1.0,1.0,0.0
0.0,2,-1,1,0.5,0.0,999999,1,1,1,0,1,0,0.0001157909730267,0.0,0.0005458213153223,0.0007708649766803,-0.0007860752386299,0.0,0.0,1.0,1.0,0.0
0.0,2,-1,1,0.5,0.25,32,1,1,1,0,1,0,0.0001157909730267,0.0,0.0005458213153223,0.0007708649766803,-0.0007860752386299,0.0,0.0,1.0,1.0,0.0
0.0,2,-1,1,0.5,0.25,64,1,1,1,0,1,0,0.0001157909730267,0.0,0.0005458213153223,0.0007708649766803,-0.0007860752386299,0.0,0.0,1.0,1.0,0.0
0.0,2,-1,1,0.5,0.25,128,1,1,1,0,1,0,0.0001157909730267,0.0,0.0005458213153223,0.0007708649766803,-0.0007860752386299,0.0,0.0,1.0,1.0,0.0
0.0,2,-1,1,0.5,0.25,999999,1,1,1,0,1,0,0.0001157909730267,0.0,0.0005458213153223,0.0007708649766803,-0.0007860752386299,0.0,0.0,1.0,1.0,0.0
0.0,2,-1,1,0.5,0.35,32,1,1,1,0,1,0,0.0001157909730267,0.0,0.0005458213153223,0.0007708649766803,-0.0007860752386299,0.0,0.0,1.0,1.0,0.0
0.0,2,-1,1,0.5,0.35,64,1,1,1,0,1,0,0.0001157909730267,0.0,0.0005458213153223,0.0007708649766803,-0.0007860752386299,0.0,0.0,1.0,1.0,0.0
0.0,2,-1,1,0.5,0.35,128,1,1,1,0,1,0,0.0001157909730267,0.0,0.0005458213153223,0.0007708649766803,-0.0007860752386299,0.0,0.0,1.0,1.0,0.0
0.0,2,-1,1,0.5,0.35,999999,1,1,1,0,1,0,0.0001157909730267,0.0,0.0005458213153223,0.0007708649766803,-0.0007860752386299,0.0,0.0,1.0,1.0,0.0
0.0,2,-1,1,0.75,0.0,32,1,1,1,0,1,0,0.0001157909730267,0.0,0.0005458213153223,0.0007708649766803,-0.0007860752386299,0.0,0.0,1.0,1.0,0.0
0.0,2,-1,1,0.75,0.0,64,1,1,1,0,1,0,0.0001157909730267,0.0,0.0005458213153223,0.0007708649766803,-0.0007860752386299,0.0,0.0,1.0,1.0,0.0
0.0,2,-1,1,0.75,0.0,128,1,1,1,0,1,0,0.0001157909730267,0.0,0.0005458213153223,0.0007708649766803,-0.0007860752386299,0.0,0.0,1.0,1.0,0.0
0.0,2,-1,1,0.75,0.0,999999,1,1,1,0,1,0,0.0001157909730267,0.0,0.0005458213153223,0.0007708649766803,-0.0007860752386299,0.0,0.0,1.0,1.0,0.0
0.0,2,-1,1,0.75,0.25,32,1,1,1,0,1,0,0.0001157909730267,0.0,0.0005458213153223,0.0007708649766803,-0.0007860752386299,0.0,0.0,1.0,1.0,0.0
0.0,2,-1,1,0.75,0.25,64,1,1,1,0,1,0,0.0001157909730267,0.0,0.0005458213153223,0.0007708649766803,-0.0007860752386299,0.0,0.0,1.0,1.0,0.0
0.0,2,-1,1,0.75,0.25,128,1,1,1,0,1,0,0.0001157909730267,0.0,0.0005458213153223,0.0007708649766803,-0.0007860752386299,0.0,0.0,1.0,1.0,0.0
0.0,2,-1,1,0.75,0.25,999999,1,1,1,0,1,0,0.0001157909730267,0.0,0.0005458213153223,0.0007708649766803,-0.0007860752386299,0.0,0.0,1.0,1.0,0.0
0.0,2,-1,1,0.75,0.35,32,1,1,1,0,1,0,0.0001157909730267,0.0,0.0005458213153223,0.0007708649766803,-0.0007860752386299,0.0,0.0,1.0,1.0,0.0
0.0,2,-1,1,0.75,0.35,64,1,1,1,0,1,0,0.0001157909730267,0.0,0.0005458213153223,0.0007708649766803,-0.0007860752386299,0.0,0.0,1.0,1.0,0.0
0.0,2,-1,1,0.75,0.35,128,1,1,1,0,1,0,0.0001157909730267,0.0,0.0005458213153223,0.0007708649766803,-0.0007860752386299,0.0,0.0,1.0,1.0,0.0
0.0,2,-1,1,0.75,0.35,999999,1,1,1,0,1,0,0.0001157909730267,0.0,0.0005458213153223,0.0007708649766803,-0.0007860752386299,0.0,0.0,1.0,1.0,0.0
0.0,2,-1,1,1.0,0.0,32,1,1,1,0,1,0,0.0001157909730267,0.0,0.0005458213153223,0.0007708649766803,-0.0007860752386299,0.0,0.0,1.0,1.0,0.0
0.0,2,-1,1,1.0,0.0,64,1,1,1,0,1,0,0.0001157909730267,0.0,0.0005458213153223,0.0007708649766803,-0.0007860752386299,0.0,0.0,1.0,1.0,0.0
0.0,2,-1,1,1.0,0.0,128,1,1,1,0,1,0,0.0001157909730267,0.0,0.0005458213153223,0.0007708649766803,-0.0007860752386299,0.0,0.0,1.0,1.0,0.0
0.0,2,-1,1,1.0,0.0,999999,1,1,1,0,1,0,0.0001157909730267,0.0,0.0005458213153223,0.0007708649766803,-0.0007860752386299,0.0,0.0,1.0,1.0,0.0
0.0,2,-1,1,1.0,0.25,32,1,1,1,0,1,0,0.0001157909730267,0.0,0.0005458213153223,0.0007708649766803,-0.0007860752386299,0.0,0.0,1.0,1.0,0.0
0.0,2,-1,1,1.0,0.25,64,1,1,1,0,1,0,0.0001157909730267,0.0,0.0005458213153223,0.0007708649766803,-0.0007860752386299,0.0,0.0,1.0,1.0,0.0
0.0,2,-1,1,1.0,0.25,128,1,1,1,0,1,0,0.0001157909730267,0.0,0.0005458213153223,0.0007708649766803,-0.0007860752386299,0.0,0.0,1.0,1.0,0.0
0.0,2,-1,1,1.0,0.25,999999,1,1,1,0,1,0,0.0001157909730267,0.0,0.0005458213153223,0.0007708649766803,-0.0007860752386299,0.0,0.0,1.0,1.0,0.0
0.0,2,-1,1,1.0,0.35,32,1,1,1,0,1,0,0.0001157909730267,0.0,0.0005458213153223,0.0007708649766803,-0.0007860752386299,0.0,0.0,1.0,1.0,0.0
0.0,2,-1,1,1.0,0.35,64,1,1,1,0,1,0,0.0001157909730267,0.0,0.0005458213153223,0.0007708649766803,-0.0007860752386299,0.0,0.0,1.0,1.0,0.0
0.0,2,-1,1,1.0,0.35,128,1,1,1,0,1,0,0.0001157909730267,0.0,0.0005458213153223,0.0007708649766803,-0.0007860752386299,0.0,0.0,1.0,1.0,0.0
0.0,2,-1,1,1.0,0.35,999999,1,1,1,0,1,0,0.0001157909730267,0.0,0.0005458213153223,0.0007708649766803,-0.0007860752386299,0.0,0.0,1.0,1.0,0.0
0.0,2,-1,999,0.5,0.0,32,1,1,1,0,1,0,0.0001157909730267,0.0,0.0005458213153223,0.0007708649766803,-0.0007860752386299,0.0,0.0,1.0,1.0,0.0
0.0,2,-1,999,0.5,0.0,64,1,1,1,0,1,0,0.0001157909730267,0.0,0.0005458213153223,0.0007708649766803,-0.0007860752386299,0.0,0.0,1.0,1.0,0.0
0.0,2,-1,999,0.5,0.0,128,1,1,1,0,1,0,0.0001157909730267,0.0,0.0005458213153223,0.0007708649766803,-0.0007860752386299,0.0,0.0,1.0,1.0,0.0
0.0,2,-1,999,0.5,0.0,999999,1,1,1,0,1,0,0.0001157909730267,0.0,0.0005458213153223,0.0007708649766803,-0.0007860752386299,0.0,0.0,1.0,1.0,0.0
0.0,2,-1,999,0.5,0.25,32,1,1,1,0,1,0,0.0001157909730267,0.0,0.0005458213153223,0.0007708649766803,-0.0007860752386299,0.0,0.0,1.0,1.0,0.0
0.0,2,-1,999,0.5,0.25,64,1,1,1,0,1,0,0.0001157909730267,0.0,0.0005458213153223,0.0007708649766803,-0.0007860752386299,0.0,0.0,1.0,1.0,0.0
0.0,2,-1,999,0.5,0.25,128,1,1,1,0,1,0,0.0001157909730267,0.0,0.0005458213153223,0.0007708649766803,-0.0007860752386299,0.0,0.0,1.0,1.0,0.0
0.0,2,-1,999,0.5,0.25,999999,1,1,1,0,1,0,0.0001157909730267,0.0,0.0005458213153223,0.0007708649766803,-0.0007860752386299,0.0,0.0,1.0,1.0,0.0
0.0,2,-1,999,0.5,0.35,32,1,1,1,0,1,0,0.0001157909730267,0.0,0.0005458213153223,0.0007708649766803,-0.0007860752386299,0.0,0.0,1.0,1.0,0.0
0.0,2,-1,999,0.5,0.35,64,1,1,1,0,1,0,0.0001157909730267,0.0,0.0005458213153223,0.0007708649766803,-0.0007860752386299,0.0,0.0,1.0,1.0,0.0
0.0,2,-1,999,0.5,0.35,128,1,1,1,0,1,0,0.0001157909730267,0.0,0.0005458213153223,0.0007708649766803,-0.0007860752386299,0.0,0.0,1.0,1.0,0.0
0.0,2,-1,999,0.5,0.35,999999,1,1,1,0,1,0,0.0001157909730267,0.0,0.0005458213153223,0.0007708649766803,-0.0007860752386299,0.0,0.0,1.0,1.0,0.0
0.0,2,-1,999,0.75,0.0,32,1,1,1,0,1,0,0.0001157909730267,0.0,0.0005458213153223,0.0007708649766803,-0.0007860752386299,0.0,0.0,1.0,1.0,0.0
0.0,2,-1,999,0.75,0.0,64,1,1,1,0,1,0,0.0001157909730267,0.0,0.0005458213153223,0.0007708649766803,-0.0007860752386299,0.0,0.0,1.0,1.0,0.0
0.0,2,-1,999,0.75,0.0,128,1,1,1,0,1,0,0.0001157909730267,0.0,0.0005458213153223,0.0007708649766803,-0.0007860752386299,0.0,0.0,1.0,1.0,0.0
0.0,2,-1,999,0.75,0.0,999999,1,1,1,0,1,0,0.0001157909730267,0.0,0.0005458213153223,0.0007708649766803,-0.0007860752386299,0.0,0.0,1.0,1.0,0.0
0.0,2,-1,999,0.75,0.25,32,1,1,1,0,1,0,0.0001157909730267,0.0,0.0005458213153223,0.0007708649766803,-0.0007860752386299,0.0,0.0,1.0,1.0,0.0
0.0,2,-1,999,0.75,0.25,64,1,1,1,0,1,0,0.0001157909730267,0.0,0.0005458213153223,0.0007708649766803,-0.0007860752386299,0.0,0.0,1.0,1.0,0.0
0.0,2,-1,999,0.75,0.25,128,1,1,1,0,1,0,0.0001157909730267,0.0,0.0005458213153223,0.0007708649766803,-0.0007860752386299,0.0,0.0,1.0,1.0,0.0
0.0,2,-1,999,0.75,0.25,999999,1,1,1,0,1,0,0.0001157909730267,0.0,0.0005458213153223,0.0007708649766803,-0.0007860752386299,0.0,0.0,1.0,1.0,0.0
0.0,2,-1,999,0.75,0.35,32,1,1,1,0,1,0,0.0001157909730267,0.0,0.0005458213153223,0.0007708649766803,-0.0007860752386299,0.0,0.0,1.0,1.0,0.0
0.0,2,-1,999,0.75,0.35,64,1,1,1,0,1,0,0.0001157909730267,0.0,0.0005458213153223,0.0007708649766803,-0.0007860752386299,0.0,0.0,1.0,1.0,0.0
0.0,2,-1,999,0.75,0.35,128,1,1,1,0,1,0,0.0001157909730267,0.0,0.0005458213153223,0.0007708649766803,-0.0007860752386299,0.0,0.0,1.0,1.0,0.0
0.0,2,-1,999,0.75,0.35,999999,1,1,1,0,1,0,0.0001157909730267,0.0,0.0005458213153223,0.0007708649766803,-0.0007860752386299,0.0,0.0,1.0,1.0,0.0
0.0,2,-1,999,1.0,0.0,32,1,1,1,0,1,0,0.0001157909730267,0.0,0.0005458213153223,0.0007708649766803,-0.0007860752386299,0.0,0.0,1.0,1.0,0.0
0.0,2,-1,999,1.0,0.0,64,1,1,1,0,1,0,0.0001157909730267,0.0,0.0005458213153223,0.0007708649766803,-0.0007860752386299,0.0,0.0,1.0,1.0,0.0
0.0,2,-1,999,1.0,0.0,128,1,1,1,0,1,0,0.0001157909730267,0.0,0.0005458213153223,0.0007708649766803,-0.0007860752386299,0.0,0.0,1.0,1.0,0.0
0.0,2,-1,999,1.0,0.0,999999,1,1,1,0,1,0,0.0001157909730267,0.0,0.0005458213153223,0.0007708649766803,-0.0007860752386299,0.0,0.0,1.0,1.0,0.0
0.0,2,-1,999,1.0,0.25,32,1,1,1,0,1,0,0.0001157909730267,0.0,0.0005458213153223,0.0007708649766803,-0.0007860752386299,0.0,0.0,1.0,1.0,0.0
0.0,2,-1,999,1.0,0.25,64,1,1,1,0,1,0,0.0001157909730267,0.0,0.0005458213153223,0.0007708649766803,-0.0007860752386299,0.0,0.0,1.0,1.0,0.0
0.0,2,-1,999,1.0,0.25,128,1,1,1,0,1,0,0.0001157909730267,0.0,0.0005458213153223,0.0007708649766803,-0.0007860752386299,0.0,0.0,1.0,1.0,0.0
0.0,2,-1,999,1.0,0.25,999999,1,1,1,0,1,0,0.0001157909730267,0.0,0.0005458213153223,0.0007708649766803,-0.0007860752386299,0.0,0.0,1.0,1.0,0.0
0.0,2,-1,999,1.0,0.35,32,1,1,1,0,1,0,0.0001157909730267,0.0,0.0005458213153223,0.0007708649766803,-0.0007860752386299,0.0,0.0,1.0,1.0,0.0
0.0,2,-1,999,1.0,0.35,64,1,1,1,0,1,0,0.0001157909730267,0.0,0.0005458213153223,0.0007708649766803,-0.0007860752386299,0.0,0.0,1.0,1.0,0.0
0.0,2,-1,999,1.0,0.35,128,1,1,1,0,1,0,0.0001157909730267,0.0,0.0005458213153223,0.0007708649766803,-0.0007860752386299,0.0,0.0,1.0,1.0,0.0
0.0,2,-1,999,1.0,0.35,999999,1,1,1,0,1,0,0.0001157909730267,0.0,0.0005458213153223,0.0007708649766803,-0.0007860752386299,0.0,0.0,1.0,1.0,0.0
0.5,0,-1,0,0.5,0.0,32,1,1,1,0,1,0,0.0001157909730267,0.0,0.0005458213153223,0.0007708649766803,-0.0007860752386299,0.0,0.0,1.0,1.0,0.0
0.5,0,-1,0,0.5,0.0,64,1,1,1,0,1,0,0.0001157909730267,0.0,0.0005458213153223,0.0007708649766803,-0.0007860752386299,0.0,0.0,1.0,1.0,0.0
0.5,0,-1,0,0.5,0.0,128,1,1,1,0,1,0,0.0001157909730267,0.0,0.0005458213153223,0.0007708649766803,-0.0007860752386299,0.0,0.0,1.0,1.0,0.0
0.5,0,-1,0,0.5,0.0,999999,1,1,1,0,1,0,0.0001157909730267,0.0,0.0005458213153223,0.0007708649766803,-0.0007860752386299,0.0,0.0,1.0,1.0,0.0
0.5,0,-1,0,0.5,0.25,32,1,1,1,0,1,0,0.0001157909730267,0.0,0.0005458213153223,0.0007708649766803,-0.0007860752386299,0.0,0.0,1.0,1.0,0.0
0.5,0,-1,0,0.5,0.25,64,1,1,1,0,1,0,0.0001157909730267,0.0,0.0005458213153223,0.0007708649766803,-0.0007860752386299,0.0,0.0,1.0,1.0,0.0
0.5,0,-1,0,0.5,0.25,128,1,1,1,0,1,0,0.0001157909730267,0.0,0.0005458213153223,0.0007708649766803,-0.0007860752386299,0.0,0.0,1.0,1.0,0.0
0.5,0,-1,0,0.5,0.25,999999,1,1,1,0,1,0,0.0001157909730267,0.0,0.0005458213153223,0.0007708649766803,-0.0007860752386299,0.0,0.0,1.0,1.0,0.0
0.5,0,-1,0,0.5,0.35,32,1,1,1,0,1,0,0.0001157909730267,0.0,0.0005458213153223,0.0007708649766803,-0.0007860752386299,0.0,0.0,1.0,1.0,0.0
0.5,0,-1,0,0.5,0.35,64,1,1,1,0,1,0,0.0001157909730267,0.0,0.0005458213153223,0.0007708649766803,-0.0007860752386299,0.0,0.0,1.0,1.0,0.0
0.5,0,-1,0,0.5,0.35,128,1,1,1,0,1,0,0.0001157909730267,0.0,0.0005458213153223,0.0007708649766803,-0.0007860752386299,0.0,0.0,1.0,1.0,0.0
0.5,0,-1,0,0.5,0.35,999999,1,1,1,0,1,0,0.0001157909730267,0.0,0.0005458213153223,0.0007708649766803,-0.0007860752386299,0.0,0.0,1.0,1.0,0.0
0.5,0,-1,0,0.75,0.0,32,1,1,1,0,1,0,0.0001157909730267,0.0,0.0005458213153223,0.0007708649766803,-0.0007860752386299,0.0,0.0,1.0,1.0,0.0
0.5,0,-1,0,0.75,0.0,64,1,1,1,0,1,0,0.0001157909730267,0.0,0.0005458213153223,0.0007708649766803,-0.0007860752386299,0.0,0.0,1.0,1.0,0.0
0.5,0,-1,0,0.75,0.0,128,1,1,1,0,1,0,0.0001157909730267,0.0,0.0005458213153223,0.0007708649766803,-0.0007860752386299,0.0,0.0,1.0,1.0,0.0
0.5,0,-1,0,0.75,0.0,999999,1,1,1,0,1,0,0.0001157909730267,0.0,0.0005458213153223,0.0007708649766803,-0.0007860752386299,0.0,0.0,1.0,1.0,0.0
0.5,0,-1,0,0.75,0.25,32,1,1,1,0,1,0,0.0001157909730267,0.0,0.0005458213153223,0.0007708649766803,-0.0007860752386299,0.0,0.0,1.0,1.0,0.0
0.5,0,-1,0,0.75,0.25,64,1,1,1,0,1,0,0.0001157909730267,0.0,0.0005458213153223,0.0007708649766803,-0.0007860752386299,0.0,0.0,1.0,1.0,0.0
0.5,0,-1,0,0.75,0.25,128,1,1,1,0,1,0,0.0001157909730267,0.0,0.0005458213153223,0.0007708649766803,-0.0007860752386299,0.0,0.0,1.0,1.0,0.0
0.5,0,-1,0,0.75,0.25,999999,1,1,1,0,1,0,0.0001157909730267,0.0,0.0005458213153223,0.0007708649766803,-0.0007860752386299,0.0,0.0,1.0,1.0,0.0
0.5,0,-1,0,0.75,0.35,32,1,1,1,0,1,0,0.0001157909730267,0.0,0.0005458213153223,0.0007708649766803,-0.0007860752386299,0.0,0.0,1.0,1.0,0.0
0.5,0,-1,0,0.75,0.35,64,1,1,1,0,1,0,0.0001157909730267,0.0,0.0005458213153223,0.0007708649766803,-0.0007860752386299,0.0,0.0,1.0,1.0,0.0
0.5,0,-1,0,0.75,0.35,128,1,1,1,0,1,0,0.0001157909730267,0.0,0.0005458213153223,0.0007708649766803,-0.0007860752386299,0.0,0.0,1.0,1.0,0.0
0.5,0,-1,0,0.75,0.35,999999,1,1,1,0,1,0,0.0001157909730267,0.0,0.0005458213153223,0.0007708649766803,-0.0007860752386299,0.0,0.0,1.0,1.0,0.0
0.5,0,-1,0,1.0,0.0,32,1,1,1,0,1,0,0.0001157909730267,0.0,0.0005458213153223,0.0007708649766803,-0.0007860752386299,0.0,0.0,1.0,1.0,0.0
0.5,0,-1,0,1.0,0.0,64,1,1,1,0,1,0,0.0001157909730267,0.0,0.0005458213153223,0.0007708649766803,-0.0007860752386299,0.0,0.0,1.0,1.0,0.0
0.5,0,-1,0,1.0,0.0,128,1,1,1,0,1,0,0.0001157909730267,0.0,0.0005458213153223,0.0007708649766803,-0.0007860752386299,0.0,0.0,1.0,1.0,0.0
0.5,0,-1,0,1.0,0.0,999999,1,1,1,0,1,0,0.0001157909730267,0.0,0.0005458213153223,0.0007708649766803,-0.0007860752386299,0.0,0.0,1.0,1.0,0.0
0.5,0,-1,0,1.0,0.25,32,1,1,1,0,1,0,0.0001157909730267,0.0,0.0005458213153223,0.0007708649766803,-0.0007860752386299,0.0,0.0,1.0,1.0,0.0
0.5,0,-1,0,1.0,0.25,64,1,1,1,0,1,0,0.0001157909730267,0.0,0.0005458213153223,0.0007708649766803,-0.0007860752386299,0.0,0.0,1.0,1.0,0.0
0.5,0,-1,0,1.0,0.25,128,1,1,1,0,1,0,0.0001157909730267,0.0,0.0005458213153223,0.0007708649766803,-0.0007860752386299,0.0,0.0,1.0,1.0,0.0
0.5,0,-1,0,1.0,0.25,999999,1,1,1,0,1,0,0.0001157909730267,0.0,0.0005458213153223,0.0007708649766803,-0.0007860752386299,0.0,0.0,1.0,1.0,0.0
0.5,0,-1,0,1.0,0.35,32,1,1,1,0,1,0,0.0001157909730267,0.0,0.0005458213153223,0.0007708649766803,-0.0007860752386299,0.0,0.0,1.0,1.0,0.0
0.5,0,-1,0,1.0,0.35,64,1,1,1,0,1,0,0.0001157909730267,0.0,0.0005458213153223,0.0007708649766803,-0.0007860752386299,0.0,0.0,1.0,1.0,0.0
0.5,0,-1,0,1.0,0.35,128,1,1,1,0,1,0,0.0001157909730267,0.0,0.0005458213153223,0.0007708649766803,-0.0007860752386299,0.0,0.0,1.0,1.0,0.0
0.5,0,-1,0,1.0,0.35,999999,1,1,1,0,1,0,0.0001157909730267,0.0,0.0005458213153223,0.0007708649766803,-0.0007860752386299,0.0,0.0,1.0,1.0,0.0
0.5,0,-1,1,0.5,0.0,32,1,1,1,0,1,0,0.0001157909730267,0.0,0.0005458213153223,0.0007708649766803,-0.0007860752386299,0.0,0.0,1.0,1.0,0.0
0.5,0,-1,1,0.5,0.0,64,1,1,1,0,1,0,0.0001157909730267,0.0,0.0005458213153223,0.0007708649766803,-0.0007860752386299,0.0,0.0,1.0,1.0,0.0
0.5,0,-1,1,0.5,0.0,128,1,1,1,0,1,0,0.0001157909730267,0.0,0.0005458213153223,0.0007708649766803,-0.0007860752386299,0.0,0.0,1.0,1.0,0.0
0.5,0,-1,1,0.5,0.0,999999,1,1,1,0,1,0,0.0001157909730267,0.0,0.0005458213153223,0.0007708649766803,-0.0007860752386299,0.0,0.0,1.0,1.0,0.0
0.5,0,-1,1,0.5,0.25,32,1,1,1,0,1,0,0.0001157909730267,0.0,0.0005458213153223,0.0007708649766803,-0.0007860752386299,0.0,0.0,1.0,1.0,0.0
0.5,0,-1,1,0.5,0.25,64,1,1,1,0,1,0,0.0001157909730267,0.0,0.0005458213153223,0.0007708649766803,-0.0007860752386299,0.0,0.0,1.0,1.0,0.0
0.5,0,-1,1,0.5,0.25,128,1,1,1,0,1,0,0.0001157909730267,0.0,0.0005458213153223,0.0007708649766803,-0.0007860752386299,0.0,0.0,1.0,1.0,0.0
0.5,0,-1,1,0.5,0.25,999999,1,1,1,0,1,0,0.0001157909730267,0.0,0.0005458213153223,0.0007708649766803,-0.0007860752386299,0.0,0.0,1.0,1.0,0.0
0.5,0,-1,1,0.5,0.35,32,1,1,1,0,1,0,0.0001157909730267,0.0,0.0005458213153223,0.0007708649766803,-0.0007860752386299,0.0,0.0,1.0,1.0,0.0
0.5,0,-1,1,0.5,0.35,64,1,1,1,0,1,0,0.0001157909730267,0.0,0.0005458213153223,0.0007708649766803,-0.0007860752386299,0.0,0.0,1.0,1.0,0.0
0.5,0,-1,1,0.5,0.35,128,1,1,1,0,1,0,0.0001157909730267,0.0,0.0005458213153223,0.0007708649766803,-0.0007860752386299,0.0,0.0,1.0,1.0,0.0
0.5,0,-1,1,0.5,0.35,999999,1,1,1,0,1,0,0.0001157909730267,0.0,0.0005458213153223,0.0007708649766803,-0.0007860752386299,0.0,0.0,1.0,1.0,0.0
0.5,0,-1,1,0.75,0.0,32,1,1,1,0,1,0,0.0001157909730267,0.0,0.0005458213153223,0.0007708649766803,-0.0007860752386299,0.0,0.0,1.0,1.0,0.0
0.5,0,-1,1,0.75,0.0,64,1,1,1,0,1,0,0.0001157909730267,0.0,0.0005458213153223,0.0007708649766803,-0.0007860752386299,0.0,0.0,1.0,1.0,0.0
0.5,0,-1,1,0.75,0.0,128,1,1,1,0,1,0,0.0001157909730267,0.0,0.0005458213153223,0.0007708649766803,-0.0007860752386299,0.0,0.0,1.0,1.0,0.0
0.5,0,-1,1,0.75,0.0,999999,1,1,1,0,1,0,0.0001157909730267,0.0,0.0005458213153223,0.0007708649766803,-0.0007860752386299,0.0,0.0,1.0,1.0,0.0
0.5,0,-1,1,0.75,0.25,32,1,1,1,0,1,0,0.0001157909730267,0.0,0.0005458213153223,0.0007708649766803,-0.0007860752386299,0.0,0.0,1.0,1.0,0.0
0.5,0,-1,1,0.75,0.25,64,1,1,1,0,1,0,0.0001157909730267,0.0,0.0005458213153223,0.0007708649766803,-0.0007860752386299,0.0,0.0,1.0,1.0,0.0
0.5,0,-1,1,0.75,0.25,128,1,1,1,0,1,0,0.0001157909730267,0.0,0.0005458213153223,0.0007708649766803,-0.0007860752386299,0.0,0.0,1.0,1.0,0.0
0.5,0,-1,1,0.75,0.25,999999,1,1,1,0,1,0,0.0001157909730267,0.0,0.0005458213153223,0.0007708649766803,-0.0007860752386299,0.0,0.0,1.0,1.0,0.0
0.5,0,-1,1,0.75,0.35,32,1,1,1,0,1,0,0.0001157909730267,0.0,0.0005458213153223,0.0007708649766803,-0.0007860752386299,0.0,0.0,1.0,1.0,0.0
0.5,0,-1,1,0.75,0.35,64,1,1,1,0,1,0,0.0001157909730267,0.0,0.0005458213153223,0.0007708649766803,-0.0007860752386299,0.0,0.0,1.0,1.0,0.0
0.5,0,-1,1,0.75,0.35,128,1,1,1,0,1,0,0.0001157909730267,0.0,0.0005458213153223,0.0007708649766803,-0.0007860752386299,0.0,0.0,1.0,1.0,0.0
0.5,0,-1,1,0.75,0.35,999999,1,1,1,0,1,0,0.0001157909730267,0.0,0.0005458213153223,0.0007708649766803,-0.0007860752386299,0.0,0.0,1.0,1.0,0.0
0.5,0,-1,1,1.0,0.0,32,1,1,1,0,1,0,0.0001157909730267,0.0,0.0005458213153223,0.0007708649766803,-0.0007860752386299,0.0,0.0,1.0,1.0,0.0
0.5,0,-1,1,1.0,0.0,64,1,1,1,0,1,0,0.0001157909730267,0.0,0.0005458213153223,0.0007708649766803,-0.0007860752386299,0.0,0.0,1.0,1.0,0.0
0.5,0,-1,1,1.0,0.0,128,1,1,1,0,1,0,0.0001157909730267,0.0,0.0005458213153223,0.0007708649766803,-0.0007860752386299,0.0,0.0,1.0,1.0,0.0
0.5,0,-1,1,1.0,0.0,999999,1,1,1,0,1,0,0.0001157909730267,0.0,0.0005458213153223,0.0007708649766803,-0.0007860752386299,0.0,0.0,1.0,1.0,0.0
0.5,0,-1,1,1.0,0.25,32,1,1,1,0,1,0,0.0001157909730267,0.0,0.0005458213153223,0.0007708649766803,-0.0007860752386299,0.0,0.0,1.0,1.0,0.0
0.5,0,-1,1,1.0,0.25,64,1,1,1,0,1,0,0.0001157909730267,0.0,0.0005458213153223,0.0007708649766803,-0.0007860752386299,0.0,0.0,1.0,1.0,0.0
0.5,0,-1,1,1.0,0.25,128,1,1,1,0,1,0,0.0001157909730267,0.0,0.0005458213153223,0.0007708649766803,-0.0007860752386299,0.0,0.0,1.0,1.0,0.0
0.5,0,-1,1,1.0,0.25,999999,1,1,1,0,1,0,0.0001157909730267,0.0,0.0005458213153223,0.0007708649766803,-0.0007860752386299,0.0,0.0,1.0,1.0,0.0
0.5,0,-1,1,1.0,0.35,32,1,1,1,0,1,0,0.0001157909730267,0.0,0.0005458213153223,0.0007708649766803,-0.0007860752386299,0.0,0.0,1.0,1.0,0.0
0.5,0,-1,1,1.0,0.35,64,1,1,1,0,1,0,0.0001157909730267,0.0,0.0005458213153223,0.0007708649766803,-0.0007860752386299,0.0,0.0,1.0,1.0,0.0
0.5,0,-1,1,1.0,0.35,128,1,1,1,0,1,0,0.0001157909730267,0.0,0.0005458213153223,0.0007708649766803,-0.0007860752386299,0.0,0.0,1.0,1.0,0.0
0.5,0,-1,1,1.0,0.35,999999,1,1,1,0,1,0,0.0001157909730267,0.0,0.0005458213153223,0.0007708649766803,-0.0007860752386299,0.0,0.0,1.0,1.0,0.0
0.5,0,-1,999,0.5,0.0,32,1,1,1,0,1,0,0.0001157909730267,0.0,0.0005458213153223,0.0007708649766803,-0.0007860752386299,0.0,0.0,1.0,1.0,0.0
0.5,0,-1,999,0.5,0.0,64,1,1,1,0,1,0,0.0001157909730267,0.0,0.0005458213153223,0.0007708649766803,-0.0007860752386299,0.0,0.0,1.0,1.0,0.0
0.5,0,-1,999,0.5,0.0,128,1,1,1,0,1,0,0.0001157909730267,0.0,0.0005458213153223,0.0007708649766803,-0.0007860752386299,0.0,0.0,1.0,1.0,0.0
0.5,0,-1,999,0.5,0.0,999999,1,1,1,0,1,0,0.0001157909730267,0.0,0.0005458213153223,0.0007708649766803,-0.0007860752386299,0.0,0.0,1.0,1.0,0.0
0.5,0,-1,999,0.5,0.25,32,1,1,1,0,1,0,0.0001157909730267,0.0,0.0005458213153223,0.0007708649766803,-0.0007860752386299,0.0,0.0,1.0,1.0,0.0
0.5,0,-1,999,0.5,0.25,64,1,1,1,0,1,0,0.0001157909730267,0.0,0.0005458213153223,0.0007708649766803,-0.0007860752386299,0.0,0.0,1.0,1.0,0.0
0.5,0,-1,999,0.5,0.25,128,1,1,1,0,1,0,0.0001157909730267,0.0,0.0005458213153223,0.0007708649766803,-0.0007860752386299,0.0,0.0,1.0,1.0,0.0
0.5,0,-1,999,0.5,0.25,999999,1,1,1,0,1,0,0.0001157909730267,0.0,0.0005458213153223,0.0007708649766803,-0.0007860752386299,0.0,0.0,1.0,1.0,0.0
0.5,0,-1,999,0.5,0.35,32,1,1,1,0,1,0,0.0001157909730267,0.0,0.0005458213153223,0.0007708649766803,-0.0007860752386299,0.0,0.0,1.0,1.0,0.0
0.5,0,-1,999,0.5,0.35,64,1,1,1,0,1,0,0.0001157909730267,0.0,0.0005458213153223,0.0007708649766803,-0.0007860752386299,0.0,0.0,1.0,1.0,0.0
0.5,0,-1,999,0.5,0.35,128,1,1,1,0,1,0,0.0001157909730267,0.0,0.0005458213153223,0.0007708649766803,-0.0007860752386299,0.0,0.0,1.0,1.0,0.0
0.5,0,-1,999,0.5,0.35,999999,1,1,1,0,1,0,0.0001157909730267,0.0,0.0005458213153223,0.0007708649766803,-0.0007860752386299,0.0,0.0,1.0,1.0,0.0
0.5,0,-1,999,0.75,0.0,32,1,1,1,0,1,0,0.0001157909730267,0.0,0.0005458213153223,0.0007708649766803,-0.0007860752386299,0.0,0.0,1.0,1.0,0.0
0.5,0,-1,999,0.75,0.0,64,1,1,1,0,1,0,0.0001157909730267,0.0,0.0005458213153223,0.0007708649766803,-0.0007860752386299,0.0,0.0,1.0,1.0,0.0
0.5,0,-1,999,0.75,0.0,128,1,1,1,0,1,0,0.0001157909730267,0.0,0.0005458213153223,0.0007708649766803,-0.0007860752386299,0.0,0.0,1.0,1.0,0.0
0.5,0,-1,999,0.75,0.0,999999,1,1,1,0,1,0,0.0001157909730267,0.0,0.0005458213153223,0.0007708649766803,-0.0007860752386299,0.0,0.0,1.0,1.0,0.0
0.5,0,-1,999,0.75,0.25,32,1,1,1,0,1,0,0.0001157909730267,0.0,0.0005458213153223,0.0007708649766803,-0.0007860752386299,0.0,0.0,1.0,1.0,0.0
0.5,0,-1,999,0.75,0.25,64,1,1,1,0,1,0,0.0001157909730267,0.0,0.0005458213153223,0.0007708649766803,-0.0007860752386299,0.0,0.0,1.0,1.0,0.0
0.5,0,-1,999,0.75,0.25,128,1,1,1,0,1,0,0.0001157909730267,0.0,0.0005458213153223,0.0007708649766803,-0.0007860752386299,0.0,0.0,1.0,1.0,0.0
0.5,0,-1,999,0.75,0.25,999999,1,1,1,0,1,0,0.0001157909730267,0.0,0.0005458213153223,0.0007708649766803,-0.0007860752386299,0.0,0.0,1.0,1.0,0.0
0.5,0,-1,999,0.75,0.35,32,1,1,1,0,1,0,0.0001157909730267,0.0,0.0005458213153223,0.0007708649766803,-0.0007860752386299,0.0,0.0,1.0,1.0,0.0
0.5,0,-1,999,0.75,0.35,64,1,1,1,0,1,0,0.0001157909730267,0.0,0.0005458213153223,0.0007708649766803,-0.0007860752386299,0.0,0.0,1.0,1.0,0.0
0.5,0,-1,999,0.75,0.35,128,1,1,1,0,1,0,0.0001157909730267,0.0,0.0005458213153223,0.0007708649766803,-0.0007860752386299,0.0,0.0,1.0,1.0,0.0
0.5,0,-1,999,0.75,0.35,999999,1,1,1,0,1,0,0.0001157909730267,0.0,0.0005458213153223,0.0007708649766803,-0.0007860752386299,0.0,0.0,1.0,1.0,0.0
0.5,0,-1,999,1.0,0.0,32,1,1,1,0,1,0,0.0001157909730267,0.0,0.0005458213153223,0.0007708649766803,-0.0007860752386299,0.0,0.0,1.0,1.0,0.0
0.5,0,-1,999,1.0,0.0,64,1,1,1,0,1,0,0.0001157909730267,0.0,0.0005458213153223,0.0007708649766803,-0.0007860752386299,0.0,0.0,1.0,1.0,0.0
0.5,0,-1,999,1.0,0.0,128,1,1,1,0,1,0,0.0001157909730267,0.0,0.0005458213153223,0.0007708649766803,-0.0007860752386299,0.0,0.0,1.0,1.0,0.0
0.5,0,-1,999,1.0,0.0,999999,1,1,1,0,1,0,0.0001157909730267,0.0,0.0005458213153223,0.0007708649766803,-0.0007860752386299,0.0,0.0,1.0,1.0,0.0
0.5,0,-1,999,1.0,0.25,32,1,1,1,0,1,0,0.0001157909730267,0.0,0.0005458213153223,0.0007708649766803,-0.0007860752386299,0.0,0.0,1.0,1.0,0.0
0.5,0,-1,999,1.0,0.25,64,1,1,1,0,1,0,0.0001157909730267,0.0,0.0005458213153223,0.0007708649766803,-0.0007860752386299,0.0,0.0,1.0,1.0,0.0
0.5,0,-1,999,1.0,0.25,128,1,1,1,0,1,0,0.0001157909730267,0.0,0.0005458213153223,0.0007708649766803,-0.0007860752386299,0.0,0.0,1.0,1.0,0.0
0.5,0,-1,999,1.0,0.25,999999,1,1,1,0,1,0,0.0001157909730267,0.0,0.0005458213153223,0.0007708649766803,-0.0007860752386299,0.0,0.0,1.0,1.0,0.0
0.5,0,-1,999,1.0,0.35,32,1,1,1,0,1,0,0.0001157909730267,0.0,0.0005458213153223,0.0007708649766803,-0.0007860752386299,0.0,0.0,1.0,1.0,0.0
0.5,0,-1,999,1.0,0.35,64,1,1,1,0,1,0,0.0001157909730267,0.0,0.0005458213153223,0.0007708649766803,-0.0007860752386299,0.0,0.0,1.0,1.0,0.0
0.5,0,-1,999,1.0,0.35,128,1,1,1,0,1,0,0.0001157909730267,0.0,0.0005458213153223,0.0007708649766803,-0.0007860752386299,0.0,0.0,1.0,1.0,0.0
0.5,0,-1,999,1.0,0.35,999999,1,1,1,0,1,0,0.0001157909730267,0.0,0.0005458213153223,0.0007708649766803,-0.0007860752386299,0.0,0.0,1.0,1.0,0.0
0.5,1,-1,0,0.5,0.0,32,1,1,1,0,1,0,0.0001157909730267,0.0,0.0005458213153223,0.0007708649766803,-0.0007860752386299,0.0,0.0,1.0,1.0,0.0
0.5,1,-1,0,0.5,0.0,64,1,1,1,0,1,0,0.0001157909730267,0.0,0.0005458213153223,0.0007708649766803,-0.0007860752386299,0.0,0.0,1.0,1.0,0.0
0.5,1,-1,0,0.5,0.0,128,1,1,1,0,1,0,0.0001157909730267,0.0,0.0005458213153223,0.0007708649766803,-0.0007860752386299,0.0,0.0,1.0,1.0,0.0
0.5,1,-1,0,0.5,0.0,999999,1,1,1,0,1,0,0.0001157909730267,0.0,0.0005458213153223,0.0007708649766803,-0.0007860752386299,0.0,0.0,1.0,1.0,0.0
0.5,1,-1,0,0.5,0.25,32,1,1,1,0,1,0,0.0001157909730267,0.0,0.0005458213153223,0.0007708649766803,-0.0007860752386299,0.0,0.0,1.0,1.0,0.0
0.5,1,-1,0,0.5,0.25,64,1,1,1,0,1,0,0.0001157909730267,0.0,0.0005458213153223,0.0007708649766803,-0.0007860752386299,0.0,0.0,1.0,1.0,0.0
0.5,1,-1,0,0.5,0.25,128,1,1,1,0,1,0,0.0001157909730267,0.0,0.0005458213153223,0.0007708649766803,-0.0007860752386299,0.0,0.0,1.0,1.0,0.0
0.5,1,-1,0,0.5,0.25,999999,1,1,1,0,1,0,0.0001157909730267,0.0,0.0005458213153223,0.0007708649766803,-0.0007860752386299,0.0,0.0,1.0,1.0,0.0
0.5,1,-1,0,0.5,0.35,32,1,1,1,0,1,0,0.0001157909730267,0.0,0.0005458213153223,0.0007708649766803,-0.0007860752386299,0.0,0.0,1.0,1.0,0.0
0.5,1,-1,0,0.5,0.35,64,1,1,1,0,1,0,0.0001157909730267,0.0,0.0005458213153223,0.0007708649766803,-0.0007860752386299,0.0,0.0,1.0,1.0,0.0
0.5,1,-1,0,0.5,0.35,128,1,1,1,0,1,0,0.0001157909730267,0.0,0.0005458213153223,0.0007708649766803,-0.0007860752386299,0.0,0.0,1.0,1.0,0.0
0.5,1,-1,0,0.5,0.35,999999,1,1,1,0,1,0,0.0001157909730267,0.0,0.0005458213153223,0.0007708649766803,-0.0007860752386299,0.0,0.0,1.0,1.0,0.0
0.5,1,-1,0,0.75,0.0,32,1,1,1,0,1,0,0.0001157909730267,0.0,0.0005458213153223,0.0007708649766803,-0.0007860752386299,0.0,0.0,1.0,1.0,0.0
0.5,1,-1,0,0.75,0.0,64,1,1,1,0,1,0,0.0001157909730267,0.0,0.0005458213153223,0.0007708649766803,-0.0007860752386299,0.0,0.0,1.0,1.0,0.0
0.5,1,-1,0,0.75,0.0,128,1,1,1,0,1,0,0.0001157909730267,0.0,0.0005458213153223,0.0007708649766803,-0.0007860752386299,0.0,0.0,1.0,1.0,0.0
0.5,1,-1,0,0.75,0.0,999999,1,1,1,0,1,0,0.0001157909730267,0.0,0.0005458213153223,0.0007708649766803,-0.0007860752386299,0.0,0.0,1.0,1.0,0.0
0.5,1,-1,0,0.75,0.25,32,1,1,1,0,1,0,0.0001157909730267,0.0,0.0005458213153223,0.0007708649766803,-0.0007860752386299,0.0,0.0,1.0,1.0,0.0
0.5,1,-1,0,0.75,0.25,64,1,1,1,0,1,0,0.0001157909730267,0.0,0.0005458213153223,0.0007708649766803,-0.0007860752386299,0.0,0.0,1.0,1.0,0.0
0.5,1,-1,0,0.75,0.25,128,1,1,1,0,1,0,0.0001157909730267,0.0,0.0005458213153223,0.0007708649766803,-0.0007860752386299,0.0,0.0,1.0,1.0,0.0
0.5,1,-1,0,0.75,0.25,999999,1,1,1,0,1,0,0.0001157909730267,0.0,0.0005458213153223,0.0007708649766803,-0.0007860752386299,0.0,0.0,1.0,1.0,0.0
0.5,1,-1,0,0.75,0.35,32,1,1,1,0,1,0,0.0001157909730267,0.0,0.0005458213153223,0.0007708649766803,-0.0007860752386299,0.0,0.0,1.0,1.0,0.0
0.5,1,-1,0,0.75,0.35,64,1,1,1,0,1,0,0.0001157909730267,0.0,0.0005458213153223,0.0007708649766803,-0.0007860752386299,0.0,0.0,1.0,1.0,0.0
0.5,1,-1,0,0.75,0.35,128,1,1,1,0,1,0,0.0001157909730267,0.0,0.0005458213153223,0.0007708649766803,-0.0007860752386299,0.0,0.0,1.0,1.0,0.0
0.5,1,-1,0,0.75,0.35,999999,1,1,1,0,1,0,0.0001157909730267,0.0,0.0005458213153223,0.0007708649766803,-0.0007860752386299,0.0,0.0,1.0,1.0,0.0
0.5,1,-1,0,1.0,0.0,32,1,1,1,0,1,0,0.0001157909730267,0.0,0.0005458213153223,0.0007708649766803,-0.0007860752386299,0.0,0.0,1.0,1.0,0.0
0.5,1,-1,0,1.0,0.0,64,1,1,1,0,1,0,0.0001157909730267,0.0,0.0005458213153223,0.0007708649766803,-0.0007860752386299,0.0,0.0,1.0,1.0,0.0
0.5,1,-1,0,1.0,0.0,128,1,1,1,0,1,0,0.0001157909730267,0.0,0.0005458213153223,0.0007708649766803,-0.0007860752386299,0.0,0.0,1.0,1.0,0.0
0.5,1,-1,0,1.0,0.0,999999,1,1,1,0,1,0,0.0001157909730267,0.0,0.0005458213153223,0.0007708649766803,-0.0007860752386299,0.0,0.0,1.0,1.0,0.0
0.5,1,-1,0,1.0,0.25,32,1,1,1,0,1,0,0.0001157909730267,0.0,0.0005458213153223,0.0007708649766803,-0.0007860752386299,0.0,0.0,1.0,1.0,0.0
0.5,1,-1,0,1.0,0.25,64,1,1,1,0,1,0,0.0001157909730267,0.0,0.0005458213153223,0.0007708649766803,-0.0007860752386299,0.0,0.0,1.0,1.0,0.0
0.5,1,-1,0,1.0,0.25,128,1,1,1,0,1,0,0.0001157909730267,0.0,0.0005458213153223,0.0007708649766803,-0.0007860752386299,0.0,0.0,1.0,1.0,0.0
0.5,1,-1,0,1.0,0.25,999999,1,1,1,0,1,0,0.0001157909730267,0.0,0.0005458213153223,0.0007708649766803,-0.0007860752386299,0.0,0.0,1.0,1.0,0.0
0.5,1,-1,0,1.0,0.35,32,1,1,1,0,1,0,0.0001157909730267,0.0,0.0005458213153223,0.0007708649766803,-0.0007860752386299,0.0,0.0,1.0,1.0,0.0
0.5,1,-1,0,1.0,0.35,64,1,1,1,0,1,0,0.0001157909730267,0.0,0.0005458213153223,0.0007708649766803,-0.0007860752386299,0.0,0.0,1.0,1.0,0.0
0.5,1,-1,0,1.0,0.35,128,1,1,1,0,1,0,0.0001157909730267,0.0,0.0005458213153223,0.0007708649766803,-0.0007860752386299,0.0,0.0,1.0,1.0,0.0
0.5,1,-1,0,1.0,0.35,999999,1,1,1,0,1,0,0.0001157909730267,0.0,0.0005458213153223,0.0007708649766803,-0.0007860752386299,0.0,0.0,1.0,1.0,0.0
0.5,1,-1,1,0.5,0.0,32,1,1,1,0,1,0,0.0001157909730267,0.0,0.0005458213153223,0.0007708649766803,-0.0007860752386299,0.0,0.0,1.0,1.0,0.0
0.5,1,-1,1,0.5,0.0,64,1,1,1,0,1,0,0.0001157909730267,0.0,0.0005458213153223,0.0007708649766803,-0.0007860752386299,0.0,0.0,1.0,1.0,0.0
0.5,1,-1,1,0.5,0.0,128,1,1,1,0,1,0,0.0001157909730267,0.0,0.0005458213153223,0.0007708649766803,-0.0007860752386299,0.0,0.0,1.0,1.0,0.0
0.5,1,-1,1,0.5,0.0,999999,1,1,1,0,1,0,0.0001157909730267,0.0,0.0005458213153223,0.0007708649766803,-0.0007860752386299,0.0,0.0,1.0,1.0,0.0
0.5,1,-1,1,0.5,0.25,32,1,1,1,0,1,0,0.0001157909730267,0.0,0.0005458213153223,0.0007708649766803,-0.0007860752386299,0.0,0.0,1.0,1.0,0.0
0.5,1,-1,1,0.5,0.25,64,1,1,1,0,1,0,0.0001157909730267,0.0,0.0005458213153223,0.0007708649766803,-0.0007860752386299,0.0,0.0,1.0,1.0,0.0
0.5,1,-1,1,0.5,0.25,128,1,1,1,0,1,0,0.0001157909730267,0.0,0.0005458213153223,0.0007708649766803,-0.0007860752386299,0.0,0.0,1.0,1.0,0.0
0.5,1,-1,1,0.5,0.25,999999,1,1,1,0,1,0,0.0001157909730267,0.0,0.0005458213153223,0.0007708649766803,-0.0007860752386299,0.0,0.0,1.0,1.0,0.0
0.5,1,-1,1,0.5,0.35,32,1,1,1,0,1,0,0.0001157909730267,0.0,0.0005458213153223,0.0007708649766803,-0.0007860752386299,0.0,0.0,1.0,1.0,0.0
0.5,1,-1,1,0.5,0.35,64,1,1,1,0,1,0,0.0001157909730267,0.0,0.0005458213153223,0.0007708649766803,-0.0007860752386299,0.0,0.0,1.0,1.0,0.0
0.5,1,-1,1,0.5,0.35,128,1,1,1,0,1,0,0.0001157909730267,0.0,0.0005458213153223,0.0007708649766803,-0.0007860752386299,0.0,0.0,1.0,1.0,0.0
0.5,1,-1,1,0.5,0.35,999999,1,1,1,0,1,0,0.0001157909730267,0.0,0.0005458213153223,0.0007708649766803,-0.0007860752386299,0.0,0.0,1.0,1.0,0.0
0.5,1,-1,1,0.75,0.0,32,1,1,1,0,1,0,0.0001157909730267,0.0,0.0005458213153223,0.0007708649766803,-0.0007860752386299,0.0,0.0,1.0,1.0,0.0
0.5,1,-1,1,0.75,0.0,64,1,1,1,0,1,0,0.0001157909730267,0.0,0.0005458213153223,0.0007708649766803,-0.0007860752386299,0.0,0.0,1.0,1.0,0.0
0.5,1,-1,1,0.75,0.0,128,1,1,1,0,1,0,0.0001157909730267,0.0,0.0005458213153223,0.0007708649766803,-0.0007860752386299,0.0,0.0,1.0,1.0,0.0
0.5,1,-1,1,0.75,0.0,999999,1,1,1,0,1,0,0.0001157909730267,0.0,0.0005458213153223,0.0007708649766803,-0.0007860752386299,0.0,0.0,1.0,1.0,0.0
0.5,1,-1,1,0.75,0.25,32,1,1,1,0,1,0,0.0001157909730267,0.0,0.0005458213153223,0.0007708649766803,-0.0007860752386299,0.0,0.0,1.0,1.0,0.0
0.5,1,-1,1,0.75,0.25,64,1,1,1,0,1,0,0.0001157909730267,0.0,0.0005458213153223,0.0007708649766803,-0.0007860752386299,0.0,0.0,1.0,1.0,0.0
0.5,1,-1,1,0.75,0.25,128,1,1,1,0,1,0,0.0001157909730267,0.0,0.0005458213153223,0.0007708649766803,-0.0007860752386299,0.0,0.0,1.0,1.0,0.0
0.5,1,-1,1,0.75,0.25,999999,1,1,1,0,1,0,0.0001157909730267,0.0,0.0005458213153223,0.0007708649766803,-0.0007860752386299,0.0,0.0,1.0,1.0,0.0
0.5,1,-1,1,0.75,0.35,32,1,1,1,0,1,0,0.0001157909730267,0.0,0.0005458213153223,0.0007708649766803,-0.0007860752386299,0.0,0.0,1.0,1.0,0.0
0.5,1,-1,1,0.75,0.35,64,1,1,1,0,1,0,0.0001157909730267,0.0,0.0005458213153223,0.0007708649766803,-0.0007860752386299,0.0,0.0,1.0,1.0,0.0
0.5,1,-1,1,0.75,0.35,128,1,1,1,0,1,0,0.0001157909730267,0.0,0.0005458213153223,0.0007708649766803,-0.0007860752386299,0.0,0.0,1.0,1.0,0.0
0.5,1,-1,1,0.75,0.35,999999,1,1,1,0,1,0,0.0001157909730267,0.0,0.0005458213153223,0.0007708649766803,-0.0007860752386299,0.0,0.0,1.0,1.0,0.0
0.5,1,-1,1,1.0,0.0,32,1,1,1,0,1,0,0.0001157909730267,0.0,0.0005458213153223,0.0007708649766803,-0.0007860752386299,0.0,0.0,1.0,1.0,0.0
0.5,1,-1,1,1.0,0.0,64,1,1,1,0,1,0,0.0001157909730267,0.0,0.0005458213153223,0.0007708649766803,-0.0007860752386299,0.0,0.0,1.0,1.0,0.0
0.5,1,-1,1,1.0,0.0,128,1,1,1,0,1,0,0.0001157909730267,0.0,0.0005458213153223,0.0007708649766803,-0.0007860752386299,0.0,0.0,1.0,1.0,0.0
0.5,1,-1,1,1.0,0.0,999999,1,1,1,0,1,0,0.0001157909730267,0.0,0.0005458213153223,0.0007708649766803,-0.0007860752386299,0.0,0.0,1.0,1.0,0.0
0.5,1,-1,1,1.0,0.25,32,1,1,1,0,1,0,0.0001157909730267,0.0,0.0005458213153223,0.0007708649766803,-0.0007860752386299,0.0,0.0,1.0,1.0,0.0
0.5,1,-1,1,1.0,0.25,64,1,1,1,0,1,0,0.0001157909730267,0.0,0.0005458213153223,0.0007708649766803,-0.0007860752386299,0.0,0.0,1.0,1.0,0.0
0.5,1,-1,1,1.0,0.25,128,1,1,1,0,1,0,0.0001157909730267,0.0,0.0005458213153223,0.0007708649766803,-0.0007860752386299,0.0,0.0,1.0,1.0,0.0
0.5,1,-1,1,1.0,0.25,999999,1,1,1,0,1,0,0.0001157909730267,0.0,0.0005458213153223,0.0007708649766803,-0.0007860752386299,0.0,0.0,1.0,1.0,0.0
0.5,1,-1,1,1.0,0.35,32,1,1,1,0,1,0,0.0001157909730267,0.0,0.0005458213153223,0.0007708649766803,-0.0007860752386299,0.0,0.0,1.0,1.0,0.0
0.5,1,-1,1,1.0,0.35,64,1,1,1,0,1,0,0.0001157909730267,0.0,0.0005458213153223,0.0007708649766803,-0.0007860752386299,0.0,0.0,1.0,1.0,0.0
0.5,1,-1,1,1.0,0.35,128,1,1,1,0,1,0,0.0001157909730267,0.0,0.0005458213153223,0.0007708649766803,-0.0007860752386299,0.0,0.0,1.0,1.0,0.0
0.5,1,-1,1,1.0,0.35,999999,1,1,1,0,1,0,0.0001157909730267,0.0,0.0005458213153223,0.0007708649766803,-0.0007860752386299,0.0,0.0,1.0,1.0,0.0
0.5,1,-1,999,0.5,0.0,32,1,1,1,0,1,0,0.0001157909730267,0.0,0.0005458213153223,0.0007708649766803,-0.0007860752386299,0.0,0.0,1.0,1.0,0.0
0.5,1,-1,999,0.5,0.0,64,1,1,1,0,1,0,0.0001157909730267,0.0,0.0005458213153223,0.0007708649766803,-0.0007860752386299,0.0,0.0,1.0,1.0,0.0
0.5,1,-1,999,0.5,0.0,128,1,1,1,0,1,0,0.0001157909730267,0.0,0.0005458213153223,0.0007708649766803,-0.0007860752386299,0.0,0.0,1.0,1.0,0.0
0.5,1,-1,999,0.5,0.0,999999,1,1,1,0,1,0,0.0001157909730267,0.0,0.0005458213153223,0.0007708649766803,-0.0007860752386299,0.0,0.0,1.0,1.0,0.0
0.5,1,-1,999,0.5,0.25,32,1,1,1,0,1,0,0.0001157909730267,0.0,0.0005458213153223,0.0007708649766803,-0.0007860752386299,0.0,0.0,1.0,1.0,0.0
0.5,1,-1,999,0.5,0.25,64,1,1,1,0,1,0,0.0001157909730267,0.0,0.0005458213153223,0.0007708649766803,-0.0007860752386299,0.0,0.0,1.0,1.0,0.0
0.5,1,-1,999,0.5,0.25,128,1,1,1,0,1,0,0.0001157909730267,0.0,0.0005458213153223,0.0007708649766803,-0.0007860752386299,0.0,0.0,1.0,1.0,0.0
0.5,1,-1,999,0.5,0.25,999999,1,1,1,0,1,0,0.0001157909730267,0.0,0.0005458213153223,0.0007708649766803,-0.0007860752386299,0.0,0.0,1.0,1.0,0.0
0.5,1,-1,999,0.5,0.35,32,1,1,1,0,1,0,0.0001157909730267,0.0,0.0005458213153223,0.0007708649766803,-0.0007860752386299,0.0,0.0,1.0,1.0,0.0
0.5,1,-1,999,0.5,0.35,64,1,1,1,0,1,0,0.0001157909730267,0.0,0.0005458213153223,0.0007708649766803,-0.0007860752386299,0.0,0.0,1.0,1.0,0.0
0.5,1,-1,999,0.5,0.35,128,1,1,1,0,1,0,0.0001157909730267,0.0,0.0005458213153223,0.0007708649766803,-0.0007860752386299,0.0,0.0,1.0,1.0,0.0
0.5,1,-1,999,0.5,0.35,999999,1,1,1,0,1,0,0.0001157909730267,0.0,0.0005458213153223,0.0007708649766803,-0.0007860752386299,0.0,0.0,1.0,1.0,0.0
0.5,1,-1,999,0.75,0.0,32,1,1,1,0,1,0,0.0001157909730267,0.0,0.0005458213153223,0.0007708649766803,-0.0007860752386299,0.0,0.0,1.0,1.0,0.0
0.5,1,-1,999,0.75,0.0,64,1,1,1,0,1,0,0.0001157909730267,0.0,0.0005458213153223,0.0007708649766803,-0.0007860752386299,0.0,0.0,1.0,1.0,0.0
0.5,1,-1,999,0.75,0.0,128,1,1,1,0,1,0,0.0001157909730267,0.0,0.0005458213153223,0.0007708649766803,-0.0007860752386299,0.0,0.0,1.0,1.0,0.0
0.5,1,-1,999,0.75,0.0,999999,1,1,1,0,1,0,0.0001157909730267,0.0,0.0005458213153223,0.0007708649766803,-0.0007860752386299,0.0,0.0,1.0,1.0,0.0
0.5,1,-1,999,0.75,0.25,32,1,1,1,0,1,0,0.0001157909730267,0.0,0.0005458213153223,0.0007708649766803,-0.0007860752386299,0.0,0.0,1.0,1.0,0.0
0.5,1,-1,999,0.75,0.25,64,1,1,1,0,1,0,0.0001157909730267,0.0,0.0005458213153223,0.0007708649766803,-0.0007860752386299,0.0,0.0,1.0,1.0,0.0
0.5,1,-1,999,0.75,0.25,128,1,1,1,0,1,0,0.0001157909730267,0.0,0.0005458213153223,0.0007708649766803,-0.0007860752386299,0.0,0.0,1.0,1.0,0.0
0.5,1,-1,999,0.75,0.25,999999,1,1,1,0,1,0,0.0001157909730267,0.0,0.0005458213153223,0.0007708649766803,-0.0007860752386299,0.0,0.0,1.0,1.0,0.0
0.5,1,-1,999,0.75,0.35,32,1,1,1,0,1,0,0.0001157909730267,0.0,0.0005458213153223,0.0007708649766803,-0.0007860752386299,0.0,0.0,1.0,1.0,0.0
0.5,1,-1,999,0.75,0.35,64,1,1,1,0,1,0,0.0001157909730267,0.0,0.0005458213153223,0.0007708649766803,-0.0007860752386299,0.0,0.0,1.0,1.0,0.0
0.5,1,-1,999,0.75,0.35,128,1,1,1,0,1,0,0.0001157909730267,0.0,0.0005458213153223,0.0007708649766803,-0.0007860752386299,0.0,0.0,1.0,1.0,0.0
0.5,1,-1,999,0.75,0.35,999999,1,1,1,0,1,0,0.0001157909730267,0.0,0.0005458213153223,0.0007708649766803,-0.0007860752386299,0.0,0.0,1.0,1.0,0.0
0.5,1,-1,999,1.0,0.0,32,1,1,1,0,1,0,0.0001157909730267,0.0,0.0005458213153223,0.0007708649766803,-0.0007860752386299,0.0,0.0,1.0,1.0,0.0
0.5,1,-1,999,1.0,0.0,64,1,1,1,0,1,0,0.0001157909730267,0.0,0.0005458213153223,0.0007708649766803,-0.0007860752386299,0.0,0.0,1.0,1.0,0.0
0.5,1,-1,999,1.0,0.0,128,1,1,1,0,1,0,0.0001157909730267,0.0,0.0005458213153223,0.0007708649766803,-0.0007860752386299,0.0,0.0,1.0,1.0,0.0
0.5,1,-1,999,1.0,0.0,999999,1,1,1,0,1,0,0.0001157909730267,0.0,0.0005458213153223,0.0007708649766803,-0.0007860752386299,0.0,0.0,1.0,1.0,0.0
0.5,1,-1,999,1.0,0.25,32,1,1,1,0,1,0,0.0001157909730267,0.0,0.0005458213153223,0.0007708649766803,-0.0007860752386299,0.0,0.0,1.0,1.0,0.0
0.5,1,-1,999,1.0,0.25,64,1,1,1,0,1,0,0.0001157909730267,0.0,0.0005458213153223,0.0007708649766803,-0.0007860752386299,0.0,0.0,1.0,1.0,0.0
0.5,1,-1,999,1.0,0.25,128,1,1,1,0,1,0,0.0001157909730267,0.0,0.0005458213153223,0.0007708649766803,-0.0007860752386299,0.0,0.0,1.0,1.0,0.0
0.5,1,-1,999,1.0,0.25,999999,1,1,1,0,1,0,0.0001157909730267,0.0,0.0005458213153223,0.0007708649766803,-0.0007860752386299,0.0,0.0,1.0,1.0,0.0
0.5,1,-1,999,1.0,0.35,32,1,1,1,0,1,0,0.0001157909730267,0.0,0.0005458213153223,0.0007708649766803,-0.0007860752386299,0.0,0.0,1.0,1.0,0.0
0.5,1,-1,999,1.0,0.35,64,1,1,1,0,1,0,0.0001157909730267,0.0,0.0005458213153223,0.0007708649766803,-0.0007860752386299,0.0,0.0,1.0,1.0,0.0
0.5,1,-1,999,1.0,0.35,128,1,1,1,0,1,0,0.0001157909730267,0.0,0.0005458213153223,0.0007708649766803,-0.0007860752386299,0.0,0.0,1.0,1.0,0.0
0.5,1,-1,999,1.0,0.35,999999,1,1,1,0,1,0,0.0001157909730267,0.0,0.0005458213153223,0.0007708649766803,-0.0007860752386299,0.0,0.0,1.0,1.0,0.0
0.5,2,-1,0,0.5,0.0,32,1,1,1,0,1,0,0.0001157909730267,0.0,0.0005458213153223,0.0007708649766803,-0.0007860752386299,0.0,0.0,1.0,1.0,0.0
0.5,2,-1,0,0.5,0.0,64,1,1,1,0,1,0,0.0001157909730267,0.0,0.0005458213153223,0.0007708649766803,-0.0007860752386299,0.0,0.0,1.0,1.0,0.0
0.5,2,-1,0,0.5,0.0,128,1,1,1,0,1,0,0.0001157909730267,0.0,0.0005458213153223,0.0007708649766803,-0.0007860752386299,0.0,0.0,1.0,1.0,0.0
0.5,2,-1,0,0.5,0.0,999999,1,1,1,0,1,0,0.0001157909730267,0.0,0.0005458213153223,0.0007708649766803,-0.0007860752386299,0.0,0.0,1.0,1.0,0.0
0.5,2,-1,0,0.5,0.25,32,1,1,1,0,1,0,0.0001157909730267,0.0,0.0005458213153223,0.0007708649766803,-0.0007860752386299,0.0,0.0,1.0,1.0,0.0
0.5,2,-1,0,0.5,0.25,64,1,1,1,0,1,0,0.0001157909730267,0.0,0.0005458213153223,0.0007708649766803,-0.0007860752386299,0.0,0.0,1.0,1.0,0.0
0.5,2,-1,0,0.5,0.25,128,1,1,1,0,1,0,0.0001157909730267,0.0,0.0005458213153223,0.0007708649766803,-0.0007860752386299,0.0,0.0,1.0,1.0,0.0
0.5,2,-1,0,0.5,0.25,999999,1,1,1,0,1,0,0.0001157909730267,0.0,0.0005458213153223,0.0007708649766803,-0.0007860752386299,0.0,0.0,1.0,1.0,0.0
0.5,2,-1,0,0.5,0.35,32,1,1,1,0,1,0,0.0001157909730267,0.0,0.0005458213153223,0.0007708649766803,-0.0007860752386299,0.0,0.0,1.0,1.0,0.0
0.5,2,-1,0,0.5,0.35,64,1,1,1,0,1,0,0.0001157909730267,0.0,0.0005458213153223,0.0007708649766803,-0.0007860752386299,0.0,0.0,1.0,1.0,0.0
0.5,2,-1,0,0.5,0.35,128,1,1,1,0,1,0,0.0001157909730267,0.0,0.0005458213153223,0.0007708649766803,-0.0007860752386299,0.0,0.0,1.0,1.0,0.0
0.5,2,-1,0,0.5,0.35,999999,1,1,1,0,1,0,0.0001157909730267,0.0,0.0005458213153223,0.0007708649766803,-0.0007860752386299,0.0,0.0,1.0,1.0,0.0
0.5,2,-1,0,0.75,0.0,32,1,1,1,0,1,0,0.0001157909730267,0.0,0.0005458213153223,0.0007708649766803,-0.0007860752386299,0.0,0.0,1.0,1.0,0.0
0.5,2,-1,0,0.75,0.0,64,1,1,1,0,1,0,0.0001157909730267,0.0,0.0005458213153223,0.0007708649766803,-0.0007860752386299,0.0,0.0,1.0,1.0,0.0
0.5,2,-1,0,0.75,0.0,128,1,1,1,0,1,0,0.0001157909730267,0.0,0.0005458213153223,0.0007708649766803,-0.0007860752386299,0.0,0.0,1.0,1.0,0.0
0.5,2,-1,0,0.75,0.0,999999,1,1,1,0,1,0,0.0001157909730267,0.0,0.0005458213153223,0.0007708649766803,-0.0007860752386299,0.0,0.0,1.0,1.0,0.0
0.5,2,-1,0,0.75,0.25,32,1,1,1,0,1,0,0.0001157909730267,0.0,0.0005458213153223,0.0007708649766803,-0.0007860752386299,0.0,0.0,1.0,1.0,0.0
0.5,2,-1,0,0.75,0.25,64,1,1,1,0,1,0,0.0001157909730267,0.0,0.0005458213153223,0.0007708649766803,-0.0007860752386299,0.0,0.0,1.0,1.0,0.0
0.5,2,-1,0,0.75,0.25,128,1,1,1,0,1,0,0.0001157909730267,0.0,0.0005458213153223,0.0007708649766803,-0.0007860752386299,0.0,0.0,1.0,1.0,0.0
0.5,2,-1,0,0.75,0.25,999999,1,1,1,0,1,0,0.0001157909730267,0.0,0.0005458213153223,0.0007708649766803,-0.0007860752386299,0.0,0.0,1.0,1.0,0.0
0.5,2,-1,0,0.75,0.35,32,1,1,1,0,1,0,0.0001157909730267,0.0,0.0005458213153223,0.0007708649766803,-0.0007860752386299,0.0,0.0,1.0,1.0,0.0
0.5,2,-1,0,0.75,0.35,64,1,1,1,0,1,0,0.0001157909730267,0.0,0.0005458213153223,0.0007708649766803,-0.0007860752386299,0.0,0.0,1.0,1.0,0.0
0.5,2,-1,0,0.75,0.35,128,1,1,1,0,1,0,0.0001157909730267,0.0,0.0005458213153223,0.0007708649766803,-0.0007860752386299,0.0,0.0,1.0,1.0,0.0
0.5,2,-1,0,0.75,0.35,999999,1,1,1,0,1,0,0.0001157909730267,0.0,0.0005458213153223,0.0007708649766803,-0.0007860752386299,0.0,0.0,1.0,1.0,0.0
0.5,2,-1,0,1.0,0.0,32,1,1,1,0,1,0,0.0001157909730267,0.0,0.0005458213153223,0.0007708649766803,-0.0007860752386299,0.0,0.0,1.0,1.0,0.0
0.5,2,-1,0,1.0,0.0,64,1,1,1,0,1,0,0.0001157909730267,0.0,0.0005458213153223,0.0007708649766803,-0.0007860752386299,0.0,0.0,1.0,1.0,0.0
0.5,2,-1,0,1.0,0.0,128,1,1,1,0,1,0,0.0001157909730267,0.0,0.0005458213153223,0.0007708649766803,-0.0007860752386299,0.0,0.0,1.0,1.0,0.0
0.5,2,-1,0,1.0,0.0,999999,1,1,1,0,1,0,0.0001157909730267,0.0,0.0005458213153223,0.0007708649766803,-0.0007860752386299,0.0,0.0,1.0,1.0,0.0
0.5,2,-1,0,1.0,0.25,32,1,1,1,0,1,0,0.0001157909730267,0.0,0.0005458213153223,0.0007708649766803,-0.0007860752386299,0.0,0.0,1.0,1.0,0.0
0.5,2,-1,0,1.0,0.25,64,1,1,1,0,1,0,0.0001157909730267,0.0,0.0005458213153223,0.0007708649766803,-0.0007860752386299,0.0,0.0,1.0,1.0,0.0
0.5,2,-1,0,1.0,0.25,128,1,1,1,0,1,0,0.0001157909730267,0.0,0.0005458213153223,0.0007708649766803,-0.0007860752386299,0.0,0.0,1.0,1.0,0.0
0.5,2,-1,0,1.0,0.25,999999,1,1,1,0,1,0,0.0001157909730267,0.0,0.0005458213153223,0.0007708649766803,-0.0007860752386299,0.0,0.0,1.0,1.0,0.0
0.5,2,-1,0,1.0,0.35,32,1,1,1,0,1,0,0.0001157909730267,0.0,0.0005458213153223,0.0007708649766803,-0.0007860752386299,0.0,0.0,1.0,1.0,0.0
0.5,2,-1,0,1.0,0.35,64,1,1,1,0,1,0,0.0001157909730267,0.0,0.0005458213153223,0.0007708649766803,-0.0007860752386299,0.0,0.0,1.0,1.0,0.0
0.5,2,-1,0,1.0,0.35,128,1,1,1,0,1,0,0.0001157909730267,0.0,0.0005458213153223,0.0007708649766803,-0.0007860752386299,0.0,0.0,1.0,1.0,0.0
0.5,2,-1,0,1.0,0.35,999999,1,1,1,0,1,0,0.0001157909730267,0.0,0.0005458213153223,0.0007708649766803,-0.0007860752386299,0.0,0.0,1.0,1.0,0.0
0.5,2,-1,1,0.5,0.0,32,1,1,1,0,1,0,0.0001157909730267,0.0,0.0005458213153223,0.0007708649766803,-0.0007860752386299,0.0,0.0,1.0,1.0,0.0
0.5,2,-1,1,0.5,0.0,64,1,1,1,0,1,0,0.0001157909730267,0.0,0.0005458213153223,0.0007708649766803,-0.0007860752386299,0.0,0.0,1.0,1.0,0.0
0.5,2,-1,1,0.5,0.0,128,1,1,1,0,1,0,0.0001157909730267,0.0,0.0005458213153223,0.0007708649766803,-0.0007860752386299,0.0,0.0,1.0,1.0,0.0
0.5,2,-1,1,0.5,0.0,999999,1,1,1,0,1,0,0.0001157909730267,0.0,0.0005458213153223,0.0007708649766803,-0.0007860752386299,0.0,0.0,1.0,1.0,0.0
0.5,2,-1,1,0.5,0.25,32,1,1,1,0,1,0,0.0001157909730267,0.0,0.0005458213153223,0.0007708649766803,-0.0007860752386299,0.0,0.0,1.0,1.0,0.0
0.5,2,-1,1,0.5,0.25,64,1,1,1,0,1,0,0.0001157909730267,0.0,0.0005458213153223,0.0007708649766803,-0.0007860752386299,0.0,0.0,1.0,1.0,0.0
0.5,2,-1,1,0.5,0.25,128,1,1,1,0,1,0,0.0001157909730267,0.0,0.0005458213153223,0.0007708649766803,-0.0007860752386299,0.0,0.0,1.0,1.0,0.0
0.5,2,-1,1,0.5,0.25,999999,1,1,1,0,1,0,0.0001157909730267,0.0,0.0005458213153223,0.0007708649766803,-0.0007860752386299,0.0,0.0,1.0,1.0,0.0
0.5,2,-1,1,0.5,0.35,32,1,1,1,0,1,0,0.0001157909730267,0.0,0.0005458213153223,0.0007708649766803,-0.0007860752386299,0.0,0.0,1.0,1.0,0.0
0.5,2,-1,1,0.5,0.35,64,1,1,1,0,1,0,0.0001157909730267,0.0,0.0005458213153223,0.0007708649766803,-0.0007860752386299,0.0,0.0,1.0,1.0,0.0
0.5,2,-1,1,0.5,0.35,128,1,1,1,0,1,0,0.0001157909730267,0.0,0.0005458213153223,0.0007708649766803,-0.0007860752386299,0.0,0.0,1.0,1.0,0.0
0.5,2,-1,1,0.5,0.35,999999,1,1,1,0,1,0,0.0001157909730267,0.0,0.0005458213153223,0.0007708649766803,-0.0007860752386299,0.0,0.0,1.0,1.0,0.0
0.5,2,-1,1,0.75,0.0,32,1,1,1,0,1,0,0.0001157909730267,0.0,0.0005458213153223,0.0007708649766803,-0.0007860752386299,0.0,0.0,1.0,1.0,0.0
0.5,2,-1,1,0.75,0.0,64,1,1,1,0,1,0,0.0001157909730267,0.0,0.0005458213153223,0.0007708649766803,-0.0007860752386299,0.0,0.0,1.0,1.0,0.0
0.5,2,-1,1,0.75,0.0,128,1,1,1,0,1,0,0.0001157909730267,0.0,0.0005458213153223,0.0007708649766803,-0.0007860752386299,0.0,0.0,1.0,1.0,0.0
0.5,2,-1,1,0.75,0.0,999999,1,1,1,0,1,0,0.0001157909730267,0.0,0.0005458213153223,0.0007708649766803,-0.0007860752386299,0.0,0.0,1.0,1.0,0.0
0.5,2,-1,1,0.75,0.25,32,1,1,1,0,1,0,0.0001157909730267,0.0,0.0005458213153223,0.0007708649766803,-0.0007860752386299,0.0,0.0,1.0,1.0,0.0
0.5,2,-1,1,0.75,0.25,64,1,1,1,0,1,0,0.0001157909730267,0.0,0.0005458213153223,0.0007708649766803,-0.0007860752386299,0.0,0.0,1.0,1.0,0.0
0.5,2,-1,1,0.75,0.25,128,1,1,1,0,1,0,0.0001157909730267,0.0,0.0005458213153223,0.0007708649766803,-0.0007860752386299,0.0,0.0,1.0,1.0,0.0
0.5,2,-1,1,0.75,0.25,999999,1,1,1,0,1,0,0.0001157909730267,0.0,0.0005458213153223,0.0007708649766803,-0.0007860752386299,0.0,0.0,1.0,1.0,0.0
0.5,2,-1,1,0.75,0.35,32,1,1,1,0,1,0,0.0001157909730267,0.0,0.0005458213153223,0.0007708649766803,-0.0007860752386299,0.0,0.0,1.0,1.0,0.0
0.5,2,-1,1,0.75,0.35,64,1,1,1,0,1,0,0.0001157909730267,0.0,0.0005458213153223,0.0007708649766803,-0.0007860752386299,0.0,0.0,1.0,1.0,0.0
0.5,2,-1,1,0.75,0.35,128,1,1,1,0,1,0,0.0001157909730267,0.0,0.0005458213153223,0.0007708649766803,-0.0007860752386299,0.0,0.0,1.0,1.0,0.0
0.5,2,-1,1,0.75,0.35,999999,1,1,1,0,1,0,0.0001157909730267,0.0,0.0005458213153223,0.0007708649766803,-0.0007860752386299,0.0,0.0,1.0,1.0,0.0
0.5,2,-1,1,1.0,0.0,32,1,1,1,0,1,0,0.0001157909730267,0.0,0.0005458213153223,0.0007708649766803,-0.0007860752386299,0.0,0.0,1.0,1.0,0.0
0.5,2,-1,1,1.0,0.0,64,1,1,1,0,1,0,0.0001157909730267,0.0,0.0005458213153223,0.0007708649766803,-0.0007860752386299,0.0,0.0,1.0,1.0,0.0
0.5,2,-1,1,1.0,0.0,128,1,1,1,0,1,0,0.0001157909730267,0.0,0.0005458213153223,0.0007708649766803,-0.0007860752386299,0.0,0.0,1.0,1.0,0.0
0.5,2,-1,1,1.0,0.0,999999,1,1,1,0,1,0,0.0001157909730267,0.0,0.0005458213153223,0.0007708649766803,-0.0007860752386299,0.0,0.0,1.0,1.0,0.0
0.5,2,-1,1,1.0,0.25,32,1,1,1,0,1,0,0.0001157909730267,0.0,0.0005458213153223,0.0007708649766803,-0.0007860752386299,0.0,0.0,1.0,1.0,0.0
0.5,2,-1,1,1.0,0.25,64,1,1,1,0,1,0,0.0001157909730267,0.0,0.0005458213153223,0.0007708649766803,-0.0007860752386299,0.0,0.0,1.0,1.0,0.0
0.5,2,-1,1,1.0,0.25,128,1,1,1,0,1,0,0.0001157909730267,0.0,0.0005458213153223,0.0007708649766803,-0.0007860752386299,0.0,0.0,1.0,1.0,0.0
0.5,2,-1,1,1.0,0.25,999999,1,1,1,0,1,0,0.0001157909730267,0.0,0.0005458213153223,0.0007708649766803,-0.0007860752386299,0.0,0.0,1.0,1.0,0.0
0.5,2,-1,1,1.0,0.35,32,1,1,1,0,1,0,0.0001157909730267,0.0,0.0005458213153223,0.0007708649766803,-0.0007860752386299,0.0,0.0,1.0,1.0,0.0
0.5,2,-1,1,1.0,0.35,64,1,1,1,0,1,0,0.0001157909730267,0.0,0.0005458213153223,0.0007708649766803,-0.0007860752386299,0.0,0.0,1.0,1.0,0.0
0.5,2,-1,1,1.0,0.35,128,1,1,1,0,1,0,0.0001157909730267,0.0,0.0005458213153223,0.0007708649766803,-0.0007860752386299,0.0,0.0,1.0,1.0,0.0
0.5,2,-1,1,1.0,0.35,999999,1,1,1,0,1,0,0.0001157909730267,0.0,0.0005458213153223,0.0007708649766803,-0.0007860752386299,0.0,0.0,1.0,1.0,0.0
0.5,2,-1,999,0.5,0.0,32,1,1,1,0,1,0,0.0001157909730267,0.0,0.0005458213153223,0.0007708649766803,-0.0007860752386299,0.0,0.0,1.0,1.0,0.0
0.5,2,-1,999,0.5,0.0,64,1,1,1,0,1,0,0.0001157909730267,0.0,0.0005458213153223,0.0007708649766803,-0.0007860752386299,0.0,0.0,1.0,1.0,0.0
0.5,2,-1,999,0.5,0.0,128,1,1,1,0,1,0,0.0001157909730267,0.0,0.0005458213153223,0.0007708649766803,-0.0007860752386299,0.0,0.0,1.0,1.0,0.0
0.5,2,-1,999,0.5,0.0,999999,1,1,1,0,1,0,0.0001157909730267,0.0,0.0005458213153223,0.0007708649766803,-0.0007860752386299,0.0,0.0,1.0,1.0,0.0
0.5,2,-1,999,0.5,0.25,32,1,1,1,0,1,0,0.0001157909730267,0.0,0.0005458213153223,0.0007708649766803,-0.0007860752386299,0.0,0.0,1.0,1.0,0.0
0.5,2,-1,999,0.5,0.25,64,1,1,1,0,1,0,0.0001157909730267,0.0,0.0005458213153223,0.0007708649766803,-0.0007860752386299,0.0,0.0,1.0,1.0,0.0
0.5,2,-1,999,0.5,0.25,128,1,1,1,0,1,0,0.0001157909730267,0.0,0.0005458213153223,0.0007708649766803,-0.0007860752386299,0.0,0.0,1.0,1.0,0.0
0.5,2,-1,999,0.5,0.25,999999,1,1,1,0,1,0,0.0001157909730267,0.0,0.0005458213153223,0.0007708649766803,-0.0007860752386299,0.0,0.0,1.0,1.0,0.0
0.5,2,-1,999,0.5,0.35,32,1,1,1,0,1,0,0.0001157909730267,0.0,0.0005458213153223,0.0007708649766803,-0.0007860752386299,0.0,0.0,1.0,1.0,0.0
0.5,2,-1,999,0.5,0.35,64,1,1,1,0,1,0,0.0001157909730267,0.0,0.0005458213153223,0.0007708649766803,-0.0007860752386299,0.0,0.0,1.0,1.0,0.0
0.5,2,-1,999,0.5,0.35,128,1,1,1,0,1,0,0.0001157909730267,0.0,0.0005458213153223,0.0007708649766803,-0.0007860752386299,0.0,0.0,1.0,1.0,0.0
0.5,2,-1,999,0.5,0.35,999999,1,1,1,0,1,0,0.0001157909730267,0.0,0.0005458213153223,0.0007708649766803,-0.0007860752386299,0.0,0.0,1.0,1.0,0.0
0.5,2,-1,999,0.75,0.0,32,1,1,1,0,1,0,0.0001157909730267,0.0,0.0005458213153223,0.0007708649766803,-0.0007860752386299,0.0,0.0,1.0,1.0,0.0
0.5,2,-1,999,0.75,0.0,64,1,1,1,0,1,0,0.0001157909730267,0.0,0.0005458213153223,0.0007708649766803,-0.0007860752386299,0.0,0.0,1.0,1.0,0.0
0.5,2,-1,999,0.75,0.0,128,1,1,1,0,1,0,0.0001157909730267,0.0,0.0005458213153223,0.0007708649766803,-0.0007860752386299,0.0,0.0,1.0,1.0,0.0
0.5,2,-1,999,0.75,0.0,999999,1,1,1,0,1,0,0.0001157909730267,0.0,0.0005458213153223,0.0007708649766803,-0.0007860752386299,0.0,0.0,1.0,1.0,0.0
0.5,2,-1,999,0.75,0.25,32,1,1,1,0,1,0,0.0001157909730267,0.0,0.0005458213153223,0.0007708649766803,-0.0007860752386299,0.0,0.0,1.0,1.0,0.0
0.5,2,-1,999,0.75,0.25,64,1,1,1,0,1,0,0.0001157909730267,0.0,0.0005458213153223,0.0007708649766803,-0.0007860752386299,0.0,0.0,1.0,1.0,0.0
0.5,2,-1,999,0.75,0.25,128,1,1,1,0,1,0,0.0001157909730267,0.0,0.0005458213153223,0.0007708649766803,-0.0007860752386299,0.0,0.0,1.0,1.0,0.0
0.5,2,-1,999,0.75,0.25,999999,1,1,1,0,1,0,0.0001157909730267,0.0,0.0005458213153223,0.0007708649766803,-0.0007860752386299,0.0,0.0,1.0,1.0,0.0
0.5,2,-1,999,0.75,0.35,32,1,1,1,0,1,0,0.0001157909730267,0.0,0.0005458213153223,0.0007708649766803,-0.0007860752386299,0.0,0.0,1.0,1.0,0.0
0.5,2,-1,999,0.75,0.35,64,1,1,1,0,1,0,0.0001157909730267,0.0,0.0005458213153223,0.0007708649766803,-0.0007860752386299,0.0,0.0,1.0,1.0,0.0
0.5,2,-1,999,0.75,0.35,128,1,1,1,0,1,0,0.0001157909730267,0.0,0.0005458213153223,0.0007708649766803,-0.0007860752386299,0.0,0.0,1.0,1.0,0.0
0.5,2,-1,999,0.75,0.35,999999,1,1,1,0,1,0,0.0001157909730267,0.0,0.0005458213153223,0.0007708649766803,-0.0007860752386299,0.0,0.0,1.0,1.0,0.0
0.5,2,-1,999,1.0,0.0,32,1,1,1,0,1,0,0.0001157909730267,0.0,0.0005458213153223,0.0007708649766803,-0.0007860752386299,0.0,0.0,1.0,1.0,0.0
0.5,2,-1,999,1.0,0.0,64,1,1,1,0,1,0,0.0001157909730267,0.0,0.0005458213153223,0.0007708649766803,-0.0007860752386299,0.0,0.0,1.0,1.0,0.0
0.5,2,-1,999,1.0,0.0,128,1,1,1,0,1,0,0.0001157909730267,0.0,0.0005458213153223,0.0007708649766803,-0.0007860752386299,0.0,0.0,1.0,1.0,0.0
0.5,2,-1,999,1.0,0.0,999999,1,1,1,0,1,0,0.0001157909730267,0.0,0.0005458213153223,0.0007708649766803,-0.0007860752386299,0.0,0.0,1.0,1.0,0.0
0.5,2,-1,999,1.0,0.25,32,1,1,1,0,1,0,0.0001157909730267,0.0,0.0005458213153223,0.0007708649766803,-0.0007860752386299,0.0,0.0,1.0,1.0,0.0
0.5,2,-1,999,1.0,0.25,64,1,1,1,0,1,0,0.0001157909730267,0.0,0.0005458213153223,0.0007708649766803,-0.0007860752386299,0.0,0.0,1.0,1.0,0.0
0.5,2,-1,999,1.0,0.25,128,1,1,1,0,1,0,0.0001157909730267,0.0,0.0005458213153223,0.0007708649766803,-0.0007860752386299,0.0,0.0,1.0,1.0,0.0
0.5,2,-1,999,1.0,0.25,999999,1,1,1,0,1,0,0.0001157909730267,0.0,0.0005458213153223,0.0007708649766803,-0.0007860752386299,0.0,0.0,1.0,1.0,0.0
0.5,2,-1,999,1.0,0.35,32,1,1,1,0,1,0,0.0001157909730267,0.0,0.0005458213153223,0.0007708649766803,-0.0007860752386299,0.0,0.0,1.0,1.0,0.0
0.5,2,-1,999,1.0,0.35,64,1,1,1,0,1,0,0.0001157909730267,0.0,0.0005458213153223,0.0007708649766803,-0.0007860752386299,0.0,0.0,1.0,1.0,0.0
0.5,2,-1,999,1.0,0.35,128,1,1,1,0,1,0,0.0001157909730267,0.0,0.0005458213153223,0.0007708649766803,-0.0007860752386299,0.0,0.0,1.0,1.0,0.0
0.5,2,-1,999,1.0,0.35,999999,1,1,1,0,1,0,0.0001157909730267,0.0,0.0005458213153223,0.0007708649766803,-0.0007860752386299,0.0,0.0,1.0,1.0,0.0
0.0,2,0,0,0.25,0.0,16,1,1,1,0,1,0,5.789185718985124e-05,0.0,0.0004498885455482,0.0006354300699349,-0.000393037619315,0.0,0.0,1.0,1.0,0.0
0.0,2,0,0,0.25,0.0,32,1,1,1,0,1,0,5.789185718985124e-05,0.0,0.0004498885455482,0.0006354300699349,-0.000393037619315,0.0,0.0,1.0,1.0,0.0
0.0,2,0,0,0.25,0.0,64,1,1,1,0,1,0,5.789185718985124e-05,0.0,0.0004498885455482,0.0006354300699349,-0.000393037619315,0.0,0.0,1.0,1.0,0.0
0.0,2,0,0,0.25,0.25,16,1,1,1,0,1,0,5.789185718985124e-05,0.0,0.0004498885455482,0.0006354300699349,-0.000393037619315,0.0,0.0,1.0,1.0,0.0
0.0,2,0,0,0.25,0.25,32,1,1,1,0,1,0,5.789185718985124e-05,0.0,0.0004498885455482,0.0006354300699349,-0.000393037619315,0.0,0.0,1.0,1.0,0.0
0.0,2,0,0,0.25,0.25,64,1,1,1,0,1,0,5.789185718985124e-05,0.0,0.0004498885455482,0.0006354300699349,-0.000393037619315,0.0,0.0,1.0,1.0,0.0
0.0,2,0,0,0.25,0.35,16,1,1,1,0,1,0,5.789185718985124e-05,0.0,0.0004498885455482,0.0006354300699349,-0.000393037619315,0.0,0.0,1.0,1.0,0.0
0.0,2,0,0,0.25,0.35,32,1,1,1,0,1,0,5.789185718985124e-05,0.0,0.0004498885455482,0.0006354300699349,-0.000393037619315,0.0,0.0,1.0,1.0,0.0
0.0,2,0,0,0.25,0.35,64,1,1,1,0,1,0,5.789185718985124e-05,0.0,0.0004498885455482,0.0006354300699349,-0.000393037619315,0.0,0.0,1.0,1.0,0.0
0.0,2,0,0,0.5,0.0,16,1,1,1,0,1,0,5.789185718985124e-05,0.0,0.0004498885455482,0.0006354300699349,-0.000393037619315,0.0,0.0,1.0,1.0,0.0
0.0,2,0,0,0.5,0.0,32,1,1,1,0,1,0,5.789185718985124e-05,0.0,0.0004498885455482,0.0006354300699349,-0.000393037619315,0.0,0.0,1.0,1.0,0.0
0.0,2,0,0,0.5,0.0,64,1,1,1,0,1,0,5.789185718985124e-05,0.0,0.0004498885455482,0.0006354300699349,-0.000393037619315,0.0,0.0,1.0,1.0,0.0
0.0,2,0,0,0.5,0.25,16,1,1,1,0,1,0,5.789185718985124e-05,0.0,0.0004498885455482,0.0006354300699349,-0.000393037619315,0.0,0.0,1.0,1.0,0.0
0.0,2,0,0,0.5,0.25,32,1,1,1,0,1,0,5.789185718985124e-05,0.0,0.0004498885455482,0.0006354300699349,-0.000393037619315,0.0,0.0,1.0,1.0,0.0
0.0,2,0,0,0.5,0.25,64,1,1,1,0,1,0,5.789185718985124e-05,0.0,0.0004498885455482,0.0006354300699349,-0.000393037619315,0.0,0.0,1.0,1.0,0.0
0.0,2,0,0,0.5,0.35,16,1,1,1,0,1,0,5.789185718985124e-05,0.0,0.0004498885455482,0.0006354300699349,-0.000393037619315,0.0,0.0,1.0,1.0,0.0
0.0,2,0,0,0.5,0.35,32,1,1,1,0,1,0,5.789185718985124e-05,0.0,0.0004498885455482,0.0006354300699349,-0.000393037619315,0.0,0.0,1.0,1.0,0.0
0.0,2,0,0,0.5,0.35,64,1,1,1,0,1,0,5.789185718985124e-05,0.0,0.0004498885455482,0.0006354300699349,-0.000393037619315,0.0,0.0,1.0,1.0,0.0
0.0,2,0,0,0.75,0.0,16,1,1,1,0,1,0,5.789185718985124e-05,0.0,0.0004498885455482,0.0006354300699349,-0.000393037619315,0.0,0.0,1.0,1.0,0.0
0.0,2,0,0,0.75,0.0,32,1,1,1,0,1,0,5.789185718985124e-05,0.0,0.0004498885455482,0.0006354300699349,-0.000393037619315,0.0,0.0,1.0,1.0,0.0
0.0,2,0,0,0.75,0.0,64,1,1,1,0,1,0,5.789185718985124e-05,0.0,0.0004498885455482,0.0006354300699349,-0.000393037619315,0.0,0.0,1.0,1.0,0.0
0.0,2,0,0,0.75,0.25,16,1,1,1,0,1,0,5.789185718985124e-05,0.0,0.0004498885455482,0.0006354300699349,-0.000393037619315,0.0,0.0,1.0,1.0,0.0
0.0,2,0,0,0.75,0.25,32,1,1,1,0,1,0,5.789185718985124e-05,0.0,0.0004498885455482,0.0006354300699349,-0.000393037619315,0.0,0.0,1.0,1.0,0.0
0.0,2,0,0,0.75,0.25,64,1,1,1,0,1,0,5.789185718985124e-05,0.0,0.0004498885455482,0.0006354300699349,-0.000393037619315,0.0,0.0,1.0,1.0,0.0
0.0,2,0,0,0.75,0.35,16,1,1,1,0,1,0,5.789185718985124e-05,0.0,0.0004498885455482,0.0006354300699349,-0.000393037619315,0.0,0.0,1.0,1.0,0.0
0.0,2,0,0,0.75,0.35,32,1,1,1,0,1,0,5.789185718985124e-05,0.0,0.0004498885455482,0.0006354300699349,-0.000393037619315,0.0,0.0,1.0,1.0,0.0
0.0,2,0,0,0.75,0.35,64,1,1,1,0,1,0,5.789185718985124e-05,0.0,0.0004498885455482,0.0006354300699349,-0.000393037619315,0.0,0.0,1.0,1.0,0.0
0.0,2,0,0,1.0,0.0,16,1,1,1,0,1,0,5.789185718985124e-05,0.0,0.0004498885455482,0.0006354300699349,-0.000393037619315,0.0,0.0,1.0,1.0,0.0
0.0,2,0,0,1.0,0.0,32,1,1,1,0,1,0,5.789185718985124e-05,0.0,0.0004498885455482,0.0006354300699349,-0.000393037619315,0.0,0.0,1.0,1.0,0.0
0.0,2,0,0,1.0,0.0,64,1,1,1,0,1,0,5.789185718985124e-05,0.0,0.0004498885455482,0.0006354300699349,-0.000393037619315,0.0,0.0,1.0,1.0,0.0
0.0,2,0,0,1.0,0.25,16,1,1,1,0,1,0,5.789185718985124e-05,0.0,0.0004498885455482,0.0006354300699349,-0.000393037619315,0.0,0.0,1.0,1.0,0.0
0.0,2,0,0,1.0,0.25,32,1,1,1,0,1,0,5.789185718985124e-05,0.0,0.0004498885455482,0.0006354300699349,-0.000393037619315,0.0,0.0,1.0,1.0,0.0
0.0,2,0,0,1.0,0.25,64,1,1,1,0,1,0,5.789185718985124e-05,0.0,0.0004498885455482,0.0006354300699349,-0.000393037619315,0.0,0.0,1.0,1.0,0.0
0.0,2,0,0,1.0,0.35,16,1,1,1,0,1,0,5.789185718985124e-05,0.0,0.0004498885455482,0.0006354300699349,-0.000393037619315,0.0,0.0,1.0,1.0,0.0
0.0,2,0,0,1.0,0.35,32,1,1,1,0,1,0,5.789185718985124e-05,0.0,0.0004498885455482,0.0006354300699349,-0.000393037619315,0.0,0.0,1.0,1.0,0.0
0.0,2,0,0,1.0,0.35,64,1,1,1,0,1,0,5.789185718985124e-05,0.0,0.0004498885455482,0.0006354300699349,-0.000393037619315,0.0,0.0,1.0,1.0,0.0
0.0,2,0,1,0.25,0.0,16,1,1,1,0,1,0,5.789185718985124e-05,0.0,0.0004498885455482,0.0006354300699349,-0.000393037619315,0.0,0.0,1.0,1.0,0.0
0.0,2,0,1,0.25,0.0,32,1,1,1,0,1,0,5.789185718985124e-05,0.0,0.0004498885455482,0.0006354300699349,-0.000393037619315,0.0,0.0,1.0,1.0,0.0
0.0,2,0,1,0.25,0.0,64,1,1,1,0,1,0,5.789185718985124e-05,0.0,0.0004498885455482,0.0006354300699349,-0.000393037619315,0.0,0.0,1.0,1.0,0.0
0.0,2,0,1,0.25,0.25,16,1,1,1,0,1,0,5.789185718985124e-05,0.0,0.0004498885455482,0.0006354300699349,-0.000393037619315,0.0,0.0,1.0,1.0,0.0
0.0,2,0,1,0.25,0.25,32,1,1,1,0,1,0,5.789185718985124e-05,0.0,0.0004498885455482,0.0006354300699349,-0.000393037619315,0.0,0.0,1.0,1.0,0.0
0.0,2,0,1,0.25,0.25,64,1,1,1,0,1,0,5.789185718985124e-05,0.0,0.0004498885455482,0.0006354300699349,-0.000393037619315,0.0,0.0,1.0,1.0,0.0
0.0,2,0,1,0.25,0.35,16,1,1,1,0,1,0,5.789185718985124e-05,0.0,0.0004498885455482,0.0006354300699349,-0.000393037619315,0.0,0.0,1.0,1.0,0.0
0.0,2,0,1,0.25,0.35,32,1,1,1,0,1,0,5.789185718985124e-05,0.0,0.0004498885455482,0.0006354300699349,-0.000393037619315,0.0,0.0,1.0,1.0,0.0
0.0,2,0,1,0.25,0.35,64,1,1,1,0,1,0,5.789185718985124e-05,0.0,0.0004498885455482,0.0006354300699349,-0.000393037619315,0.0,0.0,1.0,1.0,0.0
0.0,2,0,1,0.5,0.0,16,1,1,1,0,1,0,5.789185718985124e-05,0.0,0.0004498885455482,0.0006354300699349,-0.000393037619315,0.0,0.0,1.0,1.0,0.0
0.0,2,0,1,0.5,0.0,32,1,1,1,0,1,0,5.789185718985124e-05,0.0,0.0004498885455482,0.0006354300699349,-0.000393037619315,0.0,0.0,1.0,1.0,0.0
0.0,2,0,1,0.5,0.0,64,1,1,1,0,1,0,5.789185718985124e-05,0.0,0.0004498885455482,0.0006354300699349,-0.000393037619315,0.0,0.0,1.0,1.0,0.0
0.0,2,0,1,0.5,0.25,16,1,1,1,0,1,0,5.789185718985124e-05,0.0,0.0004498885455482,0.0006354300699349,-0.000393037619315,0.0,0.0,1.0,1.0,0.0
0.0,2,0,1,0.5,0.25,32,1,1,1,0,1,0,5.789185718985124e-05,0.0,0.0004498885455482,0.0006354300699349,-0.000393037619315,0.0,0.0,1.0,1.0,0.0
0.0,2,0,1,0.5,0.25,64,1,1,1,0,1,0,5.789185718985124e-05,0.0,0.0004498885455482,0.0006354300699349,-0.000393037619315,0.0,0.0,1.0,1.0,0.0
0.0,2,0,1,0.5,0.35,16,1,1,1,0,1,0,5.789185718985124e-05,0.0,0.0004498885455482,0.0006354300699349,-0.000393037619315,0.0,0.0,1.0,1.0,0.0
0.0,2,0,1,0.5,0.35,32,1,1,1,0,1,0,5.789185718985124e-05,0.0,0.0004498885455482,0.0006354300699349,-0.000393037619315,0.0,0.0,1.0,1.0,0.0
0.0,2,0,1,0.5,0.35,64,1,1,1,0,1,0,5.789185718985124e-05,0.0,0.0004498885455482,0.0006354300699349,-0.000393037619315,0.0,0.0,1.0,1.0,0.0
0.0,2,0,1,0.75,0.0,16,1,1,1,0,1,0,5.789185718985124e-05,0.0,0.0004498885455482,0.0006354300699349,-0.000393037619315,0.0,0.0,1.0,1.0,0.0
0.0,2,0,1,0.75,0.0,32,1,1,1,0,1,0,5.789185718985124e-05,0.0,0.0004498885455482,0.0006354300699349,-0.000393037619315,0.0,0.0,1.0,1.0,0.0
0.0,2,0,1,0.75,0.0,64,1,1,1,0,1,0,5.789185718985124e-05,0.0,0.0004498885455482,0.0006354300699349,-0.000393037619315,0.0,0.0,1.0,1.0,0.0
0.0,2,0,1,0.75,0.25,16,1,1,1,0,1,0,5.789185718985124e-05,0.0,0.0004498885455482,0.0006354300699349,-0.000393037619315,0.0,0.0,1.0,1.0,0.0
0.0,2,0,1,0.75,0.25,32,1,1,1,0,1,0,5.789185718985124e-05,0.0,0.0004498885455482,0.0006354300699349,-0.000393037619315,0.0,0.0,1.0,1.0,0.0
0.0,2,0,1,0.75,0.25,64,1,1,1,0,1,0,5.789185718985124e-05,0.0,0.0004498885455482,0.0006354300699349,-0.000393037619315,0.0,0.0,1.0,1.0,0.0
0.0,2,0,1,0.75,0.35,16,1,1,1,0,1,0,5.789185718985124e-05,0.0,0.0004498885455482,0.0006354300699349,-0.000393037619315,0.0,0.0,1.0,1.0,0.0
0.0,2,0,1,0.75,0.35,32,1,1,1,0,1,0,5.789185718985124e-05,0.0,0.0004498885455482,0.0006354300699349,-0.000393037619315,0.0,0.0,1.0,1.0,0.0
0.0,2,0,1,0.75,0.35,64,1,1,1,0,1,0,5.789185718985124e-05,0.0,0.0004498885455482,0.0006354300699349,-0.000393037619315,0.0,0.0,1.0,1.0,0.0
0.0,2,0,1,1.0,0.0,16,1,1,1,0,1,0,5.789185718985124e-05,0.0,0.0004498885455482,0.0006354300699349,-0.000393037619315,0.0,0.0,1.0,1.0,0.0
0.0,2,0,1,1.0,0.0,32,1,1,1,0,1,0,5.789185718985124e-05,0.0,0.0004498885455482,0.0006354300699349,-0.000393037619315,0.0,0.0,1.0,1.0,0.0
0.0,2,0,1,1.0,0.0,64,1,1,1,0,1,0,5.789185718985124e-05,0.0,0.0004498885455482,0.0006354300699349,-0.000393037619315,0.0,0.0,1.0,1.0,0.0
0.0,2,0,1,1.0,0.25,16,1,1,1,0,1,0,5.789185718985124e-05,0.0,0.0004498885455482,0.0006354300699349,-0.000393037619315,0.0,0.0,1.0,1.0,0.0
0.0,2,0,1,1.0,0.25,32,1,1,1,0,1,0,5.789185718985124e-05,0.0,0.0004498885455482,0.0006354300699349,-0.000393037619315,0.0,0.0,1.0,1.0,0.0
0.0,2,0,1,1.0,0.25,64,1,1,1,0,1,0,5.789185718985124e-05,0.0,0.0004498885455482,0.0006354300699349,-0.000393037619315,0.0,0.0,1.0,1.0,0.0
0.0,2,0,1,1.0,0.35,16,1,1,1,0,1,0,5.789185718985124e-05,0.0,0.0004498885455482,0.0006354300699349,-0.000393037619315,0.0,0.0,1.0,1.0,0.0
0.0,2,0,1,1.0,0.35,32,1,1,1,0,1,0,5.789185718985124e-05,0.0,0.0004498885455482,0.0006354300699349,-0.000393037619315,0.0,0.0,1.0,1.0,0.0
0.0,2,0,1,1.0,0.35,64,1,1,1,0,1,0,5.789185718985124e-05,0.0,0.0004498885455482,0.0006354300699349,-0.000393037619315,0.0,0.0,1.0,1.0,0.0
0.0,2,0,999,0.25,0.0,16,1,1,1,0,1,0,5.789185718985124e-05,0.0,0.0004498885455482,0.0006354300699349,-0.000393037619315,0.0,0.0,1.0,1.0,0.0
0.0,2,0,999,0.25,0.0,32,1,1,1,0,1,0,5.789185718985124e-05,0.0,0.0004498885455482,0.0006354300699349,-0.000393037619315,0.0,0.0,1.0,1.0,0.0
0.0,2,0,999,0.25,0.0,64,1,1,1,0,1,0,5.789185718985124e-05,0.0,0.0004498885455482,0.0006354300699349,-0.000393037619315,0.0,0.0,1.0,1.0,0.0
0.0,2,0,999,0.25,0.25,16,1,1,1,0,1,0,5.789185718985124e-05,0.0,0.0004498885455482,0.0006354300699349,-0.000393037619315,0.0,0.0,1.0,1.0,0.0
0.0,2,0,999,0.25,0.25,32,1,1,1,0,1,0,5.789185718985124e-05,0.0,0.0004498885455482,0.0006354300699349,-0.000393037619315,0.0,0.0,1.0,1.0,0.0
0.0,2,0,999,0.25,0.25,64,1,1,1,0,1,0,5.789185718985124e-05,0.0,0.0004498885455482,0.0006354300699349,-0.000393037619315,0.0,0.0,1.0,1.0,0.0
0.0,2,0,999,0.25,0.35,16,1,1,1,0,1,0,5.789185718985124e-05,0.0,0.0004498885455482,0.0006354300699349,-0.000393037619315,0.0,0.0,1.0,1.0,0.0
0.0,2,0,999,0.25,0.35,32,1,1,1,0,1,0,5.789185718985124e-05,0.0,0.0004498885455482,0.0006354300699349,-0.000393037619315,0.0,0.0,1.0,1.0,0.0
0.0,2,0,999,0.25,0.35,64,1,1,1,0,1,0,5.789185718985124e-05,0.0,0.0004498885455482,0.0006354300699349,-0.000393037619315,0.0,0.0,1.0,1.0,0.0
0.0,2,0,999,0.5,0.0,16,1,1,1,0,1,0,5.789185718985124e-05,0.0,0.0004498885455482,0.0006354300699349,-0.000393037619315,0.0,0.0,1.0,1.0,0.0
0.0,2,0,999,0.5,0.0,32,1,1,1,0,1,0,5.789185718985124e-05,0.0,0.0004498885455482,0.0006354300699349,-0.000393037619315,0.0,0.0,1.0,1.0,0.0
0.0,2,0,999,0.5,0.0,64,1,1,1,0,1,0,5.789185718985124e-05,0.0,0.0004498885455482,0.0006354300699349,-0.000393037619315,0.0,0.0,1.0,1.0,0.0
0.0,2,0,999,0.5,0.25,16,1,1,1,0,1,0,5.789185718985124e-05,0.0,0.0004498885455482,0.0006354300699349,-0.000393037619315,0.0,0.0,1.0,1.0,0.0
0.0,2,0,999,0.5,0.25,32,1,1,1,0,1,0,5.789185718985124e-05,0.0,0.0004498885455482,0.0006354300699349,-0.000393037619315,0.0,0.0,1.0,1.0,0.0
0.0,2,0,999,0.5,0.25,64,1,1,1,0,1,0,5.789185718985124e-05,0.0,0.0004498885455482,0.0006354300699349,-0.000393037619315,0.0,0.0,1.0,1.0,0.0
0.0,2,0,999,0.5,0.35,16,1,1,1,0,1,0,5.789185718985124e-05,0.0,0.0004498885455482,0.0006354300699349,-0.000393037619315,0.0,0.0,1.0,1.0,0.0
0.0,2,0,999,0.5,0.35,32,1,1,1,0,1,0,5.789185718985124e-05,0.0,0.0004498885455482,0.0006354300699349,-0.000393037619315,0.0,0.0,1.0,1.0,0.0
0.0,2,0,999,0.5,0.35,64,1,1,1,0,1,0,5.789185718985124e-05,0.0,0.0004498885455482,0.0006354300699349,-0.000393037619315,0.0,0.0,1.0,1.0,0.0
0.0,2,0,999,0.75,0.0,16,1,1,1,0,1,0,5.789185718985124e-05,0.0,0.0004498885455482,0.0006354300699349,-0.000393037619315,0.0,0.0,1.0,1.0,0.0
0.0,2,0,999,0.75,0.0,32,1,1,1,0,1,0,5.789185718985124e-05,0.0,0.0004498885455482,0.0006354300699349,-0.000393037619315,0.0,0.0,1.0,1.0,0.0
0.0,2,0,999,0.75,0.0,64,1,1,1,0,1,0,5.789185718985124e-05,0.0,0.0004498885455482,0.0006354300699349,-0.000393037619315,0.0,0.0,1.0,1.0,0.0
0.0,2,0,999,0.75,0.25,16,1,1,1,0,1,0,5.789185718985124e-05,0.0,0.0004498885455482,0.0006354300699349,-0.000393037619315,0.0,0.0,1.0,1.0,0.0
0.0,2,0,999,0.75,0.25,32,1,1,1,0,1,0,5.789185718985124e-05,0.0,0.0004498885455482,0.0006354300699349,-0.000393037619315,0.0,0.0,1.0,1.0,0.0
0.0,2,0,999,0.75,0.25,64,1,1,1,0,1,0,5.789185718985124e-05,0.0,0.0004498885455482,0.0006354300699349,-0.000393037619315,0.0,0.0,1.0,1.0,0.0
0.0,2,0,999,0.75,0.35,16,1,1,1,0,1,0,5.789185718985124e-05,0.0,0.0004498885455482,0.0006354300699349,-0.000393037619315,0.0,0.0,1.0,1.0,0.0
0.0,2,0,999,0.75,0.35,32,1,1,1,0,1,0,5.789185718985124e-05,0.0,0.0004498885455482,0.0006354300699349,-0.000393037619315,0.0,0.0,1.0,1.0,0.0
0.0,2,0,999,0.75,0.35,64,1,1,1,0,1,0,5.789185718985124e-05,0.0,0.0004498885455482,0.0006354300699349,-0.000393037619315,0.0,0.0,1.0,1.0,0.0
0.0,2,0,999,1.0,0.0,16,1,1,1,0,1,0,5.789185718985124e-05,0.0,0.0004498885455482,0.0006354300699349,-0.000393037619315,0.0,0.0,1.0,1.0,0.0
0.0,2,0,999,1.0,0.0,32,1,1,1,0,1,0,5.789185718985124e-05,0.0,0.0004498885455482,0.0006354300699349,-0.000393037619315,0.0,0.0,1.0,1.0,0.0
0.0,2,0,999,1.0,0.0,64,1,1,1,0,1,0,5.789185718985124e-05,0.0,0.0004498885455482,0.0006354300699349,-0.000393037619315,0.0,0.0,1.0,1.0,0.0
0.0,2,0,999,1.0,0.25,16,1,1,1,0,1,0,5.789185718985124e-05,0.0,0.0004498885455482,0.0006354300699349,-0.000393037619315,0.0,0.0,1.0,1.0,0.0
0.0,2,0,999,1.0,0.25,32,1,1,1,0,1,0,5.789185718985124e-05,0.0,0.0004498885455482,0.0006354300699349,-0.000393037619315,0.0,0.0,1.0,1.0,0.0
0.0,2,0,999,1.0,0.25,64,1,1,1,0,1,0,5.789185718985124e-05,0.0,0.0004498885455482,0.0006354300699349,-0.000393037619315,0.0,0.0,1.0,1.0,0.0
0.0,2,0,999,1.0,0.35,16,1,1,1,0,1,0,5.789185718985124e-05,0.0,0.0004498885455482,0.0006354300699349,-0.000393037619315,0.0,0.0,1.0,1.0,0.0
0.0,2,0,999,1.0,0.35,32,1,1,1,0,1,0,5.789185718985124e-05,0.0,0.0004498885455482,0.0006354300699349,-0.000393037619315,0.0,0.0,1.0,1.0,0.0
0.0,2,0,999,1.0,0.35,64,1,1,1,0,1,0,5.789185718985124e-05,0.0,0.0004498885455482,0.0006354300699349,-0.000393037619315,0.0,0.0,1.0,1.0,0.0
0.0,2,1,0,0.25,0.0,16,1,1,1,0,1,0,5.789185718985124e-05,0.0,0.0004498885455482,0.0006354300699349,-0.000393037619315,0.0,0.0,1.0,1.0,0.0
0.0,2,1,0,0.25,0.0,32,1,1,1,0,1,0,5.789185718985124e-05,0.0,0.0004498885455482,0.0006354300699349,-0.000393037619315,0.0,0.0,1.0,1.0,0.0
0.0,2,1,0,0.25,0.0,64,1,1,1,0,1,0,5.789185718985124e-05,0.0,0.0004498885455482,0.0006354300699349,-0.000393037619315,0.0,0.0,1.0,1.0,0.0
0.0,2,1,0,0.25,0.25,16,1,1,1,0,1,0,5.789185718985124e-05,0.0,0.0004498885455482,0.0006354300699349,-0.000393037619315,0.0,0.0,1.0,1.0,0.0
0.0,2,1,0,0.25,0.25,32,1,1,1,0,1,0,5.789185718985124e-05,0.0,0.0004498885455482,0.0006354300699349,-0.000393037619315,0.0,0.0,1.0,1.0,0.0
0.0,2,1,0,0.25,0.25,64,1,1,1,0,1,0,5.789185718985124e-05,0.0,0.0004498885455482,0.0006354300699349,-0.000393037619315,0.0,0.0,1.0,1.0,0.0
0.0,2,1,0,0.25,0.35,16,1,1,1,0,1,0,5.789185718985124e-05,0.0,0.0004498885455482,0.0006354300699349,-0.000393037619315,0.0,0.0,1.0,1.0,0.0
0.0,2,1,0,0.25,0.35,32,1,1,1,0,1,0,5.789185718985124e-05,0.0,0.0004498885455482,0.0006354300699349,-0.000393037619315,0.0,0.0,1.0,1.0,0.0
0.0,2,1,0,0.25,0.35,64,1,1,1,0,1,0,5.789185718985124e-05,0.0,0.0004498885455482,0.0006354300699349,-0.000393037619315,0.0,0.0,1.0,1.0,0.0
0.0,2,1,0,0.5,0.0,16,1,1,1,0,1,0,5.789185718985124e-05,0.0,0.0004498885455482,0.0006354300699349,-0.000393037619315,0.0,0.0,1.0,1.0,0.0
0.0,2,1,0,0.5,0.0,32,1,1,1,0,1,0,5.789185718985124e-05,0.0,0.0004498885455482,0.0006354300699349,-0.000393037619315,0.0,0.0,1.0,1.0,0.0
0.0,2,1,0,0.5,0.0,64,1,1,1,0,1,0,5.789185718985124e-05,0.0,0.0004498885455482,0.0006354300699349,-0.000393037619315,0.0,0.0,1.0,1.0,0.0
0.0,2,1,0,0.5,0.25,16,1,1,1,0,1,0,5.789185718985124e-05,0.0,0.0004498885455482,0.0006354300699349,-0.000393037619315,0.0,0.0,1.0,1.0,0.0
0.0,2,1,0,0.5,0.25,32,1,1,1,0,1,0,5.789185718985124e-05,0.0,0.0004498885455482,0.0006354300699349,-0.000393037619315,0.0,0.0,1.0,1.0,0.0
0.0,2,1,0,0.5,0.25,64,1,1,1,0,1,0,5.789185718985124e-05,0.0,0.0004498885455482,0.0006354300699349,-0.000393037619315,0.0,0.0,1.0,1.0,0.0
0.0,2,1,0,0.5,0.35,16,1,1,1,0,1,0,5.789185718985124e-05,0.0,0.0004498885455482,0.0006354300699349,-0.000393037619315,0.0,0.0,1.0,1.0,0.0
0.0,2,1,0,0.5,0.35,32,1,1,1,0,1,0,5.789185718985124e-05,0.0,0.0004498885455482,0.0006354300699349,-0.000393037619315,0.0,0.0,1.0,1.0,0.0
0.0,2,1,0,0.5,0.35,64,1,1,1,0,1,0,5.789185718985124e-05,0.0,0.0004498885455482,0.0006354300699349,-0.000393037619315,0.0,0.0,1.0,1.0,0.0
0.0,2,1,0,0.75,0.0,16,1,1,1,0,1,0,5.789185718985124e-05,0.0,0.0004498885455482,0.0006354300699349,-0.000393037619315,0.0,0.0,1.0,1.0,0.0
0.0,2,1,0,0.75,0.0,32,1,1,1,0,1,0,5.789185718985124e-05,0.0,0.0004498885455482,0.0006354300699349,-0.000393037619315,0.0,0.0,1.0,1.0,0.0
0.0,2,1,0,0.75,0.0,64,1,1,1,0,1,0,5.789185718985124e-05,0.0,0.0004498885455482,0.0006354300699349,-0.000393037619315,0.0,0.0,1.0,1.0,0.0
0.0,2,1,0,0.75,0.25,16,1,1,1,0,1,0,5.789185718985124e-05,0.0,0.0004498885455482,0.0006354300699349,-0.000393037619315,0.0,0.0,1.0,1.0,0.0
0.0,2,1,0,0.75,0.25,32,1,1,1,0,1,0,5.789185718985124e-05,0.0,0.0004498885455482,0.0006354300699349,-0.000393037619315,0.0,0.0,1.0,1.0,0.0
0.0,2,1,0,0.75,0.25,64,1,1,1,0,1,0,5.789185718985124e-05,0.0,0.0004498885455482,0.0006354300699349,-0.000393037619315,0.0,0.0,1.0,1.0,0.0
0.0,2,1,0,0.75,0.35,16,1,1,1,0,1,0,5.789185718985124e-05,0.0,0.0004498885455482,0.0006354300699349,-0.000393037619315,0.0,0.0,1.0,1.0,0.0
0.0,2,1,0,0.75,0.35,32,1,1,1,0,1,0,5.789185718985124e-05,0.0,0.0004498885455482,0.0006354300699349,-0.000393037619315,0.0,0.0,1.0,1.0,0.0
0.0,2,1,0,0.75,0.35,64,1,1,1,0,1,0,5.789185718985124e-05,0.0,0.0004498885455482,0.0006354300699349,-0.000393037619315,0.0,0.0,1.0,1.0,0.0
0.0,2,1,0,1.0,0.0,16,1,1,1,0,1,0,5.789185718985124e-05,0.0,0.0004498885455482,0.0006354300699349,-0.000393037619315,0.0,0.0,1.0,1.0,0.0
0.0,2,1,0,1.0,0.0,32,1,1,1,0,1,0,5.789185718985124e-05,0.0,0.0004498885455482,0.0006354300699349,-0.000393037619315,0.0,0.0,1.0,1.0,0.0
0.0,2,1,0,1.0,0.0,64,1,1,1,0,1,0,5.789185718985124e-05,0.0,0.0004498885455482,0.0006354300699349,-0.000393037619315,0.0,0.0,1.0,1.0,0.0
0.0,2,1,0,1.0,0.25,16,1,1,1,0,1,0,5.789185718985124e-05,0.0,0.0004498885455482,0.0006354300699349,-0.000393037619315,0.0,0.0,1.0,1.0,0.0
0.0,2,1,0,1.0,0.25,32,1,1,1,0,1,0,5.789185718985124e-05,0.0,0.0004498885455482,0.0006354300699349,-0.000393037619315,0.0,0.0,1.0,1.0,0.0
0.0,2,1,0,1.0,0.25,64,1,1,1,0,1,0,5.789185718985124e-05,0.0,0.0004498885455482,0.0006354300699349,-0.000393037619315,0.0,0.0,1.0,1.0,0.0
0.0,2,1,0,1.0,0.35,16,1,1,1,0,1,0,5.789185718985124e-05,0.0,0.0004498885455482,0.0006354300699349,-0.000393037619315,0.0,0.0,1.0,1.0,0.0
0.0,2,1,0,1.0,0.35,32,1,1,1,0,1,0,5.789185718985124e-05,0.0,0.0004498885455482,0.0006354300699349,-0.000393037619315,0.0,0.0,1.0,1.0,0.0
0.0,2,1,0,1.0,0.35,64,1,1,1,0,1,0,5.789185718985124e-05,0.0,0.0004498885455482,0.0006354300699349,-0.000393037619315,0.0,0.0,1.0,1.0,0.0
0.0,2,1,1,0.25,0.0,16,1,1,1,0,1,0,5.789185718985124e-05,0.0,0.0004498885455482,0.0006354300699349,-0.000393037619315,0.0,0.0,1.0,1.0,0.0
0.0,2,1,1,0.25,0.0,32,1,1,1,0,1,0,5.789185718985124e-05,0.0,0.0004498885455482,0.0006354300699349,-0.000393037619315,0.0,0.0,1.0,1.0,0.0
0.0,2,1,1,0.25,0.0,64,1,1,1,0,1,0,5.789185718985124e-05,0.0,0.0004498885455482,0.0006354300699349,-0.000393037619315,0.0,0.0,1.0,1.0,0.0
0.0,2,1,1,0.25,0.25,16,1,1,1,0,1,0,5.789185718985124e-05,0.0,0.0004498885455482,0.0006354300699349,-0.000393037619315,0.0,0.0,1.0,1.0,0.0
0.0,2,1,1,0.25,0.25,32,1,1,1,0,1,0,5.789185718985124e-05,0.0,0.0004498885455482,0.0006354300699349,-0.000393037619315,0.0,0.0,1.0,1.0,0.0
0.0,2,1,1,0.25,0.25,64,1,1,1,0,1,0,5.789185718985124e-05,0.0,0.0004498885455482,0.0006354300699349,-0.000393037619315,0.0,0.0,1.0,1.0,0.0
0.0,2,1,1,0.25,0.35,16,1,1,1,0,1,0,5.789185718985124e-05,0.0,0.0004498885455482,0.0006354300699349,-0.000393037619315,0.0,0.0,1.0,1.0,0.0
0.0,2,1,1,0.25,0.35,32,1,1,1,0,1,0,5.789185718985124e-05,0.0,0.0004498885455482,0.0006354300699349,-0.000393037619315,0.0,0.0,1.0,1.0,0.0
0.0,2,1,1,0.25,0.35,64,1,1,1,0,1,0,5.789185718985124e-05,0.0,0.0004498885455482,0.0006354300699349,-0.000393037619315,0.0,0.0,1.0,1.0,0.0
0.0,2,1,1,0.5,0.0,16,1,1,1,0,1,0,5.789185718985124e-05,0.0,0.0004498885455482,0.0006354300699349,-0.000393037619315,0.0,0.0,1.0,1.0,0.0
0.0,2,1,1,0.5,0.0,32,1,1,1,0,1,0,5.789185718985124e-05,0.0,0.0004498885455482,0.0006354300699349,-0.000393037619315,0.0,0.0,1.0,1.0,0.0
0.0,2,1,1,0.5,0.0,64,1,1,1,0,1,0,5.789185718985124e-05,0.0,0.0004498885455482,0.0006354300699349,-0.000393037619315,0.0,0.0,1.0,1.0,0.0
0.0,2,1,1,0.5,0.25,16,1,1,1,0,1,0,5.789185718985124e-05,0.0,0.0004498885455482,0.0006354300699349,-0.000393037619315,0.0,0.0,1.0,1.0,0.0
0.0,2,1,1,0.5,0.25,32,1,1,1,0,1,0,5.789185718985124e-05,0.0,0.0004498885455482,0.0006354300699349,-0.000393037619315,0.0,0.0,1.0,1.0,0.0
0.0,2,1,1,0.5,0.25,64,1,1,1,0,1,0,5.789185718985124e-05,0.0,0.0004498885455482,0.0006354300699349,-0.000393037619315,0.0,0.0,1.0,1.0,0.0
0.0,2,1,1,0.5,0.35,16,1,1,1,0,1,0,5.789185718985124e-05,0.0,0.0004498885455482,0.0006354300699349,-0.000393037619315,0.0,0.0,1.0,1.0,0.0
0.0,2,1,1,0.5,0.35,32,1,1,1,0,1,0,5.789185718985124e-05,0.0,0.0004498885455482,0.0006354300699349,-0.000393037619315,0.0,0.0,1.0,1.0,0.0
0.0,2,1,1,0.5,0.35,64,1,1,1,0,1,0,5.789185718985124e-05,0.0,0.0004498885455482,0.0006354300699349,-0.000393037619315,0.0,0.0,1.0,1.0,0.0
0.0,2,1,1,0.75,0.0,16,1,1,1,0,1,0,5.789185718985124e-05,0.0,0.0004498885455482,0.0006354300699349,-0.000393037619315,0.0,0.0,1.0,1.0,0.0
0.0,2,1,1,0.75,0.0,32,1,1,1,0,1,0,5.789185718985124e-05,0.0,0.0004498885455482,0.0006354300699349,-0.000393037619315,0.0,0.0,1.0,1.0,0.0
0.0,2,1,1,0.75,0.0,64,1,1,1,0,1,0,5.789185718985124e-05,0.0,0.0004498885455482,0.0006354300699349,-0.000393037619315,0.0,0.0,1.0,1.0,0.0
0.0,2,1,1,0.75,0.25,16,1,1,1,0,1,0,5.789185718985124e-05,0.0,0.0004498885455482,0.0006354300699349,-0.000393037619315,0.0,0.0,1.0,1.0,0.0
0.0,2,1,1,0.75,0.25,32,1,1,1,0,1,0,5.789185718985124e-05,0.0,0.0004498885455482,0.0006354300699349,-0.000393037619315,0.0,0.0,1.0,1.0,0.0
0.0,2,1,1,0.75,0.25,64,1,1,1,0,1,0,5.789185718985124e-05,0.0,0.0004498885455482,0.0006354300699349,-0.000393037619315,0.0,0.0,1.0,1.0,0.0
0.0,2,1,1,0.75,0.35,16,1,1,1,0,1,0,5.789185718985124e-05,0.0,0.0004498885455482,0.0006354300699349,-0.000393037619315,0.0,0.0,1.0,1.0,0.0
0.0,2,1,1,0.75,0.35,32,1,1,1,0,1,0,5.789185718985124e-05,0.0,0.0004498885455482,0.0006354300699349,-0.000393037619315,0.0,0.0,1.0,1.0,0.0
0.0,2,1,1,0.75,0.35,64,1,1,1,0,1,0,5.789185718985124e-05,0.0,0.0004498885455482,0.0006354300699349,-0.000393037619315,0.0,0.0,1.0,1.0,0.0
0.0,2,1,1,1.0,0.0,16,1,1,1,0,1,0,5.789185718985124e-05,0.0,0.0004498885455482,0.0006354300699349,-0.000393037619315,0.0,0.0,1.0,1.0,0.0
0.0,2,1,1,1.0,0.0,32,1,1,1,0,1,0,5.789185718985124e-05,0.0,0.0004498885455482,0.0006354300699349,-0.000393037619315,0.0,0.0,1.0,1.0,0.0
0.0,2,1,1,1.0,0.0,64,1,1,1,0,1,0,5.789185718985124e-05,0.0,0.0004498885455482,0.0006354300699349,-0.000393037619315,0.0,0.0,1.0,1.0,0.0
0.0,2,1,1,1.0,0.25,16,1,1,1,0,1,0,5.789185718985124e-05,0.0,0.0004498885455482,0.0006354300699349,-0.000393037619315,0.0,0.0,1.0,1.0,0.0
0.0,2,1,1,1.0,0.25,32,1,1,1,0,1,0,5.789185718985124e-05,0.0,0.0004498885455482,0.0006354300699349,-0.000393037619315,0.0,0.0,1.0,1.0,0.0
0.0,2,1,1,1.0,0.25,64,1,1,1,0,1,0,5.789185718985124e-05,0.0,0.0004498885455482,0.0006354300699349,-0.000393037619315,0.0,0.0,1.0,1.0,0.0
0.0,2,1,1,1.0,0.35,16,1,1,1,0,1,0,5.789185718985124e-05,0.0,0.0004498885455482,0.0006354300699349,-0.000393037619315,0.0,0.0,1.0,1.0,0.0
0.0,2,1,1,1.0,0.35,32,1,1,1,0,1,0,5.789185718985124e-05,0.0,0.0004498885455482,0.0006354300699349,-0.000393037619315,0.0,0.0,1.0,1.0,0.0
0.0,2,1,1,1.0,0.35,64,1,1,1,0,1,0,5.789185718985124e-05,0.0,0.0004498885455482,0.0006354300699349,-0.000393037619315,0.0,0.0,1.0,1.0,0.0
0.0,2,1,999,0.25,0.0,16,1,1,1,0,1,0,5.789185718985124e-05,0.0,0.0004498885455482,0.0006354300699349,-0.000393037619315,0.0,0.0,1.0,1.0,0.0
0.0,2,1,999,0.25,0.0,32,1,1,1,0,1,0,5.789185718985124e-05,0.0,0.0004498885455482,0.0006354300699349,-0.000393037619315,0.0,0.0,1.0,1.0,0.0
0.0,2,1,999,0.25,0.0,64,1,1,1,0,1,0,5.789185718985124e-05,0.0,0.0004498885455482,0.0006354300699349,-0.000393037619315,0.0,0.0,1.0,1.0,0.0
0.0,2,1,999,0.25,0.25,16,1,1,1,0,1,0,5.789185718985124e-05,0.0,0.0004498885455482,0.0006354300699349,-0.000393037619315,0.0,0.0,1.0,1.0,0.0
0.0,2,1,999,0.25,0.25,32,1,1,1,0,1,0,5.789185718985124e-05,0.0,0.0004498885455482,0.0006354300699349,-0.000393037619315,0.0,0.0,1.0,1.0,0.0
0.0,2,1,999,0.25,0.25,64,1,1,1,0,1,0,5.789185718985124e-05,0.0,0.0004498885455482,0.0006354300699349,-0.000393037619315,0.0,0.0,1.0,1.0,0.0
0.0,2,1,999,0.25,0.35,16,1,1,1,0,1,0,5.789185718985124e-05,0.0,0.0004498885455482,0.0006354300699349,-0.000393037619315,0.0,0.0,1.0,1.0,0.0
0.0,2,1,999,0.25,0.35,32,1,1,1,0,1,0,5.789185718985124e-05,0.0,0.0004498885455482,0.0006354300699349,-0.000393037619315,0.0,0.0,1.0,1.0,0.0
0.0,2,1,999,0.25,0.35,64,1,1,1,0,1,0,5.789185718985124e-05,0.0,0.0004498885455482,0.0006354300699349,-0.000393037619315,0.0,0.0,1.0,1.0,0.0
0.0,2,1,999,0.5,0.0,16,1,1,1,0,1,0,5.789185718985124e-05,0.0,0.0004498885455482,0.0006354300699349,-0.000393037619315,0.0,0.0,1.0,1.0,0.0
0.0,2,1,999,0.5,0.0,32,1,1,1,0,1,0,5.789185718985124e-05,0.0,0.0004498885455482,0.0006354300699349,-0.000393037619315,0.0,0.0,1.0,1.0,0.0
0.0,2,1,999,0.5,0.0,64,1,1,1,0,1,0,5.789185718985124e-05,0.0,0.0004498885455482,0.0006354300699349,-0.000393037619315,0.0,0.0,1.0,1.0,0.0
0.0,2,1,999,0.5,0.25,16,1,1,1,0,1,0,5.789185718985124e-05,0.0,0.0004498885455482,0.0006354300699349,-0.000393037619315,0.0,0.0,1.0,1.0,0.0
0.0,2,1,999,0.5,0.25,32,1,1,1,0,1,0,5.789185718985124e-05,0.0,0.0004498885455482,0.0006354300699349,-0.000393037619315,0.0,0.0,1.0,1.0,0.0
0.0,2,1,999,0.5,0.25,64,1,1,1,0,1,0,5.789185718985124e-05,0.0,0.0004498885455482,0.0006354300699349,-0.000393037619315,0.0,0.0,1.0,1.0,0.0
0.0,2,1,999,0.5,0.35,16,1,1,1,0,1,0,5.789185718985124e-05,0.0,0.0004498885455482,0.0006354300699349,-0.000393037619315,0.0,0.0,1.0,1.0,0.0
0.0,2,1,999,0.5,0.35,32,1,1,1,0,1,0,5.789185718985124e-05,0.0,0.0004498885455482,0.0006354300699349,-0.000393037619315,0.0,0.0,1.0,1.0,0.0
0.0,2,1,999,0.5,0.35,64,1,1,1,0,1,0,5.789185718985124e-05,0.0,0.0004498885455482,0.0006354300699349,-0.000393037619315,0.0,0.0,1.0,1.0,0.0
0.0,2,1,999,0.75,0.0,16,1,1,1,0,1,0,5.789185718985124e-05,0.0,0.0004498885455482,0.0006354300699349,-0.000393037619315,0.0,0.0,1.0,1.0,0.0
0.0,2,1,999,0.75,0.0,32,1,1,1,0,1,0,5.789185718985124e-05,0.0,0.0004498885455482,0.0006354300699349,-0.000393037619315,0.0,0.0,1.0,1.0,0.0
0.0,2,1,999,0.75,0.0,64,1,1,1,0,1,0,5.789185718985124e-05,0.0,0.0004498885455482,0.0006354300699349,-0.000393037619315,0.0,0.0,1.0,1.0,0.0
0.0,2,1,999,0.75,0.25,16,1,1,1,0,1,0,5.789185718985124e-05,0.0,0.0004498885455482,0.0006354300699349,-0.000393037619315,0.0,0.0,1.0,1.0,0.0
0.0,2,1,999,0.75,0.25,32,1,1,1,0,1,0,5.789185718985124e-05,0.0,0.0004498885455482,0.0006354300699349,-0.000393037619315,0.0,0.0,1.0,1.0,0.0
0.0,2,1,999,0.75,0.25,64,1,1,1,0,1,0,5.789185718985124e-05,0.0,0.0004498885455482,0.0006354300699349,-0.000393037619315,0.0,0.0,1.0,1.0,0.0
0.0,2,1,999,0.75,0.35,16,1,1,1,0,1,0,5.789185718985124e-05,0.0,0.0004498885455482,0.0006354300699349,-0.000393037619315,0.0,0.0,1.0,1.0,0.0
0.0,2,1,999,0.75,0.35,32,1,1,1,0,1,0,5.789185718985124e-05,0.0,0.0004498885455482,0.0006354300699349,-0.000393037619315,0.0,0.0,1.0,1.0,0.0
0.0,2,1,999,0.75,0.35,64,1,1,1,0,1,0,5.789185718985124e-05,0.0,0.0004498885455482,0.0006354300699349,-0.000393037619315,0.0,0.0,1.0,1.0,0.0
0.0,2,1,999,1.0,0.0,16,1,1,1,0,1,0,5.789185718985124e-05,0.0,0.0004498885455482,0.0006354300699349,-0.000393037619315,0.0,0.0,1.0,1.0,0.0
0.0,2,1,999,1.0,0.0,32,1,1,1,0,1,0,5.789185718985124e-05,0.0,0.0004498885455482,0.0006354300699349,-0.000393037619315,0.0,0.0,1.0,1.0,0.0
0.0,2,1,999,1.0,0.0,64,1,1,1,0,1,0,5.789185718985124e-05,0.0,0.0004498885455482,0.0006354300699349,-0.000393037619315,0.0,0.0,1.0,1.0,0.0
0.0,2,1,999,1.0,0.25,16,1,1,1,0,1,0,5.789185718985124e-05,0.0,0.0004498885455482,0.0006354300699349,-0.000393037619315,0.0,0.0,1.0,1.0,0.0
0.0,2,1,999,1.0,0.25,32,1,1,1,0,1,0,5.789185718985124e-05,0.0,0.0004498885455482,0.0006354300699349,-0.000393037619315,0.0,0.0,1.0,1.0,0.0
0.0,2,1,999,1.0,0.25,64,1,1,1,0,1,0,5.789185718985124e-05,0.0,0.0004498885455482,0.0006354300699349,-0.000393037619315,0.0,0.0,1.0,1.0,0.0
0.0,2,1,999,1.0,0.35,16,1,1,1,0,1,0,5.789185718985124e-05,0.0,0.0004498885455482,0.0006354300699349,-0.000393037619315,0.0,0.0,1.0,1.0,0.0
0.0,2,1,999,1.0,0.35,32,1,1,1,0,1,0,5.789185718985124e-05,0.0,0.0004498885455482,0.0006354300699349,-0.000393037619315,0.0,0.0,1.0,1.0,0.0
0.0,2,1,999,1.0,0.35,64,1,1,1,0,1,0,5.789185718985124e-05,0.0,0.0004498885455482,0.0006354300699349,-0.000393037619315,0.0,0.0,1.0,1.0,0.0
0.0,2,999,0,0.25,0.0,16,1,1,1,0,1,0,5.789185718985124e-05,0.0,0.0004498885455482,0.0006354300699349,-0.000393037619315,0.0,0.0,1.0,1.0,0.0
0.0,2,999,0,0.25,0.0,32,1,1,1,0,1,0,5.789185718985124e-05,0.0,0.0004498885455482,0.0006354300699349,-0.000393037619315,0.0,0.0,1.0,1.0,0.0
0.0,2,999,0,0.25,0.0,64,1,1,1,0,1,0,5.789185718985124e-05,0.0,0.0004498885455482,0.0006354300699349,-0.000393037619315,0.0,0.0,1.0,1.0,0.0
0.0,2,999,0,0.25,0.25,16,1,1,1,0,1,0,5.789185718985124e-05,0.0,0.0004498885455482,0.0006354300699349,-0.000393037619315,0.0,0.0,1.0,1.0,0.0
0.0,2,999,0,0.25,0.25,32,1,1,1,0,1,0,5.789185718985124e-05,0.0,0.0004498885455482,0.0006354300699349,-0.000393037619315,0.0,0.0,1.0,1.0,0.0
0.0,2,999,0,0.25,0.25,64,1,1,1,0,1,0,5.789185718985124e-05,0.0,0.0004498885455482,0.0006354300699349,-0.000393037619315,0.0,0.0,1.0,1.0,0.0
0.0,2,999,0,0.25,0.35,16,1,1,1,0,1,0,5.789185718985124e-05,0.0,0.0004498885455482,0.0006354300699349,-0.000393037619315,0.0,0.0,1.0,1.0,0.0
0.0,2,999,0,0.25,0.35,32,1,1,1,0,1,0,5.789185718985124e-05,0.0,0.0004498885455482,0.0006354300699349,-0.000393037619315,0.0,0.0,1.0,1.0,0.0
0.0,2,999,0,0.25,0.35,64,1,1,1,0,1,0,5.789185718985124e-05,0.0,0.0004498885455482,0.0006354300699349,-0.000393037619315,0.0,0.0,1.0,1.0,0.0
0.0,2,999,0,0.5,0.0,16,1,1,1,0,1,0,5.789185718985124e-05,0.0,0.0004498885455482,0.0006354300699349,-0.000393037619315,0.0,0.0,1.0,1.0,0.0
0.0,2,999,0,0.5,0.0,32,1,1,1,0,1,0,5.789185718985124e-05,0.0,0.0004498885455482,0.0006354300699349,-0.000393037619315,0.0,0.0,1.0,1.0,0.0
0.0,2,999,0,0.5,0.0,64,1,1,1,0,1,0,5.789185718985124e-05,0.0,0.0004498885455482,0.0006354300699349,-0.000393037619315,0.0,0.0,1.0,1.0,0.0
0.0,2,999,0,0.5,0.25,16,1,1,1,0,1,0,5.789185718985124e-05,0.0,0.0004498885455482,0.0006354300699349,-0.000393037619315,0.0,0.0,1.0,1.0,0.0
0.0,2,999,0,0.5,0.25,32,1,1,1,0,1,0,5.789185718985124e-05,0.0,0.0004498885455482,0.0006354300699349,-0.000393037619315,0.0,0.0,1.0,1.0,0.0
0.0,2,999,0,0.5,0.25,64,1,1,1,0,1,0,5.789185718985124e-05,0.0,0.0004498885455482,0.0006354300699349,-0.000393037619315,0.0,0.0,1.0,1.0,0.0
0.0,2,999,0,0.5,0.35,16,1,1,1,0,1,0,5.789185718985124e-05,0.0,0.0004498885455482,0.0006354300699349,-0.000393037619315,0.0,0.0,1.0,1.0,0.0
0.0,2,999,0,0.5,0.35,32,1,1,1,0,1,0,5.789185718985124e-05,0.0,0.0004498885455482,0.0006354300699349,-0.000393037619315,0.0,0.0,1.0,1.0,0.0
0.0,2,999,0,0.5,0.35,64,1,1,1,0,1,0,5.789185718985124e-05,0.0,0.0004498885455482,0.0006354300699349,-0.000393037619315,0.0,0.0,1.0,1.0,0.0
0.0,2,999,0,0.75,0.0,16,1,1,1,0,1,0,5.789185718985124e-05,0.0,0.0004498885455482,0.0006354300699349,-0.000393037619315,0.0,0.0,1.0,1.0,0.0
0.0,2,999,0,0.75,0.0,32,1,1,1,0,1,0,5.789185718985124e-05,0.0,0.0004498885455482,0.0006354300699349,-0.000393037619315,0.0,0.0,1.0,1.0,0.0
0.0,2,999,0,0.75,0.0,64,1,1,1,0,1,0,5.789185718985124e-05,0.0,0.0004498885455482,0.0006354300699349,-0.000393037619315,0.0,0.0,1.0,1.0,0.0
0.0,2,999,0,0.75,0.25,16,1,1,1,0,1,0,5.789185718985124e-05,0.0,0.0004498885455482,0.0006354300699349,-0.000393037619315,0.0,0.0,1.0,1.0,0.0
0.0,2,999,0,0.75,0.25,32,1,1,1,0,1,0,5.789185718985124e-05,0.0,0.0004498885455482,0.0006354300699349,-0.000393037619315,0.0,0.0,1.0,1.0,0.0
0.0,2,999,0,0.75,0.25,64,1,1,1,0,1,0,5.789185718985124e-05,0.0,0.0004498885455482,0.0006354300699349,-0.000393037619315,0.0,0.0,1.0,1.0,0.0
0.0,2,999,0,0.75,0.35,16,1,1,1,0,1,0,5.789185718985124e-05,0.0,0.0004498885455482,0.0006354300699349,-0.000393037619315,0.0,0.0,1.0,1.0,0.0
0.0,2,999,0,0.75,0.35,32,1,1,1,0,1,0,5.789185718985124e-05,0.0,0.0004498885455482,0.0006354300699349,-0.000393037619315,0.0,0.0,1.0,1.0,0.0
0.0,2,999,0,0.75,0.35,64,1,1,1,0,1,0,5.789185718985124e-05,0.0,0.0004498885455482,0.0006354300699349,-0.000393037619315,0.0,0.0,1.0,1.0,0.0
0.0,2,999,0,1.0,0.0,16,1,1,1,0,1,0,5.789185718985124e-05,0.0,0.0004498885455482,0.0006354300699349,-0.000393037619315,0.0,0.0,1.0,1.0,0.0
0.0,2,999,0,1.0,0.0,32,1,1,1,0,1,0,5.789185718985124e-05,0.0,0.0004498885455482,0.0006354300699349,-0.000393037619315,0.0,0.0,1.0,1.0,0.0
0.0,2,999,0,1.0,0.0,64,1,1,1,0,1,0,5.789185718985124e-05,0.0,0.0004498885455482,0.0006354300699349,-0.000393037619315,0.0,0.0,1.0,1.0,0.0
0.0,2,999,0,1.0,0.25,16,1,1,1,0,1,0,5.789185718985124e-05,0.0,0.0004498885455482,0.0006354300699349,-0.000393037619315,0.0,0.0,1.0,1.0,0.0
0.0,2,999,0,1.0,0.25,32,1,1,1,0,1,0,5.789185718985124e-05,0.0,0.0004498885455482,0.0006354300699349,-0.000393037619315,0.0,0.0,1.0,1.0,0.0
0.0,2,999,0,1.0,0.25,64,1,1,1,0,1,0,5.789185718985124e-05,0.0,0.0004498885455482,0.0006354300699349,-0.000393037619315,0.0,0.0,1.0,1.0,0.0
0.0,2,999,0,1.0,0.35,16,1,1,1,0,1,0,5.789185718985124e-05,0.0,0.0004498885455482,0.0006354300699349,-0.000393037619315,0.0,0.0,1.0,1.0,0.0
0.0,2,999,0,1.0,0.35,32,1,1,1,0,1,0,5.789185718985124e-05,0.0,0.0004498885455482,0.0006354300699349,-0.000393037619315,0.0,0.0,1.0,1.0,0.0
0.0,2,999,0,1.0,0.35,64,1,1,1,0,1,0,5.789185718985124e-05,0.0,0.0004498885455482,0.0006354300699349,-0.000393037619315,0.0,0.0,1.0,1.0,0.0
0.0,2,999,1,0.25,0.0,16,1,1,1,0,1,0,5.789185718985124e-05,0.0,0.0004498885455482,0.0006354300699349,-0.000393037619315,0.0,0.0,1.0,1.0,0.0
0.0,2,999,1,0.25,0.0,32,1,1,1,0,1,0,5.789185718985124e-05,0.0,0.0004498885455482,0.0006354300699349,-0.000393037619315,0.0,0.0,1.0,1.0,0.0
0.0,2,999,1,0.25,0.0,64,1,1,1,0,1,0,5.789185718985124e-05,0.0,0.0004498885455482,0.0006354300699349,-0.000393037619315,0.0,0.0,1.0,1.0,0.0
0.0,2,999,1,0.25,0.25,16,1,1,1,0,1,0,5.789185718985124e-05,0.0,0.0004498885455482,0.0006354300699349,-0.000393037619315,0.0,0.0,1.0,1.0,0.0
0.0,2,999,1,0.25,0.25,32,1,1,1,0,1,0,5.789185718985124e-05,0.0,0.0004498885455482,0.0006354300699349,-0.000393037619315,0.0,0.0,1.0,1.0,0.0
0.0,2,999,1,0.25,0.25,64,1,1,1,0,1,0,5.789185718985124e-05,0.0,0.0004498885455482,0.0006354300699349,-0.000393037619315,0.0,0.0,1.0,1.0,0.0
0.0,2,999,1,0.25,0.35,16,1,1,1,0,1,0,5.789185718985124e-05,0.0,0.0004498885455482,0.0006354300699349,-0.000393037619315,0.0,0.0,1.0,1.0,0.0
0.0,2,999,1,0.25,0.35,32,1,1,1,0,1,0,5.789185718985124e-05,0.0,0.0004498885455482,0.0006354300699349,-0.000393037619315,0.0,0.0,1.0,1.0,0.0
0.0,2,999,1,0.25,0.35,64,1,1,1,0,1,0,5.789185718985124e-05,0.0,0.0004498885455482,0.0006354300699349,-0.000393037619315,0.0,0.0,1.0,1.0,0.0
0.0,2,999,1,0.5,0.0,16,1,1,1,0,1,0,5.789185718985124e-05,0.0,0.0004498885455482,0.0006354300699349,-0.000393037619315,0.0,0.0,1.0,1.0,0.0
0.0,2,999,1,0.5,0.0,32,1,1,1,0,1,0,5.789185718985124e-05,0.0,0.0004498885455482,0.0006354300699349,-0.000393037619315,0.0,0.0,1.0,1.0,0.0
0.0,2,999,1,0.5,0.0,64,1,1,1,0,1,0,5.789185718985124e-05,0.0,0.0004498885455482,0.0006354300699349,-0.000393037619315,0.0,0.0,1.0,1.0,0.0
0.0,2,999,1,0.5,0.25,16,1,1,1,0,1,0,5.789185718985124e-05,0.0,0.0004498885455482,0.0006354300699349,-0.000393037619315,0.0,0.0,1.0,1.0,0.0
0.0,2,999,1,0.5,0.25,32,1,1,1,0,1,0,5.789185718985124e-05,0.0,0.0004498885455482,0.0006354300699349,-0.000393037619315,0.0,0.0,1.0,1.0,0.0
0.0,2,999,1,0.5,0.25,64,1,1,1,0,1,0,5.789185718985124e-05,0.0,0.0004498885455482,0.0006354300699349,-0.000393037619315,0.0,0.0,1.0,1.0,0.0
0.0,2,999,1,0.5,0.35,16,1,1,1,0,1,0,5.789185718985124e-05,0.0,0.0004498885455482,0.0006354300699349,-0.000393037619315,0.0,0.0,1.0,1.0,0.0
0.0,2,999,1,0.5,0.35,32,1,1,1,0,1,0,5.789185718985124e-05,0.0,0.0004498885455482,0.0006354300699349,-0.000393037619315,0.0,0.0,1.0,1.0,0.0
0.0,2,999,1,0.5,0.35,64,1,1,1,0,1,0,5.789185718985124e-05,0.0,0.0004498885455482,0.0006354300699349,-0.000393037619315,0.0,0.0,1.0,1.0,0.0
0.0,2,999,1,0.75,0.0,16,1,1,1,0,1,0,5.789185718985124e-05,0.0,0.0004498885455482,0.0006354300699349,-0.000393037619315,0.0,0.0,1.0,1.0,0.0
0.0,2,999,1,0.75,0.0,32,1,1,1,0,1,0,5.789185718985124e-05,0.0,0.0004498885455482,0.0006354300699349,-0.000393037619315,0.0,0.0,1.0,1.0,0.0
0.0,2,999,1,0.75,0.0,64,1,1,1,0,1,0,5.789185718985124e-05,0.0,0.0004498885455482,0.0006354300699349,-0.000393037619315,0.0,0.0,1.0,1.0,0.0
0.0,2,999,1,0.75,0.25,16,1,1,1,0,1,0,5.789185718985124e-05,0.0,0.0004498885455482,0.0006354300699349,-0.000393037619315,0.0,0.0,1.0,1.0,0.0
0.0,2,999,1,0.75,0.25,32,1,1,1,0,1,0,5.789185718985124e-05,0.0,0.0004498885455482,0.0006354300699349,-0.000393037619315,0.0,0.0,1.0,1.0,0.0
0.0,2,999,1,0.75,0.25,64,1,1,1,0,1,0,5.789185718985124e-05,0.0,0.0004498885455482,0.0006354300699349,-0.000393037619315,0.0,0.0,1.0,1.0,0.0
0.0,2,999,1,0.75,0.35,16,1,1,1,0,1,0,5.789185718985124e-05,0.0,0.0004498885455482,0.0006354300699349,-0.000393037619315,0.0,0.0,1.0,1.0,0.0
0.0,2,999,1,0.75,0.35,32,1,1,1,0,1,0,5.789185718985124e-05,0.0,0.0004498885455482,0.0006354300699349,-0.000393037619315,0.0,0.0,1.0,1.0,0.0
0.0,2,999,1,0.75,0.35,64,1,1,1,0,1,0,5.789185718985124e-05,0.0,0.0004498885455482,0.0006354300699349,-0.000393037619315,0.0,0.0,1.0,1.0,0.0
0.0,2,999,1,1.0,0.0,16,1,1,1,0,1,0,5.789185718985124e-05,0.0,0.0004498885455482,0.0006354300699349,-0.000393037619315,0.0,0.0,1.0,1.0,0.0
0.0,2,999,1,1.0,0.0,32,1,1,1,0,1,0,5.789185718985124e-05,0.0,0.0004498885455482,0.0006354300699349,-0.000393037619315,0.0,0.0,1.0,1.0,0.0
0.0,2,999,1,1.0,0.0,64,1,1,1,0,1,0,5.789185718985124e-05,0.0,0.0004498885455482,0.0006354300699349,-0.000393037619315,0.0,0.0,1.0,1.0,0.0
0.0,2,999,1,1.0,0.25,16,1,1,1,0,1,0,5.789185718985124e-05,0.0,0.0004498885455482,0.0006354300699349,-0.000393037619315,0.0,0.0,1.0,1.0,0.0
0.0,2,999,1,1.0,0.25,32,1,1,1,0,1,0,5.789185718985124e-05,0.0,0.0004498885455482,0.0006354300699349,-0.000393037619315,0.0,0.0,1.0,1.0,0.0
0.0,2,999,1,1.0,0.25,64,1,1,1,0,1,0,5.789185718985124e-05,0.0,0.0004498885455482,0.0006354300699349,-0.000393037619315,0.0,0.0,1.0,1.0,0.0
0.0,2,999,1,1.0,0.35,16,1,1,1,0,1,0,5.789185718985124e-05,0.0,0.0004498885455482,0.0006354300699349,-0.000393037619315,0.0,0.0,1.0,1.0,0.0
0.0,2,999,1,1.0,0.35,32,1,1,1,0,1,0,5.789185718985124e-05,0.0,0.0004498885455482,0.0006354300699349,-0.000393037619315,0.0,0.0,1.0,1.0,0.0
0.0,2,999,1,1.0,0.35,64,1,1,1,0,1,0,5.789185718985124e-05,0.0,0.0004498885455482,0.0006354300699349,-0.000393037619315,0.0,0.0,1.0,1.0,0.0
0.0,2,999,999,0.25,0.0,16,1,1,1,0,1,0,5.789185718985124e-05,0.0,0.0004498885455482,0.0006354300699349,-0.000393037619315,0.0,0.0,1.0,1.0,0.0
0.0,2,999,999,0.25,0.0,32,1,1,1,0,1,0,5.789185718985124e-05,0.0,0.0004498885455482,0.0006354300699349,-0.000393037619315,0.0,0.0,1.0,1.0,0.0
0.0,2,999,999,0.25,0.0,64,1,1,1,0,1,0,5.789185718985124e-05,0.0,0.0004498885455482,0.0006354300699349,-0.000393037619315,0.0,0.0,1.0,1.0,0.0
0.0,2,999,999,0.25,0.25,16,1,1,1,0,1,0,5.789185718985124e-05,0.0,0.0004498885455482,0.0006354300699349,-0.000393037619315,0.0,0.0,1.0,1.0,0.0
0.0,2,999,999,0.25,0.25,32,1,1,1,0,1,0,5.789185718985124e-05,0.0,0.0004498885455482,0.0006354300699349,-0.000393037619315,0.0,0.0,1.0,1.0,0.0
0.0,2,999,999,0.25,0.25,64,1,1,1,0,1,0,5.789185718985124e-05,0.0,0.0004498885455482,0.0006354300699349,-0.000393037619315,0.0,0.0,1.0,1.0,0.0
0.0,2,999,999,0.25,0.35,16,1,1,1,0,1,0,5.789185718985124e-05,0.0,0.0004498885455482,0.0006354300699349,-0.000393037619315,0.0,0.0,1.0,1.0,0.0
0.0,2,999,999,0.25,0.35,32,1,1,1,0,1,0,5.789185718985124e-05,0.0,0.0004498885455482,0.0006354300699349,-0.000393037619315,0.0,0.0,1.0,1.0,0.0
0.0,2,999,999,0.25,0.35,64,1,1,1,0,1,0,5.789185718985124e-05,0.0,0.0004498885455482,0.0006354300699349,-0.000393037619315,0.0,0.0,1.0,1.0,0.0
0.0,2,999,999,0.5,0.0,16,1,1,1,0,1,0,5.789185718985124e-05,0.0,0.0004498885455482,0.0006354300699349,-0.000393037619315,0.0,0.0,1.0,1.0,0.0
0.0,2,999,999,0.5,0.0,32,1,1,1,0,1,0,5.789185718985124e-05,0.0,0.0004498885455482,0.0006354300699349,-0.000393037619315,0.0,0.0,1.0,1.0,0.0
0.0,2,999,999,0.5,0.0,64,1,1,1,0,1,0,5.789185718985124e-05,0.0,0.0004498885455482,0.0006354300699349,-0.000393037619315,0.0,0.0,1.0,1.0,0.0
0.0,2,999,999,0.5,0.25,16,1,1,1,0,1,0,5.789185718985124e-05,0.0,0.0004498885455482,0.0006354300699349,-0.000393037619315,0.0,0.0,1.0,1.0,0.0
0.0,2,999,999,0.5,0.25,32,1,1,1,0,1,0,5.789185718985124e-05,0.0,0.0004498885455482,0.0006354300699349,-0.000393037619315,0.0,0.0,1.0,1.0,0.0
0.0,2,999,999,0.5,0.25,64,1,1,1,0,1,0,5.789185718985124e-05,0.0,0.0004498885455482,0.0006354300699349,-0.000393037619315,0.0,0.0,1.0,1.0,0.0
0.0,2,999,999,0.5,0.35,16,1,1,1,0,1,0,5.789185718985124e-05,0.0,0.0004498885455482,0.0006354300699349,-0.000393037619315,0.0,0.0,1.0,1.0,0.0
0.0,2,999,999,0.5,0.35,32,1,1,1,0,1,0,5.789185718985124e-05,0.0,0.0004498885455482,0.0006354300699349,-0.000393037619315,0.0,0.0,1.0,1.0,0.0
0.0,2,999,999,0.5,0.35,64,1,1,1,0,1,0,5.789185718985124e-05,0.0,0.0004498885455482,0.0006354300699349,-0.000393037619315,0.0,0.0,1.0,1.0,0.0
0.0,2,999,999,0.75,0.0,16,1,1,1,0,1,0,5.789185718985124e-05,0.0,0.0004498885455482,0.0006354300699349,-0.000393037619315,0.0,0.0,1.0,1.0,0.0
0.0,2,999,999,0.75,0.0,32,1,1,1,0,1,0,5.789185718985124e-05,0.0,0.0004498885455482,0.0006354300699349,-0.000393037619315,0.0,0.0,1.0,1.0,0.0
0.0,2,999,999,0.75,0.0,64,1,1,1,0,1,0,5.789185718985124e-05,0.0,0.0004498885455482,0.0006354300699349,-0.000393037619315,0.0,0.0,1.0,1.0,0.0
0.0,2,999,999,0.75,0.25,16,1,1,1,0,1,0,5.789185718985124e-05,0.0,0.0004498885455482,0.0006354300699349,-0.000393037619315,0.0,0.0,1.0,1.0,0.0
0.0,2,999,999,0.75,0.25,32,1,1,1,0,1,0,5.789185718985124e-05,0.0,0.0004498885455482,0.0006354300699349,-0.000393037619315,0.0,0.0,1.0,1.0,0.0
0.0,2,999,999,0.75,0.25,64,1,1,1,0,1,0,5.789185718985124e-05,0.0,0.0004498885455482,0.0006354300699349,-0.000393037619315,0.0,0.0,1.0,1.0,0.0
0.0,2,999,999,0.75,0.35,16,1,1,1,0,1,0,5.789185718985124e-05,0.0,0.0004498885455482,0.0006354300699349,-0.000393037619315,0.0,0.0,1.0,1.0,0.0
0.0,2,999,999,0.75,0.35,32,1,1,1,0,1,0,5.789185718985124e-05,0.0,0.0004498885455482,0.0006354300699349,-0.000393037619315,0.0,0.0,1.0,1.0,0.0
0.0,2,999,999,0.75,0.35,64,1,1,1,0,1,0,5.789185718985124e-05,0.0,0.0004498885455482,0.0006354300699349,-0.000393037619315,0.0,0.0,1.0,1.0,0.0
0.0,2,999,999,1.0,0.0,16,1,1,1,0,1,0,5.789185718985124e-05,0.0,0.0004498885455482,0.0006354300699349,-0.000393037619315,0.0,0.0,1.0,1.0,0.0
0.0,2,999,999,1.0,0.0,32,1,1,1,0,1,0,5.789185718985124e-05,0.0,0.0004498885455482,0.0006354300699349,-0.000393037619315,0.0,0.0,1.0,1.0,0.0
0.0,2,999,999,1.0,0.0,64,1,1,1,0,1,0,5.789185718985124e-05,0.0,0.0004498885455482,0.0006354300699349,-0.000393037619315,0.0,0.0,1.0,1.0,0.0
0.0,2,999,999,1.0,0.25,16,1,1,1,0,1,0,5.789185718985124e-05,0.0,0.0004498885455482,0.0006354300699349,-0.000393037619315,0.0,0.0,1.0,1.0,0.0
0.0,2,999,999,1.0,0.25,32,1,1,1,0,1,0,5.789185718985124e-05,0.0,0.0004498885455482,0.0006354300699349,-0.000393037619315,0.0,0.0,1.0,1.0,0.0
0.0,2,999,999,1.0,0.25,64,1,1,1,0,1,0,5.789185718985124e-05,0.0,0.0004498885455482,0.0006354300699349,-0.000393037619315,0.0,0.0,1.0,1.0,0.0
0.0,2,999,999,1.0,0.35,16,1,1,1,0,1,0,5.789185718985124e-05,0.0,0.0004498885455482,0.0006354300699349,-0.000393037619315,0.0,0.0,1.0,1.0,0.0
0.0,2,999,999,1.0,0.35,32,1,1,1,0,1,0,5.789185718985124e-05,0.0,0.0004498885455482,0.0006354300699349,-0.000393037619315,0.0,0.0,1.0,1.0,0.0
0.0,2,999,999,1.0,0.35,64,1,1,1,0,1,0,5.789185718985124e-05,0.0,0.0004498885455482,0.0006354300699349,-0.000393037619315,0.0,0.0,1.0,1.0,0.0
0.5,2,0,0,0.25,0.0,16,1,1,1,0,1,0,5.789185718985124e-05,0.0,0.0004498885455482,0.0006354300699349,-0.000393037619315,0.0,0.0,1.0,1.0,0.0
0.5,2,0,0,0.25,0.0,32,1,1,1,0,1,0,5.789185718985124e-05,0.0,0.0004498885455482,0.0006354300699349,-0.000393037619315,0.0,0.0,1.0,1.0,0.0
0.5,2,0,0,0.25,0.0,64,1,1,1,0,1,0,5.789185718985124e-05,0.0,0.0004498885455482,0.0006354300699349,-0.000393037619315,0.0,0.0,1.0,1.0,0.0
0.5,2,0,0,0.25,0.25,16,1,1,1,0,1,0,5.789185718985124e-05,0.0,0.0004498885455482,0.0006354300699349,-0.000393037619315,0.0,0.0,1.0,1.0,0.0
0.5,2,0,0,0.25,0.25,32,1,1,1,0,1,0,5.789185718985124e-05,0.0,0.0004498885455482,0.0006354300699349,-0.000393037619315,0.0,0.0,1.0,1.0,0.0
0.5,2,0,0,0.25,0.25,64,1,1,1,0,1,0,5.789185718985124e-05,0.0,0.0004498885455482,0.0006354300699349,-0.000393037619315,0.0,0.0,1.0,1.0,0.0
0.5,2,0,0,0.25,0.35,16,1,1,1,0,1,0,5.789185718985124e-05,0.0,0.0004498885455482,0.0006354300699349,-0.000393037619315,0.0,0.0,1.0,1.0,0.0
0.5,2,0,0,0.25,0.35,32,1,1,1,0,1,0,5.789185718985124e-05,0.0,0.0004498885455482,0.0006354300699349,-0.000393037619315,0.0,0.0,1.0,1.0,0.0
0.5,2,0,0,0.25,0.35,64,1,1,1,0,1,0,5.789185718985124e-05,0.0,0.0004498885455482,0.0006354300699349,-0.000393037619315,0.0,0.0,1.0,1.0,0.0
0.5,2,0,0,0.5,0.0,16,1,1,1,0,1,0,5.789185718985124e-05,0.0,0.0004498885455482,0.0006354300699349,-0.000393037619315,0.0,0.0,1.0,1.0,0.0
0.5,2,0,0,0.5,0.0,32,1,1,1,0,1,0,5.789185718985124e-05,0.0,0.0004498885455482,0.0006354300699349,-0.000393037619315,0.0,0.0,1.0,1.0,0.0
0.5,2,0,0,0.5,0.0,64,1,1,1,0,1,0,5.789185718985124e-05,0.0,0.0004498885455482,0.0006354300699349,-0.000393037619315,0.0,0.0,1.0,1.0,0.0
0.5,2,0,0,0.5,0.25,16,1,1,1,0,1,0,5.789185718985124e-05,0.0,0.0004498885455482,0.0006354300699349,-0.000393037619315,0.0,0.0,1.0,1.0,0.0
0.5,2,0,0,0.5,0.25,32,1,1,1,0,1,0,5.789185718985124e-05,0.0,0.0004498885455482,0.0006354300699349,-0.000393037619315,0.0,0.0,1.0,1.0,0.0
0.5,2,0,0,0.5,0.25,64,1,1,1,0,1,0,5.789185718985124e-05,0.0,0.0004498885455482,0.0006354300699349,-0.000393037619315,0.0,0.0,1.0,1.0,0.0
0.5,2,0,0,0.5,0.35,16,1,1,1,0,1,0,5.789185718985124e-05,0.0,0.0004498885455482,0.0006354300699349,-0.000393037619315,0.0,0.0,1.0,1.0,0.0
0.5,2,0,0,0.5,0.35,32,1,1,1,0,1,0,5.789185718985124e-05,0.0,0.0004498885455482,0.0006354300699349,-0.000393037619315,0.0,0.0,1.0,1.0,0.0
0.5,2,0,0,0.5,0.35,64,1,1,1,0,1,0,5.789185718985124e-05,0.0,0.0004498885455482,0.0006354300699349,-0.000393037619315,0.0,0.0,1.0,1.0,0.0
0.5,2,0,0,0.75,0.0,16,1,1,1,0,1,0,5.789185718985124e-05,0.0,0.0004498885455482,0.0006354300699349,-0.000393037619315,0.0,0.0,1.0,1.0,0.0
0.5,2,0,0,0.75,0.0,32,1,1,1,0,1,0,5.789185718985124e-05,0.0,0.0004498885455482,0.0006354300699349,-0.000393037619315,0.0,0.0,1.0,1.0,0.0
0.5,2,0,0,0.75,0.0,64,1,1,1,0,1,0,5.789185718985124e-05,0.0,0.0004498885455482,0.0006354300699349,-0.000393037619315,0.0,0.0,1.0,1.0,0.0
0.5,2,0,0,0.75,0.25,16,1,1,1,0,1,0,5.789185718985124e-05,0.0,0.0004498885455482,0.0006354300699349,-0.000393037619315,0.0,0.0,1.0,1.0,0.0
0.5,2,0,0,0.75,0.25,32,1,1,1,0,1,0,5.789185718985124e-05,0.0,0.0004498885455482,0.0006354300699349,-0.000393037619315,0.0,0.0,1.0,1.0,0.0
0.5,2,0,0,0.75,0.25,64,1,1,1,0,1,0,5.789185718985124e-05,0.0,0.0004498885455482,0.0006354300699349,-0.000393037619315,0.0,0.0,1.0,1.0,0.0
0.5,2,0,0,0.75,0.35,16,1,1,1,0,1,0,5.789185718985124e-05,0.0,0.0004498885455482,0.0006354300699349,-0.000393037619315,0.0,0.0,1.0,1.0,0.0
0.5,2,0,0,0.75,0.35,32,1,1,1,0,1,0,5.789185718985124e-05,0.0,0.0004498885455482,0.0006354300699349,-0.000393037619315,0.0,0.0,1.0,1.0,0.0
0.5,2,0,0,0.75,0.35,64,1,1,1,0,1,0,5.789185718985124e-05,0.0,0.0004498885455482,0.0006354300699349,-0.000393037619315,0.0,0.0,1.0,1.0,0.0
0.5,2,0,0,1.0,0.0,16,1,1,1,0,1,0,5.789185718985124e-05,0.0,0.0004498885455482,0.0006354300699349,-0.000393037619315,0.0,0.0,1.0,1.0,0.0
0.5,2,0,0,1.0,0.0,32,1,1,1,0,1,0,5.789185718985124e-05,0.0,0.0004498885455482,0.0006354300699349,-0.000393037619315,0.0,0.0,1.0,1.0,0.0
0.5,2,0,0,1.0,0.0,64,1,1,1,0,1,0,5.789185718985124e-05,0.0,0.0004498885455482,0.0006354300699349,-0.000393037619315,0.0,0.0,1.0,1.0,0.0
0.5,2,0,0,1.0,0.25,16,1,1,1,0,1,0,5.789185718985124e-05,0.0,0.0004498885455482,0.0006354300699349,-0.000393037619315,0.0,0.0,1.0,1.0,0.0
0.5,2,0,0,1.0,0.25,32,1,1,1,0,1,0,5.789185718985124e-05,0.0,0.0004498885455482,0.0006354300699349,-0.000393037619315,0.0,0.0,1.0,1.0,0.0
0.5,2,0,0,1.0,0.25,64,1,1,1,0,1,0,5.789185718985124e-05,0.0,0.0004498885455482,0.0006354300699349,-0.000393037619315,0.0,0.0,1.0,1.0,0.0
0.5,2,0,0,1.0,0.35,16,1,1,1,0,1,0,5.789185718985124e-05,0.0,0.0004498885455482,0.0006354300699349,-0.000393037619315,0.0,0.0,1.0,1.0,0.0
0.5,2,0,0,1.0,0.35,32,1,1,1,0,1,0,5.789185718985124e-05,0.0,0.0004498885455482,0.0006354300699349,-0.000393037619315,0.0,0.0,1.0,1.0,0.0
0.5,2,0,0,1.0,0.35,64,1,1,1,0,1,0,5.789185718985124e-05,0.0,0.0004498885455482,0.0006354300699349,-0.000393037619315,0.0,0.0,1.0,1.0,0.0
0.5,2,0,1,0.25,0.0,16,1,1,1,0,1,0,5.789185718985124e-05,0.0,0.0004498885455482,0.0006354300699349,-0.000393037619315,0.0,0.0,1.0,1.0,0.0
0.5,2,0,1,0.25,0.0,32,1,1,1,0,1,0,5.789185718985124e-05,0.0,0.0004498885455482,0.0006354300699349,-0.000393037619315,0.0,0.0,1.0,1.0,0.0
0.5,2,0,1,0.25,0.0,64,1,1,1,0,1,0,5.789185718985124e-05,0.0,0.0004498885455482,0.0006354300699349,-0.000393037619315,0.0,0.0,1.0,1.0,0.0
0.5,2,0,1,0.25,0.25,16,1,1,1,0,1,0,5.789185718985124e-05,0.0,0.0004498885455482,0.0006354300699349,-0.000393037619315,0.0,0.0,1.0,1.0,0.0
0.5,2,0,1,0.25,0.25,32,1,1,1,0,1,0,5.789185718985124e-05,0.0,0.0004498885455482,0.0006354300699349,-0.000393037619315,0.0,0.0,1.0,1.0,0.0
0.5,2,0,1,0.25,0.25,64,1,1,1,0,1,0,5.789185718985124e-05,0.0,0.0004498885455482,0.0006354300699349,-0.000393037619315,0.0,0.0,1.0,1.0,0.0
0.5,2,0,1,0.25,0.35,16,1,1,1,0,1,0,5.789185718985124e-05,0.0,0.0004498885455482,0.0006354300699349,-0.000393037619315,0.0,0.0,1.0,1.0,0.0
0.5,2,0,1,0.25,0.35,32,1,1,1,0,1,0,5.789185718985124e-05,0.0,0.0004498885455482,0.0006354300699349,-0.000393037619315,0.0,0.0,1.0,1.0,0.0
0.5,2,0,1,0.25,0.35,64,1,1,1,0,1,0,5.789185718985124e-05,0.0,0.0004498885455482,0.0006354300699349,-0.000393037619315,0.0,0.0,1.0,1.0,0.0
0.5,2,0,1,0.5,0.0,16,1,1,1,0,1,0,5.789185718985124e-05,0.0,0.0004498885455482,0.0006354300699349,-0.000393037619315,0.0,0.0,1.0,1.0,0.0
0.5,2,0,1,0.5,0.0,32,1,1,1,0,1,0,5.789185718985124e-05,0.0,0.0004498885455482,0.0006354300699349,-0.000393037619315,0.0,0.0,1.0,1.0,0.0
0.5,2,0,1,0.5,0.0,64,1,1,1,0,1,0,5.789185718985124e-05,0.0,0.0004498885455482,0.0006354300699349,-0.000393037619315,0.0,0.0,1.0,1.0,0.0
0.5,2,0,1,0.5,0.25,16,1,1,1,0,1,0,5.789185718985124e-05,0.0,0.0004498885455482,0.0006354300699349,-0.000393037619315,0.0,0.0,1.0,1.0,0.0
0.5,2,0,1,0.5,0.25,32,1,1,1,0,1,0,5.789185718985124e-05,0.0,0.0004498885455482,0.0006354300699349,-0.000393037619315,0.0,0.0,1.0,1.0,0.0
0.5,2,0,1,0.5,0.25,64,1,1,1,0,1,0,5.789185718985124e-05,0.0,0.0004498885455482,0.0006354300699349,-0.000393037619315,0.0,0.0,1.0,1.0,0.0
0.5,2,0,1,0.5,0.35,16,1,1,1,0,1,0,5.789185718985124e-05,0.0,0.0004498885455482,0.0006354300699349,-0.000393037619315,0.0,0.0,1.0,1.0,0.0
0.5,2,0,1,0.5,0.35,32,1,1,1,0,1,0,5.789185718985124e-05,0.0,0.0004498885455482,0.0006354300699349,-0.000393037619315,0.0,0.0,1.0,1.0,0.0
0.5,2,0,1,0.5,0.35,64,1,1,1,0,1,0,5.789185718985124e-05,0.0,0.0004498885455482,0.0006354300699349,-0.000393037619315,0.0,0.0,1.0,1.0,0.0
0.5,2,0,1,0.75,0.0,16,1,1,1,0,1,0,5.789185718985124e-05,0.0,0.0004498885455482,0.0006354300699349,-0.000393037619315,0.0,0.0,1.0,1.0,0.0
0.5,2,0,1,0.75,0.0,32,1,1,1,0,1,0,5.789185718985124e-05,0.0,0.0004498885455482,0.0006354300699349,-0.000393037619315,0.0,0.0,1.0,1.0,0.0
0.5,2,0,1,0.75,0.0,64,1,1,1,0,1,0,5.789185718985124e-05,0.0,0.0004498885455482,0.0006354300699349,-0.000393037619315,0.0,0.0,1.0,1.0,0.0
0.5,2,0,1,0.75,0.25,16,1,1,1,0,1,0,5.789185718985124e-05,0.0,0.0004498885455482,0.0006354300699349,-0.000393037619315,0.0,0.0,1.0,1.0,0.0
0.5,2,0,1,0.75,0.25,32,1,1,1,0,1,0,5.789185718985124e-05,0.0,0.0004498885455482,0.0006354300699349,-0.000393037619315,0.0,0.0,1.0,1.0,0.0
0.5,2,0,1,0.75,0.25,64,1,1,1,0,1,0,5.789185718985124e-05,0.0,0.0004498885455482,0.0006354300699349,-0.000393037619315,0.0,0.0,1.0,1.0,0.0
0.5,2,0,1,0.75,0.35,16,1,1,1,0,1,0,5.789185718985124e-05,0.0,0.0004498885455482,0.0006354300699349,-0.000393037619315,0.0,0.0,1.0,1.0,0.0
0.5,2,0,1,0.75,0.35,32,1,1,1,0,1,0,5.789185718985124e-05,0.0,0.0004498885455482,0.0006354300699349,-0.000393037619315,0.0,0.0,1.0,1.0,0.0
0.5,2,0,1,0.75,0.35,64,1,1,1,0,1,0,5.789185718985124e-05,0.0,0.0004498885455482,0.0006354300699349,-0.000393037619315,0.0,0.0,1.0,1.0,0.0
0.5,2,0,1,1.0,0.0,16,1,1,1,0,1,0,5.789185718985124e-05,0.0,0.0004498885455482,0.0006354300699349,-0.000393037619315,0.0,0.0,1.0,1.0,0.0
0.5,2,0,1,1.0,0.0,32,1,1,1,0,1,0,5.789185718985124e-05,0.0,0.0004498885455482,0.0006354300699349,-0.000393037619315,0.0,0.0,1.0,1.0,0.0
0.5,2,0,1,1.0,0.0,64,1,1,1,0,1,0,5.789185718985124e-05,0.0,0.0004498885455482,0.0006354300699349,-0.000393037619315,0.0,0.0,1.0,1.0,0.0
0.5,2,0,1,1.0,0.25,16,1,1,1,0,1,0,5.789185718985124e-05,0.0,0.0004498885455482,0.0006354300699349,-0.000393037619315,0.0,0.0,1.0,1.0,0.0
0.5,2,0,1,1.0,0.25,32,1,1,1,0,1,0,5.789185718985124e-05,0.0,0.0004498885455482,0.0006354300699349,-0.000393037619315,0.0,0.0,1.0,1.0,0.0
0.5,2,0,1,1.0,0.25,64,1,1,1,0,1,0,5.789185718985124e-05,0.0,0.0004498885455482,0.0006354300699349,-0.000393037619315,0.0,0.0,1.0,1.0,0.0
0.5,2,0,1,1.0,0.35,16,1,1,1,0,1,0,5.789185718985124e-05,0.0,0.0004498885455482,0.0006354300699349,-0.000393037619315,0.0,0.0,1.0,1.0,0.0
0.5,2,0,1,1.0,0.35,32,1,1,1,0,1,0,5.789185718985124e-05,0.0,0.0004498885455482,0.0006354300699349,-0.000393037619315,0.0,0.0,1.0,1.0,0.0
0.5,2,0,1,1.0,0.35,64,1,1,1,0,1,0,5.789185718985124e-05,0.0,0.0004498885455482,0.0006354300699349,-0.000393037619315,0.0,0.0,1.0,1.0,0.0
0.5,2,0,999,0.25,0.0,16,1,1,1,0,1,0,5.789185718985124e-05,0.0,0.0004498885455482,0.0006354300699349,-0.000393037619315,0.0,0.0,1.0,1.0,0.0
0.5,2,0,999,0.25,0.0,32,1,1,1,0,1,0,5.789185718985124e-05,0.0,0.0004498885455482,0.0006354300699349,-0.000393037619315,0.0,0.0,1.0,1.0,0.0
0.5,2,0,999,0.25,0.0,64,1,1,1,0,1,0,5.789185718985124e-05,0.0,0.0004498885455482,0.0006354300699349,-0.000393037619315,0.0,0.0,1.0,1.0,0.0
0.5,2,0,999,0.25,0.25,16,1,1,1,0,1,0,5.789185718985124e-05,0.0,0.0004498885455482,0.0006354300699349,-0.000393037619315,0.0,0.0,1.0,1.0,0.0
0.5,2,0,999,0.25,0.25,32,1,1,1,0,1,0,5.789185718985124e-05,0.0,0.0004498885455482,0.0006354300699349,-0.000393037619315,0.0,0.0,1.0,1.0,0.0
0.5,2,0,999,0.25,0.25,64,1,1,1,0,1,0,5.789185718985124e-05,0.0,0.0004498885455482,0.0006354300699349,-0.000393037619315,0.0,0.0,1.0,1.0,0.0
0.5,2,0,999,0.25,0.35,16,1,1,1,0,1,0,5.789185718985124e-05,0.0,0.0004498885455482,0.0006354300699349,-0.000393037619315,0.0,0.0,1.0,1.0,0.0
0.5,2,0,999,0.25,0.35,32,1,1,1,0,1,0,5.789185718985124e-05,0.0,0.0004498885455482,0.0006354300699349,-0.000393037619315,0.0,0.0,1.0,1.0,0.0
0.5,2,0,999,0.25,0.35,64,1,1,1,0,1,0,5.789185718985124e-05,0.0,0.0004498885455482,0.0006354300699349,-0.000393037619315,0.0,0.0,1.0,1.0,0.0
0.5,2,0,999,0.5,0.0,16,1,1,1,0,1,0,5.789185718985124e-05,0.0,0.0004498885455482,0.0006354300699349,-0.000393037619315,0.0,0.0,1.0,1.0,0.0
0.5,2,0,999,0.5,0.0,32,1,1,1,0,1,0,5.789185718985124e-05,0.0,0.0004498885455482,0.0006354300699349,-0.000393037619315,0.0,0.0,1.0,1.0,0.0
0.5,2,0,999,0.5,0.0,64,1,1,1,0,1,0,5.789185718985124e-05,0.0,0.0004498885455482,0.0006354300699349,-0.000393037619315,0.0,0.0,1.0,1.0,0.0
0.5,2,0,999,0.5,0.25,16,1,1,1,0,1,0,5.789185718985124e-05,0.0,0.0004498885455482,0.0006354300699349,-0.000393037619315,0.0,0.0,1.0,1.0,0.0
0.5,2,0,999,0.5,0.25,32,1,1,1,0,1,0,5.789185718985124e-05,0.0,0.0004498885455482,0.0006354300699349,-0.000393037619315,0.0,0.0,1.0,1.0,0.0
0.5,2,0,999,0.5,0.25,64,1,1,1,0,1,0,5.789185718985124e-05,0.0,0.0004498885455482,0.0006354300699349,-0.000393037619315,0.0,0.0,1.0,1.0,0.0
0.5,2,0,999,0.5,0.35,16,1,1,1,0,1,0,5.789185718985124e-05,0.0,0.0004498885455482,0.0006354300699349,-0.000393037619315,0.0,0.0,1.0,1.0,0.0
0.5,2,0,999,0.5,0.35,32,1,1,1,0,1,0,5.789185718985124e-05,0.0,0.0004498885455482,0.0006354300699349,-0.000393037619315,0.0,0.0,1.0,1.0,0.0
0.5,2,0,999,0.5,0.35,64,1,1,1,0,1,0,5.789185718985124e-05,0.0,0.0004498885455482,0.0006354300699349,-0.000393037619315,0.0,0.0,1.0,1.0,0.0
0.5,2,0,999,0.75,0.0,16,1,1,1,0,1,0,5.789185718985124e-05,0.0,0.0004498885455482,0.0006354300699349,-0.000393037619315,0.0,0.0,1.0,1.0,0.0
0.5,2,0,999,0.75,0.0,32,1,1,1,0,1,0,5.789185718985124e-05,0.0,0.0004498885455482,0.0006354300699349,-0.000393037619315,0.0,0.0,1.0,1.0,0.0
0.5,2,0,999,0.75,0.0,64,1,1,1,0,1,0,5.789185718985124e-05,0.0,0.0004498885455482,0.0006354300699349,-0.000393037619315,0.0,0.0,1.0,1.0,0.0
0.5,2,0,999,0.75,0.25,16,1,1,1,0,1,0,5.789185718985124e-05,0.0,0.0004498885455482,0.0006354300699349,-0.000393037619315,0.0,0.0,1.0,1.0,0.0
0.5,2,0,999,0.75,0.25,32,1,1,1,0,1,0,5.789185718985124e-05,0.0,0.0004498885455482,0.0006354300699349,-0.000393037619315,0.0,0.0,1.0,1.0,0.0
0.5,2,0,999,0.75,0.25,64,1,1,1,0,1,0,5.789185718985124e-05,0.0,0.0004498885455482,0.0006354300699349,-0.000393037619315,0.0,0.0,1.0,1.0,0.0
0.5,2,0,999,0.75,0.35,16,1,1,1,0,1,0,5.789185718985124e-05,0.0,0.0004498885455482,0.0006354300699349,-0.000393037619315,0.0,0.0,1.0,1.0,0.0
0.5,2,0,999,0.75,0.35,32,1,1,1,0,1,0,5.789185718985124e-05,0.0,0.0004498885455482,0.0006354300699349,-0.000393037619315,0.0,0.0,1.0,1.0,0.0
0.5,2,0,999,0.75,0.35,64,1,1,1,0,1,0,5.789185718985124e-05,0.0,0.0004498885455482,0.0006354300699349,-0.000393037619315,0.0,0.0,1.0,1.0,0.0
0.5,2,0,999,1.0,0.0,16,1,1,1,0,1,0,5.789185718985124e-05,0.0,0.0004498885455482,0.0006354300699349,-0.000393037619315,0.0,0.0,1.0,1.0,0.0
0.5,2,0,999,1.0,0.0,32,1,1,1,0,1,0,5.789185718985124e-05,0.0,0.0004498885455482,0.0006354300699349,-0.000393037619315,0.0,0.0,1.0,1.0,0.0
0.5,2,0,999,1.0,0.0,64,1,1,1,0,1,0,5.789185718985124e-05,0.0,0.0004498885455482,0.0006354300699349,-0.000393037619315,0.0,0.0,1.0,1.0,0.0
0.5,2,0,999,1.0,0.25,16,1,1,1,0,1,0,5.789185718985124e-05,0.0,0.0004498885455482,0.0006354300699349,-0.000393037619315,0.0,0.0,1.0,1.0,0.0
0.5,2,0,999,1.0,0.25,32,1,1,1,0,1,0,5.789185718985124e-05,0.0,0.0004498885455482,0.0006354300699349,-0.000393037619315,0.0,0.0,1.0,1.0,0.0
0.5,2,0,999,1.0,0.25,64,1,1,1,0,1,0,5.789185718985124e-05,0.0,0.0004498885455482,0.0006354300699349,-0.000393037619315,0.0,0.0,1.0,1.0,0.0
0.5,2,0,999,1.0,0.35,16,1,1,1,0,1,0,5.789185718985124e-05,0.0,0.0004498885455482,0.0006354300699349,-0.000393037619315,0.0,0.0,1.0,1.0,0.0
0.5,2,0,999,1.0,0.35,32,1,1,1,0,1,0,5.789185718985124e-05,0.0,0.0004498885455482,0.0006354300699349,-0.000393037619315,0.0,0.0,1.0,1.0,0.0
0.5,2,0,999,1.0,0.35,64,1,1,1,0,1,0,5.789185718985124e-05,0.0,0.0004498885455482,0.0006354300699349,-0.000393037619315,0.0,0.0,1.0,1.0,0.0
0.5,2,1,0,0.25,0.0,16,1,1,1,0,1,0,5.789185718985124e-05,0.0,0.0004498885455482,0.0006354300699349,-0.000393037619315,0.0,0.0,1.0,1.0,0.0
0.5,2,1,0,0.25,0.0,32,1,1,1,0,1,0,5.789185718985124e-05,0.0,0.0004498885455482,0.0006354300699349,-0.000393037619315,0.0,0.0,1.0,1.0,0.0
0.5,2,1,0,0.25,0.0,64,1,1,1,0,1,0,5.789185718985124e-05,0.0,0.0004498885455482,0.0006354300699349,-0.000393037619315,0.0,0.0,1.0,1.0,0.0
0.5,2,1,0,0.25,0.25,16,1,1,1,0,1,0,5.789185718985124e-05,0.0,0.0004498885455482,0.0006354300699349,-0.000393037619315,0.0,0.0,1.0,1.0,0.0
0.5,2,1,0,0.25,0.25,32,1,1,1,0,1,0,5.789185718985124e-05,0.0,0.0004498885455482,0.0006354300699349,-0.000393037619315,0.0,0.0,1.0,1.0,0.0
0.5,2,1,0,0.25,0.25,64,1,1,1,0,1,0,5.789185718985124e-05,0.0,0.0004498885455482,0.0006354300699349,-0.000393037619315,0.0,0.0,1.0,1.0,0.0
0.5,2,1,0,0.25,0.35,16,1,1,1,0,1,0,5.789185718985124e-05,0.0,0.0004498885455482,0.0006354300699349,-0.000393037619315,0.0,0.0,1.0,1.0,0.0
0.5,2,1,0,0.25,0.35,32,1,1,1,0,1,0,5.789185718985124e-05,0.0,0.0004498885455482,0.0006354300699349,-0.000393037619315,0.0,0.0,1.0,1.0,0.0
0.5,2,1,0,0.25,0.35,64,1,1,1,0,1,0,5.789185718985124e-05,0.0,0.0004498885455482,0.0006354300699349,-0.000393037619315,0.0,0.0,1.0,1.0,0.0
0.5,2,1,0,0.5,0.0,16,1,1,1,0,1,0,5.789185718985124e-05,0.0,0.0004498885455482,0.0006354300699349,-0.000393037619315,0.0,0.0,1.0,1.0,0.0
0.5,2,1,0,0.5,0.0,32,1,1,1,0,1,0,5.789185718985124e-05,0.0,0.0004498885455482,0.0006354300699349,-0.000393037619315,0.0,0.0,1.0,1.0,0.0
0.5,2,1,0,0.5,0.0,64,1,1,1,0,1,0,5.789185718985124e-05,0.0,0.0004498885455482,0.0006354300699349,-0.000393037619315,0.0,0.0,1.0,1.0,0.0
0.5,2,1,0,0.5,0.25,16,1,1,1,0,1,0,5.789185718985124e-05,0.0,0.0004498885455482,0.0006354300699349,-0.000393037619315,0.0,0.0,1.0,1.0,0.0
0.5,2,1,0,0.5,0.25,32,1,1,1,0,1,0,5.789185718985124e-05,0.0,0.0004498885455482,0.0006354300699349,-0.000393037619315,0.0,0.0,1.0,1.0,0.0
0.5,2,1,0,0.5,0.25,64,1,1,1,0,1,0,5.789185718985124e-05,0.0,0.0004498885455482,0.0006354300699349,-0.000393037619315,0.0,0.0,1.0,1.0,0.0
0.5,2,1,0,0.5,0.35,16,1,1,1,0,1,0,5.789185718985124e-05,0.0,0.0004498885455482,0.0006354300699349,-0.000393037619315,0.0,0.0,1.0,1.0,0.0
0.5,2,1,0,0.5,0.35,32,1,1,1,0,1,0,5.789185718985124e-05,0.0,0.0004498885455482,0.0006354300699349,-0.000393037619315,0.0,0.0,1.0,1.0,0.0
0.5,2,1,0,0.5,0.35,64,1,1,1,0,1,0,5.789185718985124e-05,0.0,0.0004498885455482,0.0006354300699349,-0.000393037619315,0.0,0.0,1.0,1.0,0.0
0.5,2,1,0,0.75,0.0,16,1,1,1,0,1,0,5.789185718985124e-05,0.0,0.0004498885455482,0.0006354300699349,-0.000393037619315,0.0,0.0,1.0,1.0,0.0
0.5,2,1,0,0.75,0.0,32,1,1,1,0,1,0,5.789185718985124e-05,0.0,0.0004498885455482,0.0006354300699349,-0.000393037619315,0.0,0.0,1.0,1.0,0.0
0.5,2,1,0,0.75,0.0,64,1,1,1,0,1,0,5.789185718985124e-05,0.0,0.0004498885455482,0.0006354300699349,-0.000393037619315,0.0,0.0,1.0,1.0,0.0
0.5,2,1,0,0.75,0.25,16,1,1,1,0,1,0,5.789185718985124e-05,0.0,0.0004498885455482,0.0006354300699349,-0.000393037619315,0.0,0.0,1.0,1.0,0.0
0.5,2,1,0,0.75,0.25,32,1,1,1,0,1,0,5.789185718985124e-05,0.0,0.0004498885455482,0.0006354300699349,-0.000393037619315,0.0,0.0,1.0,1.0,0.0
0.5,2,1,0,0.75,0.25,64,1,1,1,0,1,0,5.789185718985124e-05,0.0,0.0004498885455482,0.0006354300699349,-0.000393037619315,0.0,0.0,1.0,1.0,0.0
0.5,2,1,0,0.75,0.35,16,1,1,1,0,1,0,5.789185718985124e-05,0.0,0.0004498885455482,0.0006354300699349,-0.000393037619315,0.0,0.0,1.0,1.0,0.0
0.5,2,1,0,0.75,0.35,32,1,1,1,0,1,0,5.789185718985124e-05,0.0,0.0004498885455482,0.0006354300699349,-0.000393037619315,0.0,0.0,1.0,1.0,0.0
0.5,2,1,0,0.75,0.35,64,1,1,1,0,1,0,5.789185718985124e-05,0.0,0.0004498885455482,0.0006354300699349,-0.000393037619315,0.0,0.0,1.0,1.0,0.0
0.5,2,1,0,1.0,0.0,16,1,1,1,0,1,0,5.789185718985124e-05,0.0,0.0004498885455482,0.0006354300699349,-0.000393037619315,0.0,0.0,1.0,1.0,0.0
0.5,2,1,0,1.0,0.0,32,1,1,1,0,1,0,5.789185718985124e-05,0.0,0.0004498885455482,0.0006354300699349,-0.000393037619315,0.0,0.0,1.0,1.0,0.0
0.5,2,1,0,1.0,0.0,64,1,1,1,0,1,0,5.789185718985124e-05,0.0,0.0004498885455482,0.0006354300699349,-0.000393037619315,0.0,0.0,1.0,1.0,0.0
0.5,2,1,0,1.0,0.25,16,1,1,1,0,1,0,5.789185718985124e-05,0.0,0.0004498885455482,0.0006354300699349,-0.000393037619315,0.0,0.0,1.0,1.0,0.0
0.5,2,1,0,1.0,0.25,32,1,1,1,0,1,0,5.789185718985124e-05,0.0,0.0004498885455482,0.0006354300699349,-0.000393037619315,0.0,0.0,1.0,1.0,0.0
0.5,2,1,0,1.0,0.25,64,1,1,1,0,1,0,5.789185718985124e-05,0.0,0.0004498885455482,0.0006354300699349,-0.000393037619315,0.0,0.0,1.0,1.0,0.0
0.5,2,1,0,1.0,0.35,16,1,1,1,0,1,0,5.789185718985124e-05,0.0,0.0004498885455482,0.0006354300699349,-0.000393037619315,0.0,0.0,1.0,1.0,0.0
0.5,2,1,0,1.0,0.35,32,1,1,1,0,1,0,5.789185718985124e-05,0.0,0.0004498885455482,0.0006354300699349,-0.000393037619315,0.0,0.0,1.0,1.0,0.0
0.5,2,1,0,1.0,0.35,64,1,1,1,0,1,0,5.789185718985124e-05,0.0,0.0004498885455482,0.0006354300699349,-0.000393037619315,0.0,0.0,1.0,1.0,0.0
0.5,2,1,1,0.25,0.0,16,1,1,1,0,1,0,5.789185718985124e-05,0.0,0.0004498885455482,0.0006354300699349,-0.000393037619315,0.0,0.0,1.0,1.0,0.0
0.5,2,1,1,0.25,0.0,32,1,1,1,0,1,0,5.789185718985124e-05,0.0,0.0004498885455482,0.0006354300699349,-0.000393037619315,0.0,0.0,1.0,1.0,0.0
0.5,2,1,1,0.25,0.0,64,1,1,1,0,1,0,5.789185718985124e-05,0.0,0.0004498885455482,0.0006354300699349,-0.000393037619315,0.0,0.0,1.0,1.0,0.0
0.5,2,1,1,0.25,0.25,16,1,1,1,0,1,0,5.789185718985124e-05,0.0,0.0004498885455482,0.0006354300699349,-0.000393037619315,0.0,0.0,1.0,1.0,0.0
0.5,2,1,1,0.25,0.25,32,1,1,1,0,1,0,5.789185718985124e-05,0.0,0.0004498885455482,0.0006354300699349,-0.000393037619315,0.0,0.0,1.0,1.0,0.0
0.5,2,1,1,0.25,0.25,64,1,1,1,0,1,0,5.789185718985124e-05,0.0,0.0004498885455482,0.0006354300699349,-0.000393037619315,0.0,0.0,1.0,1.0,0.0
0.5,2,1,1,0.25,0.35,16,1,1,1,0,1,0,5.789185718985124e-05,0.0,0.0004498885455482,0.0006354300699349,-0.000393037619315,0.0,0.0,1.0,1.0,0.0
0.5,2,1,1,0.25,0.35,32,1,1,1,0,1,0,5.789185718985124e-05,0.0,0.0004498885455482,0.0006354300699349,-0.000393037619315,0.0,0.0,1.0,1.0,0.0
0.5,2,1,1,0.25,0.35,64,1,1,1,0,1,0,5.789185718985124e-05,0.0,0.0004498885455482,0.0006354300699349,-0.000393037619315,0.0,0.0,1.0,1.0,0.0
0.5,2,1,1,0.5,0.0,16,1,1,1,0,1,0,5.789185718985124e-05,0.0,0.0004498885455482,0.0006354300699349,-0.000393037619315,0.0,0.0,1.0,1.0,0.0
0.5,2,1,1,0.5,0.0,32,1,1,1,0,1,0,5.789185718985124e-05,0.0,0.0004498885455482,0.0006354300699349,-0.000393037619315,0.0,0.0,1.0,1.0,0.0
0.5,2,1,1,0.5,0.0,64,1,1,1,0,1,0,5.789185718985124e-05,0.0,0.0004498885455482,0.0006354300699349,-0.000393037619315,0.0,0.0,1.0,1.0,0.0
0.5,2,1,1,0.5,0.25,16,1,1,1,0,1,0,5.789185718985124e-05,0.0,0.0004498885455482,0.0006354300699349,-0.000393037619315,0.0,0.0,1.0,1.0,0.0
0.5,2,1,1,0.5,0.25,32,1,1,1,0,1,0,5.789185718985124e-05,0.0,0.0004498885455482,0.0006354300699349,-0.000393037619315,0.0,0.0,1.0,1.0,0.0
0.5,2,1,1,0.5,0.25,64,1,1,1,0,1,0,5.789185718985124e-05,0.0,0.0004498885455482,0.0006354300699349,-0.000393037619315,0.0,0.0,1.0,1.0,0.0
0.5,2,1,1,0.5,0.35,16,1,1,1,0,1,0,5.789185718985124e-05,0.0,0.0004498885455482,0.0006354300699349,-0.000393037619315,0.0,0.0,1.0,1.0,0.0
0.5,2,1,1,0.5,0.35,32,1,1,1,0,1,0,5.789185718985124e-05,0.0,0.0004498885455482,0.0006354300699349,-0.000393037619315,0.0,0.0,1.0,1.0,0.0
0.5,2,1,1,0.5,0.35,64,1,1,1,0,1,0,5.789185718985124e-05,0.0,0.0004498885455482,0.0006354300699349,-0.000393037619315,0.0,0.0,1.0,1.0,0.0
0.5,2,1,1,0.75,0.0,16,1,1,1,0,1,0,5.789185718985124e-05,0.0,0.0004498885455482,0.0006354300699349,-0.000393037619315,0.0,0.0,1.0,1.0,0.0
0.5,2,1,1,0.75,0.0,32,1,1,1,0,1,0,5.789185718985124e-05,0.0,0.0004498885455482,0.0006354300699349,-0.000393037619315,0.0,0.0,1.0,1.0,0.0
0.5,2,1,1,0.75,0.0,64,1,1,1,0,1,0,5.789185718985124e-05,0.0,0.0004498885455482,0.0006354300699349,-0.000393037619315,0.0,0.0,1.0,1.0,0.0
0.5,2,1,1,0.75,0.25,16,1,1,1,0,1,0,5.789185718985124e-05,0.0,0.0004498885455482,0.0006354300699349,-0.000393037619315,0.0,0.0,1.0,1.0,0.0
0.5,2,1,1,0.75,0.25,32,1,1,1,0,1,0,5.789185718985124e-05,0.0,0.0004498885455482,0.0006354300699349,-0.000393037619315,0.0,0.0,1.0,1.0,0.0
0.5,2,1,1,0.75,0.25,64,1,1,1,0,1,0,5.789185718985124e-05,0.0,0.0004498885455482,0.0006354300699349,-0.000393037619315,0.0,0.0,1.0,1.0,0.0
0.5,2,1,1,0.75,0.35,16,1,1,1,0,1,0,5.789185718985124e-05,0.0,0.0004498885455482,0.0006354300699349,-0.000393037619315,0.0,0.0,1.0,1.0,0.0
0.5,2,1,1,0.75,0.35,32,1,1,1,0,1,0,5.789185718985124e-05,0.0,0.0004498885455482,0.0006354300699349,-0.000393037619315,0.0,0.0,1.0,1.0,0.0
0.5,2,1,1,0.75,0.35,64,1,1,1,0,1,0,5.789185718985124e-05,0.0,0.0004498885455482,0.0006354300699349,-0.000393037619315,0.0,0.0,1.0,1.0,0.0
0.5,2,1,1,1.0,0.0,16,1,1,1,0,1,0,5.789185718985124e-05,0.0,0.0004498885455482,0.0006354300699349,-0.000393037619315,0.0,0.0,1.0,1.0,0.0
0.5,2,1,1,1.0,0.0,32,1,1,1,0,1,0,5.789185718985124e-05,0.0,0.0004498885455482,0.0006354300699349,-0.000393037619315,0.0,0.0,1.0,1.0,0.0
0.5,2,1,1,1.0,0.0,64,1,1,1,0,1,0,5.789185718985124e-05,0.0,0.0004498885455482,0.0006354300699349,-0.000393037619315,0.0,0.0,1.0,1.0,0.0
0.5,2,1,1,1.0,0.25,16,1,1,1,0,1,0,5.789185718985124e-05,0.0,0.0004498885455482,0.0006354300699349,-0.000393037619315,0.0,0.0,1.0,1.0,0.0
0.5,2,1,1,1.0,0.25,32,1,1,1,0,1,0,5.789185718985124e-05,0.0,0.0004498885455482,0.0006354300699349,-0.000393037619315,0.0,0.0,1.0,1.0,0.0
0.5,2,1,1,1.0,0.25,64,1,1,1,0,1,0,5.789185718985124e-05,0.0,0.0004498885455482,0.0006354300699349,-0.000393037619315,0.0,0.0,1.0,1.0,0.0
0.5,2,1,1,1.0,0.35,16,1,1,1,0,1,0,5.789185718985124e-05,0.0,0.0004498885455482,0.0006354300699349,-0.000393037619315,0.0,0.0,1.0,1.0,0.0
0.5,2,1,1,1.0,0.35,32,1,1,1,0,1,0,5.789185718985124e-05,0.0,0.0004498885455482,0.0006354300699349,-0.000393037619315,0.0,0.0,1.0,1.0,0.0
0.5,2,1,1,1.0,0.35,64,1,1,1,0,1,0,5.789185718985124e-05,0.0,0.0004498885455482,0.0006354300699349,-0.000393037619315,0.0,0.0,1.0,1.0,0.0
0.5,2,1,999,0.25,0.0,16,1,1,1,0,1,0,5.789185718985124e-05,0.0,0.0004498885455482,0.0006354300699349,-0.000393037619315,0.0,0.0,1.0,1.0,0.0
0.5,2,1,999,0.25,0.0,32,1,1,1,0,1,0,5.789185718985124e-05,0.0,0.0004498885455482,0.0006354300699349,-0.000393037619315,0.0,0.0,1.0,1.0,0.0
0.5,2,1,999,0.25,0.0,64,1,1,1,0,1,0,5.789185718985124e-05,0.0,0.0004498885455482,0.0006354300699349,-0.000393037619315,0.0,0.0,1.0,1.0,0.0
0.5,2,1,999,0.25,0.25,16,1,1,1,0,1,0,5.789185718985124e-05,0.0,0.0004498885455482,0.0006354300699349,-0.000393037619315,0.0,0.0,1.0,1.0,0.0
0.5,2,1,999,0.25,0.25,32,1,1,1,0,1,0,5.789185718985124e-05,0.0,0.0004498885455482,0.0006354300699349,-0.000393037619315,0.0,0.0,1.0,1.0,0.0
0.5,2,1,999,0.25,0.25,64,1,1,1,0,1,0,5.789185718985124e-05,0.0,0.0004498885455482,0.0006354300699349,-0.000393037619315,0.0,0.0,1.0,1.0,0.0
0.5,2,1,999,0.25,0.35,16,1,1,1,0,1,0,5.789185718985124e-05,0.0,0.0004498885455482,0.0006354300699349,-0.000393037619315,0.0,0.0,1.0,1.0,0.0
0.5,2,1,999,0.25,0.35,32,1,1,1,0,1,0,5.789185718985124e-05,0.0,0.0004498885455482,0.0006354300699349,-0.000393037619315,0.0,0.0,1.0,1.0,0.0
0.5,2,1,999,0.25,0.35,64,1,1,1,0,1,0,5.789185718985124e-05,0.0,0.0004498885455482,0.0006354300699349,-0.000393037619315,0.0,0.0,1.0,1.0,0.0
0.5,2,1,999,0.5,0.0,16,1,1,1,0,1,0,5.789185718985124e-05,0.0,0.0004498885455482,0.0006354300699349,-0.000393037619315,0.0,0.0,1.0,1.0,0.0
0.5,2,1,999,0.5,0.0,32,1,1,1,0,1,0,5.789185718985124e-05,0.0,0.0004498885455482,0.0006354300699349,-0.000393037619315,0.0,0.0,1.0,1.0,0.0
0.5,2,1,999,0.5,0.0,64,1,1,1,0,1,0,5.789185718985124e-05,0.0,0.0004498885455482,0.0006354300699349,-0.000393037619315,0.0,0.0,1.0,1.0,0.0
0.5,2,1,999,0.5,0.25,16,1,1,1,0,1,0,5.789185718985124e-05,0.0,0.0004498885455482,0.0006354300699349,-0.000393037619315,0.0,0.0,1.0,1.0,0.0
0.5,2,1,999,0.5,0.25,32,1,1,1,0,1,0,5.789185718985124e-05,0.0,0.0004498885455482,0.0006354300699349,-0.000393037619315,0.0,0.0,1.0,1.0,0.0
0.5,2,1,999,0.5,0.25,64,1,1,1,0,1,0,5.789185718985124e-05,0.0,0.0004498885455482,0.0006354300699349,-0.000393037619315,0.0,0.0,1.0,1.0,0.0
0.5,2,1,999,0.5,0.35,16,1,1,1,0,1,0,5.789185718985124e-05,0.0,0.0004498885455482,0.0006354300699349,-0.000393037619315,0.0,0.0,1.0,1.0,0.0
0.5,2,1,999,0.5,0.35,32,1,1,1,0,1,0,5.789185718985124e-05,0.0,0.0004498885455482,0.0006354300699349,-0.000393037619315,0.0,0.0,1.0,1.0,0.0
0.5,2,1,999,0.5,0.35,64,1,1,1,0,1,0,5.789185718985124e-05,0.0,0.0004498885455482,0.0006354300699349,-0.000393037619315,0.0,0.0,1.0,1.0,0.0
0.5,2,1,999,0.75,0.0,16,1,1,1,0,1,0,5.789185718985124e-05,0.0,0.0004498885455482,0.0006354300699349,-0.000393037619315,0.0,0.0,1.0,1.0,0.0
0.5,2,1,999,0.75,0.0,32,1,1,1,0,1,0,5.789185718985124e-05,0.0,0.0004498885455482,0.0006354300699349,-0.000393037619315,0.0,0.0,1.0,1.0,0.0
0.5,2,1,999,0.75,0.0,64,1,1,1,0,1,0,5.789185718985124e-05,0.0,0.0004498885455482,0.0006354300699349,-0.000393037619315,0.0,0.0,1.0,1.0,0.0
0.5,2,1,999,0.75,0.25,16,1,1,1,0,1,0,5.789185718985124e-05,0.0,0.0004498885455482,0.0006354300699349,-0.000393037619315,0.0,0.0,1.0,1.0,0.0
0.5,2,1,999,0.75,0.25,32,1,1,1,0,1,0,5.789185718985124e-05,0.0,0.0004498885455482,0.0006354300699349,-0.000393037619315,0.0,0.0,1.0,1.0,0.0
0.5,2,1,999,0.75,0.25,64,1,1,1,0,1,0,5.789185718985124e-05,0.0,0.0004498885455482,0.0006354300699349,-0.000393037619315,0.0,0.0,1.0,1.0,0.0
0.5,2,1,999,0.75,0.35,16,1,1,1,0,1,0,5.789185718985124e-05,0.0,0.0004498885455482,0.0006354300699349,-0.000393037619315,0.0,0.0,1.0,1.0,0.0
0.5,2,1,999,0.75,0.35,32,1,1,1,0,1,0,5.789185718985124e-05,0.0,0.0004498885455482,0.0006354300699349,-0.000393037619315,0.0,0.0,1.0,1.0,0.0
0.5,2,1,999,0.75,0.35,64,1,1,1,0,1,0,5.789185718985124e-05,0.0,0.0004498885455482,0.0006354300699349,-0.000393037619315,0.0,0.0,1.0,1.0,0.0
0.5,2,1,999,1.0,0.0,16,1,1,1,0,1,0,5.789185718985124e-05,0.0,0.0004498885455482,0.0006354300699349,-0.000393037619315,0.0,0.0,1.0,1.0,0.0
0.5,2,1,999,1.0,0.0,32,1,1,1,0,1,0,5.789185718985124e-05,0.0,0.0004498885455482,0.0006354300699349,-0.000393037619315,0.0,0.0,1.0,1.0,0.0
0.5,2,1,999,1.0,0.0,64,1,1,1,0,1,0,5.789185718985124e-05,0.0,0.0004498885455482,0.0006354300699349,-0.000393037619315,0.0,0.0,1.0,1.0,0.0
0.5,2,1,999,1.0,0.25,16,1,1,1,0,1,0,5.789185718985124e-05,0.0,0.0004498885455482,0.0006354300699349,-0.000393037619315,0.0,0.0,1.0,1.0,0.0
0.5,2,1,999,1.0,0.25,32,1,1,1,0,1,0,5.789185718985124e-05,0.0,0.0004498885455482,0.0006354300699349,-0.000393037619315,0.0,0.0,1.0,1.0,0.0
0.5,2,1,999,1.0,0.25,64,1,1,1,0,1,0,5.789185718985124e-05,0.0,0.0004498885455482,0.0006354300699349,-0.000393037619315,0.0,0.0,1.0,1.0,0.0
0.5,2,1,999,1.0,0.35,16,1,1,1,0,1,0,5.789185718985124e-05,0.0,0.0004498885455482,0.0006354300699349,-0.000393037619315,0.0,0.0,1.0,1.0,0.0
0.5,2,1,999,1.0,0.35,32,1,1,1,0,1,0,5.789185718985124e-05,0.0,0.0004498885455482,0.0006354300699349,-0.000393037619315,0.0,0.0,1.0,1.0,0.0
0.5,2,1,999,1.0,0.35,64,1,1,1,0,1,0,5.789185718985124e-05,0.0,0.0004498885455482,0.0006354300699349,-0.000393037619315,0.0,0.0,1.0,1.0,0.0
0.5,2,999,0,0.25,0.0,16,1,1,1,0,1,0,5.789185718985124e-05,0.0,0.0004498885455482,0.0006354300699349,-0.000393037619315,0.0,0.0,1.0,1.0,0.0
0.5,2,999,0,0.25,0.0,32,1,1,1,0,1,0,5.789185718985124e-05,0.0,0.0004498885455482,0.0006354300699349,-0.000393037619315,0.0,0.0,1.0,1.0,0.0
0.5,2,999,0,0.25,0.0,64,1,1,1,0,1,0,5.789185718985124e-05,0.0,0.0004498885455482,0.0006354300699349,-0.000393037619315,0.0,0.0,1.0,1.0,0.0
0.5,2,999,0,0.25,0.25,16,1,1,1,0,1,0,5.789185718985124e-05,0.0,0.0004498885455482,0.0006354300699349,-0.000393037619315,0.0,0.0,1.0,1.0,0.0
0.5,2,999,0,0.25,0.25,32,1,1,1,0,1,0,5.789185718985124e-05,0.0,0.0004498885455482,0.0006354300699349,-0.000393037619315,0.0,0.0,1.0,1.0,0.0
0.5,2,999,0,0.25,0.25,64,1,1,1,0,1,0,5.789185718985124e-05,0.0,0.0004498885455482,0.0006354300699349,-0.000393037619315,0.0,0.0,1.0,1.0,0.0
0.5,2,999,0,0.25,0.35,16,1,1,1,0,1,0,5.789185718985124e-05,0.0,0.0004498885455482,0.0006354300699349,-0.000393037619315,0.0,0.0,1.0,1.0,0.0
0.5,2,999,0,0.25,0.35,32,1,1,1,0,1,0,5.789185718985124e-05,0.0,0.0004498885455482,0.0006354300699349,-0.000393037619315,0.0,0.0,1.0,1.0,0.0
0.5,2,999,0,0.25,0.35,64,1,1,1,0,1,0,5.789185718985124e-05,0.0,0.0004498885455482,0.0006354300699349,-0.000393037619315,0.0,0.0,1.0,1.0,0.0
0.5,2,999,0,0.5,0.0,16,1,1,1,0,1,0,5.789185718985124e-05,0.0,0.0004498885455482,0.0006354300699349,-0.000393037619315,0.0,0.0,1.0,1.0,0.0
0.5,2,999,0,0.5,0.0,32,1,1,1,0,1,0,5.789185718985124e-05,0.0,0.0004498885455482,0.0006354300699349,-0.000393037619315,0.0,0.0,1.0,1.0,0.0
0.5,2,999,0,0.5,0.0,64,1,1,1,0,1,0,5.789185718985124e-05,0.0,0.0004498885455482,0.0006354300699349,-0.000393037619315,0.0,0.0,1.0,1.0,0.0
0.5,2,999,0,0.5,0.25,16,1,1,1,0,1,0,5.789185718985124e-05,0.0,0.0004498885455482,0.0006354300699349,-0.000393037619315,0.0,0.0,1.0,1.0,0.0
0.5,2,999,0,0.5,0.25,32,1,1,1,0,1,0,5.789185718985124e-05,0.0,0.0004498885455482,0.0006354300699349,-0.000393037619315,0.0,0.0,1.0,1.0,0.0
0.5,2,999,0,0.5,0.25,64,1,1,1,0,1,0,5.789185718985124e-05,0.0,0.0004498885455482,0.0006354300699349,-0.000393037619315,0.0,0.0,1.0,1.0,0.0
0.5,2,999,0,0.5,0.35,16,1,1,1,0,1,0,5.789185718985124e-05,0.0,0.0004498885455482,0.0006354300699349,-0.000393037619315,0.0,0.0,1.0,1.0,0.0
0.5,2,999,0,0.5,0.35,32,1,1,1,0,1,0,5.789185718985124e-05,0.0,0.0004498885455482,0.0006354300699349,-0.000393037619315,0.0,0.0,1.0,1.0,0.0
0.5,2,999,0,0.5,0.35,64,1,1,1,0,1,0,5.789185718985124e-05,0.0,0.0004498885455482,0.0006354300699349,-0.000393037619315,0.0,0.0,1.0,1.0,0.0
0.5,2,999,0,0.75,0.0,16,1,1,1,0,1,0,5.789185718985124e-05,0.0,0.0004498885455482,0.0006354300699349,-0.000393037619315,0.0,0.0,1.0,1.0,0.0
0.5,2,999,0,0.75,0.0,32,1,1,1,0,1,0,5.789185718985124e-05,0.0,0.0004498885455482,0.0006354300699349,-0.000393037619315,0.0,0.0,1.0,1.0,0.0
0.5,2,999,0,0.75,0.0,64,1,1,1,0,1,0,5.789185718985124e-05,0.0,0.0004498885455482,0.0006354300699349,-0.000393037619315,0.0,0.0,1.0,1.0,0.0
0.5,2,999,0,0.75,0.25,16,1,1,1,0,1,0,5.789185718985124e-05,0.0,0.0004498885455482,0.0006354300699349,-0.000393037619315,0.0,0.0,1.0,1.0,0.0
0.5,2,999,0,0.75,0.25,32,1,1,1,0,1,0,5.789185718985124e-05,0.0,0.0004498885455482,0.0006354300699349,-0.000393037619315,0.0,0.0,1.0,1.0,0.0
0.5,2,999,0,0.75,0.25,64,1,1,1,0,1,0,5.789185718985124e-05,0.0,0.0004498885455482,0.0006354300699349,-0.000393037619315,0.0,0.0,1.0,1.0,0.0
0.5,2,999,0,0.75,0.35,16,1,1,1,0,1,0,5.789185718985124e-05,0.0,0.0004498885455482,0.0006354300699349,-0.000393037619315,0.0,0.0,1.0,1.0,0.0
0.5,2,999,0,0.75,0.35,32,1,1,1,0,1,0,5.789185718985124e-05,0.0,0.0004498885455482,0.0006354300699349,-0.000393037619315,0.0,0.0,1.0,1.0,0.0
0.5,2,999,0,0.75,0.35,64,1,1,1,0,1,0,5.789185718985124e-05,0.0,0.0004498885455482,0.0006354300699349,-0.000393037619315,0.0,0.0,1.0,1.0,0.0
0.5,2,999,0,1.0,0.0,16,1,1,1,0,1,0,5.789185718985124e-05,0.0,0.0004498885455482,0.0006354300699349,-0.000393037619315,0.0,0.0,1.0,1.0,0.0
0.5,2,999,0,1.0,0.0,32,1,1,1,0,1,0,5.789185718985124e-05,0.0,0.0004498885455482,0.0006354300699349,-0.000393037619315,0.0,0.0,1.0,1.0,0.0
0.5,2,999,0,1.0,0.0,64,1,1,1,0,1,0,5.789185718985124e-05,0.0,0.0004498885455482,0.0006354300699349,-0.000393037619315,0.0,0.0,1.0,1.0,0.0
0.5,2,999,0,1.0,0.25,16,1,1,1,0,1,0,5.789185718985124e-05,0.0,0.0004498885455482,0.0006354300699349,-0.000393037619315,0.0,0.0,1.0,1.0,0.0
0.5,2,999,0,1.0,0.25,32,1,1,1,0,1,0,5.789185718985124e-05,0.0,0.0004498885455482,0.0006354300699349,-0.000393037619315,0.0,0.0,1.0,1.0,0.0
0.5,2,999,0,1.0,0.25,64,1,1,1,0,1,0,5.789185718985124e-05,0.0,0.0004498885455482,0.0006354300699349,-0.000393037619315,0.0,0.0,1.0,1.0,0.0
0.5,2,999,0,1.0,0.35,16,1,1,1,0,1,0,5.789185718985124e-05,0.0,0.0004498885455482,0.0006354300699349,-0.000393037619315,0.0,0.0,1.0,1.0,0.0
0.5,2,999,0,1.0,0.35,32,1,1,1,0,1,0,5.789185718985124e-05,0.0,0.0004498885455482,0.0006354300699349,-0.000393037619315,0.0,0.0,1.0,1.0,0.0
0.5,2,999,0,1.0,0.35,64,1,1,1,0,1,0,5.789185718985124e-05,0.0,0.0004498885455482,0.0006354300699349,-0.000393037619315,0.0,0.0,1.0,1.0,0.0
0.5,2,999,1,0.25,0.0,16,1,1,1,0,1,0,5.789185718985124e-05,0.0,0.0004498885455482,0.0006354300699349,-0.000393037619315,0.0,0.0,1.0,1.0,0.0
0.5,2,999,1,0.25,0.0,32,1,1,1,0,1,0,5.789185718985124e-05,0.0,0.0004498885455482,0.0006354300699349,-0.000393037619315,0.0,0.0,1.0,1.0,0.0
0.5,2,999,1,0.25,0.0,64,1,1,1,0,1,0,5.789185718985124e-05,0.0,0.0004498885455482,0.0006354300699349,-0.000393037619315,0.0,0.0,1.0,1.0,0.0
0.5,2,999,1,0.25,0.25,16,1,1,1,0,1,0,5.789185718985124e-05,0.0,0.0004498885455482,0.0006354300699349,-0.000393037619315,0.0,0.0,1.0,1.0,0.0
0.5,2,999,1,0.25,0.25,32,1,1,1,0,1,0,5.789185718985124e-05,0.0,0.0004498885455482,0.0006354300699349,-0.000393037619315,0.0,0.0,1.0,1.0,0.0
0.5,2,999,1,0.25,0.25,64,1,1,1,0,1,0,5.789185718985124e-05,0.0,0.0004498885455482,0.0006354300699349,-0.000393037619315,0.0,0.0,1.0,1.0,0.0
0.5,2,999,1,0.25,0.35,16,1,1,1,0,1,0,5.789185718985124e-05,0.0,0.0004498885455482,0.0006354300699349,-0.000393037619315,0.0,0.0,1.0,1.0,0.0
0.5,2,999,1,0.25,0.35,32,1,1,1,0,1,0,5.789185718985124e-05,0.0,0.0004498885455482,0.0006354300699349,-0.000393037619315,0.0,0.0,1.0,1.0,0.0
0.5,2,999,1,0.25,0.35,64,1,1,1,0,1,0,5.789185718985124e-05,0.0,0.0004498885455482,0.0006354300699349,-0.000393037619315,0.0,0.0,1.0,1.0,0.0
0.5,2,999,1,0.5,0.0,16,1,1,1,0,1,0,5.789185718985124e-05,0.0,0.0004498885455482,0.0006354300699349,-0.000393037619315,0.0,0.0,1.0,1.0,0.0
0.5,2,999,1,0.5,0.0,32,1,1,1,0,1,0,5.789185718985124e-05,0.0,0.0004498885455482,0.0006354300699349,-0.000393037619315,0.0,0.0,1.0,1.0,0.0
0.5,2,999,1,0.5,0.0,64,1,1,1,0,1,0,5.789185718985124e-05,0.0,0.0004498885455482,0.0006354300699349,-0.000393037619315,0.0,0.0,1.0,1.0,0.0
0.5,2,999,1,0.5,0.25,16,1,1,1,0,1,0,5.789185718985124e-05,0.0,0.0004498885455482,0.0006354300699349,-0.000393037619315,0.0,0.0,1.0,1.0,0.0
0.5,2,999,1,0.5,0.25,32,1,1,1,0,1,0,5.789185718985124e-05,0.0,0.0004498885455482,0.0006354300699349,-0.000393037619315,0.0,0.0,1.0,1.0,0.0
0.5,2,999,1,0.5,0.25,64,1,1,1,0,1,0,5.789185718985124e-05,0.0,0.0004498885455482,0.0006354300699349,-0.000393037619315,0.0,0.0,1.0,1.0,0.0
0.5,2,999,1,0.5,0.35,16,1,1,1,0,1,0,5.789185718985124e-05,0.0,0.0004498885455482,0.0006354300699349,-0.000393037619315,0.0,0.0,1.0,1.0,0.0
0.5,2,999,1,0.5,0.35,32,1,1,1,0,1,0,5.789185718985124e-05,0.0,0.0004498885455482,0.0006354300699349,-0.000393037619315,0.0,0.0,1.0,1.0,0.0
0.5,2,999,1,0.5,0.35,64,1,1,1,0,1,0,5.789185718985124e-05,0.0,0.0004498885455482,0.0006354300699349,-0.000393037619315,0.0,0.0,1.0,1.0,0.0
0.5,2,999,1,0.75,0.0,16,1,1,1,0,1,0,5.789185718985124e-05,0.0,0.0004498885455482,0.0006354300699349,-0.000393037619315,0.0,0.0,1.0,1.0,0.0
0.5,2,999,1,0.75,0.0,32,1,1,1,0,1,0,5.789185718985124e-05,0.0,0.0004498885455482,0.0006354300699349,-0.000393037619315,0.0,0.0,1.0,1.0,0.0
0.5,2,999,1,0.75,0.0,64,1,1,1,0,1,0,5.789185718985124e-05,0.0,0.0004498885455482,0.0006354300699349,-0.000393037619315,0.0,0.0,1.0,1.0,0.0
0.5,2,999,1,0.75,0.25,16,1,1,1,0,1,0,5.789185718985124e-05,0.0,0.0004498885455482,0.0006354300699349,-0.000393037619315,0.0,0.0,1.0,1.0,0.0
0.5,2,999,1,0.75,0.25,32,1,1,1,0,1,0,5.789185718985124e-05,0.0,0.0004498885455482,0.0006354300699349,-0.000393037619315,0.0,0.0,1.0,1.0,0.0
0.5,2,999,1,0.75,0.25,64,1,1,1,0,1,0,5.789185718985124e-05,0.0,0.0004498885455482,0.0006354300699349,-0.000393037619315,0.0,0.0,1.0,1.0,0.0
0.5,2,999,1,0.75,0.35,16,1,1,1,0,1,0,5.789185718985124e-05,0.0,0.0004498885455482,0.0006354300699349,-0.000393037619315,0.0,0.0,1.0,1.0,0.0
0.5,2,999,1,0.75,0.35,32,1,1,1,0,1,0,5.789185718985124e-05,0.0,0.0004498885455482,0.0006354300699349,-0.000393037619315,0.0,0.0,1.0,1.0,0.0
0.5,2,999,1,0.75,0.35,64,1,1,1,0,1,0,5.789185718985124e-05,0.0,0.0004498885455482,0.0006354300699349,-0.000393037619315,0.0,0.0,1.0,1.0,0.0
0.5,2,999,1,1.0,0.0,16,1,1,1,0,1,0,5.789185718985124e-05,0.0,0.0004498885455482,0.0006354300699349,-0.000393037619315,0.0,0.0,1.0,1.0,0.0
0.5,2,999,1,1.0,0.0,32,1,1,1,0,1,0,5.789185718985124e-05,0.0,0.0004498885455482,0.0006354300699349,-0.000393037619315,0.0,0.0,1.0,1.0,0.0
0.5,2,999,1,1.0,0.0,64,1,1,1,0,1,0,5.789185718985124e-05,0.0,0.0004498885455482,0.0006354300699349,-0.000393037619315,0.0,0.0,1.0,1.0,0.0
0.5,2,999,1,1.0,0.25,16,1,1,1,0,1,0,5.789185718985124e-05,0.0,0.0004498885455482,0.0006354300699349,-0.000393037619315,0.0,0.0,1.0,1.0,0.0
0.5,2,999,1,1.0,0.25,32,1,1,1,0,1,0,5.789185718985124e-05,0.0,0.0004498885455482,0.0006354300699349,-0.000393037619315,0.0,0.0,1.0,1.0,0.0
0.5,2,999,1,1.0,0.25,64,1,1,1,0,1,0,5.789185718985124e-05,0.0,0.0004498885455482,0.0006354300699349,-0.000393037619315,0.0,0.0,1.0,1.0,0.0
0.5,2,999,1,1.0,0.35,16,1,1,1,0,1,0,5.789185718985124e-05,0.0,0.0004498885455482,0.0006354300699349,-0.000393037619315,0.0,0.0,1.0,1.0,0.0
0.5,2,999,1,1.0,0.35,32,1,1,1,0,1,0,5.789185718985124e-05,0.0,0.0004498885455482,0.0006354300699349,-0.000393037619315,0.0,0.0,1.0,1.0,0.0
0.5,2,999,1,1.0,0.35,64,1,1,1,0,1,0,5.789185718985124e-05,0.0,0.0004498885455482,0.0006354300699349,-0.000393037619315,0.0,0.0,1.0,1.0,0.0
0.5,2,999,999,0.25,0.0,16,1,1,1,0,1,0,5.789185718985124e-05,0.0,0.0004498885455482,0.0006354300699349,-0.000393037619315,0.0,0.0,1.0,1.0,0.0
0.5,2,999,999,0.25,0.0,32,1,1,1,0,1,0,5.789185718985124e-05,0.0,0.0004498885455482,0.0006354300699349,-0.000393037619315,0.0,0.0,1.0,1.0,0.0
0.5,2,999,999,0.25,0.0,64,1,1,1,0,1,0,5.789185718985124e-05,0.0,0.0004498885455482,0.0006354300699349,-0.000393037619315,0.0,0.0,1.0,1.0,0.0
0.5,2,999,999,0.25,0.25,16,1,1,1,0,1,0,5.789185718985124e-05,0.0,0.0004498885455482,0.0006354300699349,-0.000393037619315,0.0,0.0,1.0,1.0,0.0
0.5,2,999,999,0.25,0.25,32,1,1,1,0,1,0,5.789185718985124e-05,0.0,0.0004498885455482,0.0006354300699349,-0.000393037619315,0.0,0.0,1.0,1.0,0.0
0.5,2,999,999,0.25,0.25,64,1,1,1,0,1,0,5.789185718985124e-05,0.0,0.0004498885455482,0.0006354300699349,-0.000393037619315,0.0,0.0,1.0,1.0,0.0
0.5,2,999,999,0.25,0.35,16,1,1,1,0,1,0,5.789185718985124e-05,0.0,0.0004498885455482,0.0006354300699349,-0.000393037619315,0.0,0.0,1.0,1.0,0.0
0.5,2,999,999,0.25,0.35,32,1,1,1,0,1,0,5.789185718985124e-05,0.0,0.0004498885455482,0.0006354300699349,-0.000393037619315,0.0,0.0,1.0,1.0,0.0
0.5,2,999,999,0.25,0.35,64,1,1,1,0,1,0,5.789185718985124e-05,0.0,0.0004498885455482,0.0006354300699349,-0.000393037619315,0.0,0.0,1.0,1.0,0.0
0.5,2,999,999,0.5,0.0,16,1,1,1,0,1,0,5.789185718985124e-05,0.0,0.0004498885455482,0.0006354300699349,-0.000393037619315,0.0,0.0,1.0,1.0,0.0
0.5,2,999,999,0.5,0.0,32,1,1,1,0,1,0,5.789185718985124e-05,0.0,0.0004498885455482,0.0006354300699349,-0.000393037619315,0.0,0.0,1.0,1.0,0.0
0.5,2,999,999,0.5,0.0,64,1,1,1,0,1,0,5.789185718985124e-05,0.0,0.0004498885455482,0.0006354300699349,-0.000393037619315,0.0,0.0,1.0,1.0,0.0
0.5,2,999,999,0.5,0.25,16,1,1,1,0,1,0,5.789185718985124e-05,0.0,0.0004498885455482,0.0006354300699349,-0.000393037619315,0.0,0.0,1.0,1.0,0.0
0.5,2,999,999,0.5,0.25,32,1,1,1,0,1,0,5.789185718985124e-05,0.0,0.0004498885455482,0.0006354300699349,-0.000393037619315,0.0,0.0,1.0,1.0,0.0
0.5,2,999,999,0.5,0.25,64,1,1,1,0,1,0,5.789185718985124e-05,0.0,0.0004498885455482,0.0006354300699349,-0.000393037619315,0.0,0.0,1.0,1.0,0.0
0.5,2,999,999,0.5,0.35,16,1,1,1,0,1,0,5.789185718985124e-05,0.0,0.0004498885455482,0.0006354300699349,-0.000393037619315,0.0,0.0,1.0,1.0,0.0
0.5,2,999,999,0.5,0.35,32,1,1,1,0,1,0,5.789185718985124e-05,0.0,0.0004498885455482,0.0006354300699349,-0.000393037619315,0.0,0.0,1.0,1.0,0.0
0.5,2,999,999,0.5,0.35,64,1,1,1,0,1,0,5.789185718985124e-05,0.0,0.0004498885455482,0.0006354300699349,-0.000393037619315,0.0,0.0,1.0,1.0,0.0
0.5,2,999,999,0.75,0.0,16,1,1,1,0,1,0,5.789185718985124e-05,0.0,0.0004498885455482,0.0006354300699349,-0.000393037619315,0.0,0.0,1.0,1.0,0.0
0.5,2,999,999,0.75,0.0,32,1,1,1,0,1,0,5.789185718985124e-05,0.0,0.0004498885455482,0.0006354300699349,-0.000393037619315,0.0,0.0,1.0,1.0,0.0
0.5,2,999,999,0.75,0.0,64,1,1,1,0,1,0,5.789185718985124e-05,0.0,0.0004498885455482,0.0006354300699349,-0.000393037619315,0.0,0.0,1.0,1.0,0.0
0.5,2,999,999,0.75,0.25,16,1,1,1,0,1,0,5.789185718985124e-05,0.0,0.0004498885455482,0.0006354300699349,-0.000393037619315,0.0,0.0,1.0,1.0,0.0
0.5,2,999,999,0.75,0.25,32,1,1,1,0,1,0,5.789185718985124e-05,0.0,0.0004498885455482,0.0006354300699349,-0.000393037619315,0.0,0.0,1.0,1.0,0.0
0.5,2,999,999,0.75,0.25,64,1,1,1,0,1,0,5.789185718985124e-05,0.0,0.0004498885455482,0.0006354300699349,-0.000393037619315,0.0,0.0,1.0,1.0,0.0
0.5,2,999,999,0.75,0.35,16,1,1,1,0,1,0,5.789185718985124e-05,0.0,0.0004498885455482,0.0006354300699349,-0.000393037619315,0.0,0.0,1.0,1.0,0.0
0.5,2,999,999,0.75,0.35,32,1,1,1,0,1,0,5.789185718985124e-05,0.0,0.0004498885455482,0.0006354300699349,-0.000393037619315,0.0,0.0,1.0,1.0,0.0
0.5,2,999,999,0.75,0.35,64,1,1,1,0,1,0,5.789185718985124e-05,0.0,0.0004498885455482,0.0006354300699349,-0.000393037619315,0.0,0.0,1.0,1.0,0.0
0.5,2,999,999,1.0,0.0,16,1,1,1,0,1,0,5.789185718985124e-05,0.0,0.0004498885455482,0.0006354300699349,-0.000393037619315,0.0,0.0,1.0,1.0,0.0
0.5,2,999,999,1.0,0.0,32,1,1,1,0,1,0,5.789185718985124e-05,0.0,0.0004498885455482,0.0006354300699349,-0.000393037619315,0.0,0.0,1.0,1.0,0.0
0.5,2,999,999,1.0,0.0,64,1,1,1,0,1,0,5.789185718985124e-05,0.0,0.0004498885455482,0.0006354300699349,-0.000393037619315,0.0,0.0,1.0,1.0,0.0
0.5,2,999,999,1.0,0.25,16,1,1,1,0,1,0,5.789185718985124e-05,0.0,0.0004498885455482,0.0006354300699349,-0.000393037619315,0.0,0.0,1.0,1.0,0.0
0.5,2,999,999,1.0,0.25,32,1,1,1,0,1,0,5.789185718985124e-05,0.0,0.0004498885455482,0.0006354300699349,-0.000393037619315,0.0,0.0,1.0,1.0,0.0
0.5,2,999,999,1.0,0.25,64,1,1,1,0,1,0,5.789185718985124e-05,0.0,0.0004498885455482,0.0006354300699349,-0.000393037619315,0.0,0.0,1.0,1.0,0.0
0.5,2,999,999,1.0,0.35,16,1,1,1,0,1,0,5.789185718985124e-05,0.0,0.0004498885455482,0.0006354300699349,-0.000393037619315,0.0,0.0,1.0,1.0,0.0
0.5,2,999,999,1.0,0.35,32,1,1,1,0,1,0,5.789185718985124e-05,0.0,0.0004498885455482,0.0006354300699349,-0.000393037619315,0.0,0.0,1.0,1.0,0.0
0.5,2,999,999,1.0,0.35,64,1,1,1,0,1,0,5.789185718985124e-05,0.0,0.0004498885455482,0.0006354300699349,-0.000393037619315,0.0,0.0,1.0,1.0,0.0
0.0,2,0,0,0.25,0.0,128,2,2,1,1,1,1,-5.6874930148874384e-05,-0.0001750355540969,2.513681767415e-05,1.4591531670949992e-05,-0.00026051471391959997,0.0,0.463768115942029,0.536231884057971,0.5,0.5
0.0,2,0,0,0.25,0.0,999999,2,2,1,1,1,1,-5.6874930148874384e-05,-0.0001750355540969,2.513681767415e-05,1.4591531670949992e-05,-0.00026051471391959997,0.0,0.463768115942029,0.536231884057971,0.5,0.5
0.0,2,0,0,0.25,0.25,128,2,2,1,1,1,1,-5.6874930148874384e-05,-0.0001750355540969,2.513681767415e-05,1.4591531670949992e-05,-0.00026051471391959997,0.0,0.463768115942029,0.536231884057971,0.5,0.5
0.0,2,0,0,0.25,0.25,999999,2,2,1,1,1,1,-5.6874930148874384e-05,-0.0001750355540969,2.513681767415e-05,1.4591531670949992e-05,-0.00026051471391959997,0.0,0.463768115942029,0.536231884057971,0.5,0.5
0.0,2,0,0,0.25,0.35,128,2,2,1,1,1,1,-5.6874930148874384e-05,-0.0001750355540969,2.513681767415e-05,1.4591531670949992e-05,-0.00026051471391959997,0.0,0.463768115942029,0.536231884057971,0.5,0.5
0.0,2,0,0,0.25,0.35,999999,2,2,1,1,1,1,-5.6874930148874384e-05,-0.0001750355540969,2.513681767415e-05,1.4591531670949992e-05,-0.00026051471391959997,0.0,0.463768115942029,0.536231884057971,0.5,0.5
0.0,2,0,0,0.5,0.0,128,2,2,1,1,1,1,-5.6874930148874384e-05,-0.0001750355540969,2.513681767415e-05,1.4591531670949992e-05,-0.00026051471391959997,0.0,0.463768115942029,0.536231884057971,0.5,0.5
0.0,2,0,0,0.5,0.0,999999,2,2,1,1,1,1,-5.6874930148874384e-05,-0.0001750355540969,2.513681767415e-05,1.4591531670949992e-05,-0.00026051471391959997,0.0,0.463768115942029,0.536231884057971,0.5,0.5
0.0,2,0,0,0.5,0.25,128,2,2,1,1,1,1,-5.6874930148874384e-05,-0.0001750355540969,2.513681767415e-05,1.4591531670949992e-05,-0.00026051471391959997,0.0,0.463768115942029,0.536231884057971,0.5,0.5
0.0,2,0,0,0.5,0.25,999999,2,2,1,1,1,1,-5.6874930148874384e-05,-0.0001750355540969,2.513681767415e-05,1.4591531670949992e-05,-0.00026051471391959997,0.0,0.463768115942029,0.536231884057971,0.5,0.5
0.0,2,0,0,0.5,0.35,128,2,2,1,1,1,1,-5.6874930148874384e-05,-0.0001750355540969,2.513681767415e-05,1.4591531670949992e-05,-0.00026051471391959997,0.0,0.463768115942029,0.536231884057971,0.5,0.5
0.0,2,0,0,0.5,0.35,999999,2,2,1,1,1,1,-5.6874930148874384e-05,-0.0001750355540969,2.513681767415e-05,1.4591531670949992e-05,-0.00026051471391959997,0.0,0.463768115942029,0.536231884057971,0.5,0.5
0.0,2,0,0,0.75,0.0,128,2,2,1,1,1,1,-5.6874930148874384e-05,-0.0001750355540969,2.513681767415e-05,1.4591531670949992e-05,-0.00026051471391959997,0.0,0.463768115942029,0.536231884057971,0.5,0.5
0.0,2,0,0,0.75,0.0,999999,2,2,1,1,1,1,-5.6874930148874384e-05,-0.0001750355540969,2.513681767415e-05,1.4591531670949992e-05,-0.00026051471391959997,0.0,0.463768115942029,0.536231884057971,0.5,0.5
0.0,2,0,0,0.75,0.25,128,2,2,1,1,1,1,-5.6874930148874384e-05,-0.0001750355540969,2.513681767415e-05,1.4591531670949992e-05,-0.00026051471391959997,0.0,0.463768115942029,0.536231884057971,0.5,0.5
0.0,2,0,0,0.75,0.25,999999,2,2,1,1,1,1,-5.6874930148874384e-05,-0.0001750355540969,2.513681767415e-05,1.4591531670949992e-05,-0.00026051471391959997,0.0,0.463768115942029,0.536231884057971,0.5,0.5
0.0,2,0,0,0.75,0.35,128,2,2,1,1,1,1,-5.6874930148874384e-05,-0.0001750355540969,2.513681767415e-05,1.4591531670949992e-05,-0.00026051471391959997,0.0,0.463768115942029,0.536231884057971,0.5,0.5
0.0,2,0,0,0.75,0.35,999999,2,2,1,1,1,1,-5.6874930148874384e-05,-0.0001750355540969,2.513681767415e-05,1.4591531670949992e-05,-0.00026051471391959997,0.0,0.463768115942029,0.536231884057971,0.5,0.5
0.0,2,0,0,1.0,0.0,128,2,2,1,1,1,1,-5.6874930148874384e-05,-0.0001750355540969,2.513681767415e-05,1.4591531670949992e-05,-0.00026051471391959997,0.0,0.463768115942029,0.536231884057971,0.5,0.5
0.0,2,0,0,1.0,0.0,999999,2,2,1,1,1,1,-5.6874930148874384e-05,-0.0001750355540969,2.513681767415e-05,1.4591531670949992e-05,-0.00026051471391959997,0.0,0.463768115942029,0.536231884057971,0.5,0.5
0.0,2,0,0,1.0,0.25,128,2,2,1,1,1,1,-5.6874930148874384e-05,-0.0001750355540969,2.513681767415e-05,1.4591531670949992e-05,-0.00026051471391959997,0.0,0.463768115942029,0.536231884057971,0.5,0.5
0.0,2,0,0,1.0,0.25,999999,2,2,1,1,1,1,-5.6874930148874384e-05,-0.0001750355540969,2.513681767415e-05,1.4591531670949992e-05,-0.00026051471391959997,0.0,0.463768115942029,0.536231884057971,0.5,0.5
0.0,2,0,0,1.0,0.35,128,2,2,1,1,1,1,-5.6874930148874384e-05,-0.0001750355540969,2.513681767415e-05,1.4591531670949992e-05,-0.00026051471391959997,0.0,0.463768115942029,0.536231884057971,0.5,0.5
0.0,2,0,0,1.0,0.35,999999,2,2,1,1,1,1,-5.6874930148874384e-05,-0.0001750355540969,2.513681767415e-05,1.4591531670949992e-05,-0.00026051471391959997,0.0,0.463768115942029,0.536231884057971,0.5,0.5
0.0,2,0,1,0.25,0.0,128,2,2,1,1,1,1,-5.6874930148874384e-05,-0.0001750355540969,2.513681767415e-05,1.4591531670949992e-05,-0.00026051471391959997,0.0,0.463768115942029,0.536231884057971,0.5,0.5
0.0,2,0,1,0.25,0.0,999999,2,2,1,1,1,1,-5.6874930148874384e-05,-0.0001750355540969,2.513681767415e-05,1.4591531670949992e-05,-0.00026051471391959997,0.0,0.463768115942029,0.536231884057971,0.5,0.5
0.0,2,0,1,0.25,0.25,128,2,2,1,1,1,1,-5.6874930148874384e-05,-0.0001750355540969,2.513681767415e-05,1.4591531670949992e-05,-0.00026051471391959997,0.0,0.463768115942029,0.536231884057971,0.5,0.5
0.0,2,0,1,0.25,0.25,999999,2,2,1,1,1,1,-5.6874930148874384e-05,-0.0001750355540969,2.513681767415e-05,1.4591531670949992e-05,-0.00026051471391959997,0.0,0.463768115942029,0.536231884057971,0.5,0.5
0.0,2,0,1,0.25,0.35,128,2,2,1,1,1,1,-5.6874930148874384e-05,-0.0001750355540969,2.513681767415e-05,1.4591531670949992e-05,-0.00026051471391959997,0.0,0.463768115942029,0.536231884057971,0.5,0.5
0.0,2,0,1,0.25,0.35,999999,2,2,1,1,1,1,-5.6874930148874384e-05,-0.0001750355540969,2.513681767415e-05,1.4591531670949992e-05,-0.00026051471391959997,0.0,0.463768115942029,0.536231884057971,0.5,0.5
0.0,2,0,1,0.5,0.0,128,2,2,1,1,1,1,-5.6874930148874384e-05,-0.0001750355540969,2.513681767415e-05,1.4591531670949992e-05,-0.00026051471391959997,0.0,0.463768115942029,0.536231884057971,0.5,0.5
0.0,2,0,1,0.5,0.0,999999,2,2,1,1,1,1,-5.6874930148874384e-05,-0.0001750355540969,2.513681767415e-05,1.4591531670949992e-05,-0.00026051471391959997,0.0,0.463768115942029,0.536231884057971,0.5,0.5
0.0,2,0,1,0.5,0.25,128,2,2,1,1,1,1,-5.6874930148874384e-05,-0.0001750355540969,2.513681767415e-05,1.4591531670949992e-05,-0.00026051471391959997,0.0,0.463768115942029,0.536231884057971,0.5,0.5
0.0,2,0,1,0.5,0.25,999999,2,2,1,1,1,1,-5.6874930148874384e-05,-0.0001750355540969,2.513681767415e-05,1.4591531670949992e-05,-0.00026051471391959997,0.0,0.463768115942029,0.536231884057971,0.5,0.5
0.0,2,0,1,0.5,0.35,128,2,2,1,1,1,1,-5.6874930148874384e-05,-0.0001750355540969,2.513681767415e-05,1.4591531670949992e-05,-0.00026051471391959997,0.0,0.463768115942029,0.536231884057971,0.5,0.5
0.0,2,0,1,0.5,0.35,999999,2,2,1,1,1,1,-5.6874930148874384e-05,-0.0001750355540969,2.513681767415e-05,1.4591531670949992e-05,-0.00026051471391959997,0.0,0.463768115942029,0.536231884057971,0.5,0.5
0.0,2,0,1,0.75,0.0,128,2,2,1,1,1,1,-5.6874930148874384e-05,-0.0001750355540969,2.513681767415e-05,1.4591531670949992e-05,-0.00026051471391959997,0.0,0.463768115942029,0.536231884057971,0.5,0.5
0.0,2,0,1,0.75,0.0,999999,2,2,1,1,1,1,-5.6874930148874384e-05,-0.0001750355540969,2.513681767415e-05,1.4591531670949992e-05,-0.00026051471391959997,0.0,0.463768115942029,0.536231884057971,0.5,0.5
0.0,2,0,1,0.75,0.25,128,2,2,1,1,1,1,-5.6874930148874384e-05,-0.0001750355540969,2.513681767415e-05,1.4591531670949992e-05,-0.00026051471391959997,0.0,0.463768115942029,0.536231884057971,0.5,0.5
0.0,2,0,1,0.75,0.25,999999,2,2,1,1,1,1,-5.6874930148874384e-05,-0.0001750355540969,2.513681767415e-05,1.4591531670949992e-05,-0.00026051471391959997,0.0,0.463768115942029,0.536231884057971,0.5,0.5
0.0,2,0,1,0.75,0.35,128,2,2,1,1,1,1,-5.6874930148874384e-05,-0.0001750355540969,2.513681767415e-05,1.4591531670949992e-05,-0.00026051471391959997,0.0,0.463768115942029,0.536231884057971,0.5,0.5
0.0,2,0,1,0.75,0.35,999999,2,2,1,1,1,1,-5.6874930148874384e-05,-0.0001750355540969,2.513681767415e-05,1.4591531670949992e-05,-0.00026051471391959997,0.0,0.463768115942029,0.536231884057971,0.5,0.5
0.0,2,0,1,1.0,0.0,128,2,2,1,1,1,1,-5.6874930148874384e-05,-0.0001750355540969,2.513681767415e-05,1.4591531670949992e-05,-0.00026051471391959997,0.0,0.463768115942029,0.536231884057971,0.5,0.5
0.0,2,0,1,1.0,0.0,999999,2,2,1,1,1,1,-5.6874930148874384e-05,-0.0001750355540969,2.513681767415e-05,1.4591531670949992e-05,-0.00026051471391959997,0.0,0.463768115942029,0.536231884057971,0.5,0.5
0.0,2,0,1,1.0,0.25,128,2,2,1,1,1,1,-5.6874930148874384e-05,-0.0001750355540969,2.513681767415e-05,1.4591531670949992e-05,-0.00026051471391959997,0.0,0.463768115942029,0.536231884057971,0.5,0.5
0.0,2,0,1,1.0,0.25,999999,2,2,1,1,1,1,-5.6874930148874384e-05,-0.0001750355540969,2.513681767415e-05,1.4591531670949992e-05,-0.00026051471391959997,0.0,0.463768115942029,0.536231884057971,0.5,0.5
0.0,2,0,1,1.0,0.35,128,2,2,1,1,1,1,-5.6874930148874384e-05,-0.0001750355540969,2.513681767415e-05,1.4591531670949992e-05,-0.00026051471391959997,0.0,0.463768115942029,0.536231884057971,0.5,0.5
0.0,2,0,1,1.0,0.35,999999,2,2,1,1,1,1,-5.6874930148874384e-05,-0.0001750355540969,2.513681767415e-05,1.4591531670949992e-05,-0.00026051471391959997,0.0,0.463768115942029,0.536231884057971,0.5,0.5
0.0,2,0,999,0.25,0.0,128,2,2,1,1,1,1,-5.6874930148874384e-05,-0.0001750355540969,2.513681767415e-05,1.4591531670949992e-05,-0.00026051471391959997,0.0,0.463768115942029,0.536231884057971,0.5,0.5
0.0,2,0,999,0.25,0.0,999999,2,2,1,1,1,1,-5.6874930148874384e-05,-0.0001750355540969,2.513681767415e-05,1.4591531670949992e-05,-0.00026051471391959997,0.0,0.463768115942029,0.536231884057971,0.5,0.5
0.0,2,0,999,0.25,0.25,128,2,2,1,1,1,1,-5.6874930148874384e-05,-0.0001750355540969,2.513681767415e-05,1.4591531670949992e-05,-0.00026051471391959997,0.0,0.463768115942029,0.536231884057971,0.5,0.5
0.0,2,0,999,0.25,0.25,999999,2,2,1,1,1,1,-5.6874930148874384e-05,-0.0001750355540969,2.513681767415e-05,1.4591531670949992e-05,-0.00026051471391959997,0.0,0.463768115942029,0.536231884057971,0.5,0.5
0.0,2,0,999,0.25,0.35,128,2,2,1,1,1,1,-5.6874930148874384e-05,-0.0001750355540969,2.513681767415e-05,1.4591531670949992e-05,-0.00026051471391959997,0.0,0.463768115942029,0.536231884057971,0.5,0.5
0.0,2,0,999,0.25,0.35,999999,2,2,1,1,1,1,-5.6874930148874384e-05,-0.0001750355540969,2.513681767415e-05,1.4591531670949992e-05,-0.00026051471391959997,0.0,0.463768115942029,0.536231884057971,0.5,0.5
0.0,2,0,999,0.5,0.0,128,2,2,1,1,1,1,-5.6874930148874384e-05,-0.0001750355540969,2.513681767415e-05,1.4591531670949992e-05,-0.00026051471391959997,0.0,0.463768115942029,0.536231884057971,0.5,0.5
0.0,2,0,999,0.5,0.0,999999,2,2,1,1,1,1,-5.6874930148874384e-05,-0.0001750355540969,2.513681767415e-05,1.4591531670949992e-05,-0.00026051471391959997,0.0,0.463768115942029,0.536231884057971,0.5,0.5
0.0,2,0,999,0.5,0.25,128,2,2,1,1,1,1,-5.6874930148874384e-05,-0.0001750355540969,2.513681767415e-05,1.4591531670949992e-05,-0.00026051471391959997,0.0,0.463768115942029,0.536231884057971,0.5,0.5
0.0,2,0,999,0.5,0.25,999999,2,2,1,1,1,1,-5.6874930148874384e-05,-0.0001750355540969,2.513681767415e-05,1.4591531670949992e-05,-0.00026051471391959997,0.0,0.463768115942029,0.536231884057971,0.5,0.5
0.0,2,0,999,0.5,0.35,128,2,2,1,1,1,1,-5.6874930148874384e-05,-0.0001750355540969,2.513681767415e-05,1.4591531670949992e-05,-0.00026051471391959997,0.0,0.463768115942029,0.536231884057971,0.5,0.5
0.0,2,0,999,0.5,0.35,999999,2,2,1,1,1,1,-5.6874930148874384e-05,-0.0001750355540969,2.513681767415e-05,1.4591531670949992e-05,-0.00026051471391959997,0.0,0.463768115942029,0.536231884057971,0.5,0.5
0.0,2,0,999,0.75,0.0,128,2,2,1,1,1,1,-5.6874930148874384e-05,-0.0001750355540969,2.513681767415e-05,1.4591531670949992e-05,-0.00026051471391959997,0.0,0.463768115942029,0.536231884057971,0.5,0.5
0.0,2,0,999,0.75,0.0,999999,2,2,1,1,1,1,-5.6874930148874384e-05,-0.0001750355540969,2.513681767415e-05,1.4591531670949992e-05,-0.00026051471391959997,0.0,0.463768115942029,0.536231884057971,0.5,0.5
0.0,2,0,999,0.75,0.25,128,2,2,1,1,1,1,-5.6874930148874384e-05,-0.0001750355540969,2.513681767415e-05,1.4591531670949992e-05,-0.00026051471391959997,0.0,0.463768115942029,0.536231884057971,0.5,0.5
0.0,2,0,999,0.75,0.25,999999,2,2,1,1,1,1,-5.6874930148874384e-05,-0.0001750355540969,2.513681767415e-05,1.4591531670949992e-05,-0.00026051471391959997,0.0,0.463768115942029,0.536231884057971,0.5,0.5
0.0,2,0,999,0.75,0.35,128,2,2,1,1,1,1,-5.6874930148874384e-05,-0.0001750355540969,2.513681767415e-05,1.4591531670949992e-05,-0.00026051471391959997,0.0,0.463768115942029,0.536231884057971,0.5,0.5
0.0,2,0,999,0.75,0.35,999999,2,2,1,1,1,1,-5.6874930148874384e-05,-0.0001750355540969,2.513681767415e-05,1.4591531670949992e-05,-0.00026051471391959997,0.0,0.463768115942029,0.536231884057971,0.5,0.5
0.0,2,0,999,1.0,0.0,128,2,2,1,1,1,1,-5.6874930148874384e-05,-0.0001750355540969,2.513681767415e-05,1.4591531670949992e-05,-0.00026051471391959997,0.0,0.463768115942029,0.536231884057971,0.5,0.5
0.0,2,0,999,1.0,0.0,999999,2,2,1,1,1,1,-5.6874930148874384e-05,-0.0001750355540969,2.513681767415e-05,1.4591531670949992e-05,-0.00026051471391959997,0.0,0.463768115942029,0.536231884057971,0.5,0.5
0.0,2,0,999,1.0,0.25,128,2,2,1,1,1,1,-5.6874930148874384e-05,-0.0001750355540969,2.513681767415e-05,1.4591531670949992e-05,-0.00026051471391959997,0.0,0.463768115942029,0.536231884057971,0.5,0.5
0.0,2,0,999,1.0,0.25,999999,2,2,1,1,1,1,-5.6874930148874384e-05,-0.0001750355540969,2.513681767415e-05,1.4591531670949992e-05,-0.00026051471391959997,0.0,0.463768115942029,0.536231884057971,0.5,0.5
0.0,2,0,999,1.0,0.35,128,2,2,1,1,1,1,-5.6874930148874384e-05,-0.0001750355540969,2.513681767415e-05,1.4591531670949992e-05,-0.00026051471391959997,0.0,0.463768115942029,0.536231884057971,0.5,0.5
0.0,2,0,999,1.0,0.35,999999,2,2,1,1,1,1,-5.6874930148874384e-05,-0.0001750355540969,2.513681767415e-05,1.4591531670949992e-05,-0.00026051471391959997,0.0,0.463768115942029,0.536231884057971,0.5,0.5
0.0,2,1,0,0.25,0.0,128,2,2,1,1,1,1,-5.6874930148874384e-05,-0.0001750355540969,2.513681767415e-05,1.4591531670949992e-05,-0.00026051471391959997,0.0,0.463768115942029,0.536231884057971,0.5,0.5
0.0,2,1,0,0.25,0.0,999999,2,2,1,1,1,1,-5.6874930148874384e-05,-0.0001750355540969,2.513681767415e-05,1.4591531670949992e-05,-0.00026051471391959997,0.0,0.463768115942029,0.536231884057971,0.5,0.5
0.0,2,1,0,0.25,0.25,128,2,2,1,1,1,1,-5.6874930148874384e-05,-0.0001750355540969,2.513681767415e-05,1.4591531670949992e-05,-0.00026051471391959997,0.0,0.463768115942029,0.536231884057971,0.5,0.5
0.0,2,1,0,0.25,0.25,999999,2,2,1,1,1,1,-5.6874930148874384e-05,-0.0001750355540969,2.513681767415e-05,1.4591531670949992e-05,-0.00026051471391959997,0.0,0.463768115942029,0.536231884057971,0.5,0.5
0.0,2,1,0,0.25,0.35,128,2,2,1,1,1,1,-5.6874930148874384e-05,-0.0001750355540969,2.513681767415e-05,1.4591531670949992e-05,-0.00026051471391959997,0.0,0.463768115942029,0.536231884057971,0.5,0.5
0.0,2,1,0,0.25,0.35,999999,2,2,1,1,1,1,-5.6874930148874384e-05,-0.0001750355540969,2.513681767415e-05,1.4591531670949992e-05,-0.00026051471391959997,0.0,0.463768115942029,0.536231884057971,0.5,0.5
0.0,2,1,0,0.5,0.0,128,2,2,1,1,1,1,-5.6874930148874384e-05,-0.0001750355540969,2.513681767415e-05,1.4591531670949992e-05,-0.00026051471391959997,0.0,0.463768115942029,0.536231884057971,0.5,0.5
0.0,2,1,0,0.5,0.0,999999,2,2,1,1,1,1,-5.6874930148874384e-05,-0.0001750355540969,2.513681767415e-05,1.4591531670949992e-05,-0.00026051471391959997,0.0,0.463768115942029,0.536231884057971,0.5,0.5
0.0,2,1,0,0.5,0.25,128,2,2,1,1,1,1,-5.6874930148874384e-05,-0.0001750355540969,2.513681767415e-05,1.4591531670949992e-05,-0.00026051471391959997,0.0,0.463768115942029,0.536231884057971,0.5,0.5
0.0,2,1,0,0.5,0.25,999999,2,2,1,1,1,1,-5.6874930148874384e-05,-0.0001750355540969,2.513681767415e-05,1.4591531670949992e-05,-0.00026051471391959997,0.0,0.463768115942029,0.536231884057971,0.5,0.5
0.0,2,1,0,0.5,0.35,128,2,2,1,1,1,1,-5.6874930148874384e-05,-0.0001750355540969,2.513681767415e-05,1.4591531670949992e-05,-0.00026051471391959997,0.0,0.463768115942029,0.536231884057971,0.5,0.5
0.0,2,1,0,0.5,0.35,999999,2,2,1,1,1,1,-5.6874930148874384e-05,-0.0001750355540969,2.513681767415e-05,1.4591531670949992e-05,-0.00026051471391959997,0.0,0.463768115942029,0.536231884057971,0.5,0.5
0.0,2,1,0,0.75,0.0,128,2,2,1,1,1,1,-5.6874930148874384e-05,-0.0001750355540969,2.513681767415e-05,1.4591531670949992e-05,-0.00026051471391959997,0.0,0.463768115942029,0.536231884057971,0.5,0.5
0.0,2,1,0,0.75,0.0,999999,2,2,1,1,1,1,-5.6874930148874384e-05,-0.0001750355540969,2.513681767415e-05,1.4591531670949992e-05,-0.00026051471391959997,0.0,0.463768115942029,0.536231884057971,0.5,0.5
0.0,2,1,0,0.75,0.25,128,2,2,1,1,1,1,-5.6874930148874384e-05,-0.0001750355540969,2.513681767415e-05,1.4591531670949992e-05,-0.00026051471391959997,0.0,0.463768115942029,0.536231884057971,0.5,0.5
0.0,2,1,0,0.75,0.25,999999,2,2,1,1,1,1,-5.6874930148874384e-05,-0.0001750355540969,2.513681767415e-05,1.4591531670949992e-05,-0.00026051471391959997,0.0,0.463768115942029,0.536231884057971,0.5,0.5
0.0,2,1,0,0.75,0.35,128,2,2,1,1,1,1,-5.6874930148874384e-05,-0.0001750355540969,2.513681767415e-05,1.4591531670949992e-05,-0.00026051471391959997,0.0,0.463768115942029,0.536231884057971,0.5,0.5
0.0,2,1,0,0.75,0.35,999999,2,2,1,1,1,1,-5.6874930148874384e-05,-0.0001750355540969,2.513681767415e-05,1.4591531670949992e-05,-0.00026051471391959997,0.0,0.463768115942029,0.536231884057971,0.5,0.5
0.0,2,1,0,1.0,0.0,128,2,2,1,1,1,1,-5.6874930148874384e-05,-0.0001750355540969,2.513681767415e-05,1.4591531670949992e-05,-0.00026051471391959997,0.0,0.463768115942029,0.536231884057971,0.5,0.5
0.0,2,1,0,1.0,0.0,999999,2,2,1,1,1,1,-5.6874930148874384e-05,-0.0001750355540969,2.513681767415e-05,1.4591531670949992e-05,-0.00026051471391959997,0.0,0.463768115942029,0.536231884057971,0.5,0.5
0.0,2,1,0,1.0,0.25,128,2,2,1,1,1,1,-5.6874930148874384e-05,-0.0001750355540969,2.513681767415e-05,1.4591531670949992e-05,-0.00026051471391959997,0.0,0.463768115942029,0.536231884057971,0.5,0.5
0.0,2,1,0,1.0,0.25,999999,2,2,1,1,1,1,-5.6874930148874384e-05,-0.0001750355540969,2.513681767415e-05,1.4591531670949992e-05,-0.00026051471391959997,0.0,0.463768115942029,0.536231884057971,0.5,0.5
0.0,2,1,0,1.0,0.35,128,2,2,1,1,1,1,-5.6874930148874384e-05,-0.0001750355540969,2.513681767415e-05,1.4591531670949992e-05,-0.00026051471391959997,0.0,0.463768115942029,0.536231884057971,0.5,0.5
0.0,2,1,0,1.0,0.35,999999,2,2,1,1,1,1,-5.6874930148874384e-05,-0.0001750355540969,2.513681767415e-05,1.4591531670949992e-05,-0.00026051471391959997,0.0,0.463768115942029,0.536231884057971,0.5,0.5
0.0,2,1,1,0.25,0.0,128,2,2,1,1,1,1,-5.6874930148874384e-05,-0.0001750355540969,2.513681767415e-05,1.4591531670949992e-05,-0.00026051471391959997,0.0,0.463768115942029,0.536231884057971,0.5,0.5
0.0,2,1,1,0.25,0.0,999999,2,2,1,1,1,1,-5.6874930148874384e-05,-0.0001750355540969,2.513681767415e-05,1.4591531670949992e-05,-0.00026051471391959997,0.0,0.463768115942029,0.536231884057971,0.5,0.5
0.0,2,1,1,0.25,0.25,128,2,2,1,1,1,1,-5.6874930148874384e-05,-0.0001750355540969,2.513681767415e-05,1.4591531670949992e-05,-0.00026051471391959997,0.0,0.463768115942029,0.536231884057971,0.5,0.5
0.0,2,1,1,0.25,0.25,999999,2,2,1,1,1,1,-5.6874930148874384e-05,-0.0001750355540969,2.513681767415e-05,1.4591531670949992e-05,-0.00026051471391959997,0.0,0.463768115942029,0.536231884057971,0.5,0.5
0.0,2,1,1,0.25,0.35,128,2,2,1,1,1,1,-5.6874930148874384e-05,-0.0001750355540969,2.513681767415e-05,1.4591531670949992e-05,-0.00026051471391959997,0.0,0.463768115942029,0.536231884057971,0.5,0.5
0.0,2,1,1,0.25,0.35,999999,2,2,1,1,1,1,-5.6874930148874384e-05,-0.0001750355540969,2.513681767415e-05,1.4591531670949992e-05,-0.00026051471391959997,0.0,0.463768115942029,0.536231884057971,0.5,0.5
0.0,2,1,1,0.5,0.0,128,2,2,1,1,1,1,-5.6874930148874384e-05,-0.0001750355540969,2.513681767415e-05,1.4591531670949992e-05,-0.00026051471391959997,0.0,0.463768115942029,0.536231884057971,0.5,0.5
0.0,2,1,1,0.5,0.0,999999,2,2,1,1,1,1,-5.6874930148874384e-05,-0.0001750355540969,2.513681767415e-05,1.4591531670949992e-05,-0.00026051471391959997,0.0,0.463768115942029,0.536231884057971,0.5,0.5
0.0,2,1,1,0.5,0.25,128,2,2,1,1,1,1,-5.6874930148874384e-05,-0.0001750355540969,2.513681767415e-05,1.4591531670949992e-05,-0.00026051471391959997,0.0,0.463768115942029,0.536231884057971,0.5,0.5
0.0,2,1,1,0.5,0.25,999999,2,2,1,1,1,1,-5.6874930148874384e-05,-0.0001750355540969,2.513681767415e-05,1.4591531670949992e-05,-0.00026051471391959997,0.0,0.463768115942029,0.536231884057971,0.5,0.5
0.0,2,1,1,0.5,0.35,128,2,2,1,1,1,1,-5.6874930148874384e-05,-0.0001750355540969,2.513681767415e-05,1.4591531670949992e-05,-0.00026051471391959997,0.0,0.463768115942029,0.536231884057971,0.5,0.5
0.0,2,1,1,0.5,0.35,999999,2,2,1,1,1,1,-5.6874930148874384e-05,-0.0001750355540969,2.513681767415e-05,1.4591531670949992e-05,-0.00026051471391959997,0.0,0.463768115942029,0.536231884057971,0.5,0.5
0.0,2,1,1,0.75,0.0,128,2,2,1,1,1,1,-5.6874930148874384e-05,-0.0001750355540969,2.513681767415e-05,1.4591531670949992e-05,-0.00026051471391959997,0.0,0.463768115942029,0.536231884057971,0.5,0.5
0.0,2,1,1,0.75,0.0,999999,2,2,1,1,1,1,-5.6874930148874384e-05,-0.0001750355540969,2.513681767415e-05,1.4591531670949992e-05,-0.00026051471391959997,0.0,0.463768115942029,0.536231884057971,0.5,0.5
0.0,2,1,1,0.75,0.25,128,2,2,1,1,1,1,-5.6874930148874384e-05,-0.0001750355540969,2.513681767415e-05,1.4591531670949992e-05,-0.00026051471391959997,0.0,0.463768115942029,0.536231884057971,0.5,0.5
0.0,2,1,1,0.75,0.25,999999,2,2,1,1,1,1,-5.6874930148874384e-05,-0.0001750355540969,2.513681767415e-05,1.4591531670949992e-05,-0.00026051471391959997,0.0,0.463768115942029,0.536231884057971,0.5,0.5
0.0,2,1,1,0.75,0.35,128,2,2,1,1,1,1,-5.6874930148874384e-05,-0.0001750355540969,2.513681767415e-05,1.4591531670949992e-05,-0.00026051471391959997,0.0,0.463768115942029,0.536231884057971,0.5,0.5
0.0,2,1,1,0.75,0.35,999999,2,2,1,1,1,1,-5.6874930148874384e-05,-0.0001750355540969,2.513681767415e-05,1.4591531670949992e-05,-0.00026051471391959997,0.0,0.463768115942029,0.536231884057971,0.5,0.5
0.0,2,1,1,1.0,0.0,128,2,2,1,1,1,1,-5.6874930148874384e-05,-0.0001750355540969,2.513681767415e-05,1.4591531670949992e-05,-0.00026051471391959997,0.0,0.463768115942029,0.536231884057971,0.5,0.5
0.0,2,1,1,1.0,0.0,999999,2,2,1,1,1,1,-5.6874930148874384e-05,-0.0001750355540969,2.513681767415e-05,1.4591531670949992e-05,-0.00026051471391959997,0.0,0.463768115942029,0.536231884057971,0.5,0.5
0.0,2,1,1,1.0,0.25,128,2,2,1,1,1,1,-5.6874930148874384e-05,-0.0001750355540969,2.513681767415e-05,1.4591531670949992e-05,-0.00026051471391959997,0.0,0.463768115942029,0.536231884057971,0.5,0.5
0.0,2,1,1,1.0,0.25,999999,2,2,1,1,1,1,-5.6874930148874384e-05,-0.0001750355540969,2.513681767415e-05,1.4591531670949992e-05,-0.00026051471391959997,0.0,0.463768115942029,0.536231884057971,0.5,0.5
0.0,2,1,1,1.0,0.35,128,2,2,1,1,1,1,-5.6874930148874384e-05,-0.0001750355540969,2.513681767415e-05,1.4591531670949992e-05,-0.00026051471391959997,0.0,0.463768115942029,0.536231884057971,0.5,0.5
0.0,2,1,1,1.0,0.35,999999,2,2,1,1,1,1,-5.6874930148874384e-05,-0.0001750355540969,2.513681767415e-05,1.4591531670949992e-05,-0.00026051471391959997,0.0,0.463768115942029,0.536231884057971,0.5,0.5
0.0,2,1,999,0.25,0.0,128,2,2,1,1,1,1,-5.6874930148874384e-05,-0.0001750355540969,2.513681767415e-05,1.4591531670949992e-05,-0.00026051471391959997,0.0,0.463768115942029,0.536231884057971,0.5,0.5
0.0,2,1,999,0.25,0.0,999999,2,2,1,1,1,1,-5.6874930148874384e-05,-0.0001750355540969,2.513681767415e-05,1.4591531670949992e-05,-0.00026051471391959997,0.0,0.463768115942029,0.536231884057971,0.5,0.5
0.0,2,1,999,0.25,0.25,128,2,2,1,1,1,1,-5.6874930148874384e-05,-0.0001750355540969,2.513681767415e-05,1.4591531670949992e-05,-0.00026051471391959997,0.0,0.463768115942029,0.536231884057971,0.5,0.5
0.0,2,1,999,0.25,0.25,999999,2,2,1,1,1,1,-5.6874930148874384e-05,-0.0001750355540969,2.513681767415e-05,1.4591531670949992e-05,-0.00026051471391959997,0.0,0.463768115942029,0.536231884057971,0.5,0.5
0.0,2,1,999,0.25,0.35,128,2,2,1,1,1,1,-5.6874930148874384e-05,-0.0001750355540969,2.513681767415e-05,1.4591531670949992e-05,-0.00026051471391959997,0.0,0.463768115942029,0.536231884057971,0.5,0.5
0.0,2,1,999,0.25,0.35,999999,2,2,1,1,1,1,-5.6874930148874384e-05,-0.0001750355540969,2.513681767415e-05,1.4591531670949992e-05,-0.00026051471391959997,0.0,0.463768115942029,0.536231884057971,0.5,0.5
0.0,2,1,999,0.5,0.0,128,2,2,1,1,1,1,-5.6874930148874384e-05,-0.0001750355540969,2.513681767415e-05,1.4591531670949992e-05,-0.00026051471391959997,0.0,0.463768115942029,0.536231884057971,0.5,0.5
0.0,2,1,999,0.5,0.0,999999,2,2,1,1,1,1,-5.6874930148874384e-05,-0.0001750355540969,2.513681767415e-05,1.4591531670949992e-05,-0.00026051471391959997,0.0,0.463768115942029,0.536231884057971,0.5,0.5
0.0,2,1,999,0.5,0.25,128,2,2,1,1,1,1,-5.6874930148874384e-05,-0.0001750355540969,2.513681767415e-05,1.4591531670949992e-05,-0.00026051471391959997,0.0,0.463768115942029,0.536231884057971,0.5,0.5
0.0,2,1,999,0.5,0.25,999999,2,2,1,1,1,1,-5.6874930148874384e-05,-0.0001750355540969,2.513681767415e-05,1.4591531670949992e-05,-0.00026051471391959997,0.0,0.463768115942029,0.536231884057971,0.5,0.5
0.0,2,1,999,0.5,0.35,128,2,2,1,1,1,1,-5.6874930148874384e-05,-0.0001750355540969,2.513681767415e-05,1.4591531670949992e-05,-0.00026051471391959997,0.0,0.463768115942029,0.536231884057971,0.5,0.5
0.0,2,1,999,0.5,0.35,999999,2,2,1,1,1,1,-5.6874930148874384e-05,-0.0001750355540969,2.513681767415e-05,1.4591531670949992e-05,-0.00026051471391959997,0.0,0.463768115942029,0.536231884057971,0.5,0.5
0.0,2,1,999,0.75,0.0,128,2,2,1,1,1,1,-5.6874930148874384e-05,-0.0001750355540969,2.513681767415e-05,1.4591531670949992e-05,-0.00026051471391959997,0.0,0.463768115942029,0.536231884057971,0.5,0.5
0.0,2,1,999,0.75,0.0,999999,2,2,1,1,1,1,-5.6874930148874384e-05,-0.0001750355540969,2.513681767415e-05,1.4591531670949992e-05,-0.00026051471391959997,0.0,0.463768115942029,0.536231884057971,0.5,0.5
0.0,2,1,999,0.75,0.25,128,2,2,1,1,1,1,-5.6874930148874384e-05,-0.0001750355540969,2.513681767415e-05,1.4591531670949992e-05,-0.00026051471391959997,0.0,0.463768115942029,0.536231884057971,0.5,0.5
0.0,2,1,999,0.75,0.25,999999,2,2,1,1,1,1,-5.6874930148874384e-05,-0.0001750355540969,2.513681767415e-05,1.4591531670949992e-05,-0.00026051471391959997,0.0,0.463768115942029,0.536231884057971,0.5,0.5
0.0,2,1,999,0.75,0.35,128,2,2,1,1,1,1,-5.6874930148874384e-05,-0.0001750355540969,2.513681767415e-05,1.4591531670949992e-05,-0.00026051471391959997,0.0,0.463768115942029,0.536231884057971,0.5,0.5
0.0,2,1,999,0.75,0.35,999999,2,2,1,1,1,1,-5.6874930148874384e-05,-0.0001750355540969,2.513681767415e-05,1.4591531670949992e-05,-0.00026051471391959997,0.0,0.463768115942029,0.536231884057971,0.5,0.5
0.0,2,1,999,1.0,0.0,128,2,2,1,1,1,1,-5.6874930148874384e-05,-0.0001750355540969,2.513681767415e-05,1.4591531670949992e-05,-0.00026051471391959997,0.0,0.463768115942029,0.536231884057971,0.5,0.5
0.0,2,1,999,1.0,0.0,999999,2,2,1,1,1,1,-5.6874930148874384e-05,-0.0001750355540969,2.513681767415e-05,1.4591531670949992e-05,-0.00026051471391959997,0.0,0.463768115942029,0.536231884057971,0.5,0.5
0.0,2,1,999,1.0,0.25,128,2,2,1,1,1,1,-5.6874930148874384e-05,-0.0001750355540969,2.513681767415e-05,1.4591531670949992e-05,-0.00026051471391959997,0.0,0.463768115942029,0.536231884057971,0.5,0.5
0.0,2,1,999,1.0,0.25,999999,2,2,1,1,1,1,-5.6874930148874384e-05,-0.0001750355540969,2.513681767415e-05,1.4591531670949992e-05,-0.00026051471391959997,0.0,0.463768115942029,0.536231884057971,0.5,0.5
0.0,2,1,999,1.0,0.35,128,2,2,1,1,1,1,-5.6874930148874384e-05,-0.0001750355540969,2.513681767415e-05,1.4591531670949992e-05,-0.00026051471391959997,0.0,0.463768115942029,0.536231884057971,0.5,0.5
0.0,2,1,999,1.0,0.35,999999,2,2,1,1,1,1,-5.6874930148874384e-05,-0.0001750355540969,2.513681767415e-05,1.4591531670949992e-05,-0.00026051471391959997,0.0,0.463768115942029,0.536231884057971,0.5,0.5
0.0,2,999,0,0.25,0.0,128,2,2,1,1,1,1,-5.6874930148874384e-05,-0.0001750355540969,2.513681767415e-05,1.4591531670949992e-05,-0.00026051471391959997,0.0,0.463768115942029,0.536231884057971,0.5,0.5
0.0,2,999,0,0.25,0.0,999999,2,2,1,1,1,1,-5.6874930148874384e-05,-0.0001750355540969,2.513681767415e-05,1.4591531670949992e-05,-0.00026051471391959997,0.0,0.463768115942029,0.536231884057971,0.5,0.5
0.0,2,999,0,0.25,0.25,128,2,2,1,1,1,1,-5.6874930148874384e-05,-0.0001750355540969,2.513681767415e-05,1.4591531670949992e-05,-0.00026051471391959997,0.0,0.463768115942029,0.536231884057971,0.5,0.5
0.0,2,999,0,0.25,0.25,999999,2,2,1,1,1,1,-5.6874930148874384e-05,-0.0001750355540969,2.513681767415e-05,1.4591531670949992e-05,-0.00026051471391959997,0.0,0.463768115942029,0.536231884057971,0.5,0.5
0.0,2,999,0,0.25,0.35,128,2,2,1,1,1,1,-5.6874930148874384e-05,-0.0001750355540969,2.513681767415e-05,1.4591531670949992e-05,-0.00026051471391959997,0.0,0.463768115942029,0.536231884057971,0.5,0.5
0.0,2,999,0,0.25,0.35,999999,2,2,1,1,1,1,-5.6874930148874384e-05,-0.0001750355540969,2.513681767415e-05,1.4591531670949992e-05,-0.00026051471391959997,0.0,0.463768115942029,0.536231884057971,0.5,0.5
0.0,2,999,0,0.5,0.0,128,2,2,1,1,1,1,-5.6874930148874384e-05,-0.0001750355540969,2.513681767415e-05,1.4591531670949992e-05,-0.00026051471391959997,0.0,0.463768115942029,0.536231884057971,0.5,0.5
0.0,2,999,0,0.5,0.0,999999,2,2,1,1,1,1,-5.6874930148874384e-05,-0.0001750355540969,2.513681767415e-05,1.4591531670949992e-05,-0.00026051471391959997,0.0,0.463768115942029,0.536231884057971,0.5,0.5
0.0,2,999,0,0.5,0.25,128,2,2,1,1,1,1,-5.6874930148874384e-05,-0.0001750355540969,2.513681767415e-05,1.4591531670949992e-05,-0.00026051471391959997,0.0,0.463768115942029,0.536231884057971,0.5,0.5
0.0,2,999,0,0.5,0.25,999999,2,2,1,1,1,1,-5.6874930148874384e-05,-0.0001750355540969,2.513681767415e-05,1.4591531670949992e-05,-0.00026051471391959997,0.0,0.463768115942029,0.536231884057971,0.5,0.5
0.0,2,999,0,0.5,0.35,128,2,2,1,1,1,1,-5.6874930148874384e-05,-0.0001750355540969,2.513681767415e-05,1.4591531670949992e-05,-0.00026051471391959997,0.0,0.463768115942029,0.536231884057971,0.5,0.5
0.0,2,999,0,0.5,0.35,999999,2,2,1,1,1,1,-5.6874930148874384e-05,-0.0001750355540969,2.513681767415e-05,1.4591531670949992e-05,-0.00026051471391959997,0.0,0.463768115942029,0.536231884057971,0.5,0.5
0.0,2,999,0,0.75,0.0,128,2,2,1,1,1,1,-5.6874930148874384e-05,-0.0001750355540969,2.513681767415e-05,1.4591531670949992e-05,-0.00026051471391959997,0.0,0.463768115942029,0.536231884057971,0.5,0.5
0.0,2,999,0,0.75,0.0,999999,2,2,1,1,1,1,-5.6874930148874384e-05,-0.0001750355540969,2.513681767415e-05,1.4591531670949992e-05,-0.00026051471391959997,0.0,0.463768115942029,0.536231884057971,0.5,0.5
0.0,2,999,0,0.75,0.25,128,2,2,1,1,1,1,-5.6874930148874384e-05,-0.0001750355540969,2.513681767415e-05,1.4591531670949992e-05,-0.00026051471391959997,0.0,0.463768115942029,0.536231884057971,0.5,0.5
0.0,2,999,0,0.75,0.25,999999,2,2,1,1,1,1,-5.6874930148874384e-05,-0.0001750355540969,2.513681767415e-05,1.4591531670949992e-05,-0.00026051471391959997,0.0,0.463768115942029,0.536231884057971,0.5,0.5
0.0,2,999,0,0.75,0.35,128,2,2,1,1,1,1,-5.6874930148874384e-05,-0.0001750355540969,2.513681767415e-05,1.4591531670949992e-05,-0.00026051471391959997,0.0,0.463768115942029,0.536231884057971,0.5,0.5
0.0,2,999,0,0.75,0.35,999999,2,2,1,1,1,1,-5.6874930148874384e-05,-0.0001750355540969,2.513681767415e-05,1.4591531670949992e-05,-0.00026051471391959997,0.0,0.463768115942029,0.536231884057971,0.5,0.5
0.0,2,999,0,1.0,0.0,128,2,2,1,1,1,1,-5.6874930148874384e-05,-0.0001750355540969,2.513681767415e-05,1.4591531670949992e-05,-0.00026051471391959997,0.0,0.463768115942029,0.536231884057971,0.5,0.5
0.0,2,999,0,1.0,0.0,999999,2,2,1,1,1,1,-5.6874930148874384e-05,-0.0001750355540969,2.513681767415e-05,1.4591531670949992e-05,-0.00026051471391959997,0.0,0.463768115942029,0.536231884057971,0.5,0.5
0.0,2,999,0,1.0,0.25,128,2,2,1,1,1,1,-5.6874930148874384e-05,-0.0001750355540969,2.513681767415e-05,1.4591531670949992e-05,-0.00026051471391959997,0.0,0.463768115942029,0.536231884057971,0.5,0.5
0.0,2,999,0,1.0,0.25,999999,2,2,1,1,1,1,-5.6874930148874384e-05,-0.0001750355540969,2.513681767415e-05,1.4591531670949992e-05,-0.00026051471391959997,0.0,0.463768115942029,0.536231884057971,0.5,0.5
0.0,2,999,0,1.0,0.35,128,2,2,1,1,1,1,-5.6874930148874384e-05,-0.0001750355540969,2.513681767415e-05,1.4591531670949992e-05,-0.00026051471391959997,0.0,0.463768115942029,0.536231884057971,0.5,0.5
0.0,2,999,0,1.0,0.35,999999,2,2,1,1,1,1,-5.6874930148874384e-05,-0.0001750355540969,2.513681767415e-05,1.4591531670949992e-05,-0.00026051471391959997,0.0,0.463768115942029,0.536231884057971,0.5,0.5
0.0,2,999,1,0.25,0.0,128,2,2,1,1,1,1,-5.6874930148874384e-05,-0.0001750355540969,2.513681767415e-05,1.4591531670949992e-05,-0.00026051471391959997,0.0,0.463768115942029,0.536231884057971,0.5,0.5
0.0,2,999,1,0.25,0.0,999999,2,2,1,1,1,1,-5.6874930148874384e-05,-0.0001750355540969,2.513681767415e-05,1.4591531670949992e-05,-0.00026051471391959997,0.0,0.463768115942029,0.536231884057971,0.5,0.5
0.0,2,999,1,0.25,0.25,128,2,2,1,1,1,1,-5.6874930148874384e-05,-0.0001750355540969,2.513681767415e-05,1.4591531670949992e-05,-0.00026051471391959997,0.0,0.463768115942029,0.536231884057971,0.5,0.5
0.0,2,999,1,0.25,0.25,999999,2,2,1,1,1,1,-5.6874930148874384e-05,-0.0001750355540969,2.513681767415e-05,1.4591531670949992e-05,-0.00026051471391959997,0.0,0.463768115942029,0.536231884057971,0.5,0.5
0.0,2,999,1,0.25,0.35,128,2,2,1,1,1,1,-5.6874930148874384e-05,-0.0001750355540969,2.513681767415e-05,1.4591531670949992e-05,-0.00026051471391959997,0.0,0.463768115942029,0.536231884057971,0.5,0.5
0.0,2,999,1,0.25,0.35,999999,2,2,1,1,1,1,-5.6874930148874384e-05,-0.0001750355540969,2.513681767415e-05,1.4591531670949992e-05,-0.00026051471391959997,0.0,0.463768115942029,0.536231884057971,0.5,0.5
0.0,2,999,1,0.5,0.0,128,2,2,1,1,1,1,-5.6874930148874384e-05,-0.0001750355540969,2.513681767415e-05,1.4591531670949992e-05,-0.00026051471391959997,0.0,0.463768115942029,0.536231884057971,0.5,0.5
0.0,2,999,1,0.5,0.0,999999,2,2,1,1,1,1,-5.6874930148874384e-05,-0.0001750355540969,2.513681767415e-05,1.4591531670949992e-05,-0.00026051471391959997,0.0,0.463768115942029,0.536231884057971,0.5,0.5
0.0,2,999,1,0.5,0.25,128,2,2,1,1,1,1,-5.6874930148874384e-05,-0.0001750355540969,2.513681767415e-05,1.4591531670949992e-05,-0.00026051471391959997,0.0,0.463768115942029,0.536231884057971,0.5,0.5
0.0,2,999,1,0.5,0.25,999999,2,2,1,1,1,1,-5.6874930148874384e-05,-0.0001750355540969,2.513681767415e-05,1.4591531670949992e-05,-0.00026051471391959997,0.0,0.463768115942029,0.536231884057971,0.5,0.5
0.0,2,999,1,0.5,0.35,128,2,2,1,1,1,1,-5.6874930148874384e-05,-0.0001750355540969,2.513681767415e-05,1.4591531670949992e-05,-0.00026051471391959997,0.0,0.463768115942029,0.536231884057971,0.5,0.5
0.0,2,999,1,0.5,0.35,999999,2,2,1,1,1,1,-5.6874930148874384e-05,-0.0001750355540969,2.513681767415e-05,1.4591531670949992e-05,-0.00026051471391959997,0.0,0.463768115942029,0.536231884057971,0.5,0.5
0.0,2,999,1,0.75,0.0,128,2,2,1,1,1,1,-5.6874930148874384e-05,-0.0001750355540969,2.513681767415e-05,1.4591531670949992e-05,-0.00026051471391959997,0.0,0.463768115942029,0.536231884057971,0.5,0.5
0.0,2,999,1,0.75,0.0,999999,2,2,1,1,1,1,-5.6874930148874384e-05,-0.0001750355540969,2.513681767415e-05,1.4591531670949992e-05,-0.00026051471391959997,0.0,0.463768115942029,0.536231884057971,0.5,0.5
0.0,2,999,1,0.75,0.25,128,2,2,1,1,1,1,-5.6874930148874384e-05,-0.0001750355540969,2.513681767415e-05,1.4591531670949992e-05,-0.00026051471391959997,0.0,0.463768115942029,0.536231884057971,0.5,0.5
0.0,2,999,1,0.75,0.25,999999,2,2,1,1,1,1,-5.6874930148874384e-05,-0.0001750355540969,2.513681767415e-05,1.4591531670949992e-05,-0.00026051471391959997,0.0,0.463768115942029,0.536231884057971,0.5,0.5
0.0,2,999,1,0.75,0.35,128,2,2,1,1,1,1,-5.6874930148874384e-05,-0.0001750355540969,2.513681767415e-05,1.4591531670949992e-05,-0.00026051471391959997,0.0,0.463768115942029,0.536231884057971,0.5,0.5
0.0,2,999,1,0.75,0.35,999999,2,2,1,1,1,1,-5.6874930148874384e-05,-0.0001750355540969,2.513681767415e-05,1.4591531670949992e-05,-0.00026051471391959997,0.0,0.463768115942029,0.536231884057971,0.5,0.5
0.0,2,999,1,1.0,0.0,128,2,2,1,1,1,1,-5.6874930148874384e-05,-0.0001750355540969,2.513681767415e-05,1.4591531670949992e-05,-0.00026051471391959997,0.0,0.463768115942029,0.536231884057971,0.5,0.5
0.0,2,999,1,1.0,0.0,999999,2,2,1,1,1,1,-5.6874930148874384e-05,-0.0001750355540969,2.513681767415e-05,1.4591531670949992e-05,-0.00026051471391959997,0.0,0.463768115942029,0.536231884057971,0.5,0.5
0.0,2,999,1,1.0,0.25,128,2,2,1,1,1,1,-5.6874930148874384e-05,-0.0001750355540969,2.513681767415e-05,1.4591531670949992e-05,-0.00026051471391959997,0.0,0.463768115942029,0.536231884057971,0.5,0.5
0.0,2,999,1,1.0,0.25,999999,2,2,1,1,1,1,-5.6874930148874384e-05,-0.0001750355540969,2.513681767415e-05,1.4591531670949992e-05,-0.00026051471391959997,0.0,0.463768115942029,0.536231884057971,0.5,0.5
0.0,2,999,1,1.0,0.35,128,2,2,1,1,1,1,-5.6874930148874384e-05,-0.0001750355540969,2.513681767415e-05,1.4591531670949992e-05,-0.00026051471391959997,0.0,0.463768115942029,0.536231884057971,0.5,0.5
0.0,2,999,1,1.0,0.35,999999,2,2,1,1,1,1,-5.6874930148874384e-05,-0.0001750355540969,2.513681767415e-05,1.4591531670949992e-05,-0.00026051471391959997,0.0,0.463768115942029,0.536231884057971,0.5,0.5
0.0,2,999,999,0.25,0.0,128,2,2,1,1,1,1,-5.6874930148874384e-05,-0.0001750355540969,2.513681767415e-05,1.4591531670949992e-05,-0.00026051471391959997,0.0,0.463768115942029,0.536231884057971,0.5,0.5
0.0,2,999,999,0.25,0.0,999999,2,2,1,1,1,1,-5.6874930148874384e-05,-0.0001750355540969,2.513681767415e-05,1.4591531670949992e-05,-0.00026051471391959997,0.0,0.463768115942029,0.536231884057971,0.5,0.5
0.0,2,999,999,0.25,0.25,128,2,2,1,1,1,1,-5.6874930148874384e-05,-0.0001750355540969,2.513681767415e-05,1.4591531670949992e-05,-0.00026051471391959997,0.0,0.463768115942029,0.536231884057971,0.5,0.5
0.0,2,999,999,0.25,0.25,999999,2,2,1,1,1,1,-5.6874930148874384e-05,-0.0001750355540969,2.513681767415e-05,1.4591531670949992e-05,-0.00026051471391959997,0.0,0.463768115942029,0.536231884057971,0.5,0.5
0.0,2,999,999,0.25,0.35,128,2,2,1,1,1,1,-5.6874930148874384e-05,-0.0001750355540969,2.513681767415e-05,1.4591531670949992e-05,-0.00026051471391959997,0.0,0.463768115942029,0.536231884057971,0.5,0.5
0.0,2,999,999,0.25,0.35,999999,2,2,1,1,1,1,-5.6874930148874384e-05,-0.0001750355540969,2.513681767415e-05,1.4591531670949992e-05,-0.00026051471391959997,0.0,0.463768115942029,0.536231884057971,0.5,0.5
0.0,2,999,999,0.5,0.0,128,2,2,1,1,1,1,-5.6874930148874384e-05,-0.0001750355540969,2.513681767415e-05,1.4591531670949992e-05,-0.00026051471391959997,0.0,0.463768115942029,0.536231884057971,0.5,0.5
0.0,2,999,999,0.5,0.0,999999,2,2,1,1,1,1,-5.6874930148874384e-05,-0.0001750355540969,2.513681767415e-05,1.4591531670949992e-05,-0.00026051471391959997,0.0,0.463768115942029,0.536231884057971,0.5,0.5
0.0,2,999,999,0.5,0.25,128,2,2,1,1,1,1,-5.6874930148874384e-05,-0.0001750355540969,2.513681767415e-05,1.4591531670949992e-05,-0.00026051471391959997,0.0,0.463768115942029,0.536231884057971,0.5,0.5
0.0,2,999,999,0.5,0.25,999999,2,2,1,1,1,1,-5.6874930148874384e-05,-0.0001750355540969,2.513681767415e-05,1.4591531670949992e-05,-0.00026051471391959997,0.0,0.463768115942029,0.536231884057971,0.5,0.5
0.0,2,999,999,0.5,0.35,128,2,2,1,1,1,1,-5.6874930148874384e-05,-0.0001750355540969,2.513681767415e-05,1.4591531670949992e-05,-0.00026051471391959997,0.0,0.463768115942029,0.536231884057971,0.5,0.5
0.0,2,999,999,0.5,0.35,999999,2,2,1,1,1,1,-5.6874930148874384e-05,-0.0001750355540969,2.513681767415e-05,1.4591531670949992e-05,-0.00026051471391959997,0.0,0.463768115942029,0.536231884057971,0.5,0.5
0.0,2,999,999,0.75,0.0,128,2,2,1,1,1,1,-5.6874930148874384e-05,-0.0001750355540969,2.513681767415e-05,1.4591531670949992e-05,-0.00026051471391959997,0.0,0.463768115942029,0.536231884057971,0.5,0.5
0.0,2,999,999,0.75,0.0,999999,2,2,1,1,1,1,-5.6874930148874384e-05,-0.0001750355540969,2.513681767415e-05,1.4591531670949992e-05,-0.00026051471391959997,0.0,0.463768115942029,0.536231884057971,0.5,0.5
0.0,2,999,999,0.75,0.25,128,2,2,1,1,1,1,-5.6874930148874384e-05,-0.0001750355540969,2.513681767415e-05,1.4591531670949992e-05,-0.00026051471391959997,0.0,0.463768115942029,0.536231884057971,0.5,0.5
0.0,2,999,999,0.75,0.25,999999,2,2,1,1,1,1,-5.6874930148874384e-05,-0.0001750355540969,2.513681767415e-05,1.4591531670949992e-05,-0.00026051471391959997,0.0,0.463768115942029,0.536231884057971,0.5,0.5
0.0,2,999,999,0.75,0.35,128,2,2,1,1,1,1,-5.6874930148874384e-05,-0.0001750355540969,2.513681767415e-05,1.4591531670949992e-05,-0.00026051471391959997,0.0,0.463768115942029,0.536231884057971,0.5,0.5
0.0,2,999,999,0.75,0.35,999999,2,2,1,1,1,1,-5.6874930148874384e-05,-0.0001750355540969,2.513681767415e-05,1.4591531670949992e-05,-0.00026051471391959997,0.0,0.463768115942029,0.536231884057971,0.5,0.5
0.0,2,999,999,1.0,0.0,128,2,2,1,1,1,1,-5.6874930148874384e-05,-0.0001750355540969,2.513681767415e-05,1.4591531670949992e-05,-0.00026051471391959997,0.0,0.463768115942029,0.536231884057971,0.5,0.5
0.0,2,999,999,1.0,0.0,999999,2,2,1,1,1,1,-5.6874930148874384e-05,-0.0001750355540969,2.513681767415e-05,1.4591531670949992e-05,-0.00026051471391959997,0.0,0.463768115942029,0.536231884057971,0.5,0.5
0.0,2,999,999,1.0,0.25,128,2,2,1,1,1,1,-5.6874930148874384e-05,-0.0001750355540969,2.513681767415e-05,1.4591531670949992e-05,-0.00026051471391959997,0.0,0.463768115942029,0.536231884057971,0.5,0.5
0.0,2,999,999,1.0,0.25,999999,2,2,1,1,1,1,-5.6874930148874384e-05,-0.0001750355540969,2.513681767415e-05,1.4591531670949992e-05,-0.00026051471391959997,0.0,0.463768115942029,0.536231884057971,0.5,0.5
0.0,2,999,999,1.0,0.35,128,2,2,1,1,1,1,-5.6874930148874384e-05,-0.0001750355540969,2.513681767415e-05,1.4591531670949992e-05,-0.00026051471391959997,0.0,0.463768115942029,0.536231884057971,0.5,0.5
0.0,2,999,999,1.0,0.35,999999,2,2,1,1,1,1,-5.6874930148874384e-05,-0.0001750355540969,2.513681767415e-05,1.4591531670949992e-05,-0.00026051471391959997,0.0,0.463768115942029,0.536231884057971,0.5,0.5
0.5,2,0,0,0.25,0.0,128,2,2,1,1,1,1,-5.6874930148874384e-05,-0.0001750355540969,2.513681767415e-05,1.4591531670949992e-05,-0.00026051471391959997,0.0,0.463768115942029,0.536231884057971,0.5,0.5
0.5,2,0,0,0.25,0.0,999999,2,2,1,1,1,1,-5.6874930148874384e-05,-0.0001750355540969,2.513681767415e-05,1.4591531670949992e-05,-0.00026051471391959997,0.0,0.463768115942029,0.536231884057971,0.5,0.5
0.5,2,0,0,0.25,0.25,128,2,2,1,1,1,1,-5.6874930148874384e-05,-0.0001750355540969,2.513681767415e-05,1.4591531670949992e-05,-0.00026051471391959997,0.0,0.463768115942029,0.536231884057971,0.5,0.5
0.5,2,0,0,0.25,0.25,999999,2,2,1,1,1,1,-5.6874930148874384e-05,-0.0001750355540969,2.513681767415e-05,1.4591531670949992e-05,-0.00026051471391959997,0.0,0.463768115942029,0.536231884057971,0.5,0.5
0.5,2,0,0,0.25,0.35,128,2,2,1,1,1,1,-5.6874930148874384e-05,-0.0001750355540969,2.513681767415e-05,1.4591531670949992e-05,-0.00026051471391959997,0.0,0.463768115942029,0.536231884057971,0.5,0.5
0.5,2,0,0,0.25,0.35,999999,2,2,1,1,1,1,-5.6874930148874384e-05,-0.0001750355540969,2.513681767415e-05,1.4591531670949992e-05,-0.00026051471391959997,0.0,0.463768115942029,0.536231884057971,0.5,0.5
0.5,2,0,0,0.5,0.0,128,2,2,1,1,1,1,-5.6874930148874384e-05,-0.0001750355540969,2.513681767415e-05,1.4591531670949992e-05,-0.00026051471391959997,0.0,0.463768115942029,0.536231884057971,0.5,0.5
0.5,2,0,0,0.5,0.0,999999,2,2,1,1,1,1,-5.6874930148874384e-05,-0.0001750355540969,2.513681767415e-05,1.4591531670949992e-05,-0.00026051471391959997,0.0,0.463768115942029,0.536231884057971,0.5,0.5
0.5,2,0,0,0.5,0.25,128,2,2,1,1,1,1,-5.6874930148874384e-05,-0.0001750355540969,2.513681767415e-05,1.4591531670949992e-05,-0.00026051471391959997,0.0,0.463768115942029,0.536231884057971,0.5,0.5
0.5,2,0,0,0.5,0.25,999999,2,2,1,1,1,1,-5.6874930148874384e-05,-0.0001750355540969,2.513681767415e-05,1.4591531670949992e-05,-0.00026051471391959997,0.0,0.463768115942029,0.536231884057971,0.5,0.5
0.5,2,0,0,0.5,0.35,128,2,2,1,1,1,1,-5.6874930148874384e-05,-0.0001750355540969,2.513681767415e-05,1.4591531670949992e-05,-0.00026051471391959997,0.0,0.463768115942029,0.536231884057971,0.5,0.5
0.5,2,0,0,0.5,0.35,999999,2,2,1,1,1,1,-5.6874930148874384e-05,-0.0001750355540969,2.513681767415e-05,1.4591531670949992e-05,-0.00026051471391959997,0.0,0.463768115942029,0.536231884057971,0.5,0.5
0.5,2,0,0,0.75,0.0,128,2,2,1,1,1,1,-5.6874930148874384e-05,-0.0001750355540969,2.513681767415e-05,1.4591531670949992e-05,-0.00026051471391959997,0.0,0.463768115942029,0.536231884057971,0.5,0.5
0.5,2,0,0,0.75,0.0,999999,2,2,1,1,1,1,-5.6874930148874384e-05,-0.0001750355540969,2.513681767415e-05,1.4591531670949992e-05,-0.00026051471391959997,0.0,0.463768115942029,0.536231884057971,0.5,0.5
0.5,2,0,0,0.75,0.25,128,2,2,1,1,1,1,-5.6874930148874384e-05,-0.0001750355540969,2.513681767415e-05,1.4591531670949992e-05,-0.00026051471391959997,0.0,0.463768115942029,0.536231884057971,0.5,0.5
0.5,2,0,0,0.75,0.25,999999,2,2,1,1,1,1,-5.6874930148874384e-05,-0.0001750355540969,2.513681767415e-05,1.4591531670949992e-05,-0.00026051471391959997,0.0,0.463768115942029,0.536231884057971,0.5,0.5
0.5,2,0,0,0.75,0.35,128,2,2,1,1,1,1,-5.6874930148874384e-05,-0.0001750355540969,2.513681767415e-05,1.4591531670949992e-05,-0.00026051471391959997,0.0,0.463768115942029,0.536231884057971,0.5,0.5
0.5,2,0,0,0.75,0.35,999999,2,2,1,1,1,1,-5.6874930148874384e-05,-0.0001750355540969,2.513681767415e-05,1.4591531670949992e-05,-0.00026051471391959997,0.0,0.463768115942029,0.536231884057971,0.5,0.5
0.5,2,0,0,1.0,0.0,128,2,2,1,1,1,1,-5.6874930148874384e-05,-0.0001750355540969,2.513681767415e-05,1.4591531670949992e-05,-0.00026051471391959997,0.0,0.463768115942029,0.536231884057971,0.5,0.5
0.5,2,0,0,1.0,0.0,999999,2,2,1,1,1,1,-5.6874930148874384e-05,-0.0001750355540969,2.513681767415e-05,1.4591531670949992e-05,-0.00026051471391959997,0.0,0.463768115942029,0.536231884057971,0.5,0.5
0.5,2,0,0,1.0,0.25,128,2,2,1,1,1,1,-5.6874930148874384e-05,-0.0001750355540969,2.513681767415e-05,1.4591531670949992e-05,-0.00026051471391959997,0.0,0.463768115942029,0.536231884057971,0.5,0.5
0.5,2,0,0,1.0,0.25,999999,2,2,1,1,1,1,-5.6874930148874384e-05,-0.0001750355540969,2.513681767415e-05,1.4591531670949992e-05,-0.00026051471391959997,0.0,0.463768115942029,0.536231884057971,0.5,0.5
0.5,2,0,0,1.0,0.35,128,2,2,1,1,1,1,-5.6874930148874384e-05,-0.0001750355540969,2.513681767415e-05,1.4591531670949992e-05,-0.00026051471391959997,0.0,0.463768115942029,0.536231884057971,0.5,0.5
0.5,2,0,0,1.0,0.35,999999,2,2,1,1,1,1,-5.6874930148874384e-05,-0.0001750355540969,2.513681767415e-05,1.4591531670949992e-05,-0.00026051471391959997,0.0,0.463768115942029,0.536231884057971,0.5,0.5
0.5,2,0,1,0.25,0.0,128,2,2,1,1,1,1,-5.6874930148874384e-05,-0.0001750355540969,2.513681767415e-05,1.4591531670949992e-05,-0.00026051471391959997,0.0,0.463768115942029,0.536231884057971,0.5,0.5
0.5,2,0,1,0.25,0.0,999999,2,2,1,1,1,1,-5.6874930148874384e-05,-0.0001750355540969,2.513681767415e-05,1.4591531670949992e-05,-0.00026051471391959997,0.0,0.463768115942029,0.536231884057971,0.5,0.5
0.5,2,0,1,0.25,0.25,128,2,2,1,1,1,1,-5.6874930148874384e-05,-0.0001750355540969,2.513681767415e-05,1.4591531670949992e-05,-0.00026051471391959997,0.0,0.463768115942029,0.536231884057971,0.5,0.5
0.5,2,0,1,0.25,0.25,999999,2,2,1,1,1,1,-5.6874930148874384e-05,-0.0001750355540969,2.513681767415e-05,1.4591531670949992e-05,-0.00026051471391959997,0.0,0.463768115942029,0.536231884057971,0.5,0.5
0.5,2,0,1,0.25,0.35,128,2,2,1,1,1,1,-5.6874930148874384e-05,-0.0001750355540969,2.513681767415e-05,1.4591531670949992e-05,-0.00026051471391959997,0.0,0.463768115942029,0.536231884057971,0.5,0.5
0.5,2,0,1,0.25,0.35,999999,2,2,1,1,1,1,-5.6874930148874384e-05,-0.0001750355540969,2.513681767415e-05,1.4591531670949992e-05,-0.00026051471391959997,0.0,0.463768115942029,0.536231884057971,0.5,0.5
0.5,2,0,1,0.5,0.0,128,2,2,1,1,1,1,-5.6874930148874384e-05,-0.0001750355540969,2.513681767415e-05,1.4591531670949992e-05,-0.00026051471391959997,0.0,0.463768115942029,0.536231884057971,0.5,0.5
0.5,2,0,1,0.5,0.0,999999,2,2,1,1,1,1,-5.6874930148874384e-05,-0.0001750355540969,2.513681767415e-05,1.4591531670949992e-05,-0.00026051471391959997,0.0,0.463768115942029,0.536231884057971,0.5,0.5
0.5,2,0,1,0.5,0.25,128,2,2,1,1,1,1,-5.6874930148874384e-05,-0.0001750355540969,2.513681767415e-05,1.4591531670949992e-05,-0.00026051471391959997,0.0,0.463768115942029,0.536231884057971,0.5,0.5
0.5,2,0,1,0.5,0.25,999999,2,2,1,1,1,1,-5.6874930148874384e-05,-0.0001750355540969,2.513681767415e-05,1.4591531670949992e-05,-0.00026051471391959997,0.0,0.463768115942029,0.536231884057971,0.5,0.5
0.5,2,0,1,0.5,0.35,128,2,2,1,1,1,1,-5.6874930148874384e-05,-0.0001750355540969,2.513681767415e-05,1.4591531670949992e-05,-0.00026051471391959997,0.0,0.463768115942029,0.536231884057971,0.5,0.5
0.5,2,0,1,0.5,0.35,999999,2,2,1,1,1,1,-5.6874930148874384e-05,-0.0001750355540969,2.513681767415e-05,1.4591531670949992e-05,-0.00026051471391959997,0.0,0.463768115942029,0.536231884057971,0.5,0.5
0.5,2,0,1,0.75,0.0,128,2,2,1,1,1,1,-5.6874930148874384e-05,-0.0001750355540969,2.513681767415e-05,1.4591531670949992e-05,-0.00026051471391959997,0.0,0.463768115942029,0.536231884057971,0.5,0.5
0.5,2,0,1,0.75,0.0,999999,2,2,1,1,1,1,-5.6874930148874384e-05,-0.0001750355540969,2.513681767415e-05,1.4591531670949992e-05,-0.00026051471391959997,0.0,0.463768115942029,0.536231884057971,0.5,0.5
0.5,2,0,1,0.75,0.25,128,2,2,1,1,1,1,-5.6874930148874384e-05,-0.0001750355540969,2.513681767415e-05,1.4591531670949992e-05,-0.00026051471391959997,0.0,0.463768115942029,0.536231884057971,0.5,0.5
0.5,2,0,1,0.75,0.25,999999,2,2,1,1,1,1,-5.6874930148874384e-05,-0.0001750355540969,2.513681767415e-05,1.4591531670949992e-05,-0.00026051471391959997,0.0,0.463768115942029,0.536231884057971,0.5,0.5
0.5,2,0,1,0.75,0.35,128,2,2,1,1,1,1,-5.6874930148874384e-05,-0.0001750355540969,2.513681767415e-05,1.4591531670949992e-05,-0.00026051471391959997,0.0,0.463768115942029,0.536231884057971,0.5,0.5
0.5,2,0,1,0.75,0.35,999999,2,2,1,1,1,1,-5.6874930148874384e-05,-0.0001750355540969,2.513681767415e-05,1.4591531670949992e-05,-0.00026051471391959997,0.0,0.463768115942029,0.536231884057971,0.5,0.5
0.5,2,0,1,1.0,0.0,128,2,2,1,1,1,1,-5.6874930148874384e-05,-0.0001750355540969,2.513681767415e-05,1.4591531670949992e-05,-0.00026051471391959997,0.0,0.463768115942029,0.536231884057971,0.5,0.5
0.5,2,0,1,1.0,0.0,999999,2,2,1,1,1,1,-5.6874930148874384e-05,-0.0001750355540969,2.513681767415e-05,1.4591531670949992e-05,-0.00026051471391959997,0.0,0.463768115942029,0.536231884057971,0.5,0.5
0.5,2,0,1,1.0,0.25,128,2,2,1,1,1,1,-5.6874930148874384e-05,-0.0001750355540969,2.513681767415e-05,1.4591531670949992e-05,-0.00026051471391959997,0.0,0.463768115942029,0.536231884057971,0.5,0.5
0.5,2,0,1,1.0,0.25,999999,2,2,1,1,1,1,-5.6874930148874384e-05,-0.0001750355540969,2.513681767415e-05,1.4591531670949992e-05,-0.00026051471391959997,0.0,0.463768115942029,0.536231884057971,0.5,0.5
0.5,2,0,1,1.0,0.35,128,2,2,1,1,1,1,-5.6874930148874384e-05,-0.0001750355540969,2.513681767415e-05,1.4591531670949992e-05,-0.00026051471391959997,0.0,0.463768115942029,0.536231884057971,0.5,0.5
0.5,2,0,1,1.0,0.35,999999,2,2,1,1,1,1,-5.6874930148874384e-05,-0.0001750355540969,2.513681767415e-05,1.4591531670949992e-05,-0.00026051471391959997,0.0,0.463768115942029,0.536231884057971,0.5,0.5
0.5,2,0,999,0.25,0.0,128,2,2,1,1,1,1,-5.6874930148874384e-05,-0.0001750355540969,2.513681767415e-05,1.4591531670949992e-05,-0.00026051471391959997,0.0,0.463768115942029,0.536231884057971,0.5,0.5
0.5,2,0,999,0.25,0.0,999999,2,2,1,1,1,1,-5.6874930148874384e-05,-0.0001750355540969,2.513681767415e-05,1.4591531670949992e-05,-0.00026051471391959997,0.0,0.463768115942029,0.536231884057971,0.5,0.5
0.5,2,0,999,0.25,0.25,128,2,2,1,1,1,1,-5.6874930148874384e-05,-0.0001750355540969,2.513681767415e-05,1.4591531670949992e-05,-0.00026051471391959997,0.0,0.463768115942029,0.536231884057971,0.5,0.5
0.5,2,0,999,0.25,0.25,999999,2,2,1,1,1,1,-5.6874930148874384e-05,-0.0001750355540969,2.513681767415e-05,1.4591531670949992e-05,-0.00026051471391959997,0.0,0.463768115942029,0.536231884057971,0.5,0.5
0.5,2,0,999,0.25,0.35,128,2,2,1,1,1,1,-5.6874930148874384e-05,-0.0001750355540969,2.513681767415e-05,1.4591531670949992e-05,-0.00026051471391959997,0.0,0.463768115942029,0.536231884057971,0.5,0.5
0.5,2,0,999,0.25,0.35,999999,2,2,1,1,1,1,-5.6874930148874384e-05,-0.0001750355540969,2.513681767415e-05,1.4591531670949992e-05,-0.00026051471391959997,0.0,0.463768115942029,0.536231884057971,0.5,0.5
0.5,2,0,999,0.5,0.0,128,2,2,1,1,1,1,-5.6874930148874384e-05,-0.0001750355540969,2.513681767415e-05,1.4591531670949992e-05,-0.00026051471391959997,0.0,0.463768115942029,0.536231884057971,0.5,0.5
0.5,2,0,999,0.5,0.0,999999,2,2,1,1,1,1,-5.6874930148874384e-05,-0.0001750355540969,2.513681767415e-05,1.4591531670949992e-05,-0.00026051471391959997,0.0,0.463768115942029,0.536231884057971,0.5,0.5
0.5,2,0,999,0.5,0.25,128,2,2,1,1,1,1,-5.6874930148874384e-05,-0.0001750355540969,2.513681767415e-05,1.4591531670949992e-05,-0.00026051471391959997,0.0,0.463768115942029,0.536231884057971,0.5,0.5
0.5,2,0,999,0.5,0.25,999999,2,2,1,1,1,1,-5.6874930148874384e-05,-0.0001750355540969,2.513681767415e-05,1.4591531670949992e-05,-0.00026051471391959997,0.0,0.463768115942029,0.536231884057971,0.5,0.5
0.5,2,0,999,0.5,0.35,128,2,2,1,1,1,1,-5.6874930148874384e-05,-0.0001750355540969,2.513681767415e-05,1.4591531670949992e-05,-0.00026051471391959997,0.0,0.463768115942029,0.536231884057971,0.5,0.5
0.5,2,0,999,0.5,0.35,999999,2,2,1,1,1,1,-5.6874930148874384e-05,-0.0001750355540969,2.513681767415e-05,1.4591531670949992e-05,-0.00026051471391959997,0.0,0.463768115942029,0.536231884057971,0.5,0.5
0.5,2,0,999,0.75,0.0,128,2,2,1,1,1,1,-5.6874930148874384e-05,-0.0001750355540969,2.513681767415e-05,1.4591531670949992e-05,-0.00026051471391959997,0.0,0.463768115942029,0.536231884057971,0.5,0.5
0.5,2,0,999,0.75,0.0,999999,2,2,1,1,1,1,-5.6874930148874384e-05,-0.0001750355540969,2.513681767415e-05,1.4591531670949992e-05,-0.00026051471391959997,0.0,0.463768115942029,0.536231884057971,0.5,0.5
0.5,2,0,999,0.75,0.25,128,2,2,1,1,1,1,-5.6874930148874384e-05,-0.0001750355540969,2.513681767415e-05,1.4591531670949992e-05,-0.00026051471391959997,0.0,0.463768115942029,0.536231884057971,0.5,0.5
0.5,2,0,999,0.75,0.25,999999,2,2,1,1,1,1,-5.6874930148874384e-05,-0.0001750355540969,2.513681767415e-05,1.4591531670949992e-05,-0.00026051471391959997,0.0,0.463768115942029,0.536231884057971,0.5,0.5
0.5,2,0,999,0.75,0.35,128,2,2,1,1,1,1,-5.6874930148874384e-05,-0.0001750355540969,2.513681767415e-05,1.4591531670949992e-05,-0.00026051471391959997,0.0,0.463768115942029,0.536231884057971,0.5,0.5
0.5,2,0,999,0.75,0.35,999999,2,2,1,1,1,1,-5.6874930148874384e-05,-0.0001750355540969,2.513681767415e-05,1.4591531670949992e-05,-0.00026051471391959997,0.0,0.463768115942029,0.536231884057971,0.5,0.5
0.5,2,0,999,1.0,0.0,128,2,2,1,1,1,1,-5.6874930148874384e-05,-0.0001750355540969,2.513681767415e-05,1.4591531670949992e-05,-0.00026051471391959997,0.0,0.463768115942029,0.536231884057971,0.5,0.5
0.5,2,0,999,1.0,0.0,999999,2,2,1,1,1,1,-5.6874930148874384e-05,-0.0001750355540969,2.513681767415e-05,1.4591531670949992e-05,-0.00026051471391959997,0.0,0.463768115942029,0.536231884057971,0.5,0.5
0.5,2,0,999,1.0,0.25,128,2,2,1,1,1,1,-5.6874930148874384e-05,-0.0001750355540969,2.513681767415e-05,1.4591531670949992e-05,-0.00026051471391959997,0.0,0.463768115942029,0.536231884057971,0.5,0.5
0.5,2,0,999,1.0,0.25,999999,2,2,1,1,1,1,-5.6874930148874384e-05,-0.0001750355540969,2.513681767415e-05,1.4591531670949992e-05,-0.00026051471391959997,0.0,0.463768115942029,0.536231884057971,0.5,0.5
0.5,2,0,999,1.0,0.35,128,2,2,1,1,1,1,-5.6874930148874384e-05,-0.0001750355540969,2.513681767415e-05,1.4591531670949992e-05,-0.00026051471391959997,0.0,0.463768115942029,0.536231884057971,0.5,0.5
0.5,2,0,999,1.0,0.35,999999,2,2,1,1,1,1,-5.6874930148874384e-05,-0.0001750355540969,2.513681767415e-05,1.4591531670949992e-05,-0.00026051471391959997,0.0,0.463768115942029,0.536231884057971,0.5,0.5
0.5,2,1,0,0.25,0.0,128,2,2,1,1,1,1,-5.6874930148874384e-05,-0.0001750355540969,2.513681767415e-05,1.4591531670949992e-05,-0.00026051471391959997,0.0,0.463768115942029,0.536231884057971,0.5,0.5
0.5,2,1,0,0.25,0.0,999999,2,2,1,1,1,1,-5.6874930148874384e-05,-0.0001750355540969,2.513681767415e-05,1.4591531670949992e-05,-0.00026051471391959997,0.0,0.463768115942029,0.536231884057971,0.5,0.5
0.5,2,1,0,0.25,0.25,128,2,2,1,1,1,1,-5.6874930148874384e-05,-0.0001750355540969,2.513681767415e-05,1.4591531670949992e-05,-0.00026051471391959997,0.0,0.463768115942029,0.536231884057971,0.5,0.5
0.5,2,1,0,0.25,0.25,999999,2,2,1,1,1,1,-5.6874930148874384e-05,-0.0001750355540969,2.513681767415e-05,1.4591531670949992e-05,-0.00026051471391959997,0.0,0.463768115942029,0.536231884057971,0.5,0.5
0.5,2,1,0,0.25,0.35,128,2,2,1,1,1,1,-5.6874930148874384e-05,-0.0001750355540969,2.513681767415e-05,1.4591531670949992e-05,-0.00026051471391959997,0.0,0.463768115942029,0.536231884057971,0.5,0.5
0.5,2,1,0,0.25,0.35,999999,2,2,1,1,1,1,-5.6874930148874384e-05,-0.0001750355540969,2.513681767415e-05,1.4591531670949992e-05,-0.00026051471391959997,0.0,0.463768115942029,0.536231884057971,0.5,0.5
0.5,2,1,0,0.5,0.0,128,2,2,1,1,1,1,-5.6874930148874384e-05,-0.0001750355540969,2.513681767415e-05,1.4591531670949992e-05,-0.00026051471391959997,0.0,0.463768115942029,0.536231884057971,0.5,0.5
0.5,2,1,0,0.5,0.0,999999,2,2,1,1,1,1,-5.6874930148874384e-05,-0.0001750355540969,2.513681767415e-05,1.4591531670949992e-05,-0.00026051471391959997,0.0,0.463768115942029,0.536231884057971,0.5,0.5
0.5,2,1,0,0.5,0.25,128,2,2,1,1,1,1,-5.6874930148874384e-05,-0.0001750355540969,2.513681767415e-05,1.4591531670949992e-05,-0.00026051471391959997,0.0,0.463768115942029,0.536231884057971,0.5,0.5
0.5,2,1,0,0.5,0.25,999999,2,2,1,1,1,1,-5.6874930148874384e-05,-0.0001750355540969,2.513681767415e-05,1.4591531670949992e-05,-0.00026051471391959997,0.0,0.463768115942029,0.536231884057971,0.5,0.5
0.5,2,1,0,0.5,0.35,128,2,2,1,1,1,1,-5.6874930148874384e-05,-0.0001750355540969,2.513681767415e-05,1.4591531670949992e-05,-0.00026051471391959997,0.0,0.463768115942029,0.536231884057971,0.5,0.5
0.5,2,1,0,0.5,0.35,999999,2,2,1,1,1,1,-5.6874930148874384e-05,-0.0001750355540969,2.513681767415e-05,1.4591531670949992e-05,-0.00026051471391959997,0.0,0.463768115942029,0.536231884057971,0.5,0.5
0.5,2,1,0,0.75,0.0,128,2,2,1,1,1,1,-5.6874930148874384e-05,-0.0001750355540969,2.513681767415e-05,1.4591531670949992e-05,-0.00026051471391959997,0.0,0.463768115942029,0.536231884057971,0.5,0.5
0.5,2,1,0,0.75,0.0,999999,2,2,1,1,1,1,-5.6874930148874384e-05,-0.0001750355540969,2.513681767415e-05,1.4591531670949992e-05,-0.00026051471391959997,0.0,0.463768115942029,0.536231884057971,0.5,0.5
0.5,2,1,0,0.75,0.25,128,2,2,1,1,1,1,-5.6874930148874384e-05,-0.0001750355540969,2.513681767415e-05,1.4591531670949992e-05,-0.00026051471391959997,0.0,0.463768115942029,0.536231884057971,0.5,0.5
0.5,2,1,0,0.75,0.25,999999,2,2,1,1,1,1,-5.6874930148874384e-05,-0.0001750355540969,2.513681767415e-05,1.4591531670949992e-05,-0.00026051471391959997,0.0,0.463768115942029,0.536231884057971,0.5,0.5
0.5,2,1,0,0.75,0.35,128,2,2,1,1,1,1,-5.6874930148874384e-05,-0.0001750355540969,2.513681767415e-05,1.4591531670949992e-05,-0.00026051471391959997,0.0,0.463768115942029,0.536231884057971,0.5,0.5
0.5,2,1,0,0.75,0.35,999999,2,2,1,1,1,1,-5.6874930148874384e-05,-0.0001750355540969,2.513681767415e-05,1.4591531670949992e-05,-0.00026051471391959997,0.0,0.463768115942029,0.536231884057971,0.5,0.5
0.5,2,1,0,1.0,0.0,128,2,2,1,1,1,1,-5.6874930148874384e-05,-0.0001750355540969,2.513681767415e-05,1.4591531670949992e-05,-0.00026051471391959997,0.0,0.463768115942029,0.536231884057971,0.5,0.5
0.5,2,1,0,1.0,0.0,999999,2,2,1,1,1,1,-5.6874930148874384e-05,-0.0001750355540969,2.513681767415e-05,1.4591531670949992e-05,-0.00026051471391959997,0.0,0.463768115942029,0.536231884057971,0.5,0.5
0.5,2,1,0,1.0,0.25,128,2,2,1,1,1,1,-5.6874930148874384e-05,-0.0001750355540969,2.513681767415e-05,1.4591531670949992e-05,-0.00026051471391959997,0.0,0.463768115942029,0.536231884057971,0.5,0.5
0.5,2,1,0,1.0,0.25,999999,2,2,1,1,1,1,-5.6874930148874384e-05,-0.0001750355540969,2.513681767415e-05,1.4591531670949992e-05,-0.00026051471391959997,0.0,0.463768115942029,0.536231884057971,0.5,0.5
0.5,2,1,0,1.0,0.35,128,2,2,1,1,1,1,-5.6874930148874384e-05,-0.0001750355540969,2.513681767415e-05,1.4591531670949992e-05,-0.00026051471391959997,0.0,0.463768115942029,0.536231884057971,0.5,0.5
0.5,2,1,0,1.0,0.35,999999,2,2,1,1,1,1,-5.6874930148874384e-05,-0.0001750355540969,2.513681767415e-05,1.4591531670949992e-05,-0.00026051471391959997,0.0,0.463768115942029,0.536231884057971,0.5,0.5
0.5,2,1,1,0.25,0.0,128,2,2,1,1,1,1,-5.6874930148874384e-05,-0.0001750355540969,2.513681767415e-05,1.4591531670949992e-05,-0.00026051471391959997,0.0,0.463768115942029,0.536231884057971,0.5,0.5
0.5,2,1,1,0.25,0.0,999999,2,2,1,1,1,1,-5.6874930148874384e-05,-0.0001750355540969,2.513681767415e-05,1.4591531670949992e-05,-0.00026051471391959997,0.0,0.463768115942029,0.536231884057971,0.5,0.5
0.5,2,1,1,0.25,0.25,128,2,2,1,1,1,1,-5.6874930148874384e-05,-0.0001750355540969,2.513681767415e-05,1.4591531670949992e-05,-0.00026051471391959997,0.0,0.463768115942029,0.536231884057971,0.5,0.5
0.5,2,1,1,0.25,0.25,999999,2,2,1,1,1,1,-5.6874930148874384e-05,-0.0001750355540969,2.513681767415e-05,1.4591531670949992e-05,-0.00026051471391959997,0.0,0.463768115942029,0.536231884057971,0.5,0.5
0.5,2,1,1,0.25,0.35,128,2,2,1,1,1,1,-5.6874930148874384e-05,-0.0001750355540969,2.513681767415e-05,1.4591531670949992e-05,-0.00026051471391959997,0.0,0.463768115942029,0.536231884057971,0.5,0.5
0.5,2,1,1,0.25,0.35,999999,2,2,1,1,1,1,-5.6874930148874384e-05,-0.0001750355540969,2.513681767415e-05,1.4591531670949992e-05,-0.00026051471391959997,0.0,0.463768115942029,0.536231884057971,0.5,0.5
0.5,2,1,1,0.5,0.0,128,2,2,1,1,1,1,-5.6874930148874384e-05,-0.0001750355540969,2.513681767415e-05,1.4591531670949992e-05,-0.00026051471391959997,0.0,0.463768115942029,0.536231884057971,0.5,0.5
0.5,2,1,1,0.5,0.0,999999,2,2,1,1,1,1,-5.6874930148874384e-05,-0.0001750355540969,2.513681767415e-05,1.4591531670949992e-05,-0.00026051471391959997,0.0,0.463768115942029,0.536231884057971,0.5,0.5
0.5,2,1,1,0.5,0.25,128,2,2,1,1,1,1,-5.6874930148874384e-05,-0.0001750355540969,2.513681767415e-05,1.4591531670949992e-05,-0.00026051471391959997,0.0,0.463768115942029,0.536231884057971,0.5,0.5
0.5,2,1,1,0.5,0.25,999999,2,2,1,1,1,1,-5.6874930148874384e-05,-0.0001750355540969,2.513681767415e-05,1.4591531670949992e-05,-0.00026051471391959997,0.0,0.463768115942029,0.536231884057971,0.5,0.5
0.5,2,1,1,0.5,0.35,128,2,2,1,1,1,1,-5.6874930148874384e-05,-0.0001750355540969,2.513681767415e-05,1.4591531670949992e-05,-0.00026051471391959997,0.0,0.463768115942029,0.536231884057971,0.5,0.5
0.5,2,1,1,0.5,0.35,999999,2,2,1,1,1,1,-5.6874930148874384e-05,-0.0001750355540969,2.513681767415e-05,1.4591531670949992e-05,-0.00026051471391959997,0.0,0.463768115942029,0.536231884057971,0.5,0.5
0.5,2,1,1,0.75,0.0,128,2,2,1,1,1,1,-5.6874930148874384e-05,-0.0001750355540969,2.513681767415e-05,1.4591531670949992e-05,-0.00026051471391959997,0.0,0.463768115942029,0.536231884057971,0.5,0.5
0.5,2,1,1,0.75,0.0,999999,2,2,1,1,1,1,-5.6874930148874384e-05,-0.0001750355540969,2.513681767415e-05,1.4591531670949992e-05,-0.00026051471391959997,0.0,0.463768115942029,0.536231884057971,0.5,0.5
0.5,2,1,1,0.75,0.25,128,2,2,1,1,1,1,-5.6874930148874384e-05,-0.0001750355540969,2.513681767415e-05,1.4591531670949992e-05,-0.00026051471391959997,0.0,0.463768115942029,0.536231884057971,0.5,0.5
0.5,2,1,1,0.75,0.25,999999,2,2,1,1,1,1,-5.6874930148874384e-05,-0.0001750355540969,2.513681767415e-05,1.4591531670949992e-05,-0.00026051471391959997,0.0,0.463768115942029,0.536231884057971,0.5,0.5
0.5,2,1,1,0.75,0.35,128,2,2,1,1,1,1,-5.6874930148874384e-05,-0.0001750355540969,2.513681767415e-05,1.4591531670949992e-05,-0.00026051471391959997,0.0,0.463768115942029,0.536231884057971,0.5,0.5
0.5,2,1,1,0.75,0.35,999999,2,2,1,1,1,1,-5.6874930148874384e-05,-0.0001750355540969,2.513681767415e-05,1.4591531670949992e-05,-0.00026051471391959997,0.0,0.463768115942029,0.536231884057971,0.5,0.5
0.5,2,1,1,1.0,0.0,128,2,2,1,1,1,1,-5.6874930148874384e-05,-0.0001750355540969,2.513681767415e-05,1.4591531670949992e-05,-0.00026051471391959997,0.0,0.463768115942029,0.536231884057971,0.5,0.5
0.5,2,1,1,1.0,0.0,999999,2,2,1,1,1,1,-5.6874930148874384e-05,-0.0001750355540969,2.513681767415e-05,1.4591531670949992e-05,-0.00026051471391959997,0.0,0.463768115942029,0.536231884057971,0.5,0.5
0.5,2,1,1,1.0,0.25,128,2,2,1,1,1,1,-5.6874930148874384e-05,-0.0001750355540969,2.513681767415e-05,1.4591531670949992e-05,-0.00026051471391959997,0.0,0.463768115942029,0.536231884057971,0.5,0.5
0.5,2,1,1,1.0,0.25,999999,2,2,1,1,1,1,-5.6874930148874384e-05,-0.0001750355540969,2.513681767415e-05,1.4591531670949992e-05,-0.00026051471391959997,0.0,0.463768115942029,0.536231884057971,0.5,0.5
0.5,2,1,1,1.0,0.35,128,2,2,1,1,1,1,-5.6874930148874384e-05,-0.0001750355540969,2.513681767415e-05,1.4591531670949992e-05,-0.00026051471391959997,0.0,0.463768115942029,0.536231884057971,0.5,0.5
0.5,2,1,1,1.0,0.35,999999,2,2,1,1,1,1,-5.6874930148874384e-05,-0.0001750355540969,2.513681767415e-05,1.4591531670949992e-05,-0.00026051471391959997,0.0,0.463768115942029,0.536231884057971,0.5,0.5
0.5,2,1,999,0.25,0.0,128,2,2,1,1,1,1,-5.6874930148874384e-05,-0.0001750355540969,2.513681767415e-05,1.4591531670949992e-05,-0.00026051471391959997,0.0,0.463768115942029,0.536231884057971,0.5,0.5
0.5,2,1,999,0.25,0.0,999999,2,2,1,1,1,1,-5.6874930148874384e-05,-0.0001750355540969,2.513681767415e-05,1.4591531670949992e-05,-0.00026051471391959997,0.0,0.463768115942029,0.536231884057971,0.5,0.5
0.5,2,1,999,0.25,0.25,128,2,2,1,1,1,1,-5.6874930148874384e-05,-0.0001750355540969,2.513681767415e-05,1.4591531670949992e-05,-0.00026051471391959997,0.0,0.463768115942029,0.536231884057971,0.5,0.5
0.5,2,1,999,0.25,0.25,999999,2,2,1,1,1,1,-5.6874930148874384e-05,-0.0001750355540969,2.513681767415e-05,1.4591531670949992e-05,-0.00026051471391959997,0.0,0.463768115942029,0.536231884057971,0.5,0.5
0.5,2,1,999,0.25,0.35,128,2,2,1,1,1,1,-5.6874930148874384e-05,-0.0001750355540969,2.513681767415e-05,1.4591531670949992e-05,-0.00026051471391959997,0.0,0.463768115942029,0.536231884057971,0.5,0.5
0.5,2,1,999,0.25,0.35,999999,2,2,1,1,1,1,-5.6874930148874384e-05,-0.0001750355540969,2.513681767415e-05,1.4591531670949992e-05,-0.00026051471391959997,0.0,0.463768115942029,0.536231884057971,0.5,0.5
0.5,2,1,999,0.5,0.0,128,2,2,1,1,1,1,-5.6874930148874384e-05,-0.0001750355540969,2.513681767415e-05,1.4591531670949992e-05,-0.00026051471391959997,0.0,0.463768115942029,0.536231884057971,0.5,0.5
0.5,2,1,999,0.5,0.0,999999,2,2,1,1,1,1,-5.6874930148874384e-05,-0.0001750355540969,2.513681767415e-05,1.4591531670949992e-05,-0.00026051471391959997,0.0,0.463768115942029,0.536231884057971,0.5,0.5
0.5,2,1,999,0.5,0.25,128,2,2,1,1,1,1,-5.6874930148874384e-05,-0.0001750355540969,2.513681767415e-05,1.4591531670949992e-05,-0.00026051471391959997,0.0,0.463768115942029,0.536231884057971,0.5,0.5
0.5,2,1,999,0.5,0.25,999999,2,2,1,1,1,1,-5.6874930148874384e-05,-0.0001750355540969,2.513681767415e-05,1.4591531670949992e-05,-0.00026051471391959997,0.0,0.463768115942029,0.536231884057971,0.5,0.5
0.5,2,1,999,0.5,0.35,128,2,2,1,1,1,1,-5.6874930148874384e-05,-0.0001750355540969,2.513681767415e-05,1.4591531670949992e-05,-0.00026051471391959997,0.0,0.463768115942029,0.536231884057971,0.5,0.5
0.5,2,1,999,0.5,0.35,999999,2,2,1,1,1,1,-5.6874930148874384e-05,-0.0001750355540969,2.513681767415e-05,1.4591531670949992e-05,-0.00026051471391959997,0.0,0.463768115942029,0.536231884057971,0.5,0.5
0.5,2,1,999,0.75,0.0,128,2,2,1,1,1,1,-5.6874930148874384e-05,-0.0001750355540969,2.513681767415e-05,1.4591531670949992e-05,-0.00026051471391959997,0.0,0.463768115942029,0.536231884057971,0.5,0.5
0.5,2,1,999,0.75,0.0,999999,2,2,1,1,1,1,-5.6874930148874384e-05,-0.0001750355540969,2.513681767415e-05,1.4591531670949992e-05,-0.00026051471391959997,0.0,0.463768115942029,0.536231884057971,0.5,0.5
0.5,2,1,999,0.75,0.25,128,2,2,1,1,1,1,-5.6874930148874384e-05,-0.0001750355540969,2.513681767415e-05,1.4591531670949992e-05,-0.00026051471391959997,0.0,0.463768115942029,0.536231884057971,0.5,0.5
0.5,2,1,999,0.75,0.25,999999,2,2,1,1,1,1,-5.6874930148874384e-05,-0.0001750355540969,2.513681767415e-05,1.4591531670949992e-05,-0.00026051471391959997,0.0,0.463768115942029,0.536231884057971,0.5,0.5
0.5,2,1,999,0.75,0.35,128,2,2,1,1,1,1,-5.6874930148874384e-05,-0.0001750355540969,2.513681767415e-05,1.4591531670949992e-05,-0.00026051471391959997,0.0,0.463768115942029,0.536231884057971,0.5,0.5
0.5,2,1,999,0.75,0.35,999999,2,2,1,1,1,1,-5.6874930148874384e-05,-0.0001750355540969,2.513681767415e-05,1.4591531670949992e-05,-0.00026051471391959997,0.0,0.463768115942029,0.536231884057971,0.5,0.5
0.5,2,1,999,1.0,0.0,128,2,2,1,1,1,1,-5.6874930148874384e-05,-0.0001750355540969,2.513681767415e-05,1.4591531670949992e-05,-0.00026051471391959997,0.0,0.463768115942029,0.536231884057971,0.5,0.5
0.5,2,1,999,1.0,0.0,999999,2,2,1,1,1,1,-5.6874930148874384e-05,-0.0001750355540969,2.513681767415e-05,1.4591531670949992e-05,-0.00026051471391959997,0.0,0.463768115942029,0.536231884057971,0.5,0.5
0.5,2,1,999,1.0,0.25,128,2,2,1,1,1,1,-5.6874930148874384e-05,-0.0001750355540969,2.513681767415e-05,1.4591531670949992e-05,-0.00026051471391959997,0.0,0.463768115942029,0.536231884057971,0.5,0.5
0.5,2,1,999,1.0,0.25,999999,2,2,1,1,1,1,-5.6874930148874384e-05,-0.0001750355540969,2.513681767415e-05,1.4591531670949992e-05,-0.00026051471391959997,0.0,0.463768115942029,0.536231884057971,0.5,0.5
0.5,2,1,999,1.0,0.35,128,2,2,1,1,1,1,-5.6874930148874384e-05,-0.0001750355540969,2.513681767415e-05,1.4591531670949992e-05,-0.00026051471391959997,0.0,0.463768115942029,0.536231884057971,0.5,0.5
0.5,2,1,999,1.0,0.35,999999,2,2,1,1,1,1,-5.6874930148874384e-05,-0.0001750355540969,2.513681767415e-05,1.4591531670949992e-05,-0.00026051471391959997,0.0,0.463768115942029,0.536231884057971,0.5,0.5
0.5,2,999,0,0.25,0.0,128,2,2,1,1,1,1,-5.6874930148874384e-05,-0.0001750355540969,2.513681767415e-05,1.4591531670949992e-05,-0.00026051471391959997,0.0,0.463768115942029,0.536231884057971,0.5,0.5
0.5,2,999,0,0.25,0.0,999999,2,2,1,1,1,1,-5.6874930148874384e-05,-0.0001750355540969,2.513681767415e-05,1.4591531670949992e-05,-0.00026051471391959997,0.0,0.463768115942029,0.536231884057971,0.5,0.5
0.5,2,999,0,0.25,0.25,128,2,2,1,1,1,1,-5.6874930148874384e-05,-0.0001750355540969,2.513681767415e-05,1.4591531670949992e-05,-0.00026051471391959997,0.0,0.463768115942029,0.536231884057971,0.5,0.5
0.5,2,999,0,0.25,0.25,999999,2,2,1,1,1,1,-5.6874930148874384e-05,-0.0001750355540969,2.513681767415e-05,1.4591531670949992e-05,-0.00026051471391959997,0.0,0.463768115942029,0.536231884057971,0.5,0.5
0.5,2,999,0,0.25,0.35,128,2,2,1,1,1,1,-5.6874930148874384e-05,-0.0001750355540969,2.513681767415e-05,1.4591531670949992e-05,-0.00026051471391959997,0.0,0.463768115942029,0.536231884057971,0.5,0.5
0.5,2,999,0,0.25,0.35,999999,2,2,1,1,1,1,-5.6874930148874384e-05,-0.0001750355540969,2.513681767415e-05,1.4591531670949992e-05,-0.00026051471391959997,0.0,0.463768115942029,0.536231884057971,0.5,0.5
0.5,2,999,0,0.5,0.0,128,2,2,1,1,1,1,-5.6874930148874384e-05,-0.0001750355540969,2.513681767415e-05,1.4591531670949992e-05,-0.00026051471391959997,0.0,0.463768115942029,0.536231884057971,0.5,0.5
0.5,2,999,0,0.5,0.0,999999,2,2,1,1,1,1,-5.6874930148874384e-05,-0.0001750355540969,2.513681767415e-05,1.4591531670949992e-05,-0.00026051471391959997,0.0,0.463768115942029,0.536231884057971,0.5,0.5
0.5,2,999,0,0.5,0.25,128,2,2,1,1,1,1,-5.6874930148874384e-05,-0.0001750355540969,2.513681767415e-05,1.4591531670949992e-05,-0.00026051471391959997,0.0,0.463768115942029,0.536231884057971,0.5,0.5
0.5,2,999,0,0.5,0.25,999999,2,2,1,1,1,1,-5.6874930148874384e-05,-0.0001750355540969,2.513681767415e-05,1.4591531670949992e-05,-0.00026051471391959997,0.0,0.463768115942029,0.536231884057971,0.5,0.5
0.5,2,999,0,0.5,0.35,128,2,2,1,1,1,1,-5.6874930148874384e-05,-0.0001750355540969,2.513681767415e-05,1.4591531670949992e-05,-0.00026051471391959997,0.0,0.463768115942029,0.536231884057971,0.5,0.5
0.5,2,999,0,0.5,0.35,999999,2,2,1,1,1,1,-5.6874930148874384e-05,-0.0001750355540969,2.513681767415e-05,1.4591531670949992e-05,-0.00026051471391959997,0.0,0.463768115942029,0.536231884057971,0.5,0.5
0.5,2,999,0,0.75,0.0,128,2,2,1,1,1,1,-5.6874930148874384e-05,-0.0001750355540969,2.513681767415e-05,1.4591531670949992e-05,-0.00026051471391959997,0.0,0.463768115942029,0.536231884057971,0.5,0.5
0.5,2,999,0,0.75,0.0,999999,2,2,1,1,1,1,-5.6874930148874384e-05,-0.0001750355540969,2.513681767415e-05,1.4591531670949992e-05,-0.00026051471391959997,0.0,0.463768115942029,0.536231884057971,0.5,0.5
0.5,2,999,0,0.75,0.25,128,2,2,1,1,1,1,-5.6874930148874384e-05,-0.0001750355540969,2.513681767415e-05,1.4591531670949992e-05,-0.00026051471391959997,0.0,0.463768115942029,0.536231884057971,0.5,0.5
0.5,2,999,0,0.75,0.25,999999,2,2,1,1,1,1,-5.6874930148874384e-05,-0.0001750355540969,2.513681767415e-05,1.4591531670949992e-05,-0.00026051471391959997,0.0,0.463768115942029,0.536231884057971,0.5,0.5
0.5,2,999,0,0.75,0.35,128,2,2,1,1,1,1,-5.6874930148874384e-05,-0.0001750355540969,2.513681767415e-05,1.4591531670949992e-05,-0.00026051471391959997,0.0,0.463768115942029,0.536231884057971,0.5,0.5
0.5,2,999,0,0.75,0.35,999999,2,2,1,1,1,1,-5.6874930148874384e-05,-0.0001750355540969,2.513681767415e-05,1.4591531670949992e-05,-0.00026051471391959997,0.0,0.463768115942029,0.536231884057971,0.5,0.5
0.5,2,999,0,1.0,0.0,128,2,2,1,1,1,1,-5.6874930148874384e-05,-0.0001750355540969,2.513681767415e-05,1.4591531670949992e-05,-0.00026051471391959997,0.0,0.463768115942029,0.536231884057971,0.5,0.5
0.5,2,999,0,1.0,0.0,999999,2,2,1,1,1,1,-5.6874930148874384e-05,-0.0001750355540969,2.513681767415e-05,1.4591531670949992e-05,-0.00026051471391959997,0.0,0.463768115942029,0.536231884057971,0.5,0.5
0.5,2,999,0,1.0,0.25,128,2,2,1,1,1,1,-5.6874930148874384e-05,-0.0001750355540969,2.513681767415e-05,1.4591531670949992e-05,-0.00026051471391959997,0.0,0.463768115942029,0.536231884057971,0.5,0.5
0.5,2,999,0,1.0,0.25,999999,2,2,1,1,1,1,-5.6874930148874384e-05,-0.0001750355540969,2.513681767415e-05,1.4591531670949992e-05,-0.00026051471391959997,0.0,0.463768115942029,0.536231884057971,0.5,0.5
0.5,2,999,0,1.0,0.35,128,2,2,1,1,1,1,-5.6874930148874384e-05,-0.0001750355540969,2.513681767415e-05,1.4591531670949992e-05,-0.00026051471391959997,0.0,0.463768115942029,0.536231884057971,0.5,0.5
0.5,2,999,0,1.0,0.35,999999,2,2,1,1,1,1,-5.6874930148874384e-05,-0.0001750355540969,2.513681767415e-05,1.4591531670949992e-05,-0.00026051471391959997,0.0,0.463768115942029,0.536231884057971,0.5,0.5
0.5,2,999,1,0.25,0.0,128,2,2,1,1,1,1,-5.6874930148874384e-05,-0.0001750355540969,2.513681767415e-05,1.4591531670949992e-05,-0.00026051471391959997,0.0,0.463768115942029,0.536231884057971,0.5,0.5
0.5,2,999,1,0.25,0.0,999999,2,2,1,1,1,1,-5.6874930148874384e-05,-0.0001750355540969,2.513681767415e-05,1.4591531670949992e-05,-0.00026051471391959997,0.0,0.463768115942029,0.536231884057971,0.5,0.5
0.5,2,999,1,0.25,0.25,128,2,2,1,1,1,1,-5.6874930148874384e-05,-0.0001750355540969,2.513681767415e-05,1.4591531670949992e-05,-0.00026051471391959997,0.0,0.463768115942029,0.536231884057971,0.5,0.5
0.5,2,999,1,0.25,0.25,999999,2,2,1,1,1,1,-5.6874930148874384e-05,-0.0001750355540969,2.513681767415e-05,1.4591531670949992e-05,-0.00026051471391959997,0.0,0.463768115942029,0.536231884057971,0.5,0.5
0.5,2,999,1,0.25,0.35,128,2,2,1,1,1,1,-5.6874930148874384e-05,-0.0001750355540969,2.513681767415e-05,1.4591531670949992e-05,-0.00026051471391959997,0.0,0.463768115942029,0.536231884057971,0.5,0.5
0.5,2,999,1,0.25,0.35,999999,2,2,1,1,1,1,-5.6874930148874384e-05,-0.0001750355540969,2.513681767415e-05,1.4591531670949992e-05,-0.00026051471391959997,0.0,0.463768115942029,0.536231884057971,0.5,0.5
0.5,2,999,1,0.5,0.0,128,2,2,1,1,1,1,-5.6874930148874384e-05,-0.0001750355540969,2.513681767415e-05,1.4591531670949992e-05,-0.00026051471391959997,0.0,0.463768115942029,0.536231884057971,0.5,0.5
0.5,2,999,1,0.5,0.0,999999,2,2,1,1,1,1,-5.6874930148874384e-05,-0.0001750355540969,2.513681767415e-05,1.4591531670949992e-05,-0.00026051471391959997,0.0,0.463768115942029,0.536231884057971,0.5,0.5
0.5,2,999,1,0.5,0.25,128,2,2,1,1,1,1,-5.6874930148874384e-05,-0.0001750355540969,2.513681767415e-05,1.4591531670949992e-05,-0.00026051471391959997,0.0,0.463768115942029,0.536231884057971,0.5,0.5
0.5,2,999,1,0.5,0.25,999999,2,2,1,1,1,1,-5.6874930148874384e-05,-0.0001750355540969,2.513681767415e-05,1.4591531670949992e-05,-0.00026051471391959997,0.0,0.463768115942029,0.536231884057971,0.5,0.5
0.5,2,999,1,0.5,0.35,128,2,2,1,1,1,1,-5.6874930148874384e-05,-0.0001750355540969,2.513681767415e-05,1.4591531670949992e-05,-0.00026051471391959997,0.0,0.463768115942029,0.536231884057971,0.5,0.5
0.5,2,999,1,0.5,0.35,999999,2,2,1,1,1,1,-5.6874930148874384e-05,-0.0001750355540969,2.513681767415e-05,1.4591531670949992e-05,-0.00026051471391959997,0.0,0.463768115942029,0.536231884057971,0.5,0.5
0.5,2,999,1,0.75,0.0,128,2,2,1,1,1,1,-5.6874930148874384e-05,-0.0001750355540969,2.513681767415e-05,1.4591531670949992e-05,-0.00026051471391959997,0.0,0.463768115942029,0.536231884057971,0.5,0.5
0.5,2,999,1,0.75,0.0,999999,2,2,1,1,1,1,-5.6874930148874384e-05,-0.0001750355540969,2.513681767415e-05,1.4591531670949992e-05,-0.00026051471391959997,0.0,0.463768115942029,0.536231884057971,0.5,0.5
0.5,2,999,1,0.75,0.25,128,2,2,1,1,1,1,-5.6874930148874384e-05,-0.0001750355540969,2.513681767415e-05,1.4591531670949992e-05,-0.00026051471391959997,0.0,0.463768115942029,0.536231884057971,0.5,0.5
0.5,2,999,1,0.75,0.25,999999,2,2,1,1,1,1,-5.6874930148874384e-05,-0.0001750355540969,2.513681767415e-05,1.4591531670949992e-05,-0.00026051471391959997,0.0,0.463768115942029,0.536231884057971,0.5,0.5
0.5,2,999,1,0.75,0.35,128,2,2,1,1,1,1,-5.6874930148874384e-05,-0.0001750355540969,2.513681767415e-05,1.4591531670949992e-05,-0.00026051471391959997,0.0,0.463768115942029,0.536231884057971,0.5,0.5
0.5,2,999,1,0.75,0.35,999999,2,2,1,1,1,1,-5.6874930148874384e-05,-0.0001750355540969,2.513681767415e-05,1.4591531670949992e-05,-0.00026051471391959997,0.0,0.463768115942029,0.536231884057971,0.5,0.5
0.5,2,999,1,1.0,0.0,128,2,2,1,1,1,1,-5.6874930148874384e-05,-0.0001750355540969,2.513681767415e-05,1.4591531670949992e-05,-0.00026051471391959997,0.0,0.463768115942029,0.536231884057971,0.5,0.5
0.5,2,999,1,1.0,0.0,999999,2,2,1,1,1,1,-5.6874930148874384e-05,-0.0001750355540969,2.513681767415e-05,1.4591531670949992e-05,-0.00026051471391959997,0.0,0.463768115942029,0.536231884057971,0.5,0.5
0.5,2,999,1,1.0,0.25,128,2,2,1,1,1,1,-5.6874930148874384e-05,-0.0001750355540969,2.513681767415e-05,1.4591531670949992e-05,-0.00026051471391959997,0.0,0.463768115942029,0.536231884057971,0.5,0.5
0.5,2,999,1,1.0,0.25,999999,2,2,1,1,1,1,-5.6874930148874384e-05,-0.0001750355540969,2.513681767415e-05,1.4591531670949992e-05,-0.00026051471391959997,0.0,0.463768115942029,0.536231884057971,0.5,0.5
0.5,2,999,1,1.0,0.35,128,2,2,1,1,1,1,-5.6874930148874384e-05,-0.0001750355540969,2.513681767415e-05,1.4591531670949992e-05,-0.00026051471391959997,0.0,0.463768115942029,0.536231884057971,0.5,0.5
0.5,2,999,1,1.0,0.35,999999,2,2,1,1,1,1,-5.6874930148874384e-05,-0.0001750355540969,2.513681767415e-05,1.4591531670949992e-05,-0.00026051471391959997,0.0,0.463768115942029,0.536231884057971,0.5,0.5
0.5,2,999,999,0.25,0.0,128,2,2,1,1,1,1,-5.6874930148874384e-05,-0.0001750355540969,2.513681767415e-05,1.4591531670949992e-05,-0.00026051471391959997,0.0,0.463768115942029,0.536231884057971,0.5,0.5
0.5,2,999,999,0.25,0.0,999999,2,2,1,1,1,1,-5.6874930148874384e-05,-0.0001750355540969,2.513681767415e-05,1.4591531670949992e-05,-0.00026051471391959997,0.0,0.463768115942029,0.536231884057971,0.5,0.5
0.5,2,999,999,0.25,0.25,128,2,2,1,1,1,1,-5.6874930148874384e-05,-0.0001750355540969,2.513681767415e-05,1.4591531670949992e-05,-0.00026051471391959997,0.0,0.463768115942029,0.536231884057971,0.5,0.5
0.5,2,999,999,0.25,0.25,999999,2,2,1,1,1,1,-5.6874930148874384e-05,-0.0001750355540969,2.513681767415e-05,1.4591531670949992e-05,-0.00026051471391959997,0.0,0.463768115942029,0.536231884057971,0.5,0.5
0.5,2,999,999,0.25,0.35,128,2,2,1,1,1,1,-5.6874930148874384e-05,-0.0001750355540969,2.513681767415e-05,1.4591531670949992e-05,-0.00026051471391959997,0.0,0.463768115942029,0.536231884057971,0.5,0.5
0.5,2,999,999,0.25,0.35,999999,2,2,1,1,1,1,-5.6874930148874384e-05,-0.0001750355540969,2.513681767415e-05,1.4591531670949992e-05,-0.00026051471391959997,0.0,0.463768115942029,0.536231884057971,0.5,0.5
0.5,2,999,999,0.5,0.0,128,2,2,1,1,1,1,-5.6874930148874384e-05,-0.0001750355540969,2.513681767415e-05,1.4591531670949992e-05,-0.00026051471391959997,0.0,0.463768115942029,0.536231884057971,0.5,0.5
0.5,2,999,999,0.5,0.0,999999,2,2,1,1,1,1,-5.6874930148874384e-05,-0.0001750355540969,2.513681767415e-05,1.4591531670949992e-05,-0.00026051471391959997,0.0,0.463768115942029,0.536231884057971,0.5,0.5
0.5,2,999,999,0.5,0.25,128,2,2,1,1,1,1,-5.6874930148874384e-05,-0.0001750355540969,2.513681767415e-05,1.4591531670949992e-05,-0.00026051471391959997,0.0,0.463768115942029,0.536231884057971,0.5,0.5
0.5,2,999,999,0.5,0.25,999999,2,2,1,1,1,1,-5.6874930148874384e-05,-0.0001750355540969,2.513681767415e-05,1.4591531670949992e-05,-0.00026051471391959997,0.0,0.463768115942029,0.536231884057971,0.5,0.5
0.5,2,999,999,0.5,0.35,128,2,2,1,1,1,1,-5.6874930148874384e-05,-0.0001750355540969,2.513681767415e-05,1.4591531670949992e-05,-0.00026051471391959997,0.0,0.463768115942029,0.536231884057971,0.5,0.5
0.5,2,999,999,0.5,0.35,999999,2,2,1,1,1,1,-5.6874930148874384e-05,-0.0001750355540969,2.513681767415e-05,1.4591531670949992e-05,-0.00026051471391959997,0.0,0.463768115942029,0.536231884057971,0.5,0.5
0.5,2,999,999,0.75,0.0,128,2,2,1,1,1,1,-5.6874930148874384e-05,-0.0001750355540969,2.513681767415e-05,1.4591531670949992e-05,-0.00026051471391959997,0.0,0.463768115942029,0.536231884057971,0.5,0.5
0.5,2,999,999,0.75,0.0,999999,2,2,1,1,1,1,-5.6874930148874384e-05,-0.0001750355540969,2.513681767415e-05,1.4591531670949992e-05,-0.00026051471391959997,0.0,0.463768115942029,0.536231884057971,0.5,0.5
0.5,2,999,999,0.75,0.25,128,2,2,1,1,1,1,-5.6874930148874384e-05,-0.0001750355540969,2.513681767415e-05,1.4591531670949992e-05,-0.00026051471391959997,0.0,0.463768115942029,0.536231884057971,0.5,0.5
0.5,2,999,999,0.75,0.25,999999,2,2,1,1,1,1,-5.6874930148874384e-05,-0.0001750355540969,2.513681767415e-05,1.4591531670949992e-05,-0.00026051471391959997,0.0,0.463768115942029,0.536231884057971,0.5,0.5
0.5,2,999,999,0.75,0.35,128,2,2,1,1,1,1,-5.6874930148874384e-05,-0.0001750355540969,2.513681767415e-05,1.4591531670949992e-05,-0.00026051471391959997,0.0,0.463768115942029,0.536231884057971,0.5,0.5
0.5,2,999,999,0.75,0.35,999999,2,2,1,1,1,1,-5.6874930148874384e-05,-0.0001750355540969,2.513681767415e-05,1.4591531670949992e-05,-0.00026051471391959997,0.0,0.463768115942029,0.536231884057971,0.5,0.5
0.5,2,999,999,1.0,0.0,128,2,2,1,1,1,1,-5.6874930148874384e-05,-0.0001750355540969,2.513681767415e-05,1.4591531670949992e-05,-0.00026051471391959997,0.0,0.463768115942029,0.536231884057971,0.5,0.5
0.5,2,999,999,1.0,0.0,999999,2,2,1,1,1,1,-5.6874930148874384e-05,-0.0001750355540969,2.513681767415e-05,1.4591531670949992e-05,-0.00026051471391959997,0.0,0.463768115942029,0.536231884057971,0.5,0.5
0.5,2,999,999,1.0,0.25,128,2,2,1,1,1,1,-5.6874930148874384e-05,-0.0001750355540969,2.513681767415e-05,1.4591531670949992e-05,-0.00026051471391959997,0.0,0.463768115942029,0.536231884057971,0.5,0.5
0.5,2,999,999,1.0,0.25,999999,2,2,1,1,1,1,-5.6874930148874384e-05,-0.0001750355540969,2.513681767415e-05,1.4591531670949992e-05,-0.00026051471391959997,0.0,0.463768115942029,0.536231884057971,0.5,0.5
0.5,2,999,999,1.0,0.35,128,2,2,1,1,1,1,-5.6874930148874384e-05,-0.0001750355540969,2.513681767415e-05,1.4591531670949992e-05,-0.00026051471391959997,0.0,0.463768115942029,0.536231884057971,0.5,0.5
0.5,2,999,999,1.0,0.35,999999,2,2,1,1,1,1,-5.6874930148874384e-05,-0.0001750355540969,2.513681767415e-05,1.4591531670949992e-05,-0.00026051471391959997,0.0,0.463768115942029,0.536231884057971,0.5,0.5
0.0,0,0,0,0.25,0.5,16,9,9,2,4,3,6,-3.6353347518272455e-05,-0.00012107761622282222,-4.169903292940573e-05,-4.13607523301451e-05,-0.00011341698954756559,0.0,0.6507936507936508,0.3492063492063492,0.2222222222222222,0.4444444444444444
0.0,0,0,0,0.25,0.5,32,9,9,2,4,3,6,-3.6353347518272455e-05,-0.00012107761622282222,-4.169903292940573e-05,-4.13607523301451e-05,-0.00011341698954756559,0.0,0.6507936507936508,0.3492063492063492,0.2222222222222222,0.4444444444444444
0.0,0,0,0,0.25,0.5,64,9,9,2,4,3,6,-3.6353347518272455e-05,-0.00012107761622282222,-4.169903292940573e-05,-4.13607523301451e-05,-0.00011341698954756559,0.0,0.6507936507936508,0.3492063492063492,0.2222222222222222,0.4444444444444444
0.0,0,0,0,0.25,0.5,128,9,9,2,4,3,6,-3.6353347518272455e-05,-0.00012107761622282222,-4.169903292940573e-05,-4.13607523301451e-05,-0.00011341698954756559,0.0,0.6507936507936508,0.3492063492063492,0.2222222222222222,0.4444444444444444
0.0,0,0,0,0.25,0.5,999999,9,9,2,4,3,6,-3.6353347518272455e-05,-0.00012107761622282222,-4.169903292940573e-05,-4.13607523301451e-05,-0.00011341698954756559,0.0,0.6507936507936508,0.3492063492063492,0.2222222222222222,0.4444444444444444
0.0,0,0,1,0.25,0.5,16,9,9,2,4,3,6,-3.6353347518272455e-05,-0.00012107761622282222,-4.169903292940573e-05,-4.13607523301451e-05,-0.00011341698954756559,0.0,0.6507936507936508,0.3492063492063492,0.2222222222222222,0.4444444444444444
0.0,0,0,1,0.25,0.5,32,9,9,2,4,3,6,-3.6353347518272455e-05,-0.00012107761622282222,-4.169903292940573e-05,-4.13607523301451e-05,-0.00011341698954756559,0.0,0.6507936507936508,0.3492063492063492,0.2222222222222222,0.4444444444444444
0.0,0,0,1,0.25,0.5,64,9,9,2,4,3,6,-3.6353347518272455e-05,-0.00012107761622282222,-4.169903292940573e-05,-4.13607523301451e-05,-0.00011341698954756559,0.0,0.6507936507936508,0.3492063492063492,0.2222222222222222,0.4444444444444444
0.0,0,0,1,0.25,0.5,128,9,9,2,4,3,6,-3.6353347518272455e-05,-0.00012107761622282222,-4.169903292940573e-05,-4.13607523301451e-05,-0.00011341698954756559,0.0,0.6507936507936508,0.3492063492063492,0.2222222222222222,0.4444444444444444
0.0,0,0,1,0.25,0.5,999999,9,9,2,4,3,6,-3.6353347518272455e-05,-0.00012107761622282222,-4.169903292940573e-05,-4.13607523301451e-05,-0.00011341698954756559,0.0,0.6507936507936508,0.3492063492063492,0.2222222222222222,0.4444444444444444
0.0,0,0,999,0.25,0.5,16,9,9,2,4,3,6,-3.6353347518272455e-05,-0.00012107761622282222,-4.169903292940573e-05,-4.13607523301451e-05,-0.00011341698954756559,0.0,0.6507936507936508,0.3492063492063492,0.2222222222222222,0.4444444444444444
0.0,0,0,999,0.25,0.5,32,9,9,2,4,3,6,-3.6353347518272455e-05,-0.00012107761622282222,-4.169903292940573e-05,-4.13607523301451e-05,-0.00011341698954756559,0.0,0.6507936507936508,0.3492063492063492,0.2222222222222222,0.4444444444444444
0.0,0,0,999,0.25,0.5,64,9,9,2,4,3,6,-3.6353347518272455e-05,-0.00012107761622282222,-4.169903292940573e-05,-4.13607523301451e-05,-0.00011341698954756559,0.0,0.6507936507936508,0.3492063492063492,0.2222222222222222,0.4444444444444444
0.0,0,0,999,0.25,0.5,128,9,9,2,4,3,6,-3.6353347518272455e-05,-0.00012107761622282222,-4.169903292940573e-05,-4.13607523301451e-05,-0.00011341698954756559,0.0,0.6507936507936508,0.3492063492063492,0.2222222222222222,0.4444444444444444
0.0,0,0,999,0.25,0.5,999999,9,9,2,4,3,6,-3.6353347518272455e-05,-0.00012107761622282222,-4.169903292940573e-05,-4.13607523301451e-05,-0.00011341698954756559,0.0,0.6507936507936508,0.3492063492063492,0.2222222222222222,0.4444444444444444
0.0,0,1,0,0.25,0.5,16,9,9,2,4,3,6,-3.6353347518272455e-05,-0.00012107761622282222,-4.169903292940573e-05,-4.13607523301451e-05,-0.00011341698954756559,0.0,0.6507936507936508,0.3492063492063492,0.2222222222222222,0.4444444444444444
0.0,0,1,0,0.25,0.5,32,9,9,2,4,3,6,-3.6353347518272455e-05,-0.00012107761622282222,-4.169903292940573e-05,-4.13607523301451e-05,-0.00011341698954756559,0.0,0.6507936507936508,0.3492063492063492,0.2222222222222222,0.4444444444444444
0.0,0,1,0,0.25,0.5,64,9,9,2,4,3,6,-3.6353347518272455e-05,-0.00012107761622282222,-4.169903292940573e-05,-4.13607523301451e-05,-0.00011341698954756559,0.0,0.6507936507936508,0.3492063492063492,0.2222222222222222,0.4444444444444444
0.0,0,1,0,0.25,0.5,128,9,9,2,4,3,6,-3.6353347518272455e-05,-0.00012107761622282222,-4.169903292940573e-05,-4.13607523301451e-05,-0.00011341698954756559,0.0,0.6507936507936508,0.3492063492063492,0.2222222222222222,0.4444444444444444
0.0,0,1,0,0.25,0.5,999999,9,9,2,4,3,6,-3.6353347518272455e-05,-0.00012107761622282222,-4.169903292940573e-05,-4.13607523301451e-05,-0.00011341698954756559,0.0,0.6507936507936508,0.3492063492063492,0.2222222222222222,0.4444444444444444
0.0,0,1,1,0.25,0.5,16,9,9,2,4,3,6,-3.6353347518272455e-05,-0.00012107761622282222,-4.169903292940573e-05,-4.13607523301451e-05,-0.00011341698954756559,0.0,0.6507936507936508,0.3492063492063492,0.2222222222222222,0.4444444444444444
0.0,0,1,1,0.25,0.5,32,9,9,2,4,3,6,-3.6353347518272455e-05,-0.00012107761622282222,-4.169903292940573e-05,-4.13607523301451e-05,-0.00011341698954756559,0.0,0.6507936507936508,0.3492063492063492,0.2222222222222222,0.4444444444444444
0.0,0,1,1,0.25,0.5,64,9,9,2,4,3,6,-3.6353347518272455e-05,-0.00012107761622282222,-4.169903292940573e-05,-4.13607523301451e-05,-0.00011341698954756559,0.0,0.6507936507936508,0.3492063492063492,0.2222222222222222,0.4444444444444444
0.0,0,1,1,0.25,0.5,128,9,9,2,4,3,6,-3.6353347518272455e-05,-0.00012107761622282222,-4.169903292940573e-05,-4.13607523301451e-05,-0.00011341698954756559,0.0,0.6507936507936508,0.3492063492063492,0.2222222222222222,0.4444444444444444
0.0,0,1,1,0.25,0.5,999999,9,9,2,4,3,6,-3.6353347518272455e-05,-0.00012107761622282222,-4.169903292940573e-05,-4.13607523301451e-05,-0.00011341698954756559,0.0,0.6507936507936508,0.3492063492063492,0.2222222222222222,0.4444444444444444
0.0,0,1,999,0.25,0.5,16,9,9,2,4,3,6,-3.6353347518272455e-05,-0.00012107761622282222,-4.169903292940573e-05,-4.13607523301451e-05,-0.00011341698954756559,0.0,0.6507936507936508,0.3492063492063492,0.2222222222222222,0.4444444444444444
0.0,0,1,999,0.25,0.5,32,9,9,2,4,3,6,-3.6353347518272455e-05,-0.00012107761622282222,-4.169903292940573e-05,-4.13607523301451e-05,-0.00011341698954756559,0.0,0.6507936507936508,0.3492063492063492,0.2222222222222222,0.4444444444444444
0.0,0,1,999,0.25,0.5,64,9,9,2,4,3,6,-3.6353347518272455e-05,-0.00012107761622282222,-4.169903292940573e-05,-4.13607523301451e-05,-0.00011341698954756559,0.0,0.6507936507936508,0.3492063492063492,0.2222222222222222,0.4444444444444444
0.0,0,1,999,0.25,0.5,128,9,9,2,4,3,6,-3.6353347518272455e-05,-0.00012107761622282222,-4.169903292940573e-05,-4.13607523301451e-05,-0.00011341698954756559,0.0,0.6507936507936508,0.3492063492063492,0.2222222222222222,0.4444444444444444
0.0,0,1,999,0.25,0.5,999999,9,9,2,4,3,6,-3.6353347518272455e-05,-0.00012107761622282222,-4.169903292940573e-05,-4.13607523301451e-05,-0.00011341698954756559,0.0,0.6507936507936508,0.3492063492063492,0.2222222222222222,0.4444444444444444
0.0,0,999,0,0.25,0.5,16,9,9,2,4,3,6,-3.6353347518272455e-05,-0.00012107761622282222,-4.169903292940573e-05,-4.13607523301451e-05,-0.00011341698954756559,0.0,0.6507936507936508,0.3492063492063492,0.2222222222222222,0.4444444444444444
0.0,0,999,0,0.25,0.5,32,9,9,2,4,3,6,-3.6353347518272455e-05,-0.00012107761622282222,-4.169903292940573e-05,-4.13607523301451e-05,-0.00011341698954756559,0.0,0.6507936507936508,0.3492063492063492,0.2222222222222222,0.4444444444444444
0.0,0,999,0,0.25,0.5,64,9,9,2,4,3,6,-3.6353347518272455e-05,-0.00012107761622282222,-4.169903292940573e-05,-4.13607523301451e-05,-0.00011341698954756559,0.0,0.6507936507936508,0.3492063492063492,0.2222222222222222,0.4444444444444444
0.0,0,999,0,0.25,0.5,128,9,9,2,4,3,6,-3.6353347518272455e-05,-0.00012107761622282222,-4.169903292940573e-05,-4.13607523301451e-05,-0.00011341698954756559,0.0,0.6507936507936508,0.3492063492063492,0.2222222222222222,0.4444444444444444
0.0,0,999,0,0.25,0.5,999999,9,9,2,4,3,6,-3.6353347518272455e-05,-0.00012107761622282222,-4.169903292940573e-05,-4.13607523301451e-05,-0.00011341698954756559,0.0,0.6507936507936508,0.3492063492063492,0.2222222222222222,0.4444444444444444
0.0,0,999,1,0.25,0.5,16,9,9,2,4,3,6,-3.6353347518272455e-05,-0.00012107761622282222,-4.169903292940573e-05,-4.13607523301451e-05,-0.00011341698954756559,0.0,0.6507936507936508,0.3492063492063492,0.2222222222222222,0.4444444444444444
0.0,0,999,1,0.25,0.5,32,9,9,2,4,3,6,-3.6353347518272455e-05,-0.00012107761622282222,-4.169903292940573e-05,-4.13607523301451e-05,-0.00011341698954756559,0.0,0.6507936507936508,0.3492063492063492,0.2222222222222222,0.4444444444444444
0.0,0,999,1,0.25,0.5,64,9,9,2,4,3,6,-3.6353347518272455e-05,-0.00012107761622282222,-4.169903292940573e-05,-4.13607523301451e-05,-0.00011341698954756559,0.0,0.6507936507936508,0.3492063492063492,0.2222222222222222,0.4444444444444444
0.0,0,999,1,0.25,0.5,128,9,9,2,4,3,6,-3.6353347518272455e-05,-0.00012107761622282222,-4.169903292940573e-05,-4.13607523301451e-05,-0.00011341698954756559,0.0,0.6507936507936508,0.3492063492063492,0.2222222222222222,0.4444444444444444
0.0,0,999,1,0.25,0.5,999999,9,9,2,4,3,6,-3.6353347518272455e-05,-0.00012107761622282222,-4.169903292940573e-05,-4.13607523301451e-05,-0.00011341698954756559,0.0,0.6507936507936508,0.3492063492063492,0.2222222222222222,0.4444444444444444
0.0,0,999,999,0.25,0.5,16,9,9,2,4,3,6,-3.6353347518272455e-05,-0.00012107761622282222,-4.169903292940573e-05,-4.13607523301451e-05,-0.00011341698954756559,0.0,0.6507936507936508,0.3492063492063492,0.2222222222222222,0.4444444444444444
0.0,0,999,999,0.25,0.5,32,9,9,2,4,3,6,-3.6353347518272455e-05,-0.00012107761622282222,-4.169903292940573e-05,-4.13607523301451e-05,-0.00011341698954756559,0.0,0.6507936507936508,0.3492063492063492,0.2222222222222222,0.4444444444444444
0.0,0,999,999,0.25,0.5,64,9,9,2,4,3,6,-3.6353347518272455e-05,-0.00012107761622282222,-4.169903292940573e-05,-4.13607523301451e-05,-0.00011341698954756559,0.0,0.6507936507936508,0.3492063492063492,0.2222222222222222,0.4444444444444444
0.0,0,999,999,0.25,0.5,128,9,9,2,4,3,6,-3.6353347518272455e-05,-0.00012107761622282222,-4.169903292940573e-05,-4.13607523301451e-05,-0.00011341698954756559,0.0,0.6507936507936508,0.3492063492063492,0.2222222222222222,0.4444444444444444
0.0,0,999,999,0.25,0.5,999999,9,9,2,4,3,6,-3.6353347518272455e-05,-0.00012107761622282222,-4.169903292940573e-05,-4.13607523301451e-05,-0.00011341698954756559,0.0,0.6507936507936508,0.3492063492063492,0.2222222222222222,0.4444444444444444
0.0,1,0,0,0.25,0.5,16,9,9,2,4,3,6,-3.6353347518272455e-05,-0.00012107761622282222,-4.169903292940573e-05,-4.13607523301451e-05,-0.00011341698954756559,0.0,0.6507936507936508,0.3492063492063492,0.2222222222222222,0.4444444444444444
0.0,1,0,0,0.25,0.5,32,9,9,2,4,3,6,-3.6353347518272455e-05,-0.00012107761622282222,-4.169903292940573e-05,-4.13607523301451e-05,-0.00011341698954756559,0.0,0.6507936507936508,0.3492063492063492,0.2222222222222222,0.4444444444444444
0.0,1,0,0,0.25,0.5,64,9,9,2,4,3,6,-3.6353347518272455e-05,-0.00012107761622282222,-4.169903292940573e-05,-4.13607523301451e-05,-0.00011341698954756559,0.0,0.6507936507936508,0.3492063492063492,0.2222222222222222,0.4444444444444444
0.0,1,0,0,0.25,0.5,128,9,9,2,4,3,6,-3.6353347518272455e-05,-0.00012107761622282222,-4.169903292940573e-05,-4.13607523301451e-05,-0.00011341698954756559,0.0,0.6507936507936508,0.3492063492063492,0.2222222222222222,0.4444444444444444
0.0,1,0,0,0.25,0.5,999999,9,9,2,4,3,6,-3.6353347518272455e-05,-0.00012107761622282222,-4.169903292940573e-05,-4.13607523301451e-05,-0.00011341698954756559,0.0,0.6507936507936508,0.3492063492063492,0.2222222222222222,0.4444444444444444
0.0,1,0,1,0.25,0.5,16,9,9,2,4,3,6,-3.6353347518272455e-05,-0.00012107761622282222,-4.169903292940573e-05,-4.13607523301451e-05,-0.00011341698954756559,0.0,0.6507936507936508,0.3492063492063492,0.2222222222222222,0.4444444444444444
0.0,1,0,1,0.25,0.5,32,9,9,2,4,3,6,-3.6353347518272455e-05,-0.00012107761622282222,-4.169903292940573e-05,-4.13607523301451e-05,-0.00011341698954756559,0.0,0.6507936507936508,0.3492063492063492,0.2222222222222222,0.4444444444444444
0.0,1,0,1,0.25,0.5,64,9,9,2,4,3,6,-3.6353347518272455e-05,-0.00012107761622282222,-4.169903292940573e-05,-4.13607523301451e-05,-0.00011341698954756559,0.0,0.6507936507936508,0.3492063492063492,0.2222222222222222,0.4444444444444444
0.0,1,0,1,0.25,0.5,128,9,9,2,4,3,6,-3.6353347518272455e-05,-0.00012107761622282222,-4.169903292940573e-05,-4.13607523301451e-05,-0.00011341698954756559,0.0,0.6507936507936508,0.3492063492063492,0.2222222222222222,0.4444444444444444
0.0,1,0,1,0.25,0.5,999999,9,9,2,4,3,6,-3.6353347518272455e-05,-0.00012107761622282222,-4.169903292940573e-05,-4.13607523301451e-05,-0.00011341698954756559,0.0,0.6507936507936508,0.3492063492063492,0.2222222222222222,0.4444444444444444
0.0,1,0,999,0.25,0.5,16,9,9,2,4,3,6,-3.6353347518272455e-05,-0.00012107761622282222,-4.169903292940573e-05,-4.13607523301451e-05,-0.00011341698954756559,0.0,0.6507936507936508,0.3492063492063492,0.2222222222222222,0.4444444444444444
0.0,1,0,999,0.25,0.5,32,9,9,2,4,3,6,-3.6353347518272455e-05,-0.00012107761622282222,-4.169903292940573e-05,-4.13607523301451e-05,-0.00011341698954756559,0.0,0.6507936507936508,0.3492063492063492,0.2222222222222222,0.4444444444444444
0.0,1,0,999,0.25,0.5,64,9,9,2,4,3,6,-3.6353347518272455e-05,-0.00012107761622282222,-4.169903292940573e-05,-4.13607523301451e-05,-0.00011341698954756559,0.0,0.6507936507936508,0.3492063492063492,0.2222222222222222,0.4444444444444444
0.0,1,0,999,0.25,0.5,128,9,9,2,4,3,6,-3.6353347518272455e-05,-0.00012107761622282222,-4.169903292940573e-05,-4.13607523301451e-05,-0.00011341698954756559,0.0,0.6507936507936508,0.3492063492063492,0.2222222222222222,0.4444444444444444
0.0,1,0,999,0.25,0.5,999999,9,9,2,4,3,6,-3.6353347518272455e-05,-0.00012107761622282222,-4.169903292940573e-05,-4.13607523301451e-05,-0.00011341698954756559,0.0,0.6507936507936508,0.3492063492063492,0.2222222222222222,0.4444444444444444
0.0,1,1,0,0.25,0.5,16,9,9,2,4,3,6,-3.6353347518272455e-05,-0.00012107761622282222,-4.169903292940573e-05,-4.13607523301451e-05,-0.00011341698954756559,0.0,0.6507936507936508,0.3492063492063492,0.2222222222222222,0.4444444444444444
0.0,1,1,0,0.25,0.5,32,9,9,2,4,3,6,-3.6353347518272455e-05,-0.00012107761622282222,-4.169903292940573e-05,-4.13607523301451e-05,-0.00011341698954756559,0.0,0.6507936507936508,0.3492063492063492,0.2222222222222222,0.4444444444444444
0.0,1,1,0,0.25,0.5,64,9,9,2,4,3,6,-3.6353347518272455e-05,-0.00012107761622282222,-4.169903292940573e-05,-4.13607523301451e-05,-0.00011341698954756559,0.0,0.6507936507936508,0.3492063492063492,0.2222222222222222,0.4444444444444444
0.0,1,1,0,0.25,0.5,128,9,9,2,4,3,6,-3.6353347518272455e-05,-0.00012107761622282222,-4.169903292940573e-05,-4.13607523301451e-05,-0.00011341698954756559,0.0,0.6507936507936508,0.3492063492063492,0.2222222222222222,0.4444444444444444
0.0,1,1,0,0.25,0.5,999999,9,9,2,4,3,6,-3.6353347518272455e-05,-0.00012107761622282222,-4.169903292940573e-05,-4.13607523301451e-05,-0.00011341698954756559,0.0,0.6507936507936508,0.3492063492063492,0.2222222222222222,0.4444444444444444
0.0,1,1,1,0.25,0.5,16,9,9,2,4,3,6,-3.6353347518272455e-05,-0.00012107761622282222,-4.169903292940573e-05,-4.13607523301451e-05,-0.00011341698954756559,0.0,0.6507936507936508,0.3492063492063492,0.2222222222222222,0.4444444444444444
0.0,1,1,1,0.25,0.5,32,9,9,2,4,3,6,-3.6353347518272455e-05,-0.00012107761622282222,-4.169903292940573e-05,-4.13607523301451e-05,-0.00011341698954756559,0.0,0.6507936507936508,0.3492063492063492,0.2222222222222222,0.4444444444444444
0.0,1,1,1,0.25,0.5,64,9,9,2,4,3,6,-3.6353347518272455e-05,-0.00012107761622282222,-4.169903292940573e-05,-4.13607523301451e-05,-0.00011341698954756559,0.0,0.6507936507936508,0.3492063492063492,0.2222222222222222,0.4444444444444444
0.0,1,1,1,0.25,0.5,128,9,9,2,4,3,6,-3.6353347518272455e-05,-0.00012107761622282222,-4.169903292940573e-05,-4.13607523301451e-05,-0.00011341698954756559,0.0,0.6507936507936508,0.3492063492063492,0.2222222222222222,0.4444444444444444
0.0,1,1,1,0.25,0.5,999999,9,9,2,4,3,6,-3.6353347518272455e-05,-0.00012107761622282222,-4.169903292940573e-05,-4.13607523301451e-05,-0.00011341698954756559,0.0,0.6507936507936508,0.3492063492063492,0.2222222222222222,0.4444444444444444
0.0,1,1,999,0.25,0.5,16,9,9,2,4,3,6,-3.6353347518272455e-05,-0.00012107761622282222,-4.169903292940573e-05,-4.13607523301451e-05,-0.00011341698954756559,0.0,0.6507936507936508,0.3492063492063492,0.2222222222222222,0.4444444444444444
0.0,1,1,999,0.25,0.5,32,9,9,2,4,3,6,-3.6353347518272455e-05,-0.00012107761622282222,-4.169903292940573e-05,-4.13607523301451e-05,-0.00011341698954756559,0.0,0.6507936507936508,0.3492063492063492,0.2222222222222222,0.4444444444444444
0.0,1,1,999,0.25,0.5,64,9,9,2,4,3,6,-3.6353347518272455e-05,-0.00012107761622282222,-4.169903292940573e-05,-4.13607523301451e-05,-0.00011341698954756559,0.0,0.6507936507936508,0.3492063492063492,0.2222222222222222,0.4444444444444444
0.0,1,1,999,0.25,0.5,128,9,9,2,4,3,6,-3.6353347518272455e-05,-0.00012107761622282222,-4.169903292940573e-05,-4.13607523301451e-05,-0.00011341698954756559,0.0,0.6507936507936508,0.3492063492063492,0.2222222222222222,0.4444444444444444
0.0,1,1,999,0.25,0.5,999999,9,9,2,4,3,6,-3.6353347518272455e-05,-0.00012107761622282222,-4.169903292940573e-05,-4.13607523301451e-05,-0.00011341698954756559,0.0,0.6507936507936508,0.3492063492063492,0.2222222222222222,0.4444444444444444
0.0,1,999,0,0.25,0.5,16,9,9,2,4,3,6,-3.6353347518272455e-05,-0.00012107761622282222,-4.169903292940573e-05,-4.13607523301451e-05,-0.00011341698954756559,0.0,0.6507936507936508,0.3492063492063492,0.2222222222222222,0.4444444444444444
0.0,1,999,0,0.25,0.5,32,9,9,2,4,3,6,-3.6353347518272455e-05,-0.00012107761622282222,-4.169903292940573e-05,-4.13607523301451e-05,-0.00011341698954756559,0.0,0.6507936507936508,0.3492063492063492,0.2222222222222222,0.4444444444444444
0.0,1,999,0,0.25,0.5,64,9,9,2,4,3,6,-3.6353347518272455e-05,-0.00012107761622282222,-4.169903292940573e-05,-4.13607523301451e-05,-0.00011341698954756559,0.0,0.6507936507936508,0.3492063492063492,0.2222222222222222,0.4444444444444444
0.0,1,999,0,0.25,0.5,128,9,9,2,4,3,6,-3.6353347518272455e-05,-0.00012107761622282222,-4.169903292940573e-05,-4.13607523301451e-05,-0.00011341698954756559,0.0,0.6507936507936508,0.3492063492063492,0.2222222222222222,0.4444444444444444
0.0,1,999,0,0.25,0.5,999999,9,9,2,4,3,6,-3.6353347518272455e-05,-0.00012107761622282222,-4.169903292940573e-05,-4.13607523301451e-05,-0.00011341698954756559,0.0,0.6507936507936508,0.3492063492063492,0.2222222222222222,0.4444444444444444
0.0,1,999,1,0.25,0.5,16,9,9,2,4,3,6,-3.6353347518272455e-05,-0.00012107761622282222,-4.169903292940573e-05,-4.13607523301451e-05,-0.00011341698954756559,0.0,0.6507936507936508,0.3492063492063492,0.2222222222222222,0.4444444444444444
0.0,1,999,1,0.25,0.5,32,9,9,2,4,3,6,-3.6353347518272455e-05,-0.00012107761622282222,-4.169903292940573e-05,-4.13607523301451e-05,-0.00011341698954756559,0.0,0.6507936507936508,0.3492063492063492,0.2222222222222222,0.4444444444444444
0.0,1,999,1,0.25,0.5,64,9,9,2,4,3,6,-3.6353347518272455e-05,-0.00012107761622282222,-4.169903292940573e-05,-4.13607523301451e-05,-0.00011341698954756559,0.0,0.6507936507936508,0.3492063492063492,0.2222222222222222,0.4444444444444444
0.0,1,999,1,0.25,0.5,128,9,9,2,4,3,6,-3.6353347518272455e-05,-0.00012107761622282222,-4.169903292940573e-05,-4.13607523301451e-05,-0.00011341698954756559,0.0,0.6507936507936508,0.3492063492063492,0.2222222222222222,0.4444444444444444
0.0,1,999,1,0.25,0.5,999999,9,9,2,4,3,6,-3.6353347518272455e-05,-0.00012107761622282222,-4.169903292940573e-05,-4.13607523301451e-05,-0.00011341698954756559,0.0,0.6507936507936508,0.3492063492063492,0.2222222222222222,0.4444444444444444
0.0,1,999,999,0.25,0.5,16,9,9,2,4,3,6,-3.6353347518272455e-05,-0.00012107761622282222,-4.169903292940573e-05,-4.13607523301451e-05,-0.00011341698954756559,0.0,0.6507936507936508,0.3492063492063492,0.2222222222222222,0.4444444444444444
0.0,1,999,999,0.25,0.5,32,9,9,2,4,3,6,-3.6353347518272455e-05,-0.00012107761622282222,-4.169903292940573e-05,-4.13607523301451e-05,-0.00011341698954756559,0.0,0.6507936507936508,0.3492063492063492,0.2222222222222222,0.4444444444444444
0.0,1,999,999,0.25,0.5,64,9,9,2,4,3,6,-3.6353347518272455e-05,-0.00012107761622282222,-4.169903292940573e-05,-4.13607523301451e-05,-0.00011341698954756559,0.0,0.6507936507936508,0.3492063492063492,0.2222222222222222,0.4444444444444444
0.0,1,999,999,0.25,0.5,128,9,9,2,4,3,6,-3.6353347518272455e-05,-0.00012107761622282222,-4.169903292940573e-05,-4.13607523301451e-05,-0.00011341698954756559,0.0,0.6507936507936508,0.3492063492063492,0.2222222222222222,0.4444444444444444
0.0,1,999,999,0.25,0.5,999999,9,9,2,4,3,6,-3.6353347518272455e-05,-0.00012107761622282222,-4.169903292940573e-05,-4.13607523301451e-05,-0.00011341698954756559,0.0,0.6507936507936508,0.3492063492063492,0.2222222222222222,0.4444444444444444
0.5,0,0,0,0.25,0.5,16,9,9,2,4,3,6,-3.6353347518272455e-05,-0.00012107761622282222,-4.169903292940573e-05,-4.13607523301451e-05,-0.00011341698954756559,0.0,0.6507936507936508,0.3492063492063492,0.2222222222222222,0.4444444444444444
0.5,0,0,0,0.25,0.5,32,9,9,2,4,3,6,-3.6353347518272455e-05,-0.00012107761622282222,-4.169903292940573e-05,-4.13607523301451e-05,-0.00011341698954756559,0.0,0.6507936507936508,0.3492063492063492,0.2222222222222222,0.4444444444444444
0.5,0,0,0,0.25,0.5,64,9,9,2,4,3,6,-3.6353347518272455e-05,-0.00012107761622282222,-4.169903292940573e-05,-4.13607523301451e-05,-0.00011341698954756559,0.0,0.6507936507936508,0.3492063492063492,0.2222222222222222,0.4444444444444444
0.5,0,0,0,0.25,0.5,128,9,9,2,4,3,6,-3.6353347518272455e-05,-0.00012107761622282222,-4.169903292940573e-05,-4.13607523301451e-05,-0.00011341698954756559,0.0,0.6507936507936508,0.3492063492063492,0.2222222222222222,0.4444444444444444
0.5,0,0,0,0.25,0.5,999999,9,9,2,4,3,6,-3.6353347518272455e-05,-0.00012107761622282222,-4.169903292940573e-05,-4.13607523301451e-05,-0.00011341698954756559,0.0,0.6507936507936508,0.3492063492063492,0.2222222222222222,0.4444444444444444
0.5,0,0,1,0.25,0.5,16,9,9,2,4,3,6,-3.6353347518272455e-05,-0.00012107761622282222,-4.169903292940573e-05,-4.13607523301451e-05,-0.00011341698954756559,0.0,0.6507936507936508,0.3492063492063492,0.2222222222222222,0.4444444444444444
0.5,0,0,1,0.25,0.5,32,9,9,2,4,3,6,-3.6353347518272455e-05,-0.00012107761622282222,-4.169903292940573e-05,-4.13607523301451e-05,-0.00011341698954756559,0.0,0.6507936507936508,0.3492063492063492,0.2222222222222222,0.4444444444444444
0.5,0,0,1,0.25,0.5,64,9,9,2,4,3,6,-3.6353347518272455e-05,-0.00012107761622282222,-4.169903292940573e-05,-4.13607523301451e-05,-0.00011341698954756559,0.0,0.6507936507936508,0.3492063492063492,0.2222222222222222,0.4444444444444444
0.5,0,0,1,0.25,0.5,128,9,9,2,4,3,6,-3.6353347518272455e-05,-0.00012107761622282222,-4.169903292940573e-05,-4.13607523301451e-05,-0.00011341698954756559,0.0,0.6507936507936508,0.3492063492063492,0.2222222222222222,0.4444444444444444
0.5,0,0,1,0.25,0.5,999999,9,9,2,4,3,6,-3.6353347518272455e-05,-0.00012107761622282222,-4.169903292940573e-05,-4.13607523301451e-05,-0.00011341698954756559,0.0,0.6507936507936508,0.3492063492063492,0.2222222222222222,0.4444444444444444
0.5,0,0,999,0.25,0.5,16,9,9,2,4,3,6,-3.6353347518272455e-05,-0.00012107761622282222,-4.169903292940573e-05,-4.13607523301451e-05,-0.00011341698954756559,0.0,0.6507936507936508,0.3492063492063492,0.2222222222222222,0.4444444444444444
0.5,0,0,999,0.25,0.5,32,9,9,2,4,3,6,-3.6353347518272455e-05,-0.00012107761622282222,-4.169903292940573e-05,-4.13607523301451e-05,-0.00011341698954756559,0.0,0.6507936507936508,0.3492063492063492,0.2222222222222222,0.4444444444444444
0.5,0,0,999,0.25,0.5,64,9,9,2,4,3,6,-3.6353347518272455e-05,-0.00012107761622282222,-4.169903292940573e-05,-4.13607523301451e-05,-0.00011341698954756559,0.0,0.6507936507936508,0.3492063492063492,0.2222222222222222,0.4444444444444444
0.5,0,0,999,0.25,0.5,128,9,9,2,4,3,6,-3.6353347518272455e-05,-0.00012107761622282222,-4.169903292940573e-05,-4.13607523301451e-05,-0.00011341698954756559,0.0,0.6507936507936508,0.3492063492063492,0.2222222222222222,0.4444444444444444
0.5,0,0,999,0.25,0.5,999999,9,9,2,4,3,6,-3.6353347518272455e-05,-0.00012107761622282222,-4.169903292940573e-05,-4.13607523301451e-05,-0.00011341698954756559,0.0,0.6507936507936508,0.3492063492063492,0.2222222222222222,0.4444444444444444
0.5,0,1,0,0.25,0.5,16,9,9,2,4,3,6,-3.6353347518272455e-05,-0.00012107761622282222,-4.169903292940573e-05,-4.13607523301451e-05,-0.00011341698954756559,0.0,0.6507936507936508,0.3492063492063492,0.2222222222222222,0.4444444444444444
0.5,0,1,0,0.25,0.5,32,9,9,2,4,3,6,-3.6353347518272455e-05,-0.00012107761622282222,-4.169903292940573e-05,-4.13607523301451e-05,-0.00011341698954756559,0.0,0.6507936507936508,0.3492063492063492,0.2222222222222222,0.4444444444444444
0.5,0,1,0,0.25,0.5,64,9,9,2,4,3,6,-3.6353347518272455e-05,-0.00012107761622282222,-4.169903292940573e-05,-4.13607523301451e-05,-0.00011341698954756559,0.0,0.6507936507936508,0.3492063492063492,0.2222222222222222,0.4444444444444444
0.5,0,1,0,0.25,0.5,128,9,9,2,4,3,6,-3.6353347518272455e-05,-0.00012107761622282222,-4.169903292940573e-05,-4.13607523301451e-05,-0.00011341698954756559,0.0,0.6507936507936508,0.3492063492063492,0.2222222222222222,0.4444444444444444
0.5,0,1,0,0.25,0.5,999999,9,9,2,4,3,6,-3.6353347518272455e-05,-0.00012107761622282222,-4.169903292940573e-05,-4.13607523301451e-05,-0.00011341698954756559,0.0,0.6507936507936508,0.3492063492063492,0.2222222222222222,0.4444444444444444
0.5,0,1,1,0.25,0.5,16,9,9,2,4,3,6,-3.6353347518272455e-05,-0.00012107761622282222,-4.169903292940573e-05,-4.13607523301451e-05,-0.00011341698954756559,0.0,0.6507936507936508,0.3492063492063492,0.2222222222222222,0.4444444444444444
0.5,0,1,1,0.25,0.5,32,9,9,2,4,3,6,-3.6353347518272455e-05,-0.00012107761622282222,-4.169903292940573e-05,-4.13607523301451e-05,-0.00011341698954756559,0.0,0.6507936507936508,0.3492063492063492,0.2222222222222222,0.4444444444444444
0.5,0,1,1,0.25,0.5,64,9,9,2,4,3,6,-3.6353347518272455e-05,-0.00012107761622282222,-4.169903292940573e-05,-4.13607523301451e-05,-0.00011341698954756559,0.0,0.6507936507936508,0.3492063492063492,0.2222222222222222,0.4444444444444444
0.5,0,1,1,0.25,0.5,128,9,9,2,4,3,6,-3.6353347518272455e-05,-0.00012107761622282222,-4.169903292940573e-05,-4.13607523301451e-05,-0.00011341698954756559,0.0,0.6507936507936508,0.3492063492063492,0.2222222222222222,0.4444444444444444
0.5,0,1,1,0.25,0.5,999999,9,9,2,4,3,6,-3.6353347518272455e-05,-0.00012107761622282222,-4.169903292940573e-05,-4.13607523301451e-05,-0.00011341698954756559,0.0,0.6507936507936508,0.3492063492063492,0.2222222222222222,0.4444444444444444
0.5,0,1,999,0.25,0.5,16,9,9,2,4,3,6,-3.6353347518272455e-05,-0.00012107761622282222,-4.169903292940573e-05,-4.13607523301451e-05,-0.00011341698954756559,0.0,0.6507936507936508,0.3492063492063492,0.2222222222222222,0.4444444444444444
0.5,0,1,999,0.25,0.5,32,9,9,2,4,3,6,-3.6353347518272455e-05,-0.00012107761622282222,-4.169903292940573e-05,-4.13607523301451e-05,-0.00011341698954756559,0.0,0.6507936507936508,0.3492063492063492,0.2222222222222222,0.4444444444444444
0.5,0,1,999,0.25,0.5,64,9,9,2,4,3,6,-3.6353347518272455e-05,-0.00012107761622282222,-4.169903292940573e-05,-4.13607523301451e-05,-0.00011341698954756559,0.0,0.6507936507936508,0.3492063492063492,0.2222222222222222,0.4444444444444444
0.5,0,1,999,0.25,0.5,128,9,9,2,4,3,6,-3.6353347518272455e-05,-0.00012107761622282222,-4.169903292940573e-05,-4.13607523301451e-05,-0.00011341698954756559,0.0,0.6507936507936508,0.3492063492063492,0.2222222222222222,0.4444444444444444
0.5,0,1,999,0.25,0.5,999999,9,9,2,4,3,6,-3.6353347518272455e-05,-0.00012107761622282222,-4.169903292940573e-05,-4.13607523301451e-05,-0.00011341698954756559,0.0,0.6507936507936508,0.3492063492063492,0.2222222222222222,0.4444444444444444
0.5,0,999,0,0.25,0.5,16,9,9,2,4,3,6,-3.6353347518272455e-05,-0.00012107761622282222,-4.169903292940573e-05,-4.13607523301451e-05,-0.00011341698954756559,0.0,0.6507936507936508,0.3492063492063492,0.2222222222222222,0.4444444444444444
0.5,0,999,0,0.25,0.5,32,9,9,2,4,3,6,-3.6353347518272455e-05,-0.00012107761622282222,-4.169903292940573e-05,-4.13607523301451e-05,-0.00011341698954756559,0.0,0.6507936507936508,0.3492063492063492,0.2222222222222222,0.4444444444444444
0.5,0,999,0,0.25,0.5,64,9,9,2,4,3,6,-3.6353347518272455e-05,-0.00012107761622282222,-4.169903292940573e-05,-4.13607523301451e-05,-0.00011341698954756559,0.0,0.6507936507936508,0.3492063492063492,0.2222222222222222,0.4444444444444444
0.5,0,999,0,0.25,0.5,128,9,9,2,4,3,6,-3.6353347518272455e-05,-0.00012107761622282222,-4.169903292940573e-05,-4.13607523301451e-05,-0.00011341698954756559,0.0,0.6507936507936508,0.3492063492063492,0.2222222222222222,0.4444444444444444
0.5,0,999,0,0.25,0.5,999999,9,9,2,4,3,6,-3.6353347518272455e-05,-0.00012107761622282222,-4.169903292940573e-05,-4.13607523301451e-05,-0.00011341698954756559,0.0,0.6507936507936508,0.3492063492063492,0.2222222222222222,0.4444444444444444
0.5,0,999,1,0.25,0.5,16,9,9,2,4,3,6,-3.6353347518272455e-05,-0.00012107761622282222,-4.169903292940573e-05,-4.13607523301451e-05,-0.00011341698954756559,0.0,0.6507936507936508,0.3492063492063492,0.2222222222222222,0.4444444444444444
0.5,0,999,1,0.25,0.5,32,9,9,2,4,3,6,-3.6353347518272455e-05,-0.00012107761622282222,-4.169903292940573e-05,-4.13607523301451e-05,-0.00011341698954756559,0.0,0.6507936507936508,0.3492063492063492,0.2222222222222222,0.4444444444444444
0.5,0,999,1,0.25,0.5,64,9,9,2,4,3,6,-3.6353347518272455e-05,-0.00012107761622282222,-4.169903292940573e-05,-4.13607523301451e-05,-0.00011341698954756559,0.0,0.6507936507936508,0.3492063492063492,0.2222222222222222,0.4444444444444444
0.5,0,999,1,0.25,0.5,128,9,9,2,4,3,6,-3.6353347518272455e-05,-0.00012107761622282222,-4.169903292940573e-05,-4.13607523301451e-05,-0.00011341698954756559,0.0,0.6507936507936508,0.3492063492063492,0.2222222222222222,0.4444444444444444
0.5,0,999,1,0.25,0.5,999999,9,9,2,4,3,6,-3.6353347518272455e-05,-0.00012107761622282222,-4.169903292940573e-05,-4.13607523301451e-05,-0.00011341698954756559,0.0,0.6507936507936508,0.3492063492063492,0.2222222222222222,0.4444444444444444
0.5,0,999,999,0.25,0.5,16,9,9,2,4,3,6,-3.6353347518272455e-05,-0.00012107761622282222,-4.169903292940573e-05,-4.13607523301451e-05,-0.00011341698954756559,0.0,0.6507936507936508,0.3492063492063492,0.2222222222222222,0.4444444444444444
0.5,0,999,999,0.25,0.5,32,9,9,2,4,3,6,-3.6353347518272455e-05,-0.00012107761622282222,-4.169903292940573e-05,-4.13607523301451e-05,-0.00011341698954756559,0.0,0.6507936507936508,0.3492063492063492,0.2222222222222222,0.4444444444444444
0.5,0,999,999,0.25,0.5,64,9,9,2,4,3,6,-3.6353347518272455e-05,-0.00012107761622282222,-4.169903292940573e-05,-4.13607523301451e-05,-0.00011341698954756559,0.0,0.6507936507936508,0.3492063492063492,0.2222222222222222,0.4444444444444444
0.5,0,999,999,0.25,0.5,128,9,9,2,4,3,6,-3.6353347518272455e-05,-0.00012107761622282222,-4.169903292940573e-05,-4.13607523301451e-05,-0.00011341698954756559,0.0,0.6507936507936508,0.3492063492063492,0.2222222222222222,0.4444444444444444
0.5,0,999,999,0.25,0.5,999999,9,9,2,4,3,6,-3.6353347518272455e-05,-0.00012107761622282222,-4.169903292940573e-05,-4.13607523301451e-05,-0.00011341698954756559,0.0,0.6507936507936508,0.3492063492063492,0.2222222222222222,0.4444444444444444
0.5,1,0,0,0.25,0.5,16,9,9,2,4,3,6,-3.6353347518272455e-05,-0.00012107761622282222,-4.169903292940573e-05,-4.13607523301451e-05,-0.00011341698954756559,0.0,0.6507936507936508,0.3492063492063492,0.2222222222222222,0.4444444444444444
0.5,1,0,0,0.25,0.5,32,9,9,2,4,3,6,-3.6353347518272455e-05,-0.00012107761622282222,-4.169903292940573e-05,-4.13607523301451e-05,-0.00011341698954756559,0.0,0.6507936507936508,0.3492063492063492,0.2222222222222222,0.4444444444444444
0.5,1,0,0,0.25,0.5,64,9,9,2,4,3,6,-3.6353347518272455e-05,-0.00012107761622282222,-4.169903292940573e-05,-4.13607523301451e-05,-0.00011341698954756559,0.0,0.6507936507936508,0.3492063492063492,0.2222222222222222,0.4444444444444444
0.5,1,0,0,0.25,0.5,128,9,9,2,4,3,6,-3.6353347518272455e-05,-0.00012107761622282222,-4.169903292940573e-05,-4.13607523301451e-05,-0.00011341698954756559,0.0,0.6507936507936508,0.3492063492063492,0.2222222222222222,0.4444444444444444
0.5,1,0,0,0.25,0.5,999999,9,9,2,4,3,6,-3.6353347518272455e-05,-0.00012107761622282222,-4.169903292940573e-05,-4.13607523301451e-05,-0.00011341698954756559,0.0,0.6507936507936508,0.3492063492063492,0.2222222222222222,0.4444444444444444
0.5,1,0,1,0.25,0.5,16,9,9,2,4,3,6,-3.6353347518272455e-05,-0.00012107761622282222,-4.169903292940573e-05,-4.13607523301451e-05,-0.00011341698954756559,0.0,0.6507936507936508,0.3492063492063492,0.2222222222222222,0.4444444444444444
0.5,1,0,1,0.25,0.5,32,9,9,2,4,3,6,-3.6353347518272455e-05,-0.00012107761622282222,-4.169903292940573e-05,-4.13607523301451e-05,-0.00011341698954756559,0.0,0.6507936507936508,0.3492063492063492,0.2222222222222222,0.4444444444444444
0.5,1,0,1,0.25,0.5,64,9,9,2,4,3,6,-3.6353347518272455e-05,-0.00012107761622282222,-4.169903292940573e-05,-4.13607523301451e-05,-0.00011341698954756559,0.0,0.6507936507936508,0.3492063492063492,0.2222222222222222,0.4444444444444444
0.5,1,0,1,0.25,0.5,128,9,9,2,4,3,6,-3.6353347518272455e-05,-0.00012107761622282222,-4.169903292940573e-05,-4.13607523301451e-05,-0.00011341698954756559,0.0,0.6507936507936508,0.3492063492063492,0.2222222222222222,0.4444444444444444
0.5,1,0,1,0.25,0.5,999999,9,9,2,4,3,6,-3.6353347518272455e-05,-0.00012107761622282222,-4.169903292940573e-05,-4.13607523301451e-05,-0.00011341698954756559,0.0,0.6507936507936508,0.3492063492063492,0.2222222222222222,0.4444444444444444
0.5,1,0,999,0.25,0.5,16,9,9,2,4,3,6,-3.6353347518272455e-05,-0.00012107761622282222,-4.169903292940573e-05,-4.13607523301451e-05,-0.00011341698954756559,0.0,0.6507936507936508,0.3492063492063492,0.2222222222222222,0.4444444444444444
0.5,1,0,999,0.25,0.5,32,9,9,2,4,3,6,-3.6353347518272455e-05,-0.00012107761622282222,-4.169903292940573e-05,-4.13607523301451e-05,-0.00011341698954756559,0.0,0.6507936507936508,0.3492063492063492,0.2222222222222222,0.4444444444444444
0.5,1,0,999,0.25,0.5,64,9,9,2,4,3,6,-3.6353347518272455e-05,-0.00012107761622282222,-4.169903292940573e-05,-4.13607523301451e-05,-0.00011341698954756559,0.0,0.6507936507936508,0.3492063492063492,0.2222222222222222,0.4444444444444444
0.5,1,0,999,0.25,0.5,128,9,9,2,4,3,6,-3.6353347518272455e-05,-0.00012107761622282222,-4.169903292940573e-05,-4.13607523301451e-05,-0.00011341698954756559,0.0,0.6507936507936508,0.3492063492063492,0.2222222222222222,0.4444444444444444
0.5,1,0,999,0.25,0.5,999999,9,9,2,4,3,6,-3.6353347518272455e-05,-0.00012107761622282222,-4.169903292940573e-05,-4.13607523301451e-05,-0.00011341698954756559,0.0,0.6507936507936508,0.3492063492063492,0.2222222222222222,0.4444444444444444
0.5,1,1,0,0.25,0.5,16,9,9,2,4,3,6,-3.6353347518272455e-05,-0.00012107761622282222,-4.169903292940573e-05,-4.13607523301451e-05,-0.00011341698954756559,0.0,0.6507936507936508,0.3492063492063492,0.2222222222222222,0.4444444444444444
0.5,1,1,0,0.25,0.5,32,9,9,2,4,3,6,-3.6353347518272455e-05,-0.00012107761622282222,-4.169903292940573e-05,-4.13607523301451e-05,-0.00011341698954756559,0.0,0.6507936507936508,0.3492063492063492,0.2222222222222222,0.4444444444444444
0.5,1,1,0,0.25,0.5,64,9,9,2,4,3,6,-3.6353347518272455e-05,-0.00012107761622282222,-4.169903292940573e-05,-4.13607523301451e-05,-0.00011341698954756559,0.0,0.6507936507936508,0.3492063492063492,0.2222222222222222,0.4444444444444444
0.5,1,1,0,0.25,0.5,128,9,9,2,4,3,6,-3.6353347518272455e-05,-0.00012107761622282222,-4.169903292940573e-05,-4.13607523301451e-05,-0.00011341698954756559,0.0,0.6507936507936508,0.3492063492063492,0.2222222222222222,0.4444444444444444
0.5,1,1,0,0.25,0.5,999999,9,9,2,4,3,6,-3.6353347518272455e-05,-0.00012107761622282222,-4.169903292940573e-05,-4.13607523301451e-05,-0.00011341698954756559,0.0,0.6507936507936508,0.3492063492063492,0.2222222222222222,0.4444444444444444
0.5,1,1,1,0.25,0.5,16,9,9,2,4,3,6,-3.6353347518272455e-05,-0.00012107761622282222,-4.169903292940573e-05,-4.13607523301451e-05,-0.00011341698954756559,0.0,0.6507936507936508,0.3492063492063492,0.2222222222222222,0.4444444444444444
0.5,1,1,1,0.25,0.5,32,9,9,2,4,3,6,-3.6353347518272455e-05,-0.00012107761622282222,-4.169903292940573e-05,-4.13607523301451e-05,-0.00011341698954756559,0.0,0.6507936507936508,0.3492063492063492,0.2222222222222222,0.4444444444444444
0.5,1,1,1,0.25,0.5,64,9,9,2,4,3,6,-3.6353347518272455e-05,-0.00012107761622282222,-4.169903292940573e-05,-4.13607523301451e-05,-0.00011341698954756559,0.0,0.6507936507936508,0.3492063492063492,0.2222222222222222,0.4444444444444444
0.5,1,1,1,0.25,0.5,128,9,9,2,4,3,6,-3.6353347518272455e-05,-0.00012107761622282222,-4.169903292940573e-05,-4.13607523301451e-05,-0.00011341698954756559,0.0,0.6507936507936508,0.3492063492063492,0.2222222222222222,0.4444444444444444
0.5,1,1,1,0.25,0.5,999999,9,9,2,4,3,6,-3.6353347518272455e-05,-0.00012107761622282222,-4.169903292940573e-05,-4.13607523301451e-05,-0.00011341698954756559,0.0,0.6507936507936508,0.3492063492063492,0.2222222222222222,0.4444444444444444
0.5,1,1,999,0.25,0.5,16,9,9,2,4,3,6,-3.6353347518272455e-05,-0.00012107761622282222,-4.169903292940573e-05,-4.13607523301451e-05,-0.00011341698954756559,0.0,0.6507936507936508,0.3492063492063492,0.2222222222222222,0.4444444444444444
0.5,1,1,999,0.25,0.5,32,9,9,2,4,3,6,-3.6353347518272455e-05,-0.00012107761622282222,-4.169903292940573e-05,-4.13607523301451e-05,-0.00011341698954756559,0.0,0.6507936507936508,0.3492063492063492,0.2222222222222222,0.4444444444444444
0.5,1,1,999,0.25,0.5,64,9,9,2,4,3,6,-3.6353347518272455e-05,-0.00012107761622282222,-4.169903292940573e-05,-4.13607523301451e-05,-0.00011341698954756559,0.0,0.6507936507936508,0.3492063492063492,0.2222222222222222,0.4444444444444444
0.5,1,1,999,0.25,0.5,128,9,9,2,4,3,6,-3.6353347518272455e-05,-0.00012107761622282222,-4.169903292940573e-05,-4.13607523301451e-05,-0.00011341698954756559,0.0,0.6507936507936508,0.3492063492063492,0.2222222222222222,0.4444444444444444
0.5,1,1,999,0.25,0.5,999999,9,9,2,4,3,6,-3.6353347518272455e-05,-0.00012107761622282222,-4.169903292940573e-05,-4.13607523301451e-05,-0.00011341698954756559,0.0,0.6507936507936508,0.3492063492063492,0.2222222222222222,0.4444444444444444
0.5,1,999,0,0.25,0.5,16,9,9,2,4,3,6,-3.6353347518272455e-05,-0.00012107761622282222,-4.169903292940573e-05,-4.13607523301451e-05,-0.00011341698954756559,0.0,0.6507936507936508,0.3492063492063492,0.2222222222222222,0.4444444444444444
0.5,1,999,0,0.25,0.5,32,9,9,2,4,3,6,-3.6353347518272455e-05,-0.00012107761622282222,-4.169903292940573e-05,-4.13607523301451e-05,-0.00011341698954756559,0.0,0.6507936507936508,0.3492063492063492,0.2222222222222222,0.4444444444444444
0.5,1,999,0,0.25,0.5,64,9,9,2,4,3,6,-3.6353347518272455e-05,-0.00012107761622282222,-4.169903292940573e-05,-4.13607523301451e-05,-0.00011341698954756559,0.0,0.6507936507936508,0.3492063492063492,0.2222222222222222,0.4444444444444444
0.5,1,999,0,0.25,0.5,128,9,9,2,4,3,6,-3.6353347518272455e-05,-0.00012107761622282222,-4.169903292940573e-05,-4.13607523301451e-05,-0.00011341698954756559,0.0,0.6507936507936508,0.3492063492063492,0.2222222222222222,0.4444444444444444
0.5,1,999,0,0.25,0.5,999999,9,9,2,4,3,6,-3.6353347518272455e-05,-0.00012107761622282222,-4.169903292940573e-05,-4.13607523301451e-05,-0.00011341698954756559,0.0,0.6507936507936508,0.3492063492063492,0.2222222222222222,0.4444444444444444
0.5,1,999,1,0.25,0.5,16,9,9,2,4,3,6,-3.6353347518272455e-05,-0.00012107761622282222,-4.169903292940573e-05,-4.13607523301451e-05,-0.00011341698954756559,0.0,0.6507936507936508,0.3492063492063492,0.2222222222222222,0.4444444444444444
0.5,1,999,1,0.25,0.5,32,9,9,2,4,3,6,-3.6353347518272455e-05,-0.00012107761622282222,-4.169903292940573e-05,-4.13607523301451e-05,-0.00011341698954756559,0.0,0.6507936507936508,0.3492063492063492,0.2222222222222222,0.4444444444444444
0.5,1,999,1,0.25,0.5,64,9,9,2,4,3,6,-3.6353347518272455e-05,-0.00012107761622282222,-4.169903292940573e-05,-4.13607523301451e-05,-0.00011341698954756559,0.0,0.6507936507936508,0.3492063492063492,0.2222222222222222,0.4444444444444444
0.5,1,999,1,0.25,0.5,128,9,9,2,4,3,6,-3.6353347518272455e-05,-0.00012107761622282222,-4.169903292940573e-05,-4.13607523301451e-05,-0.00011341698954756559,0.0,0.6507936507936508,0.3492063492063492,0.2222222222222222,0.4444444444444444
0.5,1,999,1,0.25,0.5,999999,9,9,2,4,3,6,-3.6353347518272455e-05,-0.00012107761622282222,-4.169903292940573e-05,-4.13607523301451e-05,-0.00011341698954756559,0.0,0.6507936507936508,0.3492063492063492,0.2222222222222222,0.4444444444444444
0.5,1,999,999,0.25,0.5,16,9,9,2,4,3,6,-3.6353347518272455e-05,-0.00012107761622282222,-4.169903292940573e-05,-4.13607523301451e-05,-0.00011341698954756559,0.0,0.6507936507936508,0.3492063492063492,0.2222222222222222,0.4444444444444444
0.5,1,999,999,0.25,0.5,32,9,9,2,4,3,6,-3.6353347518272455e-05,-0.00012107761622282222,-4.169903292940573e-05,-4.13607523301451e-05,-0.00011341698954756559,0.0,0.6507936507936508,0.3492063492063492,0.2222222222222222,0.4444444444444444
0.5,1,999,999,0.25,0.5,64,9,9,2,4,3,6,-3.6353347518272455e-05,-0.00012107761622282222,-4.169903292940573e-05,-4.13607523301451e-05,-0.00011341698954756559,0.0,0.6507936507936508,0.3492063492063492,0.2222222222222222,0.4444444444444444
0.5,1,999,999,0.25,0.5,128,9,9,2,4,3,6,-3.6353347518272455e-05,-0.00012107761622282222,-4.169903292940573e-05,-4.13607523301451e-05,-0.00011341698954756559,0.0,0.6507936507936508,0.3492063492063492,0.2222222222222222,0.4444444444444444
0.5,1,999,999,0.25,0.5,999999,9,9,2,4,3,6,-3.6353347518272455e-05,-0.00012107761622282222,-4.169903292940573e-05,-4.13607523301451e-05,-0.00011341698954756559,0.0,0.6507936507936508,0.3492063492063492,0.2222222222222222,0.4444444444444444
0.0,0,0,0,0.5,0.5,16,31,31,11,12,11,17,-2.338624409434166e-05,-0.00017520193967685672,-4.3576468867296575e-06,8.640023710124459e-06,-0.0002188196021807338,0.0,0.5431102499650887,0.38684366708560247,0.3548387096774194,0.3870967741935484
0.0,0,0,0,0.75,0.5,16,31,31,11,12,11,17,-2.338624409434166e-05,-0.00017520193967685672,-4.3576468867296575e-06,8.640023710124459e-06,-0.0002188196021807338,0.0,0.5431102499650887,0.38684366708560247,0.3548387096774194,0.3870967741935484
0.0,0,0,0,1.0,0.5,16,31,31,11,12,11,17,-2.338624409434166e-05,-0.00017520193967685672,-4.3576468867296575e-06,8.640023710124459e-06,-0.0002188196021807338,0.0,0.5431102499650887,0.38684366708560247,0.3548387096774194,0.3870967741935484
0.0,0,0,1,0.5,0.5,16,31,31,11,12,11,17,-2.338624409434166e-05,-0.00017520193967685672,-4.3576468867296575e-06,8.640023710124459e-06,-0.0002188196021807338,0.0,0.5431102499650887,0.38684366708560247,0.3548387096774194,0.3870967741935484
0.0,0,0,1,0.75,0.5,16,31,31,11,12,11,17,-2.338624409434166e-05,-0.00017520193967685672,-4.3576468867296575e-06,8.640023710124459e-06,-0.0002188196021807338,0.0,0.5431102499650887,0.38684366708560247,0.3548387096774194,0.3870967741935484
0.0,0,0,1,1.0,0.5,16,31,31,11,12,11,17,-2.338624409434166e-05,-0.00017520193967685672,-4.3576468867296575e-06,8.640023710124459e-06,-0.0002188196021807338,0.0,0.5431102499650887,0.38684366708560247,0.3548387096774194,0.3870967741935484
0.0,0,0,999,0.5,0.5,16,31,31,11,12,11,17,-2.338624409434166e-05,-0.00017520193967685672,-4.3576468867296575e-06,8.640023710124459e-06,-0.0002188196021807338,0.0,0.5431102499650887,0.38684366708560247,0.3548387096774194,0.3870967741935484
0.0,0,0,999,0.75,0.5,16,31,31,11,12,11,17,-2.338624409434166e-05,-0.00017520193967685672,-4.3576468867296575e-06,8.640023710124459e-06,-0.0002188196021807338,0.0,0.5431102499650887,0.38684366708560247,0.3548387096774194,0.3870967741935484
0.0,0,0,999,1.0,0.5,16,31,31,11,12,11,17,-2.338624409434166e-05,-0.00017520193967685672,-4.3576468867296575e-06,8.640023710124459e-06,-0.0002188196021807338,0.0,0.5431102499650887,0.38684366708560247,0.3548387096774194,0.3870967741935484
0.0,0,1,0,0.5,0.5,16,31,31,11,12,11,17,-2.338624409434166e-05,-0.00017520193967685672,-4.3576468867296575e-06,8.640023710124459e-06,-0.0002188196021807338,0.0,0.5431102499650887,0.38684366708560247,0.3548387096774194,0.3870967741935484
0.0,0,1,0,0.75,0.5,16,31,31,11,12,11,17,-2.338624409434166e-05,-0.00017520193967685672,-4.3576468867296575e-06,8.640023710124459e-06,-0.0002188196021807338,0.0,0.5431102499650887,0.38684366708560247,0.3548387096774194,0.3870967741935484
0.0,0,1,0,1.0,0.5,16,31,31,11,12,11,17,-2.338624409434166e-05,-0.00017520193967685672,-4.3576468867296575e-06,8.640023710124459e-06,-0.0002188196021807338,0.0,0.5431102499650887,0.38684366708560247,0.3548387096774194,0.3870967741935484
0.0,0,1,1,0.5,0.5,16,31,31,11,12,11,17,-2.338624409434166e-05,-0.00017520193967685672,-4.3576468867296575e-06,8.640023710124459e-06,-0.0002188196021807338,0.0,0.5431102499650887,0.38684366708560247,0.3548387096774194,0.3870967741935484
0.0,0,1,1,0.75,0.5,16,31,31,11,12,11,17,-2.338624409434166e-05,-0.00017520193967685672,-4.3576468867296575e-06,8.640023710124459e-06,-0.0002188196021807338,0.0,0.5431102499650887,0.38684366708560247,0.3548387096774194,0.3870967741935484
0.0,0,1,1,1.0,0.5,16,31,31,11,12,11,17,-2.338624409434166e-05,-0.00017520193967685672,-4.3576468867296575e-06,8.640023710124459e-06,-0.0002188196021807338,0.0,0.5431102499650887,0.38684366708560247,0.3548387096774194,0.3870967741935484
0.0,0,1,999,0.5,0.5,16,31,31,11,12,11,17,-2.338624409434166e-05,-0.00017520193967685672,-4.3576468867296575e-06,8.640023710124459e-06,-0.0002188196021807338,0.0,0.5431102499650887,0.38684366708560247,0.3548387096774194,0.3870967741935484
0.0,0,1,999,0.75,0.5,16,31,31,11,12,11,17,-2.338624409434166e-05,-0.00017520193967685672,-4.3576468867296575e-06,8.640023710124459e-06,-0.0002188196021807338,0.0,0.5431102499650887,0.38684366708560247,0.3548387096774194,0.3870967741935484
0.0,0,1,999,1.0,0.5,16,31,31,11,12,11,17,-2.338624409434166e-05,-0.00017520193967685672,-4.3576468867296575e-06,8.640023710124459e-06,-0.0002188196021807338,0.0,0.5431102499650887,0.38684366708560247,0.3548387096774194,0.3870967741935484
0.0,0,999,0,0.5,0.5,16,31,31,11,12,11,17,-2.338624409434166e-05,-0.00017520193967685672,-4.3576468867296575e-06,8.640023710124459e-06,-0.0002188196021807338,0.0,0.5431102499650887,0.38684366708560247,0.3548387096774194,0.3870967741935484
0.0,0,999,0,0.75,0.5,16,31,31,11,12,11,17,-2.338624409434166e-05,-0.00017520193967685672,-4.3576468867296575e-06,8.640023710124459e-06,-0.0002188196021807338,0.0,0.5431102499650887,0.38684366708560247,0.3548387096774194,0.3870967741935484
0.0,0,999,0,1.0,0.5,16,31,31,11,12,11,17,-2.338624409434166e-05,-0.00017520193967685672,-4.3576468867296575e-06,8.640023710124459e-06,-0.0002188196021807338,0.0,0.5431102499650887,0.38684366708560247,0.3548387096774194,0.3870967741935484
0.0,0,999,1,0.5,0.5,16,31,31,11,12,11,17,-2.338624409434166e-05,-0.00017520193967685672,-4.3576468867296575e-06,8.640023710124459e-06,-0.0002188196021807338,0.0,0.5431102499650887,0.38684366708560247,0.3548387096774194,0.3870967741935484
0.0,0,999,1,0.75,0.5,16,31,31,11,12,11,17,-2.338624409434166e-05,-0.00017520193967685672,-4.3576468867296575e-06,8.640023710124459e-06,-0.0002188196021807338,0.0,0.5431102499650887,0.38684366708560247,0.3548387096774194,0.3870967741935484
0.0,0,999,1,1.0,0.5,16,31,31,11,12,11,17,-2.338624409434166e-05,-0.00017520193967685672,-4.3576468867296575e-06,8.640023710124459e-06,-0.0002188196021807338,0.0,0.5431102499650887,0.38684366708560247,0.3548387096774194,0.3870967741935484
0.0,0,999,999,0.5,0.5,16,31,31,11,12,11,17,-2.338624409434166e-05,-0.00017520193967685672,-4.3576468867296575e-06,8.640023710124459e-06,-0.0002188196021807338,0.0,0.5431102499650887,0.38684366708560247,0.3548387096774194,0.3870967741935484
0.0,0,999,999,0.75,0.5,16,31,31,11,12,11,17,-2.338624409434166e-05,-0.00017520193967685672,-4.3576468867296575e-06,8.640023710124459e-06,-0.0002188196021807338,0.0,0.5431102499650887,0.38684366708560247,0.3548387096774194,0.3870967741935484
0.0,0,999,999,1.0,0.5,16,31,31,11,12,11,17,-2.338624409434166e-05,-0.00017520193967685672,-4.3576468867296575e-06,8.640023710124459e-06,-0.0002188196021807338,0.0,0.5431102499650887,0.38684366708560247,0.3548387096774194,0.3870967741935484
0.0,1,0,0,0.5,0.5,16,31,31,11,12,11,17,-2.338624409434166e-05,-0.00017520193967685672,-4.3576468867296575e-06,8.640023710124459e-06,-0.0002188196021807338,0.0,0.5431102499650887,0.38684366708560247,0.3548387096774194,0.3870967741935484
0.0,1,0,0,0.75,0.5,16,31,31,11,12,11,17,-2.338624409434166e-05,-0.00017520193967685672,-4.3576468867296575e-06,8.640023710124459e-06,-0.0002188196021807338,0.0,0.5431102499650887,0.38684366708560247,0.3548387096774194,0.3870967741935484
0.0,1,0,0,1.0,0.5,16,31,31,11,12,11,17,-2.338624409434166e-05,-0.00017520193967685672,-4.3576468867296575e-06,8.640023710124459e-06,-0.0002188196021807338,0.0,0.5431102499650887,0.38684366708560247,0.3548387096774194,0.3870967741935484
0.0,1,0,1,0.5,0.5,16,31,31,11,12,11,17,-2.338624409434166e-05,-0.00017520193967685672,-4.3576468867296575e-06,8.640023710124459e-06,-0.0002188196021807338,0.0,0.5431102499650887,0.38684366708560247,0.3548387096774194,0.3870967741935484
0.0,1,0,1,0.75,0.5,16,31,31,11,12,11,17,-2.338624409434166e-05,-0.00017520193967685672,-4.3576468867296575e-06,8.640023710124459e-06,-0.0002188196021807338,0.0,0.5431102499650887,0.38684366708560247,0.3548387096774194,0.3870967741935484
0.0,1,0,1,1.0,0.5,16,31,31,11,12,11,17,-2.338624409434166e-05,-0.00017520193967685672,-4.3576468867296575e-06,8.640023710124459e-06,-0.0002188196021807338,0.0,0.5431102499650887,0.38684366708560247,0.3548387096774194,0.3870967741935484
0.0,1,0,999,0.5,0.5,16,31,31,11,12,11,17,-2.338624409434166e-05,-0.00017520193967685672,-4.3576468867296575e-06,8.640023710124459e-06,-0.0002188196021807338,0.0,0.5431102499650887,0.38684366708560247,0.3548387096774194,0.3870967741935484
0.0,1,0,999,0.75,0.5,16,31,31,11,12,11,17,-2.338624409434166e-05,-0.00017520193967685672,-4.3576468867296575e-06,8.640023710124459e-06,-0.0002188196021807338,0.0,0.5431102499650887,0.38684366708560247,0.3548387096774194,0.3870967741935484
0.0,1,0,999,1.0,0.5,16,31,31,11,12,11,17,-2.338624409434166e-05,-0.00017520193967685672,-4.3576468867296575e-06,8.640023710124459e-06,-0.0002188196021807338,0.0,0.5431102499650887,0.38684366708560247,0.3548387096774194,0.3870967741935484
0.0,1,1,0,0.5,0.5,16,31,31,11,12,11,17,-2.338624409434166e-05,-0.00017520193967685672,-4.3576468867296575e-06,8.640023710124459e-06,-0.0002188196021807338,0.0,0.5431102499650887,0.38684366708560247,0.3548387096774194,0.3870967741935484
0.0,1,1,0,0.75,0.5,16,31,31,11,12,11,17,-2.338624409434166e-05,-0.00017520193967685672,-4.3576468867296575e-06,8.640023710124459e-06,-0.0002188196021807338,0.0,0.5431102499650887,0.38684366708560247,0.3548387096774194,0.3870967741935484
0.0,1,1,0,1.0,0.5,16,31,31,11,12,11,17,-2.338624409434166e-05,-0.00017520193967685672,-4.3576468867296575e-06,8.640023710124459e-06,-0.0002188196021807338,0.0,0.5431102499650887,0.38684366708560247,0.3548387096774194,0.3870967741935484
0.0,1,1,1,0.5,0.5,16,31,31,11,12,11,17,-2.338624409434166e-05,-0.00017520193967685672,-4.3576468867296575e-06,8.640023710124459e-06,-0.0002188196021807338,0.0,0.5431102499650887,0.38684366708560247,0.3548387096774194,0.3870967741935484
0.0,1,1,1,0.75,0.5,16,31,31,11,12,11,17,-2.338624409434166e-05,-0.00017520193967685672,-4.3576468867296575e-06,8.640023710124459e-06,-0.0002188196021807338,0.0,0.5431102499650887,0.38684366708560247,0.3548387096774194,0.3870967741935484
0.0,1,1,1,1.0,0.5,16,31,31,11,12,11,17,-2.338624409434166e-05,-0.00017520193967685672,-4.3576468867296575e-06,8.640023710124459e-06,-0.0002188196021807338,0.0,0.5431102499650887,0.38684366708560247,0.3548387096774194,0.3870967741935484
0.0,1,1,999,0.5,0.5,16,31,31,11,12,11,17,-2.338624409434166e-05,-0.00017520193967685672,-4.3576468867296575e-06,8.640023710124459e-06,-0.0002188196021807338,0.0,0.5431102499650887,0.38684366708560247,0.3548387096774194,0.3870967741935484
0.0,1,1,999,0.75,0.5,16,31,31,11,12,11,17,-2.338624409434166e-05,-0.00017520193967685672,-4.3576468867296575e-06,8.640023710124459e-06,-0.0002188196021807338,0.0,0.5431102499650887,0.38684366708560247,0.3548387096774194,0.3870967741935484
0.0,1,1,999,1.0,0.5,16,31,31,11,12,11,17,-2.338624409434166e-05,-0.00017520193967685672,-4.3576468867296575e-06,8.640023710124459e-06,-0.0002188196021807338,0.0,0.5431102499650887,0.38684366708560247,0.3548387096774194,0.3870967741935484
0.0,1,999,0,0.5,0.5,16,31,31,11,12,11,17,-2.338624409434166e-05,-0.00017520193967685672,-4.3576468867296575e-06,8.640023710124459e-06,-0.0002188196021807338,0.0,0.5431102499650887,0.38684366708560247,0.3548387096774194,0.3870967741935484
0.0,1,999,0,0.75,0.5,16,31,31,11,12,11,17,-2.338624409434166e-05,-0.00017520193967685672,-4.3576468867296575e-06,8.640023710124459e-06,-0.0002188196021807338,0.0,0.5431102499650887,0.38684366708560247,0.3548387096774194,0.3870967741935484
0.0,1,999,0,1.0,0.5,16,31,31,11,12,11,17,-2.338624409434166e-05,-0.00017520193967685672,-4.3576468867296575e-06,8.640023710124459e-06,-0.0002188196021807338,0.0,0.5431102499650887,0.38684366708560247,0.3548387096774194,0.3870967741935484
0.0,1,999,1,0.5,0.5,16,31,31,11,12,11,17,-2.338624409434166e-05,-0.00017520193967685672,-4.3576468867296575e-06,8.640023710124459e-06,-0.0002188196021807338,0.0,0.5431102499650887,0.38684366708560247,0.3548387096774194,0.3870967741935484
0.0,1,999,1,0.75,0.5,16,31,31,11,12,11,17,-2.338624409434166e-05,-0.00017520193967685672,-4.3576468867296575e-06,8.640023710124459e-06,-0.0002188196021807338,0.0,0.5431102499650887,0.38684366708560247,0.3548387096774194,0.3870967741935484
0.0,1,999,1,1.0,0.5,16,31,31,11,12,11,17,-2.338624409434166e-05,-0.00017520193967685672,-4.3576468867296575e-06,8.640023710124459e-06,-0.0002188196021807338,0.0,0.5431102499650887,0.38684366708560247,0.3548387096774194,0.3870967741935484
0.0,1,999,999,0.5,0.5,16,31,31,11,12,11,17,-2.338624409434166e-05,-0.00017520193967685672,-4.3576468867296575e-06,8.640023710124459e-06,-0.0002188196021807338,0.0,0.5431102499650887,0.38684366708560247,0.3548387096774194,0.3870967741935484
0.0,1,999,999,0.75,0.5,16,31,31,11,12,11,17,-2.338624409434166e-05,-0.00017520193967685672,-4.3576468867296575e-06,8.640023710124459e-06,-0.0002188196021807338,0.0,0.5431102499650887,0.38684366708560247,0.3548387096774194,0.3870967741935484
0.0,1,999,999,1.0,0.5,16,31,31,11,12,11,17,-2.338624409434166e-05,-0.00017520193967685672,-4.3576468867296575e-06,8.640023710124459e-06,-0.0002188196021807338,0.0,0.5431102499650887,0.38684366708560247,0.3548387096774194,0.3870967741935484
0.5,0,0,0,0.5,0.5,16,31,31,11,12,11,17,-2.338624409434166e-05,-0.00017520193967685672,-4.3576468867296575e-06,8.640023710124459e-06,-0.0002188196021807338,0.0,0.5431102499650887,0.38684366708560247,0.3548387096774194,0.3870967741935484
0.5,0,0,0,0.75,0.5,16,31,31,11,12,11,17,-2.338624409434166e-05,-0.00017520193967685672,-4.3576468867296575e-06,8.640023710124459e-06,-0.0002188196021807338,0.0,0.5431102499650887,0.38684366708560247,0.3548387096774194,0.3870967741935484
0.5,0,0,0,1.0,0.5,16,31,31,11,12,11,17,-2.338624409434166e-05,-0.00017520193967685672,-4.3576468867296575e-06,8.640023710124459e-06,-0.0002188196021807338,0.0,0.5431102499650887,0.38684366708560247,0.3548387096774194,0.3870967741935484
0.5,0,0,1,0.5,0.5,16,31,31,11,12,11,17,-2.338624409434166e-05,-0.00017520193967685672,-4.3576468867296575e-06,8.640023710124459e-06,-0.0002188196021807338,0.0,0.5431102499650887,0.38684366708560247,0.3548387096774194,0.3870967741935484
0.5,0,0,1,0.75,0.5,16,31,31,11,12,11,17,-2.338624409434166e-05,-0.00017520193967685672,-4.3576468867296575e-06,8.640023710124459e-06,-0.0002188196021807338,0.0,0.5431102499650887,0.38684366708560247,0.3548387096774194,0.3870967741935484
0.5,0,0,1,1.0,0.5,16,31,31,11,12,11,17,-2.338624409434166e-05,-0.00017520193967685672,-4.3576468867296575e-06,8.640023710124459e-06,-0.0002188196021807338,0.0,0.5431102499650887,0.38684366708560247,0.3548387096774194,0.3870967741935484
0.5,0,0,999,0.5,0.5,16,31,31,11,12,11,17,-2.338624409434166e-05,-0.00017520193967685672,-4.3576468867296575e-06,8.640023710124459e-06,-0.0002188196021807338,0.0,0.5431102499650887,0.38684366708560247,0.3548387096774194,0.3870967741935484
0.5,0,0,999,0.75,0.5,16,31,31,11,12,11,17,-2.338624409434166e-05,-0.00017520193967685672,-4.3576468867296575e-06,8.640023710124459e-06,-0.0002188196021807338,0.0,0.5431102499650887,0.38684366708560247,0.3548387096774194,0.3870967741935484
0.5,0,0,999,1.0,0.5,16,31,31,11,12,11,17,-2.338624409434166e-05,-0.00017520193967685672,-4.3576468867296575e-06,8.640023710124459e-06,-0.0002188196021807338,0.0,0.5431102499650887,0.38684366708560247,0.3548387096774194,0.3870967741935484
0.5,0,1,0,0.5,0.5,16,31,31,11,12,11,17,-2.338624409434166e-05,-0.00017520193967685672,-4.3576468867296575e-06,8.640023710124459e-06,-0.0002188196021807338,0.0,0.5431102499650887,0.38684366708560247,0.3548387096774194,0.3870967741935484
0.5,0,1,0,0.75,0.5,16,31,31,11,12,11,17,-2.338624409434166e-05,-0.00017520193967685672,-4.3576468867296575e-06,8.640023710124459e-06,-0.0002188196021807338,0.0,0.5431102499650887,0.38684366708560247,0.3548387096774194,0.3870967741935484
0.5,0,1,0,1.0,0.5,16,31,31,11,12,11,17,-2.338624409434166e-05,-0.00017520193967685672,-4.3576468867296575e-06,8.640023710124459e-06,-0.0002188196021807338,0.0,0.5431102499650887,0.38684366708560247,0.3548387096774194,0.3870967741935484
0.5,0,1,1,0.5,0.5,16,31,31,11,12,11,17,-2.338624409434166e-05,-0.00017520193967685672,-4.3576468867296575e-06,8.640023710124459e-06,-0.0002188196021807338,0.0,0.5431102499650887,0.38684366708560247,0.3548387096774194,0.3870967741935484
0.5,0,1,1,0.75,0.5,16,31,31,11,12,11,17,-2.338624409434166e-05,-0.00017520193967685672,-4.3576468867296575e-06,8.640023710124459e-06,-0.0002188196021807338,0.0,0.5431102499650887,0.38684366708560247,0.3548387096774194,0.3870967741935484
0.5,0,1,1,1.0,0.5,16,31,31,11,12,11,17,-2.338624409434166e-05,-0.00017520193967685672,-4.3576468867296575e-06,8.640023710124459e-06,-0.0002188196021807338,0.0,0.5431102499650887,0.38684366708560247,0.3548387096774194,0.3870967741935484
0.5,0,1,999,0.5,0.5,16,31,31,11,12,11,17,-2.338624409434166e-05,-0.00017520193967685672,-4.3576468867296575e-06,8.640023710124459e-06,-0.0002188196021807338,0.0,0.5431102499650887,0.38684366708560247,0.3548387096774194,0.3870967741935484
0.5,0,1,999,0.75,0.5,16,31,31,11,12,11,17,-2.338624409434166e-05,-0.00017520193967685672,-4.3576468867296575e-06,8.640023710124459e-06,-0.0002188196021807338,0.0,0.5431102499650887,0.38684366708560247,0.3548387096774194,0.3870967741935484
0.5,0,1,999,1.0,0.5,16,31,31,11,12,11,17,-2.338624409434166e-05,-0.00017520193967685672,-4.3576468867296575e-06,8.640023710124459e-06,-0.0002188196021807338,0.0,0.5431102499650887,0.38684366708560247,0.3548387096774194,0.3870967741935484
0.5,0,999,0,0.5,0.5,16,31,31,11,12,11,17,-2.338624409434166e-05,-0.00017520193967685672,-4.3576468867296575e-06,8.640023710124459e-06,-0.0002188196021807338,0.0,0.5431102499650887,0.38684366708560247,0.3548387096774194,0.3870967741935484
0.5,0,999,0,0.75,0.5,16,31,31,11,12,11,17,-2.338624409434166e-05,-0.00017520193967685672,-4.3576468867296575e-06,8.640023710124459e-06,-0.0002188196021807338,0.0,0.5431102499650887,0.38684366708560247,0.3548387096774194,0.3870967741935484
0.5,0,999,0,1.0,0.5,16,31,31,11,12,11,17,-2.338624409434166e-05,-0.00017520193967685672,-4.3576468867296575e-06,8.640023710124459e-06,-0.0002188196021807338,0.0,0.5431102499650887,0.38684366708560247,0.3548387096774194,0.3870967741935484
0.5,0,999,1,0.5,0.5,16,31,31,11,12,11,17,-2.338624409434166e-05,-0.00017520193967685672,-4.3576468867296575e-06,8.640023710124459e-06,-0.0002188196021807338,0.0,0.5431102499650887,0.38684366708560247,0.3548387096774194,0.3870967741935484
0.5,0,999,1,0.75,0.5,16,31,31,11,12,11,17,-2.338624409434166e-05,-0.00017520193967685672,-4.3576468867296575e-06,8.640023710124459e-06,-0.0002188196021807338,0.0,0.5431102499650887,0.38684366708560247,0.3548387096774194,0.3870967741935484
0.5,0,999,1,1.0,0.5,16,31,31,11,12,11,17,-2.338624409434166e-05,-0.00017520193967685672,-4.3576468867296575e-06,8.640023710124459e-06,-0.0002188196021807338,0.0,0.5431102499650887,0.38684366708560247,0.3548387096774194,0.3870967741935484
0.5,0,999,999,0.5,0.5,16,31,31,11,12,11,17,-2.338624409434166e-05,-0.00017520193967685672,-4.3576468867296575e-06,8.640023710124459e-06,-0.0002188196021807338,0.0,0.5431102499650887,0.38684366708560247,0.3548387096774194,0.3870967741935484
0.5,0,999,999,0.75,0.5,16,31,31,11,12,11,17,-2.338624409434166e-05,-0.00017520193967685672,-4.3576468867296575e-06,8.640023710124459e-06,-0.0002188196021807338,0.0,0.5431102499650887,0.38684366708560247,0.3548387096774194,0.3870967741935484
0.5,0,999,999,1.0,0.5,16,31,31,11,12,11,17,-2.338624409434166e-05,-0.00017520193967685672,-4.3576468867296575e-06,8.640023710124459e-06,-0.0002188196021807338,0.0,0.5431102499650887,0.38684366708560247,0.3548387096774194,0.3870967741935484
0.5,1,0,0,0.5,0.5,16,31,31,11,12,11,17,-2.338624409434166e-05,-0.00017520193967685672,-4.3576468867296575e-06,8.640023710124459e-06,-0.0002188196021807338,0.0,0.5431102499650887,0.38684366708560247,0.3548387096774194,0.3870967741935484
0.5,1,0,0,0.75,0.5,16,31,31,11,12,11,17,-2.338624409434166e-05,-0.00017520193967685672,-4.3576468867296575e-06,8.640023710124459e-06,-0.0002188196021807338,0.0,0.5431102499650887,0.38684366708560247,0.3548387096774194,0.3870967741935484
0.5,1,0,0,1.0,0.5,16,31,31,11,12,11,17,-2.338624409434166e-05,-0.00017520193967685672,-4.3576468867296575e-06,8.640023710124459e-06,-0.0002188196021807338,0.0,0.5431102499650887,0.38684366708560247,0.3548387096774194,0.3870967741935484
0.5,1,0,1,0.5,0.5,16,31,31,11,12,11,17,-2.338624409434166e-05,-0.00017520193967685672,-4.3576468867296575e-06,8.640023710124459e-06,-0.0002188196021807338,0.0,0.5431102499650887,0.38684366708560247,0.3548387096774194,0.3870967741935484
0.5,1,0,1,0.75,0.5,16,31,31,11,12,11,17,-2.338624409434166e-05,-0.00017520193967685672,-4.3576468867296575e-06,8.640023710124459e-06,-0.0002188196021807338,0.0,0.5431102499650887,0.38684366708560247,0.3548387096774194,0.3870967741935484
0.5,1,0,1,1.0,0.5,16,31,31,11,12,11,17,-2.338624409434166e-05,-0.00017520193967685672,-4.3576468867296575e-06,8.640023710124459e-06,-0.0002188196021807338,0.0,0.5431102499650887,0.38684366708560247,0.3548387096774194,0.3870967741935484
0.5,1,0,999,0.5,0.5,16,31,31,11,12,11,17,-2.338624409434166e-05,-0.00017520193967685672,-4.3576468867296575e-06,8.640023710124459e-06,-0.0002188196021807338,0.0,0.5431102499650887,0.38684366708560247,0.3548387096774194,0.3870967741935484
0.5,1,0,999,0.75,0.5,16,31,31,11,12,11,17,-2.338624409434166e-05,-0.00017520193967685672,-4.3576468867296575e-06,8.640023710124459e-06,-0.0002188196021807338,0.0,0.5431102499650887,0.38684366708560247,0.3548387096774194,0.3870967741935484
0.5,1,0,999,1.0,0.5,16,31,31,11,12,11,17,-2.338624409434166e-05,-0.00017520193967685672,-4.3576468867296575e-06,8.640023710124459e-06,-0.0002188196021807338,0.0,0.5431102499650887,0.38684366708560247,0.3548387096774194,0.3870967741935484
0.5,1,1,0,0.5,0.5,16,31,31,11,12,11,17,-2.338624409434166e-05,-0.00017520193967685672,-4.3576468867296575e-06,8.640023710124459e-06,-0.0002188196021807338,0.0,0.5431102499650887,0.38684366708560247,0.3548387096774194,0.3870967741935484
0.5,1,1,0,0.75,0.5,16,31,31,11,12,11,17,-2.338624409434166e-05,-0.00017520193967685672,-4.3576468867296575e-06,8.640023710124459e-06,-0.0002188196021807338,0.0,0.5431102499650887,0.38684366708560247,0.3548387096774194,0.3870967741935484
0.5,1,1,0,1.0,0.5,16,31,31,11,12,11,17,-2.338624409434166e-05,-0.00017520193967685672,-4.3576468867296575e-06,8.640023710124459e-06,-0.0002188196021807338,0.0,0.5431102499650887,0.38684366708560247,0.3548387096774194,0.3870967741935484
0.5,1,1,1,0.5,0.5,16,31,31,11,12,11,17,-2.338624409434166e-05,-0.00017520193967685672,-4.3576468867296575e-06,8.640023710124459e-06,-0.0002188196021807338,0.0,0.5431102499650887,0.38684366708560247,0.3548387096774194,0.3870967741935484
0.5,1,1,1,0.75,0.5,16,31,31,11,12,11,17,-2.338624409434166e-05,-0.00017520193967685672,-4.3576468867296575e-06,8.640023710124459e-06,-0.0002188196021807338,0.0,0.5431102499650887,0.38684366708560247,0.3548387096774194,0.3870967741935484
0.5,1,1,1,1.0,0.5,16,31,31,11,12,11,17,-2.338624409434166e-05,-0.00017520193967685672,-4.3576468867296575e-06,8.640023710124459e-06,-0.0002188196021807338,0.0,0.5431102499650887,0.38684366708560247,0.3548387096774194,0.3870967741935484
0.5,1,1,999,0.5,0.5,16,31,31,11,12,11,17,-2.338624409434166e-05,-0.00017520193967685672,-4.3576468867296575e-06,8.640023710124459e-06,-0.0002188196021807338,0.0,0.5431102499650887,0.38684366708560247,0.3548387096774194,0.3870967741935484
0.5,1,1,999,0.75,0.5,16,31,31,11,12,11,17,-2.338624409434166e-05,-0.00017520193967685672,-4.3576468867296575e-06,8.640023710124459e-06,-0.0002188196021807338,0.0,0.5431102499650887,0.38684366708560247,0.3548387096774194,0.3870967741935484
0.5,1,1,999,1.0,0.5,16,31,31,11,12,11,17,-2.338624409434166e-05,-0.00017520193967685672,-4.3576468867296575e-06,8.640023710124459e-06,-0.0002188196021807338,0.0,0.5431102499650887,0.38684366708560247,0.3548387096774194,0.3870967741935484
0.5,1,999,0,0.5,0.5,16,31,31,11,12,11,17,-2.338624409434166e-05,-0.00017520193967685672,-4.3576468867296575e-06,8.640023710124459e-06,-0.0002188196021807338,0.0,0.5431102499650887,0.38684366708560247,0.3548387096774194,0.3870967741935484
0.5,1,999,0,0.75,0.5,16,31,31,11,12,11,17,-2.338624409434166e-05,-0.00017520193967685672,-4.3576468867296575e-06,8.640023710124459e-06,-0.0002188196021807338,0.0,0.5431102499650887,0.38684366708560247,0.3548387096774194,0.3870967741935484
0.5,1,999,0,1.0,0.5,16,31,31,11,12,11,17,-2.338624409434166e-05,-0.00017520193967685672,-4.3576468867296575e-06,8.640023710124459e-06,-0.0002188196021807338,0.0,0.5431102499650887,0.38684366708560247,0.3548387096774194,0.3870967741935484
0.5,1,999,1,0.5,0.5,16,31,31,11,12,11,17,-2.338624409434166e-05,-0.00017520193967685672,-4.3576468867296575e-06,8.640023710124459e-06,-0.0002188196021807338,0.0,0.5431102499650887,0.38684366708560247,0.3548387096774194,0.3870967741935484
0.5,1,999,1,0.75,0.5,16,31,31,11,12,11,17,-2.338624409434166e-05,-0.00017520193967685672,-4.3576468867296575e-06,8.640023710124459e-06,-0.0002188196021807338,0.0,0.5431102499650887,0.38684366708560247,0.3548387096774194,0.3870967741935484
0.5,1,999,1,1.0,0.5,16,31,31,11,12,11,17,-2.338624409434166e-05,-0.00017520193967685672,-4.3576468867296575e-06,8.640023710124459e-06,-0.0002188196021807338,0.0,0.5431102499650887,0.38684366708560247,0.3548387096774194,0.3870967741935484
0.5,1,999,999,0.5,0.5,16,31,31,11,12,11,17,-2.338624409434166e-05,-0.00017520193967685672,-4.3576468867296575e-06,8.640023710124459e-06,-0.0002188196021807338,0.0,0.5431102499650887,0.38684366708560247,0.3548387096774194,0.3870967741935484
0.5,1,999,999,0.75,0.5,16,31,31,11,12,11,17,-2.338624409434166e-05,-0.00017520193967685672,-4.3576468867296575e-06,8.640023710124459e-06,-0.0002188196021807338,0.0,0.5431102499650887,0.38684366708560247,0.3548387096774194,0.3870967741935484
0.5,1,999,999,1.0,0.5,16,31,31,11,12,11,17,-2.338624409434166e-05,-0.00017520193967685672,-4.3576468867296575e-06,8.640023710124459e-06,-0.0002188196021807338,0.0,0.5431102499650887,0.38684366708560247,0.3548387096774194,0.3870967741935484
0.0,0,0,0,0.5,0.5,32,47,47,16,22,17,27,-3.2595577834231597e-05,-0.00019721940367519011,-5.1845760021194026e-05,-3.537832381393495e-05,-0.0003210501269126947,0.02127659574468085,0.5499777021562874,0.4038216899409769,0.3404255319148936,0.46808510638297873
0.0,0,0,0,0.75,0.5,32,47,47,16,22,17,27,-3.2595577834231597e-05,-0.00019721940367519011,-5.1845760021194026e-05,-3.537832381393495e-05,-0.0003210501269126947,0.02127659574468085,0.5499777021562874,0.4038216899409769,0.3404255319148936,0.46808510638297873
0.0,0,0,0,1.0,0.5,32,47,47,16,22,17,27,-3.2595577834231597e-05,-0.00019721940367519011,-5.1845760021194026e-05,-3.537832381393495e-05,-0.0003210501269126947,0.02127659574468085,0.5499777021562874,0.4038216899409769,0.3404255319148936,0.46808510638297873
0.0,0,0,1,0.5,0.5,32,47,47,16,22,17,27,-3.2595577834231597e-05,-0.00019721940367519011,-5.1845760021194026e-05,-3.537832381393495e-05,-0.0003210501269126947,0.02127659574468085,0.5499777021562874,0.4038216899409769,0.3404255319148936,0.46808510638297873
0.0,0,0,1,0.75,0.5,32,47,47,16,22,17,27,-3.2595577834231597e-05,-0.00019721940367519011,-5.1845760021194026e-05,-3.537832381393495e-05,-0.0003210501269126947,0.02127659574468085,0.5499777021562874,0.4038216899409769,0.3404255319148936,0.46808510638297873
0.0,0,0,1,1.0,0.5,32,47,47,16,22,17,27,-3.2595577834231597e-05,-0.00019721940367519011,-5.1845760021194026e-05,-3.537832381393495e-05,-0.0003210501269126947,0.02127659574468085,0.5499777021562874,0.4038216899409769,0.3404255319148936,0.46808510638297873
0.0,0,0,999,0.5,0.5,32,47,47,16,22,17,27,-3.2595577834231597e-05,-0.00019721940367519011,-5.1845760021194026e-05,-3.537832381393495e-05,-0.0003210501269126947,0.02127659574468085,0.5499777021562874,0.4038216899409769,0.3404255319148936,0.46808510638297873
0.0,0,0,999,0.75,0.5,32,47,47,16,22,17,27,-3.2595577834231597e-05,-0.00019721940367519011,-5.1845760021194026e-05,-3.537832381393495e-05,-0.0003210501269126947,0.02127659574468085,0.5499777021562874,0.4038216899409769,0.3404255319148936,0.46808510638297873
0.0,0,0,999,1.0,0.5,32,47,47,16,22,17,27,-3.2595577834231597e-05,-0.00019721940367519011,-5.1845760021194026e-05,-3.537832381393495e-05,-0.0003210501269126947,0.02127659574468085,0.5499777021562874,0.4038216899409769,0.3404255319148936,0.46808510638297873
0.0,0,1,0,0.5,0.5,32,47,47,16,22,17,27,-3.2595577834231597e-05,-0.00019721940367519011,-5.1845760021194026e-05,-3.537832381393495e-05,-0.0003210501269126947,0.02127659574468085,0.5499777021562874,0.4038216899409769,0.3404255319148936,0.46808510638297873
0.0,0,1,0,0.75,0.5,32,47,47,16,22,17,27,-3.2595577834231597e-05,-0.00019721940367519011,-5.1845760021194026e-05,-3.537832381393495e-05,-0.0003210501269126947,0.02127659574468085,0.5499777021562874,0.4038216899409769,0.3404255319148936,0.46808510638297873
0.0,0,1,0,1.0,0.5,32,47,47,16,22,17,27,-3.2595577834231597e-05,-0.00019721940367519011,-5.1845760021194026e-05,-3.537832381393495e-05,-0.0003210501269126947,0.02127659574468085,0.5499777021562874,0.4038216899409769,0.3404255319148936,0.46808510638297873
0.0,0,1,1,0.5,0.5,32,47,47,16,22,17,27,-3.2595577834231597e-05,-0.00019721940367519011,-5.1845760021194026e-05,-3.537832381393495e-05,-0.0003210501269126947,0.02127659574468085,0.5499777021562874,0.4038216899409769,0.3404255319148936,0.46808510638297873
0.0,0,1,1,0.75,0.5,32,47,47,16,22,17,27,-3.2595577834231597e-05,-0.00019721940367519011,-5.1845760021194026e-05,-3.537832381393495e-05,-0.0003210501269126947,0.02127659574468085,0.5499777021562874,0.4038216899409769,0.3404255319148936,0.46808510638297873
0.0,0,1,1,1.0,0.5,32,47,47,16,22,17,27,-3.2595577834231597e-05,-0.00019721940367519011,-5.1845760021194026e-05,-3.537832381393495e-05,-0.0003210501269126947,0.02127659574468085,0.5499777021562874,0.4038216899409769,0.3404255319148936,0.46808510638297873
0.0,0,1,999,0.5,0.5,32,47,47,16,22,17,27,-3.2595577834231597e-05,-0.00019721940367519011,-5.1845760021194026e-05,-3.537832381393495e-05,-0.0003210501269126947,0.02127659574468085,0.5499777021562874,0.4038216899409769,0.3404255319148936,0.46808510638297873
0.0,0,1,999,0.75,0.5,32,47,47,16,22,17,27,-3.2595577834231597e-05,-0.00019721940367519011,-5.1845760021194026e-05,-3.537832381393495e-05,-0.0003210501269126947,0.02127659574468085,0.5499777021562874,0.4038216899409769,0.3404255319148936,0.46808510638297873
0.0,0,1,999,1.0,0.5,32,47,47,16,22,17,27,-3.2595577834231597e-05,-0.00019721940367519011,-5.1845760021194026e-05,-3.537832381393495e-05,-0.0003210501269126947,0.02127659574468085,0.5499777021562874,0.4038216899409769,0.3404255319148936,0.46808510638297873
0.0,0,999,0,0.5,0.5,32,47,47,16,22,17,27,-3.2595577834231597e-05,-0.00019721940367519011,-5.1845760021194026e-05,-3.537832381393495e-05,-0.0003210501269126947,0.02127659574468085,0.5499777021562874,0.4038216899409769,0.3404255319148936,0.46808510638297873
0.0,0,999,0,0.75,0.5,32,47,47,16,22,17,27,-3.2595577834231597e-05,-0.00019721940367519011,-5.1845760021194026e-05,-3.537832381393495e-05,-0.0003210501269126947,0.02127659574468085,0.5499777021562874,0.4038216899409769,0.3404255319148936,0.46808510638297873
0.0,0,999,0,1.0,0.5,32,47,47,16,22,17,27,-3.2595577834231597e-05,-0.00019721940367519011,-5.1845760021194026e-05,-3.537832381393495e-05,-0.0003210501269126947,0.02127659574468085,0.5499777021562874,0.4038216899409769,0.3404255319148936,0.46808510638297873
0.0,0,999,1,0.5,0.5,32,47,47,16,22,17,27,-3.2595577834231597e-05,-0.00019721940367519011,-5.1845760021194026e-05,-3.537832381393495e-05,-0.0003210501269126947,0.02127659574468085,0.5499777021562874,0.4038216899409769,0.3404255319148936,0.46808510638297873
0.0,0,999,1,0.75,0.5,32,47,47,16,22,17,27,-3.2595577834231597e-05,-0.00019721940367519011,-5.1845760021194026e-05,-3.537832381393495e-05,-0.0003210501269126947,0.02127659574468085,0.5499777021562874,0.4038216899409769,0.3404255319148936,0.46808510638297873
0.0,0,999,1,1.0,0.5,32,47,47,16,22,17,27,-3.2595577834231597e-05,-0.00019721940367519011,-5.1845760021194026e-05,-3.537832381393495e-05,-0.0003210501269126947,0.02127659574468085,0.5499777021562874,0.4038216899409769,0.3404255319148936,0.46808510638297873
0.0,0,999,999,0.5,0.5,32,47,47,16,22,17,27,-3.2595577834231597e-05,-0.00019721940367519011,-5.1845760021194026e-05,-3.537832381393495e-05,-0.0003210501269126947,0.02127659574468085,0.5499777021562874,0.4038216899409769,0.3404255319148936,0.46808510638297873
0.0,0,999,999,0.75,0.5,32,47,47,16,22,17,27,-3.2595577834231597e-05,-0.00019721940367519011,-5.1845760021194026e-05,-3.537832381393495e-05,-0.0003210501269126947,0.02127659574468085,0.5499777021562874,0.4038216899409769,0.3404255319148936,0.46808510638297873
0.0,0,999,999,1.0,0.5,32,47,47,16,22,17,27,-3.2595577834231597e-05,-0.00019721940367519011,-5.1845760021194026e-05,-3.537832381393495e-05,-0.0003210501269126947,0.02127659574468085,0.5499777021562874,0.4038216899409769,0.3404255319148936,0.46808510638297873
0.0,1,0,0,0.5,0.5,32,47,47,16,22,17,27,-3.2595577834231597e-05,-0.00019721940367519011,-5.1845760021194026e-05,-3.537832381393495e-05,-0.0003210501269126947,0.02127659574468085,0.5499777021562874,0.4038216899409769,0.3404255319148936,0.46808510638297873
0.0,1,0,0,0.75,0.5,32,47,47,16,22,17,27,-3.2595577834231597e-05,-0.00019721940367519011,-5.1845760021194026e-05,-3.537832381393495e-05,-0.0003210501269126947,0.02127659574468085,0.5499777021562874,0.4038216899409769,0.3404255319148936,0.46808510638297873
0.0,1,0,0,1.0,0.5,32,47,47,16,22,17,27,-3.2595577834231597e-05,-0.00019721940367519011,-5.1845760021194026e-05,-3.537832381393495e-05,-0.0003210501269126947,0.02127659574468085,0.5499777021562874,0.4038216899409769,0.3404255319148936,0.46808510638297873
0.0,1,0,1,0.5,0.5,32,47,47,16,22,17,27,-3.2595577834231597e-05,-0.00019721940367519011,-5.1845760021194026e-05,-3.537832381393495e-05,-0.0003210501269126947,0.02127659574468085,0.5499777021562874,0.4038216899409769,0.3404255319148936,0.46808510638297873
0.0,1,0,1,0.75,0.5,32,47,47,16,22,17,27,-3.2595577834231597e-05,-0.00019721940367519011,-5.1845760021194026e-05,-3.537832381393495e-05,-0.0003210501269126947,0.02127659574468085,0.5499777021562874,0.4038216899409769,0.3404255319148936,0.46808510638297873
0.0,1,0,1,1.0,0.5,32,47,47,16,22,17,27,-3.2595577834231597e-05,-0.00019721940367519011,-5.1845760021194026e-05,-3.537832381393495e-05,-0.0003210501269126947,0.02127659574468085,0.5499777021562874,0.4038216899409769,0.3404255319148936,0.46808510638297873
0.0,1,0,999,0.5,0.5,32,47,47,16,22,17,27,-3.2595577834231597e-05,-0.00019721940367519011,-5.1845760021194026e-05,-3.537832381393495e-05,-0.0003210501269126947,0.02127659574468085,0.5499777021562874,0.4038216899409769,0.3404255319148936,0.46808510638297873
0.0,1,0,999,0.75,0.5,32,47,47,16,22,17,27,-3.2595577834231597e-05,-0.00019721940367519011,-5.1845760021194026e-05,-3.537832381393495e-05,-0.0003210501269126947,0.02127659574468085,0.5499777021562874,0.4038216899409769,0.3404255319148936,0.46808510638297873
0.0,1,0,999,1.0,0.5,32,47,47,16,22,17,27,-3.2595577834231597e-05,-0.00019721940367519011,-5.1845760021194026e-05,-3.537832381393495e-05,-0.0003210501269126947,0.02127659574468085,0.5499777021562874,0.4038216899409769,0.3404255319148936,0.46808510638297873
0.0,1,1,0,0.5,0.5,32,47,47,16,22,17,27,-3.2595577834231597e-05,-0.00019721940367519011,-5.1845760021194026e-05,-3.537832381393495e-05,-0.0003210501269126947,0.02127659574468085,0.5499777021562874,0.4038216899409769,0.3404255319148936,0.46808510638297873
0.0,1,1,0,0.75,0.5,32,47,47,16,22,17,27,-3.2595577834231597e-05,-0.00019721940367519011,-5.1845760021194026e-05,-3.537832381393495e-05,-0.0003210501269126947,0.02127659574468085,0.5499777021562874,0.4038216899409769,0.3404255319148936,0.46808510638297873
0.0,1,1,0,1.0,0.5,32,47,47,16,22,17,27,-3.2595577834231597e-05,-0.00019721940367519011,-5.1845760021194026e-05,-3.537832381393495e-05,-0.0003210501269126947,0.02127659574468085,0.5499777021562874,0.4038216899409769,0.3404255319148936,0.46808510638297873
0.0,1,1,1,0.5,0.5,32,47,47,16,22,17,27,-3.2595577834231597e-05,-0.00019721940367519011,-5.1845760021194026e-05,-3.537832381393495e-05,-0.0003210501269126947,0.02127659574468085,0.5499777021562874,0.4038216899409769,0.3404255319148936,0.46808510638297873
0.0,1,1,1,0.75,0.5,32,47,47,16,22,17,27,-3.2595577834231597e-05,-0.00019721940367519011,-5.1845760021194026e-05,-3.537832381393495e-05,-0.0003210501269126947,0.02127659574468085,0.5499777021562874,0.4038216899409769,0.3404255319148936,0.46808510638297873
0.0,1,1,1,1.0,0.5,32,47,47,16,22,17,27,-3.2595577834231597e-05,-0.00019721940367519011,-5.1845760021194026e-05,-3.537832381393495e-05,-0.0003210501269126947,0.02127659574468085,0.5499777021562874,0.4038216899409769,0.3404255319148936,0.46808510638297873
0.0,1,1,999,0.5,0.5,32,47,47,16,22,17,27,-3.2595577834231597e-05,-0.00019721940367519011,-5.1845760021194026e-05,-3.537832381393495e-05,-0.0003210501269126947,0.02127659574468085,0.5499777021562874,0.4038216899409769,0.3404255319148936,0.46808510638297873
0.0,1,1,999,0.75,0.5,32,47,47,16,22,17,27,-3.2595577834231597e-05,-0.00019721940367519011,-5.1845760021194026e-05,-3.537832381393495e-05,-0.0003210501269126947,0.02127659574468085,0.5499777021562874,0.4038216899409769,0.3404255319148936,0.46808510638297873
0.0,1,1,999,1.0,0.5,32,47,47,16,22,17,27,-3.2595577834231597e-05,-0.00019721940367519011,-5.1845760021194026e-05,-3.537832381393495e-05,-0.0003210501269126947,0.02127659574468085,0.5499777021562874,0.4038216899409769,0.3404255319148936,0.46808510638297873
0.0,1,999,0,0.5,0.5,32,47,47,16,22,17,27,-3.2595577834231597e-05,-0.00019721940367519011,-5.1845760021194026e-05,-3.537832381393495e-05,-0.0003210501269126947,0.02127659574468085,0.5499777021562874,0.4038216899409769,0.3404255319148936,0.46808510638297873
0.0,1,999,0,0.75,0.5,32,47,47,16,22,17,27,-3.2595577834231597e-05,-0.00019721940367519011,-5.1845760021194026e-05,-3.537832381393495e-05,-0.0003210501269126947,0.02127659574468085,0.5499777021562874,0.4038216899409769,0.3404255319148936,0.46808510638297873
0.0,1,999,0,1.0,0.5,32,47,47,16,22,17,27,-3.2595577834231597e-05,-0.00019721940367519011,-5.1845760021194026e-05,-3.537832381393495e-05,-0.0003210501269126947,0.02127659574468085,0.5499777021562874,0.4038216899409769,0.3404255319148936,0.46808510638297873
0.0,1,999,1,0.5,0.5,32,47,47,16,22,17,27,-3.2595577834231597e-05,-0.00019721940367519011,-5.1845760021194026e-05,-3.537832381393495e-05,-0.0003210501269126947,0.02127659574468085,0.5499777021562874,0.4038216899409769,0.3404255319148936,0.46808510638297873
0.0,1,999,1,0.75,0.5,32,47,47,16,22,17,27,-3.2595577834231597e-05,-0.00019721940367519011,-5.1845760021194026e-05,-3.537832381393495e-05,-0.0003210501269126947,0.02127659574468085,0.5499777021562874,0.4038216899409769,0.3404255319148936,0.46808510638297873
0.0,1,999,1,1.0,0.5,32,47,47,16,22,17,27,-3.2595577834231597e-05,-0.00019721940367519011,-5.1845760021194026e-05,-3.537832381393495e-05,-0.0003210501269126947,0.02127659574468085,0.5499777021562874,0.4038216899409769,0.3404255319148936,0.46808510638297873
0.0,1,999,999,0.5,0.5,32,47,47,16,22,17,27,-3.2595577834231597e-05,-0.00019721940367519011,-5.1845760021194026e-05,-3.537832381393495e-05,-0.0003210501269126947,0.02127659574468085,0.5499777021562874,0.4038216899409769,0.3404255319148936,0.46808510638297873
0.0,1,999,999,0.75,0.5,32,47,47,16,22,17,27,-3.2595577834231597e-05,-0.00019721940367519011,-5.1845760021194026e-05,-3.537832381393495e-05,-0.0003210501269126947,0.02127659574468085,0.5499777021562874,0.4038216899409769,0.3404255319148936,0.46808510638297873
0.0,1,999,999,1.0,0.5,32,47,47,16,22,17,27,-3.2595577834231597e-05,-0.00019721940367519011,-5.1845760021194026e-05,-3.537832381393495e-05,-0.0003210501269126947,0.02127659574468085,0.5499777021562874,0.4038216899409769,0.3404255319148936,0.46808510638297873
0.5,0,0,0,0.5,0.5,32,47,47,16,22,17,27,-3.2595577834231597e-05,-0.00019721940367519011,-5.1845760021194026e-05,-3.537832381393495e-05,-0.0003210501269126947,0.02127659574468085,0.5499777021562874,0.4038216899409769,0.3404255319148936,0.46808510638297873
0.5,0,0,0,0.75,0.5,32,47,47,16,22,17,27,-3.2595577834231597e-05,-0.00019721940367519011,-5.1845760021194026e-05,-3.537832381393495e-05,-0.0003210501269126947,0.02127659574468085,0.5499777021562874,0.4038216899409769,0.3404255319148936,0.46808510638297873
0.5,0,0,0,1.0,0.5,32,47,47,16,22,17,27,-3.2595577834231597e-05,-0.00019721940367519011,-5.1845760021194026e-05,-3.537832381393495e-05,-0.0003210501269126947,0.02127659574468085,0.5499777021562874,0.4038216899409769,0.3404255319148936,0.46808510638297873
0.5,0,0,1,0.5,0.5,32,47,47,16,22,17,27,-3.2595577834231597e-05,-0.00019721940367519011,-5.1845760021194026e-05,-3.537832381393495e-05,-0.0003210501269126947,0.02127659574468085,0.5499777021562874,0.4038216899409769,0.3404255319148936,0.46808510638297873
0.5,0,0,1,0.75,0.5,32,47,47,16,22,17,27,-3.2595577834231597e-05,-0.00019721940367519011,-5.1845760021194026e-05,-3.537832381393495e-05,-0.0003210501269126947,0.02127659574468085,0.5499777021562874,0.4038216899409769,0.3404255319148936,0.46808510638297873
0.5,0,0,1,1.0,0.5,32,47,47,16,22,17,27,-3.2595577834231597e-05,-0.00019721940367519011,-5.1845760021194026e-05,-3.537832381393495e-05,-0.0003210501269126947,0.02127659574468085,0.5499777021562874,0.4038216899409769,0.3404255319148936,0.46808510638297873
0.5,0,0,999,0.5,0.5,32,47,47,16,22,17,27,-3.2595577834231597e-05,-0.00019721940367519011,-5.1845760021194026e-05,-3.537832381393495e-05,-0.0003210501269126947,0.02127659574468085,0.5499777021562874,0.4038216899409769,0.3404255319148936,0.46808510638297873
0.5,0,0,999,0.75,0.5,32,47,47,16,22,17,27,-3.2595577834231597e-05,-0.00019721940367519011,-5.1845760021194026e-05,-3.537832381393495e-05,-0.0003210501269126947,0.02127659574468085,0.5499777021562874,0.4038216899409769,0.3404255319148936,0.46808510638297873
0.5,0,0,999,1.0,0.5,32,47,47,16,22,17,27,-3.2595577834231597e-05,-0.00019721940367519011,-5.1845760021194026e-05,-3.537832381393495e-05,-0.0003210501269126947,0.02127659574468085,0.5499777021562874,0.4038216899409769,0.3404255319148936,0.46808510638297873
0.5,0,1,0,0.5,0.5,32,47,47,16,22,17,27,-3.2595577834231597e-05,-0.00019721940367519011,-5.1845760021194026e-05,-3.537832381393495e-05,-0.0003210501269126947,0.02127659574468085,0.5499777021562874,0.4038216899409769,0.3404255319148936,0.46808510638297873
0.5,0,1,0,0.75,0.5,32,47,47,16,22,17,27,-3.2595577834231597e-05,-0.00019721940367519011,-5.1845760021194026e-05,-3.537832381393495e-05,-0.0003210501269126947,0.02127659574468085,0.5499777021562874,0.4038216899409769,0.3404255319148936,0.46808510638297873
0.5,0,1,0,1.0,0.5,32,47,47,16,22,17,27,-3.2595577834231597e-05,-0.00019721940367519011,-5.1845760021194026e-05,-3.537832381393495e-05,-0.0003210501269126947,0.02127659574468085,0.5499777021562874,0.4038216899409769,0.3404255319148936,0.46808510638297873
0.5,0,1,1,0.5,0.5,32,47,47,16,22,17,27,-3.2595577834231597e-05,-0.00019721940367519011,-5.1845760021194026e-05,-3.537832381393495e-05,-0.0003210501269126947,0.02127659574468085,0.5499777021562874,0.4038216899409769,0.3404255319148936,0.46808510638297873
0.5,0,1,1,0.75,0.5,32,47,47,16,22,17,27,-3.2595577834231597e-05,-0.00019721940367519011,-5.1845760021194026e-05,-3.537832381393495e-05,-0.0003210501269126947,0.02127659574468085,0.5499777021562874,0.4038216899409769,0.3404255319148936,0.46808510638297873
0.5,0,1,1,1.0,0.5,32,47,47,16,22,17,27,-3.2595577834231597e-05,-0.00019721940367519011,-5.1845760021194026e-05,-3.537832381393495e-05,-0.0003210501269126947,0.02127659574468085,0.5499777021562874,0.4038216899409769,0.3404255319148936,0.46808510638297873
0.5,0,1,999,0.5,0.5,32,47,47,16,22,17,27,-3.2595577834231597e-05,-0.00019721940367519011,-5.1845760021194026e-05,-3.537832381393495e-05,-0.0003210501269126947,0.02127659574468085,0.5499777021562874,0.4038216899409769,0.3404255319148936,0.46808510638297873
0.5,0,1,999,0.75,0.5,32,47,47,16,22,17,27,-3.2595577834231597e-05,-0.00019721940367519011,-5.1845760021194026e-05,-3.537832381393495e-05,-0.0003210501269126947,0.02127659574468085,0.5499777021562874,0.4038216899409769,0.3404255319148936,0.46808510638297873
0.5,0,1,999,1.0,0.5,32,47,47,16,22,17,27,-3.2595577834231597e-05,-0.00019721940367519011,-5.1845760021194026e-05,-3.537832381393495e-05,-0.0003210501269126947,0.02127659574468085,0.5499777021562874,0.4038216899409769,0.3404255319148936,0.46808510638297873
0.5,0,999,0,0.5,0.5,32,47,47,16,22,17,27,-3.2595577834231597e-05,-0.00019721940367519011,-5.1845760021194026e-05,-3.537832381393495e-05,-0.0003210501269126947,0.02127659574468085,0.5499777021562874,0.4038216899409769,0.3404255319148936,0.46808510638297873
0.5,0,999,0,0.75,0.5,32,47,47,16,22,17,27,-3.2595577834231597e-05,-0.00019721940367519011,-5.1845760021194026e-05,-3.537832381393495e-05,-0.0003210501269126947,0.02127659574468085,0.5499777021562874,0.4038216899409769,0.3404255319148936,0.46808510638297873
0.5,0,999,0,1.0,0.5,32,47,47,16,22,17,27,-3.2595577834231597e-05,-0.00019721940367519011,-5.1845760021194026e-05,-3.537832381393495e-05,-0.0003210501269126947,0.02127659574468085,0.5499777021562874,0.4038216899409769,0.3404255319148936,0.46808510638297873
0.5,0,999,1,0.5,0.5,32,47,47,16,22,17,27,-3.2595577834231597e-05,-0.00019721940367519011,-5.1845760021194026e-05,-3.537832381393495e-05,-0.0003210501269126947,0.02127659574468085,0.5499777021562874,0.4038216899409769,0.3404255319148936,0.46808510638297873
0.5,0,999,1,0.75,0.5,32,47,47,16,22,17,27,-3.2595577834231597e-05,-0.00019721940367519011,-5.1845760021194026e-05,-3.537832381393495e-05,-0.0003210501269126947,0.02127659574468085,0.5499777021562874,0.4038216899409769,0.3404255319148936,0.46808510638297873
0.5,0,999,1,1.0,0.5,32,47,47,16,22,17,27,-3.2595577834231597e-05,-0.00019721940367519011,-5.1845760021194026e-05,-3.537832381393495e-05,-0.0003210501269126947,0.02127659574468085,0.5499777021562874,0.4038216899409769,0.3404255319148936,0.46808510638297873
0.5,0,999,999,0.5,0.5,32,47,47,16,22,17,27,-3.2595577834231597e-05,-0.00019721940367519011,-5.1845760021194026e-05,-3.537832381393495e-05,-0.0003210501269126947,0.02127659574468085,0.5499777021562874,0.4038216899409769,0.3404255319148936,0.46808510638297873
0.5,0,999,999,0.75,0.5,32,47,47,16,22,17,27,-3.2595577834231597e-05,-0.00019721940367519011,-5.1845760021194026e-05,-3.537832381393495e-05,-0.0003210501269126947,0.02127659574468085,0.5499777021562874,0.4038216899409769,0.3404255319148936,0.46808510638297873
0.5,0,999,999,1.0,0.5,32,47,47,16,22,17,27,-3.2595577834231597e-05,-0.00019721940367519011,-5.1845760021194026e-05,-3.537832381393495e-05,-0.0003210501269126947,0.02127659574468085,0.5499777021562874,0.4038216899409769,0.3404255319148936,0.46808510638297873
0.5,1,0,0,0.5,0.5,32,47,47,16,22,17,27,-3.2595577834231597e-05,-0.00019721940367519011,-5.1845760021194026e-05,-3.537832381393495e-05,-0.0003210501269126947,0.02127659574468085,0.5499777021562874,0.4038216899409769,0.3404255319148936,0.46808510638297873
0.5,1,0,0,0.75,0.5,32,47,47,16,22,17,27,-3.2595577834231597e-05,-0.00019721940367519011,-5.1845760021194026e-05,-3.537832381393495e-05,-0.0003210501269126947,0.02127659574468085,0.5499777021562874,0.4038216899409769,0.3404255319148936,0.46808510638297873
0.5,1,0,0,1.0,0.5,32,47,47,16,22,17,27,-3.2595577834231597e-05,-0.00019721940367519011,-5.1845760021194026e-05,-3.537832381393495e-05,-0.0003210501269126947,0.02127659574468085,0.5499777021562874,0.4038216899409769,0.3404255319148936,0.46808510638297873
0.5,1,0,1,0.5,0.5,32,47,47,16,22,17,27,-3.2595577834231597e-05,-0.00019721940367519011,-5.1845760021194026e-05,-3.537832381393495e-05,-0.0003210501269126947,0.02127659574468085,0.5499777021562874,0.4038216899409769,0.3404255319148936,0.46808510638297873
0.5,1,0,1,0.75,0.5,32,47,47,16,22,17,27,-3.2595577834231597e-05,-0.00019721940367519011,-5.1845760021194026e-05,-3.537832381393495e-05,-0.0003210501269126947,0.02127659574468085,0.5499777021562874,0.4038216899409769,0.3404255319148936,0.46808510638297873
0.5,1,0,1,1.0,0.5,32,47,47,16,22,17,27,-3.2595577834231597e-05,-0.00019721940367519011,-5.1845760021194026e-05,-3.537832381393495e-05,-0.0003210501269126947,0.02127659574468085,0.5499777021562874,0.4038216899409769,0.3404255319148936,0.46808510638297873
0.5,1,0,999,0.5,0.5,32,47,47,16,22,17,27,-3.2595577834231597e-05,-0.00019721940367519011,-5.1845760021194026e-05,-3.537832381393495e-05,-0.0003210501269126947,0.02127659574468085,0.5499777021562874,0.4038216899409769,0.3404255319148936,0.46808510638297873
0.5,1,0,999,0.75,0.5,32,47,47,16,22,17,27,-3.2595577834231597e-05,-0.00019721940367519011,-5.1845760021194026e-05,-3.537832381393495e-05,-0.0003210501269126947,0.02127659574468085,0.5499777021562874,0.4038216899409769,0.3404255319148936,0.46808510638297873
0.5,1,0,999,1.0,0.5,32,47,47,16,22,17,27,-3.2595577834231597e-05,-0.00019721940367519011,-5.1845760021194026e-05,-3.537832381393495e-05,-0.0003210501269126947,0.02127659574468085,0.5499777021562874,0.4038216899409769,0.3404255319148936,0.46808510638297873
0.5,1,1,0,0.5,0.5,32,47,47,16,22,17,27,-3.2595577834231597e-05,-0.00019721940367519011,-5.1845760021194026e-05,-3.537832381393495e-05,-0.0003210501269126947,0.02127659574468085,0.5499777021562874,0.4038216899409769,0.3404255319148936,0.46808510638297873
0.5,1,1,0,0.75,0.5,32,47,47,16,22,17,27,-3.2595577834231597e-05,-0.00019721940367519011,-5.1845760021194026e-05,-3.537832381393495e-05,-0.0003210501269126947,0.02127659574468085,0.5499777021562874,0.4038216899409769,0.3404255319148936,0.46808510638297873
0.5,1,1,0,1.0,0.5,32,47,47,16,22,17,27,-3.2595577834231597e-05,-0.00019721940367519011,-5.1845760021194026e-05,-3.537832381393495e-05,-0.0003210501269126947,0.02127659574468085,0.5499777021562874,0.4038216899409769,0.3404255319148936,0.46808510638297873
0.5,1,1,1,0.5,0.5,32,47,47,16,22,17,27,-3.2595577834231597e-05,-0.00019721940367519011,-5.1845760021194026e-05,-3.537832381393495e-05,-0.0003210501269126947,0.02127659574468085,0.5499777021562874,0.4038216899409769,0.3404255319148936,0.46808510638297873
0.5,1,1,1,0.75,0.5,32,47,47,16,22,17,27,-3.2595577834231597e-05,-0.00019721940367519011,-5.1845760021194026e-05,-3.537832381393495e-05,-0.0003210501269126947,0.02127659574468085,0.5499777021562874,0.4038216899409769,0.3404255319148936,0.46808510638297873
0.5,1,1,1,1.0,0.5,32,47,47,16,22,17,27,-3.2595577834231597e-05,-0.00019721940367519011,-5.1845760021194026e-05,-3.537832381393495e-05,-0.0003210501269126947,0.02127659574468085,0.5499777021562874,0.4038216899409769,0.3404255319148936,0.46808510638297873
0.5,1,1,999,0.5,0.5,32,47,47,16,22,17,27,-3.2595577834231597e-05,-0.00019721940367519011,-5.1845760021194026e-05,-3.537832381393495e-05,-0.0003210501269126947,0.02127659574468085,0.5499777021562874,0.4038216899409769,0.3404255319148936,0.46808510638297873
0.5,1,1,999,0.75,0.5,32,47,47,16,22,17,27,-3.2595577834231597e-05,-0.00019721940367519011,-5.1845760021194026e-05,-3.537832381393495e-05,-0.0003210501269126947,0.02127659574468085,0.5499777021562874,0.4038216899409769,0.3404255319148936,0.46808510638297873
0.5,1,1,999,1.0,0.5,32,47,47,16,22,17,27,-3.2595577834231597e-05,-0.00019721940367519011,-5.1845760021194026e-05,-3.537832381393495e-05,-0.0003210501269126947,0.02127659574468085,0.5499777021562874,0.4038216899409769,0.3404255319148936,0.46808510638297873
0.5,1,999,0,0.5,0.5,32,47,47,16,22,17,27,-3.2595577834231597e-05,-0.00019721940367519011,-5.1845760021194026e-05,-3.537832381393495e-05,-0.0003210501269126947,0.02127659574468085,0.5499777021562874,0.4038216899409769,0.3404255319148936,0.46808510638297873
0.5,1,999,0,0.75,0.5,32,47,47,16,22,17,27,-3.2595577834231597e-05,-0.00019721940367519011,-5.1845760021194026e-05,-3.537832381393495e-05,-0.0003210501269126947,0.02127659574468085,0.5499777021562874,0.4038216899409769,0.3404255319148936,0.46808510638297873
0.5,1,999,0,1.0,0.5,32,47,47,16,22,17,27,-3.2595577834231597e-05,-0.00019721940367519011,-5.1845760021194026e-05,-3.537832381393495e-05,-0.0003210501269126947,0.02127659574468085,0.5499777021562874,0.4038216899409769,0.3404255319148936,0.46808510638297873
0.5,1,999,1,0.5,0.5,32,47,47,16,22,17,27,-3.2595577834231597e-05,-0.00019721940367519011,-5.1845760021194026e-05,-3.537832381393495e-05,-0.0003210501269126947,0.02127659574468085,0.5499777021562874,0.4038216899409769,0.3404255319148936,0.46808510638297873
0.5,1,999,1,0.75,0.5,32,47,47,16,22,17,27,-3.2595577834231597e-05,-0.00019721940367519011,-5.1845760021194026e-05,-3.537832381393495e-05,-0.0003210501269126947,0.02127659574468085,0.5499777021562874,0.4038216899409769,0.3404255319148936,0.46808510638297873
0.5,1,999,1,1.0,0.5,32,47,47,16,22,17,27,-3.2595577834231597e-05,-0.00019721940367519011,-5.1845760021194026e-05,-3.537832381393495e-05,-0.0003210501269126947,0.02127659574468085,0.5499777021562874,0.4038216899409769,0.3404255319148936,0.46808510638297873
0.5,1,999,999,0.5,0.5,32,47,47,16,22,17,27,-3.2595577834231597e-05,-0.00019721940367519011,-5.1845760021194026e-05,-3.537832381393495e-05,-0.0003210501269126947,0.02127659574468085,0.5499777021562874,0.4038216899409769,0.3404255319148936,0.46808510638297873
0.5,1,999,999,0.75,0.5,32,47,47,16,22,17,27,-3.2595577834231597e-05,-0.00019721940367519011,-5.1845760021194026e-05,-3.537832381393495e-05,-0.0003210501269126947,0.02127659574468085,0.5499777021562874,0.4038216899409769,0.3404255319148936,0.46808510638297873
0.5,1,999,999,1.0,0.5,32,47,47,16,22,17,27,-3.2595577834231597e-05,-0.00019721940367519011,-5.1845760021194026e-05,-3.537832381393495e-05,-0.0003210501269126947,0.02127659574468085,0.5499777021562874,0.4038216899409769,0.3404255319148936,0.46808510638297873
0.0,0,0,0,0.5,0.5,64,50,50,17,24,18,28,-2.9825116749653368e-05,-0.0001968964416628854,-2.62763781886329e-05,-5.8426279399808485e-06,-0.0003362081178713789,0.02,0.5467158821321734,0.4020777686614774,0.34,0.48
0.0,0,0,0,0.5,0.5,128,50,50,17,24,18,28,-2.9825116749653368e-05,-0.0001968964416628854,-2.62763781886329e-05,-5.8426279399808485e-06,-0.0003362081178713789,0.02,0.5467158821321734,0.4020777686614774,0.34,0.48
0.0,0,0,0,0.5,0.5,999999,50,50,17,24,18,28,-2.9825116749653368e-05,-0.0001968964416628854,-2.62763781886329e-05,-5.8426279399808485e-06,-0.0003362081178713789,0.02,0.5467158821321734,0.4020777686614774,0.34,0.48
0.0,0,0,0,0.75,0.5,64,50,50,17,24,18,28,-2.9825116749653368e-05,-0.0001968964416628854,-2.62763781886329e-05,-5.8426279399808485e-06,-0.0003362081178713789,0.02,0.5467158821321734,0.4020777686614774,0.34,0.48
0.0,0,0,0,0.75,0.5,128,50,50,17,24,18,28,-2.9825116749653368e-05,-0.0001968964416628854,-2.62763781886329e-05,-5.8426279399808485e-06,-0.0003362081178713789,0.02,0.5467158821321734,0.4020777686614774,0.34,0.48
0.0,0,0,0,0.75,0.5,999999,50,50,17,24,18,28,-2.9825116749653368e-05,-0.0001968964416628854,-2.62763781886329e-05,-5.8426279399808485e-06,-0.0003362081178713789,0.02,0.5467158821321734,0.4020777686614774,0.34,0.48
0.0,0,0,0,1.0,0.5,64,50,50,17,24,18,28,-2.9825116749653368e-05,-0.0001968964416628854,-2.62763781886329e-05,-5.8426279399808485e-06,-0.0003362081178713789,0.02,0.5467158821321734,0.4020777686614774,0.34,0.48
0.0,0,0,0,1.0,0.5,128,50,50,17,24,18,28,-2.9825116749653368e-05,-0.0001968964416628854,-2.62763781886329e-05,-5.8426279399808485e-06,-0.0003362081178713789,0.02,0.5467158821321734,0.4020777686614774,0.34,0.48
0.0,0,0,0,1.0,0.5,999999,50,50,17,24,18,28,-2.9825116749653368e-05,-0.0001968964416628854,-2.62763781886329e-05,-5.8426279399808485e-06,-0.0003362081178713789,0.02,0.5467158821321734,0.4020777686614774,0.34,0.48
0.0,0,0,1,0.5,0.5,64,50,50,17,24,18,28,-2.9825116749653368e-05,-0.0001968964416628854,-2.62763781886329e-05,-5.8426279399808485e-06,-0.0003362081178713789,0.02,0.5467158821321734,0.4020777686614774,0.34,0.48
0.0,0,0,1,0.5,0.5,128,50,50,17,24,18,28,-2.9825116749653368e-05,-0.0001968964416628854,-2.62763781886329e-05,-5.8426279399808485e-06,-0.0003362081178713789,0.02,0.5467158821321734,0.4020777686614774,0.34,0.48
0.0,0,0,1,0.5,0.5,999999,50,50,17,24,18,28,-2.9825116749653368e-05,-0.0001968964416628854,-2.62763781886329e-05,-5.8426279399808485e-06,-0.0003362081178713789,0.02,0.5467158821321734,0.4020777686614774,0.34,0.48
0.0,0,0,1,0.75,0.5,64,50,50,17,24,18,28,-2.9825116749653368e-05,-0.0001968964416628854,-2.62763781886329e-05,-5.8426279399808485e-06,-0.0003362081178713789,0.02,0.5467158821321734,0.4020777686614774,0.34,0.48
0.0,0,0,1,0.75,0.5,128,50,50,17,24,18,28,-2.9825116749653368e-05,-0.0001968964416628854,-2.62763781886329e-05,-5.8426279399808485e-06,-0.0003362081178713789,0.02,0.5467158821321734,0.4020777686614774,0.34,0.48
0.0,0,0,1,0.75,0.5,999999,50,50,17,24,18,28,-2.9825116749653368e-05,-0.0001968964416628854,-2.62763781886329e-05,-5.8426279399808485e-06,-0.0003362081178713789,0.02,0.5467158821321734,0.4020777686614774,0.34,0.48
0.0,0,0,1,1.0,0.5,64,50,50,17,24,18,28,-2.9825116749653368e-05,-0.0001968964416628854,-2.62763781886329e-05,-5.8426279399808485e-06,-0.0003362081178713789,0.02,0.5467158821321734,0.4020777686614774,0.34,0.48
0.0,0,0,1,1.0,0.5,128,50,50,17,24,18,28,-2.9825116749653368e-05,-0.0001968964416628854,-2.62763781886329e-05,-5.8426279399808485e-06,-0.0003362081178713789,0.02,0.5467158821321734,0.4020777686614774,0.34,0.48
0.0,0,0,1,1.0,0.5,999999,50,50,17,24,18,28,-2.9825116749653368e-05,-0.0001968964416628854,-2.62763781886329e-05,-5.8426279399808485e-06,-0.0003362081178713789,0.02,0.5467158821321734,0.4020777686614774,0.34,0.48
0.0,0,0,999,0.5,0.5,64,50,50,17,24,18,28,-2.9825116749653368e-05,-0.0001968964416628854,-2.62763781886329e-05,-5.8426279399808485e-06,-0.0003362081178713789,0.02,0.5467158821321734,0.4020777686614774,0.34,0.48
0.0,0,0,999,0.5,0.5,128,50,50,17,24,18,28,-2.9825116749653368e-05,-0.0001968964416628854,-2.62763781886329e-05,-5.8426279399808485e-06,-0.0003362081178713789,0.02,0.5467158821321734,0.4020777686614774,0.34,0.48
0.0,0,0,999,0.5,0.5,999999,50,50,17,24,18,28,-2.9825116749653368e-05,-0.0001968964416628854,-2.62763781886329e-05,-5.8426279399808485e-06,-0.0003362081178713789,0.02,0.5467158821321734,0.4020777686614774,0.34,0.48
0.0,0,0,999,0.75,0.5,64,50,50,17,24,18,28,-2.9825116749653368e-05,-0.0001968964416628854,-2.62763781886329e-05,-5.8426279399808485e-06,-0.0003362081178713789,0.02,0.5467158821321734,0.4020777686614774,0.34,0.48
0.0,0,0,999,0.75,0.5,128,50,50,17,24,18,28,-2.9825116749653368e-05,-0.0001968964416628854,-2.62763781886329e-05,-5.8426279399808485e-06,-0.0003362081178713789,0.02,0.5467158821321734,0.4020777686614774,0.34,0.48
0.0,0,0,999,0.75,0.5,999999,50,50,17,24,18,28,-2.9825116749653368e-05,-0.0001968964416628854,-2.62763781886329e-05,-5.8426279399808485e-06,-0.0003362081178713789,0.02,0.5467158821321734,0.4020777686614774,0.34,0.48
0.0,0,0,999,1.0,0.5,64,50,50,17,24,18,28,-2.9825116749653368e-05,-0.0001968964416628854,-2.62763781886329e-05,-5.8426279399808485e-06,-0.0003362081178713789,0.02,0.5467158821321734,0.4020777686614774,0.34,0.48
0.0,0,0,999,1.0,0.5,128,50,50,17,24,18,28,-2.9825116749653368e-05,-0.0001968964416628854,-2.62763781886329e-05,-5.8426279399808485e-06,-0.0003362081178713789,0.02,0.5467158821321734,0.4020777686614774,0.34,0.48
0.0,0,0,999,1.0,0.5,999999,50,50,17,24,18,28,-2.9825116749653368e-05,-0.0001968964416628854,-2.62763781886329e-05,-5.8426279399808485e-06,-0.0003362081178713789,0.02,0.5467158821321734,0.4020777686614774,0.34,0.48
0.0,0,1,0,0.5,0.5,64,50,50,17,24,18,28,-2.9825116749653368e-05,-0.0001968964416628854,-2.62763781886329e-05,-5.8426279399808485e-06,-0.0003362081178713789,0.02,0.5467158821321734,0.4020777686614774,0.34,0.48
0.0,0,1,0,0.5,0.5,128,50,50,17,24,18,28,-2.9825116749653368e-05,-0.0001968964416628854,-2.62763781886329e-05,-5.8426279399808485e-06,-0.0003362081178713789,0.02,0.5467158821321734,0.4020777686614774,0.34,0.48
0.0,0,1,0,0.5,0.5,999999,50,50,17,24,18,28,-2.9825116749653368e-05,-0.0001968964416628854,-2.62763781886329e-05,-5.8426279399808485e-06,-0.0003362081178713789,0.02,0.5467158821321734,0.4020777686614774,0.34,0.48
0.0,0,1,0,0.75,0.5,64,50,50,17,24,18,28,-2.9825116749653368e-05,-0.0001968964416628854,-2.62763781886329e-05,-5.8426279399808485e-06,-0.0003362081178713789,0.02,0.5467158821321734,0.4020777686614774,0.34,0.48
0.0,0,1,0,0.75,0.5,128,50,50,17,24,18,28,-2.9825116749653368e-05,-0.0001968964416628854,-2.62763781886329e-05,-5.8426279399808485e-06,-0.0003362081178713789,0.02,0.5467158821321734,0.4020777686614774,0.34,0.48
0.0,0,1,0,0.75,0.5,999999,50,50,17,24,18,28,-2.9825116749653368e-05,-0.0001968964416628854,-2.62763781886329e-05,-5.8426279399808485e-06,-0.0003362081178713789,0.02,0.5467158821321734,0.4020777686614774,0.34,0.48
0.0,0,1,0,1.0,0.5,64,50,50,17,24,18,28,-2.9825116749653368e-05,-0.0001968964416628854,-2.62763781886329e-05,-5.8426279399808485e-06,-0.0003362081178713789,0.02,0.5467158821321734,0.4020777686614774,0.34,0.48
0.0,0,1,0,1.0,0.5,128,50,50,17,24,18,28,-2.9825116749653368e-05,-0.0001968964416628854,-2.62763781886329e-05,-5.8426279399808485e-06,-0.0003362081178713789,0.02,0.5467158821321734,0.4020777686614774,0.34,0.48
0.0,0,1,0,1.0,0.5,999999,50,50,17,24,18,28,-2.9825116749653368e-05,-0.0001968964416628854,-2.62763781886329e-05,-5.8426279399808485e-06,-0.0003362081178713789,0.02,0.5467158821321734,0.4020777686614774,0.34,0.48
0.0,0,1,1,0.5,0.5,64,50,50,17,24,18,28,-2.9825116749653368e-05,-0.0001968964416628854,-2.62763781886329e-05,-5.8426279399808485e-06,-0.0003362081178713789,0.02,0.5467158821321734,0.4020777686614774,0.34,0.48
0.0,0,1,1,0.5,0.5,128,50,50,17,24,18,28,-2.9825116749653368e-05,-0.0001968964416628854,-2.62763781886329e-05,-5.8426279399808485e-06,-0.0003362081178713789,0.02,0.5467158821321734,0.4020777686614774,0.34,0.48
0.0,0,1,1,0.5,0.5,999999,50,50,17,24,18,28,-2.9825116749653368e-05,-0.0001968964416628854,-2.62763781886329e-05,-5.8426279399808485e-06,-0.0003362081178713789,0.02,0.5467158821321734,0.4020777686614774,0.34,0.48
0.0,0,1,1,0.75,0.5,64,50,50,17,24,18,28,-2.9825116749653368e-05,-0.0001968964416628854,-2.62763781886329e-05,-5.8426279399808485e-06,-0.0003362081178713789,0.02,0.5467158821321734,0.4020777686614774,0.34,0.48
0.0,0,1,1,0.75,0.5,128,50,50,17,24,18,28,-2.9825116749653368e-05,-0.0001968964416628854,-2.62763781886329e-05,-5.8426279399808485e-06,-0.0003362081178713789,0.02,0.5467158821321734,0.4020777686614774,0.34,0.48
0.0,0,1,1,0.75,0.5,999999,50,50,17,24,18,28,-2.9825116749653368e-05,-0.0001968964416628854,-2.62763781886329e-05,-5.8426279399808485e-06,-0.0003362081178713789,0.02,0.5467158821321734,0.4020777686614774,0.34,0.48
0.0,0,1,1,1.0,0.5,64,50,50,17,24,18,28,-2.9825116749653368e-05,-0.0001968964416628854,-2.62763781886329e-05,-5.8426279399808485e-06,-0.0003362081178713789,0.02,0.5467158821321734,0.4020777686614774,0.34,0.48
0.0,0,1,1,1.0,0.5,128,50,50,17,24,18,28,-2.9825116749653368e-05,-0.0001968964416628854,-2.62763781886329e-05,-5.8426279399808485e-06,-0.0003362081178713789,0.02,0.5467158821321734,0.4020777686614774,0.34,0.48
0.0,0,1,1,1.0,0.5,999999,50,50,17,24,18,28,-2.9825116749653368e-05,-0.0001968964416628854,-2.62763781886329e-05,-5.8426279399808485e-06,-0.0003362081178713789,0.02,0.5467158821321734,0.4020777686614774,0.34,0.48
0.0,0,1,999,0.5,0.5,64,50,50,17,24,18,28,-2.9825116749653368e-05,-0.0001968964416628854,-2.62763781886329e-05,-5.8426279399808485e-06,-0.0003362081178713789,0.02,0.5467158821321734,0.4020777686614774,0.34,0.48
0.0,0,1,999,0.5,0.5,128,50,50,17,24,18,28,-2.9825116749653368e-05,-0.0001968964416628854,-2.62763781886329e-05,-5.8426279399808485e-06,-0.0003362081178713789,0.02,0.5467158821321734,0.4020777686614774,0.34,0.48
0.0,0,1,999,0.5,0.5,999999,50,50,17,24,18,28,-2.9825116749653368e-05,-0.0001968964416628854,-2.62763781886329e-05,-5.8426279399808485e-06,-0.0003362081178713789,0.02,0.5467158821321734,0.4020777686614774,0.34,0.48
0.0,0,1,999,0.75,0.5,64,50,50,17,24,18,28,-2.9825116749653368e-05,-0.0001968964416628854,-2.62763781886329e-05,-5.8426279399808485e-06,-0.0003362081178713789,0.02,0.5467158821321734,0.4020777686614774,0.34,0.48
0.0,0,1,999,0.75,0.5,128,50,50,17,24,18,28,-2.9825116749653368e-05,-0.0001968964416628854,-2.62763781886329e-05,-5.8426279399808485e-06,-0.0003362081178713789,0.02,0.5467158821321734,0.4020777686614774,0.34,0.48
0.0,0,1,999,0.75,0.5,999999,50,50,17,24,18,28,-2.9825116749653368e-05,-0.0001968964416628854,-2.62763781886329e-05,-5.8426279399808485e-06,-0.0003362081178713789,0.02,0.5467158821321734,0.4020777686614774,0.34,0.48
0.0,0,1,999,1.0,0.5,64,50,50,17,24,18,28,-2.9825116749653368e-05,-0.0001968964416628854,-2.62763781886329e-05,-5.8426279399808485e-06,-0.0003362081178713789,0.02,0.5467158821321734,0.4020777686614774,0.34,0.48
0.0,0,1,999,1.0,0.5,128,50,50,17,24,18,28,-2.9825116749653368e-05,-0.0001968964416628854,-2.62763781886329e-05,-5.8426279399808485e-06,-0.0003362081178713789,0.02,0.5467158821321734,0.4020777686614774,0.34,0.48
0.0,0,1,999,1.0,0.5,999999,50,50,17,24,18,28,-2.9825116749653368e-05,-0.0001968964416628854,-2.62763781886329e-05,-5.8426279399808485e-06,-0.0003362081178713789,0.02,0.5467158821321734,0.4020777686614774,0.34,0.48
0.0,0,999,0,0.5,0.5,64,50,50,17,24,18,28,-2.9825116749653368e-05,-0.0001968964416628854,-2.62763781886329e-05,-5.8426279399808485e-06,-0.0003362081178713789,0.02,0.5467158821321734,0.4020777686614774,0.34,0.48
0.0,0,999,0,0.5,0.5,128,50,50,17,24,18,28,-2.9825116749653368e-05,-0.0001968964416628854,-2.62763781886329e-05,-5.8426279399808485e-06,-0.0003362081178713789,0.02,0.5467158821321734,0.4020777686614774,0.34,0.48
0.0,0,999,0,0.5,0.5,999999,50,50,17,24,18,28,-2.9825116749653368e-05,-0.0001968964416628854,-2.62763781886329e-05,-5.8426279399808485e-06,-0.0003362081178713789,0.02,0.5467158821321734,0.4020777686614774,0.34,0.48
0.0,0,999,0,0.75,0.5,64,50,50,17,24,18,28,-2.9825116749653368e-05,-0.0001968964416628854,-2.62763781886329e-05,-5.8426279399808485e-06,-0.0003362081178713789,0.02,0.5467158821321734,0.4020777686614774,0.34,0.48
0.0,0,999,0,0.75,0.5,128,50,50,17,24,18,28,-2.9825116749653368e-05,-0.0001968964416628854,-2.62763781886329e-05,-5.8426279399808485e-06,-0.0003362081178713789,0.02,0.5467158821321734,0.4020777686614774,0.34,0.48
0.0,0,999,0,0.75,0.5,999999,50,50,17,24,18,28,-2.9825116749653368e-05,-0.0001968964416628854,-2.62763781886329e-05,-5.8426279399808485e-06,-0.0003362081178713789,0.02,0.5467158821321734,0.4020777686614774,0.34,0.48
0.0,0,999,0,1.0,0.5,64,50,50,17,24,18,28,-2.9825116749653368e-05,-0.0001968964416628854,-2.62763781886329e-05,-5.8426279399808485e-06,-0.0003362081178713789,0.02,0.5467158821321734,0.4020777686614774,0.34,0.48
0.0,0,999,0,1.0,0.5,128,50,50,17,24,18,28,-2.9825116749653368e-05,-0.0001968964416628854,-2.62763781886329e-05,-5.8426279399808485e-06,-0.0003362081178713789,0.02,0.5467158821321734,0.4020777686614774,0.34,0.48
0.0,0,999,0,1.0,0.5,999999,50,50,17,24,18,28,-2.9825116749653368e-05,-0.0001968964416628854,-2.62763781886329e-05,-5.8426279399808485e-06,-0.0003362081178713789,0.02,0.5467158821321734,0.4020777686614774,0.34,0.48
0.0,0,999,1,0.5,0.5,64,50,50,17,24,18,28,-2.9825116749653368e-05,-0.0001968964416628854,-2.62763781886329e-05,-5.8426279399808485e-06,-0.0003362081178713789,0.02,0.5467158821321734,0.4020777686614774,0.34,0.48
0.0,0,999,1,0.5,0.5,128,50,50,17,24,18,28,-2.9825116749653368e-05,-0.0001968964416628854,-2.62763781886329e-05,-5.8426279399808485e-06,-0.0003362081178713789,0.02,0.5467158821321734,0.4020777686614774,0.34,0.48
0.0,0,999,1,0.5,0.5,999999,50,50,17,24,18,28,-2.9825116749653368e-05,-0.0001968964416628854,-2.62763781886329e-05,-5.8426279399808485e-06,-0.0003362081178713789,0.02,0.5467158821321734,0.4020777686614774,0.34,0.48
0.0,0,999,1,0.75,0.5,64,50,50,17,24,18,28,-2.9825116749653368e-05,-0.0001968964416628854,-2.62763781886329e-05,-5.8426279399808485e-06,-0.0003362081178713789,0.02,0.5467158821321734,0.4020777686614774,0.34,0.48
0.0,0,999,1,0.75,0.5,128,50,50,17,24,18,28,-2.9825116749653368e-05,-0.0001968964416628854,-2.62763781886329e-05,-5.8426279399808485e-06,-0.0003362081178713789,0.02,0.5467158821321734,0.4020777686614774,0.34,0.48
0.0,0,999,1,0.75,0.5,999999,50,50,17,24,18,28,-2.9825116749653368e-05,-0.0001968964416628854,-2.62763781886329e-05,-5.8426279399808485e-06,-0.0003362081178713789,0.02,0.5467158821321734,0.4020777686614774,0.34,0.48
0.0,0,999,1,1.0,0.5,64,50,50,17,24,18,28,-2.9825116749653368e-05,-0.0001968964416628854,-2.62763781886329e-05,-5.8426279399808485e-06,-0.0003362081178713789,0.02,0.5467158821321734,0.4020777686614774,0.34,0.48
0.0,0,999,1,1.0,0.5,128,50,50,17,24,18,28,-2.9825116749653368e-05,-0.0001968964416628854,-2.62763781886329e-05,-5.8426279399808485e-06,-0.0003362081178713789,0.02,0.5467158821321734,0.4020777686614774,0.34,0.48
0.0,0,999,1,1.0,0.5,999999,50,50,17,24,18,28,-2.9825116749653368e-05,-0.0001968964416628854,-2.62763781886329e-05,-5.8426279399808485e-06,-0.0003362081178713789,0.02,0.5467158821321734,0.4020777686614774,0.34,0.48
0.0,0,999,999,0.5,0.5,64,50,50,17,24,18,28,-2.9825116749653368e-05,-0.0001968964416628854,-2.62763781886329e-05,-5.8426279399808485e-06,-0.0003362081178713789,0.02,0.5467158821321734,0.4020777686614774,0.34,0.48
0.0,0,999,999,0.5,0.5,128,50,50,17,24,18,28,-2.9825116749653368e-05,-0.0001968964416628854,-2.62763781886329e-05,-5.8426279399808485e-06,-0.0003362081178713789,0.02,0.5467158821321734,0.4020777686614774,0.34,0.48
0.0,0,999,999,0.5,0.5,999999,50,50,17,24,18,28,-2.9825116749653368e-05,-0.0001968964416628854,-2.62763781886329e-05,-5.8426279399808485e-06,-0.0003362081178713789,0.02,0.5467158821321734,0.4020777686614774,0.34,0.48
0.0,0,999,999,0.75,0.5,64,50,50,17,24,18,28,-2.9825116749653368e-05,-0.0001968964416628854,-2.62763781886329e-05,-5.8426279399808485e-06,-0.0003362081178713789,0.02,0.5467158821321734,0.4020777686614774,0.34,0.48
0.0,0,999,999,0.75,0.5,128,50,50,17,24,18,28,-2.9825116749653368e-05,-0.0001968964416628854,-2.62763781886329e-05,-5.8426279399808485e-06,-0.0003362081178713789,0.02,0.5467158821321734,0.4020777686614774,0.34,0.48
0.0,0,999,999,0.75,0.5,999999,50,50,17,24,18,28,-2.9825116749653368e-05,-0.0001968964416628854,-2.62763781886329e-05,-5.8426279399808485e-06,-0.0003362081178713789,0.02,0.5467158821321734,0.4020777686614774,0.34,0.48
0.0,0,999,999,1.0,0.5,64,50,50,17,24,18,28,-2.9825116749653368e-05,-0.0001968964416628854,-2.62763781886329e-05,-5.8426279399808485e-06,-0.0003362081178713789,0.02,0.5467158821321734,0.4020777686614774,0.34,0.48
0.0,0,999,999,1.0,0.5,128,50,50,17,24,18,28,-2.9825116749653368e-05,-0.0001968964416628854,-2.62763781886329e-05,-5.8426279399808485e-06,-0.0003362081178713789,0.02,0.5467158821321734,0.4020777686614774,0.34,0.48
0.0,0,999,999,1.0,0.5,999999,50,50,17,24,18,28,-2.9825116749653368e-05,-0.0001968964416628854,-2.62763781886329e-05,-5.8426279399808485e-06,-0.0003362081178713789,0.02,0.5467158821321734,0.4020777686614774,0.34,0.48
0.0,1,0,0,0.5,0.5,64,50,50,17,24,18,28,-2.9825116749653368e-05,-0.0001968964416628854,-2.62763781886329e-05,-5.8426279399808485e-06,-0.0003362081178713789,0.02,0.5467158821321734,0.4020777686614774,0.34,0.48
0.0,1,0,0,0.5,0.5,128,50,50,17,24,18,28,-2.9825116749653368e-05,-0.0001968964416628854,-2.62763781886329e-05,-5.8426279399808485e-06,-0.0003362081178713789,0.02,0.5467158821321734,0.4020777686614774,0.34,0.48
0.0,1,0,0,0.5,0.5,999999,50,50,17,24,18,28,-2.9825116749653368e-05,-0.0001968964416628854,-2.62763781886329e-05,-5.8426279399808485e-06,-0.0003362081178713789,0.02,0.5467158821321734,0.4020777686614774,0.34,0.48
0.0,1,0,0,0.75,0.5,64,50,50,17,24,18,28,-2.9825116749653368e-05,-0.0001968964416628854,-2.62763781886329e-05,-5.8426279399808485e-06,-0.0003362081178713789,0.02,0.5467158821321734,0.4020777686614774,0.34,0.48
0.0,1,0,0,0.75,0.5,128,50,50,17,24,18,28,-2.9825116749653368e-05,-0.0001968964416628854,-2.62763781886329e-05,-5.8426279399808485e-06,-0.0003362081178713789,0.02,0.5467158821321734,0.4020777686614774,0.34,0.48
0.0,1,0,0,0.75,0.5,999999,50,50,17,24,18,28,-2.9825116749653368e-05,-0.0001968964416628854,-2.62763781886329e-05,-5.8426279399808485e-06,-0.0003362081178713789,0.02,0.5467158821321734,0.4020777686614774,0.34,0.48
0.0,1,0,0,1.0,0.5,64,50,50,17,24,18,28,-2.9825116749653368e-05,-0.0001968964416628854,-2.62763781886329e-05,-5.8426279399808485e-06,-0.0003362081178713789,0.02,0.5467158821321734,0.4020777686614774,0.34,0.48
0.0,1,0,0,1.0,0.5,128,50,50,17,24,18,28,-2.9825116749653368e-05,-0.0001968964416628854,-2.62763781886329e-05,-5.8426279399808485e-06,-0.0003362081178713789,0.02,0.5467158821321734,0.4020777686614774,0.34,0.48
0.0,1,0,0,1.0,0.5,999999,50,50,17,24,18,28,-2.9825116749653368e-05,-0.0001968964416628854,-2.62763781886329e-05,-5.8426279399808485e-06,-0.0003362081178713789,0.02,0.5467158821321734,0.4020777686614774,0.34,0.48
0.0,1,0,1,0.5,0.5,64,50,50,17,24,18,28,-2.9825116749653368e-05,-0.0001968964416628854,-2.62763781886329e-05,-5.8426279399808485e-06,-0.0003362081178713789,0.02,0.5467158821321734,0.4020777686614774,0.34,0.48
0.0,1,0,1,0.5,0.5,128,50,50,17,24,18,28,-2.9825116749653368e-05,-0.0001968964416628854,-2.62763781886329e-05,-5.8426279399808485e-06,-0.0003362081178713789,0.02,0.5467158821321734,0.4020777686614774,0.34,0.48
0.0,1,0,1,0.5,0.5,999999,50,50,17,24,18,28,-2.9825116749653368e-05,-0.0001968964416628854,-2.62763781886329e-05,-5.8426279399808485e-06,-0.0003362081178713789,0.02,0.5467158821321734,0.4020777686614774,0.34,0.48
0.0,1,0,1,0.75,0.5,64,50,50,17,24,18,28,-2.9825116749653368e-05,-0.0001968964416628854,-2.62763781886329e-05,-5.8426279399808485e-06,-0.0003362081178713789,0.02,0.5467158821321734,0.4020777686614774,0.34,0.48
0.0,1,0,1,0.75,0.5,128,50,50,17,24,18,28,-2.9825116749653368e-05,-0.0001968964416628854,-2.62763781886329e-05,-5.8426279399808485e-06,-0.0003362081178713789,0.02,0.5467158821321734,0.4020777686614774,0.34,0.48
0.0,1,0,1,0.75,0.5,999999,50,50,17,24,18,28,-2.9825116749653368e-05,-0.0001968964416628854,-2.62763781886329e-05,-5.8426279399808485e-06,-0.0003362081178713789,0.02,0.5467158821321734,0.4020777686614774,0.34,0.48
0.0,1,0,1,1.0,0.5,64,50,50,17,24,18,28,-2.9825116749653368e-05,-0.0001968964416628854,-2.62763781886329e-05,-5.8426279399808485e-06,-0.0003362081178713789,0.02,0.5467158821321734,0.4020777686614774,0.34,0.48
0.0,1,0,1,1.0,0.5,128,50,50,17,24,18,28,-2.9825116749653368e-05,-0.0001968964416628854,-2.62763781886329e-05,-5.8426279399808485e-06,-0.0003362081178713789,0.02,0.5467158821321734,0.4020777686614774,0.34,0.48
0.0,1,0,1,1.0,0.5,999999,50,50,17,24,18,28,-2.9825116749653368e-05,-0.0001968964416628854,-2.62763781886329e-05,-5.8426279399808485e-06,-0.0003362081178713789,0.02,0.5467158821321734,0.4020777686614774,0.34,0.48
0.0,1,0,999,0.5,0.5,64,50,50,17,24,18,28,-2.9825116749653368e-05,-0.0001968964416628854,-2.62763781886329e-05,-5.8426279399808485e-06,-0.0003362081178713789,0.02,0.5467158821321734,0.4020777686614774,0.34,0.48
0.0,1,0,999,0.5,0.5,128,50,50,17,24,18,28,-2.9825116749653368e-05,-0.0001968964416628854,-2.62763781886329e-05,-5.8426279399808485e-06,-0.0003362081178713789,0.02,0.5467158821321734,0.4020777686614774,0.34,0.48
0.0,1,0,999,0.5,0.5,999999,50,50,17,24,18,28,-2.9825116749653368e-05,-0.0001968964416628854,-2.62763781886329e-05,-5.8426279399808485e-06,-0.0003362081178713789,0.02,0.5467158821321734,0.4020777686614774,0.34,0.48
0.0,1,0,999,0.75,0.5,64,50,50,17,24,18,28,-2.9825116749653368e-05,-0.0001968964416628854,-2.62763781886329e-05,-5.8426279399808485e-06,-0.0003362081178713789,0.02,0.5467158821321734,0.4020777686614774,0.34,0.48
0.0,1,0,999,0.75,0.5,128,50,50,17,24,18,28,-2.9825116749653368e-05,-0.0001968964416628854,-2.62763781886329e-05,-5.8426279399808485e-06,-0.0003362081178713789,0.02,0.5467158821321734,0.4020777686614774,0.34,0.48
0.0,1,0,999,0.75,0.5,999999,50,50,17,24,18,28,-2.9825116749653368e-05,-0.0001968964416628854,-2.62763781886329e-05,-5.8426279399808485e-06,-0.0003362081178713789,0.02,0.5467158821321734,0.4020777686614774,0.34,0.48
0.0,1,0,999,1.0,0.5,64,50,50,17,24,18,28,-2.9825116749653368e-05,-0.0001968964416628854,-2.62763781886329e-05,-5.8426279399808485e-06,-0.0003362081178713789,0.02,0.5467158821321734,0.4020777686614774,0.34,0.48
0.0,1,0,999,1.0,0.5,128,50,50,17,24,18,28,-2.9825116749653368e-05,-0.0001968964416628854,-2.62763781886329e-05,-5.8426279399808485e-06,-0.0003362081178713789,0.02,0.5467158821321734,0.4020777686614774,0.34,0.48
0.0,1,0,999,1.0,0.5,999999,50,50,17,24,18,28,-2.9825116749653368e-05,-0.0001968964416628854,-2.62763781886329e-05,-5.8426279399808485e-06,-0.0003362081178713789,0.02,0.5467158821321734,0.4020777686614774,0.34,0.48
0.0,1,1,0,0.5,0.5,64,50,50,17,24,18,28,-2.9825116749653368e-05,-0.0001968964416628854,-2.62763781886329e-05,-5.8426279399808485e-06,-0.0003362081178713789,0.02,0.5467158821321734,0.4020777686614774,0.34,0.48
0.0,1,1,0,0.5,0.5,128,50,50,17,24,18,28,-2.9825116749653368e-05,-0.0001968964416628854,-2.62763781886329e-05,-5.8426279399808485e-06,-0.0003362081178713789,0.02,0.5467158821321734,0.4020777686614774,0.34,0.48
0.0,1,1,0,0.5,0.5,999999,50,50,17,24,18,28,-2.9825116749653368e-05,-0.0001968964416628854,-2.62763781886329e-05,-5.8426279399808485e-06,-0.0003362081178713789,0.02,0.5467158821321734,0.4020777686614774,0.34,0.48
0.0,1,1,0,0.75,0.5,64,50,50,17,24,18,28,-2.9825116749653368e-05,-0.0001968964416628854,-2.62763781886329e-05,-5.8426279399808485e-06,-0.0003362081178713789,0.02,0.5467158821321734,0.4020777686614774,0.34,0.48
0.0,1,1,0,0.75,0.5,128,50,50,17,24,18,28,-2.9825116749653368e-05,-0.0001968964416628854,-2.62763781886329e-05,-5.8426279399808485e-06,-0.0003362081178713789,0.02,0.5467158821321734,0.4020777686614774,0.34,0.48
0.0,1,1,0,0.75,0.5,999999,50,50,17,24,18,28,-2.9825116749653368e-05,-0.0001968964416628854,-2.62763781886329e-05,-5.8426279399808485e-06,-0.0003362081178713789,0.02,0.5467158821321734,0.4020777686614774,0.34,0.48
0.0,1,1,0,1.0,0.5,64,50,50,17,24,18,28,-2.9825116749653368e-05,-0.0001968964416628854,-2.62763781886329e-05,-5.8426279399808485e-06,-0.0003362081178713789,0.02,0.5467158821321734,0.4020777686614774,0.34,0.48
0.0,1,1,0,1.0,0.5,128,50,50,17,24,18,28,-2.9825116749653368e-05,-0.0001968964416628854,-2.62763781886329e-05,-5.8426279399808485e-06,-0.0003362081178713789,0.02,0.5467158821321734,0.4020777686614774,0.34,0.48
0.0,1,1,0,1.0,0.5,999999,50,50,17,24,18,28,-2.9825116749653368e-05,-0.0001968964416628854,-2.62763781886329e-05,-5.8426279399808485e-06,-0.0003362081178713789,0.02,0.5467158821321734,0.4020777686614774,0.34,0.48
0.0,1,1,1,0.5,0.5,64,50,50,17,24,18,28,-2.9825116749653368e-05,-0.0001968964416628854,-2.62763781886329e-05,-5.8426279399808485e-06,-0.0003362081178713789,0.02,0.5467158821321734,0.4020777686614774,0.34,0.48
0.0,1,1,1,0.5,0.5,128,50,50,17,24,18,28,-2.9825116749653368e-05,-0.0001968964416628854,-2.62763781886329e-05,-5.8426279399808485e-06,-0.0003362081178713789,0.02,0.5467158821321734,0.4020777686614774,0.34,0.48
0.0,1,1,1,0.5,0.5,999999,50,50,17,24,18,28,-2.9825116749653368e-05,-0.0001968964416628854,-2.62763781886329e-05,-5.8426279399808485e-06,-0.0003362081178713789,0.02,0.5467158821321734,0.4020777686614774,0.34,0.48
0.0,1,1,1,0.75,0.5,64,50,50,17,24,18,28,-2.9825116749653368e-05,-0.0001968964416628854,-2.62763781886329e-05,-5.8426279399808485e-06,-0.0003362081178713789,0.02,0.5467158821321734,0.4020777686614774,0.34,0.48
0.0,1,1,1,0.75,0.5,128,50,50,17,24,18,28,-2.9825116749653368e-05,-0.0001968964416628854,-2.62763781886329e-05,-5.8426279399808485e-06,-0.0003362081178713789,0.02,0.5467158821321734,0.4020777686614774,0.34,0.48
0.0,1,1,1,0.75,0.5,999999,50,50,17,24,18,28,-2.9825116749653368e-05,-0.0001968964416628854,-2.62763781886329e-05,-5.8426279399808485e-06,-0.0003362081178713789,0.02,0.5467158821321734,0.4020777686614774,0.34,0.48
0.0,1,1,1,1.0,0.5,64,50,50,17,24,18,28,-2.9825116749653368e-05,-0.0001968964416628854,-2.62763781886329e-05,-5.8426279399808485e-06,-0.0003362081178713789,0.02,0.5467158821321734,0.4020777686614774,0.34,0.48
0.0,1,1,1,1.0,0.5,128,50,50,17,24,18,28,-2.9825116749653368e-05,-0.0001968964416628854,-2.62763781886329e-05,-5.8426279399808485e-06,-0.0003362081178713789,0.02,0.5467158821321734,0.4020777686614774,0.34,0.48
0.0,1,1,1,1.0,0.5,999999,50,50,17,24,18,28,-2.9825116749653368e-05,-0.0001968964416628854,-2.62763781886329e-05,-5.8426279399808485e-06,-0.0003362081178713789,0.02,0.5467158821321734,0.4020777686614774,0.34,0.48
0.0,1,1,999,0.5,0.5,64,50,50,17,24,18,28,-2.9825116749653368e-05,-0.0001968964416628854,-2.62763781886329e-05,-5.8426279399808485e-06,-0.0003362081178713789,0.02,0.5467158821321734,0.4020777686614774,0.34,0.48
0.0,1,1,999,0.5,0.5,128,50,50,17,24,18,28,-2.9825116749653368e-05,-0.0001968964416628854,-2.62763781886329e-05,-5.8426279399808485e-06,-0.0003362081178713789,0.02,0.5467158821321734,0.4020777686614774,0.34,0.48
0.0,1,1,999,0.5,0.5,999999,50,50,17,24,18,28,-2.9825116749653368e-05,-0.0001968964416628854,-2.62763781886329e-05,-5.8426279399808485e-06,-0.0003362081178713789,0.02,0.5467158821321734,0.4020777686614774,0.34,0.48
0.0,1,1,999,0.75,0.5,64,50,50,17,24,18,28,-2.9825116749653368e-05,-0.0001968964416628854,-2.62763781886329e-05,-5.8426279399808485e-06,-0.0003362081178713789,0.02,0.5467158821321734,0.4020777686614774,0.34,0.48
0.0,1,1,999,0.75,0.5,128,50,50,17,24,18,28,-2.9825116749653368e-05,-0.0001968964416628854,-2.62763781886329e-05,-5.8426279399808485e-06,-0.0003362081178713789,0.02,0.5467158821321734,0.4020777686614774,0.34,0.48
0.0,1,1,999,0.75,0.5,999999,50,50,17,24,18,28,-2.9825116749653368e-05,-0.0001968964416628854,-2.62763781886329e-05,-5.8426279399808485e-06,-0.0003362081178713789,0.02,0.5467158821321734,0.4020777686614774,0.34,0.48
0.0,1,1,999,1.0,0.5,64,50,50,17,24,18,28,-2.9825116749653368e-05,-0.0001968964416628854,-2.62763781886329e-05,-5.8426279399808485e-06,-0.0003362081178713789,0.02,0.5467158821321734,0.4020777686614774,0.34,0.48
0.0,1,1,999,1.0,0.5,128,50,50,17,24,18,28,-2.9825116749653368e-05,-0.0001968964416628854,-2.62763781886329e-05,-5.8426279399808485e-06,-0.0003362081178713789,0.02,0.5467158821321734,0.4020777686614774,0.34,0.48
0.0,1,1,999,1.0,0.5,999999,50,50,17,24,18,28,-2.9825116749653368e-05,-0.0001968964416628854,-2.62763781886329e-05,-5.8426279399808485e-06,-0.0003362081178713789,0.02,0.5467158821321734,0.4020777686614774,0.34,0.48
0.0,1,999,0,0.5,0.5,64,50,50,17,24,18,28,-2.9825116749653368e-05,-0.0001968964416628854,-2.62763781886329e-05,-5.8426279399808485e-06,-0.0003362081178713789,0.02,0.5467158821321734,0.4020777686614774,0.34,0.48
0.0,1,999,0,0.5,0.5,128,50,50,17,24,18,28,-2.9825116749653368e-05,-0.0001968964416628854,-2.62763781886329e-05,-5.8426279399808485e-06,-0.0003362081178713789,0.02,0.5467158821321734,0.4020777686614774,0.34,0.48
0.0,1,999,0,0.5,0.5,999999,50,50,17,24,18,28,-2.9825116749653368e-05,-0.0001968964416628854,-2.62763781886329e-05,-5.8426279399808485e-06,-0.0003362081178713789,0.02,0.5467158821321734,0.4020777686614774,0.34,0.48
0.0,1,999,0,0.75,0.5,64,50,50,17,24,18,28,-2.9825116749653368e-05,-0.0001968964416628854,-2.62763781886329e-05,-5.8426279399808485e-06,-0.0003362081178713789,0.02,0.5467158821321734,0.4020777686614774,0.34,0.48
0.0,1,999,0,0.75,0.5,128,50,50,17,24,18,28,-2.9825116749653368e-05,-0.0001968964416628854,-2.62763781886329e-05,-5.8426279399808485e-06,-0.0003362081178713789,0.02,0.5467158821321734,0.4020777686614774,0.34,0.48
0.0,1,999,0,0.75,0.5,999999,50,50,17,24,18,28,-2.9825116749653368e-05,-0.0001968964416628854,-2.62763781886329e-05,-5.8426279399808485e-06,-0.0003362081178713789,0.02,0.5467158821321734,0.4020777686614774,0.34,0.48
0.0,1,999,0,1.0,0.5,64,50,50,17,24,18,28,-2.9825116749653368e-05,-0.0001968964416628854,-2.62763781886329e-05,-5.8426279399808485e-06,-0.0003362081178713789,0.02,0.5467158821321734,0.4020777686614774,0.34,0.48
0.0,1,999,0,1.0,0.5,128,50,50,17,24,18,28,-2.9825116749653368e-05,-0.0001968964416628854,-2.62763781886329e-05,-5.8426279399808485e-06,-0.0003362081178713789,0.02,0.5467158821321734,0.4020777686614774,0.34,0.48
0.0,1,999,0,1.0,0.5,999999,50,50,17,24,18,28,-2.9825116749653368e-05,-0.0001968964416628854,-2.62763781886329e-05,-5.8426279399808485e-06,-0.0003362081178713789,0.02,0.5467158821321734,0.4020777686614774,0.34,0.48
0.0,1,999,1,0.5,0.5,64,50,50,17,24,18,28,-2.9825116749653368e-05,-0.0001968964416628854,-2.62763781886329e-05,-5.8426279399808485e-06,-0.0003362081178713789,0.02,0.5467158821321734,0.4020777686614774,0.34,0.48
0.0,1,999,1,0.5,0.5,128,50,50,17,24,18,28,-2.9825116749653368e-05,-0.0001968964416628854,-2.62763781886329e-05,-5.8426279399808485e-06,-0.0003362081178713789,0.02,0.5467158821321734,0.4020777686614774,0.34,0.48
0.0,1,999,1,0.5,0.5,999999,50,50,17,24,18,28,-2.9825116749653368e-05,-0.0001968964416628854,-2.62763781886329e-05,-5.8426279399808485e-06,-0.0003362081178713789,0.02,0.5467158821321734,0.4020777686614774,0.34,0.48
0.0,1,999,1,0.75,0.5,64,50,50,17,24,18,28,-2.9825116749653368e-05,-0.0001968964416628854,-2.62763781886329e-05,-5.8426279399808485e-06,-0.0003362081178713789,0.02,0.5467158821321734,0.4020777686614774,0.34,0.48
0.0,1,999,1,0.75,0.5,128,50,50,17,24,18,28,-2.9825116749653368e-05,-0.0001968964416628854,-2.62763781886329e-05,-5.8426279399808485e-06,-0.0003362081178713789,0.02,0.5467158821321734,0.4020777686614774,0.34,0.48
0.0,1,999,1,0.75,0.5,999999,50,50,17,24,18,28,-2.9825116749653368e-05,-0.0001968964416628854,-2.62763781886329e-05,-5.8426279399808485e-06,-0.0003362081178713789,0.02,0.5467158821321734,0.4020777686614774,0.34,0.48
0.0,1,999,1,1.0,0.5,64,50,50,17,24,18,28,-2.9825116749653368e-05,-0.0001968964416628854,-2.62763781886329e-05,-5.8426279399808485e-06,-0.0003362081178713789,0.02,0.5467158821321734,0.4020777686614774,0.34,0.48
0.0,1,999,1,1.0,0.5,128,50,50,17,24,18,28,-2.9825116749653368e-05,-0.0001968964416628854,-2.62763781886329e-05,-5.8426279399808485e-06,-0.0003362081178713789,0.02,0.5467158821321734,0.4020777686614774,0.34,0.48
0.0,1,999,1,1.0,0.5,999999,50,50,17,24,18,28,-2.9825116749653368e-05,-0.0001968964416628854,-2.62763781886329e-05,-5.8426279399808485e-06,-0.0003362081178713789,0.02,0.5467158821321734,0.4020777686614774,0.34,0.48
0.0,1,999,999,0.5,0.5,64,50,50,17,24,18,28,-2.9825116749653368e-05,-0.0001968964416628854,-2.62763781886329e-05,-5.8426279399808485e-06,-0.0003362081178713789,0.02,0.5467158821321734,0.4020777686614774,0.34,0.48
0.0,1,999,999,0.5,0.5,128,50,50,17,24,18,28,-2.9825116749653368e-05,-0.0001968964416628854,-2.62763781886329e-05,-5.8426279399808485e-06,-0.0003362081178713789,0.02,0.5467158821321734,0.4020777686614774,0.34,0.48
0.0,1,999,999,0.5,0.5,999999,50,50,17,24,18,28,-2.9825116749653368e-05,-0.0001968964416628854,-2.62763781886329e-05,-5.8426279399808485e-06,-0.0003362081178713789,0.02,0.5467158821321734,0.4020777686614774,0.34,0.48
0.0,1,999,999,0.75,0.5,64,50,50,17,24,18,28,-2.9825116749653368e-05,-0.0001968964416628854,-2.62763781886329e-05,-5.8426279399808485e-06,-0.0003362081178713789,0.02,0.5467158821321734,0.4020777686614774,0.34,0.48
0.0,1,999,999,0.75,0.5,128,50,50,17,24,18,28,-2.9825116749653368e-05,-0.0001968964416628854,-2.62763781886329e-05,-5.8426279399808485e-06,-0.0003362081178713789,0.02,0.5467158821321734,0.4020777686614774,0.34,0.48
0.0,1,999,999,0.75,0.5,999999,50,50,17,24,18,28,-2.9825116749653368e-05,-0.0001968964416628854,-2.62763781886329e-05,-5.8426279399808485e-06,-0.0003362081178713789,0.02,0.5467158821321734,0.4020777686614774,0.34,0.48
0.0,1,999,999,1.0,0.5,64,50,50,17,24,18,28,-2.9825116749653368e-05,-0.0001968964416628854,-2.62763781886329e-05,-5.8426279399808485e-06,-0.0003362081178713789,0.02,0.5467158821321734,0.4020777686614774,0.34,0.48
0.0,1,999,999,1.0,0.5,128,50,50,17,24,18,28,-2.9825116749653368e-05,-0.0001968964416628854,-2.62763781886329e-05,-5.8426279399808485e-06,-0.0003362081178713789,0.02,0.5467158821321734,0.4020777686614774,0.34,0.48
0.0,1,999,999,1.0,0.5,999999,50,50,17,24,18,28,-2.9825116749653368e-05,-0.0001968964416628854,-2.62763781886329e-05,-5.8426279399808485e-06,-0.0003362081178713789,0.02,0.5467158821321734,0.4020777686614774,0.34,0.48
0.5,0,0,0,0.5,0.5,64,50,50,17,24,18,28,-2.9825116749653368e-05,-0.0001968964416628854,-2.62763781886329e-05,-5.8426279399808485e-06,-0.0003362081178713789,0.02,0.5467158821321734,0.4020777686614774,0.34,0.48
0.5,0,0,0,0.5,0.5,128,50,50,17,24,18,28,-2.9825116749653368e-05,-0.0001968964416628854,-2.62763781886329e-05,-5.8426279399808485e-06,-0.0003362081178713789,0.02,0.5467158821321734,0.4020777686614774,0.34,0.48
0.5,0,0,0,0.5,0.5,999999,50,50,17,24,18,28,-2.9825116749653368e-05,-0.0001968964416628854,-2.62763781886329e-05,-5.8426279399808485e-06,-0.0003362081178713789,0.02,0.5467158821321734,0.4020777686614774,0.34,0.48
0.5,0,0,0,0.75,0.5,64,50,50,17,24,18,28,-2.9825116749653368e-05,-0.0001968964416628854,-2.62763781886329e-05,-5.8426279399808485e-06,-0.0003362081178713789,0.02,0.5467158821321734,0.4020777686614774,0.34,0.48
0.5,0,0,0,0.75,0.5,128,50,50,17,24,18,28,-2.9825116749653368e-05,-0.0001968964416628854,-2.62763781886329e-05,-5.8426279399808485e-06,-0.0003362081178713789,0.02,0.5467158821321734,0.4020777686614774,0.34,0.48
0.5,0,0,0,0.75,0.5,999999,50,50,17,24,18,28,-2.9825116749653368e-05,-0.0001968964416628854,-2.62763781886329e-05,-5.8426279399808485e-06,-0.0003362081178713789,0.02,0.5467158821321734,0.4020777686614774,0.34,0.48
0.5,0,0,0,1.0,0.5,64,50,50,17,24,18,28,-2.9825116749653368e-05,-0.0001968964416628854,-2.62763781886329e-05,-5.8426279399808485e-06,-0.0003362081178713789,0.02,0.5467158821321734,0.4020777686614774,0.34,0.48
0.5,0,0,0,1.0,0.5,128,50,50,17,24,18,28,-2.9825116749653368e-05,-0.0001968964416628854,-2.62763781886329e-05,-5.8426279399808485e-06,-0.0003362081178713789,0.02,0.5467158821321734,0.4020777686614774,0.34,0.48
0.5,0,0,0,1.0,0.5,999999,50,50,17,24,18,28,-2.9825116749653368e-05,-0.0001968964416628854,-2.62763781886329e-05,-5.8426279399808485e-06,-0.0003362081178713789,0.02,0.5467158821321734,0.4020777686614774,0.34,0.48
0.5,0,0,1,0.5,0.5,64,50,50,17,24,18,28,-2.9825116749653368e-05,-0.0001968964416628854,-2.62763781886329e-05,-5.8426279399808485e-06,-0.0003362081178713789,0.02,0.5467158821321734,0.4020777686614774,0.34,0.48
0.5,0,0,1,0.5,0.5,128,50,50,17,24,18,28,-2.9825116749653368e-05,-0.0001968964416628854,-2.62763781886329e-05,-5.8426279399808485e-06,-0.0003362081178713789,0.02,0.5467158821321734,0.4020777686614774,0.34,0.48
0.5,0,0,1,0.5,0.5,999999,50,50,17,24,18,28,-2.9825116749653368e-05,-0.0001968964416628854,-2.62763781886329e-05,-5.8426279399808485e-06,-0.0003362081178713789,0.02,0.5467158821321734,0.4020777686614774,0.34,0.48
0.5,0,0,1,0.75,0.5,64,50,50,17,24,18,28,-2.9825116749653368e-05,-0.0001968964416628854,-2.62763781886329e-05,-5.8426279399808485e-06,-0.0003362081178713789,0.02,0.5467158821321734,0.4020777686614774,0.34,0.48
0.5,0,0,1,0.75,0.5,128,50,50,17,24,18,28,-2.9825116749653368e-05,-0.0001968964416628854,-2.62763781886329e-05,-5.8426279399808485e-06,-0.0003362081178713789,0.02,0.5467158821321734,0.4020777686614774,0.34,0.48
0.5,0,0,1,0.75,0.5,999999,50,50,17,24,18,28,-2.9825116749653368e-05,-0.0001968964416628854,-2.62763781886329e-05,-5.8426279399808485e-06,-0.0003362081178713789,0.02,0.5467158821321734,0.4020777686614774,0.34,0.48
0.5,0,0,1,1.0,0.5,64,50,50,17,24,18,28,-2.9825116749653368e-05,-0.0001968964416628854,-2.62763781886329e-05,-5.8426279399808485e-06,-0.0003362081178713789,0.02,0.5467158821321734,0.4020777686614774,0.34,0.48
0.5,0,0,1,1.0,0.5,128,50,50,17,24,18,28,-2.9825116749653368e-05,-0.0001968964416628854,-2.62763781886329e-05,-5.8426279399808485e-06,-0.0003362081178713789,0.02,0.5467158821321734,0.4020777686614774,0.34,0.48
0.5,0,0,1,1.0,0.5,999999,50,50,17,24,18,28,-2.9825116749653368e-05,-0.0001968964416628854,-2.62763781886329e-05,-5.8426279399808485e-06,-0.0003362081178713789,0.02,0.5467158821321734,0.4020777686614774,0.34,0.48
0.5,0,0,999,0.5,0.5,64,50,50,17,24,18,28,-2.9825116749653368e-05,-0.0001968964416628854,-2.62763781886329e-05,-5.8426279399808485e-06,-0.0003362081178713789,0.02,0.5467158821321734,0.4020777686614774,0.34,0.48
0.5,0,0,999,0.5,0.5,128,50,50,17,24,18,28,-2.9825116749653368e-05,-0.0001968964416628854,-2.62763781886329e-05,-5.8426279399808485e-06,-0.0003362081178713789,0.02,0.5467158821321734,0.4020777686614774,0.34,0.48
0.5,0,0,999,0.5,0.5,999999,50,50,17,24,18,28,-2.9825116749653368e-05,-0.0001968964416628854,-2.62763781886329e-05,-5.8426279399808485e-06,-0.0003362081178713789,0.02,0.5467158821321734,0.4020777686614774,0.34,0.48
0.5,0,0,999,0.75,0.5,64,50,50,17,24,18,28,-2.9825116749653368e-05,-0.0001968964416628854,-2.62763781886329e-05,-5.8426279399808485e-06,-0.0003362081178713789,0.02,0.5467158821321734,0.4020777686614774,0.34,0.48
0.5,0,0,999,0.75,0.5,128,50,50,17,24,18,28,-2.9825116749653368e-05,-0.0001968964416628854,-2.62763781886329e-05,-5.8426279399808485e-06,-0.0003362081178713789,0.02,0.5467158821321734,0.4020777686614774,0.34,0.48
0.5,0,0,999,0.75,0.5,999999,50,50,17,24,18,28,-2.9825116749653368e-05,-0.0001968964416628854,-2.62763781886329e-05,-5.8426279399808485e-06,-0.0003362081178713789,0.02,0.5467158821321734,0.4020777686614774,0.34,0.48
0.5,0,0,999,1.0,0.5,64,50,50,17,24,18,28,-2.9825116749653368e-05,-0.0001968964416628854,-2.62763781886329e-05,-5.8426279399808485e-06,-0.0003362081178713789,0.02,0.5467158821321734,0.4020777686614774,0.34,0.48
0.5,0,0,999,1.0,0.5,128,50,50,17,24,18,28,-2.9825116749653368e-05,-0.0001968964416628854,-2.62763781886329e-05,-5.8426279399808485e-06,-0.0003362081178713789,0.02,0.5467158821321734,0.4020777686614774,0.34,0.48
0.5,0,0,999,1.0,0.5,999999,50,50,17,24,18,28,-2.9825116749653368e-05,-0.0001968964416628854,-2.62763781886329e-05,-5.8426279399808485e-06,-0.0003362081178713789,0.02,0.5467158821321734,0.4020777686614774,0.34,0.48
0.5,0,1,0,0.5,0.5,64,50,50,17,24,18,28,-2.9825116749653368e-05,-0.0001968964416628854,-2.62763781886329e-05,-5.8426279399808485e-06,-0.0003362081178713789,0.02,0.5467158821321734,0.4020777686614774,0.34,0.48
0.5,0,1,0,0.5,0.5,128,50,50,17,24,18,28,-2.9825116749653368e-05,-0.0001968964416628854,-2.62763781886329e-05,-5.8426279399808485e-06,-0.0003362081178713789,0.02,0.5467158821321734,0.4020777686614774,0.34,0.48
0.5,0,1,0,0.5,0.5,999999,50,50,17,24,18,28,-2.9825116749653368e-05,-0.0001968964416628854,-2.62763781886329e-05,-5.8426279399808485e-06,-0.0003362081178713789,0.02,0.5467158821321734,0.4020777686614774,0.34,0.48
0.5,0,1,0,0.75,0.5,64,50,50,17,24,18,28,-2.9825116749653368e-05,-0.0001968964416628854,-2.62763781886329e-05,-5.8426279399808485e-06,-0.0003362081178713789,0.02,0.5467158821321734,0.4020777686614774,0.34,0.48
0.5,0,1,0,0.75,0.5,128,50,50,17,24,18,28,-2.9825116749653368e-05,-0.0001968964416628854,-2.62763781886329e-05,-5.8426279399808485e-06,-0.0003362081178713789,0.02,0.5467158821321734,0.4020777686614774,0.34,0.48
0.5,0,1,0,0.75,0.5,999999,50,50,17,24,18,28,-2.9825116749653368e-05,-0.0001968964416628854,-2.62763781886329e-05,-5.8426279399808485e-06,-0.0003362081178713789,0.02,0.5467158821321734,0.4020777686614774,0.34,0.48
0.5,0,1,0,1.0,0.5,64,50,50,17,24,18,28,-2.9825116749653368e-05,-0.0001968964416628854,-2.62763781886329e-05,-5.8426279399808485e-06,-0.0003362081178713789,0.02,0.5467158821321734,0.4020777686614774,0.34,0.48
0.5,0,1,0,1.0,0.5,128,50,50,17,24,18,28,-2.9825116749653368e-05,-0.0001968964416628854,-2.62763781886329e-05,-5.8426279399808485e-06,-0.0003362081178713789,0.02,0.5467158821321734,0.4020777686614774,0.34,0.48
0.5,0,1,0,1.0,0.5,999999,50,50,17,24,18,28,-2.9825116749653368e-05,-0.0001968964416628854,-2.62763781886329e-05,-5.8426279399808485e-06,-0.0003362081178713789,0.02,0.5467158821321734,0.4020777686614774,0.34,0.48
0.5,0,1,1,0.5,0.5,64,50,50,17,24,18,28,-2.9825116749653368e-05,-0.0001968964416628854,-2.62763781886329e-05,-5.8426279399808485e-06,-0.0003362081178713789,0.02,0.5467158821321734,0.4020777686614774,0.34,0.48
0.5,0,1,1,0.5,0.5,128,50,50,17,24,18,28,-2.9825116749653368e-05,-0.0001968964416628854,-2.62763781886329e-05,-5.8426279399808485e-06,-0.0003362081178713789,0.02,0.5467158821321734,0.4020777686614774,0.34,0.48
0.5,0,1,1,0.5,0.5,999999,50,50,17,24,18,28,-2.9825116749653368e-05,-0.0001968964416628854,-2.62763781886329e-05,-5.8426279399808485e-06,-0.0003362081178713789,0.02,0.5467158821321734,0.4020777686614774,0.34,0.48
0.5,0,1,1,0.75,0.5,64,50,50,17,24,18,28,-2.9825116749653368e-05,-0.0001968964416628854,-2.62763781886329e-05,-5.8426279399808485e-06,-0.0003362081178713789,0.02,0.5467158821321734,0.4020777686614774,0.34,0.48
0.5,0,1,1,0.75,0.5,128,50,50,17,24,18,28,-2.9825116749653368e-05,-0.0001968964416628854,-2.62763781886329e-05,-5.8426279399808485e-06,-0.0003362081178713789,0.02,0.5467158821321734,0.4020777686614774,0.34,0.48
0.5,0,1,1,0.75,0.5,999999,50,50,17,24,18,28,-2.9825116749653368e-05,-0.0001968964416628854,-2.62763781886329e-05,-5.8426279399808485e-06,-0.0003362081178713789,0.02,0.5467158821321734,0.4020777686614774,0.34,0.48
0.5,0,1,1,1.0,0.5,64,50,50,17,24,18,28,-2.9825116749653368e-05,-0.0001968964416628854,-2.62763781886329e-05,-5.8426279399808485e-06,-0.0003362081178713789,0.02,0.5467158821321734,0.4020777686614774,0.34,0.48
0.5,0,1,1,1.0,0.5,128,50,50,17,24,18,28,-2.9825116749653368e-05,-0.0001968964416628854,-2.62763781886329e-05,-5.8426279399808485e-06,-0.0003362081178713789,0.02,0.5467158821321734,0.4020777686614774,0.34,0.48
0.5,0,1,1,1.0,0.5,999999,50,50,17,24,18,28,-2.9825116749653368e-05,-0.0001968964416628854,-2.62763781886329e-05,-5.8426279399808485e-06,-0.0003362081178713789,0.02,0.5467158821321734,0.4020777686614774,0.34,0.48
0.5,0,1,999,0.5,0.5,64,50,50,17,24,18,28,-2.9825116749653368e-05,-0.0001968964416628854,-2.62763781886329e-05,-5.8426279399808485e-06,-0.0003362081178713789,0.02,0.5467158821321734,0.4020777686614774,0.34,0.48
0.5,0,1,999,0.5,0.5,128,50,50,17,24,18,28,-2.9825116749653368e-05,-0.0001968964416628854,-2.62763781886329e-05,-5.8426279399808485e-06,-0.0003362081178713789,0.02,0.5467158821321734,0.4020777686614774,0.34,0.48
0.5,0,1,999,0.5,0.5,999999,50,50,17,24,18,28,-2.9825116749653368e-05,-0.0001968964416628854,-2.62763781886329e-05,-5.8426279399808485e-06,-0.0003362081178713789,0.02,0.5467158821321734,0.4020777686614774,0.34,0.48
0.5,0,1,999,0.75,0.5,64,50,50,17,24,18,28,-2.9825116749653368e-05,-0.0001968964416628854,-2.62763781886329e-05,-5.8426279399808485e-06,-0.0003362081178713789,0.02,0.5467158821321734,0.4020777686614774,0.34,0.48
0.5,0,1,999,0.75,0.5,128,50,50,17,24,18,28,-2.9825116749653368e-05,-0.0001968964416628854,-2.62763781886329e-05,-5.8426279399808485e-06,-0.0003362081178713789,0.02,0.5467158821321734,0.4020777686614774,0.34,0.48
0.5,0,1,999,0.75,0.5,999999,50,50,17,24,18,28,-2.9825116749653368e-05,-0.0001968964416628854,-2.62763781886329e-05,-5.8426279399808485e-06,-0.0003362081178713789,0.02,0.5467158821321734,0.4020777686614774,0.34,0.48
0.5,0,1,999,1.0,0.5,64,50,50,17,24,18,28,-2.9825116749653368e-05,-0.0001968964416628854,-2.62763781886329e-05,-5.8426279399808485e-06,-0.0003362081178713789,0.02,0.5467158821321734,0.4020777686614774,0.34,0.48
0.5,0,1,999,1.0,0.5,128,50,50,17,24,18,28,-2.9825116749653368e-05,-0.0001968964416628854,-2.62763781886329e-05,-5.8426279399808485e-06,-0.0003362081178713789,0.02,0.5467158821321734,0.4020777686614774,0.34,0.48
0.5,0,1,999,1.0,0.5,999999,50,50,17,24,18,28,-2.9825116749653368e-05,-0.0001968964416628854,-2.62763781886329e-05,-5.8426279399808485e-06,-0.0003362081178713789,0.02,0.5467158821321734,0.4020777686614774,0.34,0.48
0.5,0,999,0,0.5,0.5,64,50,50,17,24,18,28,-2.9825116749653368e-05,-0.0001968964416628854,-2.62763781886329e-05,-5.8426279399808485e-06,-0.0003362081178713789,0.02,0.5467158821321734,0.4020777686614774,0.34,0.48
0.5,0,999,0,0.5,0.5,128,50,50,17,24,18,28,-2.9825116749653368e-05,-0.0001968964416628854,-2.62763781886329e-05,-5.8426279399808485e-06,-0.0003362081178713789,0.02,0.5467158821321734,0.4020777686614774,0.34,0.48
0.5,0,999,0,0.5,0.5,999999,50,50,17,24,18,28,-2.9825116749653368e-05,-0.0001968964416628854,-2.62763781886329e-05,-5.8426279399808485e-06,-0.0003362081178713789,0.02,0.5467158821321734,0.4020777686614774,0.34,0.48
0.5,0,999,0,0.75,0.5,64,50,50,17,24,18,28,-2.9825116749653368e-05,-0.0001968964416628854,-2.62763781886329e-05,-5.8426279399808485e-06,-0.0003362081178713789,0.02,0.5467158821321734,0.4020777686614774,0.34,0.48
0.5,0,999,0,0.75,0.5,128,50,50,17,24,18,28,-2.9825116749653368e-05,-0.0001968964416628854,-2.62763781886329e-05,-5.8426279399808485e-06,-0.0003362081178713789,0.02,0.5467158821321734,0.4020777686614774,0.34,0.48
0.5,0,999,0,0.75,0.5,999999,50,50,17,24,18,28,-2.9825116749653368e-05,-0.0001968964416628854,-2.62763781886329e-05,-5.8426279399808485e-06,-0.0003362081178713789,0.02,0.5467158821321734,0.4020777686614774,0.34,0.48
0.5,0,999,0,1.0,0.5,64,50,50,17,24,18,28,-2.9825116749653368e-05,-0.0001968964416628854,-2.62763781886329e-05,-5.8426279399808485e-06,-0.0003362081178713789,0.02,0.5467158821321734,0.4020777686614774,0.34,0.48
0.5,0,999,0,1.0,0.5,128,50,50,17,24,18,28,-2.9825116749653368e-05,-0.0001968964416628854,-2.62763781886329e-05,-5.8426279399808485e-06,-0.0003362081178713789,0.02,0.5467158821321734,0.4020777686614774,0.34,0.48
0.5,0,999,0,1.0,0.5,999999,50,50,17,24,18,28,-2.9825116749653368e-05,-0.0001968964416628854,-2.62763781886329e-05,-5.8426279399808485e-06,-0.0003362081178713789,0.02,0.5467158821321734,0.4020777686614774,0.34,0.48
0.5,0,999,1,0.5,0.5,64,50,50,17,24,18,28,-2.9825116749653368e-05,-0.0001968964416628854,-2.62763781886329e-05,-5.8426279399808485e-06,-0.0003362081178713789,0.02,0.5467158821321734,0.4020777686614774,0.34,0.48
0.5,0,999,1,0.5,0.5,128,50,50,17,24,18,28,-2.9825116749653368e-05,-0.0001968964416628854,-2.62763781886329e-05,-5.8426279399808485e-06,-0.0003362081178713789,0.02,0.5467158821321734,0.4020777686614774,0.34,0.48
0.5,0,999,1,0.5,0.5,999999,50,50,17,24,18,28,-2.9825116749653368e-05,-0.0001968964416628854,-2.62763781886329e-05,-5.8426279399808485e-06,-0.0003362081178713789,0.02,0.5467158821321734,0.4020777686614774,0.34,0.48
0.5,0,999,1,0.75,0.5,64,50,50,17,24,18,28,-2.9825116749653368e-05,-0.0001968964416628854,-2.62763781886329e-05,-5.8426279399808485e-06,-0.0003362081178713789,0.02,0.5467158821321734,0.4020777686614774,0.34,0.48
0.5,0,999,1,0.75,0.5,128,50,50,17,24,18,28,-2.9825116749653368e-05,-0.0001968964416628854,-2.62763781886329e-05,-5.8426279399808485e-06,-0.0003362081178713789,0.02,0.5467158821321734,0.4020777686614774,0.34,0.48
0.5,0,999,1,0.75,0.5,999999,50,50,17,24,18,28,-2.9825116749653368e-05,-0.0001968964416628854,-2.62763781886329e-05,-5.8426279399808485e-06,-0.0003362081178713789,0.02,0.5467158821321734,0.4020777686614774,0.34,0.48
0.5,0,999,1,1.0,0.5,64,50,50,17,24,18,28,-2.9825116749653368e-05,-0.0001968964416628854,-2.62763781886329e-05,-5.8426279399808485e-06,-0.0003362081178713789,0.02,0.5467158821321734,0.4020777686614774,0.34,0.48
0.5,0,999,1,1.0,0.5,128,50,50,17,24,18,28,-2.9825116749653368e-05,-0.0001968964416628854,-2.62763781886329e-05,-5.8426279399808485e-06,-0.0003362081178713789,0.02,0.5467158821321734,0.4020777686614774,0.34,0.48
0.5,0,999,1,1.0,0.5,999999,50,50,17,24,18,28,-2.9825116749653368e-05,-0.0001968964416628854,-2.62763781886329e-05,-5.8426279399808485e-06,-0.0003362081178713789,0.02,0.5467158821321734,0.4020777686614774,0.34,0.48
0.5,0,999,999,0.5,0.5,64,50,50,17,24,18,28,-2.9825116749653368e-05,-0.0001968964416628854,-2.62763781886329e-05,-5.8426279399808485e-06,-0.0003362081178713789,0.02,0.5467158821321734,0.4020777686614774,0.34,0.48
0.5,0,999,999,0.5,0.5,128,50,50,17,24,18,28,-2.9825116749653368e-05,-0.0001968964416628854,-2.62763781886329e-05,-5.8426279399808485e-06,-0.0003362081178713789,0.02,0.5467158821321734,0.4020777686614774,0.34,0.48
0.5,0,999,999,0.5,0.5,999999,50,50,17,24,18,28,-2.9825116749653368e-05,-0.0001968964416628854,-2.62763781886329e-05,-5.8426279399808485e-06,-0.0003362081178713789,0.02,0.5467158821321734,0.4020777686614774,0.34,0.48
0.5,0,999,999,0.75,0.5,64,50,50,17,24,18,28,-2.9825116749653368e-05,-0.0001968964416628854,-2.62763781886329e-05,-5.8426279399808485e-06,-0.0003362081178713789,0.02,0.5467158821321734,0.4020777686614774,0.34,0.48
0.5,0,999,999,0.75,0.5,128,50,50,17,24,18,28,-2.9825116749653368e-05,-0.0001968964416628854,-2.62763781886329e-05,-5.8426279399808485e-06,-0.0003362081178713789,0.02,0.5467158821321734,0.4020777686614774,0.34,0.48
0.5,0,999,999,0.75,0.5,999999,50,50,17,24,18,28,-2.9825116749653368e-05,-0.0001968964416628854,-2.62763781886329e-05,-5.8426279399808485e-06,-0.0003362081178713789,0.02,0.5467158821321734,0.4020777686614774,0.34,0.48
0.5,0,999,999,1.0,0.5,64,50,50,17,24,18,28,-2.9825116749653368e-05,-0.0001968964416628854,-2.62763781886329e-05,-5.8426279399808485e-06,-0.0003362081178713789,0.02,0.5467158821321734,0.4020777686614774,0.34,0.48
0.5,0,999,999,1.0,0.5,128,50,50,17,24,18,28,-2.9825116749653368e-05,-0.0001968964416628854,-2.62763781886329e-05,-5.8426279399808485e-06,-0.0003362081178713789,0.02,0.5467158821321734,0.4020777686614774,0.34,0.48
0.5,0,999,999,1.0,0.5,999999,50,50,17,24,18,28,-2.9825116749653368e-05,-0.0001968964416628854,-2.62763781886329e-05,-5.8426279399808485e-06,-0.0003362081178713789,0.02,0.5467158821321734,0.4020777686614774,0.34,0.48
0.5,1,0,0,0.5,0.5,64,50,50,17,24,18,28,-2.9825116749653368e-05,-0.0001968964416628854,-2.62763781886329e-05,-5.8426279399808485e-06,-0.0003362081178713789,0.02,0.5467158821321734,0.4020777686614774,0.34,0.48
0.5,1,0,0,0.5,0.5,128,50,50,17,24,18,28,-2.9825116749653368e-05,-0.0001968964416628854,-2.62763781886329e-05,-5.8426279399808485e-06,-0.0003362081178713789,0.02,0.5467158821321734,0.4020777686614774,0.34,0.48
0.5,1,0,0,0.5,0.5,999999,50,50,17,24,18,28,-2.9825116749653368e-05,-0.0001968964416628854,-2.62763781886329e-05,-5.8426279399808485e-06,-0.0003362081178713789,0.02,0.5467158821321734,0.4020777686614774,0.34,0.48
0.5,1,0,0,0.75,0.5,64,50,50,17,24,18,28,-2.9825116749653368e-05,-0.0001968964416628854,-2.62763781886329e-05,-5.8426279399808485e-06,-0.0003362081178713789,0.02,0.5467158821321734,0.4020777686614774,0.34,0.48
0.5,1,0,0,0.75,0.5,128,50,50,17,24,18,28,-2.9825116749653368e-05,-0.0001968964416628854,-2.62763781886329e-05,-5.8426279399808485e-06,-0.0003362081178713789,0.02,0.5467158821321734,0.4020777686614774,0.34,0.48
0.5,1,0,0,0.75,0.5,999999,50,50,17,24,18,28,-2.9825116749653368e-05,-0.0001968964416628854,-2.62763781886329e-05,-5.8426279399808485e-06,-0.0003362081178713789,0.02,0.5467158821321734,0.4020777686614774,0.34,0.48
0.5,1,0,0,1.0,0.5,64,50,50,17,24,18,28,-2.9825116749653368e-05,-0.0001968964416628854,-2.62763781886329e-05,-5.8426279399808485e-06,-0.0003362081178713789,0.02,0.5467158821321734,0.4020777686614774,0.34,0.48
0.5,1,0,0,1.0,0.5,128,50,50,17,24,18,28,-2.9825116749653368e-05,-0.0001968964416628854,-2.62763781886329e-05,-5.8426279399808485e-06,-0.0003362081178713789,0.02,0.5467158821321734,0.4020777686614774,0.34,0.48
0.5,1,0,0,1.0,0.5,999999,50,50,17,24,18,28,-2.9825116749653368e-05,-0.0001968964416628854,-2.62763781886329e-05,-5.8426279399808485e-06,-0.0003362081178713789,0.02,0.5467158821321734,0.4020777686614774,0.34,0.48
0.5,1,0,1,0.5,0.5,64,50,50,17,24,18,28,-2.9825116749653368e-05,-0.0001968964416628854,-2.62763781886329e-05,-5.8426279399808485e-06,-0.0003362081178713789,0.02,0.5467158821321734,0.4020777686614774,0.34,0.48
0.5,1,0,1,0.5,0.5,128,50,50,17,24,18,28,-2.9825116749653368e-05,-0.0001968964416628854,-2.62763781886329e-05,-5.8426279399808485e-06,-0.0003362081178713789,0.02,0.5467158821321734,0.4020777686614774,0.34,0.48
0.5,1,0,1,0.5,0.5,999999,50,50,17,24,18,28,-2.9825116749653368e-05,-0.0001968964416628854,-2.62763781886329e-05,-5.8426279399808485e-06,-0.0003362081178713789,0.02,0.5467158821321734,0.4020777686614774,0.34,0.48
0.5,1,0,1,0.75,0.5,64,50,50,17,24,18,28,-2.9825116749653368e-05,-0.0001968964416628854,-2.62763781886329e-05,-5.8426279399808485e-06,-0.0003362081178713789,0.02,0.5467158821321734,0.4020777686614774,0.34,0.48
0.5,1,0,1,0.75,0.5,128,50,50,17,24,18,28,-2.9825116749653368e-05,-0.0001968964416628854,-2.62763781886329e-05,-5.8426279399808485e-06,-0.0003362081178713789,0.02,0.5467158821321734,0.4020777686614774,0.34,0.48
0.5,1,0,1,0.75,0.5,999999,50,50,17,24,18,28,-2.9825116749653368e-05,-0.0001968964416628854,-2.62763781886329e-05,-5.8426279399808485e-06,-0.0003362081178713789,0.02,0.5467158821321734,0.4020777686614774,0.34,0.48
0.5,1,0,1,1.0,0.5,64,50,50,17,24,18,28,-2.9825116749653368e-05,-0.0001968964416628854,-2.62763781886329e-05,-5.8426279399808485e-06,-0.0003362081178713789,0.02,0.5467158821321734,0.4020777686614774,0.34,0.48
0.5,1,0,1,1.0,0.5,128,50,50,17,24,18,28,-2.9825116749653368e-05,-0.0001968964416628854,-2.62763781886329e-05,-5.8426279399808485e-06,-0.0003362081178713789,0.02,0.5467158821321734,0.4020777686614774,0.34,0.48
0.5,1,0,1,1.0,0.5,999999,50,50,17,24,18,28,-2.9825116749653368e-05,-0.0001968964416628854,-2.62763781886329e-05,-5.8426279399808485e-06,-0.0003362081178713789,0.02,0.5467158821321734,0.4020777686614774,0.34,0.48
0.5,1,0,999,0.5,0.5,64,50,50,17,24,18,28,-2.9825116749653368e-05,-0.0001968964416628854,-2.62763781886329e-05,-5.8426279399808485e-06,-0.0003362081178713789,0.02,0.5467158821321734,0.4020777686614774,0.34,0.48
0.5,1,0,999,0.5,0.5,128,50,50,17,24,18,28,-2.9825116749653368e-05,-0.0001968964416628854,-2.62763781886329e-05,-5.8426279399808485e-06,-0.0003362081178713789,0.02,0.5467158821321734,0.4020777686614774,0.34,0.48
0.5,1,0,999,0.5,0.5,999999,50,50,17,24,18,28,-2.9825116749653368e-05,-0.0001968964416628854,-2.62763781886329e-05,-5.8426279399808485e-06,-0.0003362081178713789,0.02,0.5467158821321734,0.4020777686614774,0.34,0.48
0.5,1,0,999,0.75,0.5,64,50,50,17,24,18,28,-2.9825116749653368e-05,-0.0001968964416628854,-2.62763781886329e-05,-5.8426279399808485e-06,-0.0003362081178713789,0.02,0.5467158821321734,0.4020777686614774,0.34,0.48
0.5,1,0,999,0.75,0.5,128,50,50,17,24,18,28,-2.9825116749653368e-05,-0.0001968964416628854,-2.62763781886329e-05,-5.8426279399808485e-06,-0.0003362081178713789,0.02,0.5467158821321734,0.4020777686614774,0.34,0.48
0.5,1,0,999,0.75,0.5,999999,50,50,17,24,18,28,-2.9825116749653368e-05,-0.0001968964416628854,-2.62763781886329e-05,-5.8426279399808485e-06,-0.0003362081178713789,0.02,0.5467158821321734,0.4020777686614774,0.34,0.48
0.5,1,0,999,1.0,0.5,64,50,50,17,24,18,28,-2.9825116749653368e-05,-0.0001968964416628854,-2.62763781886329e-05,-5.8426279399808485e-06,-0.0003362081178713789,0.02,0.5467158821321734,0.4020777686614774,0.34,0.48
0.5,1,0,999,1.0,0.5,128,50,50,17,24,18,28,-2.9825116749653368e-05,-0.0001968964416628854,-2.62763781886329e-05,-5.8426279399808485e-06,-0.0003362081178713789,0.02,0.5467158821321734,0.4020777686614774,0.34,0.48
0.5,1,0,999,1.0,0.5,999999,50,50,17,24,18,28,-2.9825116749653368e-05,-0.0001968964416628854,-2.62763781886329e-05,-5.8426279399808485e-06,-0.0003362081178713789,0.02,0.5467158821321734,0.4020777686614774,0.34,0.48
0.5,1,1,0,0.5,0.5,64,50,50,17,24,18,28,-2.9825116749653368e-05,-0.0001968964416628854,-2.62763781886329e-05,-5.8426279399808485e-06,-0.0003362081178713789,0.02,0.5467158821321734,0.4020777686614774,0.34,0.48
0.5,1,1,0,0.5,0.5,128,50,50,17,24,18,28,-2.9825116749653368e-05,-0.0001968964416628854,-2.62763781886329e-05,-5.8426279399808485e-06,-0.0003362081178713789,0.02,0.5467158821321734,0.4020777686614774,0.34,0.48
0.5,1,1,0,0.5,0.5,999999,50,50,17,24,18,28,-2.9825116749653368e-05,-0.0001968964416628854,-2.62763781886329e-05,-5.8426279399808485e-06,-0.0003362081178713789,0.02,0.5467158821321734,0.4020777686614774,0.34,0.48
0.5,1,1,0,0.75,0.5,64,50,50,17,24,18,28,-2.9825116749653368e-05,-0.0001968964416628854,-2.62763781886329e-05,-5.8426279399808485e-06,-0.0003362081178713789,0.02,0.5467158821321734,0.4020777686614774,0.34,0.48
0.5,1,1,0,0.75,0.5,128,50,50,17,24,18,28,-2.9825116749653368e-05,-0.0001968964416628854,-2.62763781886329e-05,-5.8426279399808485e-06,-0.0003362081178713789,0.02,0.5467158821321734,0.4020777686614774,0.34,0.48
0.5,1,1,0,0.75,0.5,999999,50,50,17,24,18,28,-2.9825116749653368e-05,-0.0001968964416628854,-2.62763781886329e-05,-5.8426279399808485e-06,-0.0003362081178713789,0.02,0.5467158821321734,0.4020777686614774,0.34,0.48
0.5,1,1,0,1.0,0.5,64,50,50,17,24,18,28,-2.9825116749653368e-05,-0.0001968964416628854,-2.62763781886329e-05,-5.8426279399808485e-06,-0.0003362081178713789,0.02,0.5467158821321734,0.4020777686614774,0.34,0.48
0.5,1,1,0,1.0,0.5,128,50,50,17,24,18,28,-2.9825116749653368e-05,-0.0001968964416628854,-2.62763781886329e-05,-5.8426279399808485e-06,-0.0003362081178713789,0.02,0.5467158821321734,0.4020777686614774,0.34,0.48
0.5,1,1,0,1.0,0.5,999999,50,50,17,24,18,28,-2.9825116749653368e-05,-0.0001968964416628854,-2.62763781886329e-05,-5.8426279399808485e-06,-0.0003362081178713789,0.02,0.5467158821321734,0.4020777686614774,0.34,0.48
0.5,1,1,1,0.5,0.5,64,50,50,17,24,18,28,-2.9825116749653368e-05,-0.0001968964416628854,-2.62763781886329e-05,-5.8426279399808485e-06,-0.0003362081178713789,0.02,0.5467158821321734,0.4020777686614774,0.34,0.48
0.5,1,1,1,0.5,0.5,128,50,50,17,24,18,28,-2.9825116749653368e-05,-0.0001968964416628854,-2.62763781886329e-05,-5.8426279399808485e-06,-0.0003362081178713789,0.02,0.5467158821321734,0.4020777686614774,0.34,0.48
0.5,1,1,1,0.5,0.5,999999,50,50,17,24,18,28,-2.9825116749653368e-05,-0.0001968964416628854,-2.62763781886329e-05,-5.8426279399808485e-06,-0.0003362081178713789,0.02,0.5467158821321734,0.4020777686614774,0.34,0.48
0.5,1,1,1,0.75,0.5,64,50,50,17,24,18,28,-2.9825116749653368e-05,-0.0001968964416628854,-2.62763781886329e-05,-5.8426279399808485e-06,-0.0003362081178713789,0.02,0.5467158821321734,0.4020777686614774,0.34,0.48
0.5,1,1,1,0.75,0.5,128,50,50,17,24,18,28,-2.9825116749653368e-05,-0.0001968964416628854,-2.62763781886329e-05,-5.8426279399808485e-06,-0.0003362081178713789,0.02,0.5467158821321734,0.4020777686614774,0.34,0.48
0.5,1,1,1,0.75,0.5,999999,50,50,17,24,18,28,-2.9825116749653368e-05,-0.0001968964416628854,-2.62763781886329e-05,-5.8426279399808485e-06,-0.0003362081178713789,0.02,0.5467158821321734,0.4020777686614774,0.34,0.48
0.5,1,1,1,1.0,0.5,64,50,50,17,24,18,28,-2.9825116749653368e-05,-0.0001968964416628854,-2.62763781886329e-05,-5.8426279399808485e-06,-0.0003362081178713789,0.02,0.5467158821321734,0.4020777686614774,0.34,0.48
0.5,1,1,1,1.0,0.5,128,50,50,17,24,18,28,-2.9825116749653368e-05,-0.0001968964416628854,-2.62763781886329e-05,-5.8426279399808485e-06,-0.0003362081178713789,0.02,0.5467158821321734,0.4020777686614774,0.34,0.48
0.5,1,1,1,1.0,0.5,999999,50,50,17,24,18,28,-2.9825116749653368e-05,-0.0001968964416628854,-2.62763781886329e-05,-5.8426279399808485e-06,-0.0003362081178713789,0.02,0.5467158821321734,0.4020777686614774,0.34,0.48
0.5,1,1,999,0.5,0.5,64,50,50,17,24,18,28,-2.9825116749653368e-05,-0.0001968964416628854,-2.62763781886329e-05,-5.8426279399808485e-06,-0.0003362081178713789,0.02,0.5467158821321734,0.4020777686614774,0.34,0.48
0.5,1,1,999,0.5,0.5,128,50,50,17,24,18,28,-2.9825116749653368e-05,-0.0001968964416628854,-2.62763781886329e-05,-5.8426279399808485e-06,-0.0003362081178713789,0.02,0.5467158821321734,0.4020777686614774,0.34,0.48
0.5,1,1,999,0.5,0.5,999999,50,50,17,24,18,28,-2.9825116749653368e-05,-0.0001968964416628854,-2.62763781886329e-05,-5.8426279399808485e-06,-0.0003362081178713789,0.02,0.5467158821321734,0.4020777686614774,0.34,0.48
0.5,1,1,999,0.75,0.5,64,50,50,17,24,18,28,-2.9825116749653368e-05,-0.0001968964416628854,-2.62763781886329e-05,-5.8426279399808485e-06,-0.0003362081178713789,0.02,0.5467158821321734,0.4020777686614774,0.34,0.48
0.5,1,1,999,0.75,0.5,128,50,50,17,24,18,28,-2.9825116749653368e-05,-0.0001968964416628854,-2.62763781886329e-05,-5.8426279399808485e-06,-0.0003362081178713789,0.02,0.5467158821321734,0.4020777686614774,0.34,0.48
0.5,1,1,999,0.75,0.5,999999,50,50,17,24,18,28,-2.9825116749653368e-05,-0.0001968964416628854,-2.62763781886329e-05,-5.8426279399808485e-06,-0.0003362081178713789,0.02,0.5467158821321734,0.4020777686614774,0.34,0.48
0.5,1,1,999,1.0,0.5,64,50,50,17,24,18,28,-2.9825116749653368e-05,-0.0001968964416628854,-2.62763781886329e-05,-5.8426279399808485e-06,-0.0003362081178713789,0.02,0.5467158821321734,0.4020777686614774,0.34,0.48
0.5,1,1,999,1.0,0.5,128,50,50,17,24,18,28,-2.9825116749653368e-05,-0.0001968964416628854,-2.62763781886329e-05,-5.8426279399808485e-06,-0.0003362081178713789,0.02,0.5467158821321734,0.4020777686614774,0.34,0.48
0.5,1,1,999,1.0,0.5,999999,50,50,17,24,18,28,-2.9825116749653368e-05,-0.0001968964416628854,-2.62763781886329e-05,-5.8426279399808485e-06,-0.0003362081178713789,0.02,0.5467158821321734,0.4020777686614774,0.34,0.48
0.5,1,999,0,0.5,0.5,64,50,50,17,24,18,28,-2.9825116749653368e-05,-0.0001968964416628854,-2.62763781886329e-05,-5.8426279399808485e-06,-0.0003362081178713789,0.02,0.5467158821321734,0.4020777686614774,0.34,0.48
0.5,1,999,0,0.5,0.5,128,50,50,17,24,18,28,-2.9825116749653368e-05,-0.0001968964416628854,-2.62763781886329e-05,-5.8426279399808485e-06,-0.0003362081178713789,0.02,0.5467158821321734,0.4020777686614774,0.34,0.48
0.5,1,999,0,0.5,0.5,999999,50,50,17,24,18,28,-2.9825116749653368e-05,-0.0001968964416628854,-2.62763781886329e-05,-5.8426279399808485e-06,-0.0003362081178713789,0.02,0.5467158821321734,0.4020777686614774,0.34,0.48
0.5,1,999,0,0.75,0.5,64,50,50,17,24,18,28,-2.9825116749653368e-05,-0.0001968964416628854,-2.62763781886329e-05,-5.8426279399808485e-06,-0.0003362081178713789,0.02,0.5467158821321734,0.4020777686614774,0.34,0.48
0.5,1,999,0,0.75,0.5,128,50,50,17,24,18,28,-2.9825116749653368e-05,-0.0001968964416628854,-2.62763781886329e-05,-5.8426279399808485e-06,-0.0003362081178713789,0.02,0.5467158821321734,0.4020777686614774,0.34,0.48
0.5,1,999,0,0.75,0.5,999999,50,50,17,24,18,28,-2.9825116749653368e-05,-0.0001968964416628854,-2.62763781886329e-05,-5.8426279399808485e-06,-0.0003362081178713789,0.02,0.5467158821321734,0.4020777686614774,0.34,0.48
0.5,1,999,0,1.0,0.5,64,50,50,17,24,18,28,-2.9825116749653368e-05,-0.0001968964416628854,-2.62763781886329e-05,-5.8426279399808485e-06,-0.0003362081178713789,0.02,0.5467158821321734,0.4020777686614774,0.34,0.48
0.5,1,999,0,1.0,0.5,128,50,50,17,24,18,28,-2.9825116749653368e-05,-0.0001968964416628854,-2.62763781886329e-05,-5.8426279399808485e-06,-0.0003362081178713789,0.02,0.5467158821321734,0.4020777686614774,0.34,0.48
0.5,1,999,0,1.0,0.5,999999,50,50,17,24,18,28,-2.9825116749653368e-05,-0.0001968964416628854,-2.62763781886329e-05,-5.8426279399808485e-06,-0.0003362081178713789,0.02,0.5467158821321734,0.4020777686614774,0.34,0.48
0.5,1,999,1,0.5,0.5,64,50,50,17,24,18,28,-2.9825116749653368e-05,-0.0001968964416628854,-2.62763781886329e-05,-5.8426279399808485e-06,-0.0003362081178713789,0.02,0.5467158821321734,0.4020777686614774,0.34,0.48
0.5,1,999,1,0.5,0.5,128,50,50,17,24,18,28,-2.9825116749653368e-05,-0.0001968964416628854,-2.62763781886329e-05,-5.8426279399808485e-06,-0.0003362081178713789,0.02,0.5467158821321734,0.4020777686614774,0.34,0.48
0.5,1,999,1,0.5,0.5,999999,50,50,17,24,18,28,-2.9825116749653368e-05,-0.0001968964416628854,-2.62763781886329e-05,-5.8426279399808485e-06,-0.0003362081178713789,0.02,0.5467158821321734,0.4020777686614774,0.34,0.48
0.5,1,999,1,0.75,0.5,64,50,50,17,24,18,28,-2.9825116749653368e-05,-0.0001968964416628854,-2.62763781886329e-05,-5.8426279399808485e-06,-0.0003362081178713789,0.02,0.5467158821321734,0.4020777686614774,0.34,0.48
0.5,1,999,1,0.75,0.5,128,50,50,17,24,18,28,-2.9825116749653368e-05,-0.0001968964416628854,-2.62763781886329e-05,-5.8426279399808485e-06,-0.0003362081178713789,0.02,0.5467158821321734,0.4020777686614774,0.34,0.48
0.5,1,999,1,0.75,0.5,999999,50,50,17,24,18,28,-2.9825116749653368e-05,-0.0001968964416628854,-2.62763781886329e-05,-5.8426279399808485e-06,-0.0003362081178713789,0.02,0.5467158821321734,0.4020777686614774,0.34,0.48
0.5,1,999,1,1.0,0.5,64,50,50,17,24,18,28,-2.9825116749653368e-05,-0.0001968964416628854,-2.62763781886329e-05,-5.8426279399808485e-06,-0.0003362081178713789,0.02,0.5467158821321734,0.4020777686614774,0.34,0.48
0.5,1,999,1,1.0,0.5,128,50,50,17,24,18,28,-2.9825116749653368e-05,-0.0001968964416628854,-2.62763781886329e-05,-5.8426279399808485e-06,-0.0003362081178713789,0.02,0.5467158821321734,0.4020777686614774,0.34,0.48
0.5,1,999,1,1.0,0.5,999999,50,50,17,24,18,28,-2.9825116749653368e-05,-0.0001968964416628854,-2.62763781886329e-05,-5.8426279399808485e-06,-0.0003362081178713789,0.02,0.5467158821321734,0.4020777686614774,0.34,0.48
0.5,1,999,999,0.5,0.5,64,50,50,17,24,18,28,-2.9825116749653368e-05,-0.0001968964416628854,-2.62763781886329e-05,-5.8426279399808485e-06,-0.0003362081178713789,0.02,0.5467158821321734,0.4020777686614774,0.34,0.48
0.5,1,999,999,0.5,0.5,128,50,50,17,24,18,28,-2.9825116749653368e-05,-0.0001968964416628854,-2.62763781886329e-05,-5.8426279399808485e-06,-0.0003362081178713789,0.02,0.5467158821321734,0.4020777686614774,0.34,0.48
0.5,1,999,999,0.5,0.5,999999,50,50,17,24,18,28,-2.9825116749653368e-05,-0.0001968964416628854,-2.62763781886329e-05,-5.8426279399808485e-06,-0.0003362081178713789,0.02,0.5467158821321734,0.4020777686614774,0.34,0.48
0.5,1,999,999,0.75,0.5,64,50,50,17,24,18,28,-2.9825116749653368e-05,-0.0001968964416628854,-2.62763781886329e-05,-5.8426279399808485e-06,-0.0003362081178713789,0.02,0.5467158821321734,0.4020777686614774,0.34,0.48
0.5,1,999,999,0.75,0.5,128,50,50,17,24,18,28,-2.9825116749653368e-05,-0.0001968964416628854,-2.62763781886329e-05,-5.8426279399808485e-06,-0.0003362081178713789,0.02,0.5467158821321734,0.4020777686614774,0.34,0.48
0.5,1,999,999,0.75,0.5,999999,50,50,17,24,18,28,-2.9825116749653368e-05,-0.0001968964416628854,-2.62763781886329e-05,-5.8426279399808485e-06,-0.0003362081178713789,0.02,0.5467158821321734,0.4020777686614774,0.34,0.48
0.5,1,999,999,1.0,0.5,64,50,50,17,24,18,28,-2.9825116749653368e-05,-0.0001968964416628854,-2.62763781886329e-05,-5.8426279399808485e-06,-0.0003362081178713789,0.02,0.5467158821321734,0.4020777686614774,0.34,0.48
0.5,1,999,999,1.0,0.5,128,50,50,17,24,18,28,-2.9825116749653368e-05,-0.0001968964416628854,-2.62763781886329e-05,-5.8426279399808485e-06,-0.0003362081178713789,0.02,0.5467158821321734,0.4020777686614774,0.34,0.48
0.5,1,999,999,1.0,0.5,999999,50,50,17,24,18,28,-2.9825116749653368e-05,-0.0001968964416628854,-2.62763781886329e-05,-5.8426279399808485e-06,-0.0003362081178713789,0.02,0.5467158821321734,0.4020777686614774,0.34,0.48
0.5,0,0,0,0.5,0.0,16,80,80,33,41,28,46,-1.5132144980117135e-05,-0.00012535979371652373,1.8686201272018533e-05,3.369078767807007e-05,-0.0001900251434962026,0.0,0.5560110722610723,0.3739889277389278,0.4125,0.5125
0.5,0,0,0,0.5,0.25,16,80,80,33,41,28,46,-1.5132144980117135e-05,-0.00012535979371652373,1.8686201272018533e-05,3.369078767807007e-05,-0.0001900251434962026,0.0,0.5560110722610723,0.3739889277389278,0.4125,0.5125
0.5,0,0,0,0.5,0.35,16,80,80,33,41,28,46,-1.5132144980117135e-05,-0.00012535979371652373,1.8686201272018533e-05,3.369078767807007e-05,-0.0001900251434962026,0.0,0.5560110722610723,0.3739889277389278,0.4125,0.5125
0.5,0,0,0,0.75,0.0,16,80,80,33,41,28,46,-1.5132144980117135e-05,-0.00012535979371652373,1.8686201272018533e-05,3.369078767807007e-05,-0.0001900251434962026,0.0,0.5560110722610723,0.3739889277389278,0.4125,0.5125
0.5,0,0,0,0.75,0.25,16,80,80,33,41,28,46,-1.5132144980117135e-05,-0.00012535979371652373,1.8686201272018533e-05,3.369078767807007e-05,-0.0001900251434962026,0.0,0.5560110722610723,0.3739889277389278,0.4125,0.5125
0.5,0,0,0,0.75,0.35,16,80,80,33,41,28,46,-1.5132144980117135e-05,-0.00012535979371652373,1.8686201272018533e-05,3.369078767807007e-05,-0.0001900251434962026,0.0,0.5560110722610723,0.3739889277389278,0.4125,0.5125
0.5,0,0,0,1.0,0.0,16,80,80,33,41,28,46,-1.5132144980117135e-05,-0.00012535979371652373,1.8686201272018533e-05,3.369078767807007e-05,-0.0001900251434962026,0.0,0.5560110722610723,0.3739889277389278,0.4125,0.5125
0.5,0,0,0,1.0,0.25,16,80,80,33,41,28,46,-1.5132144980117135e-05,-0.00012535979371652373,1.8686201272018533e-05,3.369078767807007e-05,-0.0001900251434962026,0.0,0.5560110722610723,0.3739889277389278,0.4125,0.5125
0.5,0,0,0,1.0,0.35,16,80,80,33,41,28,46,-1.5132144980117135e-05,-0.00012535979371652373,1.8686201272018533e-05,3.369078767807007e-05,-0.0001900251434962026,0.0,0.5560110722610723,0.3739889277389278,0.4125,0.5125
0.5,0,0,1,0.5,0.0,16,80,80,33,41,28,46,-1.5132144980117135e-05,-0.00012535979371652373,1.8686201272018533e-05,3.369078767807007e-05,-0.0001900251434962026,0.0,0.5560110722610723,0.3739889277389278,0.4125,0.5125
0.5,0,0,1,0.5,0.25,16,80,80,33,41,28,46,-1.5132144980117135e-05,-0.00012535979371652373,1.8686201272018533e-05,3.369078767807007e-05,-0.0001900251434962026,0.0,0.5560110722610723,0.3739889277389278,0.4125,0.5125
0.5,0,0,1,0.5,0.35,16,80,80,33,41,28,46,-1.5132144980117135e-05,-0.00012535979371652373,1.8686201272018533e-05,3.369078767807007e-05,-0.0001900251434962026,0.0,0.5560110722610723,0.3739889277389278,0.4125,0.5125
0.5,0,0,1,0.75,0.0,16,80,80,33,41,28,46,-1.5132144980117135e-05,-0.00012535979371652373,1.8686201272018533e-05,3.369078767807007e-05,-0.0001900251434962026,0.0,0.5560110722610723,0.3739889277389278,0.4125,0.5125
0.5,0,0,1,0.75,0.25,16,80,80,33,41,28,46,-1.5132144980117135e-05,-0.00012535979371652373,1.8686201272018533e-05,3.369078767807007e-05,-0.0001900251434962026,0.0,0.5560110722610723,0.3739889277389278,0.4125,0.5125
0.5,0,0,1,0.75,0.35,16,80,80,33,41,28,46,-1.5132144980117135e-05,-0.00012535979371652373,1.8686201272018533e-05,3.369078767807007e-05,-0.0001900251434962026,0.0,0.5560110722610723,0.3739889277389278,0.4125,0.5125
0.5,0,0,1,1.0,0.0,16,80,80,33,41,28,46,-1.5132144980117135e-05,-0.00012535979371652373,1.8686201272018533e-05,3.369078767807007e-05,-0.0001900251434962026,0.0,0.5560110722610723,0.3739889277389278,0.4125,0.5125
0.5,0,0,1,1.0,0.25,16,80,80,33,41,28,46,-1.5132144980117135e-05,-0.00012535979371652373,1.8686201272018533e-05,3.369078767807007e-05,-0.0001900251434962026,0.0,0.5560110722610723,0.3739889277389278,0.4125,0.5125
0.5,0,0,1,1.0,0.35,16,80,80,33,41,28,46,-1.5132144980117135e-05,-0.00012535979371652373,1.8686201272018533e-05,3.369078767807007e-05,-0.0001900251434962026,0.0,0.5560110722610723,0.3739889277389278,0.4125,0.5125
0.5,0,0,999,0.5,0.0,16,80,80,33,41,28,46,-1.5132144980117135e-05,-0.00012535979371652373,1.8686201272018533e-05,3.369078767807007e-05,-0.0001900251434962026,0.0,0.5560110722610723,0.3739889277389278,0.4125,0.5125
0.5,0,0,999,0.5,0.25,16,80,80,33,41,28,46,-1.5132144980117135e-05,-0.00012535979371652373,1.8686201272018533e-05,3.369078767807007e-05,-0.0001900251434962026,0.0,0.5560110722610723,0.3739889277389278,0.4125,0.5125
0.5,0,0,999,0.5,0.35,16,80,80,33,41,28,46,-1.5132144980117135e-05,-0.00012535979371652373,1.8686201272018533e-05,3.369078767807007e-05,-0.0001900251434962026,0.0,0.5560110722610723,0.3739889277389278,0.4125,0.5125
0.5,0,0,999,0.75,0.0,16,80,80,33,41,28,46,-1.5132144980117135e-05,-0.00012535979371652373,1.8686201272018533e-05,3.369078767807007e-05,-0.0001900251434962026,0.0,0.5560110722610723,0.3739889277389278,0.4125,0.5125
0.5,0,0,999,0.75,0.25,16,80,80,33,41,28,46,-1.5132144980117135e-05,-0.00012535979371652373,1.8686201272018533e-05,3.369078767807007e-05,-0.0001900251434962026,0.0,0.5560110722610723,0.3739889277389278,0.4125,0.5125
0.5,0,0,999,0.75,0.35,16,80,80,33,41,28,46,-1.5132144980117135e-05,-0.00012535979371652373,1.8686201272018533e-05,3.369078767807007e-05,-0.0001900251434962026,0.0,0.5560110722610723,0.3739889277389278,0.4125,0.5125
0.5,0,0,999,1.0,0.0,16,80,80,33,41,28,46,-1.5132144980117135e-05,-0.00012535979371652373,1.8686201272018533e-05,3.369078767807007e-05,-0.0001900251434962026,0.0,0.5560110722610723,0.3739889277389278,0.4125,0.5125
0.5,0,0,999,1.0,0.25,16,80,80,33,41,28,46,-1.5132144980117135e-05,-0.00012535979371652373,1.8686201272018533e-05,3.369078767807007e-05,-0.0001900251434962026,0.0,0.5560110722610723,0.3739889277389278,0.4125,0.5125
0.5,0,0,999,1.0,0.35,16,80,80,33,41,28,46,-1.5132144980117135e-05,-0.00012535979371652373,1.8686201272018533e-05,3.369078767807007e-05,-0.0001900251434962026,0.0,0.5560110722610723,0.3739889277389278,0.4125,0.5125
0.5,0,1,0,0.5,0.0,16,80,80,33,41,28,46,-1.5132144980117135e-05,-0.00012535979371652373,1.8686201272018533e-05,3.369078767807007e-05,-0.0001900251434962026,0.0,0.5560110722610723,0.3739889277389278,0.4125,0.5125
0.5,0,1,0,0.5,0.25,16,80,80,33,41,28,46,-1.5132144980117135e-05,-0.00012535979371652373,1.8686201272018533e-05,3.369078767807007e-05,-0.0001900251434962026,0.0,0.5560110722610723,0.3739889277389278,0.4125,0.5125
0.5,0,1,0,0.5,0.35,16,80,80,33,41,28,46,-1.5132144980117135e-05,-0.00012535979371652373,1.8686201272018533e-05,3.369078767807007e-05,-0.0001900251434962026,0.0,0.5560110722610723,0.3739889277389278,0.4125,0.5125
0.5,0,1,0,0.75,0.0,16,80,80,33,41,28,46,-1.5132144980117135e-05,-0.00012535979371652373,1.8686201272018533e-05,3.369078767807007e-05,-0.0001900251434962026,0.0,0.5560110722610723,0.3739889277389278,0.4125,0.5125
0.5,0,1,0,0.75,0.25,16,80,80,33,41,28,46,-1.5132144980117135e-05,-0.00012535979371652373,1.8686201272018533e-05,3.369078767807007e-05,-0.0001900251434962026,0.0,0.5560110722610723,0.3739889277389278,0.4125,0.5125
0.5,0,1,0,0.75,0.35,16,80,80,33,41,28,46,-1.5132144980117135e-05,-0.00012535979371652373,1.8686201272018533e-05,3.369078767807007e-05,-0.0001900251434962026,0.0,0.5560110722610723,0.3739889277389278,0.4125,0.5125
0.5,0,1,0,1.0,0.0,16,80,80,33,41,28,46,-1.5132144980117135e-05,-0.00012535979371652373,1.8686201272018533e-05,3.369078767807007e-05,-0.0001900251434962026,0.0,0.5560110722610723,0.3739889277389278,0.4125,0.5125
0.5,0,1,0,1.0,0.25,16,80,80,33,41,28,46,-1.5132144980117135e-05,-0.00012535979371652373,1.8686201272018533e-05,3.369078767807007e-05,-0.0001900251434962026,0.0,0.5560110722610723,0.3739889277389278,0.4125,0.5125
0.5,0,1,0,1.0,0.35,16,80,80,33,41,28,46,-1.5132144980117135e-05,-0.00012535979371652373,1.8686201272018533e-05,3.369078767807007e-05,-0.0001900251434962026,0.0,0.5560110722610723,0.3739889277389278,0.4125,0.5125
0.5,0,1,1,0.5,0.0,16,80,80,33,41,28,46,-1.5132144980117135e-05,-0.00012535979371652373,1.8686201272018533e-05,3.369078767807007e-05,-0.0001900251434962026,0.0,0.5560110722610723,0.3739889277389278,0.4125,0.5125
0.5,0,1,1,0.5,0.25,16,80,80,33,41,28,46,-1.5132144980117135e-05,-0.00012535979371652373,1.8686201272018533e-05,3.369078767807007e-05,-0.0001900251434962026,0.0,0.5560110722610723,0.3739889277389278,0.4125,0.5125
0.5,0,1,1,0.5,0.35,16,80,80,33,41,28,46,-1.5132144980117135e-05,-0.00012535979371652373,1.8686201272018533e-05,3.369078767807007e-05,-0.0001900251434962026,0.0,0.5560110722610723,0.3739889277389278,0.4125,0.5125
0.5,0,1,1,0.75,0.0,16,80,80,33,41,28,46,-1.5132144980117135e-05,-0.00012535979371652373,1.8686201272018533e-05,3.369078767807007e-05,-0.0001900251434962026,0.0,0.5560110722610723,0.3739889277389278,0.4125,0.5125
0.5,0,1,1,0.75,0.25,16,80,80,33,41,28,46,-1.5132144980117135e-05,-0.00012535979371652373,1.8686201272018533e-05,3.369078767807007e-05,-0.0001900251434962026,0.0,0.5560110722610723,0.3739889277389278,0.4125,0.5125
0.5,0,1,1,0.75,0.35,16,80,80,33,41,28,46,-1.5132144980117135e-05,-0.00012535979371652373,1.8686201272018533e-05,3.369078767807007e-05,-0.0001900251434962026,0.0,0.5560110722610723,0.3739889277389278,0.4125,0.5125
0.5,0,1,1,1.0,0.0,16,80,80,33,41,28,46,-1.5132144980117135e-05,-0.00012535979371652373,1.8686201272018533e-05,3.369078767807007e-05,-0.0001900251434962026,0.0,0.5560110722610723,0.3739889277389278,0.4125,0.5125
0.5,0,1,1,1.0,0.25,16,80,80,33,41,28,46,-1.5132144980117135e-05,-0.00012535979371652373,1.8686201272018533e-05,3.369078767807007e-05,-0.0001900251434962026,0.0,0.5560110722610723,0.3739889277389278,0.4125,0.5125
0.5,0,1,1,1.0,0.35,16,80,80,33,41,28,46,-1.5132144980117135e-05,-0.00012535979371652373,1.8686201272018533e-05,3.369078767807007e-05,-0.0001900251434962026,0.0,0.5560110722610723,0.3739889277389278,0.4125,0.5125
0.5,0,1,999,0.5,0.0,16,80,80,33,41,28,46,-1.5132144980117135e-05,-0.00012535979371652373,1.8686201272018533e-05,3.369078767807007e-05,-0.0001900251434962026,0.0,0.5560110722610723,0.3739889277389278,0.4125,0.5125
0.5,0,1,999,0.5,0.25,16,80,80,33,41,28,46,-1.5132144980117135e-05,-0.00012535979371652373,1.8686201272018533e-05,3.369078767807007e-05,-0.0001900251434962026,0.0,0.5560110722610723,0.3739889277389278,0.4125,0.5125
0.5,0,1,999,0.5,0.35,16,80,80,33,41,28,46,-1.5132144980117135e-05,-0.00012535979371652373,1.8686201272018533e-05,3.369078767807007e-05,-0.0001900251434962026,0.0,0.5560110722610723,0.3739889277389278,0.4125,0.5125
0.5,0,1,999,0.75,0.0,16,80,80,33,41,28,46,-1.5132144980117135e-05,-0.00012535979371652373,1.8686201272018533e-05,3.369078767807007e-05,-0.0001900251434962026,0.0,0.5560110722610723,0.3739889277389278,0.4125,0.5125
0.5,0,1,999,0.75,0.25,16,80,80,33,41,28,46,-1.5132144980117135e-05,-0.00012535979371652373,1.8686201272018533e-05,3.369078767807007e-05,-0.0001900251434962026,0.0,0.5560110722610723,0.3739889277389278,0.4125,0.5125
0.5,0,1,999,0.75,0.35,16,80,80,33,41,28,46,-1.5132144980117135e-05,-0.00012535979371652373,1.8686201272018533e-05,3.369078767807007e-05,-0.0001900251434962026,0.0,0.5560110722610723,0.3739889277389278,0.4125,0.5125
0.5,0,1,999,1.0,0.0,16,80,80,33,41,28,46,-1.5132144980117135e-05,-0.00012535979371652373,1.8686201272018533e-05,3.369078767807007e-05,-0.0001900251434962026,0.0,0.5560110722610723,0.3739889277389278,0.4125,0.5125
0.5,0,1,999,1.0,0.25,16,80,80,33,41,28,46,-1.5132144980117135e-05,-0.00012535979371652373,1.8686201272018533e-05,3.369078767807007e-05,-0.0001900251434962026,0.0,0.5560110722610723,0.3739889277389278,0.4125,0.5125
0.5,0,1,999,1.0,0.35,16,80,80,33,41,28,46,-1.5132144980117135e-05,-0.00012535979371652373,1.8686201272018533e-05,3.369078767807007e-05,-0.0001900251434962026,0.0,0.5560110722610723,0.3739889277389278,0.4125,0.5125
0.5,0,999,0,0.5,0.0,16,80,80,33,41,28,46,-1.5132144980117135e-05,-0.00012535979371652373,1.8686201272018533e-05,3.369078767807007e-05,-0.0001900251434962026,0.0,0.5560110722610723,0.3739889277389278,0.4125,0.5125
0.5,0,999,0,0.5,0.25,16,80,80,33,41,28,46,-1.5132144980117135e-05,-0.00012535979371652373,1.8686201272018533e-05,3.369078767807007e-05,-0.0001900251434962026,0.0,0.5560110722610723,0.3739889277389278,0.4125,0.5125
0.5,0,999,0,0.5,0.35,16,80,80,33,41,28,46,-1.5132144980117135e-05,-0.00012535979371652373,1.8686201272018533e-05,3.369078767807007e-05,-0.0001900251434962026,0.0,0.5560110722610723,0.3739889277389278,0.4125,0.5125
0.5,0,999,0,0.75,0.0,16,80,80,33,41,28,46,-1.5132144980117135e-05,-0.00012535979371652373,1.8686201272018533e-05,3.369078767807007e-05,-0.0001900251434962026,0.0,0.5560110722610723,0.3739889277389278,0.4125,0.5125
0.5,0,999,0,0.75,0.25,16,80,80,33,41,28,46,-1.5132144980117135e-05,-0.00012535979371652373,1.8686201272018533e-05,3.369078767807007e-05,-0.0001900251434962026,0.0,0.5560110722610723,0.3739889277389278,0.4125,0.5125
0.5,0,999,0,0.75,0.35,16,80,80,33,41,28,46,-1.5132144980117135e-05,-0.00012535979371652373,1.8686201272018533e-05,3.369078767807007e-05,-0.0001900251434962026,0.0,0.5560110722610723,0.3739889277389278,0.4125,0.5125
0.5,0,999,0,1.0,0.0,16,80,80,33,41,28,46,-1.5132144980117135e-05,-0.00012535979371652373,1.8686201272018533e-05,3.369078767807007e-05,-0.0001900251434962026,0.0,0.5560110722610723,0.3739889277389278,0.4125,0.5125
0.5,0,999,0,1.0,0.25,16,80,80,33,41,28,46,-1.5132144980117135e-05,-0.00012535979371652373,1.8686201272018533e-05,3.369078767807007e-05,-0.0001900251434962026,0.0,0.5560110722610723,0.3739889277389278,0.4125,0.5125
0.5,0,999,0,1.0,0.35,16,80,80,33,41,28,46,-1.5132144980117135e-05,-0.00012535979371652373,1.8686201272018533e-05,3.369078767807007e-05,-0.0001900251434962026,0.0,0.5560110722610723,0.3739889277389278,0.4125,0.5125
0.5,0,999,1,0.5,0.0,16,80,80,33,41,28,46,-1.5132144980117135e-05,-0.00012535979371652373,1.8686201272018533e-05,3.369078767807007e-05,-0.0001900251434962026,0.0,0.5560110722610723,0.3739889277389278,0.4125,0.5125
0.5,0,999,1,0.5,0.25,16,80,80,33,41,28,46,-1.5132144980117135e-05,-0.00012535979371652373,1.8686201272018533e-05,3.369078767807007e-05,-0.0001900251434962026,0.0,0.5560110722610723,0.3739889277389278,0.4125,0.5125
0.5,0,999,1,0.5,0.35,16,80,80,33,41,28,46,-1.5132144980117135e-05,-0.00012535979371652373,1.8686201272018533e-05,3.369078767807007e-05,-0.0001900251434962026,0.0,0.5560110722610723,0.3739889277389278,0.4125,0.5125
0.5,0,999,1,0.75,0.0,16,80,80,33,41,28,46,-1.5132144980117135e-05,-0.00012535979371652373,1.8686201272018533e-05,3.369078767807007e-05,-0.0001900251434962026,0.0,0.5560110722610723,0.3739889277389278,0.4125,0.5125
0.5,0,999,1,0.75,0.25,16,80,80,33,41,28,46,-1.5132144980117135e-05,-0.00012535979371652373,1.8686201272018533e-05,3.369078767807007e-05,-0.0001900251434962026,0.0,0.5560110722610723,0.3739889277389278,0.4125,0.5125
0.5,0,999,1,0.75,0.35,16,80,80,33,41,28,46,-1.5132144980117135e-05,-0.00012535979371652373,1.8686201272018533e-05,3.369078767807007e-05,-0.0001900251434962026,0.0,0.5560110722610723,0.3739889277389278,0.4125,0.5125
0.5,0,999,1,1.0,0.0,16,80,80,33,41,28,46,-1.5132144980117135e-05,-0.00012535979371652373,1.8686201272018533e-05,3.369078767807007e-05,-0.0001900251434962026,0.0,0.5560110722610723,0.3739889277389278,0.4125,0.5125
0.5,0,999,1,1.0,0.25,16,80,80,33,41,28,46,-1.5132144980117135e-05,-0.00012535979371652373,1.8686201272018533e-05,3.369078767807007e-05,-0.0001900251434962026,0.0,0.5560110722610723,0.3739889277389278,0.4125,0.5125
0.5,0,999,1,1.0,0.35,16,80,80,33,41,28,46,-1.5132144980117135e-05,-0.00012535979371652373,1.8686201272018533e-05,3.369078767807007e-05,-0.0001900251434962026,0.0,0.5560110722610723,0.3739889277389278,0.4125,0.5125
0.5,0,999,999,0.5,0.0,16,80,80,33,41,28,46,-1.5132144980117135e-05,-0.00012535979371652373,1.8686201272018533e-05,3.369078767807007e-05,-0.0001900251434962026,0.0,0.5560110722610723,0.3739889277389278,0.4125,0.5125
0.5,0,999,999,0.5,0.25,16,80,80,33,41,28,46,-1.5132144980117135e-05,-0.00012535979371652373,1.8686201272018533e-05,3.369078767807007e-05,-0.0001900251434962026,0.0,0.5560110722610723,0.3739889277389278,0.4125,0.5125
0.5,0,999,999,0.5,0.35,16,80,80,33,41,28,46,-1.5132144980117135e-05,-0.00012535979371652373,1.8686201272018533e-05,3.369078767807007e-05,-0.0001900251434962026,0.0,0.5560110722610723,0.3739889277389278,0.4125,0.5125
0.5,0,999,999,0.75,0.0,16,80,80,33,41,28,46,-1.5132144980117135e-05,-0.00012535979371652373,1.8686201272018533e-05,3.369078767807007e-05,-0.0001900251434962026,0.0,0.5560110722610723,0.3739889277389278,0.4125,0.5125
0.5,0,999,999,0.75,0.25,16,80,80,33,41,28,46,-1.5132144980117135e-05,-0.00012535979371652373,1.8686201272018533e-05,3.369078767807007e-05,-0.0001900251434962026,0.0,0.5560110722610723,0.3739889277389278,0.4125,0.5125
0.5,0,999,999,0.75,0.35,16,80,80,33,41,28,46,-1.5132144980117135e-05,-0.00012535979371652373,1.8686201272018533e-05,3.369078767807007e-05,-0.0001900251434962026,0.0,0.5560110722610723,0.3739889277389278,0.4125,0.5125
0.5,0,999,999,1.0,0.0,16,80,80,33,41,28,46,-1.5132144980117135e-05,-0.00012535979371652373,1.8686201272018533e-05,3.369078767807007e-05,-0.0001900251434962026,0.0,0.5560110722610723,0.3739889277389278,0.4125,0.5125
0.5,0,999,999,1.0,0.25,16,80,80,33,41,28,46,-1.5132144980117135e-05,-0.00012535979371652373,1.8686201272018533e-05,3.369078767807007e-05,-0.0001900251434962026,0.0,0.5560110722610723,0.3739889277389278,0.4125,0.5125
0.5,0,999,999,1.0,0.35,16,80,80,33,41,28,46,-1.5132144980117135e-05,-0.00012535979371652373,1.8686201272018533e-05,3.369078767807007e-05,-0.0001900251434962026,0.0,0.5560110722610723,0.3739889277389278,0.4125,0.5125
0.5,1,0,0,0.5,0.0,16,80,80,33,41,28,46,-1.5132144980117135e-05,-0.00012535979371652373,1.8686201272018533e-05,3.369078767807007e-05,-0.0001900251434962026,0.0,0.5560110722610723,0.3739889277389278,0.4125,0.5125
0.5,1,0,0,0.5,0.25,16,80,80,33,41,28,46,-1.5132144980117135e-05,-0.00012535979371652373,1.8686201272018533e-05,3.369078767807007e-05,-0.0001900251434962026,0.0,0.5560110722610723,0.3739889277389278,0.4125,0.5125
0.5,1,0,0,0.5,0.35,16,80,80,33,41,28,46,-1.5132144980117135e-05,-0.00012535979371652373,1.8686201272018533e-05,3.369078767807007e-05,-0.0001900251434962026,0.0,0.5560110722610723,0.3739889277389278,0.4125,0.5125
0.5,1,0,0,0.75,0.0,16,80,80,33,41,28,46,-1.5132144980117135e-05,-0.00012535979371652373,1.8686201272018533e-05,3.369078767807007e-05,-0.0001900251434962026,0.0,0.5560110722610723,0.3739889277389278,0.4125,0.5125
0.5,1,0,0,0.75,0.25,16,80,80,33,41,28,46,-1.5132144980117135e-05,-0.00012535979371652373,1.8686201272018533e-05,3.369078767807007e-05,-0.0001900251434962026,0.0,0.5560110722610723,0.3739889277389278,0.4125,0.5125
0.5,1,0,0,0.75,0.35,16,80,80,33,41,28,46,-1.5132144980117135e-05,-0.00012535979371652373,1.8686201272018533e-05,3.369078767807007e-05,-0.0001900251434962026,0.0,0.5560110722610723,0.3739889277389278,0.4125,0.5125
0.5,1,0,0,1.0,0.0,16,80,80,33,41,28,46,-1.5132144980117135e-05,-0.00012535979371652373,1.8686201272018533e-05,3.369078767807007e-05,-0.0001900251434962026,0.0,0.5560110722610723,0.3739889277389278,0.4125,0.5125
0.5,1,0,0,1.0,0.25,16,80,80,33,41,28,46,-1.5132144980117135e-05,-0.00012535979371652373,1.8686201272018533e-05,3.369078767807007e-05,-0.0001900251434962026,0.0,0.5560110722610723,0.3739889277389278,0.4125,0.5125
0.5,1,0,0,1.0,0.35,16,80,80,33,41,28,46,-1.5132144980117135e-05,-0.00012535979371652373,1.8686201272018533e-05,3.369078767807007e-05,-0.0001900251434962026,0.0,0.5560110722610723,0.3739889277389278,0.4125,0.5125
0.5,1,0,1,0.5,0.0,16,80,80,33,41,28,46,-1.5132144980117135e-05,-0.00012535979371652373,1.8686201272018533e-05,3.369078767807007e-05,-0.0001900251434962026,0.0,0.5560110722610723,0.3739889277389278,0.4125,0.5125
0.5,1,0,1,0.5,0.25,16,80,80,33,41,28,46,-1.5132144980117135e-05,-0.00012535979371652373,1.8686201272018533e-05,3.369078767807007e-05,-0.0001900251434962026,0.0,0.5560110722610723,0.3739889277389278,0.4125,0.5125
0.5,1,0,1,0.5,0.35,16,80,80,33,41,28,46,-1.5132144980117135e-05,-0.00012535979371652373,1.8686201272018533e-05,3.369078767807007e-05,-0.0001900251434962026,0.0,0.5560110722610723,0.3739889277389278,0.4125,0.5125
0.5,1,0,1,0.75,0.0,16,80,80,33,41,28,46,-1.5132144980117135e-05,-0.00012535979371652373,1.8686201272018533e-05,3.369078767807007e-05,-0.0001900251434962026,0.0,0.5560110722610723,0.3739889277389278,0.4125,0.5125
0.5,1,0,1,0.75,0.25,16,80,80,33,41,28,46,-1.5132144980117135e-05,-0.00012535979371652373,1.8686201272018533e-05,3.369078767807007e-05,-0.0001900251434962026,0.0,0.5560110722610723,0.3739889277389278,0.4125,0.5125
0.5,1,0,1,0.75,0.35,16,80,80,33,41,28,46,-1.5132144980117135e-05,-0.00012535979371652373,1.8686201272018533e-05,3.369078767807007e-05,-0.0001900251434962026,0.0,0.5560110722610723,0.3739889277389278,0.4125,0.5125
0.5,1,0,1,1.0,0.0,16,80,80,33,41,28,46,-1.5132144980117135e-05,-0.00012535979371652373,1.8686201272018533e-05,3.369078767807007e-05,-0.0001900251434962026,0.0,0.5560110722610723,0.3739889277389278,0.4125,0.5125
0.5,1,0,1,1.0,0.25,16,80,80,33,41,28,46,-1.5132144980117135e-05,-0.00012535979371652373,1.8686201272018533e-05,3.369078767807007e-05,-0.0001900251434962026,0.0,0.5560110722610723,0.3739889277389278,0.4125,0.5125
0.5,1,0,1,1.0,0.35,16,80,80,33,41,28,46,-1.5132144980117135e-05,-0.00012535979371652373,1.8686201272018533e-05,3.369078767807007e-05,-0.0001900251434962026,0.0,0.5560110722610723,0.3739889277389278,0.4125,0.5125
0.5,1,0,999,0.5,0.0,16,80,80,33,41,28,46,-1.5132144980117135e-05,-0.00012535979371652373,1.8686201272018533e-05,3.369078767807007e-05,-0.0001900251434962026,0.0,0.5560110722610723,0.3739889277389278,0.4125,0.5125
0.5,1,0,999,0.5,0.25,16,80,80,33,41,28,46,-1.5132144980117135e-05,-0.00012535979371652373,1.8686201272018533e-05,3.369078767807007e-05,-0.0001900251434962026,0.0,0.5560110722610723,0.3739889277389278,0.4125,0.5125
0.5,1,0,999,0.5,0.35,16,80,80,33,41,28,46,-1.5132144980117135e-05,-0.00012535979371652373,1.8686201272018533e-05,3.369078767807007e-05,-0.0001900251434962026,0.0,0.5560110722610723,0.3739889277389278,0.4125,0.5125
0.5,1,0,999,0.75,0.0,16,80,80,33,41,28,46,-1.5132144980117135e-05,-0.00012535979371652373,1.8686201272018533e-05,3.369078767807007e-05,-0.0001900251434962026,0.0,0.5560110722610723,0.3739889277389278,0.4125,0.5125
0.5,1,0,999,0.75,0.25,16,80,80,33,41,28,46,-1.5132144980117135e-05,-0.00012535979371652373,1.8686201272018533e-05,3.369078767807007e-05,-0.0001900251434962026,0.0,0.5560110722610723,0.3739889277389278,0.4125,0.5125
0.5,1,0,999,0.75,0.35,16,80,80,33,41,28,46,-1.5132144980117135e-05,-0.00012535979371652373,1.8686201272018533e-05,3.369078767807007e-05,-0.0001900251434962026,0.0,0.5560110722610723,0.3739889277389278,0.4125,0.5125
0.5,1,0,999,1.0,0.0,16,80,80,33,41,28,46,-1.5132144980117135e-05,-0.00012535979371652373,1.8686201272018533e-05,3.369078767807007e-05,-0.0001900251434962026,0.0,0.5560110722610723,0.3739889277389278,0.4125,0.5125
0.5,1,0,999,1.0,0.25,16,80,80,33,41,28,46,-1.5132144980117135e-05,-0.00012535979371652373,1.8686201272018533e-05,3.369078767807007e-05,-0.0001900251434962026,0.0,0.5560110722610723,0.3739889277389278,0.4125,0.5125
0.5,1,0,999,1.0,0.35,16,80,80,33,41,28,46,-1.5132144980117135e-05,-0.00012535979371652373,1.8686201272018533e-05,3.369078767807007e-05,-0.0001900251434962026,0.0,0.5560110722610723,0.3739889277389278,0.4125,0.5125
0.5,1,1,0,0.5,0.0,16,80,80,33,41,28,46,-1.5132144980117135e-05,-0.00012535979371652373,1.8686201272018533e-05,3.369078767807007e-05,-0.0001900251434962026,0.0,0.5560110722610723,0.3739889277389278,0.4125,0.5125
0.5,1,1,0,0.5,0.25,16,80,80,33,41,28,46,-1.5132144980117135e-05,-0.00012535979371652373,1.8686201272018533e-05,3.369078767807007e-05,-0.0001900251434962026,0.0,0.5560110722610723,0.3739889277389278,0.4125,0.5125
0.5,1,1,0,0.5,0.35,16,80,80,33,41,28,46,-1.5132144980117135e-05,-0.00012535979371652373,1.8686201272018533e-05,3.369078767807007e-05,-0.0001900251434962026,0.0,0.5560110722610723,0.3739889277389278,0.4125,0.5125
0.5,1,1,0,0.75,0.0,16,80,80,33,41,28,46,-1.5132144980117135e-05,-0.00012535979371652373,1.8686201272018533e-05,3.369078767807007e-05,-0.0001900251434962026,0.0,0.5560110722610723,0.3739889277389278,0.4125,0.5125
0.5,1,1,0,0.75,0.25,16,80,80,33,41,28,46,-1.5132144980117135e-05,-0.00012535979371652373,1.8686201272018533e-05,3.369078767807007e-05,-0.0001900251434962026,0.0,0.5560110722610723,0.3739889277389278,0.4125,0.5125
0.5,1,1,0,0.75,0.35,16,80,80,33,41,28,46,-1.5132144980117135e-05,-0.00012535979371652373,1.8686201272018533e-05,3.369078767807007e-05,-0.0001900251434962026,0.0,0.5560110722610723,0.3739889277389278,0.4125,0.5125
0.5,1,1,0,1.0,0.0,16,80,80,33,41,28,46,-1.5132144980117135e-05,-0.00012535979371652373,1.8686201272018533e-05,3.369078767807007e-05,-0.0001900251434962026,0.0,0.5560110722610723,0.3739889277389278,0.4125,0.5125
0.5,1,1,0,1.0,0.25,16,80,80,33,41,28,46,-1.5132144980117135e-05,-0.00012535979371652373,1.8686201272018533e-05,3.369078767807007e-05,-0.0001900251434962026,0.0,0.5560110722610723,0.3739889277389278,0.4125,0.5125
0.5,1,1,0,1.0,0.35,16,80,80,33,41,28,46,-1.5132144980117135e-05,-0.00012535979371652373,1.8686201272018533e-05,3.369078767807007e-05,-0.0001900251434962026,0.0,0.5560110722610723,0.3739889277389278,0.4125,0.5125
0.5,1,1,1,0.5,0.0,16,80,80,33,41,28,46,-1.5132144980117135e-05,-0.00012535979371652373,1.8686201272018533e-05,3.369078767807007e-05,-0.0001900251434962026,0.0,0.5560110722610723,0.3739889277389278,0.4125,0.5125
0.5,1,1,1,0.5,0.25,16,80,80,33,41,28,46,-1.5132144980117135e-05,-0.00012535979371652373,1.8686201272018533e-05,3.369078767807007e-05,-0.0001900251434962026,0.0,0.5560110722610723,0.3739889277389278,0.4125,0.5125
0.5,1,1,1,0.5,0.35,16,80,80,33,41,28,46,-1.5132144980117135e-05,-0.00012535979371652373,1.8686201272018533e-05,3.369078767807007e-05,-0.0001900251434962026,0.0,0.5560110722610723,0.3739889277389278,0.4125,0.5125
0.5,1,1,1,0.75,0.0,16,80,80,33,41,28,46,-1.5132144980117135e-05,-0.00012535979371652373,1.8686201272018533e-05,3.369078767807007e-05,-0.0001900251434962026,0.0,0.5560110722610723,0.3739889277389278,0.4125,0.5125
0.5,1,1,1,0.75,0.25,16,80,80,33,41,28,46,-1.5132144980117135e-05,-0.00012535979371652373,1.8686201272018533e-05,3.369078767807007e-05,-0.0001900251434962026,0.0,0.5560110722610723,0.3739889277389278,0.4125,0.5125
0.5,1,1,1,0.75,0.35,16,80,80,33,41,28,46,-1.5132144980117135e-05,-0.00012535979371652373,1.8686201272018533e-05,3.369078767807007e-05,-0.0001900251434962026,0.0,0.5560110722610723,0.3739889277389278,0.4125,0.5125
0.5,1,1,1,1.0,0.0,16,80,80,33,41,28,46,-1.5132144980117135e-05,-0.00012535979371652373,1.8686201272018533e-05,3.369078767807007e-05,-0.0001900251434962026,0.0,0.5560110722610723,0.3739889277389278,0.4125,0.5125
0.5,1,1,1,1.0,0.25,16,80,80,33,41,28,46,-1.5132144980117135e-05,-0.00012535979371652373,1.8686201272018533e-05,3.369078767807007e-05,-0.0001900251434962026,0.0,0.5560110722610723,0.3739889277389278,0.4125,0.5125
0.5,1,1,1,1.0,0.35,16,80,80,33,41,28,46,-1.5132144980117135e-05,-0.00012535979371652373,1.8686201272018533e-05,3.369078767807007e-05,-0.0001900251434962026,0.0,0.5560110722610723,0.3739889277389278,0.4125,0.5125
0.5,1,1,999,0.5,0.0,16,80,80,33,41,28,46,-1.5132144980117135e-05,-0.00012535979371652373,1.8686201272018533e-05,3.369078767807007e-05,-0.0001900251434962026,0.0,0.5560110722610723,0.3739889277389278,0.4125,0.5125
0.5,1,1,999,0.5,0.25,16,80,80,33,41,28,46,-1.5132144980117135e-05,-0.00012535979371652373,1.8686201272018533e-05,3.369078767807007e-05,-0.0001900251434962026,0.0,0.5560110722610723,0.3739889277389278,0.4125,0.5125
0.5,1,1,999,0.5,0.35,16,80,80,33,41,28,46,-1.5132144980117135e-05,-0.00012535979371652373,1.8686201272018533e-05,3.369078767807007e-05,-0.0001900251434962026,0.0,0.5560110722610723,0.3739889277389278,0.4125,0.5125
0.5,1,1,999,0.75,0.0,16,80,80,33,41,28,46,-1.5132144980117135e-05,-0.00012535979371652373,1.8686201272018533e-05,3.369078767807007e-05,-0.0001900251434962026,0.0,0.5560110722610723,0.3739889277389278,0.4125,0.5125
0.5,1,1,999,0.75,0.25,16,80,80,33,41,28,46,-1.5132144980117135e-05,-0.00012535979371652373,1.8686201272018533e-05,3.369078767807007e-05,-0.0001900251434962026,0.0,0.5560110722610723,0.3739889277389278,0.4125,0.5125
0.5,1,1,999,0.75,0.35,16,80,80,33,41,28,46,-1.5132144980117135e-05,-0.00012535979371652373,1.8686201272018533e-05,3.369078767807007e-05,-0.0001900251434962026,0.0,0.5560110722610723,0.3739889277389278,0.4125,0.5125
0.5,1,1,999,1.0,0.0,16,80,80,33,41,28,46,-1.5132144980117135e-05,-0.00012535979371652373,1.8686201272018533e-05,3.369078767807007e-05,-0.0001900251434962026,0.0,0.5560110722610723,0.3739889277389278,0.4125,0.5125
0.5,1,1,999,1.0,0.25,16,80,80,33,41,28,46,-1.5132144980117135e-05,-0.00012535979371652373,1.8686201272018533e-05,3.369078767807007e-05,-0.0001900251434962026,0.0,0.5560110722610723,0.3739889277389278,0.4125,0.5125
0.5,1,1,999,1.0,0.35,16,80,80,33,41,28,46,-1.5132144980117135e-05,-0.00012535979371652373,1.8686201272018533e-05,3.369078767807007e-05,-0.0001900251434962026,0.0,0.5560110722610723,0.3739889277389278,0.4125,0.5125
0.5,1,999,0,0.5,0.0,16,80,80,33,41,28,46,-1.5132144980117135e-05,-0.00012535979371652373,1.8686201272018533e-05,3.369078767807007e-05,-0.0001900251434962026,0.0,0.5560110722610723,0.3739889277389278,0.4125,0.5125
0.5,1,999,0,0.5,0.25,16,80,80,33,41,28,46,-1.5132144980117135e-05,-0.00012535979371652373,1.8686201272018533e-05,3.369078767807007e-05,-0.0001900251434962026,0.0,0.5560110722610723,0.3739889277389278,0.4125,0.5125
0.5,1,999,0,0.5,0.35,16,80,80,33,41,28,46,-1.5132144980117135e-05,-0.00012535979371652373,1.8686201272018533e-05,3.369078767807007e-05,-0.0001900251434962026,0.0,0.5560110722610723,0.3739889277389278,0.4125,0.5125
0.5,1,999,0,0.75,0.0,16,80,80,33,41,28,46,-1.5132144980117135e-05,-0.00012535979371652373,1.8686201272018533e-05,3.369078767807007e-05,-0.0001900251434962026,0.0,0.5560110722610723,0.3739889277389278,0.4125,0.5125
0.5,1,999,0,0.75,0.25,16,80,80,33,41,28,46,-1.5132144980117135e-05,-0.00012535979371652373,1.8686201272018533e-05,3.369078767807007e-05,-0.0001900251434962026,0.0,0.5560110722610723,0.3739889277389278,0.4125,0.5125
0.5,1,999,0,0.75,0.35,16,80,80,33,41,28,46,-1.5132144980117135e-05,-0.00012535979371652373,1.8686201272018533e-05,3.369078767807007e-05,-0.0001900251434962026,0.0,0.5560110722610723,0.3739889277389278,0.4125,0.5125
0.5,1,999,0,1.0,0.0,16,80,80,33,41,28,46,-1.5132144980117135e-05,-0.00012535979371652373,1.8686201272018533e-05,3.369078767807007e-05,-0.0001900251434962026,0.0,0.5560110722610723,0.3739889277389278,0.4125,0.5125
0.5,1,999,0,1.0,0.25,16,80,80,33,41,28,46,-1.5132144980117135e-05,-0.00012535979371652373,1.8686201272018533e-05,3.369078767807007e-05,-0.0001900251434962026,0.0,0.5560110722610723,0.3739889277389278,0.4125,0.5125
0.5,1,999,0,1.0,0.35,16,80,80,33,41,28,46,-1.5132144980117135e-05,-0.00012535979371652373,1.8686201272018533e-05,3.369078767807007e-05,-0.0001900251434962026,0.0,0.5560110722610723,0.3739889277389278,0.4125,0.5125
0.5,1,999,1,0.5,0.0,16,80,80,33,41,28,46,-1.5132144980117135e-05,-0.00012535979371652373,1.8686201272018533e-05,3.369078767807007e-05,-0.0001900251434962026,0.0,0.5560110722610723,0.3739889277389278,0.4125,0.5125
0.5,1,999,1,0.5,0.25,16,80,80,33,41,28,46,-1.5132144980117135e-05,-0.00012535979371652373,1.8686201272018533e-05,3.369078767807007e-05,-0.0001900251434962026,0.0,0.5560110722610723,0.3739889277389278,0.4125,0.5125
0.5,1,999,1,0.5,0.35,16,80,80,33,41,28,46,-1.5132144980117135e-05,-0.00012535979371652373,1.8686201272018533e-05,3.369078767807007e-05,-0.0001900251434962026,0.0,0.5560110722610723,0.3739889277389278,0.4125,0.5125
0.5,1,999,1,0.75,0.0,16,80,80,33,41,28,46,-1.5132144980117135e-05,-0.00012535979371652373,1.8686201272018533e-05,3.369078767807007e-05,-0.0001900251434962026,0.0,0.5560110722610723,0.3739889277389278,0.4125,0.5125
0.5,1,999,1,0.75,0.25,16,80,80,33,41,28,46,-1.5132144980117135e-05,-0.00012535979371652373,1.8686201272018533e-05,3.369078767807007e-05,-0.0001900251434962026,0.0,0.5560110722610723,0.3739889277389278,0.4125,0.5125
0.5,1,999,1,0.75,0.35,16,80,80,33,41,28,46,-1.5132144980117135e-05,-0.00012535979371652373,1.8686201272018533e-05,3.369078767807007e-05,-0.0001900251434962026,0.0,0.5560110722610723,0.3739889277389278,0.4125,0.5125
0.5,1,999,1,1.0,0.0,16,80,80,33,41,28,46,-1.5132144980117135e-05,-0.00012535979371652373,1.8686201272018533e-05,3.369078767807007e-05,-0.0001900251434962026,0.0,0.5560110722610723,0.3739889277389278,0.4125,0.5125
0.5,1,999,1,1.0,0.25,16,80,80,33,41,28,46,-1.5132144980117135e-05,-0.00012535979371652373,1.8686201272018533e-05,3.369078767807007e-05,-0.0001900251434962026,0.0,0.5560110722610723,0.3739889277389278,0.4125,0.5125
0.5,1,999,1,1.0,0.35,16,80,80,33,41,28,46,-1.5132144980117135e-05,-0.00012535979371652373,1.8686201272018533e-05,3.369078767807007e-05,-0.0001900251434962026,0.0,0.5560110722610723,0.3739889277389278,0.4125,0.5125
0.5,1,999,999,0.5,0.0,16,80,80,33,41,28,46,-1.5132144980117135e-05,-0.00012535979371652373,1.8686201272018533e-05,3.369078767807007e-05,-0.0001900251434962026,0.0,0.5560110722610723,0.3739889277389278,0.4125,0.5125
0.5,1,999,999,0.5,0.25,16,80,80,33,41,28,46,-1.5132144980117135e-05,-0.00012535979371652373,1.8686201272018533e-05,3.369078767807007e-05,-0.0001900251434962026,0.0,0.5560110722610723,0.3739889277389278,0.4125,0.5125
0.5,1,999,999,0.5,0.35,16,80,80,33,41,28,46,-1.5132144980117135e-05,-0.00012535979371652373,1.8686201272018533e-05,3.369078767807007e-05,-0.0001900251434962026,0.0,0.5560110722610723,0.3739889277389278,0.4125,0.5125
0.5,1,999,999,0.75,0.0,16,80,80,33,41,28,46,-1.5132144980117135e-05,-0.00012535979371652373,1.8686201272018533e-05,3.369078767807007e-05,-0.0001900251434962026,0.0,0.5560110722610723,0.3739889277389278,0.4125,0.5125
0.5,1,999,999,0.75,0.25,16,80,80,33,41,28,46,-1.5132144980117135e-05,-0.00012535979371652373,1.8686201272018533e-05,3.369078767807007e-05,-0.0001900251434962026,0.0,0.5560110722610723,0.3739889277389278,0.4125,0.5125
0.5,1,999,999,0.75,0.35,16,80,80,33,41,28,46,-1.5132144980117135e-05,-0.00012535979371652373,1.8686201272018533e-05,3.369078767807007e-05,-0.0001900251434962026,0.0,0.5560110722610723,0.3739889277389278,0.4125,0.5125
0.5,1,999,999,1.0,0.0,16,80,80,33,41,28,46,-1.5132144980117135e-05,-0.00012535979371652373,1.8686201272018533e-05,3.369078767807007e-05,-0.0001900251434962026,0.0,0.5560110722610723,0.3739889277389278,0.4125,0.5125
0.5,1,999,999,1.0,0.25,16,80,80,33,41,28,46,-1.5132144980117135e-05,-0.00012535979371652373,1.8686201272018533e-05,3.369078767807007e-05,-0.0001900251434962026,0.0,0.5560110722610723,0.3739889277389278,0.4125,0.5125
0.5,1,999,999,1.0,0.35,16,80,80,33,41,28,46,-1.5132144980117135e-05,-0.00012535979371652373,1.8686201272018533e-05,3.369078767807007e-05,-0.0001900251434962026,0.0,0.5560110722610723,0.3739889277389278,0.4125,0.5125
0.0,0,0,0,0.5,0.35,16,82,82,33,43,28,48,-1.5336874978722875e-05,-0.00012352505509377682,1.6078231374163014e-05,2.9863410196399314e-05,-0.00018605298221175887,0.0,0.5637912900108023,0.36791602706236853,0.4024390243902439,0.524390243902439
0.0,0,0,0,0.75,0.35,16,82,82,33,43,28,48,-1.5336874978722875e-05,-0.00012352505509377682,1.6078231374163014e-05,2.9863410196399314e-05,-0.00018605298221175887,0.0,0.5637912900108023,0.36791602706236853,0.4024390243902439,0.524390243902439
0.0,0,0,0,1.0,0.35,16,82,82,33,43,28,48,-1.5336874978722875e-05,-0.00012352505509377682,1.6078231374163014e-05,2.9863410196399314e-05,-0.00018605298221175887,0.0,0.5637912900108023,0.36791602706236853,0.4024390243902439,0.524390243902439
0.0,0,0,1,0.5,0.35,16,82,82,33,43,28,48,-1.5336874978722875e-05,-0.00012352505509377682,1.6078231374163014e-05,2.9863410196399314e-05,-0.00018605298221175887,0.0,0.5637912900108023,0.36791602706236853,0.4024390243902439,0.524390243902439
0.0,0,0,1,0.75,0.35,16,82,82,33,43,28,48,-1.5336874978722875e-05,-0.00012352505509377682,1.6078231374163014e-05,2.9863410196399314e-05,-0.00018605298221175887,0.0,0.5637912900108023,0.36791602706236853,0.4024390243902439,0.524390243902439
0.0,0,0,1,1.0,0.35,16,82,82,33,43,28,48,-1.5336874978722875e-05,-0.00012352505509377682,1.6078231374163014e-05,2.9863410196399314e-05,-0.00018605298221175887,0.0,0.5637912900108023,0.36791602706236853,0.4024390243902439,0.524390243902439
0.0,0,0,999,0.5,0.35,16,82,82,33,43,28,48,-1.5336874978722875e-05,-0.00012352505509377682,1.6078231374163014e-05,2.9863410196399314e-05,-0.00018605298221175887,0.0,0.5637912900108023,0.36791602706236853,0.4024390243902439,0.524390243902439
0.0,0,0,999,0.75,0.35,16,82,82,33,43,28,48,-1.5336874978722875e-05,-0.00012352505509377682,1.6078231374163014e-05,2.9863410196399314e-05,-0.00018605298221175887,0.0,0.5637912900108023,0.36791602706236853,0.4024390243902439,0.524390243902439
0.0,0,0,999,1.0,0.35,16,82,82,33,43,28,48,-1.5336874978722875e-05,-0.00012352505509377682,1.6078231374163014e-05,2.9863410196399314e-05,-0.00018605298221175887,0.0,0.5637912900108023,0.36791602706236853,0.4024390243902439,0.524390243902439
0.0,0,1,0,0.5,0.35,16,82,82,33,43,28,48,-1.5336874978722875e-05,-0.00012352505509377682,1.6078231374163014e-05,2.9863410196399314e-05,-0.00018605298221175887,0.0,0.5637912900108023,0.36791602706236853,0.4024390243902439,0.524390243902439
0.0,0,1,0,0.75,0.35,16,82,82,33,43,28,48,-1.5336874978722875e-05,-0.00012352505509377682,1.6078231374163014e-05,2.9863410196399314e-05,-0.00018605298221175887,0.0,0.5637912900108023,0.36791602706236853,0.4024390243902439,0.524390243902439
0.0,0,1,0,1.0,0.35,16,82,82,33,43,28,48,-1.5336874978722875e-05,-0.00012352505509377682,1.6078231374163014e-05,2.9863410196399314e-05,-0.00018605298221175887,0.0,0.5637912900108023,0.36791602706236853,0.4024390243902439,0.524390243902439
0.0,0,1,1,0.5,0.35,16,82,82,33,43,28,48,-1.5336874978722875e-05,-0.00012352505509377682,1.6078231374163014e-05,2.9863410196399314e-05,-0.00018605298221175887,0.0,0.5637912900108023,0.36791602706236853,0.4024390243902439,0.524390243902439
0.0,0,1,1,0.75,0.35,16,82,82,33,43,28,48,-1.5336874978722875e-05,-0.00012352505509377682,1.6078231374163014e-05,2.9863410196399314e-05,-0.00018605298221175887,0.0,0.5637912900108023,0.36791602706236853,0.4024390243902439,0.524390243902439
0.0,0,1,1,1.0,0.35,16,82,82,33,43,28,48,-1.5336874978722875e-05,-0.00012352505509377682,1.6078231374163014e-05,2.9863410196399314e-05,-0.00018605298221175887,0.0,0.5637912900108023,0.36791602706236853,0.4024390243902439,0.524390243902439
0.0,0,1,999,0.5,0.35,16,82,82,33,43,28,48,-1.5336874978722875e-05,-0.00012352505509377682,1.6078231374163014e-05,2.9863410196399314e-05,-0.00018605298221175887,0.0,0.5637912900108023,0.36791602706236853,0.4024390243902439,0.524390243902439
0.0,0,1,999,0.75,0.35,16,82,82,33,43,28,48,-1.5336874978722875e-05,-0.00012352505509377682,1.6078231374163014e-05,2.9863410196399314e-05,-0.00018605298221175887,0.0,0.5637912900108023,0.36791602706236853,0.4024390243902439,0.524390243902439
0.0,0,1,999,1.0,0.35,16,82,82,33,43,28,48,-1.5336874978722875e-05,-0.00012352505509377682,1.6078231374163014e-05,2.9863410196399314e-05,-0.00018605298221175887,0.0,0.5637912900108023,0.36791602706236853,0.4024390243902439,0.524390243902439
0.0,0,999,0,0.5,0.35,16,82,82,33,43,28,48,-1.5336874978722875e-05,-0.00012352505509377682,1.6078231374163014e-05,2.9863410196399314e-05,-0.00018605298221175887,0.0,0.5637912900108023,0.36791602706236853,0.4024390243902439,0.524390243902439
0.0,0,999,0,0.75,0.35,16,82,82,33,43,28,48,-1.5336874978722875e-05,-0.00012352505509377682,1.6078231374163014e-05,2.9863410196399314e-05,-0.00018605298221175887,0.0,0.5637912900108023,0.36791602706236853,0.4024390243902439,0.524390243902439
0.0,0,999,0,1.0,0.35,16,82,82,33,43,28,48,-1.5336874978722875e-05,-0.00012352505509377682,1.6078231374163014e-05,2.9863410196399314e-05,-0.00018605298221175887,0.0,0.5637912900108023,0.36791602706236853,0.4024390243902439,0.524390243902439
0.0,0,999,1,0.5,0.35,16,82,82,33,43,28,48,-1.5336874978722875e-05,-0.00012352505509377682,1.6078231374163014e-05,2.9863410196399314e-05,-0.00018605298221175887,0.0,0.5637912900108023,0.36791602706236853,0.4024390243902439,0.524390243902439
0.0,0,999,1,0.75,0.35,16,82,82,33,43,28,48,-1.5336874978722875e-05,-0.00012352505509377682,1.6078231374163014e-05,2.9863410196399314e-05,-0.00018605298221175887,0.0,0.5637912900108023,0.36791602706236853,0.4024390243902439,0.524390243902439
0.0,0,999,1,1.0,0.35,16,82,82,33,43,28,48,-1.5336874978722875e-05,-0.00012352505509377682,1.6078231374163014e-05,2.9863410196399314e-05,-0.00018605298221175887,0.0,0.5637912900108023,0.36791602706236853,0.4024390243902439,0.524390243902439
0.0,0,999,999,0.5,0.35,16,82,82,33,43,28,48,-1.5336874978722875e-05,-0.00012352505509377682,1.6078231374163014e-05,2.9863410196399314e-05,-0.00018605298221175887,0.0,0.5637912900108023,0.36791602706236853,0.4024390243902439,0.524390243902439
0.0,0,999,999,0.75,0.35,16,82,82,33,43,28,48,-1.5336874978722875e-05,-0.00012352505509377682,1.6078231374163014e-05,2.9863410196399314e-05,-0.00018605298221175887,0.0,0.5637912900108023,0.36791602706236853,0.4024390243902439,0.524390243902439
0.0,0,999,999,1.0,0.35,16,82,82,33,43,28,48,-1.5336874978722875e-05,-0.00012352505509377682,1.6078231374163014e-05,2.9863410196399314e-05,-0.00018605298221175887,0.0,0.5637912900108023,0.36791602706236853,0.4024390243902439,0.524390243902439
0.0,1,0,0,0.5,0.35,16,82,82,33,43,28,48,-1.5336874978722875e-05,-0.00012352505509377682,1.6078231374163014e-05,2.9863410196399314e-05,-0.00018605298221175887,0.0,0.5637912900108023,0.36791602706236853,0.4024390243902439,0.524390243902439
0.0,1,0,0,0.75,0.35,16,82,82,33,43,28,48,-1.5336874978722875e-05,-0.00012352505509377682,1.6078231374163014e-05,2.9863410196399314e-05,-0.00018605298221175887,0.0,0.5637912900108023,0.36791602706236853,0.4024390243902439,0.524390243902439
0.0,1,0,0,1.0,0.35,16,82,82,33,43,28,48,-1.5336874978722875e-05,-0.00012352505509377682,1.6078231374163014e-05,2.9863410196399314e-05,-0.00018605298221175887,0.0,0.5637912900108023,0.36791602706236853,0.4024390243902439,0.524390243902439
0.0,1,0,1,0.5,0.35,16,82,82,33,43,28,48,-1.5336874978722875e-05,-0.00012352505509377682,1.6078231374163014e-05,2.9863410196399314e-05,-0.00018605298221175887,0.0,0.5637912900108023,0.36791602706236853,0.4024390243902439,0.524390243902439
0.0,1,0,1,0.75,0.35,16,82,82,33,43,28,48,-1.5336874978722875e-05,-0.00012352505509377682,1.6078231374163014e-05,2.9863410196399314e-05,-0.00018605298221175887,0.0,0.5637912900108023,0.36791602706236853,0.4024390243902439,0.524390243902439
0.0,1,0,1,1.0,0.35,16,82,82,33,43,28,48,-1.5336874978722875e-05,-0.00012352505509377682,1.6078231374163014e-05,2.9863410196399314e-05,-0.00018605298221175887,0.0,0.5637912900108023,0.36791602706236853,0.4024390243902439,0.524390243902439
0.0,1,0,999,0.5,0.35,16,82,82,33,43,28,48,-1.5336874978722875e-05,-0.00012352505509377682,1.6078231374163014e-05,2.9863410196399314e-05,-0.00018605298221175887,0.0,0.5637912900108023,0.36791602706236853,0.4024390243902439,0.524390243902439
0.0,1,0,999,0.75,0.35,16,82,82,33,43,28,48,-1.5336874978722875e-05,-0.00012352505509377682,1.6078231374163014e-05,2.9863410196399314e-05,-0.00018605298221175887,0.0,0.5637912900108023,0.36791602706236853,0.4024390243902439,0.524390243902439
0.0,1,0,999,1.0,0.35,16,82,82,33,43,28,48,-1.5336874978722875e-05,-0.00012352505509377682,1.6078231374163014e-05,2.9863410196399314e-05,-0.00018605298221175887,0.0,0.5637912900108023,0.36791602706236853,0.4024390243902439,0.524390243902439
0.0,1,1,0,0.5,0.35,16,82,82,33,43,28,48,-1.5336874978722875e-05,-0.00012352505509377682,1.6078231374163014e-05,2.9863410196399314e-05,-0.00018605298221175887,0.0,0.5637912900108023,0.36791602706236853,0.4024390243902439,0.524390243902439
0.0,1,1,0,0.75,0.35,16,82,82,33,43,28,48,-1.5336874978722875e-05,-0.00012352505509377682,1.6078231374163014e-05,2.9863410196399314e-05,-0.00018605298221175887,0.0,0.5637912900108023,0.36791602706236853,0.4024390243902439,0.524390243902439
0.0,1,1,0,1.0,0.35,16,82,82,33,43,28,48,-1.5336874978722875e-05,-0.00012352505509377682,1.6078231374163014e-05,2.9863410196399314e-05,-0.00018605298221175887,0.0,0.5637912900108023,0.36791602706236853,0.4024390243902439,0.524390243902439
0.0,1,1,1,0.5,0.35,16,82,82,33,43,28,48,-1.5336874978722875e-05,-0.00012352505509377682,1.6078231374163014e-05,2.9863410196399314e-05,-0.00018605298221175887,0.0,0.5637912900108023,0.36791602706236853,0.4024390243902439,0.524390243902439
0.0,1,1,1,0.75,0.35,16,82,82,33,43,28,48,-1.5336874978722875e-05,-0.00012352505509377682,1.6078231374163014e-05,2.9863410196399314e-05,-0.00018605298221175887,0.0,0.5637912900108023,0.36791602706236853,0.4024390243902439,0.524390243902439
0.0,1,1,1,1.0,0.35,16,82,82,33,43,28,48,-1.5336874978722875e-05,-0.00012352505509377682,1.6078231374163014e-05,2.9863410196399314e-05,-0.00018605298221175887,0.0,0.5637912900108023,0.36791602706236853,0.4024390243902439,0.524390243902439
0.0,1,1,999,0.5,0.35,16,82,82,33,43,28,48,-1.5336874978722875e-05,-0.00012352505509377682,1.6078231374163014e-05,2.9863410196399314e-05,-0.00018605298221175887,0.0,0.5637912900108023,0.36791602706236853,0.4024390243902439,0.524390243902439
0.0,1,1,999,0.75,0.35,16,82,82,33,43,28,48,-1.5336874978722875e-05,-0.00012352505509377682,1.6078231374163014e-05,2.9863410196399314e-05,-0.00018605298221175887,0.0,0.5637912900108023,0.36791602706236853,0.4024390243902439,0.524390243902439
0.0,1,1,999,1.0,0.35,16,82,82,33,43,28,48,-1.5336874978722875e-05,-0.00012352505509377682,1.6078231374163014e-05,2.9863410196399314e-05,-0.00018605298221175887,0.0,0.5637912900108023,0.36791602706236853,0.4024390243902439,0.524390243902439
0.0,1,999,0,0.5,0.35,16,82,82,33,43,28,48,-1.5336874978722875e-05,-0.00012352505509377682,1.6078231374163014e-05,2.9863410196399314e-05,-0.00018605298221175887,0.0,0.5637912900108023,0.36791602706236853,0.4024390243902439,0.524390243902439
0.0,1,999,0,0.75,0.35,16,82,82,33,43,28,48,-1.5336874978722875e-05,-0.00012352505509377682,1.6078231374163014e-05,2.9863410196399314e-05,-0.00018605298221175887,0.0,0.5637912900108023,0.36791602706236853,0.4024390243902439,0.524390243902439
0.0,1,999,0,1.0,0.35,16,82,82,33,43,28,48,-1.5336874978722875e-05,-0.00012352505509377682,1.6078231374163014e-05,2.9863410196399314e-05,-0.00018605298221175887,0.0,0.5637912900108023,0.36791602706236853,0.4024390243902439,0.524390243902439
0.0,1,999,1,0.5,0.35,16,82,82,33,43,28,48,-1.5336874978722875e-05,-0.00012352505509377682,1.6078231374163014e-05,2.9863410196399314e-05,-0.00018605298221175887,0.0,0.5637912900108023,0.36791602706236853,0.4024390243902439,0.524390243902439
0.0,1,999,1,0.75,0.35,16,82,82,33,43,28,48,-1.5336874978722875e-05,-0.00012352505509377682,1.6078231374163014e-05,2.9863410196399314e-05,-0.00018605298221175887,0.0,0.5637912900108023,0.36791602706236853,0.4024390243902439,0.524390243902439
0.0,1,999,1,1.0,0.35,16,82,82,33,43,28,48,-1.5336874978722875e-05,-0.00012352505509377682,1.6078231374163014e-05,2.9863410196399314e-05,-0.00018605298221175887,0.0,0.5637912900108023,0.36791602706236853,0.4024390243902439,0.524390243902439
0.0,1,999,999,0.5,0.35,16,82,82,33,43,28,48,-1.5336874978722875e-05,-0.00012352505509377682,1.6078231374163014e-05,2.9863410196399314e-05,-0.00018605298221175887,0.0,0.5637912900108023,0.36791602706236853,0.4024390243902439,0.524390243902439
0.0,1,999,999,0.75,0.35,16,82,82,33,43,28,48,-1.5336874978722875e-05,-0.00012352505509377682,1.6078231374163014e-05,2.9863410196399314e-05,-0.00018605298221175887,0.0,0.5637912900108023,0.36791602706236853,0.4024390243902439,0.524390243902439
0.0,1,999,999,1.0,0.35,16,82,82,33,43,28,48,-1.5336874978722875e-05,-0.00012352505509377682,1.6078231374163014e-05,2.9863410196399314e-05,-0.00018605298221175887,0.0,0.5637912900108023,0.36791602706236853,0.4024390243902439,0.524390243902439
0.0,0,0,0,0.5,0.0,16,83,83,33,44,28,49,-1.5560699230149815e-05,-0.00012280264128389635,1.3454656758291162e-05,2.5943293721063173e-05,-0.0001838113800164365,0.0,0.5690468166371782,0.36348330384474964,0.39759036144578314,0.5301204819277109
0.0,0,0,0,0.5,0.25,16,83,83,33,44,28,49,-1.5560699230149815e-05,-0.00012280264128389635,1.3454656758291162e-05,2.5943293721063173e-05,-0.0001838113800164365,0.0,0.5690468166371782,0.36348330384474964,0.39759036144578314,0.5301204819277109
0.0,0,0,0,0.75,0.0,16,83,83,33,44,28,49,-1.5560699230149815e-05,-0.00012280264128389635,1.3454656758291162e-05,2.5943293721063173e-05,-0.0001838113800164365,0.0,0.5690468166371782,0.36348330384474964,0.39759036144578314,0.5301204819277109
0.0,0,0,0,0.75,0.25,16,83,83,33,44,28,49,-1.5560699230149815e-05,-0.00012280264128389635,1.3454656758291162e-05,2.5943293721063173e-05,-0.0001838113800164365,0.0,0.5690468166371782,0.36348330384474964,0.39759036144578314,0.5301204819277109
0.0,0,0,0,1.0,0.0,16,83,83,33,44,28,49,-1.5560699230149815e-05,-0.00012280264128389635,1.3454656758291162e-05,2.5943293721063173e-05,-0.0001838113800164365,0.0,0.5690468166371782,0.36348330384474964,0.39759036144578314,0.5301204819277109
0.0,0,0,0,1.0,0.25,16,83,83,33,44,28,49,-1.5560699230149815e-05,-0.00012280264128389635,1.3454656758291162e-05,2.5943293721063173e-05,-0.0001838113800164365,0.0,0.5690468166371782,0.36348330384474964,0.39759036144578314,0.5301204819277109
0.0,0,0,1,0.5,0.0,16,83,83,33,44,28,49,-1.5560699230149815e-05,-0.00012280264128389635,1.3454656758291162e-05,2.5943293721063173e-05,-0.0001838113800164365,0.0,0.5690468166371782,0.36348330384474964,0.39759036144578314,0.5301204819277109
0.0,0,0,1,0.5,0.25,16,83,83,33,44,28,49,-1.5560699230149815e-05,-0.00012280264128389635,1.3454656758291162e-05,2.5943293721063173e-05,-0.0001838113800164365,0.0,0.5690468166371782,0.36348330384474964,0.39759036144578314,0.5301204819277109
0.0,0,0,1,0.75,0.0,16,83,83,33,44,28,49,-1.5560699230149815e-05,-0.00012280264128389635,1.3454656758291162e-05,2.5943293721063173e-05,-0.0001838113800164365,0.0,0.5690468166371782,0.36348330384474964,0.39759036144578314,0.5301204819277109
0.0,0,0,1,0.75,0.25,16,83,83,33,44,28,49,-1.5560699230149815e-05,-0.00012280264128389635,1.3454656758291162e-05,2.5943293721063173e-05,-0.0001838113800164365,0.0,0.5690468166371782,0.36348330384474964,0.39759036144578314,0.5301204819277109
0.0,0,0,1,1.0,0.0,16,83,83,33,44,28,49,-1.5560699230149815e-05,-0.00012280264128389635,1.3454656758291162e-05,2.5943293721063173e-05,-0.0001838113800164365,0.0,0.5690468166371782,0.36348330384474964,0.39759036144578314,0.5301204819277109
0.0,0,0,1,1.0,0.25,16,83,83,33,44,28,49,-1.5560699230149815e-05,-0.00012280264128389635,1.3454656758291162e-05,2.5943293721063173e-05,-0.0001838113800164365,0.0,0.5690468166371782,0.36348330384474964,0.39759036144578314,0.5301204819277109
0.0,0,0,999,0.5,0.0,16,83,83,33,44,28,49,-1.5560699230149815e-05,-0.00012280264128389635,1.3454656758291162e-05,2.5943293721063173e-05,-0.0001838113800164365,0.0,0.5690468166371782,0.36348330384474964,0.39759036144578314,0.5301204819277109
0.0,0,0,999,0.5,0.25,16,83,83,33,44,28,49,-1.5560699230149815e-05,-0.00012280264128389635,1.3454656758291162e-05,2.5943293721063173e-05,-0.0001838113800164365,0.0,0.5690468166371782,0.36348330384474964,0.39759036144578314,0.5301204819277109
0.0,0,0,999,0.75,0.0,16,83,83,33,44,28,49,-1.5560699230149815e-05,-0.00012280264128389635,1.3454656758291162e-05,2.5943293721063173e-05,-0.0001838113800164365,0.0,0.5690468166371782,0.36348330384474964,0.39759036144578314,0.5301204819277109
0.0,0,0,999,0.75,0.25,16,83,83,33,44,28,49,-1.5560699230149815e-05,-0.00012280264128389635,1.3454656758291162e-05,2.5943293721063173e-05,-0.0001838113800164365,0.0,0.5690468166371782,0.36348330384474964,0.39759036144578314,0.5301204819277109
0.0,0,0,999,1.0,0.0,16,83,83,33,44,28,49,-1.5560699230149815e-05,-0.00012280264128389635,1.3454656758291162e-05,2.5943293721063173e-05,-0.0001838113800164365,0.0,0.5690468166371782,0.36348330384474964,0.39759036144578314,0.5301204819277109
0.0,0,0,999,1.0,0.25,16,83,83,33,44,28,49,-1.5560699230149815e-05,-0.00012280264128389635,1.3454656758291162e-05,2.5943293721063173e-05,-0.0001838113800164365,0.0,0.5690468166371782,0.36348330384474964,0.39759036144578314,0.5301204819277109
0.0,0,1,0,0.5,0.0,16,83,83,33,44,28,49,-1.5560699230149815e-05,-0.00012280264128389635,1.3454656758291162e-05,2.5943293721063173e-05,-0.0001838113800164365,0.0,0.5690468166371782,0.36348330384474964,0.39759036144578314,0.5301204819277109
0.0,0,1,0,0.5,0.25,16,83,83,33,44,28,49,-1.5560699230149815e-05,-0.00012280264128389635,1.3454656758291162e-05,2.5943293721063173e-05,-0.0001838113800164365,0.0,0.5690468166371782,0.36348330384474964,0.39759036144578314,0.5301204819277109
0.0,0,1,0,0.75,0.0,16,83,83,33,44,28,49,-1.5560699230149815e-05,-0.00012280264128389635,1.3454656758291162e-05,2.5943293721063173e-05,-0.0001838113800164365,0.0,0.5690468166371782,0.36348330384474964,0.39759036144578314,0.5301204819277109
0.0,0,1,0,0.75,0.25,16,83,83,33,44,28,49,-1.5560699230149815e-05,-0.00012280264128389635,1.3454656758291162e-05,2.5943293721063173e-05,-0.0001838113800164365,0.0,0.5690468166371782,0.36348330384474964,0.39759036144578314,0.5301204819277109
0.0,0,1,0,1.0,0.0,16,83,83,33,44,28,49,-1.5560699230149815e-05,-0.00012280264128389635,1.3454656758291162e-05,2.5943293721063173e-05,-0.0001838113800164365,0.0,0.5690468166371782,0.36348330384474964,0.39759036144578314,0.5301204819277109
0.0,0,1,0,1.0,0.25,16,83,83,33,44,28,49,-1.5560699230149815e-05,-0.00012280264128389635,1.3454656758291162e-05,2.5943293721063173e-05,-0.0001838113800164365,0.0,0.5690468166371782,0.36348330384474964,0.39759036144578314,0.5301204819277109
0.0,0,1,1,0.5,0.0,16,83,83,33,44,28,49,-1.5560699230149815e-05,-0.00012280264128389635,1.3454656758291162e-05,2.5943293721063173e-05,-0.0001838113800164365,0.0,0.5690468166371782,0.36348330384474964,0.39759036144578314,0.5301204819277109
0.0,0,1,1,0.5,0.25,16,83,83,33,44,28,49,-1.5560699230149815e-05,-0.00012280264128389635,1.3454656758291162e-05,2.5943293721063173e-05,-0.0001838113800164365,0.0,0.5690468166371782,0.36348330384474964,0.39759036144578314,0.5301204819277109
0.0,0,1,1,0.75,0.0,16,83,83,33,44,28,49,-1.5560699230149815e-05,-0.00012280264128389635,1.3454656758291162e-05,2.5943293721063173e-05,-0.0001838113800164365,0.0,0.5690468166371782,0.36348330384474964,0.39759036144578314,0.5301204819277109
0.0,0,1,1,0.75,0.25,16,83,83,33,44,28,49,-1.5560699230149815e-05,-0.00012280264128389635,1.3454656758291162e-05,2.5943293721063173e-05,-0.0001838113800164365,0.0,0.5690468166371782,0.36348330384474964,0.39759036144578314,0.5301204819277109
0.0,0,1,1,1.0,0.0,16,83,83,33,44,28,49,-1.5560699230149815e-05,-0.00012280264128389635,1.3454656758291162e-05,2.5943293721063173e-05,-0.0001838113800164365,0.0,0.5690468166371782,0.36348330384474964,0.39759036144578314,0.5301204819277109
0.0,0,1,1,1.0,0.25,16,83,83,33,44,28,49,-1.5560699230149815e-05,-0.00012280264128389635,1.3454656758291162e-05,2.5943293721063173e-05,-0.0001838113800164365,0.0,0.5690468166371782,0.36348330384474964,0.39759036144578314,0.5301204819277109
0.0,0,1,999,0.5,0.0,16,83,83,33,44,28,49,-1.5560699230149815e-05,-0.00012280264128389635,1.3454656758291162e-05,2.5943293721063173e-05,-0.0001838113800164365,0.0,0.5690468166371782,0.36348330384474964,0.39759036144578314,0.5301204819277109
0.0,0,1,999,0.5,0.25,16,83,83,33,44,28,49,-1.5560699230149815e-05,-0.00012280264128389635,1.3454656758291162e-05,2.5943293721063173e-05,-0.0001838113800164365,0.0,0.5690468166371782,0.36348330384474964,0.39759036144578314,0.5301204819277109
0.0,0,1,999,0.75,0.0,16,83,83,33,44,28,49,-1.5560699230149815e-05,-0.00012280264128389635,1.3454656758291162e-05,2.5943293721063173e-05,-0.0001838113800164365,0.0,0.5690468166371782,0.36348330384474964,0.39759036144578314,0.5301204819277109
0.0,0,1,999,0.75,0.25,16,83,83,33,44,28,49,-1.5560699230149815e-05,-0.00012280264128389635,1.3454656758291162e-05,2.5943293721063173e-05,-0.0001838113800164365,0.0,0.5690468166371782,0.36348330384474964,0.39759036144578314,0.5301204819277109
0.0,0,1,999,1.0,0.0,16,83,83,33,44,28,49,-1.5560699230149815e-05,-0.00012280264128389635,1.3454656758291162e-05,2.5943293721063173e-05,-0.0001838113800164365,0.0,0.5690468166371782,0.36348330384474964,0.39759036144578314,0.5301204819277109
0.0,0,1,999,1.0,0.25,16,83,83,33,44,28,49,-1.5560699230149815e-05,-0.00012280264128389635,1.3454656758291162e-05,2.5943293721063173e-05,-0.0001838113800164365,0.0,0.5690468166371782,0.36348330384474964,0.39759036144578314,0.5301204819277109
0.0,0,999,0,0.5,0.0,16,83,83,33,44,28,49,-1.5560699230149815e-05,-0.00012280264128389635,1.3454656758291162e-05,2.5943293721063173e-05,-0.0001838113800164365,0.0,0.5690468166371782,0.36348330384474964,0.39759036144578314,0.5301204819277109
0.0,0,999,0,0.5,0.25,16,83,83,33,44,28,49,-1.5560699230149815e-05,-0.00012280264128389635,1.3454656758291162e-05,2.5943293721063173e-05,-0.0001838113800164365,0.0,0.5690468166371782,0.36348330384474964,0.39759036144578314,0.5301204819277109
0.0,0,999,0,0.75,0.0,16,83,83,33,44,28,49,-1.5560699230149815e-05,-0.00012280264128389635,1.3454656758291162e-05,2.5943293721063173e-05,-0.0001838113800164365,0.0,0.5690468166371782,0.36348330384474964,0.39759036144578314,0.5301204819277109
0.0,0,999,0,0.75,0.25,16,83,83,33,44,28,49,-1.5560699230149815e-05,-0.00012280264128389635,1.3454656758291162e-05,2.5943293721063173e-05,-0.0001838113800164365,0.0,0.5690468166371782,0.36348330384474964,0.39759036144578314,0.5301204819277109
0.0,0,999,0,1.0,0.0,16,83,83,33,44,28,49,-1.5560699230149815e-05,-0.00012280264128389635,1.3454656758291162e-05,2.5943293721063173e-05,-0.0001838113800164365,0.0,0.5690468166371782,0.36348330384474964,0.39759036144578314,0.5301204819277109
0.0,0,999,0,1.0,0.25,16,83,83,33,44,28,49,-1.5560699230149815e-05,-0.00012280264128389635,1.3454656758291162e-05,2.5943293721063173e-05,-0.0001838113800164365,0.0,0.5690468166371782,0.36348330384474964,0.39759036144578314,0.5301204819277109
0.0,0,999,1,0.5,0.0,16,83,83,33,44,28,49,-1.5560699230149815e-05,-0.00012280264128389635,1.3454656758291162e-05,2.5943293721063173e-05,-0.0001838113800164365,0.0,0.5690468166371782,0.36348330384474964,0.39759036144578314,0.5301204819277109
0.0,0,999,1,0.5,0.25,16,83,83,33,44,28,49,-1.5560699230149815e-05,-0.00012280264128389635,1.3454656758291162e-05,2.5943293721063173e-05,-0.0001838113800164365,0.0,0.5690468166371782,0.36348330384474964,0.39759036144578314,0.5301204819277109
0.0,0,999,1,0.75,0.0,16,83,83,33,44,28,49,-1.5560699230149815e-05,-0.00012280264128389635,1.3454656758291162e-05,2.5943293721063173e-05,-0.0001838113800164365,0.0,0.5690468166371782,0.36348330384474964,0.39759036144578314,0.5301204819277109
0.0,0,999,1,0.75,0.25,16,83,83,33,44,28,49,-1.5560699230149815e-05,-0.00012280264128389635,1.3454656758291162e-05,2.5943293721063173e-05,-0.0001838113800164365,0.0,0.5690468166371782,0.36348330384474964,0.39759036144578314,0.5301204819277109
0.0,0,999,1,1.0,0.0,16,83,83,33,44,28,49,-1.5560699230149815e-05,-0.00012280264128389635,1.3454656758291162e-05,2.5943293721063173e-05,-0.0001838113800164365,0.0,0.5690468166371782,0.36348330384474964,0.39759036144578314,0.5301204819277109
0.0,0,999,1,1.0,0.25,16,83,83,33,44,28,49,-1.5560699230149815e-05,-0.00012280264128389635,1.3454656758291162e-05,2.5943293721063173e-05,-0.0001838113800164365,0.0,0.5690468166371782,0.36348330384474964,0.39759036144578314,0.5301204819277109
0.0,0,999,999,0.5,0.0,16,83,83,33,44,28,49,-1.5560699230149815e-05,-0.00012280264128389635,1.3454656758291162e-05,2.5943293721063173e-05,-0.0001838113800164365,0.0,0.5690468166371782,0.36348330384474964,0.39759036144578314,0.5301204819277109
0.0,0,999,999,0.5,0.25,16,83,83,33,44,28,49,-1.5560699230149815e-05,-0.00012280264128389635,1.3454656758291162e-05,2.5943293721063173e-05,-0.0001838113800164365,0.0,0.5690468166371782,0.36348330384474964,0.39759036144578314,0.5301204819277109
0.0,0,999,999,0.75,0.0,16,83,83,33,44,28,49,-1.5560699230149815e-05,-0.00012280264128389635,1.3454656758291162e-05,2.5943293721063173e-05,-0.0001838113800164365,0.0,0.5690468166371782,0.36348330384474964,0.39759036144578314,0.5301204819277109
0.0,0,999,999,0.75,0.25,16,83,83,33,44,28,49,-1.5560699230149815e-05,-0.00012280264128389635,1.3454656758291162e-05,2.5943293721063173e-05,-0.0001838113800164365,0.0,0.5690468166371782,0.36348330384474964,0.39759036144578314,0.5301204819277109
0.0,0,999,999,1.0,0.0,16,83,83,33,44,28,49,-1.5560699230149815e-05,-0.00012280264128389635,1.3454656758291162e-05,2.5943293721063173e-05,-0.0001838113800164365,0.0,0.5690468166371782,0.36348330384474964,0.39759036144578314,0.5301204819277109
0.0,0,999,999,1.0,0.25,16,83,83,33,44,28,49,-1.5560699230149815e-05,-0.00012280264128389635,1.3454656758291162e-05,2.5943293721063173e-05,-0.0001838113800164365,0.0,0.5690468166371782,0.36348330384474964,0.39759036144578314,0.5301204819277109
0.0,1,0,0,0.5,0.0,16,83,83,33,44,28,49,-1.5560699230149815e-05,-0.00012280264128389635,1.3454656758291162e-05,2.5943293721063173e-05,-0.0001838113800164365,0.0,0.5690468166371782,0.36348330384474964,0.39759036144578314,0.5301204819277109
0.0,1,0,0,0.5,0.25,16,83,83,33,44,28,49,-1.5560699230149815e-05,-0.00012280264128389635,1.3454656758291162e-05,2.5943293721063173e-05,-0.0001838113800164365,0.0,0.5690468166371782,0.36348330384474964,0.39759036144578314,0.5301204819277109
0.0,1,0,0,0.75,0.0,16,83,83,33,44,28,49,-1.5560699230149815e-05,-0.00012280264128389635,1.3454656758291162e-05,2.5943293721063173e-05,-0.0001838113800164365,0.0,0.5690468166371782,0.36348330384474964,0.39759036144578314,0.5301204819277109
0.0,1,0,0,0.75,0.25,16,83,83,33,44,28,49,-1.5560699230149815e-05,-0.00012280264128389635,1.3454656758291162e-05,2.5943293721063173e-05,-0.0001838113800164365,0.0,0.5690468166371782,0.36348330384474964,0.39759036144578314,0.5301204819277109
0.0,1,0,0,1.0,0.0,16,83,83,33,44,28,49,-1.5560699230149815e-05,-0.00012280264128389635,1.3454656758291162e-05,2.5943293721063173e-05,-0.0001838113800164365,0.0,0.5690468166371782,0.36348330384474964,0.39759036144578314,0.5301204819277109
0.0,1,0,0,1.0,0.25,16,83,83,33,44,28,49,-1.5560699230149815e-05,-0.00012280264128389635,1.3454656758291162e-05,2.5943293721063173e-05,-0.0001838113800164365,0.0,0.5690468166371782,0.36348330384474964,0.39759036144578314,0.5301204819277109
0.0,1,0,1,0.5,0.0,16,83,83,33,44,28,49,-1.5560699230149815e-05,-0.00012280264128389635,1.3454656758291162e-05,2.5943293721063173e-05,-0.0001838113800164365,0.0,0.5690468166371782,0.36348330384474964,0.39759036144578314,0.5301204819277109
0.0,1,0,1,0.5,0.25,16,83,83,33,44,28,49,-1.5560699230149815e-05,-0.00012280264128389635,1.3454656758291162e-05,2.5943293721063173e-05,-0.0001838113800164365,0.0,0.5690468166371782,0.36348330384474964,0.39759036144578314,0.5301204819277109
0.0,1,0,1,0.75,0.0,16,83,83,33,44,28,49,-1.5560699230149815e-05,-0.00012280264128389635,1.3454656758291162e-05,2.5943293721063173e-05,-0.0001838113800164365,0.0,0.5690468166371782,0.36348330384474964,0.39759036144578314,0.5301204819277109
0.0,1,0,1,0.75,0.25,16,83,83,33,44,28,49,-1.5560699230149815e-05,-0.00012280264128389635,1.3454656758291162e-05,2.5943293721063173e-05,-0.0001838113800164365,0.0,0.5690468166371782,0.36348330384474964,0.39759036144578314,0.5301204819277109
0.0,1,0,1,1.0,0.0,16,83,83,33,44,28,49,-1.5560699230149815e-05,-0.00012280264128389635,1.3454656758291162e-05,2.5943293721063173e-05,-0.0001838113800164365,0.0,0.5690468166371782,0.36348330384474964,0.39759036144578314,0.5301204819277109
0.0,1,0,1,1.0,0.25,16,83,83,33,44,28,49,-1.5560699230149815e-05,-0.00012280264128389635,1.3454656758291162e-05,2.5943293721063173e-05,-0.0001838113800164365,0.0,0.5690468166371782,0.36348330384474964,0.39759036144578314,0.5301204819277109
0.0,1,0,999,0.5,0.0,16,83,83,33,44,28,49,-1.5560699230149815e-05,-0.00012280264128389635,1.3454656758291162e-05,2.5943293721063173e-05,-0.0001838113800164365,0.0,0.5690468166371782,0.36348330384474964,0.39759036144578314,0.5301204819277109
0.0,1,0,999,0.5,0.25,16,83,83,33,44,28,49,-1.5560699230149815e-05,-0.00012280264128389635,1.3454656758291162e-05,2.5943293721063173e-05,-0.0001838113800164365,0.0,0.5690468166371782,0.36348330384474964,0.39759036144578314,0.5301204819277109
0.0,1,0,999,0.75,0.0,16,83,83,33,44,28,49,-1.5560699230149815e-05,-0.00012280264128389635,1.3454656758291162e-05,2.5943293721063173e-05,-0.0001838113800164365,0.0,0.5690468166371782,0.36348330384474964,0.39759036144578314,0.5301204819277109
0.0,1,0,999,0.75,0.25,16,83,83,33,44,28,49,-1.5560699230149815e-05,-0.00012280264128389635,1.3454656758291162e-05,2.5943293721063173e-05,-0.0001838113800164365,0.0,0.5690468166371782,0.36348330384474964,0.39759036144578314,0.5301204819277109
0.0,1,0,999,1.0,0.0,16,83,83,33,44,28,49,-1.5560699230149815e-05,-0.00012280264128389635,1.3454656758291162e-05,2.5943293721063173e-05,-0.0001838113800164365,0.0,0.5690468166371782,0.36348330384474964,0.39759036144578314,0.5301204819277109
0.0,1,0,999,1.0,0.25,16,83,83,33,44,28,49,-1.5560699230149815e-05,-0.00012280264128389635,1.3454656758291162e-05,2.5943293721063173e-05,-0.0001838113800164365,0.0,0.5690468166371782,0.36348330384474964,0.39759036144578314,0.5301204819277109
0.0,1,1,0,0.5,0.0,16,83,83,33,44,28,49,-1.5560699230149815e-05,-0.00012280264128389635,1.3454656758291162e-05,2.5943293721063173e-05,-0.0001838113800164365,0.0,0.5690468166371782,0.36348330384474964,0.39759036144578314,0.5301204819277109
0.0,1,1,0,0.5,0.25,16,83,83,33,44,28,49,-1.5560699230149815e-05,-0.00012280264128389635,1.3454656758291162e-05,2.5943293721063173e-05,-0.0001838113800164365,0.0,0.5690468166371782,0.36348330384474964,0.39759036144578314,0.5301204819277109
0.0,1,1,0,0.75,0.0,16,83,83,33,44,28,49,-1.5560699230149815e-05,-0.00012280264128389635,1.3454656758291162e-05,2.5943293721063173e-05,-0.0001838113800164365,0.0,0.5690468166371782,0.36348330384474964,0.39759036144578314,0.5301204819277109
0.0,1,1,0,0.75,0.25,16,83,83,33,44,28,49,-1.5560699230149815e-05,-0.00012280264128389635,1.3454656758291162e-05,2.5943293721063173e-05,-0.0001838113800164365,0.0,0.5690468166371782,0.36348330384474964,0.39759036144578314,0.5301204819277109
0.0,1,1,0,1.0,0.0,16,83,83,33,44,28,49,-1.5560699230149815e-05,-0.00012280264128389635,1.3454656758291162e-05,2.5943293721063173e-05,-0.0001838113800164365,0.0,0.5690468166371782,0.36348330384474964,0.39759036144578314,0.5301204819277109
0.0,1,1,0,1.0,0.25,16,83,83,33,44,28,49,-1.5560699230149815e-05,-0.00012280264128389635,1.3454656758291162e-05,2.5943293721063173e-05,-0.0001838113800164365,0.0,0.5690468166371782,0.36348330384474964,0.39759036144578314,0.5301204819277109
0.0,1,1,1,0.5,0.0,16,83,83,33,44,28,49,-1.5560699230149815e-05,-0.00012280264128389635,1.3454656758291162e-05,2.5943293721063173e-05,-0.0001838113800164365,0.0,0.5690468166371782,0.36348330384474964,0.39759036144578314,0.5301204819277109
0.0,1,1,1,0.5,0.25,16,83,83,33,44,28,49,-1.5560699230149815e-05,-0.00012280264128389635,1.3454656758291162e-05,2.5943293721063173e-05,-0.0001838113800164365,0.0,0.5690468166371782,0.36348330384474964,0.39759036144578314,0.5301204819277109
0.0,1,1,1,0.75,0.0,16,83,83,33,44,28,49,-1.5560699230149815e-05,-0.00012280264128389635,1.3454656758291162e-05,2.5943293721063173e-05,-0.0001838113800164365,0.0,0.5690468166371782,0.36348330384474964,0.39759036144578314,0.5301204819277109
0.0,1,1,1,0.75,0.25,16,83,83,33,44,28,49,-1.5560699230149815e-05,-0.00012280264128389635,1.3454656758291162e-05,2.5943293721063173e-05,-0.0001838113800164365,0.0,0.5690468166371782,0.36348330384474964,0.39759036144578314,0.5301204819277109
0.0,1,1,1,1.0,0.0,16,83,83,33,44,28,49,-1.5560699230149815e-05,-0.00012280264128389635,1.3454656758291162e-05,2.5943293721063173e-05,-0.0001838113800164365,0.0,0.5690468166371782,0.36348330384474964,0.39759036144578314,0.5301204819277109
0.0,1,1,1,1.0,0.25,16,83,83,33,44,28,49,-1.5560699230149815e-05,-0.00012280264128389635,1.3454656758291162e-05,2.5943293721063173e-05,-0.0001838113800164365,0.0,0.5690468166371782,0.36348330384474964,0.39759036144578314,0.5301204819277109
0.0,1,1,999,0.5,0.0,16,83,83,33,44,28,49,-1.5560699230149815e-05,-0.00012280264128389635,1.3454656758291162e-05,2.5943293721063173e-05,-0.0001838113800164365,0.0,0.5690468166371782,0.36348330384474964,0.39759036144578314,0.5301204819277109
0.0,1,1,999,0.5,0.25,16,83,83,33,44,28,49,-1.5560699230149815e-05,-0.00012280264128389635,1.3454656758291162e-05,2.5943293721063173e-05,-0.0001838113800164365,0.0,0.5690468166371782,0.36348330384474964,0.39759036144578314,0.5301204819277109
0.0,1,1,999,0.75,0.0,16,83,83,33,44,28,49,-1.5560699230149815e-05,-0.00012280264128389635,1.3454656758291162e-05,2.5943293721063173e-05,-0.0001838113800164365,0.0,0.5690468166371782,0.36348330384474964,0.39759036144578314,0.5301204819277109
0.0,1,1,999,0.75,0.25,16,83,83,33,44,28,49,-1.5560699230149815e-05,-0.00012280264128389635,1.3454656758291162e-05,2.5943293721063173e-05,-0.0001838113800164365,0.0,0.5690468166371782,0.36348330384474964,0.39759036144578314,0.5301204819277109
0.0,1,1,999,1.0,0.0,16,83,83,33,44,28,49,-1.5560699230149815e-05,-0.00012280264128389635,1.3454656758291162e-05,2.5943293721063173e-05,-0.0001838113800164365,0.0,0.5690468166371782,0.36348330384474964,0.39759036144578314,0.5301204819277109
0.0,1,1,999,1.0,0.25,16,83,83,33,44,28,49,-1.5560699230149815e-05,-0.00012280264128389635,1.3454656758291162e-05,2.5943293721063173e-05,-0.0001838113800164365,0.0,0.5690468166371782,0.36348330384474964,0.39759036144578314,0.5301204819277109
0.0,1,999,0,0.5,0.0,16,83,83,33,44,28,49,-1.5560699230149815e-05,-0.00012280264128389635,1.3454656758291162e-05,2.5943293721063173e-05,-0.0001838113800164365,0.0,0.5690468166371782,0.36348330384474964,0.39759036144578314,0.5301204819277109
0.0,1,999,0,0.5,0.25,16,83,83,33,44,28,49,-1.5560699230149815e-05,-0.00012280264128389635,1.3454656758291162e-05,2.5943293721063173e-05,-0.0001838113800164365,0.0,0.5690468166371782,0.36348330384474964,0.39759036144578314,0.5301204819277109
0.0,1,999,0,0.75,0.0,16,83,83,33,44,28,49,-1.5560699230149815e-05,-0.00012280264128389635,1.3454656758291162e-05,2.5943293721063173e-05,-0.0001838113800164365,0.0,0.5690468166371782,0.36348330384474964,0.39759036144578314,0.5301204819277109
0.0,1,999,0,0.75,0.25,16,83,83,33,44,28,49,-1.5560699230149815e-05,-0.00012280264128389635,1.3454656758291162e-05,2.5943293721063173e-05,-0.0001838113800164365,0.0,0.5690468166371782,0.36348330384474964,0.39759036144578314,0.5301204819277109
0.0,1,999,0,1.0,0.0,16,83,83,33,44,28,49,-1.5560699230149815e-05,-0.00012280264128389635,1.3454656758291162e-05,2.5943293721063173e-05,-0.0001838113800164365,0.0,0.5690468166371782,0.36348330384474964,0.39759036144578314,0.5301204819277109
0.0,1,999,0,1.0,0.25,16,83,83,33,44,28,49,-1.5560699230149815e-05,-0.00012280264128389635,1.3454656758291162e-05,2.5943293721063173e-05,-0.0001838113800164365,0.0,0.5690468166371782,0.36348330384474964,0.39759036144578314,0.5301204819277109
0.0,1,999,1,0.5,0.0,16,83,83,33,44,28,49,-1.5560699230149815e-05,-0.00012280264128389635,1.3454656758291162e-05,2.5943293721063173e-05,-0.0001838113800164365,0.0,0.5690468166371782,0.36348330384474964,0.39759036144578314,0.5301204819277109
0.0,1,999,1,0.5,0.25,16,83,83,33,44,28,49,-1.5560699230149815e-05,-0.00012280264128389635,1.3454656758291162e-05,2.5943293721063173e-05,-0.0001838113800164365,0.0,0.5690468166371782,0.36348330384474964,0.39759036144578314,0.5301204819277109
0.0,1,999,1,0.75,0.0,16,83,83,33,44,28,49,-1.5560699230149815e-05,-0.00012280264128389635,1.3454656758291162e-05,2.5943293721063173e-05,-0.0001838113800164365,0.0,0.5690468166371782,0.36348330384474964,0.39759036144578314,0.5301204819277109
0.0,1,999,1,0.75,0.25,16,83,83,33,44,28,49,-1.5560699230149815e-05,-0.00012280264128389635,1.3454656758291162e-05,2.5943293721063173e-05,-0.0001838113800164365,0.0,0.5690468166371782,0.36348330384474964,0.39759036144578314,0.5301204819277109
0.0,1,999,1,1.0,0.0,16,83,83,33,44,28,49,-1.5560699230149815e-05,-0.00012280264128389635,1.3454656758291162e-05,2.5943293721063173e-05,-0.0001838113800164365,0.0,0.5690468166371782,0.36348330384474964,0.39759036144578314,0.5301204819277109
0.0,1,999,1,1.0,0.25,16,83,83,33,44,28,49,-1.5560699230149815e-05,-0.00012280264128389635,1.3454656758291162e-05,2.5943293721063173e-05,-0.0001838113800164365,0.0,0.5690468166371782,0.36348330384474964,0.39759036144578314,0.5301204819277109
0.0,1,999,999,0.5,0.0,16,83,83,33,44,28,49,-1.5560699230149815e-05,-0.00012280264128389635,1.3454656758291162e-05,2.5943293721063173e-05,-0.0001838113800164365,0.0,0.5690468166371782,0.36348330384474964,0.39759036144578314,0.5301204819277109
0.0,1,999,999,0.5,0.25,16,83,83,33,44,28,49,-1.5560699230149815e-05,-0.00012280264128389635,1.3454656758291162e-05,2.5943293721063173e-05,-0.0001838113800164365,0.0,0.5690468166371782,0.36348330384474964,0.39759036144578314,0.5301204819277109
0.0,1,999,999,0.75,0.0,16,83,83,33,44,28,49,-1.5560699230149815e-05,-0.00012280264128389635,1.3454656758291162e-05,2.5943293721063173e-05,-0.0001838113800164365,0.0,0.5690468166371782,0.36348330384474964,0.39759036144578314,0.5301204819277109
0.0,1,999,999,0.75,0.25,16,83,83,33,44,28,49,-1.5560699230149815e-05,-0.00012280264128389635,1.3454656758291162e-05,2.5943293721063173e-05,-0.0001838113800164365,0.0,0.5690468166371782,0.36348330384474964,0.39759036144578314,0.5301204819277109
0.0,1,999,999,1.0,0.0,16,83,83,33,44,28,49,-1.5560699230149815e-05,-0.00012280264128389635,1.3454656758291162e-05,2.5943293721063173e-05,-0.0001838113800164365,0.0,0.5690468166371782,0.36348330384474964,0.39759036144578314,0.5301204819277109
0.0,1,999,999,1.0,0.25,16,83,83,33,44,28,49,-1.5560699230149815e-05,-0.00012280264128389635,1.3454656758291162e-05,2.5943293721063173e-05,-0.0001838113800164365,0.0,0.5690468166371782,0.36348330384474964,0.39759036144578314,0.5301204819277109
0.5,0,0,0,0.5,0.0,32,89,89,36,47,36,46,-1.1456647610724773e-05,-0.00014524130905192023,9.458331877386102e-06,7.109198087374124e-06,-0.00025681031207852204,0.011235955056179775,0.5375761330531942,0.3943079628758455,0.4044943820224719,0.5280898876404494
0.5,0,0,0,0.5,0.25,32,89,89,36,47,36,46,-1.1456647610724773e-05,-0.00014524130905192023,9.458331877386102e-06,7.109198087374124e-06,-0.00025681031207852204,0.011235955056179775,0.5375761330531942,0.3943079628758455,0.4044943820224719,0.5280898876404494
0.5,0,0,0,0.5,0.35,32,89,89,36,47,36,46,-1.1456647610724773e-05,-0.00014524130905192023,9.458331877386102e-06,7.109198087374124e-06,-0.00025681031207852204,0.011235955056179775,0.5375761330531942,0.3943079628758455,0.4044943820224719,0.5280898876404494
0.5,0,0,0,0.75,0.0,32,89,89,36,47,36,46,-1.1456647610724773e-05,-0.00014524130905192023,9.458331877386102e-06,7.109198087374124e-06,-0.00025681031207852204,0.011235955056179775,0.5375761330531942,0.3943079628758455,0.4044943820224719,0.5280898876404494
0.5,0,0,0,0.75,0.25,32,89,89,36,47,36,46,-1.1456647610724773e-05,-0.00014524130905192023,9.458331877386102e-06,7.109198087374124e-06,-0.00025681031207852204,0.011235955056179775,0.5375761330531942,0.3943079628758455,0.4044943820224719,0.5280898876404494
0.5,0,0,0,0.75,0.35,32,89,89,36,47,36,46,-1.1456647610724773e-05,-0.00014524130905192023,9.458331877386102e-06,7.109198087374124e-06,-0.00025681031207852204,0.011235955056179775,0.5375761330531942,0.3943079628758455,0.4044943820224719,0.5280898876404494
0.5,0,0,0,1.0,0.0,32,89,89,36,47,36,46,-1.1456647610724773e-05,-0.00014524130905192023,9.458331877386102e-06,7.109198087374124e-06,-0.00025681031207852204,0.011235955056179775,0.5375761330531942,0.3943079628758455,0.4044943820224719,0.5280898876404494
0.5,0,0,0,1.0,0.25,32,89,89,36,47,36,46,-1.1456647610724773e-05,-0.00014524130905192023,9.458331877386102e-06,7.109198087374124e-06,-0.00025681031207852204,0.011235955056179775,0.5375761330531942,0.3943079628758455,0.4044943820224719,0.5280898876404494
0.5,0,0,0,1.0,0.35,32,89,89,36,47,36,46,-1.1456647610724773e-05,-0.00014524130905192023,9.458331877386102e-06,7.109198087374124e-06,-0.00025681031207852204,0.011235955056179775,0.5375761330531942,0.3943079628758455,0.4044943820224719,0.5280898876404494
0.5,0,0,1,0.5,0.0,32,89,89,36,47,36,46,-1.1456647610724773e-05,-0.00014524130905192023,9.458331877386102e-06,7.109198087374124e-06,-0.00025681031207852204,0.011235955056179775,0.5375761330531942,0.3943079628758455,0.4044943820224719,0.5280898876404494
0.5,0,0,1,0.5,0.25,32,89,89,36,47,36,46,-1.1456647610724773e-05,-0.00014524130905192023,9.458331877386102e-06,7.109198087374124e-06,-0.00025681031207852204,0.011235955056179775,0.5375761330531942,0.3943079628758455,0.4044943820224719,0.5280898876404494
0.5,0,0,1,0.5,0.35,32,89,89,36,47,36,46,-1.1456647610724773e-05,-0.00014524130905192023,9.458331877386102e-06,7.109198087374124e-06,-0.00025681031207852204,0.011235955056179775,0.5375761330531942,0.3943079628758455,0.4044943820224719,0.5280898876404494
0.5,0,0,1,0.75,0.0,32,89,89,36,47,36,46,-1.1456647610724773e-05,-0.00014524130905192023,9.458331877386102e-06,7.109198087374124e-06,-0.00025681031207852204,0.011235955056179775,0.5375761330531942,0.3943079628758455,0.4044943820224719,0.5280898876404494
0.5,0,0,1,0.75,0.25,32,89,89,36,47,36,46,-1.1456647610724773e-05,-0.00014524130905192023,9.458331877386102e-06,7.109198087374124e-06,-0.00025681031207852204,0.011235955056179775,0.5375761330531942,0.3943079628758455,0.4044943820224719,0.5280898876404494
0.5,0,0,1,0.75,0.35,32,89,89,36,47,36,46,-1.1456647610724773e-05,-0.00014524130905192023,9.458331877386102e-06,7.109198087374124e-06,-0.00025681031207852204,0.011235955056179775,0.5375761330531942,0.3943079628758455,0.4044943820224719,0.5280898876404494
0.5,0,0,1,1.0,0.0,32,89,89,36,47,36,46,-1.1456647610724773e-05,-0.00014524130905192023,9.458331877386102e-06,7.109198087374124e-06,-0.00025681031207852204,0.011235955056179775,0.5375761330531942,0.3943079628758455,0.4044943820224719,0.5280898876404494
0.5,0,0,1,1.0,0.25,32,89,89,36,47,36,46,-1.1456647610724773e-05,-0.00014524130905192023,9.458331877386102e-06,7.109198087374124e-06,-0.00025681031207852204,0.011235955056179775,0.5375761330531942,0.3943079628758455,0.4044943820224719,0.5280898876404494
0.5,0,0,1,1.0,0.35,32,89,89,36,47,36,46,-1.1456647610724773e-05,-0.00014524130905192023,9.458331877386102e-06,7.109198087374124e-06,-0.00025681031207852204,0.011235955056179775,0.5375761330531942,0.3943079628758455,0.4044943820224719,0.5280898876404494
0.5,0,0,999,0.5,0.0,32,89,89,36,47,36,46,-1.1456647610724773e-05,-0.00014524130905192023,9.458331877386102e-06,7.109198087374124e-06,-0.00025681031207852204,0.011235955056179775,0.5375761330531942,0.3943079628758455,0.4044943820224719,0.5280898876404494
0.5,0,0,999,0.5,0.25,32,89,89,36,47,36,46,-1.1456647610724773e-05,-0.00014524130905192023,9.458331877386102e-06,7.109198087374124e-06,-0.00025681031207852204,0.011235955056179775,0.5375761330531942,0.3943079628758455,0.4044943820224719,0.5280898876404494
0.5,0,0,999,0.5,0.35,32,89,89,36,47,36,46,-1.1456647610724773e-05,-0.00014524130905192023,9.458331877386102e-06,7.109198087374124e-06,-0.00025681031207852204,0.011235955056179775,0.5375761330531942,0.3943079628758455,0.4044943820224719,0.5280898876404494
0.5,0,0,999,0.75,0.0,32,89,89,36,47,36,46,-1.1456647610724773e-05,-0.00014524130905192023,9.458331877386102e-06,7.109198087374124e-06,-0.00025681031207852204,0.011235955056179775,0.5375761330531942,0.3943079628758455,0.4044943820224719,0.5280898876404494
0.5,0,0,999,0.75,0.25,32,89,89,36,47,36,46,-1.1456647610724773e-05,-0.00014524130905192023,9.458331877386102e-06,7.109198087374124e-06,-0.00025681031207852204,0.011235955056179775,0.5375761330531942,0.3943079628758455,0.4044943820224719,0.5280898876404494
0.5,0,0,999,0.75,0.35,32,89,89,36,47,36,46,-1.1456647610724773e-05,-0.00014524130905192023,9.458331877386102e-06,7.109198087374124e-06,-0.00025681031207852204,0.011235955056179775,0.5375761330531942,0.3943079628758455,0.4044943820224719,0.5280898876404494
0.5,0,0,999,1.0,0.0,32,89,89,36,47,36,46,-1.1456647610724773e-05,-0.00014524130905192023,9.458331877386102e-06,7.109198087374124e-06,-0.00025681031207852204,0.011235955056179775,0.5375761330531942,0.3943079628758455,0.4044943820224719,0.5280898876404494
0.5,0,0,999,1.0,0.25,32,89,89,36,47,36,46,-1.1456647610724773e-05,-0.00014524130905192023,9.458331877386102e-06,7.109198087374124e-06,-0.00025681031207852204,0.011235955056179775,0.5375761330531942,0.3943079628758455,0.4044943820224719,0.5280898876404494
0.5,0,0,999,1.0,0.35,32,89,89,36,47,36,46,-1.1456647610724773e-05,-0.00014524130905192023,9.458331877386102e-06,7.109198087374124e-06,-0.00025681031207852204,0.011235955056179775,0.5375761330531942,0.3943079628758455,0.4044943820224719,0.5280898876404494
0.5,0,1,0,0.5,0.0,32,89,89,36,47,36,46,-1.1456647610724773e-05,-0.00014524130905192023,9.458331877386102e-06,7.109198087374124e-06,-0.00025681031207852204,0.011235955056179775,0.5375761330531942,0.3943079628758455,0.4044943820224719,0.5280898876404494
0.5,0,1,0,0.5,0.25,32,89,89,36,47,36,46,-1.1456647610724773e-05,-0.00014524130905192023,9.458331877386102e-06,7.109198087374124e-06,-0.00025681031207852204,0.011235955056179775,0.5375761330531942,0.3943079628758455,0.4044943820224719,0.5280898876404494
0.5,0,1,0,0.5,0.35,32,89,89,36,47,36,46,-1.1456647610724773e-05,-0.00014524130905192023,9.458331877386102e-06,7.109198087374124e-06,-0.00025681031207852204,0.011235955056179775,0.5375761330531942,0.3943079628758455,0.4044943820224719,0.5280898876404494
0.5,0,1,0,0.75,0.0,32,89,89,36,47,36,46,-1.1456647610724773e-05,-0.00014524130905192023,9.458331877386102e-06,7.109198087374124e-06,-0.00025681031207852204,0.011235955056179775,0.5375761330531942,0.3943079628758455,0.4044943820224719,0.5280898876404494
0.5,0,1,0,0.75,0.25,32,89,89,36,47,36,46,-1.1456647610724773e-05,-0.00014524130905192023,9.458331877386102e-06,7.109198087374124e-06,-0.00025681031207852204,0.011235955056179775,0.5375761330531942,0.3943079628758455,0.4044943820224719,0.5280898876404494
0.5,0,1,0,0.75,0.35,32,89,89,36,47,36,46,-1.1456647610724773e-05,-0.00014524130905192023,9.458331877386102e-06,7.109198087374124e-06,-0.00025681031207852204,0.011235955056179775,0.5375761330531942,0.3943079628758455,0.4044943820224719,0.5280898876404494
0.5,0,1,0,1.0,0.0,32,89,89,36,47,36,46,-1.1456647610724773e-05,-0.00014524130905192023,9.458331877386102e-06,7.109198087374124e-06,-0.00025681031207852204,0.011235955056179775,0.5375761330531942,0.3943079628758455,0.4044943820224719,0.5280898876404494
0.5,0,1,0,1.0,0.25,32,89,89,36,47,36,46,-1.1456647610724773e-05,-0.00014524130905192023,9.458331877386102e-06,7.109198087374124e-06,-0.00025681031207852204,0.011235955056179775,0.5375761330531942,0.3943079628758455,0.4044943820224719,0.5280898876404494
0.5,0,1,0,1.0,0.35,32,89,89,36,47,36,46,-1.1456647610724773e-05,-0.00014524130905192023,9.458331877386102e-06,7.109198087374124e-06,-0.00025681031207852204,0.011235955056179775,0.5375761330531942,0.3943079628758455,0.4044943820224719,0.5280898876404494
0.5,0,1,1,0.5,0.0,32,89,89,36,47,36,46,-1.1456647610724773e-05,-0.00014524130905192023,9.458331877386102e-06,7.109198087374124e-06,-0.00025681031207852204,0.011235955056179775,0.5375761330531942,0.3943079628758455,0.4044943820224719,0.5280898876404494
0.5,0,1,1,0.5,0.25,32,89,89,36,47,36,46,-1.1456647610724773e-05,-0.00014524130905192023,9.458331877386102e-06,7.109198087374124e-06,-0.00025681031207852204,0.011235955056179775,0.5375761330531942,0.3943079628758455,0.4044943820224719,0.5280898876404494
0.5,0,1,1,0.5,0.35,32,89,89,36,47,36,46,-1.1456647610724773e-05,-0.00014524130905192023,9.458331877386102e-06,7.109198087374124e-06,-0.00025681031207852204,0.011235955056179775,0.5375761330531942,0.3943079628758455,0.4044943820224719,0.5280898876404494
0.5,0,1,1,0.75,0.0,32,89,89,36,47,36,46,-1.1456647610724773e-05,-0.00014524130905192023,9.458331877386102e-06,7.109198087374124e-06,-0.00025681031207852204,0.011235955056179775,0.5375761330531942,0.3943079628758455,0.4044943820224719,0.5280898876404494
0.5,0,1,1,0.75,0.25,32,89,89,36,47,36,46,-1.1456647610724773e-05,-0.00014524130905192023,9.458331877386102e-06,7.109198087374124e-06,-0.00025681031207852204,0.011235955056179775,0.5375761330531942,0.3943079628758455,0.4044943820224719,0.5280898876404494
0.5,0,1,1,0.75,0.35,32,89,89,36,47,36,46,-1.1456647610724773e-05,-0.00014524130905192023,9.458331877386102e-06,7.109198087374124e-06,-0.00025681031207852204,0.011235955056179775,0.5375761330531942,0.3943079628758455,0.4044943820224719,0.5280898876404494
0.5,0,1,1,1.0,0.0,32,89,89,36,47,36,46,-1.1456647610724773e-05,-0.00014524130905192023,9.458331877386102e-06,7.109198087374124e-06,-0.00025681031207852204,0.011235955056179775,0.5375761330531942,0.3943079628758455,0.4044943820224719,0.5280898876404494
0.5,0,1,1,1.0,0.25,32,89,89,36,47,36,46,-1.1456647610724773e-05,-0.00014524130905192023,9.458331877386102e-06,7.109198087374124e-06,-0.00025681031207852204,0.011235955056179775,0.5375761330531942,0.3943079628758455,0.4044943820224719,0.5280898876404494
0.5,0,1,1,1.0,0.35,32,89,89,36,47,36,46,-1.1456647610724773e-05,-0.00014524130905192023,9.458331877386102e-06,7.109198087374124e-06,-0.00025681031207852204,0.011235955056179775,0.5375761330531942,0.3943079628758455,0.4044943820224719,0.5280898876404494
0.5,0,1,999,0.5,0.0,32,89,89,36,47,36,46,-1.1456647610724773e-05,-0.00014524130905192023,9.458331877386102e-06,7.109198087374124e-06,-0.00025681031207852204,0.011235955056179775,0.5375761330531942,0.3943079628758455,0.4044943820224719,0.5280898876404494
0.5,0,1,999,0.5,0.25,32,89,89,36,47,36,46,-1.1456647610724773e-05,-0.00014524130905192023,9.458331877386102e-06,7.109198087374124e-06,-0.00025681031207852204,0.011235955056179775,0.5375761330531942,0.3943079628758455,0.4044943820224719,0.5280898876404494
0.5,0,1,999,0.5,0.35,32,89,89,36,47,36,46,-1.1456647610724773e-05,-0.00014524130905192023,9.458331877386102e-06,7.109198087374124e-06,-0.00025681031207852204,0.011235955056179775,0.5375761330531942,0.3943079628758455,0.4044943820224719,0.5280898876404494
0.5,0,1,999,0.75,0.0,32,89,89,36,47,36,46,-1.1456647610724773e-05,-0.00014524130905192023,9.458331877386102e-06,7.109198087374124e-06,-0.00025681031207852204,0.011235955056179775,0.5375761330531942,0.3943079628758455,0.4044943820224719,0.5280898876404494
0.5,0,1,999,0.75,0.25,32,89,89,36,47,36,46,-1.1456647610724773e-05,-0.00014524130905192023,9.458331877386102e-06,7.109198087374124e-06,-0.00025681031207852204,0.011235955056179775,0.5375761330531942,0.3943079628758455,0.4044943820224719,0.5280898876404494
0.5,0,1,999,0.75,0.35,32,89,89,36,47,36,46,-1.1456647610724773e-05,-0.00014524130905192023,9.458331877386102e-06,7.109198087374124e-06,-0.00025681031207852204,0.011235955056179775,0.5375761330531942,0.3943079628758455,0.4044943820224719,0.5280898876404494
0.5,0,1,999,1.0,0.0,32,89,89,36,47,36,46,-1.1456647610724773e-05,-0.00014524130905192023,9.458331877386102e-06,7.109198087374124e-06,-0.00025681031207852204,0.011235955056179775,0.5375761330531942,0.3943079628758455,0.4044943820224719,0.5280898876404494
0.5,0,1,999,1.0,0.25,32,89,89,36,47,36,46,-1.1456647610724773e-05,-0.00014524130905192023,9.458331877386102e-06,7.109198087374124e-06,-0.00025681031207852204,0.011235955056179775,0.5375761330531942,0.3943079628758455,0.4044943820224719,0.5280898876404494
0.5,0,1,999,1.0,0.35,32,89,89,36,47,36,46,-1.1456647610724773e-05,-0.00014524130905192023,9.458331877386102e-06,7.109198087374124e-06,-0.00025681031207852204,0.011235955056179775,0.5375761330531942,0.3943079628758455,0.4044943820224719,0.5280898876404494
0.5,0,999,0,0.5,0.0,32,89,89,36,47,36,46,-1.1456647610724773e-05,-0.00014524130905192023,9.458331877386102e-06,7.109198087374124e-06,-0.00025681031207852204,0.011235955056179775,0.5375761330531942,0.3943079628758455,0.4044943820224719,0.5280898876404494
0.5,0,999,0,0.5,0.25,32,89,89,36,47,36,46,-1.1456647610724773e-05,-0.00014524130905192023,9.458331877386102e-06,7.109198087374124e-06,-0.00025681031207852204,0.011235955056179775,0.5375761330531942,0.3943079628758455,0.4044943820224719,0.5280898876404494
0.5,0,999,0,0.5,0.35,32,89,89,36,47,36,46,-1.1456647610724773e-05,-0.00014524130905192023,9.458331877386102e-06,7.109198087374124e-06,-0.00025681031207852204,0.011235955056179775,0.5375761330531942,0.3943079628758455,0.4044943820224719,0.5280898876404494
0.5,0,999,0,0.75,0.0,32,89,89,36,47,36,46,-1.1456647610724773e-05,-0.00014524130905192023,9.458331877386102e-06,7.109198087374124e-06,-0.00025681031207852204,0.011235955056179775,0.5375761330531942,0.3943079628758455,0.4044943820224719,0.5280898876404494
0.5,0,999,0,0.75,0.25,32,89,89,36,47,36,46,-1.1456647610724773e-05,-0.00014524130905192023,9.458331877386102e-06,7.109198087374124e-06,-0.00025681031207852204,0.011235955056179775,0.5375761330531942,0.3943079628758455,0.4044943820224719,0.5280898876404494
0.5,0,999,0,0.75,0.35,32,89,89,36,47,36,46,-1.1456647610724773e-05,-0.00014524130905192023,9.458331877386102e-06,7.109198087374124e-06,-0.00025681031207852204,0.011235955056179775,0.5375761330531942,0.3943079628758455,0.4044943820224719,0.5280898876404494
0.5,0,999,0,1.0,0.0,32,89,89,36,47,36,46,-1.1456647610724773e-05,-0.00014524130905192023,9.458331877386102e-06,7.109198087374124e-06,-0.00025681031207852204,0.011235955056179775,0.5375761330531942,0.3943079628758455,0.4044943820224719,0.5280898876404494
0.5,0,999,0,1.0,0.25,32,89,89,36,47,36,46,-1.1456647610724773e-05,-0.00014524130905192023,9.458331877386102e-06,7.109198087374124e-06,-0.00025681031207852204,0.011235955056179775,0.5375761330531942,0.3943079628758455,0.4044943820224719,0.5280898876404494
0.5,0,999,0,1.0,0.35,32,89,89,36,47,36,46,-1.1456647610724773e-05,-0.00014524130905192023,9.458331877386102e-06,7.109198087374124e-06,-0.00025681031207852204,0.011235955056179775,0.5375761330531942,0.3943079628758455,0.4044943820224719,0.5280898876404494
0.5,0,999,1,0.5,0.0,32,89,89,36,47,36,46,-1.1456647610724773e-05,-0.00014524130905192023,9.458331877386102e-06,7.109198087374124e-06,-0.00025681031207852204,0.011235955056179775,0.5375761330531942,0.3943079628758455,0.4044943820224719,0.5280898876404494
0.5,0,999,1,0.5,0.25,32,89,89,36,47,36,46,-1.1456647610724773e-05,-0.00014524130905192023,9.458331877386102e-06,7.109198087374124e-06,-0.00025681031207852204,0.011235955056179775,0.5375761330531942,0.3943079628758455,0.4044943820224719,0.5280898876404494
0.5,0,999,1,0.5,0.35,32,89,89,36,47,36,46,-1.1456647610724773e-05,-0.00014524130905192023,9.458331877386102e-06,7.109198087374124e-06,-0.00025681031207852204,0.011235955056179775,0.5375761330531942,0.3943079628758455,0.4044943820224719,0.5280898876404494
0.5,0,999,1,0.75,0.0,32,89,89,36,47,36,46,-1.1456647610724773e-05,-0.00014524130905192023,9.458331877386102e-06,7.109198087374124e-06,-0.00025681031207852204,0.011235955056179775,0.5375761330531942,0.3943079628758455,0.4044943820224719,0.5280898876404494
0.5,0,999,1,0.75,0.25,32,89,89,36,47,36,46,-1.1456647610724773e-05,-0.00014524130905192023,9.458331877386102e-06,7.109198087374124e-06,-0.00025681031207852204,0.011235955056179775,0.5375761330531942,0.3943079628758455,0.4044943820224719,0.5280898876404494
0.5,0,999,1,0.75,0.35,32,89,89,36,47,36,46,-1.1456647610724773e-05,-0.00014524130905192023,9.458331877386102e-06,7.109198087374124e-06,-0.00025681031207852204,0.011235955056179775,0.5375761330531942,0.3943079628758455,0.4044943820224719,0.5280898876404494
0.5,0,999,1,1.0,0.0,32,89,89,36,47,36,46,-1.1456647610724773e-05,-0.00014524130905192023,9.458331877386102e-06,7.109198087374124e-06,-0.00025681031207852204,0.011235955056179775,0.5375761330531942,0.3943079628758455,0.4044943820224719,0.5280898876404494
0.5,0,999,1,1.0,0.25,32,89,89,36,47,36,46,-1.1456647610724773e-05,-0.00014524130905192023,9.458331877386102e-06,7.109198087374124e-06,-0.00025681031207852204,0.011235955056179775,0.5375761330531942,0.3943079628758455,0.4044943820224719,0.5280898876404494
0.5,0,999,1,1.0,0.35,32,89,89,36,47,36,46,-1.1456647610724773e-05,-0.00014524130905192023,9.458331877386102e-06,7.109198087374124e-06,-0.00025681031207852204,0.011235955056179775,0.5375761330531942,0.3943079628758455,0.4044943820224719,0.5280898876404494
0.5,0,999,999,0.5,0.0,32,89,89,36,47,36,46,-1.1456647610724773e-05,-0.00014524130905192023,9.458331877386102e-06,7.109198087374124e-06,-0.00025681031207852204,0.011235955056179775,0.5375761330531942,0.3943079628758455,0.4044943820224719,0.5280898876404494
0.5,0,999,999,0.5,0.25,32,89,89,36,47,36,46,-1.1456647610724773e-05,-0.00014524130905192023,9.458331877386102e-06,7.109198087374124e-06,-0.00025681031207852204,0.011235955056179775,0.5375761330531942,0.3943079628758455,0.4044943820224719,0.5280898876404494
0.5,0,999,999,0.5,0.35,32,89,89,36,47,36,46,-1.1456647610724773e-05,-0.00014524130905192023,9.458331877386102e-06,7.109198087374124e-06,-0.00025681031207852204,0.011235955056179775,0.5375761330531942,0.3943079628758455,0.4044943820224719,0.5280898876404494
0.5,0,999,999,0.75,0.0,32,89,89,36,47,36,46,-1.1456647610724773e-05,-0.00014524130905192023,9.458331877386102e-06,7.109198087374124e-06,-0.00025681031207852204,0.011235955056179775,0.5375761330531942,0.3943079628758455,0.4044943820224719,0.5280898876404494
0.5,0,999,999,0.75,0.25,32,89,89,36,47,36,46,-1.1456647610724773e-05,-0.00014524130905192023,9.458331877386102e-06,7.109198087374124e-06,-0.00025681031207852204,0.011235955056179775,0.5375761330531942,0.3943079628758455,0.4044943820224719,0.5280898876404494
0.5,0,999,999,0.75,0.35,32,89,89,36,47,36,46,-1.1456647610724773e-05,-0.00014524130905192023,9.458331877386102e-06,7.109198087374124e-06,-0.00025681031207852204,0.011235955056179775,0.5375761330531942,0.3943079628758455,0.4044943820224719,0.5280898876404494
0.5,0,999,999,1.0,0.0,32,89,89,36,47,36,46,-1.1456647610724773e-05,-0.00014524130905192023,9.458331877386102e-06,7.109198087374124e-06,-0.00025681031207852204,0.011235955056179775,0.5375761330531942,0.3943079628758455,0.4044943820224719,0.5280898876404494
0.5,0,999,999,1.0,0.25,32,89,89,36,47,36,46,-1.1456647610724773e-05,-0.00014524130905192023,9.458331877386102e-06,7.109198087374124e-06,-0.00025681031207852204,0.011235955056179775,0.5375761330531942,0.3943079628758455,0.4044943820224719,0.5280898876404494
0.5,0,999,999,1.0,0.35,32,89,89,36,47,36,46,-1.1456647610724773e-05,-0.00014524130905192023,9.458331877386102e-06,7.109198087374124e-06,-0.00025681031207852204,0.011235955056179775,0.5375761330531942,0.3943079628758455,0.4044943820224719,0.5280898876404494
0.5,1,0,0,0.5,0.0,32,89,89,36,47,36,46,-1.1456647610724773e-05,-0.00014524130905192023,9.458331877386102e-06,7.109198087374124e-06,-0.00025681031207852204,0.011235955056179775,0.5375761330531942,0.3943079628758455,0.4044943820224719,0.5280898876404494
0.5,1,0,0,0.5,0.25,32,89,89,36,47,36,46,-1.1456647610724773e-05,-0.00014524130905192023,9.458331877386102e-06,7.109198087374124e-06,-0.00025681031207852204,0.011235955056179775,0.5375761330531942,0.3943079628758455,0.4044943820224719,0.5280898876404494
0.5,1,0,0,0.5,0.35,32,89,89,36,47,36,46,-1.1456647610724773e-05,-0.00014524130905192023,9.458331877386102e-06,7.109198087374124e-06,-0.00025681031207852204,0.011235955056179775,0.5375761330531942,0.3943079628758455,0.4044943820224719,0.5280898876404494
0.5,1,0,0,0.75,0.0,32,89,89,36,47,36,46,-1.1456647610724773e-05,-0.00014524130905192023,9.458331877386102e-06,7.109198087374124e-06,-0.00025681031207852204,0.011235955056179775,0.5375761330531942,0.3943079628758455,0.4044943820224719,0.5280898876404494
0.5,1,0,0,0.75,0.25,32,89,89,36,47,36,46,-1.1456647610724773e-05,-0.00014524130905192023,9.458331877386102e-06,7.109198087374124e-06,-0.00025681031207852204,0.011235955056179775,0.5375761330531942,0.3943079628758455,0.4044943820224719,0.5280898876404494
0.5,1,0,0,0.75,0.35,32,89,89,36,47,36,46,-1.1456647610724773e-05,-0.00014524130905192023,9.458331877386102e-06,7.109198087374124e-06,-0.00025681031207852204,0.011235955056179775,0.5375761330531942,0.3943079628758455,0.4044943820224719,0.5280898876404494
0.5,1,0,0,1.0,0.0,32,89,89,36,47,36,46,-1.1456647610724773e-05,-0.00014524130905192023,9.458331877386102e-06,7.109198087374124e-06,-0.00025681031207852204,0.011235955056179775,0.5375761330531942,0.3943079628758455,0.4044943820224719,0.5280898876404494
0.5,1,0,0,1.0,0.25,32,89,89,36,47,36,46,-1.1456647610724773e-05,-0.00014524130905192023,9.458331877386102e-06,7.109198087374124e-06,-0.00025681031207852204,0.011235955056179775,0.5375761330531942,0.3943079628758455,0.4044943820224719,0.5280898876404494
0.5,1,0,0,1.0,0.35,32,89,89,36,47,36,46,-1.1456647610724773e-05,-0.00014524130905192023,9.458331877386102e-06,7.109198087374124e-06,-0.00025681031207852204,0.011235955056179775,0.5375761330531942,0.3943079628758455,0.4044943820224719,0.5280898876404494
0.5,1,0,1,0.5,0.0,32,89,89,36,47,36,46,-1.1456647610724773e-05,-0.00014524130905192023,9.458331877386102e-06,7.109198087374124e-06,-0.00025681031207852204,0.011235955056179775,0.5375761330531942,0.3943079628758455,0.4044943820224719,0.5280898876404494
0.5,1,0,1,0.5,0.25,32,89,89,36,47,36,46,-1.1456647610724773e-05,-0.00014524130905192023,9.458331877386102e-06,7.109198087374124e-06,-0.00025681031207852204,0.011235955056179775,0.5375761330531942,0.3943079628758455,0.4044943820224719,0.5280898876404494
0.5,1,0,1,0.5,0.35,32,89,89,36,47,36,46,-1.1456647610724773e-05,-0.00014524130905192023,9.458331877386102e-06,7.109198087374124e-06,-0.00025681031207852204,0.011235955056179775,0.5375761330531942,0.3943079628758455,0.4044943820224719,0.5280898876404494
0.5,1,0,1,0.75,0.0,32,89,89,36,47,36,46,-1.1456647610724773e-05,-0.00014524130905192023,9.458331877386102e-06,7.109198087374124e-06,-0.00025681031207852204,0.011235955056179775,0.5375761330531942,0.3943079628758455,0.4044943820224719,0.5280898876404494
0.5,1,0,1,0.75,0.25,32,89,89,36,47,36,46,-1.1456647610724773e-05,-0.00014524130905192023,9.458331877386102e-06,7.109198087374124e-06,-0.00025681031207852204,0.011235955056179775,0.5375761330531942,0.3943079628758455,0.4044943820224719,0.5280898876404494
0.5,1,0,1,0.75,0.35,32,89,89,36,47,36,46,-1.1456647610724773e-05,-0.00014524130905192023,9.458331877386102e-06,7.109198087374124e-06,-0.00025681031207852204,0.011235955056179775,0.5375761330531942,0.3943079628758455,0.4044943820224719,0.5280898876404494
0.5,1,0,1,1.0,0.0,32,89,89,36,47,36,46,-1.1456647610724773e-05,-0.00014524130905192023,9.458331877386102e-06,7.109198087374124e-06,-0.00025681031207852204,0.011235955056179775,0.5375761330531942,0.3943079628758455,0.4044943820224719,0.5280898876404494
0.5,1,0,1,1.0,0.25,32,89,89,36,47,36,46,-1.1456647610724773e-05,-0.00014524130905192023,9.458331877386102e-06,7.109198087374124e-06,-0.00025681031207852204,0.011235955056179775,0.5375761330531942,0.3943079628758455,0.4044943820224719,0.5280898876404494
0.5,1,0,1,1.0,0.35,32,89,89,36,47,36,46,-1.1456647610724773e-05,-0.00014524130905192023,9.458331877386102e-06,7.109198087374124e-06,-0.00025681031207852204,0.011235955056179775,0.5375761330531942,0.3943079628758455,0.4044943820224719,0.5280898876404494
0.5,1,0,999,0.5,0.0,32,89,89,36,47,36,46,-1.1456647610724773e-05,-0.00014524130905192023,9.458331877386102e-06,7.109198087374124e-06,-0.00025681031207852204,0.011235955056179775,0.5375761330531942,0.3943079628758455,0.4044943820224719,0.5280898876404494
0.5,1,0,999,0.5,0.25,32,89,89,36,47,36,46,-1.1456647610724773e-05,-0.00014524130905192023,9.458331877386102e-06,7.109198087374124e-06,-0.00025681031207852204,0.011235955056179775,0.5375761330531942,0.3943079628758455,0.4044943820224719,0.5280898876404494
0.5,1,0,999,0.5,0.35,32,89,89,36,47,36,46,-1.1456647610724773e-05,-0.00014524130905192023,9.458331877386102e-06,7.109198087374124e-06,-0.00025681031207852204,0.011235955056179775,0.5375761330531942,0.3943079628758455,0.4044943820224719,0.5280898876404494
0.5,1,0,999,0.75,0.0,32,89,89,36,47,36,46,-1.1456647610724773e-05,-0.00014524130905192023,9.458331877386102e-06,7.109198087374124e-06,-0.00025681031207852204,0.011235955056179775,0.5375761330531942,0.3943079628758455,0.4044943820224719,0.5280898876404494
0.5,1,0,999,0.75,0.25,32,89,89,36,47,36,46,-1.1456647610724773e-05,-0.00014524130905192023,9.458331877386102e-06,7.109198087374124e-06,-0.00025681031207852204,0.011235955056179775,0.5375761330531942,0.3943079628758455,0.4044943820224719,0.5280898876404494
0.5,1,0,999,0.75,0.35,32,89,89,36,47,36,46,-1.1456647610724773e-05,-0.00014524130905192023,9.458331877386102e-06,7.109198087374124e-06,-0.00025681031207852204,0.011235955056179775,0.5375761330531942,0.3943079628758455,0.4044943820224719,0.5280898876404494
0.5,1,0,999,1.0,0.0,32,89,89,36,47,36,46,-1.1456647610724773e-05,-0.00014524130905192023,9.458331877386102e-06,7.109198087374124e-06,-0.00025681031207852204,0.011235955056179775,0.5375761330531942,0.3943079628758455,0.4044943820224719,0.5280898876404494
0.5,1,0,999,1.0,0.25,32,89,89,36,47,36,46,-1.1456647610724773e-05,-0.00014524130905192023,9.458331877386102e-06,7.109198087374124e-06,-0.00025681031207852204,0.011235955056179775,0.5375761330531942,0.3943079628758455,0.4044943820224719,0.5280898876404494
0.5,1,0,999,1.0,0.35,32,89,89,36,47,36,46,-1.1456647610724773e-05,-0.00014524130905192023,9.458331877386102e-06,7.109198087374124e-06,-0.00025681031207852204,0.011235955056179775,0.5375761330531942,0.3943079628758455,0.4044943820224719,0.5280898876404494
0.5,1,1,0,0.5,0.0,32,89,89,36,47,36,46,-1.1456647610724773e-05,-0.00014524130905192023,9.458331877386102e-06,7.109198087374124e-06,-0.00025681031207852204,0.011235955056179775,0.5375761330531942,0.3943079628758455,0.4044943820224719,0.5280898876404494
0.5,1,1,0,0.5,0.25,32,89,89,36,47,36,46,-1.1456647610724773e-05,-0.00014524130905192023,9.458331877386102e-06,7.109198087374124e-06,-0.00025681031207852204,0.011235955056179775,0.5375761330531942,0.3943079628758455,0.4044943820224719,0.5280898876404494
0.5,1,1,0,0.5,0.35,32,89,89,36,47,36,46,-1.1456647610724773e-05,-0.00014524130905192023,9.458331877386102e-06,7.109198087374124e-06,-0.00025681031207852204,0.011235955056179775,0.5375761330531942,0.3943079628758455,0.4044943820224719,0.5280898876404494
0.5,1,1,0,0.75,0.0,32,89,89,36,47,36,46,-1.1456647610724773e-05,-0.00014524130905192023,9.458331877386102e-06,7.109198087374124e-06,-0.00025681031207852204,0.011235955056179775,0.5375761330531942,0.3943079628758455,0.4044943820224719,0.5280898876404494
0.5,1,1,0,0.75,0.25,32,89,89,36,47,36,46,-1.1456647610724773e-05,-0.00014524130905192023,9.458331877386102e-06,7.109198087374124e-06,-0.00025681031207852204,0.011235955056179775,0.5375761330531942,0.3943079628758455,0.4044943820224719,0.5280898876404494
0.5,1,1,0,0.75,0.35,32,89,89,36,47,36,46,-1.1456647610724773e-05,-0.00014524130905192023,9.458331877386102e-06,7.109198087374124e-06,-0.00025681031207852204,0.011235955056179775,0.5375761330531942,0.3943079628758455,0.4044943820224719,0.5280898876404494
0.5,1,1,0,1.0,0.0,32,89,89,36,47,36,46,-1.1456647610724773e-05,-0.00014524130905192023,9.458331877386102e-06,7.109198087374124e-06,-0.00025681031207852204,0.011235955056179775,0.5375761330531942,0.3943079628758455,0.4044943820224719,0.5280898876404494
0.5,1,1,0,1.0,0.25,32,89,89,36,47,36,46,-1.1456647610724773e-05,-0.00014524130905192023,9.458331877386102e-06,7.109198087374124e-06,-0.00025681031207852204,0.011235955056179775,0.5375761330531942,0.3943079628758455,0.4044943820224719,0.5280898876404494
0.5,1,1,0,1.0,0.35,32,89,89,36,47,36,46,-1.1456647610724773e-05,-0.00014524130905192023,9.458331877386102e-06,7.109198087374124e-06,-0.00025681031207852204,0.011235955056179775,0.5375761330531942,0.3943079628758455,0.4044943820224719,0.5280898876404494
0.5,1,1,1,0.5,0.0,32,89,89,36,47,36,46,-1.1456647610724773e-05,-0.00014524130905192023,9.458331877386102e-06,7.109198087374124e-06,-0.00025681031207852204,0.011235955056179775,0.5375761330531942,0.3943079628758455,0.4044943820224719,0.5280898876404494
0.5,1,1,1,0.5,0.25,32,89,89,36,47,36,46,-1.1456647610724773e-05,-0.00014524130905192023,9.458331877386102e-06,7.109198087374124e-06,-0.00025681031207852204,0.011235955056179775,0.5375761330531942,0.3943079628758455,0.4044943820224719,0.5280898876404494
0.5,1,1,1,0.5,0.35,32,89,89,36,47,36,46,-1.1456647610724773e-05,-0.00014524130905192023,9.458331877386102e-06,7.109198087374124e-06,-0.00025681031207852204,0.011235955056179775,0.5375761330531942,0.3943079628758455,0.4044943820224719,0.5280898876404494
0.5,1,1,1,0.75,0.0,32,89,89,36,47,36,46,-1.1456647610724773e-05,-0.00014524130905192023,9.458331877386102e-06,7.109198087374124e-06,-0.00025681031207852204,0.011235955056179775,0.5375761330531942,0.3943079628758455,0.4044943820224719,0.5280898876404494
0.5,1,1,1,0.75,0.25,32,89,89,36,47,36,46,-1.1456647610724773e-05,-0.00014524130905192023,9.458331877386102e-06,7.109198087374124e-06,-0.00025681031207852204,0.011235955056179775,0.5375761330531942,0.3943079628758455,0.4044943820224719,0.5280898876404494
0.5,1,1,1,0.75,0.35,32,89,89,36,47,36,46,-1.1456647610724773e-05,-0.00014524130905192023,9.458331877386102e-06,7.109198087374124e-06,-0.00025681031207852204,0.011235955056179775,0.5375761330531942,0.3943079628758455,0.4044943820224719,0.5280898876404494
0.5,1,1,1,1.0,0.0,32,89,89,36,47,36,46,-1.1456647610724773e-05,-0.00014524130905192023,9.458331877386102e-06,7.109198087374124e-06,-0.00025681031207852204,0.011235955056179775,0.5375761330531942,0.3943079628758455,0.4044943820224719,0.5280898876404494
0.5,1,1,1,1.0,0.25,32,89,89,36,47,36,46,-1.1456647610724773e-05,-0.00014524130905192023,9.458331877386102e-06,7.109198087374124e-06,-0.00025681031207852204,0.011235955056179775,0.5375761330531942,0.3943079628758455,0.4044943820224719,0.5280898876404494
0.5,1,1,1,1.0,0.35,32,89,89,36,47,36,46,-1.1456647610724773e-05,-0.00014524130905192023,9.458331877386102e-06,7.109198087374124e-06,-0.00025681031207852204,0.011235955056179775,0.5375761330531942,0.3943079628758455,0.4044943820224719,0.5280898876404494
0.5,1,1,999,0.5,0.0,32,89,89,36,47,36,46,-1.1456647610724773e-05,-0.00014524130905192023,9.458331877386102e-06,7.109198087374124e-06,-0.00025681031207852204,0.011235955056179775,0.5375761330531942,0.3943079628758455,0.4044943820224719,0.5280898876404494
0.5,1,1,999,0.5,0.25,32,89,89,36,47,36,46,-1.1456647610724773e-05,-0.00014524130905192023,9.458331877386102e-06,7.109198087374124e-06,-0.00025681031207852204,0.011235955056179775,0.5375761330531942,0.3943079628758455,0.4044943820224719,0.5280898876404494
0.5,1,1,999,0.5,0.35,32,89,89,36,47,36,46,-1.1456647610724773e-05,-0.00014524130905192023,9.458331877386102e-06,7.109198087374124e-06,-0.00025681031207852204,0.011235955056179775,0.5375761330531942,0.3943079628758455,0.4044943820224719,0.5280898876404494
0.5,1,1,999,0.75,0.0,32,89,89,36,47,36,46,-1.1456647610724773e-05,-0.00014524130905192023,9.458331877386102e-06,7.109198087374124e-06,-0.00025681031207852204,0.011235955056179775,0.5375761330531942,0.3943079628758455,0.4044943820224719,0.5280898876404494
0.5,1,1,999,0.75,0.25,32,89,89,36,47,36,46,-1.1456647610724773e-05,-0.00014524130905192023,9.458331877386102e-06,7.109198087374124e-06,-0.00025681031207852204,0.011235955056179775,0.5375761330531942,0.3943079628758455,0.4044943820224719,0.5280898876404494
0.5,1,1,999,0.75,0.35,32,89,89,36,47,36,46,-1.1456647610724773e-05,-0.00014524130905192023,9.458331877386102e-06,7.109198087374124e-06,-0.00025681031207852204,0.011235955056179775,0.5375761330531942,0.3943079628758455,0.4044943820224719,0.5280898876404494
0.5,1,1,999,1.0,0.0,32,89,89,36,47,36,46,-1.1456647610724773e-05,-0.00014524130905192023,9.458331877386102e-06,7.109198087374124e-06,-0.00025681031207852204,0.011235955056179775,0.5375761330531942,0.3943079628758455,0.4044943820224719,0.5280898876404494
0.5,1,1,999,1.0,0.25,32,89,89,36,47,36,46,-1.1456647610724773e-05,-0.00014524130905192023,9.458331877386102e-06,7.109198087374124e-06,-0.00025681031207852204,0.011235955056179775,0.5375761330531942,0.3943079628758455,0.4044943820224719,0.5280898876404494
0.5,1,1,999,1.0,0.35,32,89,89,36,47,36,46,-1.1456647610724773e-05,-0.00014524130905192023,9.458331877386102e-06,7.109198087374124e-06,-0.00025681031207852204,0.011235955056179775,0.5375761330531942,0.3943079628758455,0.4044943820224719,0.5280898876404494
0.5,1,999,0,0.5,0.0,32,89,89,36,47,36,46,-1.1456647610724773e-05,-0.00014524130905192023,9.458331877386102e-06,7.109198087374124e-06,-0.00025681031207852204,0.011235955056179775,0.5375761330531942,0.3943079628758455,0.4044943820224719,0.5280898876404494
0.5,1,999,0,0.5,0.25,32,89,89,36,47,36,46,-1.1456647610724773e-05,-0.00014524130905192023,9.458331877386102e-06,7.109198087374124e-06,-0.00025681031207852204,0.011235955056179775,0.5375761330531942,0.3943079628758455,0.4044943820224719,0.5280898876404494
0.5,1,999,0,0.5,0.35,32,89,89,36,47,36,46,-1.1456647610724773e-05,-0.00014524130905192023,9.458331877386102e-06,7.109198087374124e-06,-0.00025681031207852204,0.011235955056179775,0.5375761330531942,0.3943079628758455,0.4044943820224719,0.5280898876404494
0.5,1,999,0,0.75,0.0,32,89,89,36,47,36,46,-1.1456647610724773e-05,-0.00014524130905192023,9.458331877386102e-06,7.109198087374124e-06,-0.00025681031207852204,0.011235955056179775,0.5375761330531942,0.3943079628758455,0.4044943820224719,0.5280898876404494
0.5,1,999,0,0.75,0.25,32,89,89,36,47,36,46,-1.1456647610724773e-05,-0.00014524130905192023,9.458331877386102e-06,7.109198087374124e-06,-0.00025681031207852204,0.011235955056179775,0.5375761330531942,0.3943079628758455,0.4044943820224719,0.5280898876404494
0.5,1,999,0,0.75,0.35,32,89,89,36,47,36,46,-1.1456647610724773e-05,-0.00014524130905192023,9.458331877386102e-06,7.109198087374124e-06,-0.00025681031207852204,0.011235955056179775,0.5375761330531942,0.3943079628758455,0.4044943820224719,0.5280898876404494
0.5,1,999,0,1.0,0.0,32,89,89,36,47,36,46,-1.1456647610724773e-05,-0.00014524130905192023,9.458331877386102e-06,7.109198087374124e-06,-0.00025681031207852204,0.011235955056179775,0.5375761330531942,0.3943079628758455,0.4044943820224719,0.5280898876404494
0.5,1,999,0,1.0,0.25,32,89,89,36,47,36,46,-1.1456647610724773e-05,-0.00014524130905192023,9.458331877386102e-06,7.109198087374124e-06,-0.00025681031207852204,0.011235955056179775,0.5375761330531942,0.3943079628758455,0.4044943820224719,0.5280898876404494
0.5,1,999,0,1.0,0.35,32,89,89,36,47,36,46,-1.1456647610724773e-05,-0.00014524130905192023,9.458331877386102e-06,7.109198087374124e-06,-0.00025681031207852204,0.011235955056179775,0.5375761330531942,0.3943079628758455,0.4044943820224719,0.5280898876404494
0.5,1,999,1,0.5,0.0,32,89,89,36,47,36,46,-1.1456647610724773e-05,-0.00014524130905192023,9.458331877386102e-06,7.109198087374124e-06,-0.00025681031207852204,0.011235955056179775,0.5375761330531942,0.3943079628758455,0.4044943820224719,0.5280898876404494
0.5,1,999,1,0.5,0.25,32,89,89,36,47,36,46,-1.1456647610724773e-05,-0.00014524130905192023,9.458331877386102e-06,7.109198087374124e-06,-0.00025681031207852204,0.011235955056179775,0.5375761330531942,0.3943079628758455,0.4044943820224719,0.5280898876404494
0.5,1,999,1,0.5,0.35,32,89,89,36,47,36,46,-1.1456647610724773e-05,-0.00014524130905192023,9.458331877386102e-06,7.109198087374124e-06,-0.00025681031207852204,0.011235955056179775,0.5375761330531942,0.3943079628758455,0.4044943820224719,0.5280898876404494
0.5,1,999,1,0.75,0.0,32,89,89,36,47,36,46,-1.1456647610724773e-05,-0.00014524130905192023,9.458331877386102e-06,7.109198087374124e-06,-0.00025681031207852204,0.011235955056179775,0.5375761330531942,0.3943079628758455,0.4044943820224719,0.5280898876404494
0.5,1,999,1,0.75,0.25,32,89,89,36,47,36,46,-1.1456647610724773e-05,-0.00014524130905192023,9.458331877386102e-06,7.109198087374124e-06,-0.00025681031207852204,0.011235955056179775,0.5375761330531942,0.3943079628758455,0.4044943820224719,0.5280898876404494
0.5,1,999,1,0.75,0.35,32,89,89,36,47,36,46,-1.1456647610724773e-05,-0.00014524130905192023,9.458331877386102e-06,7.109198087374124e-06,-0.00025681031207852204,0.011235955056179775,0.5375761330531942,0.3943079628758455,0.4044943820224719,0.5280898876404494
0.5,1,999,1,1.0,0.0,32,89,89,36,47,36,46,-1.1456647610724773e-05,-0.00014524130905192023,9.458331877386102e-06,7.109198087374124e-06,-0.00025681031207852204,0.011235955056179775,0.5375761330531942,0.3943079628758455,0.4044943820224719,0.5280898876404494
0.5,1,999,1,1.0,0.25,32,89,89,36,47,36,46,-1.1456647610724773e-05,-0.00014524130905192023,9.458331877386102e-06,7.109198087374124e-06,-0.00025681031207852204,0.011235955056179775,0.5375761330531942,0.3943079628758455,0.4044943820224719,0.5280898876404494
0.5,1,999,1,1.0,0.35,32,89,89,36,47,36,46,-1.1456647610724773e-05,-0.00014524130905192023,9.458331877386102e-06,7.109198087374124e-06,-0.00025681031207852204,0.011235955056179775,0.5375761330531942,0.3943079628758455,0.4044943820224719,0.5280898876404494
0.5,1,999,999,0.5,0.0,32,89,89,36,47,36,46,-1.1456647610724773e-05,-0.00014524130905192023,9.458331877386102e-06,7.109198087374124e-06,-0.00025681031207852204,0.011235955056179775,0.5375761330531942,0.3943079628758455,0.4044943820224719,0.5280898876404494
0.5,1,999,999,0.5,0.25,32,89,89,36,47,36,46,-1.1456647610724773e-05,-0.00014524130905192023,9.458331877386102e-06,7.109198087374124e-06,-0.00025681031207852204,0.011235955056179775,0.5375761330531942,0.3943079628758455,0.4044943820224719,0.5280898876404494
0.5,1,999,999,0.5,0.35,32,89,89,36,47,36,46,-1.1456647610724773e-05,-0.00014524130905192023,9.458331877386102e-06,7.109198087374124e-06,-0.00025681031207852204,0.011235955056179775,0.5375761330531942,0.3943079628758455,0.4044943820224719,0.5280898876404494
0.5,1,999,999,0.75,0.0,32,89,89,36,47,36,46,-1.1456647610724773e-05,-0.00014524130905192023,9.458331877386102e-06,7.109198087374124e-06,-0.00025681031207852204,0.011235955056179775,0.5375761330531942,0.3943079628758455,0.4044943820224719,0.5280898876404494
0.5,1,999,999,0.75,0.25,32,89,89,36,47,36,46,-1.1456647610724773e-05,-0.00014524130905192023,9.458331877386102e-06,7.109198087374124e-06,-0.00025681031207852204,0.011235955056179775,0.5375761330531942,0.3943079628758455,0.4044943820224719,0.5280898876404494
0.5,1,999,999,0.75,0.35,32,89,89,36,47,36,46,-1.1456647610724773e-05,-0.00014524130905192023,9.458331877386102e-06,7.109198087374124e-06,-0.00025681031207852204,0.011235955056179775,0.5375761330531942,0.3943079628758455,0.4044943820224719,0.5280898876404494
0.5,1,999,999,1.0,0.0,32,89,89,36,47,36,46,-1.1456647610724773e-05,-0.00014524130905192023,9.458331877386102e-06,7.109198087374124e-06,-0.00025681031207852204,0.011235955056179775,0.5375761330531942,0.3943079628758455,0.4044943820224719,0.5280898876404494
0.5,1,999,999,1.0,0.25,32,89,89,36,47,36,46,-1.1456647610724773e-05,-0.00014524130905192023,9.458331877386102e-06,7.109198087374124e-06,-0.00025681031207852204,0.011235955056179775,0.5375761330531942,0.3943079628758455,0.4044943820224719,0.5280898876404494
0.5,1,999,999,1.0,0.35,32,89,89,36,47,36,46,-1.1456647610724773e-05,-0.00014524130905192023,9.458331877386102e-06,7.109198087374124e-06,-0.00025681031207852204,0.011235955056179775,0.5375761330531942,0.3943079628758455,0.4044943820224719,0.5280898876404494
0.5,0,0,0,0.25,0.0,16,79,79,29,47,27,48,-2.225107658982726e-05,-0.00011022188603166304,3.6417886925095975e-05,5.875936094893062e-05,-0.00014559052205513363,0.0,0.5928193114901975,0.35180094167435944,0.3670886075949367,0.5949367088607594
0.5,0,0,0,0.25,0.25,16,79,79,29,47,27,48,-2.225107658982726e-05,-0.00011022188603166304,3.6417886925095975e-05,5.875936094893062e-05,-0.00014559052205513363,0.0,0.5928193114901975,0.35180094167435944,0.3670886075949367,0.5949367088607594
0.5,0,0,0,0.25,0.35,16,79,79,29,47,27,48,-2.225107658982726e-05,-0.00011022188603166304,3.6417886925095975e-05,5.875936094893062e-05,-0.00014559052205513363,0.0,0.5928193114901975,0.35180094167435944,0.3670886075949367,0.5949367088607594
0.5,0,0,1,0.25,0.0,16,79,79,29,47,27,48,-2.225107658982726e-05,-0.00011022188603166304,3.6417886925095975e-05,5.875936094893062e-05,-0.00014559052205513363,0.0,0.5928193114901975,0.35180094167435944,0.3670886075949367,0.5949367088607594
0.5,0,0,1,0.25,0.25,16,79,79,29,47,27,48,-2.225107658982726e-05,-0.00011022188603166304,3.6417886925095975e-05,5.875936094893062e-05,-0.00014559052205513363,0.0,0.5928193114901975,0.35180094167435944,0.3670886075949367,0.5949367088607594
0.5,0,0,1,0.25,0.35,16,79,79,29,47,27,48,-2.225107658982726e-05,-0.00011022188603166304,3.6417886925095975e-05,5.875936094893062e-05,-0.00014559052205513363,0.0,0.5928193114901975,0.35180094167435944,0.3670886075949367,0.5949367088607594
0.5,0,0,999,0.25,0.0,16,79,79,29,47,27,48,-2.225107658982726e-05,-0.00011022188603166304,3.6417886925095975e-05,5.875936094893062e-05,-0.00014559052205513363,0.0,0.5928193114901975,0.35180094167435944,0.3670886075949367,0.5949367088607594
0.5,0,0,999,0.25,0.25,16,79,79,29,47,27,48,-2.225107658982726e-05,-0.00011022188603166304,3.6417886925095975e-05,5.875936094893062e-05,-0.00014559052205513363,0.0,0.5928193114901975,0.35180094167435944,0.3670886075949367,0.5949367088607594
0.5,0,0,999,0.25,0.35,16,79,79,29,47,27,48,-2.225107658982726e-05,-0.00011022188603166304,3.6417886925095975e-05,5.875936094893062e-05,-0.00014559052205513363,0.0,0.5928193114901975,0.35180094167435944,0.3670886075949367,0.5949367088607594
0.5,0,1,0,0.25,0.0,16,79,79,29,47,27,48,-2.225107658982726e-05,-0.00011022188603166304,3.6417886925095975e-05,5.875936094893062e-05,-0.00014559052205513363,0.0,0.5928193114901975,0.35180094167435944,0.3670886075949367,0.5949367088607594
0.5,0,1,0,0.25,0.25,16,79,79,29,47,27,48,-2.225107658982726e-05,-0.00011022188603166304,3.6417886925095975e-05,5.875936094893062e-05,-0.00014559052205513363,0.0,0.5928193114901975,0.35180094167435944,0.3670886075949367,0.5949367088607594
0.5,0,1,0,0.25,0.35,16,79,79,29,47,27,48,-2.225107658982726e-05,-0.00011022188603166304,3.6417886925095975e-05,5.875936094893062e-05,-0.00014559052205513363,0.0,0.5928193114901975,0.35180094167435944,0.3670886075949367,0.5949367088607594
0.5,0,1,1,0.25,0.0,16,79,79,29,47,27,48,-2.225107658982726e-05,-0.00011022188603166304,3.6417886925095975e-05,5.875936094893062e-05,-0.00014559052205513363,0.0,0.5928193114901975,0.35180094167435944,0.3670886075949367,0.5949367088607594
0.5,0,1,1,0.25,0.25,16,79,79,29,47,27,48,-2.225107658982726e-05,-0.00011022188603166304,3.6417886925095975e-05,5.875936094893062e-05,-0.00014559052205513363,0.0,0.5928193114901975,0.35180094167435944,0.3670886075949367,0.5949367088607594
0.5,0,1,1,0.25,0.35,16,79,79,29,47,27,48,-2.225107658982726e-05,-0.00011022188603166304,3.6417886925095975e-05,5.875936094893062e-05,-0.00014559052205513363,0.0,0.5928193114901975,0.35180094167435944,0.3670886075949367,0.5949367088607594
0.5,0,1,999,0.25,0.0,16,79,79,29,47,27,48,-2.225107658982726e-05,-0.00011022188603166304,3.6417886925095975e-05,5.875936094893062e-05,-0.00014559052205513363,0.0,0.5928193114901975,0.35180094167435944,0.3670886075949367,0.5949367088607594
0.5,0,1,999,0.25,0.25,16,79,79,29,47,27,48,-2.225107658982726e-05,-0.00011022188603166304,3.6417886925095975e-05,5.875936094893062e-05,-0.00014559052205513363,0.0,0.5928193114901975,0.35180094167435944,0.3670886075949367,0.5949367088607594
0.5,0,1,999,0.25,0.35,16,79,79,29,47,27,48,-2.225107658982726e-05,-0.00011022188603166304,3.6417886925095975e-05,5.875936094893062e-05,-0.00014559052205513363,0.0,0.5928193114901975,0.35180094167435944,0.3670886075949367,0.5949367088607594
0.5,0,999,0,0.25,0.0,16,79,79,29,47,27,48,-2.225107658982726e-05,-0.00011022188603166304,3.6417886925095975e-05,5.875936094893062e-05,-0.00014559052205513363,0.0,0.5928193114901975,0.35180094167435944,0.3670886075949367,0.5949367088607594
0.5,0,999,0,0.25,0.25,16,79,79,29,47,27,48,-2.225107658982726e-05,-0.00011022188603166304,3.6417886925095975e-05,5.875936094893062e-05,-0.00014559052205513363,0.0,0.5928193114901975,0.35180094167435944,0.3670886075949367,0.5949367088607594
0.5,0,999,0,0.25,0.35,16,79,79,29,47,27,48,-2.225107658982726e-05,-0.00011022188603166304,3.6417886925095975e-05,5.875936094893062e-05,-0.00014559052205513363,0.0,0.5928193114901975,0.35180094167435944,0.3670886075949367,0.5949367088607594
0.5,0,999,1,0.25,0.0,16,79,79,29,47,27,48,-2.225107658982726e-05,-0.00011022188603166304,3.6417886925095975e-05,5.875936094893062e-05,-0.00014559052205513363,0.0,0.5928193114901975,0.35180094167435944,0.3670886075949367,0.5949367088607594
0.5,0,999,1,0.25,0.25,16,79,79,29,47,27,48,-2.225107658982726e-05,-0.00011022188603166304,3.6417886925095975e-05,5.875936094893062e-05,-0.00014559052205513363,0.0,0.5928193114901975,0.35180094167435944,0.3670886075949367,0.5949367088607594
0.5,0,999,1,0.25,0.35,16,79,79,29,47,27,48,-2.225107658982726e-05,-0.00011022188603166304,3.6417886925095975e-05,5.875936094893062e-05,-0.00014559052205513363,0.0,0.5928193114901975,0.35180094167435944,0.3670886075949367,0.5949367088607594
0.5,0,999,999,0.25,0.0,16,79,79,29,47,27,48,-2.225107658982726e-05,-0.00011022188603166304,3.6417886925095975e-05,5.875936094893062e-05,-0.00014559052205513363,0.0,0.5928193114901975,0.35180094167435944,0.3670886075949367,0.5949367088607594
0.5,0,999,999,0.25,0.25,16,79,79,29,47,27,48,-2.225107658982726e-05,-0.00011022188603166304,3.6417886925095975e-05,5.875936094893062e-05,-0.00014559052205513363,0.0,0.5928193114901975,0.35180094167435944,0.3670886075949367,0.5949367088607594
0.5,0,999,999,0.25,0.35,16,79,79,29,47,27,48,-2.225107658982726e-05,-0.00011022188603166304,3.6417886925095975e-05,5.875936094893062e-05,-0.00014559052205513363,0.0,0.5928193114901975,0.35180094167435944,0.3670886075949367,0.5949367088607594
0.5,1,0,0,0.25,0.0,16,79,79,29,47,27,48,-2.225107658982726e-05,-0.00011022188603166304,3.6417886925095975e-05,5.875936094893062e-05,-0.00014559052205513363,0.0,0.5928193114901975,0.35180094167435944,0.3670886075949367,0.5949367088607594
0.5,1,0,0,0.25,0.25,16,79,79,29,47,27,48,-2.225107658982726e-05,-0.00011022188603166304,3.6417886925095975e-05,5.875936094893062e-05,-0.00014559052205513363,0.0,0.5928193114901975,0.35180094167435944,0.3670886075949367,0.5949367088607594
0.5,1,0,0,0.25,0.35,16,79,79,29,47,27,48,-2.225107658982726e-05,-0.00011022188603166304,3.6417886925095975e-05,5.875936094893062e-05,-0.00014559052205513363,0.0,0.5928193114901975,0.35180094167435944,0.3670886075949367,0.5949367088607594
0.5,1,0,1,0.25,0.0,16,79,79,29,47,27,48,-2.225107658982726e-05,-0.00011022188603166304,3.6417886925095975e-05,5.875936094893062e-05,-0.00014559052205513363,0.0,0.5928193114901975,0.35180094167435944,0.3670886075949367,0.5949367088607594
0.5,1,0,1,0.25,0.25,16,79,79,29,47,27,48,-2.225107658982726e-05,-0.00011022188603166304,3.6417886925095975e-05,5.875936094893062e-05,-0.00014559052205513363,0.0,0.5928193114901975,0.35180094167435944,0.3670886075949367,0.5949367088607594
0.5,1,0,1,0.25,0.35,16,79,79,29,47,27,48,-2.225107658982726e-05,-0.00011022188603166304,3.6417886925095975e-05,5.875936094893062e-05,-0.00014559052205513363,0.0,0.5928193114901975,0.35180094167435944,0.3670886075949367,0.5949367088607594
0.5,1,0,999,0.25,0.0,16,79,79,29,47,27,48,-2.225107658982726e-05,-0.00011022188603166304,3.6417886925095975e-05,5.875936094893062e-05,-0.00014559052205513363,0.0,0.5928193114901975,0.35180094167435944,0.3670886075949367,0.5949367088607594
0.5,1,0,999,0.25,0.25,16,79,79,29,47,27,48,-2.225107658982726e-05,-0.00011022188603166304,3.6417886925095975e-05,5.875936094893062e-05,-0.00014559052205513363,0.0,0.5928193114901975,0.35180094167435944,0.3670886075949367,0.5949367088607594
0.5,1,0,999,0.25,0.35,16,79,79,29,47,27,48,-2.225107658982726e-05,-0.00011022188603166304,3.6417886925095975e-05,5.875936094893062e-05,-0.00014559052205513363,0.0,0.5928193114901975,0.35180094167435944,0.3670886075949367,0.5949367088607594
0.5,1,1,0,0.25,0.0,16,79,79,29,47,27,48,-2.225107658982726e-05,-0.00011022188603166304,3.6417886925095975e-05,5.875936094893062e-05,-0.00014559052205513363,0.0,0.5928193114901975,0.35180094167435944,0.3670886075949367,0.5949367088607594
0.5,1,1,0,0.25,0.25,16,79,79,29,47,27,48,-2.225107658982726e-05,-0.00011022188603166304,3.6417886925095975e-05,5.875936094893062e-05,-0.00014559052205513363,0.0,0.5928193114901975,0.35180094167435944,0.3670886075949367,0.5949367088607594
0.5,1,1,0,0.25,0.35,16,79,79,29,47,27,48,-2.225107658982726e-05,-0.00011022188603166304,3.6417886925095975e-05,5.875936094893062e-05,-0.00014559052205513363,0.0,0.5928193114901975,0.35180094167435944,0.3670886075949367,0.5949367088607594
0.5,1,1,1,0.25,0.0,16,79,79,29,47,27,48,-2.225107658982726e-05,-0.00011022188603166304,3.6417886925095975e-05,5.875936094893062e-05,-0.00014559052205513363,0.0,0.5928193114901975,0.35180094167435944,0.3670886075949367,0.5949367088607594
0.5,1,1,1,0.25,0.25,16,79,79,29,47,27,48,-2.225107658982726e-05,-0.00011022188603166304,3.6417886925095975e-05,5.875936094893062e-05,-0.00014559052205513363,0.0,0.5928193114901975,0.35180094167435944,0.3670886075949367,0.5949367088607594
0.5,1,1,1,0.25,0.35,16,79,79,29,47,27,48,-2.225107658982726e-05,-0.00011022188603166304,3.6417886925095975e-05,5.875936094893062e-05,-0.00014559052205513363,0.0,0.5928193114901975,0.35180094167435944,0.3670886075949367,0.5949367088607594
0.5,1,1,999,0.25,0.0,16,79,79,29,47,27,48,-2.225107658982726e-05,-0.00011022188603166304,3.6417886925095975e-05,5.875936094893062e-05,-0.00014559052205513363,0.0,0.5928193114901975,0.35180094167435944,0.3670886075949367,0.5949367088607594
0.5,1,1,999,0.25,0.25,16,79,79,29,47,27,48,-2.225107658982726e-05,-0.00011022188603166304,3.6417886925095975e-05,5.875936094893062e-05,-0.00014559052205513363,0.0,0.5928193114901975,0.35180094167435944,0.3670886075949367,0.5949367088607594
0.5,1,1,999,0.25,0.35,16,79,79,29,47,27,48,-2.225107658982726e-05,-0.00011022188603166304,3.6417886925095975e-05,5.875936094893062e-05,-0.00014559052205513363,0.0,0.5928193114901975,0.35180094167435944,0.3670886075949367,0.5949367088607594
0.5,1,999,0,0.25,0.0,16,79,79,29,47,27,48,-2.225107658982726e-05,-0.00011022188603166304,3.6417886925095975e-05,5.875936094893062e-05,-0.00014559052205513363,0.0,0.5928193114901975,0.35180094167435944,0.3670886075949367,0.5949367088607594
0.5,1,999,0,0.25,0.25,16,79,79,29,47,27,48,-2.225107658982726e-05,-0.00011022188603166304,3.6417886925095975e-05,5.875936094893062e-05,-0.00014559052205513363,0.0,0.5928193114901975,0.35180094167435944,0.3670886075949367,0.5949367088607594
0.5,1,999,0,0.25,0.35,16,79,79,29,47,27,48,-2.225107658982726e-05,-0.00011022188603166304,3.6417886925095975e-05,5.875936094893062e-05,-0.00014559052205513363,0.0,0.5928193114901975,0.35180094167435944,0.3670886075949367,0.5949367088607594
0.5,1,999,1,0.25,0.0,16,79,79,29,47,27,48,-2.225107658982726e-05,-0.00011022188603166304,3.6417886925095975e-05,5.875936094893062e-05,-0.00014559052205513363,0.0,0.5928193114901975,0.35180094167435944,0.3670886075949367,0.5949367088607594
0.5,1,999,1,0.25,0.25,16,79,79,29,47,27,48,-2.225107658982726e-05,-0.00011022188603166304,3.6417886925095975e-05,5.875936094893062e-05,-0.00014559052205513363,0.0,0.5928193114901975,0.35180094167435944,0.3670886075949367,0.5949367088607594
0.5,1,999,1,0.25,0.35,16,79,79,29,47,27,48,-2.225107658982726e-05,-0.00011022188603166304,3.6417886925095975e-05,5.875936094893062e-05,-0.00014559052205513363,0.0,0.5928193114901975,0.35180094167435944,0.3670886075949367,0.5949367088607594
0.5,1,999,999,0.25,0.0,16,79,79,29,47,27,48,-2.225107658982726e-05,-0.00011022188603166304,3.6417886925095975e-05,5.875936094893062e-05,-0.00014559052205513363,0.0,0.5928193114901975,0.35180094167435944,0.3670886075949367,0.5949367088607594
0.5,1,999,999,0.25,0.25,16,79,79,29,47,27,48,-2.225107658982726e-05,-0.00011022188603166304,3.6417886925095975e-05,5.875936094893062e-05,-0.00014559052205513363,0.0,0.5928193114901975,0.35180094167435944,0.3670886075949367,0.5949367088607594
0.5,1,999,999,0.25,0.35,16,79,79,29,47,27,48,-2.225107658982726e-05,-0.00011022188603166304,3.6417886925095975e-05,5.875936094893062e-05,-0.00014559052205513363,0.0,0.5928193114901975,0.35180094167435944,0.3670886075949367,0.5949367088607594
0.0,0,0,0,0.5,0.0,64,92,92,37,48,37,47,-1.2535855278000918e-05,-0.00014705802204934853,1.8288200053803064e-05,2.0073880009489577e-05,-0.0002682289728003355,0.021739130434782608,0.5353899348547965,0.3984133994920162,0.40217391304347827,0.5217391304347826
0.0,0,0,0,0.5,0.25,64,92,92,37,48,37,47,-1.2535855278000918e-05,-0.00014705802204934853,1.8288200053803064e-05,2.0073880009489577e-05,-0.0002682289728003355,0.021739130434782608,0.5353899348547965,0.3984133994920162,0.40217391304347827,0.5217391304347826
0.0,0,0,0,0.5,0.35,64,92,92,37,48,37,47,-1.2535855278000918e-05,-0.00014705802204934853,1.8288200053803064e-05,2.0073880009489577e-05,-0.0002682289728003355,0.021739130434782608,0.5353899348547965,0.3984133994920162,0.40217391304347827,0.5217391304347826
0.0,0,0,0,0.75,0.0,64,92,92,37,48,37,47,-1.2535855278000918e-05,-0.00014705802204934853,1.8288200053803064e-05,2.0073880009489577e-05,-0.0002682289728003355,0.021739130434782608,0.5353899348547965,0.3984133994920162,0.40217391304347827,0.5217391304347826
0.0,0,0,0,0.75,0.25,64,92,92,37,48,37,47,-1.2535855278000918e-05,-0.00014705802204934853,1.8288200053803064e-05,2.0073880009489577e-05,-0.0002682289728003355,0.021739130434782608,0.5353899348547965,0.3984133994920162,0.40217391304347827,0.5217391304347826
0.0,0,0,0,0.75,0.35,64,92,92,37,48,37,47,-1.2535855278000918e-05,-0.00014705802204934853,1.8288200053803064e-05,2.0073880009489577e-05,-0.0002682289728003355,0.021739130434782608,0.5353899348547965,0.3984133994920162,0.40217391304347827,0.5217391304347826
0.0,0,0,0,1.0,0.0,64,92,92,37,48,37,47,-1.2535855278000918e-05,-0.00014705802204934853,1.8288200053803064e-05,2.0073880009489577e-05,-0.0002682289728003355,0.021739130434782608,0.5353899348547965,0.3984133994920162,0.40217391304347827,0.5217391304347826
0.0,0,0,0,1.0,0.25,64,92,92,37,48,37,47,-1.2535855278000918e-05,-0.00014705802204934853,1.8288200053803064e-05,2.0073880009489577e-05,-0.0002682289728003355,0.021739130434782608,0.5353899348547965,0.3984133994920162,0.40217391304347827,0.5217391304347826
0.0,0,0,0,1.0,0.35,64,92,92,37,48,37,47,-1.2535855278000918e-05,-0.00014705802204934853,1.8288200053803064e-05,2.0073880009489577e-05,-0.0002682289728003355,0.021739130434782608,0.5353899348547965,0.3984133994920162,0.40217391304347827,0.5217391304347826
0.0,0,0,1,0.5,0.0,64,92,92,37,48,37,47,-1.2535855278000918e-05,-0.00014705802204934853,1.8288200053803064e-05,2.0073880009489577e-05,-0.0002682289728003355,0.021739130434782608,0.5353899348547965,0.3984133994920162,0.40217391304347827,0.5217391304347826
0.0,0,0,1,0.5,0.25,64,92,92,37,48,37,47,-1.2535855278000918e-05,-0.00014705802204934853,1.8288200053803064e-05,2.0073880009489577e-05,-0.0002682289728003355,0.021739130434782608,0.5353899348547965,0.3984133994920162,0.40217391304347827,0.5217391304347826
0.0,0,0,1,0.5,0.35,64,92,92,37,48,37,47,-1.2535855278000918e-05,-0.00014705802204934853,1.8288200053803064e-05,2.0073880009489577e-05,-0.0002682289728003355,0.021739130434782608,0.5353899348547965,0.3984133994920162,0.40217391304347827,0.5217391304347826
0.0,0,0,1,0.75,0.0,64,92,92,37,48,37,47,-1.2535855278000918e-05,-0.00014705802204934853,1.8288200053803064e-05,2.0073880009489577e-05,-0.0002682289728003355,0.021739130434782608,0.5353899348547965,0.3984133994920162,0.40217391304347827,0.5217391304347826
0.0,0,0,1,0.75,0.25,64,92,92,37,48,37,47,-1.2535855278000918e-05,-0.00014705802204934853,1.8288200053803064e-05,2.0073880009489577e-05,-0.0002682289728003355,0.021739130434782608,0.5353899348547965,0.3984133994920162,0.40217391304347827,0.5217391304347826
0.0,0,0,1,0.75,0.35,64,92,92,37,48,37,47,-1.2535855278000918e-05,-0.00014705802204934853,1.8288200053803064e-05,2.0073880009489577e-05,-0.0002682289728003355,0.021739130434782608,0.5353899348547965,0.3984133994920162,0.40217391304347827,0.5217391304347826
0.0,0,0,1,1.0,0.0,64,92,92,37,48,37,47,-1.2535855278000918e-05,-0.00014705802204934853,1.8288200053803064e-05,2.0073880009489577e-05,-0.0002682289728003355,0.021739130434782608,0.5353899348547965,0.3984133994920162,0.40217391304347827,0.5217391304347826
0.0,0,0,1,1.0,0.25,64,92,92,37,48,37,47,-1.2535855278000918e-05,-0.00014705802204934853,1.8288200053803064e-05,2.0073880009489577e-05,-0.0002682289728003355,0.021739130434782608,0.5353899348547965,0.3984133994920162,0.40217391304347827,0.5217391304347826
0.0,0,0,1,1.0,0.35,64,92,92,37,48,37,47,-1.2535855278000918e-05,-0.00014705802204934853,1.8288200053803064e-05,2.0073880009489577e-05,-0.0002682289728003355,0.021739130434782608,0.5353899348547965,0.3984133994920162,0.40217391304347827,0.5217391304347826
0.0,0,0,999,0.5,0.0,64,92,92,37,48,37,47,-1.2535855278000918e-05,-0.00014705802204934853,1.8288200053803064e-05,2.0073880009489577e-05,-0.0002682289728003355,0.021739130434782608,0.5353899348547965,0.3984133994920162,0.40217391304347827,0.5217391304347826
0.0,0,0,999,0.5,0.25,64,92,92,37,48,37,47,-1.2535855278000918e-05,-0.00014705802204934853,1.8288200053803064e-05,2.0073880009489577e-05,-0.0002682289728003355,0.021739130434782608,0.5353899348547965,0.3984133994920162,0.40217391304347827,0.5217391304347826
0.0,0,0,999,0.5,0.35,64,92,92,37,48,37,47,-1.2535855278000918e-05,-0.00014705802204934853,1.8288200053803064e-05,2.0073880009489577e-05,-0.0002682289728003355,0.021739130434782608,0.5353899348547965,0.3984133994920162,0.40217391304347827,0.5217391304347826
0.0,0,0,999,0.75,0.0,64,92,92,37,48,37,47,-1.2535855278000918e-05,-0.00014705802204934853,1.8288200053803064e-05,2.0073880009489577e-05,-0.0002682289728003355,0.021739130434782608,0.5353899348547965,0.3984133994920162,0.40217391304347827,0.5217391304347826
0.0,0,0,999,0.75,0.25,64,92,92,37,48,37,47,-1.2535855278000918e-05,-0.00014705802204934853,1.8288200053803064e-05,2.0073880009489577e-05,-0.0002682289728003355,0.021739130434782608,0.5353899348547965,0.3984133994920162,0.40217391304347827,0.5217391304347826
0.0,0,0,999,0.75,0.35,64,92,92,37,48,37,47,-1.2535855278000918e-05,-0.00014705802204934853,1.8288200053803064e-05,2.0073880009489577e-05,-0.0002682289728003355,0.021739130434782608,0.5353899348547965,0.3984133994920162,0.40217391304347827,0.5217391304347826
0.0,0,0,999,1.0,0.0,64,92,92,37,48,37,47,-1.2535855278000918e-05,-0.00014705802204934853,1.8288200053803064e-05,2.0073880009489577e-05,-0.0002682289728003355,0.021739130434782608,0.5353899348547965,0.3984133994920162,0.40217391304347827,0.5217391304347826
0.0,0,0,999,1.0,0.25,64,92,92,37,48,37,47,-1.2535855278000918e-05,-0.00014705802204934853,1.8288200053803064e-05,2.0073880009489577e-05,-0.0002682289728003355,0.021739130434782608,0.5353899348547965,0.3984133994920162,0.40217391304347827,0.5217391304347826
0.0,0,0,999,1.0,0.35,64,92,92,37,48,37,47,-1.2535855278000918e-05,-0.00014705802204934853,1.8288200053803064e-05,2.0073880009489577e-05,-0.0002682289728003355,0.021739130434782608,0.5353899348547965,0.3984133994920162,0.40217391304347827,0.5217391304347826
0.0,0,1,0,0.5,0.0,64,92,92,37,48,37,47,-1.2535855278000918e-05,-0.00014705802204934853,1.8288200053803064e-05,2.0073880009489577e-05,-0.0002682289728003355,0.021739130434782608,0.5353899348547965,0.3984133994920162,0.40217391304347827,0.5217391304347826
0.0,0,1,0,0.5,0.25,64,92,92,37,48,37,47,-1.2535855278000918e-05,-0.00014705802204934853,1.8288200053803064e-05,2.0073880009489577e-05,-0.0002682289728003355,0.021739130434782608,0.5353899348547965,0.3984133994920162,0.40217391304347827,0.5217391304347826
0.0,0,1,0,0.5,0.35,64,92,92,37,48,37,47,-1.2535855278000918e-05,-0.00014705802204934853,1.8288200053803064e-05,2.0073880009489577e-05,-0.0002682289728003355,0.021739130434782608,0.5353899348547965,0.3984133994920162,0.40217391304347827,0.5217391304347826
0.0,0,1,0,0.75,0.0,64,92,92,37,48,37,47,-1.2535855278000918e-05,-0.00014705802204934853,1.8288200053803064e-05,2.0073880009489577e-05,-0.0002682289728003355,0.021739130434782608,0.5353899348547965,0.3984133994920162,0.40217391304347827,0.5217391304347826
0.0,0,1,0,0.75,0.25,64,92,92,37,48,37,47,-1.2535855278000918e-05,-0.00014705802204934853,1.8288200053803064e-05,2.0073880009489577e-05,-0.0002682289728003355,0.021739130434782608,0.5353899348547965,0.3984133994920162,0.40217391304347827,0.5217391304347826
0.0,0,1,0,0.75,0.35,64,92,92,37,48,37,47,-1.2535855278000918e-05,-0.00014705802204934853,1.8288200053803064e-05,2.0073880009489577e-05,-0.0002682289728003355,0.021739130434782608,0.5353899348547965,0.3984133994920162,0.40217391304347827,0.5217391304347826
0.0,0,1,0,1.0,0.0,64,92,92,37,48,37,47,-1.2535855278000918e-05,-0.00014705802204934853,1.8288200053803064e-05,2.0073880009489577e-05,-0.0002682289728003355,0.021739130434782608,0.5353899348547965,0.3984133994920162,0.40217391304347827,0.5217391304347826
0.0,0,1,0,1.0,0.25,64,92,92,37,48,37,47,-1.2535855278000918e-05,-0.00014705802204934853,1.8288200053803064e-05,2.0073880009489577e-05,-0.0002682289728003355,0.021739130434782608,0.5353899348547965,0.3984133994920162,0.40217391304347827,0.5217391304347826
0.0,0,1,0,1.0,0.35,64,92,92,37,48,37,47,-1.2535855278000918e-05,-0.00014705802204934853,1.8288200053803064e-05,2.0073880009489577e-05,-0.0002682289728003355,0.021739130434782608,0.5353899348547965,0.3984133994920162,0.40217391304347827,0.5217391304347826
0.0,0,1,1,0.5,0.0,64,92,92,37,48,37,47,-1.2535855278000918e-05,-0.00014705802204934853,1.8288200053803064e-05,2.0073880009489577e-05,-0.0002682289728003355,0.021739130434782608,0.5353899348547965,0.3984133994920162,0.40217391304347827,0.5217391304347826
0.0,0,1,1,0.5,0.25,64,92,92,37,48,37,47,-1.2535855278000918e-05,-0.00014705802204934853,1.8288200053803064e-05,2.0073880009489577e-05,-0.0002682289728003355,0.021739130434782608,0.5353899348547965,0.3984133994920162,0.40217391304347827,0.5217391304347826
0.0,0,1,1,0.5,0.35,64,92,92,37,48,37,47,-1.2535855278000918e-05,-0.00014705802204934853,1.8288200053803064e-05,2.0073880009489577e-05,-0.0002682289728003355,0.021739130434782608,0.5353899348547965,0.3984133994920162,0.40217391304347827,0.5217391304347826
0.0,0,1,1,0.75,0.0,64,92,92,37,48,37,47,-1.2535855278000918e-05,-0.00014705802204934853,1.8288200053803064e-05,2.0073880009489577e-05,-0.0002682289728003355,0.021739130434782608,0.5353899348547965,0.3984133994920162,0.40217391304347827,0.5217391304347826
0.0,0,1,1,0.75,0.25,64,92,92,37,48,37,47,-1.2535855278000918e-05,-0.00014705802204934853,1.8288200053803064e-05,2.0073880009489577e-05,-0.0002682289728003355,0.021739130434782608,0.5353899348547965,0.3984133994920162,0.40217391304347827,0.5217391304347826
0.0,0,1,1,0.75,0.35,64,92,92,37,48,37,47,-1.2535855278000918e-05,-0.00014705802204934853,1.8288200053803064e-05,2.0073880009489577e-05,-0.0002682289728003355,0.021739130434782608,0.5353899348547965,0.3984133994920162,0.40217391304347827,0.5217391304347826
0.0,0,1,1,1.0,0.0,64,92,92,37,48,37,47,-1.2535855278000918e-05,-0.00014705802204934853,1.8288200053803064e-05,2.0073880009489577e-05,-0.0002682289728003355,0.021739130434782608,0.5353899348547965,0.3984133994920162,0.40217391304347827,0.5217391304347826
0.0,0,1,1,1.0,0.25,64,92,92,37,48,37,47,-1.2535855278000918e-05,-0.00014705802204934853,1.8288200053803064e-05,2.0073880009489577e-05,-0.0002682289728003355,0.021739130434782608,0.5353899348547965,0.3984133994920162,0.40217391304347827,0.5217391304347826
0.0,0,1,1,1.0,0.35,64,92,92,37,48,37,47,-1.2535855278000918e-05,-0.00014705802204934853,1.8288200053803064e-05,2.0073880009489577e-05,-0.0002682289728003355,0.021739130434782608,0.5353899348547965,0.3984133994920162,0.40217391304347827,0.5217391304347826
0.0,0,1,999,0.5,0.0,64,92,92,37,48,37,47,-1.2535855278000918e-05,-0.00014705802204934853,1.8288200053803064e-05,2.0073880009489577e-05,-0.0002682289728003355,0.021739130434782608,0.5353899348547965,0.3984133994920162,0.40217391304347827,0.5217391304347826
0.0,0,1,999,0.5,0.25,64,92,92,37,48,37,47,-1.2535855278000918e-05,-0.00014705802204934853,1.8288200053803064e-05,2.0073880009489577e-05,-0.0002682289728003355,0.021739130434782608,0.5353899348547965,0.3984133994920162,0.40217391304347827,0.5217391304347826
0.0,0,1,999,0.5,0.35,64,92,92,37,48,37,47,-1.2535855278000918e-05,-0.00014705802204934853,1.8288200053803064e-05,2.0073880009489577e-05,-0.0002682289728003355,0.021739130434782608,0.5353899348547965,0.3984133994920162,0.40217391304347827,0.5217391304347826
0.0,0,1,999,0.75,0.0,64,92,92,37,48,37,47,-1.2535855278000918e-05,-0.00014705802204934853,1.8288200053803064e-05,2.0073880009489577e-05,-0.0002682289728003355,0.021739130434782608,0.5353899348547965,0.3984133994920162,0.40217391304347827,0.5217391304347826
0.0,0,1,999,0.75,0.25,64,92,92,37,48,37,47,-1.2535855278000918e-05,-0.00014705802204934853,1.8288200053803064e-05,2.0073880009489577e-05,-0.0002682289728003355,0.021739130434782608,0.5353899348547965,0.3984133994920162,0.40217391304347827,0.5217391304347826
0.0,0,1,999,0.75,0.35,64,92,92,37,48,37,47,-1.2535855278000918e-05,-0.00014705802204934853,1.8288200053803064e-05,2.0073880009489577e-05,-0.0002682289728003355,0.021739130434782608,0.5353899348547965,0.3984133994920162,0.40217391304347827,0.5217391304347826
0.0,0,1,999,1.0,0.0,64,92,92,37,48,37,47,-1.2535855278000918e-05,-0.00014705802204934853,1.8288200053803064e-05,2.0073880009489577e-05,-0.0002682289728003355,0.021739130434782608,0.5353899348547965,0.3984133994920162,0.40217391304347827,0.5217391304347826
0.0,0,1,999,1.0,0.25,64,92,92,37,48,37,47,-1.2535855278000918e-05,-0.00014705802204934853,1.8288200053803064e-05,2.0073880009489577e-05,-0.0002682289728003355,0.021739130434782608,0.5353899348547965,0.3984133994920162,0.40217391304347827,0.5217391304347826
0.0,0,1,999,1.0,0.35,64,92,92,37,48,37,47,-1.2535855278000918e-05,-0.00014705802204934853,1.8288200053803064e-05,2.0073880009489577e-05,-0.0002682289728003355,0.021739130434782608,0.5353899348547965,0.3984133994920162,0.40217391304347827,0.5217391304347826
0.0,0,999,0,0.5,0.0,64,92,92,37,48,37,47,-1.2535855278000918e-05,-0.00014705802204934853,1.8288200053803064e-05,2.0073880009489577e-05,-0.0002682289728003355,0.021739130434782608,0.5353899348547965,0.3984133994920162,0.40217391304347827,0.5217391304347826
0.0,0,999,0,0.5,0.25,64,92,92,37,48,37,47,-1.2535855278000918e-05,-0.00014705802204934853,1.8288200053803064e-05,2.0073880009489577e-05,-0.0002682289728003355,0.021739130434782608,0.5353899348547965,0.3984133994920162,0.40217391304347827,0.5217391304347826
0.0,0,999,0,0.5,0.35,64,92,92,37,48,37,47,-1.2535855278000918e-05,-0.00014705802204934853,1.8288200053803064e-05,2.0073880009489577e-05,-0.0002682289728003355,0.021739130434782608,0.5353899348547965,0.3984133994920162,0.40217391304347827,0.5217391304347826
0.0,0,999,0,0.75,0.0,64,92,92,37,48,37,47,-1.2535855278000918e-05,-0.00014705802204934853,1.8288200053803064e-05,2.0073880009489577e-05,-0.0002682289728003355,0.021739130434782608,0.5353899348547965,0.3984133994920162,0.40217391304347827,0.5217391304347826
0.0,0,999,0,0.75,0.25,64,92,92,37,48,37,47,-1.2535855278000918e-05,-0.00014705802204934853,1.8288200053803064e-05,2.0073880009489577e-05,-0.0002682289728003355,0.021739130434782608,0.5353899348547965,0.3984133994920162,0.40217391304347827,0.5217391304347826
0.0,0,999,0,0.75,0.35,64,92,92,37,48,37,47,-1.2535855278000918e-05,-0.00014705802204934853,1.8288200053803064e-05,2.0073880009489577e-05,-0.0002682289728003355,0.021739130434782608,0.5353899348547965,0.3984133994920162,0.40217391304347827,0.5217391304347826
0.0,0,999,0,1.0,0.0,64,92,92,37,48,37,47,-1.2535855278000918e-05,-0.00014705802204934853,1.8288200053803064e-05,2.0073880009489577e-05,-0.0002682289728003355,0.021739130434782608,0.5353899348547965,0.3984133994920162,0.40217391304347827,0.5217391304347826
0.0,0,999,0,1.0,0.25,64,92,92,37,48,37,47,-1.2535855278000918e-05,-0.00014705802204934853,1.8288200053803064e-05,2.0073880009489577e-05,-0.0002682289728003355,0.021739130434782608,0.5353899348547965,0.3984133994920162,0.40217391304347827,0.5217391304347826
0.0,0,999,0,1.0,0.35,64,92,92,37,48,37,47,-1.2535855278000918e-05,-0.00014705802204934853,1.8288200053803064e-05,2.0073880009489577e-05,-0.0002682289728003355,0.021739130434782608,0.5353899348547965,0.3984133994920162,0.40217391304347827,0.5217391304347826
0.0,0,999,1,0.5,0.0,64,92,92,37,48,37,47,-1.2535855278000918e-05,-0.00014705802204934853,1.8288200053803064e-05,2.0073880009489577e-05,-0.0002682289728003355,0.021739130434782608,0.5353899348547965,0.3984133994920162,0.40217391304347827,0.5217391304347826
0.0,0,999,1,0.5,0.25,64,92,92,37,48,37,47,-1.2535855278000918e-05,-0.00014705802204934853,1.8288200053803064e-05,2.0073880009489577e-05,-0.0002682289728003355,0.021739130434782608,0.5353899348547965,0.3984133994920162,0.40217391304347827,0.5217391304347826
0.0,0,999,1,0.5,0.35,64,92,92,37,48,37,47,-1.2535855278000918e-05,-0.00014705802204934853,1.8288200053803064e-05,2.0073880009489577e-05,-0.0002682289728003355,0.021739130434782608,0.5353899348547965,0.3984133994920162,0.40217391304347827,0.5217391304347826
0.0,0,999,1,0.75,0.0,64,92,92,37,48,37,47,-1.2535855278000918e-05,-0.00014705802204934853,1.8288200053803064e-05,2.0073880009489577e-05,-0.0002682289728003355,0.021739130434782608,0.5353899348547965,0.3984133994920162,0.40217391304347827,0.5217391304347826
0.0,0,999,1,0.75,0.25,64,92,92,37,48,37,47,-1.2535855278000918e-05,-0.00014705802204934853,1.8288200053803064e-05,2.0073880009489577e-05,-0.0002682289728003355,0.021739130434782608,0.5353899348547965,0.3984133994920162,0.40217391304347827,0.5217391304347826
0.0,0,999,1,0.75,0.35,64,92,92,37,48,37,47,-1.2535855278000918e-05,-0.00014705802204934853,1.8288200053803064e-05,2.0073880009489577e-05,-0.0002682289728003355,0.021739130434782608,0.5353899348547965,0.3984133994920162,0.40217391304347827,0.5217391304347826
0.0,0,999,1,1.0,0.0,64,92,92,37,48,37,47,-1.2535855278000918e-05,-0.00014705802204934853,1.8288200053803064e-05,2.0073880009489577e-05,-0.0002682289728003355,0.021739130434782608,0.5353899348547965,0.3984133994920162,0.40217391304347827,0.5217391304347826
0.0,0,999,1,1.0,0.25,64,92,92,37,48,37,47,-1.2535855278000918e-05,-0.00014705802204934853,1.8288200053803064e-05,2.0073880009489577e-05,-0.0002682289728003355,0.021739130434782608,0.5353899348547965,0.3984133994920162,0.40217391304347827,0.5217391304347826
0.0,0,999,1,1.0,0.35,64,92,92,37,48,37,47,-1.2535855278000918e-05,-0.00014705802204934853,1.8288200053803064e-05,2.0073880009489577e-05,-0.0002682289728003355,0.021739130434782608,0.5353899348547965,0.3984133994920162,0.40217391304347827,0.5217391304347826
0.0,0,999,999,0.5,0.0,64,92,92,37,48,37,47,-1.2535855278000918e-05,-0.00014705802204934853,1.8288200053803064e-05,2.0073880009489577e-05,-0.0002682289728003355,0.021739130434782608,0.5353899348547965,0.3984133994920162,0.40217391304347827,0.5217391304347826
0.0,0,999,999,0.5,0.25,64,92,92,37,48,37,47,-1.2535855278000918e-05,-0.00014705802204934853,1.8288200053803064e-05,2.0073880009489577e-05,-0.0002682289728003355,0.021739130434782608,0.5353899348547965,0.3984133994920162,0.40217391304347827,0.5217391304347826
0.0,0,999,999,0.5,0.35,64,92,92,37,48,37,47,-1.2535855278000918e-05,-0.00014705802204934853,1.8288200053803064e-05,2.0073880009489577e-05,-0.0002682289728003355,0.021739130434782608,0.5353899348547965,0.3984133994920162,0.40217391304347827,0.5217391304347826
0.0,0,999,999,0.75,0.0,64,92,92,37,48,37,47,-1.2535855278000918e-05,-0.00014705802204934853,1.8288200053803064e-05,2.0073880009489577e-05,-0.0002682289728003355,0.021739130434782608,0.5353899348547965,0.3984133994920162,0.40217391304347827,0.5217391304347826
0.0,0,999,999,0.75,0.25,64,92,92,37,48,37,47,-1.2535855278000918e-05,-0.00014705802204934853,1.8288200053803064e-05,2.0073880009489577e-05,-0.0002682289728003355,0.021739130434782608,0.5353899348547965,0.3984133994920162,0.40217391304347827,0.5217391304347826
0.0,0,999,999,0.75,0.35,64,92,92,37,48,37,47,-1.2535855278000918e-05,-0.00014705802204934853,1.8288200053803064e-05,2.0073880009489577e-05,-0.0002682289728003355,0.021739130434782608,0.5353899348547965,0.3984133994920162,0.40217391304347827,0.5217391304347826
0.0,0,999,999,1.0,0.0,64,92,92,37,48,37,47,-1.2535855278000918e-05,-0.00014705802204934853,1.8288200053803064e-05,2.0073880009489577e-05,-0.0002682289728003355,0.021739130434782608,0.5353899348547965,0.3984133994920162,0.40217391304347827,0.5217391304347826
0.0,0,999,999,1.0,0.25,64,92,92,37,48,37,47,-1.2535855278000918e-05,-0.00014705802204934853,1.8288200053803064e-05,2.0073880009489577e-05,-0.0002682289728003355,0.021739130434782608,0.5353899348547965,0.3984133994920162,0.40217391304347827,0.5217391304347826
0.0,0,999,999,1.0,0.35,64,92,92,37,48,37,47,-1.2535855278000918e-05,-0.00014705802204934853,1.8288200053803064e-05,2.0073880009489577e-05,-0.0002682289728003355,0.021739130434782608,0.5353899348547965,0.3984133994920162,0.40217391304347827,0.5217391304347826
0.0,1,0,0,0.5,0.0,64,92,92,37,48,37,47,-1.2535855278000918e-05,-0.00014705802204934853,1.8288200053803064e-05,2.0073880009489577e-05,-0.0002682289728003355,0.021739130434782608,0.5353899348547965,0.3984133994920162,0.40217391304347827,0.5217391304347826
0.0,1,0,0,0.5,0.25,64,92,92,37,48,37,47,-1.2535855278000918e-05,-0.00014705802204934853,1.8288200053803064e-05,2.0073880009489577e-05,-0.0002682289728003355,0.021739130434782608,0.5353899348547965,0.3984133994920162,0.40217391304347827,0.5217391304347826
0.0,1,0,0,0.5,0.35,64,92,92,37,48,37,47,-1.2535855278000918e-05,-0.00014705802204934853,1.8288200053803064e-05,2.0073880009489577e-05,-0.0002682289728003355,0.021739130434782608,0.5353899348547965,0.3984133994920162,0.40217391304347827,0.5217391304347826
0.0,1,0,0,0.75,0.0,64,92,92,37,48,37,47,-1.2535855278000918e-05,-0.00014705802204934853,1.8288200053803064e-05,2.0073880009489577e-05,-0.0002682289728003355,0.021739130434782608,0.5353899348547965,0.3984133994920162,0.40217391304347827,0.5217391304347826
0.0,1,0,0,0.75,0.25,64,92,92,37,48,37,47,-1.2535855278000918e-05,-0.00014705802204934853,1.8288200053803064e-05,2.0073880009489577e-05,-0.0002682289728003355,0.021739130434782608,0.5353899348547965,0.3984133994920162,0.40217391304347827,0.5217391304347826
0.0,1,0,0,0.75,0.35,64,92,92,37,48,37,47,-1.2535855278000918e-05,-0.00014705802204934853,1.8288200053803064e-05,2.0073880009489577e-05,-0.0002682289728003355,0.021739130434782608,0.5353899348547965,0.3984133994920162,0.40217391304347827,0.5217391304347826
0.0,1,0,0,1.0,0.0,64,92,92,37,48,37,47,-1.2535855278000918e-05,-0.00014705802204934853,1.8288200053803064e-05,2.0073880009489577e-05,-0.0002682289728003355,0.021739130434782608,0.5353899348547965,0.3984133994920162,0.40217391304347827,0.5217391304347826
0.0,1,0,0,1.0,0.25,64,92,92,37,48,37,47,-1.2535855278000918e-05,-0.00014705802204934853,1.8288200053803064e-05,2.0073880009489577e-05,-0.0002682289728003355,0.021739130434782608,0.5353899348547965,0.3984133994920162,0.40217391304347827,0.5217391304347826
0.0,1,0,0,1.0,0.35,64,92,92,37,48,37,47,-1.2535855278000918e-05,-0.00014705802204934853,1.8288200053803064e-05,2.0073880009489577e-05,-0.0002682289728003355,0.021739130434782608,0.5353899348547965,0.3984133994920162,0.40217391304347827,0.5217391304347826
0.0,1,0,1,0.5,0.0,64,92,92,37,48,37,47,-1.2535855278000918e-05,-0.00014705802204934853,1.8288200053803064e-05,2.0073880009489577e-05,-0.0002682289728003355,0.021739130434782608,0.5353899348547965,0.3984133994920162,0.40217391304347827,0.5217391304347826
0.0,1,0,1,0.5,0.25,64,92,92,37,48,37,47,-1.2535855278000918e-05,-0.00014705802204934853,1.8288200053803064e-05,2.0073880009489577e-05,-0.0002682289728003355,0.021739130434782608,0.5353899348547965,0.3984133994920162,0.40217391304347827,0.5217391304347826
0.0,1,0,1,0.5,0.35,64,92,92,37,48,37,47,-1.2535855278000918e-05,-0.00014705802204934853,1.8288200053803064e-05,2.0073880009489577e-05,-0.0002682289728003355,0.021739130434782608,0.5353899348547965,0.3984133994920162,0.40217391304347827,0.5217391304347826
0.0,1,0,1,0.75,0.0,64,92,92,37,48,37,47,-1.2535855278000918e-05,-0.00014705802204934853,1.8288200053803064e-05,2.0073880009489577e-05,-0.0002682289728003355,0.021739130434782608,0.5353899348547965,0.3984133994920162,0.40217391304347827,0.5217391304347826
0.0,1,0,1,0.75,0.25,64,92,92,37,48,37,47,-1.2535855278000918e-05,-0.00014705802204934853,1.8288200053803064e-05,2.0073880009489577e-05,-0.0002682289728003355,0.021739130434782608,0.5353899348547965,0.3984133994920162,0.40217391304347827,0.5217391304347826
0.0,1,0,1,0.75,0.35,64,92,92,37,48,37,47,-1.2535855278000918e-05,-0.00014705802204934853,1.8288200053803064e-05,2.0073880009489577e-05,-0.0002682289728003355,0.021739130434782608,0.5353899348547965,0.3984133994920162,0.40217391304347827,0.5217391304347826
0.0,1,0,1,1.0,0.0,64,92,92,37,48,37,47,-1.2535855278000918e-05,-0.00014705802204934853,1.8288200053803064e-05,2.0073880009489577e-05,-0.0002682289728003355,0.021739130434782608,0.5353899348547965,0.3984133994920162,0.40217391304347827,0.5217391304347826
0.0,1,0,1,1.0,0.25,64,92,92,37,48,37,47,-1.2535855278000918e-05,-0.00014705802204934853,1.8288200053803064e-05,2.0073880009489577e-05,-0.0002682289728003355,0.021739130434782608,0.5353899348547965,0.3984133994920162,0.40217391304347827,0.5217391304347826
0.0,1,0,1,1.0,0.35,64,92,92,37,48,37,47,-1.2535855278000918e-05,-0.00014705802204934853,1.8288200053803064e-05,2.0073880009489577e-05,-0.0002682289728003355,0.021739130434782608,0.5353899348547965,0.3984133994920162,0.40217391304347827,0.5217391304347826
0.0,1,0,999,0.5,0.0,64,92,92,37,48,37,47,-1.2535855278000918e-05,-0.00014705802204934853,1.8288200053803064e-05,2.0073880009489577e-05,-0.0002682289728003355,0.021739130434782608,0.5353899348547965,0.3984133994920162,0.40217391304347827,0.5217391304347826
0.0,1,0,999,0.5,0.25,64,92,92,37,48,37,47,-1.2535855278000918e-05,-0.00014705802204934853,1.8288200053803064e-05,2.0073880009489577e-05,-0.0002682289728003355,0.021739130434782608,0.5353899348547965,0.3984133994920162,0.40217391304347827,0.5217391304347826
0.0,1,0,999,0.5,0.35,64,92,92,37,48,37,47,-1.2535855278000918e-05,-0.00014705802204934853,1.8288200053803064e-05,2.0073880009489577e-05,-0.0002682289728003355,0.021739130434782608,0.5353899348547965,0.3984133994920162,0.40217391304347827,0.5217391304347826
0.0,1,0,999,0.75,0.0,64,92,92,37,48,37,47,-1.2535855278000918e-05,-0.00014705802204934853,1.8288200053803064e-05,2.0073880009489577e-05,-0.0002682289728003355,0.021739130434782608,0.5353899348547965,0.3984133994920162,0.40217391304347827,0.5217391304347826
0.0,1,0,999,0.75,0.25,64,92,92,37,48,37,47,-1.2535855278000918e-05,-0.00014705802204934853,1.8288200053803064e-05,2.0073880009489577e-05,-0.0002682289728003355,0.021739130434782608,0.5353899348547965,0.3984133994920162,0.40217391304347827,0.5217391304347826
0.0,1,0,999,0.75,0.35,64,92,92,37,48,37,47,-1.2535855278000918e-05,-0.00014705802204934853,1.8288200053803064e-05,2.0073880009489577e-05,-0.0002682289728003355,0.021739130434782608,0.5353899348547965,0.3984133994920162,0.40217391304347827,0.5217391304347826
0.0,1,0,999,1.0,0.0,64,92,92,37,48,37,47,-1.2535855278000918e-05,-0.00014705802204934853,1.8288200053803064e-05,2.0073880009489577e-05,-0.0002682289728003355,0.021739130434782608,0.5353899348547965,0.3984133994920162,0.40217391304347827,0.5217391304347826
0.0,1,0,999,1.0,0.25,64,92,92,37,48,37,47,-1.2535855278000918e-05,-0.00014705802204934853,1.8288200053803064e-05,2.0073880009489577e-05,-0.0002682289728003355,0.021739130434782608,0.5353899348547965,0.3984133994920162,0.40217391304347827,0.5217391304347826
0.0,1,0,999,1.0,0.35,64,92,92,37,48,37,47,-1.2535855278000918e-05,-0.00014705802204934853,1.8288200053803064e-05,2.0073880009489577e-05,-0.0002682289728003355,0.021739130434782608,0.5353899348547965,0.3984133994920162,0.40217391304347827,0.5217391304347826
0.0,1,1,0,0.5,0.0,64,92,92,37,48,37,47,-1.2535855278000918e-05,-0.00014705802204934853,1.8288200053803064e-05,2.0073880009489577e-05,-0.0002682289728003355,0.021739130434782608,0.5353899348547965,0.3984133994920162,0.40217391304347827,0.5217391304347826
0.0,1,1,0,0.5,0.25,64,92,92,37,48,37,47,-1.2535855278000918e-05,-0.00014705802204934853,1.8288200053803064e-05,2.0073880009489577e-05,-0.0002682289728003355,0.021739130434782608,0.5353899348547965,0.3984133994920162,0.40217391304347827,0.5217391304347826
0.0,1,1,0,0.5,0.35,64,92,92,37,48,37,47,-1.2535855278000918e-05,-0.00014705802204934853,1.8288200053803064e-05,2.0073880009489577e-05,-0.0002682289728003355,0.021739130434782608,0.5353899348547965,0.3984133994920162,0.40217391304347827,0.5217391304347826
0.0,1,1,0,0.75,0.0,64,92,92,37,48,37,47,-1.2535855278000918e-05,-0.00014705802204934853,1.8288200053803064e-05,2.0073880009489577e-05,-0.0002682289728003355,0.021739130434782608,0.5353899348547965,0.3984133994920162,0.40217391304347827,0.5217391304347826
0.0,1,1,0,0.75,0.25,64,92,92,37,48,37,47,-1.2535855278000918e-05,-0.00014705802204934853,1.8288200053803064e-05,2.0073880009489577e-05,-0.0002682289728003355,0.021739130434782608,0.5353899348547965,0.3984133994920162,0.40217391304347827,0.5217391304347826
0.0,1,1,0,0.75,0.35,64,92,92,37,48,37,47,-1.2535855278000918e-05,-0.00014705802204934853,1.8288200053803064e-05,2.0073880009489577e-05,-0.0002682289728003355,0.021739130434782608,0.5353899348547965,0.3984133994920162,0.40217391304347827,0.5217391304347826
0.0,1,1,0,1.0,0.0,64,92,92,37,48,37,47,-1.2535855278000918e-05,-0.00014705802204934853,1.8288200053803064e-05,2.0073880009489577e-05,-0.0002682289728003355,0.021739130434782608,0.5353899348547965,0.3984133994920162,0.40217391304347827,0.5217391304347826
0.0,1,1,0,1.0,0.25,64,92,92,37,48,37,47,-1.2535855278000918e-05,-0.00014705802204934853,1.8288200053803064e-05,2.0073880009489577e-05,-0.0002682289728003355,0.021739130434782608,0.5353899348547965,0.3984133994920162,0.40217391304347827,0.5217391304347826
0.0,1,1,0,1.0,0.35,64,92,92,37,48,37,47,-1.2535855278000918e-05,-0.00014705802204934853,1.8288200053803064e-05,2.0073880009489577e-05,-0.0002682289728003355,0.021739130434782608,0.5353899348547965,0.3984133994920162,0.40217391304347827,0.5217391304347826
0.0,1,1,1,0.5,0.0,64,92,92,37,48,37,47,-1.2535855278000918e-05,-0.00014705802204934853,1.8288200053803064e-05,2.0073880009489577e-05,-0.0002682289728003355,0.021739130434782608,0.5353899348547965,0.3984133994920162,0.40217391304347827,0.5217391304347826
0.0,1,1,1,0.5,0.25,64,92,92,37,48,37,47,-1.2535855278000918e-05,-0.00014705802204934853,1.8288200053803064e-05,2.0073880009489577e-05,-0.0002682289728003355,0.021739130434782608,0.5353899348547965,0.3984133994920162,0.40217391304347827,0.5217391304347826
0.0,1,1,1,0.5,0.35,64,92,92,37,48,37,47,-1.2535855278000918e-05,-0.00014705802204934853,1.8288200053803064e-05,2.0073880009489577e-05,-0.0002682289728003355,0.021739130434782608,0.5353899348547965,0.3984133994920162,0.40217391304347827,0.5217391304347826
0.0,1,1,1,0.75,0.0,64,92,92,37,48,37,47,-1.2535855278000918e-05,-0.00014705802204934853,1.8288200053803064e-05,2.0073880009489577e-05,-0.0002682289728003355,0.021739130434782608,0.5353899348547965,0.3984133994920162,0.40217391304347827,0.5217391304347826
0.0,1,1,1,0.75,0.25,64,92,92,37,48,37,47,-1.2535855278000918e-05,-0.00014705802204934853,1.8288200053803064e-05,2.0073880009489577e-05,-0.0002682289728003355,0.021739130434782608,0.5353899348547965,0.3984133994920162,0.40217391304347827,0.5217391304347826
0.0,1,1,1,0.75,0.35,64,92,92,37,48,37,47,-1.2535855278000918e-05,-0.00014705802204934853,1.8288200053803064e-05,2.0073880009489577e-05,-0.0002682289728003355,0.021739130434782608,0.5353899348547965,0.3984133994920162,0.40217391304347827,0.5217391304347826
0.0,1,1,1,1.0,0.0,64,92,92,37,48,37,47,-1.2535855278000918e-05,-0.00014705802204934853,1.8288200053803064e-05,2.0073880009489577e-05,-0.0002682289728003355,0.021739130434782608,0.5353899348547965,0.3984133994920162,0.40217391304347827,0.5217391304347826
0.0,1,1,1,1.0,0.25,64,92,92,37,48,37,47,-1.2535855278000918e-05,-0.00014705802204934853,1.8288200053803064e-05,2.0073880009489577e-05,-0.0002682289728003355,0.021739130434782608,0.5353899348547965,0.3984133994920162,0.40217391304347827,0.5217391304347826
0.0,1,1,1,1.0,0.35,64,92,92,37,48,37,47,-1.2535855278000918e-05,-0.00014705802204934853,1.8288200053803064e-05,2.0073880009489577e-05,-0.0002682289728003355,0.021739130434782608,0.5353899348547965,0.3984133994920162,0.40217391304347827,0.5217391304347826
0.0,1,1,999,0.5,0.0,64,92,92,37,48,37,47,-1.2535855278000918e-05,-0.00014705802204934853,1.8288200053803064e-05,2.0073880009489577e-05,-0.0002682289728003355,0.021739130434782608,0.5353899348547965,0.3984133994920162,0.40217391304347827,0.5217391304347826
0.0,1,1,999,0.5,0.25,64,92,92,37,48,37,47,-1.2535855278000918e-05,-0.00014705802204934853,1.8288200053803064e-05,2.0073880009489577e-05,-0.0002682289728003355,0.021739130434782608,0.5353899348547965,0.3984133994920162,0.40217391304347827,0.5217391304347826
0.0,1,1,999,0.5,0.35,64,92,92,37,48,37,47,-1.2535855278000918e-05,-0.00014705802204934853,1.8288200053803064e-05,2.0073880009489577e-05,-0.0002682289728003355,0.021739130434782608,0.5353899348547965,0.3984133994920162,0.40217391304347827,0.5217391304347826
0.0,1,1,999,0.75,0.0,64,92,92,37,48,37,47,-1.2535855278000918e-05,-0.00014705802204934853,1.8288200053803064e-05,2.0073880009489577e-05,-0.0002682289728003355,0.021739130434782608,0.5353899348547965,0.3984133994920162,0.40217391304347827,0.5217391304347826
0.0,1,1,999,0.75,0.25,64,92,92,37,48,37,47,-1.2535855278000918e-05,-0.00014705802204934853,1.8288200053803064e-05,2.0073880009489577e-05,-0.0002682289728003355,0.021739130434782608,0.5353899348547965,0.3984133994920162,0.40217391304347827,0.5217391304347826
0.0,1,1,999,0.75,0.35,64,92,92,37,48,37,47,-1.2535855278000918e-05,-0.00014705802204934853,1.8288200053803064e-05,2.0073880009489577e-05,-0.0002682289728003355,0.021739130434782608,0.5353899348547965,0.3984133994920162,0.40217391304347827,0.5217391304347826
0.0,1,1,999,1.0,0.0,64,92,92,37,48,37,47,-1.2535855278000918e-05,-0.00014705802204934853,1.8288200053803064e-05,2.0073880009489577e-05,-0.0002682289728003355,0.021739130434782608,0.5353899348547965,0.3984133994920162,0.40217391304347827,0.5217391304347826
0.0,1,1,999,1.0,0.25,64,92,92,37,48,37,47,-1.2535855278000918e-05,-0.00014705802204934853,1.8288200053803064e-05,2.0073880009489577e-05,-0.0002682289728003355,0.021739130434782608,0.5353899348547965,0.3984133994920162,0.40217391304347827,0.5217391304347826
0.0,1,1,999,1.0,0.35,64,92,92,37,48,37,47,-1.2535855278000918e-05,-0.00014705802204934853,1.8288200053803064e-05,2.0073880009489577e-05,-0.0002682289728003355,0.021739130434782608,0.5353899348547965,0.3984133994920162,0.40217391304347827,0.5217391304347826
0.0,1,999,0,0.5,0.0,64,92,92,37,48,37,47,-1.2535855278000918e-05,-0.00014705802204934853,1.8288200053803064e-05,2.0073880009489577e-05,-0.0002682289728003355,0.021739130434782608,0.5353899348547965,0.3984133994920162,0.40217391304347827,0.5217391304347826
0.0,1,999,0,0.5,0.25,64,92,92,37,48,37,47,-1.2535855278000918e-05,-0.00014705802204934853,1.8288200053803064e-05,2.0073880009489577e-05,-0.0002682289728003355,0.021739130434782608,0.5353899348547965,0.3984133994920162,0.40217391304347827,0.5217391304347826
0.0,1,999,0,0.5,0.35,64,92,92,37,48,37,47,-1.2535855278000918e-05,-0.00014705802204934853,1.8288200053803064e-05,2.0073880009489577e-05,-0.0002682289728003355,0.021739130434782608,0.5353899348547965,0.3984133994920162,0.40217391304347827,0.5217391304347826
0.0,1,999,0,0.75,0.0,64,92,92,37,48,37,47,-1.2535855278000918e-05,-0.00014705802204934853,1.8288200053803064e-05,2.0073880009489577e-05,-0.0002682289728003355,0.021739130434782608,0.5353899348547965,0.3984133994920162,0.40217391304347827,0.5217391304347826
0.0,1,999,0,0.75,0.25,64,92,92,37,48,37,47,-1.2535855278000918e-05,-0.00014705802204934853,1.8288200053803064e-05,2.0073880009489577e-05,-0.0002682289728003355,0.021739130434782608,0.5353899348547965,0.3984133994920162,0.40217391304347827,0.5217391304347826
0.0,1,999,0,0.75,0.35,64,92,92,37,48,37,47,-1.2535855278000918e-05,-0.00014705802204934853,1.8288200053803064e-05,2.0073880009489577e-05,-0.0002682289728003355,0.021739130434782608,0.5353899348547965,0.3984133994920162,0.40217391304347827,0.5217391304347826
0.0,1,999,0,1.0,0.0,64,92,92,37,48,37,47,-1.2535855278000918e-05,-0.00014705802204934853,1.8288200053803064e-05,2.0073880009489577e-05,-0.0002682289728003355,0.021739130434782608,0.5353899348547965,0.3984133994920162,0.40217391304347827,0.5217391304347826
0.0,1,999,0,1.0,0.25,64,92,92,37,48,37,47,-1.2535855278000918e-05,-0.00014705802204934853,1.8288200053803064e-05,2.0073880009489577e-05,-0.0002682289728003355,0.021739130434782608,0.5353899348547965,0.3984133994920162,0.40217391304347827,0.5217391304347826
0.0,1,999,0,1.0,0.35,64,92,92,37,48,37,47,-1.2535855278000918e-05,-0.00014705802204934853,1.8288200053803064e-05,2.0073880009489577e-05,-0.0002682289728003355,0.021739130434782608,0.5353899348547965,0.3984133994920162,0.40217391304347827,0.5217391304347826
0.0,1,999,1,0.5,0.0,64,92,92,37,48,37,47,-1.2535855278000918e-05,-0.00014705802204934853,1.8288200053803064e-05,2.0073880009489577e-05,-0.0002682289728003355,0.021739130434782608,0.5353899348547965,0.3984133994920162,0.40217391304347827,0.5217391304347826
0.0,1,999,1,0.5,0.25,64,92,92,37,48,37,47,-1.2535855278000918e-05,-0.00014705802204934853,1.8288200053803064e-05,2.0073880009489577e-05,-0.0002682289728003355,0.021739130434782608,0.5353899348547965,0.3984133994920162,0.40217391304347827,0.5217391304347826
0.0,1,999,1,0.5,0.35,64,92,92,37,48,37,47,-1.2535855278000918e-05,-0.00014705802204934853,1.8288200053803064e-05,2.0073880009489577e-05,-0.0002682289728003355,0.021739130434782608,0.5353899348547965,0.3984133994920162,0.40217391304347827,0.5217391304347826
0.0,1,999,1,0.75,0.0,64,92,92,37,48,37,47,-1.2535855278000918e-05,-0.00014705802204934853,1.8288200053803064e-05,2.0073880009489577e-05,-0.0002682289728003355,0.021739130434782608,0.5353899348547965,0.3984133994920162,0.40217391304347827,0.5217391304347826
0.0,1,999,1,0.75,0.25,64,92,92,37,48,37,47,-1.2535855278000918e-05,-0.00014705802204934853,1.8288200053803064e-05,2.0073880009489577e-05,-0.0002682289728003355,0.021739130434782608,0.5353899348547965,0.3984133994920162,0.40217391304347827,0.5217391304347826
0.0,1,999,1,0.75,0.35,64,92,92,37,48,37,47,-1.2535855278000918e-05,-0.00014705802204934853,1.8288200053803064e-05,2.0073880009489577e-05,-0.0002682289728003355,0.021739130434782608,0.5353899348547965,0.3984133994920162,0.40217391304347827,0.5217391304347826
0.0,1,999,1,1.0,0.0,64,92,92,37,48,37,47,-1.2535855278000918e-05,-0.00014705802204934853,1.8288200053803064e-05,2.0073880009489577e-05,-0.0002682289728003355,0.021739130434782608,0.5353899348547965,0.3984133994920162,0.40217391304347827,0.5217391304347826
0.0,1,999,1,1.0,0.25,64,92,92,37,48,37,47,-1.2535855278000918e-05,-0.00014705802204934853,1.8288200053803064e-05,2.0073880009489577e-05,-0.0002682289728003355,0.021739130434782608,0.5353899348547965,0.3984133994920162,0.40217391304347827,0.5217391304347826
0.0,1,999,1,1.0,0.35,64,92,92,37,48,37,47,-1.2535855278000918e-05,-0.00014705802204934853,1.8288200053803064e-05,2.0073880009489577e-05,-0.0002682289728003355,0.021739130434782608,0.5353899348547965,0.3984133994920162,0.40217391304347827,0.5217391304347826
0.0,1,999,999,0.5,0.0,64,92,92,37,48,37,47,-1.2535855278000918e-05,-0.00014705802204934853,1.8288200053803064e-05,2.0073880009489577e-05,-0.0002682289728003355,0.021739130434782608,0.5353899348547965,0.3984133994920162,0.40217391304347827,0.5217391304347826
0.0,1,999,999,0.5,0.25,64,92,92,37,48,37,47,-1.2535855278000918e-05,-0.00014705802204934853,1.8288200053803064e-05,2.0073880009489577e-05,-0.0002682289728003355,0.021739130434782608,0.5353899348547965,0.3984133994920162,0.40217391304347827,0.5217391304347826
0.0,1,999,999,0.5,0.35,64,92,92,37,48,37,47,-1.2535855278000918e-05,-0.00014705802204934853,1.8288200053803064e-05,2.0073880009489577e-05,-0.0002682289728003355,0.021739130434782608,0.5353899348547965,0.3984133994920162,0.40217391304347827,0.5217391304347826
0.0,1,999,999,0.75,0.0,64,92,92,37,48,37,47,-1.2535855278000918e-05,-0.00014705802204934853,1.8288200053803064e-05,2.0073880009489577e-05,-0.0002682289728003355,0.021739130434782608,0.5353899348547965,0.3984133994920162,0.40217391304347827,0.5217391304347826
0.0,1,999,999,0.75,0.25,64,92,92,37,48,37,47,-1.2535855278000918e-05,-0.00014705802204934853,1.8288200053803064e-05,2.0073880009489577e-05,-0.0002682289728003355,0.021739130434782608,0.5353899348547965,0.3984133994920162,0.40217391304347827,0.5217391304347826
0.0,1,999,999,0.75,0.35,64,92,92,37,48,37,47,-1.2535855278000918e-05,-0.00014705802204934853,1.8288200053803064e-05,2.0073880009489577e-05,-0.0002682289728003355,0.021739130434782608,0.5353899348547965,0.3984133994920162,0.40217391304347827,0.5217391304347826
0.0,1,999,999,1.0,0.0,64,92,92,37,48,37,47,-1.2535855278000918e-05,-0.00014705802204934853,1.8288200053803064e-05,2.0073880009489577e-05,-0.0002682289728003355,0.021739130434782608,0.5353899348547965,0.3984133994920162,0.40217391304347827,0.5217391304347826
0.0,1,999,999,1.0,0.25,64,92,92,37,48,37,47,-1.2535855278000918e-05,-0.00014705802204934853,1.8288200053803064e-05,2.0073880009489577e-05,-0.0002682289728003355,0.021739130434782608,0.5353899348547965,0.3984133994920162,0.40217391304347827,0.5217391304347826
0.0,1,999,999,1.0,0.35,64,92,92,37,48,37,47,-1.2535855278000918e-05,-0.00014705802204934853,1.8288200053803064e-05,2.0073880009489577e-05,-0.0002682289728003355,0.021739130434782608,0.5353899348547965,0.3984133994920162,0.40217391304347827,0.5217391304347826
0.0,0,0,0,0.5,0.35,32,91,91,37,48,36,47,-1.0657269252540751e-05,-0.0001426431772380957,1.2179466868787321e-05,1.1245314262831127e-05,-0.0002585017786245273,0.01098901098901099,0.5348170320418499,0.3985641167239141,0.4065934065934066,0.5274725274725275
0.0,0,0,0,0.75,0.35,32,91,91,37,48,36,47,-1.0657269252540751e-05,-0.0001426431772380957,1.2179466868787321e-05,1.1245314262831127e-05,-0.0002585017786245273,0.01098901098901099,0.5348170320418499,0.3985641167239141,0.4065934065934066,0.5274725274725275
0.0,0,0,0,1.0,0.35,32,91,91,37,48,36,47,-1.0657269252540751e-05,-0.0001426431772380957,1.2179466868787321e-05,1.1245314262831127e-05,-0.0002585017786245273,0.01098901098901099,0.5348170320418499,0.3985641167239141,0.4065934065934066,0.5274725274725275
0.0,0,0,1,0.5,0.35,32,91,91,37,48,36,47,-1.0657269252540751e-05,-0.0001426431772380957,1.2179466868787321e-05,1.1245314262831127e-05,-0.0002585017786245273,0.01098901098901099,0.5348170320418499,0.3985641167239141,0.4065934065934066,0.5274725274725275
0.0,0,0,1,0.75,0.35,32,91,91,37,48,36,47,-1.0657269252540751e-05,-0.0001426431772380957,1.2179466868787321e-05,1.1245314262831127e-05,-0.0002585017786245273,0.01098901098901099,0.5348170320418499,0.3985641167239141,0.4065934065934066,0.5274725274725275
0.0,0,0,1,1.0,0.35,32,91,91,37,48,36,47,-1.0657269252540751e-05,-0.0001426431772380957,1.2179466868787321e-05,1.1245314262831127e-05,-0.0002585017786245273,0.01098901098901099,0.5348170320418499,0.3985641167239141,0.4065934065934066,0.5274725274725275
0.0,0,0,999,0.5,0.35,32,91,91,37,48,36,47,-1.0657269252540751e-05,-0.0001426431772380957,1.2179466868787321e-05,1.1245314262831127e-05,-0.0002585017786245273,0.01098901098901099,0.5348170320418499,0.3985641167239141,0.4065934065934066,0.5274725274725275
0.0,0,0,999,0.75,0.35,32,91,91,37,48,36,47,-1.0657269252540751e-05,-0.0001426431772380957,1.2179466868787321e-05,1.1245314262831127e-05,-0.0002585017786245273,0.01098901098901099,0.5348170320418499,0.3985641167239141,0.4065934065934066,0.5274725274725275
0.0,0,0,999,1.0,0.35,32,91,91,37,48,36,47,-1.0657269252540751e-05,-0.0001426431772380957,1.2179466868787321e-05,1.1245314262831127e-05,-0.0002585017786245273,0.01098901098901099,0.5348170320418499,0.3985641167239141,0.4065934065934066,0.5274725274725275
0.0,0,1,0,0.5,0.35,32,91,91,37,48,36,47,-1.0657269252540751e-05,-0.0001426431772380957,1.2179466868787321e-05,1.1245314262831127e-05,-0.0002585017786245273,0.01098901098901099,0.5348170320418499,0.3985641167239141,0.4065934065934066,0.5274725274725275
0.0,0,1,0,0.75,0.35,32,91,91,37,48,36,47,-1.0657269252540751e-05,-0.0001426431772380957,1.2179466868787321e-05,1.1245314262831127e-05,-0.0002585017786245273,0.01098901098901099,0.5348170320418499,0.3985641167239141,0.4065934065934066,0.5274725274725275
0.0,0,1,0,1.0,0.35,32,91,91,37,48,36,47,-1.0657269252540751e-05,-0.0001426431772380957,1.2179466868787321e-05,1.1245314262831127e-05,-0.0002585017786245273,0.01098901098901099,0.5348170320418499,0.3985641167239141,0.4065934065934066,0.5274725274725275
0.0,0,1,1,0.5,0.35,32,91,91,37,48,36,47,-1.0657269252540751e-05,-0.0001426431772380957,1.2179466868787321e-05,1.1245314262831127e-05,-0.0002585017786245273,0.01098901098901099,0.5348170320418499,0.3985641167239141,0.4065934065934066,0.5274725274725275
0.0,0,1,1,0.75,0.35,32,91,91,37,48,36,47,-1.0657269252540751e-05,-0.0001426431772380957,1.2179466868787321e-05,1.1245314262831127e-05,-0.0002585017786245273,0.01098901098901099,0.5348170320418499,0.3985641167239141,0.4065934065934066,0.5274725274725275
0.0,0,1,1,1.0,0.35,32,91,91,37,48,36,47,-1.0657269252540751e-05,-0.0001426431772380957,1.2179466868787321e-05,1.1245314262831127e-05,-0.0002585017786245273,0.01098901098901099,0.5348170320418499,0.3985641167239141,0.4065934065934066,0.5274725274725275
0.0,0,1,999,0.5,0.35,32,91,91,37,48,36,47,-1.0657269252540751e-05,-0.0001426431772380957,1.2179466868787321e-05,1.1245314262831127e-05,-0.0002585017786245273,0.01098901098901099,0.5348170320418499,0.3985641167239141,0.4065934065934066,0.5274725274725275
0.0,0,1,999,0.75,0.35,32,91,91,37,48,36,47,-1.0657269252540751e-05,-0.0001426431772380957,1.2179466868787321e-05,1.1245314262831127e-05,-0.0002585017786245273,0.01098901098901099,0.5348170320418499,0.3985641167239141,0.4065934065934066,0.5274725274725275
0.0,0,1,999,1.0,0.35,32,91,91,37,48,36,47,-1.0657269252540751e-05,-0.0001426431772380957,1.2179466868787321e-05,1.1245314262831127e-05,-0.0002585017786245273,0.01098901098901099,0.5348170320418499,0.3985641167239141,0.4065934065934066,0.5274725274725275
0.0,0,999,0,0.5,0.35,32,91,91,37,48,36,47,-1.0657269252540751e-05,-0.0001426431772380957,1.2179466868787321e-05,1.1245314262831127e-05,-0.0002585017786245273,0.01098901098901099,0.5348170320418499,0.3985641167239141,0.4065934065934066,0.5274725274725275
0.0,0,999,0,0.75,0.35,32,91,91,37,48,36,47,-1.0657269252540751e-05,-0.0001426431772380957,1.2179466868787321e-05,1.1245314262831127e-05,-0.0002585017786245273,0.01098901098901099,0.5348170320418499,0.3985641167239141,0.4065934065934066,0.5274725274725275
0.0,0,999,0,1.0,0.35,32,91,91,37,48,36,47,-1.0657269252540751e-05,-0.0001426431772380957,1.2179466868787321e-05,1.1245314262831127e-05,-0.0002585017786245273,0.01098901098901099,0.5348170320418499,0.3985641167239141,0.4065934065934066,0.5274725274725275
0.0,0,999,1,0.5,0.35,32,91,91,37,48,36,47,-1.0657269252540751e-05,-0.0001426431772380957,1.2179466868787321e-05,1.1245314262831127e-05,-0.0002585017786245273,0.01098901098901099,0.5348170320418499,0.3985641167239141,0.4065934065934066,0.5274725274725275
0.0,0,999,1,0.75,0.35,32,91,91,37,48,36,47,-1.0657269252540751e-05,-0.0001426431772380957,1.2179466868787321e-05,1.1245314262831127e-05,-0.0002585017786245273,0.01098901098901099,0.5348170320418499,0.3985641167239141,0.4065934065934066,0.5274725274725275
0.0,0,999,1,1.0,0.35,32,91,91,37,48,36,47,-1.0657269252540751e-05,-0.0001426431772380957,1.2179466868787321e-05,1.1245314262831127e-05,-0.0002585017786245273,0.01098901098901099,0.5348170320418499,0.3985641167239141,0.4065934065934066,0.5274725274725275
0.0,0,999,999,0.5,0.35,32,91,91,37,48,36,47,-1.0657269252540751e-05,-0.0001426431772380957,1.2179466868787321e-05,1.1245314262831127e-05,-0.0002585017786245273,0.01098901098901099,0.5348170320418499,0.3985641167239141,0.4065934065934066,0.5274725274725275
0.0,0,999,999,0.75,0.35,32,91,91,37,48,36,47,-1.0657269252540751e-05,-0.0001426431772380957,1.2179466868787321e-05,1.1245314262831127e-05,-0.0002585017786245273,0.01098901098901099,0.5348170320418499,0.3985641167239141,0.4065934065934066,0.5274725274725275
0.0,0,999,999,1.0,0.35,32,91,91,37,48,36,47,-1.0657269252540751e-05,-0.0001426431772380957,1.2179466868787321e-05,1.1245314262831127e-05,-0.0002585017786245273,0.01098901098901099,0.5348170320418499,0.3985641167239141,0.4065934065934066,0.5274725274725275
0.0,1,0,0,0.5,0.35,32,91,91,37,48,36,47,-1.0657269252540751e-05,-0.0001426431772380957,1.2179466868787321e-05,1.1245314262831127e-05,-0.0002585017786245273,0.01098901098901099,0.5348170320418499,0.3985641167239141,0.4065934065934066,0.5274725274725275
0.0,1,0,0,0.75,0.35,32,91,91,37,48,36,47,-1.0657269252540751e-05,-0.0001426431772380957,1.2179466868787321e-05,1.1245314262831127e-05,-0.0002585017786245273,0.01098901098901099,0.5348170320418499,0.3985641167239141,0.4065934065934066,0.5274725274725275
0.0,1,0,0,1.0,0.35,32,91,91,37,48,36,47,-1.0657269252540751e-05,-0.0001426431772380957,1.2179466868787321e-05,1.1245314262831127e-05,-0.0002585017786245273,0.01098901098901099,0.5348170320418499,0.3985641167239141,0.4065934065934066,0.5274725274725275
0.0,1,0,1,0.5,0.35,32,91,91,37,48,36,47,-1.0657269252540751e-05,-0.0001426431772380957,1.2179466868787321e-05,1.1245314262831127e-05,-0.0002585017786245273,0.01098901098901099,0.5348170320418499,0.3985641167239141,0.4065934065934066,0.5274725274725275
0.0,1,0,1,0.75,0.35,32,91,91,37,48,36,47,-1.0657269252540751e-05,-0.0001426431772380957,1.2179466868787321e-05,1.1245314262831127e-05,-0.0002585017786245273,0.01098901098901099,0.5348170320418499,0.3985641167239141,0.4065934065934066,0.5274725274725275
0.0,1,0,1,1.0,0.35,32,91,91,37,48,36,47,-1.0657269252540751e-05,-0.0001426431772380957,1.2179466868787321e-05,1.1245314262831127e-05,-0.0002585017786245273,0.01098901098901099,0.5348170320418499,0.3985641167239141,0.4065934065934066,0.5274725274725275
0.0,1,0,999,0.5,0.35,32,91,91,37,48,36,47,-1.0657269252540751e-05,-0.0001426431772380957,1.2179466868787321e-05,1.1245314262831127e-05,-0.0002585017786245273,0.01098901098901099,0.5348170320418499,0.3985641167239141,0.4065934065934066,0.5274725274725275
0.0,1,0,999,0.75,0.35,32,91,91,37,48,36,47,-1.0657269252540751e-05,-0.0001426431772380957,1.2179466868787321e-05,1.1245314262831127e-05,-0.0002585017786245273,0.01098901098901099,0.5348170320418499,0.3985641167239141,0.4065934065934066,0.5274725274725275
0.0,1,0,999,1.0,0.35,32,91,91,37,48,36,47,-1.0657269252540751e-05,-0.0001426431772380957,1.2179466868787321e-05,1.1245314262831127e-05,-0.0002585017786245273,0.01098901098901099,0.5348170320418499,0.3985641167239141,0.4065934065934066,0.5274725274725275
0.0,1,1,0,0.5,0.35,32,91,91,37,48,36,47,-1.0657269252540751e-05,-0.0001426431772380957,1.2179466868787321e-05,1.1245314262831127e-05,-0.0002585017786245273,0.01098901098901099,0.5348170320418499,0.3985641167239141,0.4065934065934066,0.5274725274725275
0.0,1,1,0,0.75,0.35,32,91,91,37,48,36,47,-1.0657269252540751e-05,-0.0001426431772380957,1.2179466868787321e-05,1.1245314262831127e-05,-0.0002585017786245273,0.01098901098901099,0.5348170320418499,0.3985641167239141,0.4065934065934066,0.5274725274725275
0.0,1,1,0,1.0,0.35,32,91,91,37,48,36,47,-1.0657269252540751e-05,-0.0001426431772380957,1.2179466868787321e-05,1.1245314262831127e-05,-0.0002585017786245273,0.01098901098901099,0.5348170320418499,0.3985641167239141,0.4065934065934066,0.5274725274725275
0.0,1,1,1,0.5,0.35,32,91,91,37,48,36,47,-1.0657269252540751e-05,-0.0001426431772380957,1.2179466868787321e-05,1.1245314262831127e-05,-0.0002585017786245273,0.01098901098901099,0.5348170320418499,0.3985641167239141,0.4065934065934066,0.5274725274725275
0.0,1,1,1,0.75,0.35,32,91,91,37,48,36,47,-1.0657269252540751e-05,-0.0001426431772380957,1.2179466868787321e-05,1.1245314262831127e-05,-0.0002585017786245273,0.01098901098901099,0.5348170320418499,0.3985641167239141,0.4065934065934066,0.5274725274725275
0.0,1,1,1,1.0,0.35,32,91,91,37,48,36,47,-1.0657269252540751e-05,-0.0001426431772380957,1.2179466868787321e-05,1.1245314262831127e-05,-0.0002585017786245273,0.01098901098901099,0.5348170320418499,0.3985641167239141,0.4065934065934066,0.5274725274725275
0.0,1,1,999,0.5,0.35,32,91,91,37,48,36,47,-1.0657269252540751e-05,-0.0001426431772380957,1.2179466868787321e-05,1.1245314262831127e-05,-0.0002585017786245273,0.01098901098901099,0.5348170320418499,0.3985641167239141,0.4065934065934066,0.5274725274725275
0.0,1,1,999,0.75,0.35,32,91,91,37,48,36,47,-1.0657269252540751e-05,-0.0001426431772380957,1.2179466868787321e-05,1.1245314262831127e-05,-0.0002585017786245273,0.01098901098901099,0.5348170320418499,0.3985641167239141,0.4065934065934066,0.5274725274725275
0.0,1,1,999,1.0,0.35,32,91,91,37,48,36,47,-1.0657269252540751e-05,-0.0001426431772380957,1.2179466868787321e-05,1.1245314262831127e-05,-0.0002585017786245273,0.01098901098901099,0.5348170320418499,0.3985641167239141,0.4065934065934066,0.5274725274725275
0.0,1,999,0,0.5,0.35,32,91,91,37,48,36,47,-1.0657269252540751e-05,-0.0001426431772380957,1.2179466868787321e-05,1.1245314262831127e-05,-0.0002585017786245273,0.01098901098901099,0.5348170320418499,0.3985641167239141,0.4065934065934066,0.5274725274725275
0.0,1,999,0,0.75,0.35,32,91,91,37,48,36,47,-1.0657269252540751e-05,-0.0001426431772380957,1.2179466868787321e-05,1.1245314262831127e-05,-0.0002585017786245273,0.01098901098901099,0.5348170320418499,0.3985641167239141,0.4065934065934066,0.5274725274725275
0.0,1,999,0,1.0,0.35,32,91,91,37,48,36,47,-1.0657269252540751e-05,-0.0001426431772380957,1.2179466868787321e-05,1.1245314262831127e-05,-0.0002585017786245273,0.01098901098901099,0.5348170320418499,0.3985641167239141,0.4065934065934066,0.5274725274725275
0.0,1,999,1,0.5,0.35,32,91,91,37,48,36,47,-1.0657269252540751e-05,-0.0001426431772380957,1.2179466868787321e-05,1.1245314262831127e-05,-0.0002585017786245273,0.01098901098901099,0.5348170320418499,0.3985641167239141,0.4065934065934066,0.5274725274725275
0.0,1,999,1,0.75,0.35,32,91,91,37,48,36,47,-1.0657269252540751e-05,-0.0001426431772380957,1.2179466868787321e-05,1.1245314262831127e-05,-0.0002585017786245273,0.01098901098901099,0.5348170320418499,0.3985641167239141,0.4065934065934066,0.5274725274725275
0.0,1,999,1,1.0,0.35,32,91,91,37,48,36,47,-1.0657269252540751e-05,-0.0001426431772380957,1.2179466868787321e-05,1.1245314262831127e-05,-0.0002585017786245273,0.01098901098901099,0.5348170320418499,0.3985641167239141,0.4065934065934066,0.5274725274725275
0.0,1,999,999,0.5,0.35,32,91,91,37,48,36,47,-1.0657269252540751e-05,-0.0001426431772380957,1.2179466868787321e-05,1.1245314262831127e-05,-0.0002585017786245273,0.01098901098901099,0.5348170320418499,0.3985641167239141,0.4065934065934066,0.5274725274725275
0.0,1,999,999,0.75,0.35,32,91,91,37,48,36,47,-1.0657269252540751e-05,-0.0001426431772380957,1.2179466868787321e-05,1.1245314262831127e-05,-0.0002585017786245273,0.01098901098901099,0.5348170320418499,0.3985641167239141,0.4065934065934066,0.5274725274725275
0.0,1,999,999,1.0,0.35,32,91,91,37,48,36,47,-1.0657269252540751e-05,-0.0001426431772380957,1.2179466868787321e-05,1.1245314262831127e-05,-0.0002585017786245273,0.01098901098901099,0.5348170320418499,0.3985641167239141,0.4065934065934066,0.5274725274725275
0.5,0,0,0,0.5,0.0,64,91,91,36,48,37,47,-1.3323720474843986e-05,-0.0001481440483559398,1.0312036603931665e-05,8.36930743897187e-06,-0.00026311614467156654,0.02197802197802198,0.5390108972934076,0.39406500116710613,0.3956043956043956,0.5274725274725275
0.5,0,0,0,0.5,0.25,64,91,91,36,48,37,47,-1.3323720474843986e-05,-0.0001481440483559398,1.0312036603931665e-05,8.36930743897187e-06,-0.00026311614467156654,0.02197802197802198,0.5390108972934076,0.39406500116710613,0.3956043956043956,0.5274725274725275
0.5,0,0,0,0.5,0.35,64,91,91,36,48,37,47,-1.3323720474843986e-05,-0.0001481440483559398,1.0312036603931665e-05,8.36930743897187e-06,-0.00026311614467156654,0.02197802197802198,0.5390108972934076,0.39406500116710613,0.3956043956043956,0.5274725274725275
0.5,0,0,0,0.75,0.0,64,91,91,36,48,37,47,-1.3323720474843986e-05,-0.0001481440483559398,1.0312036603931665e-05,8.36930743897187e-06,-0.00026311614467156654,0.02197802197802198,0.5390108972934076,0.39406500116710613,0.3956043956043956,0.5274725274725275
0.5,0,0,0,0.75,0.25,64,91,91,36,48,37,47,-1.3323720474843986e-05,-0.0001481440483559398,1.0312036603931665e-05,8.36930743897187e-06,-0.00026311614467156654,0.02197802197802198,0.5390108972934076,0.39406500116710613,0.3956043956043956,0.5274725274725275
0.5,0,0,0,0.75,0.35,64,91,91,36,48,37,47,-1.3323720474843986e-05,-0.0001481440483559398,1.0312036603931665e-05,8.36930743897187e-06,-0.00026311614467156654,0.02197802197802198,0.5390108972934076,0.39406500116710613,0.3956043956043956,0.5274725274725275
0.5,0,0,0,1.0,0.0,64,91,91,36,48,37,47,-1.3323720474843986e-05,-0.0001481440483559398,1.0312036603931665e-05,8.36930743897187e-06,-0.00026311614467156654,0.02197802197802198,0.5390108972934076,0.39406500116710613,0.3956043956043956,0.5274725274725275
0.5,0,0,0,1.0,0.25,64,91,91,36,48,37,47,-1.3323720474843986e-05,-0.0001481440483559398,1.0312036603931665e-05,8.36930743897187e-06,-0.00026311614467156654,0.02197802197802198,0.5390108972934076,0.39406500116710613,0.3956043956043956,0.5274725274725275
0.5,0,0,0,1.0,0.35,64,91,91,36,48,37,47,-1.3323720474843986e-05,-0.0001481440483559398,1.0312036603931665e-05,8.36930743897187e-06,-0.00026311614467156654,0.02197802197802198,0.5390108972934076,0.39406500116710613,0.3956043956043956,0.5274725274725275
0.5,0,0,1,0.5,0.0,64,91,91,36,48,37,47,-1.3323720474843986e-05,-0.0001481440483559398,1.0312036603931665e-05,8.36930743897187e-06,-0.00026311614467156654,0.02197802197802198,0.5390108972934076,0.39406500116710613,0.3956043956043956,0.5274725274725275
0.5,0,0,1,0.5,0.25,64,91,91,36,48,37,47,-1.3323720474843986e-05,-0.0001481440483559398,1.0312036603931665e-05,8.36930743897187e-06,-0.00026311614467156654,0.02197802197802198,0.5390108972934076,0.39406500116710613,0.3956043956043956,0.5274725274725275
0.5,0,0,1,0.5,0.35,64,91,91,36,48,37,47,-1.3323720474843986e-05,-0.0001481440483559398,1.0312036603931665e-05,8.36930743897187e-06,-0.00026311614467156654,0.02197802197802198,0.5390108972934076,0.39406500116710613,0.3956043956043956,0.5274725274725275
0.5,0,0,1,0.75,0.0,64,91,91,36,48,37,47,-1.3323720474843986e-05,-0.0001481440483559398,1.0312036603931665e-05,8.36930743897187e-06,-0.00026311614467156654,0.02197802197802198,0.5390108972934076,0.39406500116710613,0.3956043956043956,0.5274725274725275
0.5,0,0,1,0.75,0.25,64,91,91,36,48,37,47,-1.3323720474843986e-05,-0.0001481440483559398,1.0312036603931665e-05,8.36930743897187e-06,-0.00026311614467156654,0.02197802197802198,0.5390108972934076,0.39406500116710613,0.3956043956043956,0.5274725274725275
0.5,0,0,1,0.75,0.35,64,91,91,36,48,37,47,-1.3323720474843986e-05,-0.0001481440483559398,1.0312036603931665e-05,8.36930743897187e-06,-0.00026311614467156654,0.02197802197802198,0.5390108972934076,0.39406500116710613,0.3956043956043956,0.5274725274725275
0.5,0,0,1,1.0,0.0,64,91,91,36,48,37,47,-1.3323720474843986e-05,-0.0001481440483559398,1.0312036603931665e-05,8.36930743897187e-06,-0.00026311614467156654,0.02197802197802198,0.5390108972934076,0.39406500116710613,0.3956043956043956,0.5274725274725275
0.5,0,0,1,1.0,0.25,64,91,91,36,48,37,47,-1.3323720474843986e-05,-0.0001481440483559398,1.0312036603931665e-05,8.36930743897187e-06,-0.00026311614467156654,0.02197802197802198,0.5390108972934076,0.39406500116710613,0.3956043956043956,0.5274725274725275
0.5,0,0,1,1.0,0.35,64,91,91,36,48,37,47,-1.3323720474843986e-05,-0.0001481440483559398,1.0312036603931665e-05,8.36930743897187e-06,-0.00026311614467156654,0.02197802197802198,0.5390108972934076,0.39406500116710613,0.3956043956043956,0.5274725274725275
0.5,0,0,999,0.5,0.0,64,91,91,36,48,37,47,-1.3323720474843986e-05,-0.0001481440483559398,1.0312036603931665e-05,8.36930743897187e-06,-0.00026311614467156654,0.02197802197802198,0.5390108972934076,0.39406500116710613,0.3956043956043956,0.5274725274725275
0.5,0,0,999,0.5,0.25,64,91,91,36,48,37,47,-1.3323720474843986e-05,-0.0001481440483559398,1.0312036603931665e-05,8.36930743897187e-06,-0.00026311614467156654,0.02197802197802198,0.5390108972934076,0.39406500116710613,0.3956043956043956,0.5274725274725275
0.5,0,0,999,0.5,0.35,64,91,91,36,48,37,47,-1.3323720474843986e-05,-0.0001481440483559398,1.0312036603931665e-05,8.36930743897187e-06,-0.00026311614467156654,0.02197802197802198,0.5390108972934076,0.39406500116710613,0.3956043956043956,0.5274725274725275
0.5,0,0,999,0.75,0.0,64,91,91,36,48,37,47,-1.3323720474843986e-05,-0.0001481440483559398,1.0312036603931665e-05,8.36930743897187e-06,-0.00026311614467156654,0.02197802197802198,0.5390108972934076,0.39406500116710613,0.3956043956043956,0.5274725274725275
0.5,0,0,999,0.75,0.25,64,91,91,36,48,37,47,-1.3323720474843986e-05,-0.0001481440483559398,1.0312036603931665e-05,8.36930743897187e-06,-0.00026311614467156654,0.02197802197802198,0.5390108972934076,0.39406500116710613,0.3956043956043956,0.5274725274725275
0.5,0,0,999,0.75,0.35,64,91,91,36,48,37,47,-1.3323720474843986e-05,-0.0001481440483559398,1.0312036603931665e-05,8.36930743897187e-06,-0.00026311614467156654,0.02197802197802198,0.5390108972934076,0.39406500116710613,0.3956043956043956,0.5274725274725275
0.5,0,0,999,1.0,0.0,64,91,91,36,48,37,47,-1.3323720474843986e-05,-0.0001481440483559398,1.0312036603931665e-05,8.36930743897187e-06,-0.00026311614467156654,0.02197802197802198,0.5390108972934076,0.39406500116710613,0.3956043956043956,0.5274725274725275
0.5,0,0,999,1.0,0.25,64,91,91,36,48,37,47,-1.3323720474843986e-05,-0.0001481440483559398,1.0312036603931665e-05,8.36930743897187e-06,-0.00026311614467156654,0.02197802197802198,0.5390108972934076,0.39406500116710613,0.3956043956043956,0.5274725274725275
0.5,0,0,999,1.0,0.35,64,91,91,36,48,37,47,-1.3323720474843986e-05,-0.0001481440483559398,1.0312036603931665e-05,8.36930743897187e-06,-0.00026311614467156654,0.02197802197802198,0.5390108972934076,0.39406500116710613,0.3956043956043956,0.5274725274725275
0.5,0,1,0,0.5,0.0,64,91,91,36,48,37,47,-1.3323720474843986e-05,-0.0001481440483559398,1.0312036603931665e-05,8.36930743897187e-06,-0.00026311614467156654,0.02197802197802198,0.5390108972934076,0.39406500116710613,0.3956043956043956,0.5274725274725275
0.5,0,1,0,0.5,0.25,64,91,91,36,48,37,47,-1.3323720474843986e-05,-0.0001481440483559398,1.0312036603931665e-05,8.36930743897187e-06,-0.00026311614467156654,0.02197802197802198,0.5390108972934076,0.39406500116710613,0.3956043956043956,0.5274725274725275
0.5,0,1,0,0.5,0.35,64,91,91,36,48,37,47,-1.3323720474843986e-05,-0.0001481440483559398,1.0312036603931665e-05,8.36930743897187e-06,-0.00026311614467156654,0.02197802197802198,0.5390108972934076,0.39406500116710613,0.3956043956043956,0.5274725274725275
0.5,0,1,0,0.75,0.0,64,91,91,36,48,37,47,-1.3323720474843986e-05,-0.0001481440483559398,1.0312036603931665e-05,8.36930743897187e-06,-0.00026311614467156654,0.02197802197802198,0.5390108972934076,0.39406500116710613,0.3956043956043956,0.5274725274725275
0.5,0,1,0,0.75,0.25,64,91,91,36,48,37,47,-1.3323720474843986e-05,-0.0001481440483559398,1.0312036603931665e-05,8.36930743897187e-06,-0.00026311614467156654,0.02197802197802198,0.5390108972934076,0.39406500116710613,0.3956043956043956,0.5274725274725275
0.5,0,1,0,0.75,0.35,64,91,91,36,48,37,47,-1.3323720474843986e-05,-0.0001481440483559398,1.0312036603931665e-05,8.36930743897187e-06,-0.00026311614467156654,0.02197802197802198,0.5390108972934076,0.39406500116710613,0.3956043956043956,0.5274725274725275
0.5,0,1,0,1.0,0.0,64,91,91,36,48,37,47,-1.3323720474843986e-05,-0.0001481440483559398,1.0312036603931665e-05,8.36930743897187e-06,-0.00026311614467156654,0.02197802197802198,0.5390108972934076,0.39406500116710613,0.3956043956043956,0.5274725274725275
0.5,0,1,0,1.0,0.25,64,91,91,36,48,37,47,-1.3323720474843986e-05,-0.0001481440483559398,1.0312036603931665e-05,8.36930743897187e-06,-0.00026311614467156654,0.02197802197802198,0.5390108972934076,0.39406500116710613,0.3956043956043956,0.5274725274725275
0.5,0,1,0,1.0,0.35,64,91,91,36,48,37,47,-1.3323720474843986e-05,-0.0001481440483559398,1.0312036603931665e-05,8.36930743897187e-06,-0.00026311614467156654,0.02197802197802198,0.5390108972934076,0.39406500116710613,0.3956043956043956,0.5274725274725275
0.5,0,1,1,0.5,0.0,64,91,91,36,48,37,47,-1.3323720474843986e-05,-0.0001481440483559398,1.0312036603931665e-05,8.36930743897187e-06,-0.00026311614467156654,0.02197802197802198,0.5390108972934076,0.39406500116710613,0.3956043956043956,0.5274725274725275
0.5,0,1,1,0.5,0.25,64,91,91,36,48,37,47,-1.3323720474843986e-05,-0.0001481440483559398,1.0312036603931665e-05,8.36930743897187e-06,-0.00026311614467156654,0.02197802197802198,0.5390108972934076,0.39406500116710613,0.3956043956043956,0.5274725274725275
0.5,0,1,1,0.5,0.35,64,91,91,36,48,37,47,-1.3323720474843986e-05,-0.0001481440483559398,1.0312036603931665e-05,8.36930743897187e-06,-0.00026311614467156654,0.02197802197802198,0.5390108972934076,0.39406500116710613,0.3956043956043956,0.5274725274725275
0.5,0,1,1,0.75,0.0,64,91,91,36,48,37,47,-1.3323720474843986e-05,-0.0001481440483559398,1.0312036603931665e-05,8.36930743897187e-06,-0.00026311614467156654,0.02197802197802198,0.5390108972934076,0.39406500116710613,0.3956043956043956,0.5274725274725275
0.5,0,1,1,0.75,0.25,64,91,91,36,48,37,47,-1.3323720474843986e-05,-0.0001481440483559398,1.0312036603931665e-05,8.36930743897187e-06,-0.00026311614467156654,0.02197802197802198,0.5390108972934076,0.39406500116710613,0.3956043956043956,0.5274725274725275
0.5,0,1,1,0.75,0.35,64,91,91,36,48,37,47,-1.3323720474843986e-05,-0.0001481440483559398,1.0312036603931665e-05,8.36930743897187e-06,-0.00026311614467156654,0.02197802197802198,0.5390108972934076,0.39406500116710613,0.3956043956043956,0.5274725274725275
0.5,0,1,1,1.0,0.0,64,91,91,36,48,37,47,-1.3323720474843986e-05,-0.0001481440483559398,1.0312036603931665e-05,8.36930743897187e-06,-0.00026311614467156654,0.02197802197802198,0.5390108972934076,0.39406500116710613,0.3956043956043956,0.5274725274725275
0.5,0,1,1,1.0,0.25,64,91,91,36,48,37,47,-1.3323720474843986e-05,-0.0001481440483559398,1.0312036603931665e-05,8.36930743897187e-06,-0.00026311614467156654,0.02197802197802198,0.5390108972934076,0.39406500116710613,0.3956043956043956,0.5274725274725275
0.5,0,1,1,1.0,0.35,64,91,91,36,48,37,47,-1.3323720474843986e-05,-0.0001481440483559398,1.0312036603931665e-05,8.36930743897187e-06,-0.00026311614467156654,0.02197802197802198,0.5390108972934076,0.39406500116710613,0.3956043956043956,0.5274725274725275
0.5,0,1,999,0.5,0.0,64,91,91,36,48,37,47,-1.3323720474843986e-05,-0.0001481440483559398,1.0312036603931665e-05,8.36930743897187e-06,-0.00026311614467156654,0.02197802197802198,0.5390108972934076,0.39406500116710613,0.3956043956043956,0.5274725274725275
0.5,0,1,999,0.5,0.25,64,91,91,36,48,37,47,-1.3323720474843986e-05,-0.0001481440483559398,1.0312036603931665e-05,8.36930743897187e-06,-0.00026311614467156654,0.02197802197802198,0.5390108972934076,0.39406500116710613,0.3956043956043956,0.5274725274725275
0.5,0,1,999,0.5,0.35,64,91,91,36,48,37,47,-1.3323720474843986e-05,-0.0001481440483559398,1.0312036603931665e-05,8.36930743897187e-06,-0.00026311614467156654,0.02197802197802198,0.5390108972934076,0.39406500116710613,0.3956043956043956,0.5274725274725275
0.5,0,1,999,0.75,0.0,64,91,91,36,48,37,47,-1.3323720474843986e-05,-0.0001481440483559398,1.0312036603931665e-05,8.36930743897187e-06,-0.00026311614467156654,0.02197802197802198,0.5390108972934076,0.39406500116710613,0.3956043956043956,0.5274725274725275
0.5,0,1,999,0.75,0.25,64,91,91,36,48,37,47,-1.3323720474843986e-05,-0.0001481440483559398,1.0312036603931665e-05,8.36930743897187e-06,-0.00026311614467156654,0.02197802197802198,0.5390108972934076,0.39406500116710613,0.3956043956043956,0.5274725274725275
0.5,0,1,999,0.75,0.35,64,91,91,36,48,37,47,-1.3323720474843986e-05,-0.0001481440483559398,1.0312036603931665e-05,8.36930743897187e-06,-0.00026311614467156654,0.02197802197802198,0.5390108972934076,0.39406500116710613,0.3956043956043956,0.5274725274725275
0.5,0,1,999,1.0,0.0,64,91,91,36,48,37,47,-1.3323720474843986e-05,-0.0001481440483559398,1.0312036603931665e-05,8.36930743897187e-06,-0.00026311614467156654,0.02197802197802198,0.5390108972934076,0.39406500116710613,0.3956043956043956,0.5274725274725275
0.5,0,1,999,1.0,0.25,64,91,91,36,48,37,47,-1.3323720474843986e-05,-0.0001481440483559398,1.0312036603931665e-05,8.36930743897187e-06,-0.00026311614467156654,0.02197802197802198,0.5390108972934076,0.39406500116710613,0.3956043956043956,0.5274725274725275
0.5,0,1,999,1.0,0.35,64,91,91,36,48,37,47,-1.3323720474843986e-05,-0.0001481440483559398,1.0312036603931665e-05,8.36930743897187e-06,-0.00026311614467156654,0.02197802197802198,0.5390108972934076,0.39406500116710613,0.3956043956043956,0.5274725274725275
0.5,0,999,0,0.5,0.0,64,91,91,36,48,37,47,-1.3323720474843986e-05,-0.0001481440483559398,1.0312036603931665e-05,8.36930743897187e-06,-0.00026311614467156654,0.02197802197802198,0.5390108972934076,0.39406500116710613,0.3956043956043956,0.5274725274725275
0.5,0,999,0,0.5,0.25,64,91,91,36,48,37,47,-1.3323720474843986e-05,-0.0001481440483559398,1.0312036603931665e-05,8.36930743897187e-06,-0.00026311614467156654,0.02197802197802198,0.5390108972934076,0.39406500116710613,0.3956043956043956,0.5274725274725275
0.5,0,999,0,0.5,0.35,64,91,91,36,48,37,47,-1.3323720474843986e-05,-0.0001481440483559398,1.0312036603931665e-05,8.36930743897187e-06,-0.00026311614467156654,0.02197802197802198,0.5390108972934076,0.39406500116710613,0.3956043956043956,0.5274725274725275
0.5,0,999,0,0.75,0.0,64,91,91,36,48,37,47,-1.3323720474843986e-05,-0.0001481440483559398,1.0312036603931665e-05,8.36930743897187e-06,-0.00026311614467156654,0.02197802197802198,0.5390108972934076,0.39406500116710613,0.3956043956043956,0.5274725274725275
0.5,0,999,0,0.75,0.25,64,91,91,36,48,37,47,-1.3323720474843986e-05,-0.0001481440483559398,1.0312036603931665e-05,8.36930743897187e-06,-0.00026311614467156654,0.02197802197802198,0.5390108972934076,0.39406500116710613,0.3956043956043956,0.5274725274725275
0.5,0,999,0,0.75,0.35,64,91,91,36,48,37,47,-1.3323720474843986e-05,-0.0001481440483559398,1.0312036603931665e-05,8.36930743897187e-06,-0.00026311614467156654,0.02197802197802198,0.5390108972934076,0.39406500116710613,0.3956043956043956,0.5274725274725275
0.5,0,999,0,1.0,0.0,64,91,91,36,48,37,47,-1.3323720474843986e-05,-0.0001481440483559398,1.0312036603931665e-05,8.36930743897187e-06,-0.00026311614467156654,0.02197802197802198,0.5390108972934076,0.39406500116710613,0.3956043956043956,0.5274725274725275
0.5,0,999,0,1.0,0.25,64,91,91,36,48,37,47,-1.3323720474843986e-05,-0.0001481440483559398,1.0312036603931665e-05,8.36930743897187e-06,-0.00026311614467156654,0.02197802197802198,0.5390108972934076,0.39406500116710613,0.3956043956043956,0.5274725274725275
0.5,0,999,0,1.0,0.35,64,91,91,36,48,37,47,-1.3323720474843986e-05,-0.0001481440483559398,1.0312036603931665e-05,8.36930743897187e-06,-0.00026311614467156654,0.02197802197802198,0.5390108972934076,0.39406500116710613,0.3956043956043956,0.5274725274725275
0.5,0,999,1,0.5,0.0,64,91,91,36,48,37,47,-1.3323720474843986e-05,-0.0001481440483559398,1.0312036603931665e-05,8.36930743897187e-06,-0.00026311614467156654,0.02197802197802198,0.5390108972934076,0.39406500116710613,0.3956043956043956,0.5274725274725275
0.5,0,999,1,0.5,0.25,64,91,91,36,48,37,47,-1.3323720474843986e-05,-0.0001481440483559398,1.0312036603931665e-05,8.36930743897187e-06,-0.00026311614467156654,0.02197802197802198,0.5390108972934076,0.39406500116710613,0.3956043956043956,0.5274725274725275
0.5,0,999,1,0.5,0.35,64,91,91,36,48,37,47,-1.3323720474843986e-05,-0.0001481440483559398,1.0312036603931665e-05,8.36930743897187e-06,-0.00026311614467156654,0.02197802197802198,0.5390108972934076,0.39406500116710613,0.3956043956043956,0.5274725274725275
0.5,0,999,1,0.75,0.0,64,91,91,36,48,37,47,-1.3323720474843986e-05,-0.0001481440483559398,1.0312036603931665e-05,8.36930743897187e-06,-0.00026311614467156654,0.02197802197802198,0.5390108972934076,0.39406500116710613,0.3956043956043956,0.5274725274725275
0.5,0,999,1,0.75,0.25,64,91,91,36,48,37,47,-1.3323720474843986e-05,-0.0001481440483559398,1.0312036603931665e-05,8.36930743897187e-06,-0.00026311614467156654,0.02197802197802198,0.5390108972934076,0.39406500116710613,0.3956043956043956,0.5274725274725275
0.5,0,999,1,0.75,0.35,64,91,91,36,48,37,47,-1.3323720474843986e-05,-0.0001481440483559398,1.0312036603931665e-05,8.36930743897187e-06,-0.00026311614467156654,0.02197802197802198,0.5390108972934076,0.39406500116710613,0.3956043956043956,0.5274725274725275
0.5,0,999,1,1.0,0.0,64,91,91,36,48,37,47,-1.3323720474843986e-05,-0.0001481440483559398,1.0312036603931665e-05,8.36930743897187e-06,-0.00026311614467156654,0.02197802197802198,0.5390108972934076,0.39406500116710613,0.3956043956043956,0.5274725274725275
0.5,0,999,1,1.0,0.25,64,91,91,36,48,37,47,-1.3323720474843986e-05,-0.0001481440483559398,1.0312036603931665e-05,8.36930743897187e-06,-0.00026311614467156654,0.02197802197802198,0.5390108972934076,0.39406500116710613,0.3956043956043956,0.5274725274725275
0.5,0,999,1,1.0,0.35,64,91,91,36,48,37,47,-1.3323720474843986e-05,-0.0001481440483559398,1.0312036603931665e-05,8.36930743897187e-06,-0.00026311614467156654,0.02197802197802198,0.5390108972934076,0.39406500116710613,0.3956043956043956,0.5274725274725275
0.5,0,999,999,0.5,0.0,64,91,91,36,48,37,47,-1.3323720474843986e-05,-0.0001481440483559398,1.0312036603931665e-05,8.36930743897187e-06,-0.00026311614467156654,0.02197802197802198,0.5390108972934076,0.39406500116710613,0.3956043956043956,0.5274725274725275
0.5,0,999,999,0.5,0.25,64,91,91,36,48,37,47,-1.3323720474843986e-05,-0.0001481440483559398,1.0312036603931665e-05,8.36930743897187e-06,-0.00026311614467156654,0.02197802197802198,0.5390108972934076,0.39406500116710613,0.3956043956043956,0.5274725274725275
0.5,0,999,999,0.5,0.35,64,91,91,36,48,37,47,-1.3323720474843986e-05,-0.0001481440483559398,1.0312036603931665e-05,8.36930743897187e-06,-0.00026311614467156654,0.02197802197802198,0.5390108972934076,0.39406500116710613,0.3956043956043956,0.5274725274725275
0.5,0,999,999,0.75,0.0,64,91,91,36,48,37,47,-1.3323720474843986e-05,-0.0001481440483559398,1.0312036603931665e-05,8.36930743897187e-06,-0.00026311614467156654,0.02197802197802198,0.5390108972934076,0.39406500116710613,0.3956043956043956,0.5274725274725275
0.5,0,999,999,0.75,0.25,64,91,91,36,48,37,47,-1.3323720474843986e-05,-0.0001481440483559398,1.0312036603931665e-05,8.36930743897187e-06,-0.00026311614467156654,0.02197802197802198,0.5390108972934076,0.39406500116710613,0.3956043956043956,0.5274725274725275
0.5,0,999,999,0.75,0.35,64,91,91,36,48,37,47,-1.3323720474843986e-05,-0.0001481440483559398,1.0312036603931665e-05,8.36930743897187e-06,-0.00026311614467156654,0.02197802197802198,0.5390108972934076,0.39406500116710613,0.3956043956043956,0.5274725274725275
0.5,0,999,999,1.0,0.0,64,91,91,36,48,37,47,-1.3323720474843986e-05,-0.0001481440483559398,1.0312036603931665e-05,8.36930743897187e-06,-0.00026311614467156654,0.02197802197802198,0.5390108972934076,0.39406500116710613,0.3956043956043956,0.5274725274725275
0.5,0,999,999,1.0,0.25,64,91,91,36,48,37,47,-1.3323720474843986e-05,-0.0001481440483559398,1.0312036603931665e-05,8.36930743897187e-06,-0.00026311614467156654,0.02197802197802198,0.5390108972934076,0.39406500116710613,0.3956043956043956,0.5274725274725275
0.5,0,999,999,1.0,0.35,64,91,91,36,48,37,47,-1.3323720474843986e-05,-0.0001481440483559398,1.0312036603931665e-05,8.36930743897187e-06,-0.00026311614467156654,0.02197802197802198,0.5390108972934076,0.39406500116710613,0.3956043956043956,0.5274725274725275
0.5,1,0,0,0.5,0.0,64,91,91,36,48,37,47,-1.3323720474843986e-05,-0.0001481440483559398,1.0312036603931665e-05,8.36930743897187e-06,-0.00026311614467156654,0.02197802197802198,0.5390108972934076,0.39406500116710613,0.3956043956043956,0.5274725274725275
0.5,1,0,0,0.5,0.25,64,91,91,36,48,37,47,-1.3323720474843986e-05,-0.0001481440483559398,1.0312036603931665e-05,8.36930743897187e-06,-0.00026311614467156654,0.02197802197802198,0.5390108972934076,0.39406500116710613,0.3956043956043956,0.5274725274725275
0.5,1,0,0,0.5,0.35,64,91,91,36,48,37,47,-1.3323720474843986e-05,-0.0001481440483559398,1.0312036603931665e-05,8.36930743897187e-06,-0.00026311614467156654,0.02197802197802198,0.5390108972934076,0.39406500116710613,0.3956043956043956,0.5274725274725275
0.5,1,0,0,0.75,0.0,64,91,91,36,48,37,47,-1.3323720474843986e-05,-0.0001481440483559398,1.0312036603931665e-05,8.36930743897187e-06,-0.00026311614467156654,0.02197802197802198,0.5390108972934076,0.39406500116710613,0.3956043956043956,0.5274725274725275
0.5,1,0,0,0.75,0.25,64,91,91,36,48,37,47,-1.3323720474843986e-05,-0.0001481440483559398,1.0312036603931665e-05,8.36930743897187e-06,-0.00026311614467156654,0.02197802197802198,0.5390108972934076,0.39406500116710613,0.3956043956043956,0.5274725274725275
0.5,1,0,0,0.75,0.35,64,91,91,36,48,37,47,-1.3323720474843986e-05,-0.0001481440483559398,1.0312036603931665e-05,8.36930743897187e-06,-0.00026311614467156654,0.02197802197802198,0.5390108972934076,0.39406500116710613,0.3956043956043956,0.5274725274725275
0.5,1,0,0,1.0,0.0,64,91,91,36,48,37,47,-1.3323720474843986e-05,-0.0001481440483559398,1.0312036603931665e-05,8.36930743897187e-06,-0.00026311614467156654,0.02197802197802198,0.5390108972934076,0.39406500116710613,0.3956043956043956,0.5274725274725275
0.5,1,0,0,1.0,0.25,64,91,91,36,48,37,47,-1.3323720474843986e-05,-0.0001481440483559398,1.0312036603931665e-05,8.36930743897187e-06,-0.00026311614467156654,0.02197802197802198,0.5390108972934076,0.39406500116710613,0.3956043956043956,0.5274725274725275
0.5,1,0,0,1.0,0.35,64,91,91,36,48,37,47,-1.3323720474843986e-05,-0.0001481440483559398,1.0312036603931665e-05,8.36930743897187e-06,-0.00026311614467156654,0.02197802197802198,0.5390108972934076,0.39406500116710613,0.3956043956043956,0.5274725274725275
0.5,1,0,1,0.5,0.0,64,91,91,36,48,37,47,-1.3323720474843986e-05,-0.0001481440483559398,1.0312036603931665e-05,8.36930743897187e-06,-0.00026311614467156654,0.02197802197802198,0.5390108972934076,0.39406500116710613,0.3956043956043956,0.5274725274725275
0.5,1,0,1,0.5,0.25,64,91,91,36,48,37,47,-1.3323720474843986e-05,-0.0001481440483559398,1.0312036603931665e-05,8.36930743897187e-06,-0.00026311614467156654,0.02197802197802198,0.5390108972934076,0.39406500116710613,0.3956043956043956,0.5274725274725275
0.5,1,0,1,0.5,0.35,64,91,91,36,48,37,47,-1.3323720474843986e-05,-0.0001481440483559398,1.0312036603931665e-05,8.36930743897187e-06,-0.00026311614467156654,0.02197802197802198,0.5390108972934076,0.39406500116710613,0.3956043956043956,0.5274725274725275
0.5,1,0,1,0.75,0.0,64,91,91,36,48,37,47,-1.3323720474843986e-05,-0.0001481440483559398,1.0312036603931665e-05,8.36930743897187e-06,-0.00026311614467156654,0.02197802197802198,0.5390108972934076,0.39406500116710613,0.3956043956043956,0.5274725274725275
0.5,1,0,1,0.75,0.25,64,91,91,36,48,37,47,-1.3323720474843986e-05,-0.0001481440483559398,1.0312036603931665e-05,8.36930743897187e-06,-0.00026311614467156654,0.02197802197802198,0.5390108972934076,0.39406500116710613,0.3956043956043956,0.5274725274725275
0.5,1,0,1,0.75,0.35,64,91,91,36,48,37,47,-1.3323720474843986e-05,-0.0001481440483559398,1.0312036603931665e-05,8.36930743897187e-06,-0.00026311614467156654,0.02197802197802198,0.5390108972934076,0.39406500116710613,0.3956043956043956,0.5274725274725275
0.5,1,0,1,1.0,0.0,64,91,91,36,48,37,47,-1.3323720474843986e-05,-0.0001481440483559398,1.0312036603931665e-05,8.36930743897187e-06,-0.00026311614467156654,0.02197802197802198,0.5390108972934076,0.39406500116710613,0.3956043956043956,0.5274725274725275
0.5,1,0,1,1.0,0.25,64,91,91,36,48,37,47,-1.3323720474843986e-05,-0.0001481440483559398,1.0312036603931665e-05,8.36930743897187e-06,-0.00026311614467156654,0.02197802197802198,0.5390108972934076,0.39406500116710613,0.3956043956043956,0.5274725274725275
0.5,1,0,1,1.0,0.35,64,91,91,36,48,37,47,-1.3323720474843986e-05,-0.0001481440483559398,1.0312036603931665e-05,8.36930743897187e-06,-0.00026311614467156654,0.02197802197802198,0.5390108972934076,0.39406500116710613,0.3956043956043956,0.5274725274725275
0.5,1,0,999,0.5,0.0,64,91,91,36,48,37,47,-1.3323720474843986e-05,-0.0001481440483559398,1.0312036603931665e-05,8.36930743897187e-06,-0.00026311614467156654,0.02197802197802198,0.5390108972934076,0.39406500116710613,0.3956043956043956,0.5274725274725275
0.5,1,0,999,0.5,0.25,64,91,91,36,48,37,47,-1.3323720474843986e-05,-0.0001481440483559398,1.0312036603931665e-05,8.36930743897187e-06,-0.00026311614467156654,0.02197802197802198,0.5390108972934076,0.39406500116710613,0.3956043956043956,0.5274725274725275
0.5,1,0,999,0.5,0.35,64,91,91,36,48,37,47,-1.3323720474843986e-05,-0.0001481440483559398,1.0312036603931665e-05,8.36930743897187e-06,-0.00026311614467156654,0.02197802197802198,0.5390108972934076,0.39406500116710613,0.3956043956043956,0.5274725274725275
0.5,1,0,999,0.75,0.0,64,91,91,36,48,37,47,-1.3323720474843986e-05,-0.0001481440483559398,1.0312036603931665e-05,8.36930743897187e-06,-0.00026311614467156654,0.02197802197802198,0.5390108972934076,0.39406500116710613,0.3956043956043956,0.5274725274725275
0.5,1,0,999,0.75,0.25,64,91,91,36,48,37,47,-1.3323720474843986e-05,-0.0001481440483559398,1.0312036603931665e-05,8.36930743897187e-06,-0.00026311614467156654,0.02197802197802198,0.5390108972934076,0.39406500116710613,0.3956043956043956,0.5274725274725275
0.5,1,0,999,0.75,0.35,64,91,91,36,48,37,47,-1.3323720474843986e-05,-0.0001481440483559398,1.0312036603931665e-05,8.36930743897187e-06,-0.00026311614467156654,0.02197802197802198,0.5390108972934076,0.39406500116710613,0.3956043956043956,0.5274725274725275
0.5,1,0,999,1.0,0.0,64,91,91,36,48,37,47,-1.3323720474843986e-05,-0.0001481440483559398,1.0312036603931665e-05,8.36930743897187e-06,-0.00026311614467156654,0.02197802197802198,0.5390108972934076,0.39406500116710613,0.3956043956043956,0.5274725274725275
0.5,1,0,999,1.0,0.25,64,91,91,36,48,37,47,-1.3323720474843986e-05,-0.0001481440483559398,1.0312036603931665e-05,8.36930743897187e-06,-0.00026311614467156654,0.02197802197802198,0.5390108972934076,0.39406500116710613,0.3956043956043956,0.5274725274725275
0.5,1,0,999,1.0,0.35,64,91,91,36,48,37,47,-1.3323720474843986e-05,-0.0001481440483559398,1.0312036603931665e-05,8.36930743897187e-06,-0.00026311614467156654,0.02197802197802198,0.5390108972934076,0.39406500116710613,0.3956043956043956,0.5274725274725275
0.5,1,1,0,0.5,0.0,64,91,91,36,48,37,47,-1.3323720474843986e-05,-0.0001481440483559398,1.0312036603931665e-05,8.36930743897187e-06,-0.00026311614467156654,0.02197802197802198,0.5390108972934076,0.39406500116710613,0.3956043956043956,0.5274725274725275
0.5,1,1,0,0.5,0.25,64,91,91,36,48,37,47,-1.3323720474843986e-05,-0.0001481440483559398,1.0312036603931665e-05,8.36930743897187e-06,-0.00026311614467156654,0.02197802197802198,0.5390108972934076,0.39406500116710613,0.3956043956043956,0.5274725274725275
0.5,1,1,0,0.5,0.35,64,91,91,36,48,37,47,-1.3323720474843986e-05,-0.0001481440483559398,1.0312036603931665e-05,8.36930743897187e-06,-0.00026311614467156654,0.02197802197802198,0.5390108972934076,0.39406500116710613,0.3956043956043956,0.5274725274725275
0.5,1,1,0,0.75,0.0,64,91,91,36,48,37,47,-1.3323720474843986e-05,-0.0001481440483559398,1.0312036603931665e-05,8.36930743897187e-06,-0.00026311614467156654,0.02197802197802198,0.5390108972934076,0.39406500116710613,0.3956043956043956,0.5274725274725275
0.5,1,1,0,0.75,0.25,64,91,91,36,48,37,47,-1.3323720474843986e-05,-0.0001481440483559398,1.0312036603931665e-05,8.36930743897187e-06,-0.00026311614467156654,0.02197802197802198,0.5390108972934076,0.39406500116710613,0.3956043956043956,0.5274725274725275
0.5,1,1,0,0.75,0.35,64,91,91,36,48,37,47,-1.3323720474843986e-05,-0.0001481440483559398,1.0312036603931665e-05,8.36930743897187e-06,-0.00026311614467156654,0.02197802197802198,0.5390108972934076,0.39406500116710613,0.3956043956043956,0.5274725274725275
0.5,1,1,0,1.0,0.0,64,91,91,36,48,37,47,-1.3323720474843986e-05,-0.0001481440483559398,1.0312036603931665e-05,8.36930743897187e-06,-0.00026311614467156654,0.02197802197802198,0.5390108972934076,0.39406500116710613,0.3956043956043956,0.5274725274725275
0.5,1,1,0,1.0,0.25,64,91,91,36,48,37,47,-1.3323720474843986e-05,-0.0001481440483559398,1.0312036603931665e-05,8.36930743897187e-06,-0.00026311614467156654,0.02197802197802198,0.5390108972934076,0.39406500116710613,0.3956043956043956,0.5274725274725275
0.5,1,1,0,1.0,0.35,64,91,91,36,48,37,47,-1.3323720474843986e-05,-0.0001481440483559398,1.0312036603931665e-05,8.36930743897187e-06,-0.00026311614467156654,0.02197802197802198,0.5390108972934076,0.39406500116710613,0.3956043956043956,0.5274725274725275
0.5,1,1,1,0.5,0.0,64,91,91,36,48,37,47,-1.3323720474843986e-05,-0.0001481440483559398,1.0312036603931665e-05,8.36930743897187e-06,-0.00026311614467156654,0.02197802197802198,0.5390108972934076,0.39406500116710613,0.3956043956043956,0.5274725274725275
0.5,1,1,1,0.5,0.25,64,91,91,36,48,37,47,-1.3323720474843986e-05,-0.0001481440483559398,1.0312036603931665e-05,8.36930743897187e-06,-0.00026311614467156654,0.02197802197802198,0.5390108972934076,0.39406500116710613,0.3956043956043956,0.5274725274725275
0.5,1,1,1,0.5,0.35,64,91,91,36,48,37,47,-1.3323720474843986e-05,-0.0001481440483559398,1.0312036603931665e-05,8.36930743897187e-06,-0.00026311614467156654,0.02197802197802198,0.5390108972934076,0.39406500116710613,0.3956043956043956,0.5274725274725275
0.5,1,1,1,0.75,0.0,64,91,91,36,48,37,47,-1.3323720474843986e-05,-0.0001481440483559398,1.0312036603931665e-05,8.36930743897187e-06,-0.00026311614467156654,0.02197802197802198,0.5390108972934076,0.39406500116710613,0.3956043956043956,0.5274725274725275
0.5,1,1,1,0.75,0.25,64,91,91,36,48,37,47,-1.3323720474843986e-05,-0.0001481440483559398,1.0312036603931665e-05,8.36930743897187e-06,-0.00026311614467156654,0.02197802197802198,0.5390108972934076,0.39406500116710613,0.3956043956043956,0.5274725274725275
0.5,1,1,1,0.75,0.35,64,91,91,36,48,37,47,-1.3323720474843986e-05,-0.0001481440483559398,1.0312036603931665e-05,8.36930743897187e-06,-0.00026311614467156654,0.02197802197802198,0.5390108972934076,0.39406500116710613,0.3956043956043956,0.5274725274725275
0.5,1,1,1,1.0,0.0,64,91,91,36,48,37,47,-1.3323720474843986e-05,-0.0001481440483559398,1.0312036603931665e-05,8.36930743897187e-06,-0.00026311614467156654,0.02197802197802198,0.5390108972934076,0.39406500116710613,0.3956043956043956,0.5274725274725275
0.5,1,1,1,1.0,0.25,64,91,91,36,48,37,47,-1.3323720474843986e-05,-0.0001481440483559398,1.0312036603931665e-05,8.36930743897187e-06,-0.00026311614467156654,0.02197802197802198,0.5390108972934076,0.39406500116710613,0.3956043956043956,0.5274725274725275
0.5,1,1,1,1.0,0.35,64,91,91,36,48,37,47,-1.3323720474843986e-05,-0.0001481440483559398,1.0312036603931665e-05,8.36930743897187e-06,-0.00026311614467156654,0.02197802197802198,0.5390108972934076,0.39406500116710613,0.3956043956043956,0.5274725274725275
0.5,1,1,999,0.5,0.0,64,91,91,36,48,37,47,-1.3323720474843986e-05,-0.0001481440483559398,1.0312036603931665e-05,8.36930743897187e-06,-0.00026311614467156654,0.02197802197802198,0.5390108972934076,0.39406500116710613,0.3956043956043956,0.5274725274725275
0.5,1,1,999,0.5,0.25,64,91,91,36,48,37,47,-1.3323720474843986e-05,-0.0001481440483559398,1.0312036603931665e-05,8.36930743897187e-06,-0.00026311614467156654,0.02197802197802198,0.5390108972934076,0.39406500116710613,0.3956043956043956,0.5274725274725275
0.5,1,1,999,0.5,0.35,64,91,91,36,48,37,47,-1.3323720474843986e-05,-0.0001481440483559398,1.0312036603931665e-05,8.36930743897187e-06,-0.00026311614467156654,0.02197802197802198,0.5390108972934076,0.39406500116710613,0.3956043956043956,0.5274725274725275
0.5,1,1,999,0.75,0.0,64,91,91,36,48,37,47,-1.3323720474843986e-05,-0.0001481440483559398,1.0312036603931665e-05,8.36930743897187e-06,-0.00026311614467156654,0.02197802197802198,0.5390108972934076,0.39406500116710613,0.3956043956043956,0.5274725274725275
0.5,1,1,999,0.75,0.25,64,91,91,36,48,37,47,-1.3323720474843986e-05,-0.0001481440483559398,1.0312036603931665e-05,8.36930743897187e-06,-0.00026311614467156654,0.02197802197802198,0.5390108972934076,0.39406500116710613,0.3956043956043956,0.5274725274725275
0.5,1,1,999,0.75,0.35,64,91,91,36,48,37,47,-1.3323720474843986e-05,-0.0001481440483559398,1.0312036603931665e-05,8.36930743897187e-06,-0.00026311614467156654,0.02197802197802198,0.5390108972934076,0.39406500116710613,0.3956043956043956,0.5274725274725275
0.5,1,1,999,1.0,0.0,64,91,91,36,48,37,47,-1.3323720474843986e-05,-0.0001481440483559398,1.0312036603931665e-05,8.36930743897187e-06,-0.00026311614467156654,0.02197802197802198,0.5390108972934076,0.39406500116710613,0.3956043956043956,0.5274725274725275
0.5,1,1,999,1.0,0.25,64,91,91,36,48,37,47,-1.3323720474843986e-05,-0.0001481440483559398,1.0312036603931665e-05,8.36930743897187e-06,-0.00026311614467156654,0.02197802197802198,0.5390108972934076,0.39406500116710613,0.3956043956043956,0.5274725274725275
0.5,1,1,999,1.0,0.35,64,91,91,36,48,37,47,-1.3323720474843986e-05,-0.0001481440483559398,1.0312036603931665e-05,8.36930743897187e-06,-0.00026311614467156654,0.02197802197802198,0.5390108972934076,0.39406500116710613,0.3956043956043956,0.5274725274725275
0.5,1,999,0,0.5,0.0,64,91,91,36,48,37,47,-1.3323720474843986e-05,-0.0001481440483559398,1.0312036603931665e-05,8.36930743897187e-06,-0.00026311614467156654,0.02197802197802198,0.5390108972934076,0.39406500116710613,0.3956043956043956,0.5274725274725275
0.5,1,999,0,0.5,0.25,64,91,91,36,48,37,47,-1.3323720474843986e-05,-0.0001481440483559398,1.0312036603931665e-05,8.36930743897187e-06,-0.00026311614467156654,0.02197802197802198,0.5390108972934076,0.39406500116710613,0.3956043956043956,0.5274725274725275
0.5,1,999,0,0.5,0.35,64,91,91,36,48,37,47,-1.3323720474843986e-05,-0.0001481440483559398,1.0312036603931665e-05,8.36930743897187e-06,-0.00026311614467156654,0.02197802197802198,0.5390108972934076,0.39406500116710613,0.3956043956043956,0.5274725274725275
0.5,1,999,0,0.75,0.0,64,91,91,36,48,37,47,-1.3323720474843986e-05,-0.0001481440483559398,1.0312036603931665e-05,8.36930743897187e-06,-0.00026311614467156654,0.02197802197802198,0.5390108972934076,0.39406500116710613,0.3956043956043956,0.5274725274725275
0.5,1,999,0,0.75,0.25,64,91,91,36,48,37,47,-1.3323720474843986e-05,-0.0001481440483559398,1.0312036603931665e-05,8.36930743897187e-06,-0.00026311614467156654,0.02197802197802198,0.5390108972934076,0.39406500116710613,0.3956043956043956,0.5274725274725275
0.5,1,999,0,0.75,0.35,64,91,91,36,48,37,47,-1.3323720474843986e-05,-0.0001481440483559398,1.0312036603931665e-05,8.36930743897187e-06,-0.00026311614467156654,0.02197802197802198,0.5390108972934076,0.39406500116710613,0.3956043956043956,0.5274725274725275
0.5,1,999,0,1.0,0.0,64,91,91,36,48,37,47,-1.3323720474843986e-05,-0.0001481440483559398,1.0312036603931665e-05,8.36930743897187e-06,-0.00026311614467156654,0.02197802197802198,0.5390108972934076,0.39406500116710613,0.3956043956043956,0.5274725274725275
0.5,1,999,0,1.0,0.25,64,91,91,36,48,37,47,-1.3323720474843986e-05,-0.0001481440483559398,1.0312036603931665e-05,8.36930743897187e-06,-0.00026311614467156654,0.02197802197802198,0.5390108972934076,0.39406500116710613,0.3956043956043956,0.5274725274725275
0.5,1,999,0,1.0,0.35,64,91,91,36,48,37,47,-1.3323720474843986e-05,-0.0001481440483559398,1.0312036603931665e-05,8.36930743897187e-06,-0.00026311614467156654,0.02197802197802198,0.5390108972934076,0.39406500116710613,0.3956043956043956,0.5274725274725275
0.5,1,999,1,0.5,0.0,64,91,91,36,48,37,47,-1.3323720474843986e-05,-0.0001481440483559398,1.0312036603931665e-05,8.36930743897187e-06,-0.00026311614467156654,0.02197802197802198,0.5390108972934076,0.39406500116710613,0.3956043956043956,0.5274725274725275
0.5,1,999,1,0.5,0.25,64,91,91,36,48,37,47,-1.3323720474843986e-05,-0.0001481440483559398,1.0312036603931665e-05,8.36930743897187e-06,-0.00026311614467156654,0.02197802197802198,0.5390108972934076,0.39406500116710613,0.3956043956043956,0.5274725274725275
0.5,1,999,1,0.5,0.35,64,91,91,36,48,37,47,-1.3323720474843986e-05,-0.0001481440483559398,1.0312036603931665e-05,8.36930743897187e-06,-0.00026311614467156654,0.02197802197802198,0.5390108972934076,0.39406500116710613,0.3956043956043956,0.5274725274725275
0.5,1,999,1,0.75,0.0,64,91,91,36,48,37,47,-1.3323720474843986e-05,-0.0001481440483559398,1.0312036603931665e-05,8.36930743897187e-06,-0.00026311614467156654,0.02197802197802198,0.5390108972934076,0.39406500116710613,0.3956043956043956,0.5274725274725275
0.5,1,999,1,0.75,0.25,64,91,91,36,48,37,47,-1.3323720474843986e-05,-0.0001481440483559398,1.0312036603931665e-05,8.36930743897187e-06,-0.00026311614467156654,0.02197802197802198,0.5390108972934076,0.39406500116710613,0.3956043956043956,0.5274725274725275
0.5,1,999,1,0.75,0.35,64,91,91,36,48,37,47,-1.3323720474843986e-05,-0.0001481440483559398,1.0312036603931665e-05,8.36930743897187e-06,-0.00026311614467156654,0.02197802197802198,0.5390108972934076,0.39406500116710613,0.3956043956043956,0.5274725274725275
0.5,1,999,1,1.0,0.0,64,91,91,36,48,37,47,-1.3323720474843986e-05,-0.0001481440483559398,1.0312036603931665e-05,8.36930743897187e-06,-0.00026311614467156654,0.02197802197802198,0.5390108972934076,0.39406500116710613,0.3956043956043956,0.5274725274725275
0.5,1,999,1,1.0,0.25,64,91,91,36,48,37,47,-1.3323720474843986e-05,-0.0001481440483559398,1.0312036603931665e-05,8.36930743897187e-06,-0.00026311614467156654,0.02197802197802198,0.5390108972934076,0.39406500116710613,0.3956043956043956,0.5274725274725275
0.5,1,999,1,1.0,0.35,64,91,91,36,48,37,47,-1.3323720474843986e-05,-0.0001481440483559398,1.0312036603931665e-05,8.36930743897187e-06,-0.00026311614467156654,0.02197802197802198,0.5390108972934076,0.39406500116710613,0.3956043956043956,0.5274725274725275
0.5,1,999,999,0.5,0.0,64,91,91,36,48,37,47,-1.3323720474843986e-05,-0.0001481440483559398,1.0312036603931665e-05,8.36930743897187e-06,-0.00026311614467156654,0.02197802197802198,0.5390108972934076,0.39406500116710613,0.3956043956043956,0.5274725274725275
0.5,1,999,999,0.5,0.25,64,91,91,36,48,37,47,-1.3323720474843986e-05,-0.0001481440483559398,1.0312036603931665e-05,8.36930743897187e-06,-0.00026311614467156654,0.02197802197802198,0.5390108972934076,0.39406500116710613,0.3956043956043956,0.5274725274725275
0.5,1,999,999,0.5,0.35,64,91,91,36,48,37,47,-1.3323720474843986e-05,-0.0001481440483559398,1.0312036603931665e-05,8.36930743897187e-06,-0.00026311614467156654,0.02197802197802198,0.5390108972934076,0.39406500116710613,0.3956043956043956,0.5274725274725275
0.5,1,999,999,0.75,0.0,64,91,91,36,48,37,47,-1.3323720474843986e-05,-0.0001481440483559398,1.0312036603931665e-05,8.36930743897187e-06,-0.00026311614467156654,0.02197802197802198,0.5390108972934076,0.39406500116710613,0.3956043956043956,0.5274725274725275
0.5,1,999,999,0.75,0.25,64,91,91,36,48,37,47,-1.3323720474843986e-05,-0.0001481440483559398,1.0312036603931665e-05,8.36930743897187e-06,-0.00026311614467156654,0.02197802197802198,0.5390108972934076,0.39406500116710613,0.3956043956043956,0.5274725274725275
0.5,1,999,999,0.75,0.35,64,91,91,36,48,37,47,-1.3323720474843986e-05,-0.0001481440483559398,1.0312036603931665e-05,8.36930743897187e-06,-0.00026311614467156654,0.02197802197802198,0.5390108972934076,0.39406500116710613,0.3956043956043956,0.5274725274725275
0.5,1,999,999,1.0,0.0,64,91,91,36,48,37,47,-1.3323720474843986e-05,-0.0001481440483559398,1.0312036603931665e-05,8.36930743897187e-06,-0.00026311614467156654,0.02197802197802198,0.5390108972934076,0.39406500116710613,0.3956043956043956,0.5274725274725275
0.5,1,999,999,1.0,0.25,64,91,91,36,48,37,47,-1.3323720474843986e-05,-0.0001481440483559398,1.0312036603931665e-05,8.36930743897187e-06,-0.00026311614467156654,0.02197802197802198,0.5390108972934076,0.39406500116710613,0.3956043956043956,0.5274725274725275
0.5,1,999,999,1.0,0.35,64,91,91,36,48,37,47,-1.3323720474843986e-05,-0.0001481440483559398,1.0312036603931665e-05,8.36930743897187e-06,-0.00026311614467156654,0.02197802197802198,0.5390108972934076,0.39406500116710613,0.3956043956043956,0.5274725274725275
0.0,0,0,0,0.5,0.0,32,91,91,36,49,36,48,-1.1749031406951227e-05,-0.00014320198786555677,6.5476165732235876e-06,2.995527016936634e-06,-0.0002517631960072141,0.01098901098901099,0.5449920422168602,0.38838910654890396,0.3956043956043956,0.5384615384615384
0.0,0,0,0,0.5,0.25,32,91,91,36,49,36,48,-1.1749031406951227e-05,-0.00014320198786555677,6.5476165732235876e-06,2.995527016936634e-06,-0.0002517631960072141,0.01098901098901099,0.5449920422168602,0.38838910654890396,0.3956043956043956,0.5384615384615384
0.0,0,0,0,0.75,0.0,32,91,91,36,49,36,48,-1.1749031406951227e-05,-0.00014320198786555677,6.5476165732235876e-06,2.995527016936634e-06,-0.0002517631960072141,0.01098901098901099,0.5449920422168602,0.38838910654890396,0.3956043956043956,0.5384615384615384
0.0,0,0,0,0.75,0.25,32,91,91,36,49,36,48,-1.1749031406951227e-05,-0.00014320198786555677,6.5476165732235876e-06,2.995527016936634e-06,-0.0002517631960072141,0.01098901098901099,0.5449920422168602,0.38838910654890396,0.3956043956043956,0.5384615384615384
0.0,0,0,0,1.0,0.0,32,91,91,36,49,36,48,-1.1749031406951227e-05,-0.00014320198786555677,6.5476165732235876e-06,2.995527016936634e-06,-0.0002517631960072141,0.01098901098901099,0.5449920422168602,0.38838910654890396,0.3956043956043956,0.5384615384615384
0.0,0,0,0,1.0,0.25,32,91,91,36,49,36,48,-1.1749031406951227e-05,-0.00014320198786555677,6.5476165732235876e-06,2.995527016936634e-06,-0.0002517631960072141,0.01098901098901099,0.5449920422168602,0.38838910654890396,0.3956043956043956,0.5384615384615384
0.0,0,0,1,0.5,0.0,32,91,91,36,49,36,48,-1.1749031406951227e-05,-0.00014320198786555677,6.5476165732235876e-06,2.995527016936634e-06,-0.0002517631960072141,0.01098901098901099,0.5449920422168602,0.38838910654890396,0.3956043956043956,0.5384615384615384
0.0,0,0,1,0.5,0.25,32,91,91,36,49,36,48,-1.1749031406951227e-05,-0.00014320198786555677,6.5476165732235876e-06,2.995527016936634e-06,-0.0002517631960072141,0.01098901098901099,0.5449920422168602,0.38838910654890396,0.3956043956043956,0.5384615384615384
0.0,0,0,1,0.75,0.0,32,91,91,36,49,36,48,-1.1749031406951227e-05,-0.00014320198786555677,6.5476165732235876e-06,2.995527016936634e-06,-0.0002517631960072141,0.01098901098901099,0.5449920422168602,0.38838910654890396,0.3956043956043956,0.5384615384615384
0.0,0,0,1,0.75,0.25,32,91,91,36,49,36,48,-1.1749031406951227e-05,-0.00014320198786555677,6.5476165732235876e-06,2.995527016936634e-06,-0.0002517631960072141,0.01098901098901099,0.5449920422168602,0.38838910654890396,0.3956043956043956,0.5384615384615384
0.0,0,0,1,1.0,0.0,32,91,91,36,49,36,48,-1.1749031406951227e-05,-0.00014320198786555677,6.5476165732235876e-06,2.995527016936634e-06,-0.0002517631960072141,0.01098901098901099,0.5449920422168602,0.38838910654890396,0.3956043956043956,0.5384615384615384
0.0,0,0,1,1.0,0.25,32,91,91,36,49,36,48,-1.1749031406951227e-05,-0.00014320198786555677,6.5476165732235876e-06,2.995527016936634e-06,-0.0002517631960072141,0.01098901098901099,0.5449920422168602,0.38838910654890396,0.3956043956043956,0.5384615384615384
0.0,0,0,999,0.5,0.0,32,91,91,36,49,36,48,-1.1749031406951227e-05,-0.00014320198786555677,6.5476165732235876e-06,2.995527016936634e-06,-0.0002517631960072141,0.01098901098901099,0.5449920422168602,0.38838910654890396,0.3956043956043956,0.5384615384615384
0.0,0,0,999,0.5,0.25,32,91,91,36,49,36,48,-1.1749031406951227e-05,-0.00014320198786555677,6.5476165732235876e-06,2.995527016936634e-06,-0.0002517631960072141,0.01098901098901099,0.5449920422168602,0.38838910654890396,0.3956043956043956,0.5384615384615384
0.0,0,0,999,0.75,0.0,32,91,91,36,49,36,48,-1.1749031406951227e-05,-0.00014320198786555677,6.5476165732235876e-06,2.995527016936634e-06,-0.0002517631960072141,0.01098901098901099,0.5449920422168602,0.38838910654890396,0.3956043956043956,0.5384615384615384
0.0,0,0,999,0.75,0.25,32,91,91,36,49,36,48,-1.1749031406951227e-05,-0.00014320198786555677,6.5476165732235876e-06,2.995527016936634e-06,-0.0002517631960072141,0.01098901098901099,0.5449920422168602,0.38838910654890396,0.3956043956043956,0.5384615384615384
0.0,0,0,999,1.0,0.0,32,91,91,36,49,36,48,-1.1749031406951227e-05,-0.00014320198786555677,6.5476165732235876e-06,2.995527016936634e-06,-0.0002517631960072141,0.01098901098901099,0.5449920422168602,0.38838910654890396,0.3956043956043956,0.5384615384615384
0.0,0,0,999,1.0,0.25,32,91,91,36,49,36,48,-1.1749031406951227e-05,-0.00014320198786555677,6.5476165732235876e-06,2.995527016936634e-06,-0.0002517631960072141,0.01098901098901099,0.5449920422168602,0.38838910654890396,0.3956043956043956,0.5384615384615384
0.0,0,1,0,0.5,0.0,32,91,91,36,49,36,48,-1.1749031406951227e-05,-0.00014320198786555677,6.5476165732235876e-06,2.995527016936634e-06,-0.0002517631960072141,0.01098901098901099,0.5449920422168602,0.38838910654890396,0.3956043956043956,0.5384615384615384
0.0,0,1,0,0.5,0.25,32,91,91,36,49,36,48,-1.1749031406951227e-05,-0.00014320198786555677,6.5476165732235876e-06,2.995527016936634e-06,-0.0002517631960072141,0.01098901098901099,0.5449920422168602,0.38838910654890396,0.3956043956043956,0.5384615384615384
0.0,0,1,0,0.75,0.0,32,91,91,36,49,36,48,-1.1749031406951227e-05,-0.00014320198786555677,6.5476165732235876e-06,2.995527016936634e-06,-0.0002517631960072141,0.01098901098901099,0.5449920422168602,0.38838910654890396,0.3956043956043956,0.5384615384615384
0.0,0,1,0,0.75,0.25,32,91,91,36,49,36,48,-1.1749031406951227e-05,-0.00014320198786555677,6.5476165732235876e-06,2.995527016936634e-06,-0.0002517631960072141,0.01098901098901099,0.5449920422168602,0.38838910654890396,0.3956043956043956,0.5384615384615384
0.0,0,1,0,1.0,0.0,32,91,91,36,49,36,48,-1.1749031406951227e-05,-0.00014320198786555677,6.5476165732235876e-06,2.995527016936634e-06,-0.0002517631960072141,0.01098901098901099,0.5449920422168602,0.38838910654890396,0.3956043956043956,0.5384615384615384
0.0,0,1,0,1.0,0.25,32,91,91,36,49,36,48,-1.1749031406951227e-05,-0.00014320198786555677,6.5476165732235876e-06,2.995527016936634e-06,-0.0002517631960072141,0.01098901098901099,0.5449920422168602,0.38838910654890396,0.3956043956043956,0.5384615384615384
0.0,0,1,1,0.5,0.0,32,91,91,36,49,36,48,-1.1749031406951227e-05,-0.00014320198786555677,6.5476165732235876e-06,2.995527016936634e-06,-0.0002517631960072141,0.01098901098901099,0.5449920422168602,0.38838910654890396,0.3956043956043956,0.5384615384615384
0.0,0,1,1,0.5,0.25,32,91,91,36,49,36,48,-1.1749031406951227e-05,-0.00014320198786555677,6.5476165732235876e-06,2.995527016936634e-06,-0.0002517631960072141,0.01098901098901099,0.5449920422168602,0.38838910654890396,0.3956043956043956,0.5384615384615384
0.0,0,1,1,0.75,0.0,32,91,91,36,49,36,48,-1.1749031406951227e-05,-0.00014320198786555677,6.5476165732235876e-06,2.995527016936634e-06,-0.0002517631960072141,0.01098901098901099,0.5449920422168602,0.38838910654890396,0.3956043956043956,0.5384615384615384
0.0,0,1,1,0.75,0.25,32,91,91,36,49,36,48,-1.1749031406951227e-05,-0.00014320198786555677,6.5476165732235876e-06,2.995527016936634e-06,-0.0002517631960072141,0.01098901098901099,0.5449920422168602,0.38838910654890396,0.3956043956043956,0.5384615384615384
0.0,0,1,1,1.0,0.0,32,91,91,36,49,36,48,-1.1749031406951227e-05,-0.00014320198786555677,6.5476165732235876e-06,2.995527016936634e-06,-0.0002517631960072141,0.01098901098901099,0.5449920422168602,0.38838910654890396,0.3956043956043956,0.5384615384615384
0.0,0,1,1,1.0,0.25,32,91,91,36,49,36,48,-1.1749031406951227e-05,-0.00014320198786555677,6.5476165732235876e-06,2.995527016936634e-06,-0.0002517631960072141,0.01098901098901099,0.5449920422168602,0.38838910654890396,0.3956043956043956,0.5384615384615384
0.0,0,1,999,0.5,0.0,32,91,91,36,49,36,48,-1.1749031406951227e-05,-0.00014320198786555677,6.5476165732235876e-06,2.995527016936634e-06,-0.0002517631960072141,0.01098901098901099,0.5449920422168602,0.38838910654890396,0.3956043956043956,0.5384615384615384
0.0,0,1,999,0.5,0.25,32,91,91,36,49,36,48,-1.1749031406951227e-05,-0.00014320198786555677,6.5476165732235876e-06,2.995527016936634e-06,-0.0002517631960072141,0.01098901098901099,0.5449920422168602,0.38838910654890396,0.3956043956043956,0.5384615384615384
0.0,0,1,999,0.75,0.0,32,91,91,36,49,36,48,-1.1749031406951227e-05,-0.00014320198786555677,6.5476165732235876e-06,2.995527016936634e-06,-0.0002517631960072141,0.01098901098901099,0.5449920422168602,0.38838910654890396,0.3956043956043956,0.5384615384615384
0.0,0,1,999,0.75,0.25,32,91,91,36,49,36,48,-1.1749031406951227e-05,-0.00014320198786555677,6.5476165732235876e-06,2.995527016936634e-06,-0.0002517631960072141,0.01098901098901099,0.5449920422168602,0.38838910654890396,0.3956043956043956,0.5384615384615384
0.0,0,1,999,1.0,0.0,32,91,91,36,49,36,48,-1.1749031406951227e-05,-0.00014320198786555677,6.5476165732235876e-06,2.995527016936634e-06,-0.0002517631960072141,0.01098901098901099,0.5449920422168602,0.38838910654890396,0.3956043956043956,0.5384615384615384
0.0,0,1,999,1.0,0.25,32,91,91,36,49,36,48,-1.1749031406951227e-05,-0.00014320198786555677,6.5476165732235876e-06,2.995527016936634e-06,-0.0002517631960072141,0.01098901098901099,0.5449920422168602,0.38838910654890396,0.3956043956043956,0.5384615384615384
0.0,0,999,0,0.5,0.0,32,91,91,36,49,36,48,-1.1749031406951227e-05,-0.00014320198786555677,6.5476165732235876e-06,2.995527016936634e-06,-0.0002517631960072141,0.01098901098901099,0.5449920422168602,0.38838910654890396,0.3956043956043956,0.5384615384615384
0.0,0,999,0,0.5,0.25,32,91,91,36,49,36,48,-1.1749031406951227e-05,-0.00014320198786555677,6.5476165732235876e-06,2.995527016936634e-06,-0.0002517631960072141,0.01098901098901099,0.5449920422168602,0.38838910654890396,0.3956043956043956,0.5384615384615384
0.0,0,999,0,0.75,0.0,32,91,91,36,49,36,48,-1.1749031406951227e-05,-0.00014320198786555677,6.5476165732235876e-06,2.995527016936634e-06,-0.0002517631960072141,0.01098901098901099,0.5449920422168602,0.38838910654890396,0.3956043956043956,0.5384615384615384
0.0,0,999,0,0.75,0.25,32,91,91,36,49,36,48,-1.1749031406951227e-05,-0.00014320198786555677,6.5476165732235876e-06,2.995527016936634e-06,-0.0002517631960072141,0.01098901098901099,0.5449920422168602,0.38838910654890396,0.3956043956043956,0.5384615384615384
0.0,0,999,0,1.0,0.0,32,91,91,36,49,36,48,-1.1749031406951227e-05,-0.00014320198786555677,6.5476165732235876e-06,2.995527016936634e-06,-0.0002517631960072141,0.01098901098901099,0.5449920422168602,0.38838910654890396,0.3956043956043956,0.5384615384615384
0.0,0,999,0,1.0,0.25,32,91,91,36,49,36,48,-1.1749031406951227e-05,-0.00014320198786555677,6.5476165732235876e-06,2.995527016936634e-06,-0.0002517631960072141,0.01098901098901099,0.5449920422168602,0.38838910654890396,0.3956043956043956,0.5384615384615384
0.0,0,999,1,0.5,0.0,32,91,91,36,49,36,48,-1.1749031406951227e-05,-0.00014320198786555677,6.5476165732235876e-06,2.995527016936634e-06,-0.0002517631960072141,0.01098901098901099,0.5449920422168602,0.38838910654890396,0.3956043956043956,0.5384615384615384
0.0,0,999,1,0.5,0.25,32,91,91,36,49,36,48,-1.1749031406951227e-05,-0.00014320198786555677,6.5476165732235876e-06,2.995527016936634e-06,-0.0002517631960072141,0.01098901098901099,0.5449920422168602,0.38838910654890396,0.3956043956043956,0.5384615384615384
0.0,0,999,1,0.75,0.0,32,91,91,36,49,36,48,-1.1749031406951227e-05,-0.00014320198786555677,6.5476165732235876e-06,2.995527016936634e-06,-0.0002517631960072141,0.01098901098901099,0.5449920422168602,0.38838910654890396,0.3956043956043956,0.5384615384615384
0.0,0,999,1,0.75,0.25,32,91,91,36,49,36,48,-1.1749031406951227e-05,-0.00014320198786555677,6.5476165732235876e-06,2.995527016936634e-06,-0.0002517631960072141,0.01098901098901099,0.5449920422168602,0.38838910654890396,0.3956043956043956,0.5384615384615384
0.0,0,999,1,1.0,0.0,32,91,91,36,49,36,48,-1.1749031406951227e-05,-0.00014320198786555677,6.5476165732235876e-06,2.995527016936634e-06,-0.0002517631960072141,0.01098901098901099,0.5449920422168602,0.38838910654890396,0.3956043956043956,0.5384615384615384
0.0,0,999,1,1.0,0.25,32,91,91,36,49,36,48,-1.1749031406951227e-05,-0.00014320198786555677,6.5476165732235876e-06,2.995527016936634e-06,-0.0002517631960072141,0.01098901098901099,0.5449920422168602,0.38838910654890396,0.3956043956043956,0.5384615384615384
0.0,0,999,999,0.5,0.0,32,91,91,36,49,36,48,-1.1749031406951227e-05,-0.00014320198786555677,6.5476165732235876e-06,2.995527016936634e-06,-0.0002517631960072141,0.01098901098901099,0.5449920422168602,0.38838910654890396,0.3956043956043956,0.5384615384615384
0.0,0,999,999,0.5,0.25,32,91,91,36,49,36,48,-1.1749031406951227e-05,-0.00014320198786555677,6.5476165732235876e-06,2.995527016936634e-06,-0.0002517631960072141,0.01098901098901099,0.5449920422168602,0.38838910654890396,0.3956043956043956,0.5384615384615384
0.0,0,999,999,0.75,0.0,32,91,91,36,49,36,48,-1.1749031406951227e-05,-0.00014320198786555677,6.5476165732235876e-06,2.995527016936634e-06,-0.0002517631960072141,0.01098901098901099,0.5449920422168602,0.38838910654890396,0.3956043956043956,0.5384615384615384
0.0,0,999,999,0.75,0.25,32,91,91,36,49,36,48,-1.1749031406951227e-05,-0.00014320198786555677,6.5476165732235876e-06,2.995527016936634e-06,-0.0002517631960072141,0.01098901098901099,0.5449920422168602,0.38838910654890396,0.3956043956043956,0.5384615384615384
0.0,0,999,999,1.0,0.0,32,91,91,36,49,36,48,-1.1749031406951227e-05,-0.00014320198786555677,6.5476165732235876e-06,2.995527016936634e-06,-0.0002517631960072141,0.01098901098901099,0.5449920422168602,0.38838910654890396,0.3956043956043956,0.5384615384615384
0.0,0,999,999,1.0,0.25,32,91,91,36,49,36,48,-1.1749031406951227e-05,-0.00014320198786555677,6.5476165732235876e-06,2.995527016936634e-06,-0.0002517631960072141,0.01098901098901099,0.5449920422168602,0.38838910654890396,0.3956043956043956,0.5384615384615384
0.0,1,0,0,0.5,0.0,32,91,91,36,49,36,48,-1.1749031406951227e-05,-0.00014320198786555677,6.5476165732235876e-06,2.995527016936634e-06,-0.0002517631960072141,0.01098901098901099,0.5449920422168602,0.38838910654890396,0.3956043956043956,0.5384615384615384
0.0,1,0,0,0.5,0.25,32,91,91,36,49,36,48,-1.1749031406951227e-05,-0.00014320198786555677,6.5476165732235876e-06,2.995527016936634e-06,-0.0002517631960072141,0.01098901098901099,0.5449920422168602,0.38838910654890396,0.3956043956043956,0.5384615384615384
0.0,1,0,0,0.75,0.0,32,91,91,36,49,36,48,-1.1749031406951227e-05,-0.00014320198786555677,6.5476165732235876e-06,2.995527016936634e-06,-0.0002517631960072141,0.01098901098901099,0.5449920422168602,0.38838910654890396,0.3956043956043956,0.5384615384615384
0.0,1,0,0,0.75,0.25,32,91,91,36,49,36,48,-1.1749031406951227e-05,-0.00014320198786555677,6.5476165732235876e-06,2.995527016936634e-06,-0.0002517631960072141,0.01098901098901099,0.5449920422168602,0.38838910654890396,0.3956043956043956,0.5384615384615384
0.0,1,0,0,1.0,0.0,32,91,91,36,49,36,48,-1.1749031406951227e-05,-0.00014320198786555677,6.5476165732235876e-06,2.995527016936634e-06,-0.0002517631960072141,0.01098901098901099,0.5449920422168602,0.38838910654890396,0.3956043956043956,0.5384615384615384
0.0,1,0,0,1.0,0.25,32,91,91,36,49,36,48,-1.1749031406951227e-05,-0.00014320198786555677,6.5476165732235876e-06,2.995527016936634e-06,-0.0002517631960072141,0.01098901098901099,0.5449920422168602,0.38838910654890396,0.3956043956043956,0.5384615384615384
0.0,1,0,1,0.5,0.0,32,91,91,36,49,36,48,-1.1749031406951227e-05,-0.00014320198786555677,6.5476165732235876e-06,2.995527016936634e-06,-0.0002517631960072141,0.01098901098901099,0.5449920422168602,0.38838910654890396,0.3956043956043956,0.5384615384615384
0.0,1,0,1,0.5,0.25,32,91,91,36,49,36,48,-1.1749031406951227e-05,-0.00014320198786555677,6.5476165732235876e-06,2.995527016936634e-06,-0.0002517631960072141,0.01098901098901099,0.5449920422168602,0.38838910654890396,0.3956043956043956,0.5384615384615384
0.0,1,0,1,0.75,0.0,32,91,91,36,49,36,48,-1.1749031406951227e-05,-0.00014320198786555677,6.5476165732235876e-06,2.995527016936634e-06,-0.0002517631960072141,0.01098901098901099,0.5449920422168602,0.38838910654890396,0.3956043956043956,0.5384615384615384
0.0,1,0,1,0.75,0.25,32,91,91,36,49,36,48,-1.1749031406951227e-05,-0.00014320198786555677,6.5476165732235876e-06,2.995527016936634e-06,-0.0002517631960072141,0.01098901098901099,0.5449920422168602,0.38838910654890396,0.3956043956043956,0.5384615384615384
0.0,1,0,1,1.0,0.0,32,91,91,36,49,36,48,-1.1749031406951227e-05,-0.00014320198786555677,6.5476165732235876e-06,2.995527016936634e-06,-0.0002517631960072141,0.01098901098901099,0.5449920422168602,0.38838910654890396,0.3956043956043956,0.5384615384615384
0.0,1,0,1,1.0,0.25,32,91,91,36,49,36,48,-1.1749031406951227e-05,-0.00014320198786555677,6.5476165732235876e-06,2.995527016936634e-06,-0.0002517631960072141,0.01098901098901099,0.5449920422168602,0.38838910654890396,0.3956043956043956,0.5384615384615384
0.0,1,0,999,0.5,0.0,32,91,91,36,49,36,48,-1.1749031406951227e-05,-0.00014320198786555677,6.5476165732235876e-06,2.995527016936634e-06,-0.0002517631960072141,0.01098901098901099,0.5449920422168602,0.38838910654890396,0.3956043956043956,0.5384615384615384
0.0,1,0,999,0.5,0.25,32,91,91,36,49,36,48,-1.1749031406951227e-05,-0.00014320198786555677,6.5476165732235876e-06,2.995527016936634e-06,-0.0002517631960072141,0.01098901098901099,0.5449920422168602,0.38838910654890396,0.3956043956043956,0.5384615384615384
0.0,1,0,999,0.75,0.0,32,91,91,36,49,36,48,-1.1749031406951227e-05,-0.00014320198786555677,6.5476165732235876e-06,2.995527016936634e-06,-0.0002517631960072141,0.01098901098901099,0.5449920422168602,0.38838910654890396,0.3956043956043956,0.5384615384615384
0.0,1,0,999,0.75,0.25,32,91,91,36,49,36,48,-1.1749031406951227e-05,-0.00014320198786555677,6.5476165732235876e-06,2.995527016936634e-06,-0.0002517631960072141,0.01098901098901099,0.5449920422168602,0.38838910654890396,0.3956043956043956,0.5384615384615384
0.0,1,0,999,1.0,0.0,32,91,91,36,49,36,48,-1.1749031406951227e-05,-0.00014320198786555677,6.5476165732235876e-06,2.995527016936634e-06,-0.0002517631960072141,0.01098901098901099,0.5449920422168602,0.38838910654890396,0.3956043956043956,0.5384615384615384
0.0,1,0,999,1.0,0.25,32,91,91,36,49,36,48,-1.1749031406951227e-05,-0.00014320198786555677,6.5476165732235876e-06,2.995527016936634e-06,-0.0002517631960072141,0.01098901098901099,0.5449920422168602,0.38838910654890396,0.3956043956043956,0.5384615384615384
0.0,1,1,0,0.5,0.0,32,91,91,36,49,36,48,-1.1749031406951227e-05,-0.00014320198786555677,6.5476165732235876e-06,2.995527016936634e-06,-0.0002517631960072141,0.01098901098901099,0.5449920422168602,0.38838910654890396,0.3956043956043956,0.5384615384615384
0.0,1,1,0,0.5,0.25,32,91,91,36,49,36,48,-1.1749031406951227e-05,-0.00014320198786555677,6.5476165732235876e-06,2.995527016936634e-06,-0.0002517631960072141,0.01098901098901099,0.5449920422168602,0.38838910654890396,0.3956043956043956,0.5384615384615384
0.0,1,1,0,0.75,0.0,32,91,91,36,49,36,48,-1.1749031406951227e-05,-0.00014320198786555677,6.5476165732235876e-06,2.995527016936634e-06,-0.0002517631960072141,0.01098901098901099,0.5449920422168602,0.38838910654890396,0.3956043956043956,0.5384615384615384
0.0,1,1,0,0.75,0.25,32,91,91,36,49,36,48,-1.1749031406951227e-05,-0.00014320198786555677,6.5476165732235876e-06,2.995527016936634e-06,-0.0002517631960072141,0.01098901098901099,0.5449920422168602,0.38838910654890396,0.3956043956043956,0.5384615384615384
0.0,1,1,0,1.0,0.0,32,91,91,36,49,36,48,-1.1749031406951227e-05,-0.00014320198786555677,6.5476165732235876e-06,2.995527016936634e-06,-0.0002517631960072141,0.01098901098901099,0.5449920422168602,0.38838910654890396,0.3956043956043956,0.5384615384615384
0.0,1,1,0,1.0,0.25,32,91,91,36,49,36,48,-1.1749031406951227e-05,-0.00014320198786555677,6.5476165732235876e-06,2.995527016936634e-06,-0.0002517631960072141,0.01098901098901099,0.5449920422168602,0.38838910654890396,0.3956043956043956,0.5384615384615384
0.0,1,1,1,0.5,0.0,32,91,91,36,49,36,48,-1.1749031406951227e-05,-0.00014320198786555677,6.5476165732235876e-06,2.995527016936634e-06,-0.0002517631960072141,0.01098901098901099,0.5449920422168602,0.38838910654890396,0.3956043956043956,0.5384615384615384
0.0,1,1,1,0.5,0.25,32,91,91,36,49,36,48,-1.1749031406951227e-05,-0.00014320198786555677,6.5476165732235876e-06,2.995527016936634e-06,-0.0002517631960072141,0.01098901098901099,0.5449920422168602,0.38838910654890396,0.3956043956043956,0.5384615384615384
0.0,1,1,1,0.75,0.0,32,91,91,36,49,36,48,-1.1749031406951227e-05,-0.00014320198786555677,6.5476165732235876e-06,2.995527016936634e-06,-0.0002517631960072141,0.01098901098901099,0.5449920422168602,0.38838910654890396,0.3956043956043956,0.5384615384615384
0.0,1,1,1,0.75,0.25,32,91,91,36,49,36,48,-1.1749031406951227e-05,-0.00014320198786555677,6.5476165732235876e-06,2.995527016936634e-06,-0.0002517631960072141,0.01098901098901099,0.5449920422168602,0.38838910654890396,0.3956043956043956,0.5384615384615384
0.0,1,1,1,1.0,0.0,32,91,91,36,49,36,48,-1.1749031406951227e-05,-0.00014320198786555677,6.5476165732235876e-06,2.995527016936634e-06,-0.0002517631960072141,0.01098901098901099,0.5449920422168602,0.38838910654890396,0.3956043956043956,0.5384615384615384
0.0,1,1,1,1.0,0.25,32,91,91,36,49,36,48,-1.1749031406951227e-05,-0.00014320198786555677,6.5476165732235876e-06,2.995527016936634e-06,-0.0002517631960072141,0.01098901098901099,0.5449920422168602,0.38838910654890396,0.3956043956043956,0.5384615384615384
0.0,1,1,999,0.5,0.0,32,91,91,36,49,36,48,-1.1749031406951227e-05,-0.00014320198786555677,6.5476165732235876e-06,2.995527016936634e-06,-0.0002517631960072141,0.01098901098901099,0.5449920422168602,0.38838910654890396,0.3956043956043956,0.5384615384615384
0.0,1,1,999,0.5,0.25,32,91,91,36,49,36,48,-1.1749031406951227e-05,-0.00014320198786555677,6.5476165732235876e-06,2.995527016936634e-06,-0.0002517631960072141,0.01098901098901099,0.5449920422168602,0.38838910654890396,0.3956043956043956,0.5384615384615384
0.0,1,1,999,0.75,0.0,32,91,91,36,49,36,48,-1.1749031406951227e-05,-0.00014320198786555677,6.5476165732235876e-06,2.995527016936634e-06,-0.0002517631960072141,0.01098901098901099,0.5449920422168602,0.38838910654890396,0.3956043956043956,0.5384615384615384
0.0,1,1,999,0.75,0.25,32,91,91,36,49,36,48,-1.1749031406951227e-05,-0.00014320198786555677,6.5476165732235876e-06,2.995527016936634e-06,-0.0002517631960072141,0.01098901098901099,0.5449920422168602,0.38838910654890396,0.3956043956043956,0.5384615384615384
0.0,1,1,999,1.0,0.0,32,91,91,36,49,36,48,-1.1749031406951227e-05,-0.00014320198786555677,6.5476165732235876e-06,2.995527016936634e-06,-0.0002517631960072141,0.01098901098901099,0.5449920422168602,0.38838910654890396,0.3956043956043956,0.5384615384615384
0.0,1,1,999,1.0,0.25,32,91,91,36,49,36,48,-1.1749031406951227e-05,-0.00014320198786555677,6.5476165732235876e-06,2.995527016936634e-06,-0.0002517631960072141,0.01098901098901099,0.5449920422168602,0.38838910654890396,0.3956043956043956,0.5384615384615384
0.0,1,999,0,0.5,0.0,32,91,91,36,49,36,48,-1.1749031406951227e-05,-0.00014320198786555677,6.5476165732235876e-06,2.995527016936634e-06,-0.0002517631960072141,0.01098901098901099,0.5449920422168602,0.38838910654890396,0.3956043956043956,0.5384615384615384
0.0,1,999,0,0.5,0.25,32,91,91,36,49,36,48,-1.1749031406951227e-05,-0.00014320198786555677,6.5476165732235876e-06,2.995527016936634e-06,-0.0002517631960072141,0.01098901098901099,0.5449920422168602,0.38838910654890396,0.3956043956043956,0.5384615384615384
0.0,1,999,0,0.75,0.0,32,91,91,36,49,36,48,-1.1749031406951227e-05,-0.00014320198786555677,6.5476165732235876e-06,2.995527016936634e-06,-0.0002517631960072141,0.01098901098901099,0.5449920422168602,0.38838910654890396,0.3956043956043956,0.5384615384615384
0.0,1,999,0,0.75,0.25,32,91,91,36,49,36,48,-1.1749031406951227e-05,-0.00014320198786555677,6.5476165732235876e-06,2.995527016936634e-06,-0.0002517631960072141,0.01098901098901099,0.5449920422168602,0.38838910654890396,0.3956043956043956,0.5384615384615384
0.0,1,999,0,1.0,0.0,32,91,91,36,49,36,48,-1.1749031406951227e-05,-0.00014320198786555677,6.5476165732235876e-06,2.995527016936634e-06,-0.0002517631960072141,0.01098901098901099,0.5449920422168602,0.38838910654890396,0.3956043956043956,0.5384615384615384
0.0,1,999,0,1.0,0.25,32,91,91,36,49,36,48,-1.1749031406951227e-05,-0.00014320198786555677,6.5476165732235876e-06,2.995527016936634e-06,-0.0002517631960072141,0.01098901098901099,0.5449920422168602,0.38838910654890396,0.3956043956043956,0.5384615384615384
0.0,1,999,1,0.5,0.0,32,91,91,36,49,36,48,-1.1749031406951227e-05,-0.00014320198786555677,6.5476165732235876e-06,2.995527016936634e-06,-0.0002517631960072141,0.01098901098901099,0.5449920422168602,0.38838910654890396,0.3956043956043956,0.5384615384615384
0.0,1,999,1,0.5,0.25,32,91,91,36,49,36,48,-1.1749031406951227e-05,-0.00014320198786555677,6.5476165732235876e-06,2.995527016936634e-06,-0.0002517631960072141,0.01098901098901099,0.5449920422168602,0.38838910654890396,0.3956043956043956,0.5384615384615384
0.0,1,999,1,0.75,0.0,32,91,91,36,49,36,48,-1.1749031406951227e-05,-0.00014320198786555677,6.5476165732235876e-06,2.995527016936634e-06,-0.0002517631960072141,0.01098901098901099,0.5449920422168602,0.38838910654890396,0.3956043956043956,0.5384615384615384
0.0,1,999,1,0.75,0.25,32,91,91,36,49,36,48,-1.1749031406951227e-05,-0.00014320198786555677,6.5476165732235876e-06,2.995527016936634e-06,-0.0002517631960072141,0.01098901098901099,0.5449920422168602,0.38838910654890396,0.3956043956043956,0.5384615384615384
0.0,1,999,1,1.0,0.0,32,91,91,36,49,36,48,-1.1749031406951227e-05,-0.00014320198786555677,6.5476165732235876e-06,2.995527016936634e-06,-0.0002517631960072141,0.01098901098901099,0.5449920422168602,0.38838910654890396,0.3956043956043956,0.5384615384615384
0.0,1,999,1,1.0,0.25,32,91,91,36,49,36,48,-1.1749031406951227e-05,-0.00014320198786555677,6.5476165732235876e-06,2.995527016936634e-06,-0.0002517631960072141,0.01098901098901099,0.5449920422168602,0.38838910654890396,0.3956043956043956,0.5384615384615384
0.0,1,999,999,0.5,0.0,32,91,91,36,49,36,48,-1.1749031406951227e-05,-0.00014320198786555677,6.5476165732235876e-06,2.995527016936634e-06,-0.0002517631960072141,0.01098901098901099,0.5449920422168602,0.38838910654890396,0.3956043956043956,0.5384615384615384
0.0,1,999,999,0.5,0.25,32,91,91,36,49,36,48,-1.1749031406951227e-05,-0.00014320198786555677,6.5476165732235876e-06,2.995527016936634e-06,-0.0002517631960072141,0.01098901098901099,0.5449920422168602,0.38838910654890396,0.3956043956043956,0.5384615384615384
0.0,1,999,999,0.75,0.0,32,91,91,36,49,36,48,-1.1749031406951227e-05,-0.00014320198786555677,6.5476165732235876e-06,2.995527016936634e-06,-0.0002517631960072141,0.01098901098901099,0.5449920422168602,0.38838910654890396,0.3956043956043956,0.5384615384615384
0.0,1,999,999,0.75,0.25,32,91,91,36,49,36,48,-1.1749031406951227e-05,-0.00014320198786555677,6.5476165732235876e-06,2.995527016936634e-06,-0.0002517631960072141,0.01098901098901099,0.5449920422168602,0.38838910654890396,0.3956043956043956,0.5384615384615384
0.0,1,999,999,1.0,0.0,32,91,91,36,49,36,48,-1.1749031406951227e-05,-0.00014320198786555677,6.5476165732235876e-06,2.995527016936634e-06,-0.0002517631960072141,0.01098901098901099,0.5449920422168602,0.38838910654890396,0.3956043956043956,0.5384615384615384
0.0,1,999,999,1.0,0.25,32,91,91,36,49,36,48,-1.1749031406951227e-05,-0.00014320198786555677,6.5476165732235876e-06,2.995527016936634e-06,-0.0002517631960072141,0.01098901098901099,0.5449920422168602,0.38838910654890396,0.3956043956043956,0.5384615384615384
0.0,0,0,0,0.5,0.0,128,92,92,36,49,37,48,-1.699613372430329e-05,-0.00015387307820091762,1.0982961221393348e-07,-6.457680450706072e-06,-0.00026084676333457157,0.021739130434782608,0.5438042571054358,0.38999907724137683,0.391304347826087,0.532608695652174
0.0,0,0,0,0.5,0.0,999999,92,92,36,49,37,48,-1.699613372430329e-05,-0.00015387307820091762,1.0982961221393348e-07,-6.457680450706072e-06,-0.00026084676333457157,0.021739130434782608,0.5438042571054358,0.38999907724137683,0.391304347826087,0.532608695652174
0.0,0,0,0,0.5,0.25,128,92,92,36,49,37,48,-1.699613372430329e-05,-0.00015387307820091762,1.0982961221393348e-07,-6.457680450706072e-06,-0.00026084676333457157,0.021739130434782608,0.5438042571054358,0.38999907724137683,0.391304347826087,0.532608695652174
0.0,0,0,0,0.5,0.25,999999,92,92,36,49,37,48,-1.699613372430329e-05,-0.00015387307820091762,1.0982961221393348e-07,-6.457680450706072e-06,-0.00026084676333457157,0.021739130434782608,0.5438042571054358,0.38999907724137683,0.391304347826087,0.532608695652174
0.0,0,0,0,0.5,0.35,128,92,92,36,49,37,48,-1.699613372430329e-05,-0.00015387307820091762,1.0982961221393348e-07,-6.457680450706072e-06,-0.00026084676333457157,0.021739130434782608,0.5438042571054358,0.38999907724137683,0.391304347826087,0.532608695652174
0.0,0,0,0,0.5,0.35,999999,92,92,36,49,37,48,-1.699613372430329e-05,-0.00015387307820091762,1.0982961221393348e-07,-6.457680450706072e-06,-0.00026084676333457157,0.021739130434782608,0.5438042571054358,0.38999907724137683,0.391304347826087,0.532608695652174
0.0,0,0,0,0.75,0.0,128,92,92,36,49,37,48,-1.699613372430329e-05,-0.00015387307820091762,1.0982961221393348e-07,-6.457680450706072e-06,-0.00026084676333457157,0.021739130434782608,0.5438042571054358,0.38999907724137683,0.391304347826087,0.532608695652174
0.0,0,0,0,0.75,0.0,999999,92,92,36,49,37,48,-1.699613372430329e-05,-0.00015387307820091762,1.0982961221393348e-07,-6.457680450706072e-06,-0.00026084676333457157,0.021739130434782608,0.5438042571054358,0.38999907724137683,0.391304347826087,0.532608695652174
0.0,0,0,0,0.75,0.25,128,92,92,36,49,37,48,-1.699613372430329e-05,-0.00015387307820091762,1.0982961221393348e-07,-6.457680450706072e-06,-0.00026084676333457157,0.021739130434782608,0.5438042571054358,0.38999907724137683,0.391304347826087,0.532608695652174
0.0,0,0,0,0.75,0.25,999999,92,92,36,49,37,48,-1.699613372430329e-05,-0.00015387307820091762,1.0982961221393348e-07,-6.457680450706072e-06,-0.00026084676333457157,0.021739130434782608,0.5438042571054358,0.38999907724137683,0.391304347826087,0.532608695652174
0.0,0,0,0,0.75,0.35,128,92,92,36,49,37,48,-1.699613372430329e-05,-0.00015387307820091762,1.0982961221393348e-07,-6.457680450706072e-06,-0.00026084676333457157,0.021739130434782608,0.5438042571054358,0.38999907724137683,0.391304347826087,0.532608695652174
0.0,0,0,0,0.75,0.35,999999,92,92,36,49,37,48,-1.699613372430329e-05,-0.00015387307820091762,1.0982961221393348e-07,-6.457680450706072e-06,-0.00026084676333457157,0.021739130434782608,0.5438042571054358,0.38999907724137683,0.391304347826087,0.532608695652174
0.0,0,0,0,1.0,0.0,128,92,92,36,49,37,48,-1.699613372430329e-05,-0.00015387307820091762,1.0982961221393348e-07,-6.457680450706072e-06,-0.00026084676333457157,0.021739130434782608,0.5438042571054358,0.38999907724137683,0.391304347826087,0.532608695652174
0.0,0,0,0,1.0,0.0,999999,92,92,36,49,37,48,-1.699613372430329e-05,-0.00015387307820091762,1.0982961221393348e-07,-6.457680450706072e-06,-0.00026084676333457157,0.021739130434782608,0.5438042571054358,0.38999907724137683,0.391304347826087,0.532608695652174
0.0,0,0,0,1.0,0.25,128,92,92,36,49,37,48,-1.699613372430329e-05,-0.00015387307820091762,1.0982961221393348e-07,-6.457680450706072e-06,-0.00026084676333457157,0.021739130434782608,0.5438042571054358,0.38999907724137683,0.391304347826087,0.532608695652174
0.0,0,0,0,1.0,0.25,999999,92,92,36,49,37,48,-1.699613372430329e-05,-0.00015387307820091762,1.0982961221393348e-07,-6.457680450706072e-06,-0.00026084676333457157,0.021739130434782608,0.5438042571054358,0.38999907724137683,0.391304347826087,0.532608695652174
0.0,0,0,0,1.0,0.35,128,92,92,36,49,37,48,-1.699613372430329e-05,-0.00015387307820091762,1.0982961221393348e-07,-6.457680450706072e-06,-0.00026084676333457157,0.021739130434782608,0.5438042571054358,0.38999907724137683,0.391304347826087,0.532608695652174
0.0,0,0,0,1.0,0.35,999999,92,92,36,49,37,48,-1.699613372430329e-05,-0.00015387307820091762,1.0982961221393348e-07,-6.457680450706072e-06,-0.00026084676333457157,0.021739130434782608,0.5438042571054358,0.38999907724137683,0.391304347826087,0.532608695652174
0.0,0,0,1,0.5,0.0,128,92,92,36,49,37,48,-1.699613372430329e-05,-0.00015387307820091762,1.0982961221393348e-07,-6.457680450706072e-06,-0.00026084676333457157,0.021739130434782608,0.5438042571054358,0.38999907724137683,0.391304347826087,0.532608695652174
0.0,0,0,1,0.5,0.0,999999,92,92,36,49,37,48,-1.699613372430329e-05,-0.00015387307820091762,1.0982961221393348e-07,-6.457680450706072e-06,-0.00026084676333457157,0.021739130434782608,0.5438042571054358,0.38999907724137683,0.391304347826087,0.532608695652174
0.0,0,0,1,0.5,0.25,128,92,92,36,49,37,48,-1.699613372430329e-05,-0.00015387307820091762,1.0982961221393348e-07,-6.457680450706072e-06,-0.00026084676333457157,0.021739130434782608,0.5438042571054358,0.38999907724137683,0.391304347826087,0.532608695652174
0.0,0,0,1,0.5,0.25,999999,92,92,36,49,37,48,-1.699613372430329e-05,-0.00015387307820091762,1.0982961221393348e-07,-6.457680450706072e-06,-0.00026084676333457157,0.021739130434782608,0.5438042571054358,0.38999907724137683,0.391304347826087,0.532608695652174
0.0,0,0,1,0.5,0.35,128,92,92,36,49,37,48,-1.699613372430329e-05,-0.00015387307820091762,1.0982961221393348e-07,-6.457680450706072e-06,-0.00026084676333457157,0.021739130434782608,0.5438042571054358,0.38999907724137683,0.391304347826087,0.532608695652174
0.0,0,0,1,0.5,0.35,999999,92,92,36,49,37,48,-1.699613372430329e-05,-0.00015387307820091762,1.0982961221393348e-07,-6.457680450706072e-06,-0.00026084676333457157,0.021739130434782608,0.5438042571054358,0.38999907724137683,0.391304347826087,0.532608695652174
0.0,0,0,1,0.75,0.0,128,92,92,36,49,37,48,-1.699613372430329e-05,-0.00015387307820091762,1.0982961221393348e-07,-6.457680450706072e-06,-0.00026084676333457157,0.021739130434782608,0.5438042571054358,0.38999907724137683,0.391304347826087,0.532608695652174
0.0,0,0,1,0.75,0.0,999999,92,92,36,49,37,48,-1.699613372430329e-05,-0.00015387307820091762,1.0982961221393348e-07,-6.457680450706072e-06,-0.00026084676333457157,0.021739130434782608,0.5438042571054358,0.38999907724137683,0.391304347826087,0.532608695652174
0.0,0,0,1,0.75,0.25,128,92,92,36,49,37,48,-1.699613372430329e-05,-0.00015387307820091762,1.0982961221393348e-07,-6.457680450706072e-06,-0.00026084676333457157,0.021739130434782608,0.5438042571054358,0.38999907724137683,0.391304347826087,0.532608695652174
0.0,0,0,1,0.75,0.25,999999,92,92,36,49,37,48,-1.699613372430329e-05,-0.00015387307820091762,1.0982961221393348e-07,-6.457680450706072e-06,-0.00026084676333457157,0.021739130434782608,0.5438042571054358,0.38999907724137683,0.391304347826087,0.532608695652174
0.0,0,0,1,0.75,0.35,128,92,92,36,49,37,48,-1.699613372430329e-05,-0.00015387307820091762,1.0982961221393348e-07,-6.457680450706072e-06,-0.00026084676333457157,0.021739130434782608,0.5438042571054358,0.38999907724137683,0.391304347826087,0.532608695652174
0.0,0,0,1,0.75,0.35,999999,92,92,36,49,37,48,-1.699613372430329e-05,-0.00015387307820091762,1.0982961221393348e-07,-6.457680450706072e-06,-0.00026084676333457157,0.021739130434782608,0.5438042571054358,0.38999907724137683,0.391304347826087,0.532608695652174
0.0,0,0,1,1.0,0.0,128,92,92,36,49,37,48,-1.699613372430329e-05,-0.00015387307820091762,1.0982961221393348e-07,-6.457680450706072e-06,-0.00026084676333457157,0.021739130434782608,0.5438042571054358,0.38999907724137683,0.391304347826087,0.532608695652174
0.0,0,0,1,1.0,0.0,999999,92,92,36,49,37,48,-1.699613372430329e-05,-0.00015387307820091762,1.0982961221393348e-07,-6.457680450706072e-06,-0.00026084676333457157,0.021739130434782608,0.5438042571054358,0.38999907724137683,0.391304347826087,0.532608695652174
0.0,0,0,1,1.0,0.25,128,92,92,36,49,37,48,-1.699613372430329e-05,-0.00015387307820091762,1.0982961221393348e-07,-6.457680450706072e-06,-0.00026084676333457157,0.021739130434782608,0.5438042571054358,0.38999907724137683,0.391304347826087,0.532608695652174
0.0,0,0,1,1.0,0.25,999999,92,92,36,49,37,48,-1.699613372430329e-05,-0.00015387307820091762,1.0982961221393348e-07,-6.457680450706072e-06,-0.00026084676333457157,0.021739130434782608,0.5438042571054358,0.38999907724137683,0.391304347826087,0.532608695652174
0.0,0,0,1,1.0,0.35,128,92,92,36,49,37,48,-1.699613372430329e-05,-0.00015387307820091762,1.0982961221393348e-07,-6.457680450706072e-06,-0.00026084676333457157,0.021739130434782608,0.5438042571054358,0.38999907724137683,0.391304347826087,0.532608695652174
0.0,0,0,1,1.0,0.35,999999,92,92,36,49,37,48,-1.699613372430329e-05,-0.00015387307820091762,1.0982961221393348e-07,-6.457680450706072e-06,-0.00026084676333457157,0.021739130434782608,0.5438042571054358,0.38999907724137683,0.391304347826087,0.532608695652174
0.0,0,0,999,0.5,0.0,128,92,92,36,49,37,48,-1.699613372430329e-05,-0.00015387307820091762,1.0982961221393348e-07,-6.457680450706072e-06,-0.00026084676333457157,0.021739130434782608,0.5438042571054358,0.38999907724137683,0.391304347826087,0.532608695652174
0.0,0,0,999,0.5,0.0,999999,92,92,36,49,37,48,-1.699613372430329e-05,-0.00015387307820091762,1.0982961221393348e-07,-6.457680450706072e-06,-0.00026084676333457157,0.021739130434782608,0.5438042571054358,0.38999907724137683,0.391304347826087,0.532608695652174
0.0,0,0,999,0.5,0.25,128,92,92,36,49,37,48,-1.699613372430329e-05,-0.00015387307820091762,1.0982961221393348e-07,-6.457680450706072e-06,-0.00026084676333457157,0.021739130434782608,0.5438042571054358,0.38999907724137683,0.391304347826087,0.532608695652174
0.0,0,0,999,0.5,0.25,999999,92,92,36,49,37,48,-1.699613372430329e-05,-0.00015387307820091762,1.0982961221393348e-07,-6.457680450706072e-06,-0.00026084676333457157,0.021739130434782608,0.5438042571054358,0.38999907724137683,0.391304347826087,0.532608695652174
0.0,0,0,999,0.5,0.35,128,92,92,36,49,37,48,-1.699613372430329e-05,-0.00015387307820091762,1.0982961221393348e-07,-6.457680450706072e-06,-0.00026084676333457157,0.021739130434782608,0.5438042571054358,0.38999907724137683,0.391304347826087,0.532608695652174
0.0,0,0,999,0.5,0.35,999999,92,92,36,49,37,48,-1.699613372430329e-05,-0.00015387307820091762,1.0982961221393348e-07,-6.457680450706072e-06,-0.00026084676333457157,0.021739130434782608,0.5438042571054358,0.38999907724137683,0.391304347826087,0.532608695652174
0.0,0,0,999,0.75,0.0,128,92,92,36,49,37,48,-1.699613372430329e-05,-0.00015387307820091762,1.0982961221393348e-07,-6.457680450706072e-06,-0.00026084676333457157,0.021739130434782608,0.5438042571054358,0.38999907724137683,0.391304347826087,0.532608695652174
0.0,0,0,999,0.75,0.0,999999,92,92,36,49,37,48,-1.699613372430329e-05,-0.00015387307820091762,1.0982961221393348e-07,-6.457680450706072e-06,-0.00026084676333457157,0.021739130434782608,0.5438042571054358,0.38999907724137683,0.391304347826087,0.532608695652174
0.0,0,0,999,0.75,0.25,128,92,92,36,49,37,48,-1.699613372430329e-05,-0.00015387307820091762,1.0982961221393348e-07,-6.457680450706072e-06,-0.00026084676333457157,0.021739130434782608,0.5438042571054358,0.38999907724137683,0.391304347826087,0.532608695652174
0.0,0,0,999,0.75,0.25,999999,92,92,36,49,37,48,-1.699613372430329e-05,-0.00015387307820091762,1.0982961221393348e-07,-6.457680450706072e-06,-0.00026084676333457157,0.021739130434782608,0.5438042571054358,0.38999907724137683,0.391304347826087,0.532608695652174
0.0,0,0,999,0.75,0.35,128,92,92,36,49,37,48,-1.699613372430329e-05,-0.00015387307820091762,1.0982961221393348e-07,-6.457680450706072e-06,-0.00026084676333457157,0.021739130434782608,0.5438042571054358,0.38999907724137683,0.391304347826087,0.532608695652174
0.0,0,0,999,0.75,0.35,999999,92,92,36,49,37,48,-1.699613372430329e-05,-0.00015387307820091762,1.0982961221393348e-07,-6.457680450706072e-06,-0.00026084676333457157,0.021739130434782608,0.5438042571054358,0.38999907724137683,0.391304347826087,0.532608695652174
0.0,0,0,999,1.0,0.0,128,92,92,36,49,37,48,-1.699613372430329e-05,-0.00015387307820091762,1.0982961221393348e-07,-6.457680450706072e-06,-0.00026084676333457157,0.021739130434782608,0.5438042571054358,0.38999907724137683,0.391304347826087,0.532608695652174
0.0,0,0,999,1.0,0.0,999999,92,92,36,49,37,48,-1.699613372430329e-05,-0.00015387307820091762,1.0982961221393348e-07,-6.457680450706072e-06,-0.00026084676333457157,0.021739130434782608,0.5438042571054358,0.38999907724137683,0.391304347826087,0.532608695652174
0.0,0,0,999,1.0,0.25,128,92,92,36,49,37,48,-1.699613372430329e-05,-0.00015387307820091762,1.0982961221393348e-07,-6.457680450706072e-06,-0.00026084676333457157,0.021739130434782608,0.5438042571054358,0.38999907724137683,0.391304347826087,0.532608695652174
0.0,0,0,999,1.0,0.25,999999,92,92,36,49,37,48,-1.699613372430329e-05,-0.00015387307820091762,1.0982961221393348e-07,-6.457680450706072e-06,-0.00026084676333457157,0.021739130434782608,0.5438042571054358,0.38999907724137683,0.391304347826087,0.532608695652174
0.0,0,0,999,1.0,0.35,128,92,92,36,49,37,48,-1.699613372430329e-05,-0.00015387307820091762,1.0982961221393348e-07,-6.457680450706072e-06,-0.00026084676333457157,0.021739130434782608,0.5438042571054358,0.38999907724137683,0.391304347826087,0.532608695652174
0.0,0,0,999,1.0,0.35,999999,92,92,36,49,37,48,-1.699613372430329e-05,-0.00015387307820091762,1.0982961221393348e-07,-6.457680450706072e-06,-0.00026084676333457157,0.021739130434782608,0.5438042571054358,0.38999907724137683,0.391304347826087,0.532608695652174
0.0,0,1,0,0.5,0.0,128,92,92,36,49,37,48,-1.699613372430329e-05,-0.00015387307820091762,1.0982961221393348e-07,-6.457680450706072e-06,-0.00026084676333457157,0.021739130434782608,0.5438042571054358,0.38999907724137683,0.391304347826087,0.532608695652174
0.0,0,1,0,0.5,0.0,999999,92,92,36,49,37,48,-1.699613372430329e-05,-0.00015387307820091762,1.0982961221393348e-07,-6.457680450706072e-06,-0.00026084676333457157,0.021739130434782608,0.5438042571054358,0.38999907724137683,0.391304347826087,0.532608695652174
0.0,0,1,0,0.5,0.25,128,92,92,36,49,37,48,-1.699613372430329e-05,-0.00015387307820091762,1.0982961221393348e-07,-6.457680450706072e-06,-0.00026084676333457157,0.021739130434782608,0.5438042571054358,0.38999907724137683,0.391304347826087,0.532608695652174
0.0,0,1,0,0.5,0.25,999999,92,92,36,49,37,48,-1.699613372430329e-05,-0.00015387307820091762,1.0982961221393348e-07,-6.457680450706072e-06,-0.00026084676333457157,0.021739130434782608,0.5438042571054358,0.38999907724137683,0.391304347826087,0.532608695652174
0.0,0,1,0,0.5,0.35,128,92,92,36,49,37,48,-1.699613372430329e-05,-0.00015387307820091762,1.0982961221393348e-07,-6.457680450706072e-06,-0.00026084676333457157,0.021739130434782608,0.5438042571054358,0.38999907724137683,0.391304347826087,0.532608695652174
0.0,0,1,0,0.5,0.35,999999,92,92,36,49,37,48,-1.699613372430329e-05,-0.00015387307820091762,1.0982961221393348e-07,-6.457680450706072e-06,-0.00026084676333457157,0.021739130434782608,0.5438042571054358,0.38999907724137683,0.391304347826087,0.532608695652174
0.0,0,1,0,0.75,0.0,128,92,92,36,49,37,48,-1.699613372430329e-05,-0.00015387307820091762,1.0982961221393348e-07,-6.457680450706072e-06,-0.00026084676333457157,0.021739130434782608,0.5438042571054358,0.38999907724137683,0.391304347826087,0.532608695652174
0.0,0,1,0,0.75,0.0,999999,92,92,36,49,37,48,-1.699613372430329e-05,-0.00015387307820091762,1.0982961221393348e-07,-6.457680450706072e-06,-0.00026084676333457157,0.021739130434782608,0.5438042571054358,0.38999907724137683,0.391304347826087,0.532608695652174
0.0,0,1,0,0.75,0.25,128,92,92,36,49,37,48,-1.699613372430329e-05,-0.00015387307820091762,1.0982961221393348e-07,-6.457680450706072e-06,-0.00026084676333457157,0.021739130434782608,0.5438042571054358,0.38999907724137683,0.391304347826087,0.532608695652174
0.0,0,1,0,0.75,0.25,999999,92,92,36,49,37,48,-1.699613372430329e-05,-0.00015387307820091762,1.0982961221393348e-07,-6.457680450706072e-06,-0.00026084676333457157,0.021739130434782608,0.5438042571054358,0.38999907724137683,0.391304347826087,0.532608695652174
0.0,0,1,0,0.75,0.35,128,92,92,36,49,37,48,-1.699613372430329e-05,-0.00015387307820091762,1.0982961221393348e-07,-6.457680450706072e-06,-0.00026084676333457157,0.021739130434782608,0.5438042571054358,0.38999907724137683,0.391304347826087,0.532608695652174
0.0,0,1,0,0.75,0.35,999999,92,92,36,49,37,48,-1.699613372430329e-05,-0.00015387307820091762,1.0982961221393348e-07,-6.457680450706072e-06,-0.00026084676333457157,0.021739130434782608,0.5438042571054358,0.38999907724137683,0.391304347826087,0.532608695652174
0.0,0,1,0,1.0,0.0,128,92,92,36,49,37,48,-1.699613372430329e-05,-0.00015387307820091762,1.0982961221393348e-07,-6.457680450706072e-06,-0.00026084676333457157,0.021739130434782608,0.5438042571054358,0.38999907724137683,0.391304347826087,0.532608695652174
0.0,0,1,0,1.0,0.0,999999,92,92,36,49,37,48,-1.699613372430329e-05,-0.00015387307820091762,1.0982961221393348e-07,-6.457680450706072e-06,-0.00026084676333457157,0.021739130434782608,0.5438042571054358,0.38999907724137683,0.391304347826087,0.532608695652174
0.0,0,1,0,1.0,0.25,128,92,92,36,49,37,48,-1.699613372430329e-05,-0.00015387307820091762,1.0982961221393348e-07,-6.457680450706072e-06,-0.00026084676333457157,0.021739130434782608,0.5438042571054358,0.38999907724137683,0.391304347826087,0.532608695652174
0.0,0,1,0,1.0,0.25,999999,92,92,36,49,37,48,-1.699613372430329e-05,-0.00015387307820091762,1.0982961221393348e-07,-6.457680450706072e-06,-0.00026084676333457157,0.021739130434782608,0.5438042571054358,0.38999907724137683,0.391304347826087,0.532608695652174
0.0,0,1,0,1.0,0.35,128,92,92,36,49,37,48,-1.699613372430329e-05,-0.00015387307820091762,1.0982961221393348e-07,-6.457680450706072e-06,-0.00026084676333457157,0.021739130434782608,0.5438042571054358,0.38999907724137683,0.391304347826087,0.532608695652174
0.0,0,1,0,1.0,0.35,999999,92,92,36,49,37,48,-1.699613372430329e-05,-0.00015387307820091762,1.0982961221393348e-07,-6.457680450706072e-06,-0.00026084676333457157,0.021739130434782608,0.5438042571054358,0.38999907724137683,0.391304347826087,0.532608695652174
0.0,0,1,1,0.5,0.0,128,92,92,36,49,37,48,-1.699613372430329e-05,-0.00015387307820091762,1.0982961221393348e-07,-6.457680450706072e-06,-0.00026084676333457157,0.021739130434782608,0.5438042571054358,0.38999907724137683,0.391304347826087,0.532608695652174
0.0,0,1,1,0.5,0.0,999999,92,92,36,49,37,48,-1.699613372430329e-05,-0.00015387307820091762,1.0982961221393348e-07,-6.457680450706072e-06,-0.00026084676333457157,0.021739130434782608,0.5438042571054358,0.38999907724137683,0.391304347826087,0.532608695652174
0.0,0,1,1,0.5,0.25,128,92,92,36,49,37,48,-1.699613372430329e-05,-0.00015387307820091762,1.0982961221393348e-07,-6.457680450706072e-06,-0.00026084676333457157,0.021739130434782608,0.5438042571054358,0.38999907724137683,0.391304347826087,0.532608695652174
0.0,0,1,1,0.5,0.25,999999,92,92,36,49,37,48,-1.699613372430329e-05,-0.00015387307820091762,1.0982961221393348e-07,-6.457680450706072e-06,-0.00026084676333457157,0.021739130434782608,0.5438042571054358,0.38999907724137683,0.391304347826087,0.532608695652174
0.0,0,1,1,0.5,0.35,128,92,92,36,49,37,48,-1.699613372430329e-05,-0.00015387307820091762,1.0982961221393348e-07,-6.457680450706072e-06,-0.00026084676333457157,0.021739130434782608,0.5438042571054358,0.38999907724137683,0.391304347826087,0.532608695652174
0.0,0,1,1,0.5,0.35,999999,92,92,36,49,37,48,-1.699613372430329e-05,-0.00015387307820091762,1.0982961221393348e-07,-6.457680450706072e-06,-0.00026084676333457157,0.021739130434782608,0.5438042571054358,0.38999907724137683,0.391304347826087,0.532608695652174
0.0,0,1,1,0.75,0.0,128,92,92,36,49,37,48,-1.699613372430329e-05,-0.00015387307820091762,1.0982961221393348e-07,-6.457680450706072e-06,-0.00026084676333457157,0.021739130434782608,0.5438042571054358,0.38999907724137683,0.391304347826087,0.532608695652174
0.0,0,1,1,0.75,0.0,999999,92,92,36,49,37,48,-1.699613372430329e-05,-0.00015387307820091762,1.0982961221393348e-07,-6.457680450706072e-06,-0.00026084676333457157,0.021739130434782608,0.5438042571054358,0.38999907724137683,0.391304347826087,0.532608695652174
0.0,0,1,1,0.75,0.25,128,92,92,36,49,37,48,-1.699613372430329e-05,-0.00015387307820091762,1.0982961221393348e-07,-6.457680450706072e-06,-0.00026084676333457157,0.021739130434782608,0.5438042571054358,0.38999907724137683,0.391304347826087,0.532608695652174
0.0,0,1,1,0.75,0.25,999999,92,92,36,49,37,48,-1.699613372430329e-05,-0.00015387307820091762,1.0982961221393348e-07,-6.457680450706072e-06,-0.00026084676333457157,0.021739130434782608,0.5438042571054358,0.38999907724137683,0.391304347826087,0.532608695652174
0.0,0,1,1,0.75,0.35,128,92,92,36,49,37,48,-1.699613372430329e-05,-0.00015387307820091762,1.0982961221393348e-07,-6.457680450706072e-06,-0.00026084676333457157,0.021739130434782608,0.5438042571054358,0.38999907724137683,0.391304347826087,0.532608695652174
0.0,0,1,1,0.75,0.35,999999,92,92,36,49,37,48,-1.699613372430329e-05,-0.00015387307820091762,1.0982961221393348e-07,-6.457680450706072e-06,-0.00026084676333457157,0.021739130434782608,0.5438042571054358,0.38999907724137683,0.391304347826087,0.532608695652174
0.0,0,1,1,1.0,0.0,128,92,92,36,49,37,48,-1.699613372430329e-05,-0.00015387307820091762,1.0982961221393348e-07,-6.457680450706072e-06,-0.00026084676333457157,0.021739130434782608,0.5438042571054358,0.38999907724137683,0.391304347826087,0.532608695652174
0.0,0,1,1,1.0,0.0,999999,92,92,36,49,37,48,-1.699613372430329e-05,-0.00015387307820091762,1.0982961221393348e-07,-6.457680450706072e-06,-0.00026084676333457157,0.021739130434782608,0.5438042571054358,0.38999907724137683,0.391304347826087,0.532608695652174
0.0,0,1,1,1.0,0.25,128,92,92,36,49,37,48,-1.699613372430329e-05,-0.00015387307820091762,1.0982961221393348e-07,-6.457680450706072e-06,-0.00026084676333457157,0.021739130434782608,0.5438042571054358,0.38999907724137683,0.391304347826087,0.532608695652174
0.0,0,1,1,1.0,0.25,999999,92,92,36,49,37,48,-1.699613372430329e-05,-0.00015387307820091762,1.0982961221393348e-07,-6.457680450706072e-06,-0.00026084676333457157,0.021739130434782608,0.5438042571054358,0.38999907724137683,0.391304347826087,0.532608695652174
0.0,0,1,1,1.0,0.35,128,92,92,36,49,37,48,-1.699613372430329e-05,-0.00015387307820091762,1.0982961221393348e-07,-6.457680450706072e-06,-0.00026084676333457157,0.021739130434782608,0.5438042571054358,0.38999907724137683,0.391304347826087,0.532608695652174
0.0,0,1,1,1.0,0.35,999999,92,92,36,49,37,48,-1.699613372430329e-05,-0.00015387307820091762,1.0982961221393348e-07,-6.457680450706072e-06,-0.00026084676333457157,0.021739130434782608,0.5438042571054358,0.38999907724137683,0.391304347826087,0.532608695652174
0.0,0,1,999,0.5,0.0,128,92,92,36,49,37,48,-1.699613372430329e-05,-0.00015387307820091762,1.0982961221393348e-07,-6.457680450706072e-06,-0.00026084676333457157,0.021739130434782608,0.5438042571054358,0.38999907724137683,0.391304347826087,0.532608695652174
0.0,0,1,999,0.5,0.0,999999,92,92,36,49,37,48,-1.699613372430329e-05,-0.00015387307820091762,1.0982961221393348e-07,-6.457680450706072e-06,-0.00026084676333457157,0.021739130434782608,0.5438042571054358,0.38999907724137683,0.391304347826087,0.532608695652174
0.0,0,1,999,0.5,0.25,128,92,92,36,49,37,48,-1.699613372430329e-05,-0.00015387307820091762,1.0982961221393348e-07,-6.457680450706072e-06,-0.00026084676333457157,0.021739130434782608,0.5438042571054358,0.38999907724137683,0.391304347826087,0.532608695652174
0.0,0,1,999,0.5,0.25,999999,92,92,36,49,37,48,-1.699613372430329e-05,-0.00015387307820091762,1.0982961221393348e-07,-6.457680450706072e-06,-0.00026084676333457157,0.021739130434782608,0.5438042571054358,0.38999907724137683,0.391304347826087,0.532608695652174
0.0,0,1,999,0.5,0.35,128,92,92,36,49,37,48,-1.699613372430329e-05,-0.00015387307820091762,1.0982961221393348e-07,-6.457680450706072e-06,-0.00026084676333457157,0.021739130434782608,0.5438042571054358,0.38999907724137683,0.391304347826087,0.532608695652174
0.0,0,1,999,0.5,0.35,999999,92,92,36,49,37,48,-1.699613372430329e-05,-0.00015387307820091762,1.0982961221393348e-07,-6.457680450706072e-06,-0.00026084676333457157,0.021739130434782608,0.5438042571054358,0.38999907724137683,0.391304347826087,0.532608695652174
0.0,0,1,999,0.75,0.0,128,92,92,36,49,37,48,-1.699613372430329e-05,-0.00015387307820091762,1.0982961221393348e-07,-6.457680450706072e-06,-0.00026084676333457157,0.021739130434782608,0.5438042571054358,0.38999907724137683,0.391304347826087,0.532608695652174
0.0,0,1,999,0.75,0.0,999999,92,92,36,49,37,48,-1.699613372430329e-05,-0.00015387307820091762,1.0982961221393348e-07,-6.457680450706072e-06,-0.00026084676333457157,0.021739130434782608,0.5438042571054358,0.38999907724137683,0.391304347826087,0.532608695652174
0.0,0,1,999,0.75,0.25,128,92,92,36,49,37,48,-1.699613372430329e-05,-0.00015387307820091762,1.0982961221393348e-07,-6.457680450706072e-06,-0.00026084676333457157,0.021739130434782608,0.5438042571054358,0.38999907724137683,0.391304347826087,0.532608695652174
0.0,0,1,999,0.75,0.25,999999,92,92,36,49,37,48,-1.699613372430329e-05,-0.00015387307820091762,1.0982961221393348e-07,-6.457680450706072e-06,-0.00026084676333457157,0.021739130434782608,0.5438042571054358,0.38999907724137683,0.391304347826087,0.532608695652174
0.0,0,1,999,0.75,0.35,128,92,92,36,49,37,48,-1.699613372430329e-05,-0.00015387307820091762,1.0982961221393348e-07,-6.457680450706072e-06,-0.00026084676333457157,0.021739130434782608,0.5438042571054358,0.38999907724137683,0.391304347826087,0.532608695652174
0.0,0,1,999,0.75,0.35,999999,92,92,36,49,37,48,-1.699613372430329e-05,-0.00015387307820091762,1.0982961221393348e-07,-6.457680450706072e-06,-0.00026084676333457157,0.021739130434782608,0.5438042571054358,0.38999907724137683,0.391304347826087,0.532608695652174
0.0,0,1,999,1.0,0.0,128,92,92,36,49,37,48,-1.699613372430329e-05,-0.00015387307820091762,1.0982961221393348e-07,-6.457680450706072e-06,-0.00026084676333457157,0.021739130434782608,0.5438042571054358,0.38999907724137683,0.391304347826087,0.532608695652174
0.0,0,1,999,1.0,0.0,999999,92,92,36,49,37,48,-1.699613372430329e-05,-0.00015387307820091762,1.0982961221393348e-07,-6.457680450706072e-06,-0.00026084676333457157,0.021739130434782608,0.5438042571054358,0.38999907724137683,0.391304347826087,0.532608695652174
0.0,0,1,999,1.0,0.25,128,92,92,36,49,37,48,-1.699613372430329e-05,-0.00015387307820091762,1.0982961221393348e-07,-6.457680450706072e-06,-0.00026084676333457157,0.021739130434782608,0.5438042571054358,0.38999907724137683,0.391304347826087,0.532608695652174
0.0,0,1,999,1.0,0.25,999999,92,92,36,49,37,48,-1.699613372430329e-05,-0.00015387307820091762,1.0982961221393348e-07,-6.457680450706072e-06,-0.00026084676333457157,0.021739130434782608,0.5438042571054358,0.38999907724137683,0.391304347826087,0.532608695652174
0.0,0,1,999,1.0,0.35,128,92,92,36,49,37,48,-1.699613372430329e-05,-0.00015387307820091762,1.0982961221393348e-07,-6.457680450706072e-06,-0.00026084676333457157,0.021739130434782608,0.5438042571054358,0.38999907724137683,0.391304347826087,0.532608695652174
0.0,0,1,999,1.0,0.35,999999,92,92,36,49,37,48,-1.699613372430329e-05,-0.00015387307820091762,1.0982961221393348e-07,-6.457680450706072e-06,-0.00026084676333457157,0.021739130434782608,0.5438042571054358,0.38999907724137683,0.391304347826087,0.532608695652174
0.0,0,999,0,0.5,0.0,128,92,92,36,49,37,48,-1.699613372430329e-05,-0.00015387307820091762,1.0982961221393348e-07,-6.457680450706072e-06,-0.00026084676333457157,0.021739130434782608,0.5438042571054358,0.38999907724137683,0.391304347826087,0.532608695652174
0.0,0,999,0,0.5,0.0,999999,92,92,36,49,37,48,-1.699613372430329e-05,-0.00015387307820091762,1.0982961221393348e-07,-6.457680450706072e-06,-0.00026084676333457157,0.021739130434782608,0.5438042571054358,0.38999907724137683,0.391304347826087,0.532608695652174
0.0,0,999,0,0.5,0.25,128,92,92,36,49,37,48,-1.699613372430329e-05,-0.00015387307820091762,1.0982961221393348e-07,-6.457680450706072e-06,-0.00026084676333457157,0.021739130434782608,0.5438042571054358,0.38999907724137683,0.391304347826087,0.532608695652174
0.0,0,999,0,0.5,0.25,999999,92,92,36,49,37,48,-1.699613372430329e-05,-0.00015387307820091762,1.0982961221393348e-07,-6.457680450706072e-06,-0.00026084676333457157,0.021739130434782608,0.5438042571054358,0.38999907724137683,0.391304347826087,0.532608695652174
0.0,0,999,0,0.5,0.35,128,92,92,36,49,37,48,-1.699613372430329e-05,-0.00015387307820091762,1.0982961221393348e-07,-6.457680450706072e-06,-0.00026084676333457157,0.021739130434782608,0.5438042571054358,0.38999907724137683,0.391304347826087,0.532608695652174
0.0,0,999,0,0.5,0.35,999999,92,92,36,49,37,48,-1.699613372430329e-05,-0.00015387307820091762,1.0982961221393348e-07,-6.457680450706072e-06,-0.00026084676333457157,0.021739130434782608,0.5438042571054358,0.38999907724137683,0.391304347826087,0.532608695652174
0.0,0,999,0,0.75,0.0,128,92,92,36,49,37,48,-1.699613372430329e-05,-0.00015387307820091762,1.0982961221393348e-07,-6.457680450706072e-06,-0.00026084676333457157,0.021739130434782608,0.5438042571054358,0.38999907724137683,0.391304347826087,0.532608695652174
0.0,0,999,0,0.75,0.0,999999,92,92,36,49,37,48,-1.699613372430329e-05,-0.00015387307820091762,1.0982961221393348e-07,-6.457680450706072e-06,-0.00026084676333457157,0.021739130434782608,0.5438042571054358,0.38999907724137683,0.391304347826087,0.532608695652174
0.0,0,999,0,0.75,0.25,128,92,92,36,49,37,48,-1.699613372430329e-05,-0.00015387307820091762,1.0982961221393348e-07,-6.457680450706072e-06,-0.00026084676333457157,0.021739130434782608,0.5438042571054358,0.38999907724137683,0.391304347826087,0.532608695652174
0.0,0,999,0,0.75,0.25,999999,92,92,36,49,37,48,-1.699613372430329e-05,-0.00015387307820091762,1.0982961221393348e-07,-6.457680450706072e-06,-0.00026084676333457157,0.021739130434782608,0.5438042571054358,0.38999907724137683,0.391304347826087,0.532608695652174
0.0,0,999,0,0.75,0.35,128,92,92,36,49,37,48,-1.699613372430329e-05,-0.00015387307820091762,1.0982961221393348e-07,-6.457680450706072e-06,-0.00026084676333457157,0.021739130434782608,0.5438042571054358,0.38999907724137683,0.391304347826087,0.532608695652174
0.0,0,999,0,0.75,0.35,999999,92,92,36,49,37,48,-1.699613372430329e-05,-0.00015387307820091762,1.0982961221393348e-07,-6.457680450706072e-06,-0.00026084676333457157,0.021739130434782608,0.5438042571054358,0.38999907724137683,0.391304347826087,0.532608695652174
0.0,0,999,0,1.0,0.0,128,92,92,36,49,37,48,-1.699613372430329e-05,-0.00015387307820091762,1.0982961221393348e-07,-6.457680450706072e-06,-0.00026084676333457157,0.021739130434782608,0.5438042571054358,0.38999907724137683,0.391304347826087,0.532608695652174
0.0,0,999,0,1.0,0.0,999999,92,92,36,49,37,48,-1.699613372430329e-05,-0.00015387307820091762,1.0982961221393348e-07,-6.457680450706072e-06,-0.00026084676333457157,0.021739130434782608,0.5438042571054358,0.38999907724137683,0.391304347826087,0.532608695652174
0.0,0,999,0,1.0,0.25,128,92,92,36,49,37,48,-1.699613372430329e-05,-0.00015387307820091762,1.0982961221393348e-07,-6.457680450706072e-06,-0.00026084676333457157,0.021739130434782608,0.5438042571054358,0.38999907724137683,0.391304347826087,0.532608695652174
0.0,0,999,0,1.0,0.25,999999,92,92,36,49,37,48,-1.699613372430329e-05,-0.00015387307820091762,1.0982961221393348e-07,-6.457680450706072e-06,-0.00026084676333457157,0.021739130434782608,0.5438042571054358,0.38999907724137683,0.391304347826087,0.532608695652174
0.0,0,999,0,1.0,0.35,128,92,92,36,49,37,48,-1.699613372430329e-05,-0.00015387307820091762,1.0982961221393348e-07,-6.457680450706072e-06,-0.00026084676333457157,0.021739130434782608,0.5438042571054358,0.38999907724137683,0.391304347826087,0.532608695652174
0.0,0,999,0,1.0,0.35,999999,92,92,36,49,37,48,-1.699613372430329e-05,-0.00015387307820091762,1.0982961221393348e-07,-6.457680450706072e-06,-0.00026084676333457157,0.021739130434782608,0.5438042571054358,0.38999907724137683,0.391304347826087,0.532608695652174
0.0,0,999,1,0.5,0.0,128,92,92,36,49,37,48,-1.699613372430329e-05,-0.00015387307820091762,1.0982961221393348e-07,-6.457680450706072e-06,-0.00026084676333457157,0.021739130434782608,0.5438042571054358,0.38999907724137683,0.391304347826087,0.532608695652174
0.0,0,999,1,0.5,0.0,999999,92,92,36,49,37,48,-1.699613372430329e-05,-0.00015387307820091762,1.0982961221393348e-07,-6.457680450706072e-06,-0.00026084676333457157,0.021739130434782608,0.5438042571054358,0.38999907724137683,0.391304347826087,0.532608695652174
0.0,0,999,1,0.5,0.25,128,92,92,36,49,37,48,-1.699613372430329e-05,-0.00015387307820091762,1.0982961221393348e-07,-6.457680450706072e-06,-0.00026084676333457157,0.021739130434782608,0.5438042571054358,0.38999907724137683,0.391304347826087,0.532608695652174
0.0,0,999,1,0.5,0.25,999999,92,92,36,49,37,48,-1.699613372430329e-05,-0.00015387307820091762,1.0982961221393348e-07,-6.457680450706072e-06,-0.00026084676333457157,0.021739130434782608,0.5438042571054358,0.38999907724137683,0.391304347826087,0.532608695652174
0.0,0,999,1,0.5,0.35,128,92,92,36,49,37,48,-1.699613372430329e-05,-0.00015387307820091762,1.0982961221393348e-07,-6.457680450706072e-06,-0.00026084676333457157,0.021739130434782608,0.5438042571054358,0.38999907724137683,0.391304347826087,0.532608695652174
0.0,0,999,1,0.5,0.35,999999,92,92,36,49,37,48,-1.699613372430329e-05,-0.00015387307820091762,1.0982961221393348e-07,-6.457680450706072e-06,-0.00026084676333457157,0.021739130434782608,0.5438042571054358,0.38999907724137683,0.391304347826087,0.532608695652174
0.0,0,999,1,0.75,0.0,128,92,92,36,49,37,48,-1.699613372430329e-05,-0.00015387307820091762,1.0982961221393348e-07,-6.457680450706072e-06,-0.00026084676333457157,0.021739130434782608,0.5438042571054358,0.38999907724137683,0.391304347826087,0.532608695652174
0.0,0,999,1,0.75,0.0,999999,92,92,36,49,37,48,-1.699613372430329e-05,-0.00015387307820091762,1.0982961221393348e-07,-6.457680450706072e-06,-0.00026084676333457157,0.021739130434782608,0.5438042571054358,0.38999907724137683,0.391304347826087,0.532608695652174
0.0,0,999,1,0.75,0.25,128,92,92,36,49,37,48,-1.699613372430329e-05,-0.00015387307820091762,1.0982961221393348e-07,-6.457680450706072e-06,-0.00026084676333457157,0.021739130434782608,0.5438042571054358,0.38999907724137683,0.391304347826087,0.532608695652174
0.0,0,999,1,0.75,0.25,999999,92,92,36,49,37,48,-1.699613372430329e-05,-0.00015387307820091762,1.0982961221393348e-07,-6.457680450706072e-06,-0.00026084676333457157,0.021739130434782608,0.5438042571054358,0.38999907724137683,0.391304347826087,0.532608695652174
0.0,0,999,1,0.75,0.35,128,92,92,36,49,37,48,-1.699613372430329e-05,-0.00015387307820091762,1.0982961221393348e-07,-6.457680450706072e-06,-0.00026084676333457157,0.021739130434782608,0.5438042571054358,0.38999907724137683,0.391304347826087,0.532608695652174
0.0,0,999,1,0.75,0.35,999999,92,92,36,49,37,48,-1.699613372430329e-05,-0.00015387307820091762,1.0982961221393348e-07,-6.457680450706072e-06,-0.00026084676333457157,0.021739130434782608,0.5438042571054358,0.38999907724137683,0.391304347826087,0.532608695652174
0.0,0,999,1,1.0,0.0,128,92,92,36,49,37,48,-1.699613372430329e-05,-0.00015387307820091762,1.0982961221393348e-07,-6.457680450706072e-06,-0.00026084676333457157,0.021739130434782608,0.5438042571054358,0.38999907724137683,0.391304347826087,0.532608695652174
0.0,0,999,1,1.0,0.0,999999,92,92,36,49,37,48,-1.699613372430329e-05,-0.00015387307820091762,1.0982961221393348e-07,-6.457680450706072e-06,-0.00026084676333457157,0.021739130434782608,0.5438042571054358,0.38999907724137683,0.391304347826087,0.532608695652174
0.0,0,999,1,1.0,0.25,128,92,92,36,49,37,48,-1.699613372430329e-05,-0.00015387307820091762,1.0982961221393348e-07,-6.457680450706072e-06,-0.00026084676333457157,0.021739130434782608,0.5438042571054358,0.38999907724137683,0.391304347826087,0.532608695652174
0.0,0,999,1,1.0,0.25,999999,92,92,36,49,37,48,-1.699613372430329e-05,-0.00015387307820091762,1.0982961221393348e-07,-6.457680450706072e-06,-0.00026084676333457157,0.021739130434782608,0.5438042571054358,0.38999907724137683,0.391304347826087,0.532608695652174
0.0,0,999,1,1.0,0.35,128,92,92,36,49,37,48,-1.699613372430329e-05,-0.00015387307820091762,1.0982961221393348e-07,-6.457680450706072e-06,-0.00026084676333457157,0.021739130434782608,0.5438042571054358,0.38999907724137683,0.391304347826087,0.532608695652174
0.0,0,999,1,1.0,0.35,999999,92,92,36,49,37,48,-1.699613372430329e-05,-0.00015387307820091762,1.0982961221393348e-07,-6.457680450706072e-06,-0.00026084676333457157,0.021739130434782608,0.5438042571054358,0.38999907724137683,0.391304347826087,0.532608695652174
0.0,0,999,999,0.5,0.0,128,92,92,36,49,37,48,-1.699613372430329e-05,-0.00015387307820091762,1.0982961221393348e-07,-6.457680450706072e-06,-0.00026084676333457157,0.021739130434782608,0.5438042571054358,0.38999907724137683,0.391304347826087,0.532608695652174
0.0,0,999,999,0.5,0.0,999999,92,92,36,49,37,48,-1.699613372430329e-05,-0.00015387307820091762,1.0982961221393348e-07,-6.457680450706072e-06,-0.00026084676333457157,0.021739130434782608,0.5438042571054358,0.38999907724137683,0.391304347826087,0.532608695652174
0.0,0,999,999,0.5,0.25,128,92,92,36,49,37,48,-1.699613372430329e-05,-0.00015387307820091762,1.0982961221393348e-07,-6.457680450706072e-06,-0.00026084676333457157,0.021739130434782608,0.5438042571054358,0.38999907724137683,0.391304347826087,0.532608695652174
0.0,0,999,999,0.5,0.25,999999,92,92,36,49,37,48,-1.699613372430329e-05,-0.00015387307820091762,1.0982961221393348e-07,-6.457680450706072e-06,-0.00026084676333457157,0.021739130434782608,0.5438042571054358,0.38999907724137683,0.391304347826087,0.532608695652174
0.0,0,999,999,0.5,0.35,128,92,92,36,49,37,48,-1.699613372430329e-05,-0.00015387307820091762,1.0982961221393348e-07,-6.457680450706072e-06,-0.00026084676333457157,0.021739130434782608,0.5438042571054358,0.38999907724137683,0.391304347826087,0.532608695652174
0.0,0,999,999,0.5,0.35,999999,92,92,36,49,37,48,-1.699613372430329e-05,-0.00015387307820091762,1.0982961221393348e-07,-6.457680450706072e-06,-0.00026084676333457157,0.021739130434782608,0.5438042571054358,0.38999907724137683,0.391304347826087,0.532608695652174
0.0,0,999,999,0.75,0.0,128,92,92,36,49,37,48,-1.699613372430329e-05,-0.00015387307820091762,1.0982961221393348e-07,-6.457680450706072e-06,-0.00026084676333457157,0.021739130434782608,0.5438042571054358,0.38999907724137683,0.391304347826087,0.532608695652174
0.0,0,999,999,0.75,0.0,999999,92,92,36,49,37,48,-1.699613372430329e-05,-0.00015387307820091762,1.0982961221393348e-07,-6.457680450706072e-06,-0.00026084676333457157,0.021739130434782608,0.5438042571054358,0.38999907724137683,0.391304347826087,0.532608695652174
0.0,0,999,999,0.75,0.25,128,92,92,36,49,37,48,-1.699613372430329e-05,-0.00015387307820091762,1.0982961221393348e-07,-6.457680450706072e-06,-0.00026084676333457157,0.021739130434782608,0.5438042571054358,0.38999907724137683,0.391304347826087,0.532608695652174
0.0,0,999,999,0.75,0.25,999999,92,92,36,49,37,48,-1.699613372430329e-05,-0.00015387307820091762,1.0982961221393348e-07,-6.457680450706072e-06,-0.00026084676333457157,0.021739130434782608,0.5438042571054358,0.38999907724137683,0.391304347826087,0.532608695652174
0.0,0,999,999,0.75,0.35,128,92,92,36,49,37,48,-1.699613372430329e-05,-0.00015387307820091762,1.0982961221393348e-07,-6.457680450706072e-06,-0.00026084676333457157,0.021739130434782608,0.5438042571054358,0.38999907724137683,0.391304347826087,0.532608695652174
0.0,0,999,999,0.75,0.35,999999,92,92,36,49,37,48,-1.699613372430329e-05,-0.00015387307820091762,1.0982961221393348e-07,-6.457680450706072e-06,-0.00026084676333457157,0.021739130434782608,0.5438042571054358,0.38999907724137683,0.391304347826087,0.532608695652174
0.0,0,999,999,1.0,0.0,128,92,92,36,49,37,48,-1.699613372430329e-05,-0.00015387307820091762,1.0982961221393348e-07,-6.457680450706072e-06,-0.00026084676333457157,0.021739130434782608,0.5438042571054358,0.38999907724137683,0.391304347826087,0.532608695652174
0.0,0,999,999,1.0,0.0,999999,92,92,36,49,37,48,-1.699613372430329e-05,-0.00015387307820091762,1.0982961221393348e-07,-6.457680450706072e-06,-0.00026084676333457157,0.021739130434782608,0.5438042571054358,0.38999907724137683,0.391304347826087,0.532608695652174
0.0,0,999,999,1.0,0.25,128,92,92,36,49,37,48,-1.699613372430329e-05,-0.00015387307820091762,1.0982961221393348e-07,-6.457680450706072e-06,-0.00026084676333457157,0.021739130434782608,0.5438042571054358,0.38999907724137683,0.391304347826087,0.532608695652174
0.0,0,999,999,1.0,0.25,999999,92,92,36,49,37,48,-1.699613372430329e-05,-0.00015387307820091762,1.0982961221393348e-07,-6.457680450706072e-06,-0.00026084676333457157,0.021739130434782608,0.5438042571054358,0.38999907724137683,0.391304347826087,0.532608695652174
0.0,0,999,999,1.0,0.35,128,92,92,36,49,37,48,-1.699613372430329e-05,-0.00015387307820091762,1.0982961221393348e-07,-6.457680450706072e-06,-0.00026084676333457157,0.021739130434782608,0.5438042571054358,0.38999907724137683,0.391304347826087,0.532608695652174
0.0,0,999,999,1.0,0.35,999999,92,92,36,49,37,48,-1.699613372430329e-05,-0.00015387307820091762,1.0982961221393348e-07,-6.457680450706072e-06,-0.00026084676333457157,0.021739130434782608,0.5438042571054358,0.38999907724137683,0.391304347826087,0.532608695652174
0.0,1,0,0,0.5,0.0,128,92,92,36,49,37,48,-1.699613372430329e-05,-0.00015387307820091762,1.0982961221393348e-07,-6.457680450706072e-06,-0.00026084676333457157,0.021739130434782608,0.5438042571054358,0.38999907724137683,0.391304347826087,0.532608695652174
0.0,1,0,0,0.5,0.0,999999,92,92,36,49,37,48,-1.699613372430329e-05,-0.00015387307820091762,1.0982961221393348e-07,-6.457680450706072e-06,-0.00026084676333457157,0.021739130434782608,0.5438042571054358,0.38999907724137683,0.391304347826087,0.532608695652174
0.0,1,0,0,0.5,0.25,128,92,92,36,49,37,48,-1.699613372430329e-05,-0.00015387307820091762,1.0982961221393348e-07,-6.457680450706072e-06,-0.00026084676333457157,0.021739130434782608,0.5438042571054358,0.38999907724137683,0.391304347826087,0.532608695652174
0.0,1,0,0,0.5,0.25,999999,92,92,36,49,37,48,-1.699613372430329e-05,-0.00015387307820091762,1.0982961221393348e-07,-6.457680450706072e-06,-0.00026084676333457157,0.021739130434782608,0.5438042571054358,0.38999907724137683,0.391304347826087,0.532608695652174
0.0,1,0,0,0.5,0.35,128,92,92,36,49,37,48,-1.699613372430329e-05,-0.00015387307820091762,1.0982961221393348e-07,-6.457680450706072e-06,-0.00026084676333457157,0.021739130434782608,0.5438042571054358,0.38999907724137683,0.391304347826087,0.532608695652174
0.0,1,0,0,0.5,0.35,999999,92,92,36,49,37,48,-1.699613372430329e-05,-0.00015387307820091762,1.0982961221393348e-07,-6.457680450706072e-06,-0.00026084676333457157,0.021739130434782608,0.5438042571054358,0.38999907724137683,0.391304347826087,0.532608695652174
0.0,1,0,0,0.75,0.0,128,92,92,36,49,37,48,-1.699613372430329e-05,-0.00015387307820091762,1.0982961221393348e-07,-6.457680450706072e-06,-0.00026084676333457157,0.021739130434782608,0.5438042571054358,0.38999907724137683,0.391304347826087,0.532608695652174
0.0,1,0,0,0.75,0.0,999999,92,92,36,49,37,48,-1.699613372430329e-05,-0.00015387307820091762,1.0982961221393348e-07,-6.457680450706072e-06,-0.00026084676333457157,0.021739130434782608,0.5438042571054358,0.38999907724137683,0.391304347826087,0.532608695652174
0.0,1,0,0,0.75,0.25,128,92,92,36,49,37,48,-1.699613372430329e-05,-0.00015387307820091762,1.0982961221393348e-07,-6.457680450706072e-06,-0.00026084676333457157,0.021739130434782608,0.5438042571054358,0.38999907724137683,0.391304347826087,0.532608695652174
0.0,1,0,0,0.75,0.25,999999,92,92,36,49,37,48,-1.699613372430329e-05,-0.00015387307820091762,1.0982961221393348e-07,-6.457680450706072e-06,-0.00026084676333457157,0.021739130434782608,0.5438042571054358,0.38999907724137683,0.391304347826087,0.532608695652174
0.0,1,0,0,0.75,0.35,128,92,92,36,49,37,48,-1.699613372430329e-05,-0.00015387307820091762,1.0982961221393348e-07,-6.457680450706072e-06,-0.00026084676333457157,0.021739130434782608,0.5438042571054358,0.38999907724137683,0.391304347826087,0.532608695652174
0.0,1,0,0,0.75,0.35,999999,92,92,36,49,37,48,-1.699613372430329e-05,-0.00015387307820091762,1.0982961221393348e-07,-6.457680450706072e-06,-0.00026084676333457157,0.021739130434782608,0.5438042571054358,0.38999907724137683,0.391304347826087,0.532608695652174
0.0,1,0,0,1.0,0.0,128,92,92,36,49,37,48,-1.699613372430329e-05,-0.00015387307820091762,1.0982961221393348e-07,-6.457680450706072e-06,-0.00026084676333457157,0.021739130434782608,0.5438042571054358,0.38999907724137683,0.391304347826087,0.532608695652174
0.0,1,0,0,1.0,0.0,999999,92,92,36,49,37,48,-1.699613372430329e-05,-0.00015387307820091762,1.0982961221393348e-07,-6.457680450706072e-06,-0.00026084676333457157,0.021739130434782608,0.5438042571054358,0.38999907724137683,0.391304347826087,0.532608695652174
0.0,1,0,0,1.0,0.25,128,92,92,36,49,37,48,-1.699613372430329e-05,-0.00015387307820091762,1.0982961221393348e-07,-6.457680450706072e-06,-0.00026084676333457157,0.021739130434782608,0.5438042571054358,0.38999907724137683,0.391304347826087,0.532608695652174
0.0,1,0,0,1.0,0.25,999999,92,92,36,49,37,48,-1.699613372430329e-05,-0.00015387307820091762,1.0982961221393348e-07,-6.457680450706072e-06,-0.00026084676333457157,0.021739130434782608,0.5438042571054358,0.38999907724137683,0.391304347826087,0.532608695652174
0.0,1,0,0,1.0,0.35,128,92,92,36,49,37,48,-1.699613372430329e-05,-0.00015387307820091762,1.0982961221393348e-07,-6.457680450706072e-06,-0.00026084676333457157,0.021739130434782608,0.5438042571054358,0.38999907724137683,0.391304347826087,0.532608695652174
0.0,1,0,0,1.0,0.35,999999,92,92,36,49,37,48,-1.699613372430329e-05,-0.00015387307820091762,1.0982961221393348e-07,-6.457680450706072e-06,-0.00026084676333457157,0.021739130434782608,0.5438042571054358,0.38999907724137683,0.391304347826087,0.532608695652174
0.0,1,0,1,0.5,0.0,128,92,92,36,49,37,48,-1.699613372430329e-05,-0.00015387307820091762,1.0982961221393348e-07,-6.457680450706072e-06,-0.00026084676333457157,0.021739130434782608,0.5438042571054358,0.38999907724137683,0.391304347826087,0.532608695652174
0.0,1,0,1,0.5,0.0,999999,92,92,36,49,37,48,-1.699613372430329e-05,-0.00015387307820091762,1.0982961221393348e-07,-6.457680450706072e-06,-0.00026084676333457157,0.021739130434782608,0.5438042571054358,0.38999907724137683,0.391304347826087,0.532608695652174
0.0,1,0,1,0.5,0.25,128,92,92,36,49,37,48,-1.699613372430329e-05,-0.00015387307820091762,1.0982961221393348e-07,-6.457680450706072e-06,-0.00026084676333457157,0.021739130434782608,0.5438042571054358,0.38999907724137683,0.391304347826087,0.532608695652174
0.0,1,0,1,0.5,0.25,999999,92,92,36,49,37,48,-1.699613372430329e-05,-0.00015387307820091762,1.0982961221393348e-07,-6.457680450706072e-06,-0.00026084676333457157,0.021739130434782608,0.5438042571054358,0.38999907724137683,0.391304347826087,0.532608695652174
0.0,1,0,1,0.5,0.35,128,92,92,36,49,37,48,-1.699613372430329e-05,-0.00015387307820091762,1.0982961221393348e-07,-6.457680450706072e-06,-0.00026084676333457157,0.021739130434782608,0.5438042571054358,0.38999907724137683,0.391304347826087,0.532608695652174
0.0,1,0,1,0.5,0.35,999999,92,92,36,49,37,48,-1.699613372430329e-05,-0.00015387307820091762,1.0982961221393348e-07,-6.457680450706072e-06,-0.00026084676333457157,0.021739130434782608,0.5438042571054358,0.38999907724137683,0.391304347826087,0.532608695652174
0.0,1,0,1,0.75,0.0,128,92,92,36,49,37,48,-1.699613372430329e-05,-0.00015387307820091762,1.0982961221393348e-07,-6.457680450706072e-06,-0.00026084676333457157,0.021739130434782608,0.5438042571054358,0.38999907724137683,0.391304347826087,0.532608695652174
0.0,1,0,1,0.75,0.0,999999,92,92,36,49,37,48,-1.699613372430329e-05,-0.00015387307820091762,1.0982961221393348e-07,-6.457680450706072e-06,-0.00026084676333457157,0.021739130434782608,0.5438042571054358,0.38999907724137683,0.391304347826087,0.532608695652174
0.0,1,0,1,0.75,0.25,128,92,92,36,49,37,48,-1.699613372430329e-05,-0.00015387307820091762,1.0982961221393348e-07,-6.457680450706072e-06,-0.00026084676333457157,0.021739130434782608,0.5438042571054358,0.38999907724137683,0.391304347826087,0.532608695652174
0.0,1,0,1,0.75,0.25,999999,92,92,36,49,37,48,-1.699613372430329e-05,-0.00015387307820091762,1.0982961221393348e-07,-6.457680450706072e-06,-0.00026084676333457157,0.021739130434782608,0.5438042571054358,0.38999907724137683,0.391304347826087,0.532608695652174
0.0,1,0,1,0.75,0.35,128,92,92,36,49,37,48,-1.699613372430329e-05,-0.00015387307820091762,1.0982961221393348e-07,-6.457680450706072e-06,-0.00026084676333457157,0.021739130434782608,0.5438042571054358,0.38999907724137683,0.391304347826087,0.532608695652174
0.0,1,0,1,0.75,0.35,999999,92,92,36,49,37,48,-1.699613372430329e-05,-0.00015387307820091762,1.0982961221393348e-07,-6.457680450706072e-06,-0.00026084676333457157,0.021739130434782608,0.5438042571054358,0.38999907724137683,0.391304347826087,0.532608695652174
0.0,1,0,1,1.0,0.0,128,92,92,36,49,37,48,-1.699613372430329e-05,-0.00015387307820091762,1.0982961221393348e-07,-6.457680450706072e-06,-0.00026084676333457157,0.021739130434782608,0.5438042571054358,0.38999907724137683,0.391304347826087,0.532608695652174
0.0,1,0,1,1.0,0.0,999999,92,92,36,49,37,48,-1.699613372430329e-05,-0.00015387307820091762,1.0982961221393348e-07,-6.457680450706072e-06,-0.00026084676333457157,0.021739130434782608,0.5438042571054358,0.38999907724137683,0.391304347826087,0.532608695652174
0.0,1,0,1,1.0,0.25,128,92,92,36,49,37,48,-1.699613372430329e-05,-0.00015387307820091762,1.0982961221393348e-07,-6.457680450706072e-06,-0.00026084676333457157,0.021739130434782608,0.5438042571054358,0.38999907724137683,0.391304347826087,0.532608695652174
0.0,1,0,1,1.0,0.25,999999,92,92,36,49,37,48,-1.699613372430329e-05,-0.00015387307820091762,1.0982961221393348e-07,-6.457680450706072e-06,-0.00026084676333457157,0.021739130434782608,0.5438042571054358,0.38999907724137683,0.391304347826087,0.532608695652174
0.0,1,0,1,1.0,0.35,128,92,92,36,49,37,48,-1.699613372430329e-05,-0.00015387307820091762,1.0982961221393348e-07,-6.457680450706072e-06,-0.00026084676333457157,0.021739130434782608,0.5438042571054358,0.38999907724137683,0.391304347826087,0.532608695652174
0.0,1,0,1,1.0,0.35,999999,92,92,36,49,37,48,-1.699613372430329e-05,-0.00015387307820091762,1.0982961221393348e-07,-6.457680450706072e-06,-0.00026084676333457157,0.021739130434782608,0.5438042571054358,0.38999907724137683,0.391304347826087,0.532608695652174
0.0,1,0,999,0.5,0.0,128,92,92,36,49,37,48,-1.699613372430329e-05,-0.00015387307820091762,1.0982961221393348e-07,-6.457680450706072e-06,-0.00026084676333457157,0.021739130434782608,0.5438042571054358,0.38999907724137683,0.391304347826087,0.532608695652174
0.0,1,0,999,0.5,0.0,999999,92,92,36,49,37,48,-1.699613372430329e-05,-0.00015387307820091762,1.0982961221393348e-07,-6.457680450706072e-06,-0.00026084676333457157,0.021739130434782608,0.5438042571054358,0.38999907724137683,0.391304347826087,0.532608695652174
0.0,1,0,999,0.5,0.25,128,92,92,36,49,37,48,-1.699613372430329e-05,-0.00015387307820091762,1.0982961221393348e-07,-6.457680450706072e-06,-0.00026084676333457157,0.021739130434782608,0.5438042571054358,0.38999907724137683,0.391304347826087,0.532608695652174
0.0,1,0,999,0.5,0.25,999999,92,92,36,49,37,48,-1.699613372430329e-05,-0.00015387307820091762,1.0982961221393348e-07,-6.457680450706072e-06,-0.00026084676333457157,0.021739130434782608,0.5438042571054358,0.38999907724137683,0.391304347826087,0.532608695652174
0.0,1,0,999,0.5,0.35,128,92,92,36,49,37,48,-1.699613372430329e-05,-0.00015387307820091762,1.0982961221393348e-07,-6.457680450706072e-06,-0.00026084676333457157,0.021739130434782608,0.5438042571054358,0.38999907724137683,0.391304347826087,0.532608695652174
0.0,1,0,999,0.5,0.35,999999,92,92,36,49,37,48,-1.699613372430329e-05,-0.00015387307820091762,1.0982961221393348e-07,-6.457680450706072e-06,-0.00026084676333457157,0.021739130434782608,0.5438042571054358,0.38999907724137683,0.391304347826087,0.532608695652174
0.0,1,0,999,0.75,0.0,128,92,92,36,49,37,48,-1.699613372430329e-05,-0.00015387307820091762,1.0982961221393348e-07,-6.457680450706072e-06,-0.00026084676333457157,0.021739130434782608,0.5438042571054358,0.38999907724137683,0.391304347826087,0.532608695652174
0.0,1,0,999,0.75,0.0,999999,92,92,36,49,37,48,-1.699613372430329e-05,-0.00015387307820091762,1.0982961221393348e-07,-6.457680450706072e-06,-0.00026084676333457157,0.021739130434782608,0.5438042571054358,0.38999907724137683,0.391304347826087,0.532608695652174
0.0,1,0,999,0.75,0.25,128,92,92,36,49,37,48,-1.699613372430329e-05,-0.00015387307820091762,1.0982961221393348e-07,-6.457680450706072e-06,-0.00026084676333457157,0.021739130434782608,0.5438042571054358,0.38999907724137683,0.391304347826087,0.532608695652174
0.0,1,0,999,0.75,0.25,999999,92,92,36,49,37,48,-1.699613372430329e-05,-0.00015387307820091762,1.0982961221393348e-07,-6.457680450706072e-06,-0.00026084676333457157,0.021739130434782608,0.5438042571054358,0.38999907724137683,0.391304347826087,0.532608695652174
0.0,1,0,999,0.75,0.35,128,92,92,36,49,37,48,-1.699613372430329e-05,-0.00015387307820091762,1.0982961221393348e-07,-6.457680450706072e-06,-0.00026084676333457157,0.021739130434782608,0.5438042571054358,0.38999907724137683,0.391304347826087,0.532608695652174
0.0,1,0,999,0.75,0.35,999999,92,92,36,49,37,48,-1.699613372430329e-05,-0.00015387307820091762,1.0982961221393348e-07,-6.457680450706072e-06,-0.00026084676333457157,0.021739130434782608,0.5438042571054358,0.38999907724137683,0.391304347826087,0.532608695652174
0.0,1,0,999,1.0,0.0,128,92,92,36,49,37,48,-1.699613372430329e-05,-0.00015387307820091762,1.0982961221393348e-07,-6.457680450706072e-06,-0.00026084676333457157,0.021739130434782608,0.5438042571054358,0.38999907724137683,0.391304347826087,0.532608695652174
0.0,1,0,999,1.0,0.0,999999,92,92,36,49,37,48,-1.699613372430329e-05,-0.00015387307820091762,1.0982961221393348e-07,-6.457680450706072e-06,-0.00026084676333457157,0.021739130434782608,0.5438042571054358,0.38999907724137683,0.391304347826087,0.532608695652174
0.0,1,0,999,1.0,0.25,128,92,92,36,49,37,48,-1.699613372430329e-05,-0.00015387307820091762,1.0982961221393348e-07,-6.457680450706072e-06,-0.00026084676333457157,0.021739130434782608,0.5438042571054358,0.38999907724137683,0.391304347826087,0.532608695652174
0.0,1,0,999,1.0,0.25,999999,92,92,36,49,37,48,-1.699613372430329e-05,-0.00015387307820091762,1.0982961221393348e-07,-6.457680450706072e-06,-0.00026084676333457157,0.021739130434782608,0.5438042571054358,0.38999907724137683,0.391304347826087,0.532608695652174
0.0,1,0,999,1.0,0.35,128,92,92,36,49,37,48,-1.699613372430329e-05,-0.00015387307820091762,1.0982961221393348e-07,-6.457680450706072e-06,-0.00026084676333457157,0.021739130434782608,0.5438042571054358,0.38999907724137683,0.391304347826087,0.532608695652174
0.0,1,0,999,1.0,0.35,999999,92,92,36,49,37,48,-1.699613372430329e-05,-0.00015387307820091762,1.0982961221393348e-07,-6.457680450706072e-06,-0.00026084676333457157,0.021739130434782608,0.5438042571054358,0.38999907724137683,0.391304347826087,0.532608695652174
0.0,1,1,0,0.5,0.0,128,92,92,36,49,37,48,-1.699613372430329e-05,-0.00015387307820091762,1.0982961221393348e-07,-6.457680450706072e-06,-0.00026084676333457157,0.021739130434782608,0.5438042571054358,0.38999907724137683,0.391304347826087,0.532608695652174
0.0,1,1,0,0.5,0.0,999999,92,92,36,49,37,48,-1.699613372430329e-05,-0.00015387307820091762,1.0982961221393348e-07,-6.457680450706072e-06,-0.00026084676333457157,0.021739130434782608,0.5438042571054358,0.38999907724137683,0.391304347826087,0.532608695652174
0.0,1,1,0,0.5,0.25,128,92,92,36,49,37,48,-1.699613372430329e-05,-0.00015387307820091762,1.0982961221393348e-07,-6.457680450706072e-06,-0.00026084676333457157,0.021739130434782608,0.5438042571054358,0.38999907724137683,0.391304347826087,0.532608695652174
0.0,1,1,0,0.5,0.25,999999,92,92,36,49,37,48,-1.699613372430329e-05,-0.00015387307820091762,1.0982961221393348e-07,-6.457680450706072e-06,-0.00026084676333457157,0.021739130434782608,0.5438042571054358,0.38999907724137683,0.391304347826087,0.532608695652174
0.0,1,1,0,0.5,0.35,128,92,92,36,49,37,48,-1.699613372430329e-05,-0.00015387307820091762,1.0982961221393348e-07,-6.457680450706072e-06,-0.00026084676333457157,0.021739130434782608,0.5438042571054358,0.38999907724137683,0.391304347826087,0.532608695652174
0.0,1,1,0,0.5,0.35,999999,92,92,36,49,37,48,-1.699613372430329e-05,-0.00015387307820091762,1.0982961221393348e-07,-6.457680450706072e-06,-0.00026084676333457157,0.021739130434782608,0.5438042571054358,0.38999907724137683,0.391304347826087,0.532608695652174
0.0,1,1,0,0.75,0.0,128,92,92,36,49,37,48,-1.699613372430329e-05,-0.00015387307820091762,1.0982961221393348e-07,-6.457680450706072e-06,-0.00026084676333457157,0.021739130434782608,0.5438042571054358,0.38999907724137683,0.391304347826087,0.532608695652174
0.0,1,1,0,0.75,0.0,999999,92,92,36,49,37,48,-1.699613372430329e-05,-0.00015387307820091762,1.0982961221393348e-07,-6.457680450706072e-06,-0.00026084676333457157,0.021739130434782608,0.5438042571054358,0.38999907724137683,0.391304347826087,0.532608695652174
0.0,1,1,0,0.75,0.25,128,92,92,36,49,37,48,-1.699613372430329e-05,-0.00015387307820091762,1.0982961221393348e-07,-6.457680450706072e-06,-0.00026084676333457157,0.021739130434782608,0.5438042571054358,0.38999907724137683,0.391304347826087,0.532608695652174
0.0,1,1,0,0.75,0.25,999999,92,92,36,49,37,48,-1.699613372430329e-05,-0.00015387307820091762,1.0982961221393348e-07,-6.457680450706072e-06,-0.00026084676333457157,0.021739130434782608,0.5438042571054358,0.38999907724137683,0.391304347826087,0.532608695652174
0.0,1,1,0,0.75,0.35,128,92,92,36,49,37,48,-1.699613372430329e-05,-0.00015387307820091762,1.0982961221393348e-07,-6.457680450706072e-06,-0.00026084676333457157,0.021739130434782608,0.5438042571054358,0.38999907724137683,0.391304347826087,0.532608695652174
0.0,1,1,0,0.75,0.35,999999,92,92,36,49,37,48,-1.699613372430329e-05,-0.00015387307820091762,1.0982961221393348e-07,-6.457680450706072e-06,-0.00026084676333457157,0.021739130434782608,0.5438042571054358,0.38999907724137683,0.391304347826087,0.532608695652174
0.0,1,1,0,1.0,0.0,128,92,92,36,49,37,48,-1.699613372430329e-05,-0.00015387307820091762,1.0982961221393348e-07,-6.457680450706072e-06,-0.00026084676333457157,0.021739130434782608,0.5438042571054358,0.38999907724137683,0.391304347826087,0.532608695652174
0.0,1,1,0,1.0,0.0,999999,92,92,36,49,37,48,-1.699613372430329e-05,-0.00015387307820091762,1.0982961221393348e-07,-6.457680450706072e-06,-0.00026084676333457157,0.021739130434782608,0.5438042571054358,0.38999907724137683,0.391304347826087,0.532608695652174
0.0,1,1,0,1.0,0.25,128,92,92,36,49,37,48,-1.699613372430329e-05,-0.00015387307820091762,1.0982961221393348e-07,-6.457680450706072e-06,-0.00026084676333457157,0.021739130434782608,0.5438042571054358,0.38999907724137683,0.391304347826087,0.532608695652174
0.0,1,1,0,1.0,0.25,999999,92,92,36,49,37,48,-1.699613372430329e-05,-0.00015387307820091762,1.0982961221393348e-07,-6.457680450706072e-06,-0.00026084676333457157,0.021739130434782608,0.5438042571054358,0.38999907724137683,0.391304347826087,0.532608695652174
0.0,1,1,0,1.0,0.35,128,92,92,36,49,37,48,-1.699613372430329e-05,-0.00015387307820091762,1.0982961221393348e-07,-6.457680450706072e-06,-0.00026084676333457157,0.021739130434782608,0.5438042571054358,0.38999907724137683,0.391304347826087,0.532608695652174
0.0,1,1,0,1.0,0.35,999999,92,92,36,49,37,48,-1.699613372430329e-05,-0.00015387307820091762,1.0982961221393348e-07,-6.457680450706072e-06,-0.00026084676333457157,0.021739130434782608,0.5438042571054358,0.38999907724137683,0.391304347826087,0.532608695652174
0.0,1,1,1,0.5,0.0,128,92,92,36,49,37,48,-1.699613372430329e-05,-0.00015387307820091762,1.0982961221393348e-07,-6.457680450706072e-06,-0.00026084676333457157,0.021739130434782608,0.5438042571054358,0.38999907724137683,0.391304347826087,0.532608695652174
0.0,1,1,1,0.5,0.0,999999,92,92,36,49,37,48,-1.699613372430329e-05,-0.00015387307820091762,1.0982961221393348e-07,-6.457680450706072e-06,-0.00026084676333457157,0.021739130434782608,0.5438042571054358,0.38999907724137683,0.391304347826087,0.532608695652174
0.0,1,1,1,0.5,0.25,128,92,92,36,49,37,48,-1.699613372430329e-05,-0.00015387307820091762,1.0982961221393348e-07,-6.457680450706072e-06,-0.00026084676333457157,0.021739130434782608,0.5438042571054358,0.38999907724137683,0.391304347826087,0.532608695652174
0.0,1,1,1,0.5,0.25,999999,92,92,36,49,37,48,-1.699613372430329e-05,-0.00015387307820091762,1.0982961221393348e-07,-6.457680450706072e-06,-0.00026084676333457157,0.021739130434782608,0.5438042571054358,0.38999907724137683,0.391304347826087,0.532608695652174
0.0,1,1,1,0.5,0.35,128,92,92,36,49,37,48,-1.699613372430329e-05,-0.00015387307820091762,1.0982961221393348e-07,-6.457680450706072e-06,-0.00026084676333457157,0.021739130434782608,0.5438042571054358,0.38999907724137683,0.391304347826087,0.532608695652174
0.0,1,1,1,0.5,0.35,999999,92,92,36,49,37,48,-1.699613372430329e-05,-0.00015387307820091762,1.0982961221393348e-07,-6.457680450706072e-06,-0.00026084676333457157,0.021739130434782608,0.5438042571054358,0.38999907724137683,0.391304347826087,0.532608695652174
0.0,1,1,1,0.75,0.0,128,92,92,36,49,37,48,-1.699613372430329e-05,-0.00015387307820091762,1.0982961221393348e-07,-6.457680450706072e-06,-0.00026084676333457157,0.021739130434782608,0.5438042571054358,0.38999907724137683,0.391304347826087,0.532608695652174
0.0,1,1,1,0.75,0.0,999999,92,92,36,49,37,48,-1.699613372430329e-05,-0.00015387307820091762,1.0982961221393348e-07,-6.457680450706072e-06,-0.00026084676333457157,0.021739130434782608,0.5438042571054358,0.38999907724137683,0.391304347826087,0.532608695652174
0.0,1,1,1,0.75,0.25,128,92,92,36,49,37,48,-1.699613372430329e-05,-0.00015387307820091762,1.0982961221393348e-07,-6.457680450706072e-06,-0.00026084676333457157,0.021739130434782608,0.5438042571054358,0.38999907724137683,0.391304347826087,0.532608695652174
0.0,1,1,1,0.75,0.25,999999,92,92,36,49,37,48,-1.699613372430329e-05,-0.00015387307820091762,1.0982961221393348e-07,-6.457680450706072e-06,-0.00026084676333457157,0.021739130434782608,0.5438042571054358,0.38999907724137683,0.391304347826087,0.532608695652174
0.0,1,1,1,0.75,0.35,128,92,92,36,49,37,48,-1.699613372430329e-05,-0.00015387307820091762,1.0982961221393348e-07,-6.457680450706072e-06,-0.00026084676333457157,0.021739130434782608,0.5438042571054358,0.38999907724137683,0.391304347826087,0.532608695652174
0.0,1,1,1,0.75,0.35,999999,92,92,36,49,37,48,-1.699613372430329e-05,-0.00015387307820091762,1.0982961221393348e-07,-6.457680450706072e-06,-0.00026084676333457157,0.021739130434782608,0.5438042571054358,0.38999907724137683,0.391304347826087,0.532608695652174
0.0,1,1,1,1.0,0.0,128,92,92,36,49,37,48,-1.699613372430329e-05,-0.00015387307820091762,1.0982961221393348e-07,-6.457680450706072e-06,-0.00026084676333457157,0.021739130434782608,0.5438042571054358,0.38999907724137683,0.391304347826087,0.532608695652174
0.0,1,1,1,1.0,0.0,999999,92,92,36,49,37,48,-1.699613372430329e-05,-0.00015387307820091762,1.0982961221393348e-07,-6.457680450706072e-06,-0.00026084676333457157,0.021739130434782608,0.5438042571054358,0.38999907724137683,0.391304347826087,0.532608695652174
0.0,1,1,1,1.0,0.25,128,92,92,36,49,37,48,-1.699613372430329e-05,-0.00015387307820091762,1.0982961221393348e-07,-6.457680450706072e-06,-0.00026084676333457157,0.021739130434782608,0.5438042571054358,0.38999907724137683,0.391304347826087,0.532608695652174
0.0,1,1,1,1.0,0.25,999999,92,92,36,49,37,48,-1.699613372430329e-05,-0.00015387307820091762,1.0982961221393348e-07,-6.457680450706072e-06,-0.00026084676333457157,0.021739130434782608,0.5438042571054358,0.38999907724137683,0.391304347826087,0.532608695652174
0.0,1,1,1,1.0,0.35,128,92,92,36,49,37,48,-1.699613372430329e-05,-0.00015387307820091762,1.0982961221393348e-07,-6.457680450706072e-06,-0.00026084676333457157,0.021739130434782608,0.5438042571054358,0.38999907724137683,0.391304347826087,0.532608695652174
0.0,1,1,1,1.0,0.35,999999,92,92,36,49,37,48,-1.699613372430329e-05,-0.00015387307820091762,1.0982961221393348e-07,-6.457680450706072e-06,-0.00026084676333457157,0.021739130434782608,0.5438042571054358,0.38999907724137683,0.391304347826087,0.532608695652174
0.0,1,1,999,0.5,0.0,128,92,92,36,49,37,48,-1.699613372430329e-05,-0.00015387307820091762,1.0982961221393348e-07,-6.457680450706072e-06,-0.00026084676333457157,0.021739130434782608,0.5438042571054358,0.38999907724137683,0.391304347826087,0.532608695652174
0.0,1,1,999,0.5,0.0,999999,92,92,36,49,37,48,-1.699613372430329e-05,-0.00015387307820091762,1.0982961221393348e-07,-6.457680450706072e-06,-0.00026084676333457157,0.021739130434782608,0.5438042571054358,0.38999907724137683,0.391304347826087,0.532608695652174
0.0,1,1,999,0.5,0.25,128,92,92,36,49,37,48,-1.699613372430329e-05,-0.00015387307820091762,1.0982961221393348e-07,-6.457680450706072e-06,-0.00026084676333457157,0.021739130434782608,0.5438042571054358,0.38999907724137683,0.391304347826087,0.532608695652174
0.0,1,1,999,0.5,0.25,999999,92,92,36,49,37,48,-1.699613372430329e-05,-0.00015387307820091762,1.0982961221393348e-07,-6.457680450706072e-06,-0.00026084676333457157,0.021739130434782608,0.5438042571054358,0.38999907724137683,0.391304347826087,0.532608695652174
0.0,1,1,999,0.5,0.35,128,92,92,36,49,37,48,-1.699613372430329e-05,-0.00015387307820091762,1.0982961221393348e-07,-6.457680450706072e-06,-0.00026084676333457157,0.021739130434782608,0.5438042571054358,0.38999907724137683,0.391304347826087,0.532608695652174
0.0,1,1,999,0.5,0.35,999999,92,92,36,49,37,48,-1.699613372430329e-05,-0.00015387307820091762,1.0982961221393348e-07,-6.457680450706072e-06,-0.00026084676333457157,0.021739130434782608,0.5438042571054358,0.38999907724137683,0.391304347826087,0.532608695652174
0.0,1,1,999,0.75,0.0,128,92,92,36,49,37,48,-1.699613372430329e-05,-0.00015387307820091762,1.0982961221393348e-07,-6.457680450706072e-06,-0.00026084676333457157,0.021739130434782608,0.5438042571054358,0.38999907724137683,0.391304347826087,0.532608695652174
0.0,1,1,999,0.75,0.0,999999,92,92,36,49,37,48,-1.699613372430329e-05,-0.00015387307820091762,1.0982961221393348e-07,-6.457680450706072e-06,-0.00026084676333457157,0.021739130434782608,0.5438042571054358,0.38999907724137683,0.391304347826087,0.532608695652174
0.0,1,1,999,0.75,0.25,128,92,92,36,49,37,48,-1.699613372430329e-05,-0.00015387307820091762,1.0982961221393348e-07,-6.457680450706072e-06,-0.00026084676333457157,0.021739130434782608,0.5438042571054358,0.38999907724137683,0.391304347826087,0.532608695652174
0.0,1,1,999,0.75,0.25,999999,92,92,36,49,37,48,-1.699613372430329e-05,-0.00015387307820091762,1.0982961221393348e-07,-6.457680450706072e-06,-0.00026084676333457157,0.021739130434782608,0.5438042571054358,0.38999907724137683,0.391304347826087,0.532608695652174
0.0,1,1,999,0.75,0.35,128,92,92,36,49,37,48,-1.699613372430329e-05,-0.00015387307820091762,1.0982961221393348e-07,-6.457680450706072e-06,-0.00026084676333457157,0.021739130434782608,0.5438042571054358,0.38999907724137683,0.391304347826087,0.532608695652174
0.0,1,1,999,0.75,0.35,999999,92,92,36,49,37,48,-1.699613372430329e-05,-0.00015387307820091762,1.0982961221393348e-07,-6.457680450706072e-06,-0.00026084676333457157,0.021739130434782608,0.5438042571054358,0.38999907724137683,0.391304347826087,0.532608695652174
0.0,1,1,999,1.0,0.0,128,92,92,36,49,37,48,-1.699613372430329e-05,-0.00015387307820091762,1.0982961221393348e-07,-6.457680450706072e-06,-0.00026084676333457157,0.021739130434782608,0.5438042571054358,0.38999907724137683,0.391304347826087,0.532608695652174
0.0,1,1,999,1.0,0.0,999999,92,92,36,49,37,48,-1.699613372430329e-05,-0.00015387307820091762,1.0982961221393348e-07,-6.457680450706072e-06,-0.00026084676333457157,0.021739130434782608,0.5438042571054358,0.38999907724137683,0.391304347826087,0.532608695652174
0.0,1,1,999,1.0,0.25,128,92,92,36,49,37,48,-1.699613372430329e-05,-0.00015387307820091762,1.0982961221393348e-07,-6.457680450706072e-06,-0.00026084676333457157,0.021739130434782608,0.5438042571054358,0.38999907724137683,0.391304347826087,0.532608695652174
0.0,1,1,999,1.0,0.25,999999,92,92,36,49,37,48,-1.699613372430329e-05,-0.00015387307820091762,1.0982961221393348e-07,-6.457680450706072e-06,-0.00026084676333457157,0.021739130434782608,0.5438042571054358,0.38999907724137683,0.391304347826087,0.532608695652174
0.0,1,1,999,1.0,0.35,128,92,92,36,49,37,48,-1.699613372430329e-05,-0.00015387307820091762,1.0982961221393348e-07,-6.457680450706072e-06,-0.00026084676333457157,0.021739130434782608,0.5438042571054358,0.38999907724137683,0.391304347826087,0.532608695652174
0.0,1,1,999,1.0,0.35,999999,92,92,36,49,37,48,-1.699613372430329e-05,-0.00015387307820091762,1.0982961221393348e-07,-6.457680450706072e-06,-0.00026084676333457157,0.021739130434782608,0.5438042571054358,0.38999907724137683,0.391304347826087,0.532608695652174
0.0,1,999,0,0.5,0.0,128,92,92,36,49,37,48,-1.699613372430329e-05,-0.00015387307820091762,1.0982961221393348e-07,-6.457680450706072e-06,-0.00026084676333457157,0.021739130434782608,0.5438042571054358,0.38999907724137683,0.391304347826087,0.532608695652174
0.0,1,999,0,0.5,0.0,999999,92,92,36,49,37,48,-1.699613372430329e-05,-0.00015387307820091762,1.0982961221393348e-07,-6.457680450706072e-06,-0.00026084676333457157,0.021739130434782608,0.5438042571054358,0.38999907724137683,0.391304347826087,0.532608695652174
0.0,1,999,0,0.5,0.25,128,92,92,36,49,37,48,-1.699613372430329e-05,-0.00015387307820091762,1.0982961221393348e-07,-6.457680450706072e-06,-0.00026084676333457157,0.021739130434782608,0.5438042571054358,0.38999907724137683,0.391304347826087,0.532608695652174
0.0,1,999,0,0.5,0.25,999999,92,92,36,49,37,48,-1.699613372430329e-05,-0.00015387307820091762,1.0982961221393348e-07,-6.457680450706072e-06,-0.00026084676333457157,0.021739130434782608,0.5438042571054358,0.38999907724137683,0.391304347826087,0.532608695652174
0.0,1,999,0,0.5,0.35,128,92,92,36,49,37,48,-1.699613372430329e-05,-0.00015387307820091762,1.0982961221393348e-07,-6.457680450706072e-06,-0.00026084676333457157,0.021739130434782608,0.5438042571054358,0.38999907724137683,0.391304347826087,0.532608695652174
0.0,1,999,0,0.5,0.35,999999,92,92,36,49,37,48,-1.699613372430329e-05,-0.00015387307820091762,1.0982961221393348e-07,-6.457680450706072e-06,-0.00026084676333457157,0.021739130434782608,0.5438042571054358,0.38999907724137683,0.391304347826087,0.532608695652174
0.0,1,999,0,0.75,0.0,128,92,92,36,49,37,48,-1.699613372430329e-05,-0.00015387307820091762,1.0982961221393348e-07,-6.457680450706072e-06,-0.00026084676333457157,0.021739130434782608,0.5438042571054358,0.38999907724137683,0.391304347826087,0.532608695652174
0.0,1,999,0,0.75,0.0,999999,92,92,36,49,37,48,-1.699613372430329e-05,-0.00015387307820091762,1.0982961221393348e-07,-6.457680450706072e-06,-0.00026084676333457157,0.021739130434782608,0.5438042571054358,0.38999907724137683,0.391304347826087,0.532608695652174
0.0,1,999,0,0.75,0.25,128,92,92,36,49,37,48,-1.699613372430329e-05,-0.00015387307820091762,1.0982961221393348e-07,-6.457680450706072e-06,-0.00026084676333457157,0.021739130434782608,0.5438042571054358,0.38999907724137683,0.391304347826087,0.532608695652174
0.0,1,999,0,0.75,0.25,999999,92,92,36,49,37,48,-1.699613372430329e-05,-0.00015387307820091762,1.0982961221393348e-07,-6.457680450706072e-06,-0.00026084676333457157,0.021739130434782608,0.5438042571054358,0.38999907724137683,0.391304347826087,0.532608695652174
0.0,1,999,0,0.75,0.35,128,92,92,36,49,37,48,-1.699613372430329e-05,-0.00015387307820091762,1.0982961221393348e-07,-6.457680450706072e-06,-0.00026084676333457157,0.021739130434782608,0.5438042571054358,0.38999907724137683,0.391304347826087,0.532608695652174
0.0,1,999,0,0.75,0.35,999999,92,92,36,49,37,48,-1.699613372430329e-05,-0.00015387307820091762,1.0982961221393348e-07,-6.457680450706072e-06,-0.00026084676333457157,0.021739130434782608,0.5438042571054358,0.38999907724137683,0.391304347826087,0.532608695652174
0.0,1,999,0,1.0,0.0,128,92,92,36,49,37,48,-1.699613372430329e-05,-0.00015387307820091762,1.0982961221393348e-07,-6.457680450706072e-06,-0.00026084676333457157,0.021739130434782608,0.5438042571054358,0.38999907724137683,0.391304347826087,0.532608695652174
0.0,1,999,0,1.0,0.0,999999,92,92,36,49,37,48,-1.699613372430329e-05,-0.00015387307820091762,1.0982961221393348e-07,-6.457680450706072e-06,-0.00026084676333457157,0.021739130434782608,0.5438042571054358,0.38999907724137683,0.391304347826087,0.532608695652174
0.0,1,999,0,1.0,0.25,128,92,92,36,49,37,48,-1.699613372430329e-05,-0.00015387307820091762,1.0982961221393348e-07,-6.457680450706072e-06,-0.00026084676333457157,0.021739130434782608,0.5438042571054358,0.38999907724137683,0.391304347826087,0.532608695652174
0.0,1,999,0,1.0,0.25,999999,92,92,36,49,37,48,-1.699613372430329e-05,-0.00015387307820091762,1.0982961221393348e-07,-6.457680450706072e-06,-0.00026084676333457157,0.021739130434782608,0.5438042571054358,0.38999907724137683,0.391304347826087,0.532608695652174
0.0,1,999,0,1.0,0.35,128,92,92,36,49,37,48,-1.699613372430329e-05,-0.00015387307820091762,1.0982961221393348e-07,-6.457680450706072e-06,-0.00026084676333457157,0.021739130434782608,0.5438042571054358,0.38999907724137683,0.391304347826087,0.532608695652174
0.0,1,999,0,1.0,0.35,999999,92,92,36,49,37,48,-1.699613372430329e-05,-0.00015387307820091762,1.0982961221393348e-07,-6.457680450706072e-06,-0.00026084676333457157,0.021739130434782608,0.5438042571054358,0.38999907724137683,0.391304347826087,0.532608695652174
0.0,1,999,1,0.5,0.0,128,92,92,36,49,37,48,-1.699613372430329e-05,-0.00015387307820091762,1.0982961221393348e-07,-6.457680450706072e-06,-0.00026084676333457157,0.021739130434782608,0.5438042571054358,0.38999907724137683,0.391304347826087,0.532608695652174
0.0,1,999,1,0.5,0.0,999999,92,92,36,49,37,48,-1.699613372430329e-05,-0.00015387307820091762,1.0982961221393348e-07,-6.457680450706072e-06,-0.00026084676333457157,0.021739130434782608,0.5438042571054358,0.38999907724137683,0.391304347826087,0.532608695652174
0.0,1,999,1,0.5,0.25,128,92,92,36,49,37,48,-1.699613372430329e-05,-0.00015387307820091762,1.0982961221393348e-07,-6.457680450706072e-06,-0.00026084676333457157,0.021739130434782608,0.5438042571054358,0.38999907724137683,0.391304347826087,0.532608695652174
0.0,1,999,1,0.5,0.25,999999,92,92,36,49,37,48,-1.699613372430329e-05,-0.00015387307820091762,1.0982961221393348e-07,-6.457680450706072e-06,-0.00026084676333457157,0.021739130434782608,0.5438042571054358,0.38999907724137683,0.391304347826087,0.532608695652174
0.0,1,999,1,0.5,0.35,128,92,92,36,49,37,48,-1.699613372430329e-05,-0.00015387307820091762,1.0982961221393348e-07,-6.457680450706072e-06,-0.00026084676333457157,0.021739130434782608,0.5438042571054358,0.38999907724137683,0.391304347826087,0.532608695652174
0.0,1,999,1,0.5,0.35,999999,92,92,36,49,37,48,-1.699613372430329e-05,-0.00015387307820091762,1.0982961221393348e-07,-6.457680450706072e-06,-0.00026084676333457157,0.021739130434782608,0.5438042571054358,0.38999907724137683,0.391304347826087,0.532608695652174
0.0,1,999,1,0.75,0.0,128,92,92,36,49,37,48,-1.699613372430329e-05,-0.00015387307820091762,1.0982961221393348e-07,-6.457680450706072e-06,-0.00026084676333457157,0.021739130434782608,0.5438042571054358,0.38999907724137683,0.391304347826087,0.532608695652174
0.0,1,999,1,0.75,0.0,999999,92,92,36,49,37,48,-1.699613372430329e-05,-0.00015387307820091762,1.0982961221393348e-07,-6.457680450706072e-06,-0.00026084676333457157,0.021739130434782608,0.5438042571054358,0.38999907724137683,0.391304347826087,0.532608695652174
0.0,1,999,1,0.75,0.25,128,92,92,36,49,37,48,-1.699613372430329e-05,-0.00015387307820091762,1.0982961221393348e-07,-6.457680450706072e-06,-0.00026084676333457157,0.021739130434782608,0.5438042571054358,0.38999907724137683,0.391304347826087,0.532608695652174
0.0,1,999,1,0.75,0.25,999999,92,92,36,49,37,48,-1.699613372430329e-05,-0.00015387307820091762,1.0982961221393348e-07,-6.457680450706072e-06,-0.00026084676333457157,0.021739130434782608,0.5438042571054358,0.38999907724137683,0.391304347826087,0.532608695652174
0.0,1,999,1,0.75,0.35,128,92,92,36,49,37,48,-1.699613372430329e-05,-0.00015387307820091762,1.0982961221393348e-07,-6.457680450706072e-06,-0.00026084676333457157,0.021739130434782608,0.5438042571054358,0.38999907724137683,0.391304347826087,0.532608695652174
0.0,1,999,1,0.75,0.35,999999,92,92,36,49,37,48,-1.699613372430329e-05,-0.00015387307820091762,1.0982961221393348e-07,-6.457680450706072e-06,-0.00026084676333457157,0.021739130434782608,0.5438042571054358,0.38999907724137683,0.391304347826087,0.532608695652174
0.0,1,999,1,1.0,0.0,128,92,92,36,49,37,48,-1.699613372430329e-05,-0.00015387307820091762,1.0982961221393348e-07,-6.457680450706072e-06,-0.00026084676333457157,0.021739130434782608,0.5438042571054358,0.38999907724137683,0.391304347826087,0.532608695652174
0.0,1,999,1,1.0,0.0,999999,92,92,36,49,37,48,-1.699613372430329e-05,-0.00015387307820091762,1.0982961221393348e-07,-6.457680450706072e-06,-0.00026084676333457157,0.021739130434782608,0.5438042571054358,0.38999907724137683,0.391304347826087,0.532608695652174
0.0,1,999,1,1.0,0.25,128,92,92,36,49,37,48,-1.699613372430329e-05,-0.00015387307820091762,1.0982961221393348e-07,-6.457680450706072e-06,-0.00026084676333457157,0.021739130434782608,0.5438042571054358,0.38999907724137683,0.391304347826087,0.532608695652174
0.0,1,999,1,1.0,0.25,999999,92,92,36,49,37,48,-1.699613372430329e-05,-0.00015387307820091762,1.0982961221393348e-07,-6.457680450706072e-06,-0.00026084676333457157,0.021739130434782608,0.5438042571054358,0.38999907724137683,0.391304347826087,0.532608695652174
0.0,1,999,1,1.0,0.35,128,92,92,36,49,37,48,-1.699613372430329e-05,-0.00015387307820091762,1.0982961221393348e-07,-6.457680450706072e-06,-0.00026084676333457157,0.021739130434782608,0.5438042571054358,0.38999907724137683,0.391304347826087,0.532608695652174
0.0,1,999,1,1.0,0.35,999999,92,92,36,49,37,48,-1.699613372430329e-05,-0.00015387307820091762,1.0982961221393348e-07,-6.457680450706072e-06,-0.00026084676333457157,0.021739130434782608,0.5438042571054358,0.38999907724137683,0.391304347826087,0.532608695652174
0.0,1,999,999,0.5,0.0,128,92,92,36,49,37,48,-1.699613372430329e-05,-0.00015387307820091762,1.0982961221393348e-07,-6.457680450706072e-06,-0.00026084676333457157,0.021739130434782608,0.5438042571054358,0.38999907724137683,0.391304347826087,0.532608695652174
0.0,1,999,999,0.5,0.0,999999,92,92,36,49,37,48,-1.699613372430329e-05,-0.00015387307820091762,1.0982961221393348e-07,-6.457680450706072e-06,-0.00026084676333457157,0.021739130434782608,0.5438042571054358,0.38999907724137683,0.391304347826087,0.532608695652174
0.0,1,999,999,0.5,0.25,128,92,92,36,49,37,48,-1.699613372430329e-05,-0.00015387307820091762,1.0982961221393348e-07,-6.457680450706072e-06,-0.00026084676333457157,0.021739130434782608,0.5438042571054358,0.38999907724137683,0.391304347826087,0.532608695652174
0.0,1,999,999,0.5,0.25,999999,92,92,36,49,37,48,-1.699613372430329e-05,-0.00015387307820091762,1.0982961221393348e-07,-6.457680450706072e-06,-0.00026084676333457157,0.021739130434782608,0.5438042571054358,0.38999907724137683,0.391304347826087,0.532608695652174
0.0,1,999,999,0.5,0.35,128,92,92,36,49,37,48,-1.699613372430329e-05,-0.00015387307820091762,1.0982961221393348e-07,-6.457680450706072e-06,-0.00026084676333457157,0.021739130434782608,0.5438042571054358,0.38999907724137683,0.391304347826087,0.532608695652174
0.0,1,999,999,0.5,0.35,999999,92,92,36,49,37,48,-1.699613372430329e-05,-0.00015387307820091762,1.0982961221393348e-07,-6.457680450706072e-06,-0.00026084676333457157,0.021739130434782608,0.5438042571054358,0.38999907724137683,0.391304347826087,0.532608695652174
0.0,1,999,999,0.75,0.0,128,92,92,36,49,37,48,-1.699613372430329e-05,-0.00015387307820091762,1.0982961221393348e-07,-6.457680450706072e-06,-0.00026084676333457157,0.021739130434782608,0.5438042571054358,0.38999907724137683,0.391304347826087,0.532608695652174
0.0,1,999,999,0.75,0.0,999999,92,92,36,49,37,48,-1.699613372430329e-05,-0.00015387307820091762,1.0982961221393348e-07,-6.457680450706072e-06,-0.00026084676333457157,0.021739130434782608,0.5438042571054358,0.38999907724137683,0.391304347826087,0.532608695652174
0.0,1,999,999,0.75,0.25,128,92,92,36,49,37,48,-1.699613372430329e-05,-0.00015387307820091762,1.0982961221393348e-07,-6.457680450706072e-06,-0.00026084676333457157,0.021739130434782608,0.5438042571054358,0.38999907724137683,0.391304347826087,0.532608695652174
0.0,1,999,999,0.75,0.25,999999,92,92,36,49,37,48,-1.699613372430329e-05,-0.00015387307820091762,1.0982961221393348e-07,-6.457680450706072e-06,-0.00026084676333457157,0.021739130434782608,0.5438042571054358,0.38999907724137683,0.391304347826087,0.532608695652174
0.0,1,999,999,0.75,0.35,128,92,92,36,49,37,48,-1.699613372430329e-05,-0.00015387307820091762,1.0982961221393348e-07,-6.457680450706072e-06,-0.00026084676333457157,0.021739130434782608,0.5438042571054358,0.38999907724137683,0.391304347826087,0.532608695652174
0.0,1,999,999,0.75,0.35,999999,92,92,36,49,37,48,-1.699613372430329e-05,-0.00015387307820091762,1.0982961221393348e-07,-6.457680450706072e-06,-0.00026084676333457157,0.021739130434782608,0.5438042571054358,0.38999907724137683,0.391304347826087,0.532608695652174
0.0,1,999,999,1.0,0.0,128,92,92,36,49,37,48,-1.699613372430329e-05,-0.00015387307820091762,1.0982961221393348e-07,-6.457680450706072e-06,-0.00026084676333457157,0.021739130434782608,0.5438042571054358,0.38999907724137683,0.391304347826087,0.532608695652174
0.0,1,999,999,1.0,0.0,999999,92,92,36,49,37,48,-1.699613372430329e-05,-0.00015387307820091762,1.0982961221393348e-07,-6.457680450706072e-06,-0.00026084676333457157,0.021739130434782608,0.5438042571054358,0.38999907724137683,0.391304347826087,0.532608695652174
0.0,1,999,999,1.0,0.25,128,92,92,36,49,37,48,-1.699613372430329e-05,-0.00015387307820091762,1.0982961221393348e-07,-6.457680450706072e-06,-0.00026084676333457157,0.021739130434782608,0.5438042571054358,0.38999907724137683,0.391304347826087,0.532608695652174
0.0,1,999,999,1.0,0.25,999999,92,92,36,49,37,48,-1.699613372430329e-05,-0.00015387307820091762,1.0982961221393348e-07,-6.457680450706072e-06,-0.00026084676333457157,0.021739130434782608,0.5438042571054358,0.38999907724137683,0.391304347826087,0.532608695652174
0.0,1,999,999,1.0,0.35,128,92,92,36,49,37,48,-1.699613372430329e-05,-0.00015387307820091762,1.0982961221393348e-07,-6.457680450706072e-06,-0.00026084676333457157,0.021739130434782608,0.5438042571054358,0.38999907724137683,0.391304347826087,0.532608695652174
0.0,1,999,999,1.0,0.35,999999,92,92,36,49,37,48,-1.699613372430329e-05,-0.00015387307820091762,1.0982961221393348e-07,-6.457680450706072e-06,-0.00026084676333457157,0.021739130434782608,0.5438042571054358,0.38999907724137683,0.391304347826087,0.532608695652174
0.5,0,0,0,0.5,0.0,128,92,92,36,49,37,48,-1.699613372430329e-05,-0.00015387307820091762,1.0982961221393348e-07,-6.457680450706072e-06,-0.00026084676333457157,0.021739130434782608,0.5438042571054358,0.38999907724137683,0.391304347826087,0.532608695652174
0.5,0,0,0,0.5,0.0,999999,92,92,36,49,37,48,-1.699613372430329e-05,-0.00015387307820091762,1.0982961221393348e-07,-6.457680450706072e-06,-0.00026084676333457157,0.021739130434782608,0.5438042571054358,0.38999907724137683,0.391304347826087,0.532608695652174
0.5,0,0,0,0.5,0.25,128,92,92,36,49,37,48,-1.699613372430329e-05,-0.00015387307820091762,1.0982961221393348e-07,-6.457680450706072e-06,-0.00026084676333457157,0.021739130434782608,0.5438042571054358,0.38999907724137683,0.391304347826087,0.532608695652174
0.5,0,0,0,0.5,0.25,999999,92,92,36,49,37,48,-1.699613372430329e-05,-0.00015387307820091762,1.0982961221393348e-07,-6.457680450706072e-06,-0.00026084676333457157,0.021739130434782608,0.5438042571054358,0.38999907724137683,0.391304347826087,0.532608695652174
0.5,0,0,0,0.5,0.35,128,92,92,36,49,37,48,-1.699613372430329e-05,-0.00015387307820091762,1.0982961221393348e-07,-6.457680450706072e-06,-0.00026084676333457157,0.021739130434782608,0.5438042571054358,0.38999907724137683,0.391304347826087,0.532608695652174
0.5,0,0,0,0.5,0.35,999999,92,92,36,49,37,48,-1.699613372430329e-05,-0.00015387307820091762,1.0982961221393348e-07,-6.457680450706072e-06,-0.00026084676333457157,0.021739130434782608,0.5438042571054358,0.38999907724137683,0.391304347826087,0.532608695652174
0.5,0,0,0,0.75,0.0,128,92,92,36,49,37,48,-1.699613372430329e-05,-0.00015387307820091762,1.0982961221393348e-07,-6.457680450706072e-06,-0.00026084676333457157,0.021739130434782608,0.5438042571054358,0.38999907724137683,0.391304347826087,0.532608695652174
0.5,0,0,0,0.75,0.0,999999,92,92,36,49,37,48,-1.699613372430329e-05,-0.00015387307820091762,1.0982961221393348e-07,-6.457680450706072e-06,-0.00026084676333457157,0.021739130434782608,0.5438042571054358,0.38999907724137683,0.391304347826087,0.532608695652174
0.5,0,0,0,0.75,0.25,128,92,92,36,49,37,48,-1.699613372430329e-05,-0.00015387307820091762,1.0982961221393348e-07,-6.457680450706072e-06,-0.00026084676333457157,0.021739130434782608,0.5438042571054358,0.38999907724137683,0.391304347826087,0.532608695652174
0.5,0,0,0,0.75,0.25,999999,92,92,36,49,37,48,-1.699613372430329e-05,-0.00015387307820091762,1.0982961221393348e-07,-6.457680450706072e-06,-0.00026084676333457157,0.021739130434782608,0.5438042571054358,0.38999907724137683,0.391304347826087,0.532608695652174
0.5,0,0,0,0.75,0.35,128,92,92,36,49,37,48,-1.699613372430329e-05,-0.00015387307820091762,1.0982961221393348e-07,-6.457680450706072e-06,-0.00026084676333457157,0.021739130434782608,0.5438042571054358,0.38999907724137683,0.391304347826087,0.532608695652174
0.5,0,0,0,0.75,0.35,999999,92,92,36,49,37,48,-1.699613372430329e-05,-0.00015387307820091762,1.0982961221393348e-07,-6.457680450706072e-06,-0.00026084676333457157,0.021739130434782608,0.5438042571054358,0.38999907724137683,0.391304347826087,0.532608695652174
0.5,0,0,0,1.0,0.0,128,92,92,36,49,37,48,-1.699613372430329e-05,-0.00015387307820091762,1.0982961221393348e-07,-6.457680450706072e-06,-0.00026084676333457157,0.021739130434782608,0.5438042571054358,0.38999907724137683,0.391304347826087,0.532608695652174
0.5,0,0,0,1.0,0.0,999999,92,92,36,49,37,48,-1.699613372430329e-05,-0.00015387307820091762,1.0982961221393348e-07,-6.457680450706072e-06,-0.00026084676333457157,0.021739130434782608,0.5438042571054358,0.38999907724137683,0.391304347826087,0.532608695652174
0.5,0,0,0,1.0,0.25,128,92,92,36,49,37,48,-1.699613372430329e-05,-0.00015387307820091762,1.0982961221393348e-07,-6.457680450706072e-06,-0.00026084676333457157,0.021739130434782608,0.5438042571054358,0.38999907724137683,0.391304347826087,0.532608695652174
0.5,0,0,0,1.0,0.25,999999,92,92,36,49,37,48,-1.699613372430329e-05,-0.00015387307820091762,1.0982961221393348e-07,-6.457680450706072e-06,-0.00026084676333457157,0.021739130434782608,0.5438042571054358,0.38999907724137683,0.391304347826087,0.532608695652174
0.5,0,0,0,1.0,0.35,128,92,92,36,49,37,48,-1.699613372430329e-05,-0.00015387307820091762,1.0982961221393348e-07,-6.457680450706072e-06,-0.00026084676333457157,0.021739130434782608,0.5438042571054358,0.38999907724137683,0.391304347826087,0.532608695652174
0.5,0,0,0,1.0,0.35,999999,92,92,36,49,37,48,-1.699613372430329e-05,-0.00015387307820091762,1.0982961221393348e-07,-6.457680450706072e-06,-0.00026084676333457157,0.021739130434782608,0.5438042571054358,0.38999907724137683,0.391304347826087,0.532608695652174
0.5,0,0,1,0.5,0.0,128,92,92,36,49,37,48,-1.699613372430329e-05,-0.00015387307820091762,1.0982961221393348e-07,-6.457680450706072e-06,-0.00026084676333457157,0.021739130434782608,0.5438042571054358,0.38999907724137683,0.391304347826087,0.532608695652174
0.5,0,0,1,0.5,0.0,999999,92,92,36,49,37,48,-1.699613372430329e-05,-0.00015387307820091762,1.0982961221393348e-07,-6.457680450706072e-06,-0.00026084676333457157,0.021739130434782608,0.5438042571054358,0.38999907724137683,0.391304347826087,0.532608695652174
0.5,0,0,1,0.5,0.25,128,92,92,36,49,37,48,-1.699613372430329e-05,-0.00015387307820091762,1.0982961221393348e-07,-6.457680450706072e-06,-0.00026084676333457157,0.021739130434782608,0.5438042571054358,0.38999907724137683,0.391304347826087,0.532608695652174
0.5,0,0,1,0.5,0.25,999999,92,92,36,49,37,48,-1.699613372430329e-05,-0.00015387307820091762,1.0982961221393348e-07,-6.457680450706072e-06,-0.00026084676333457157,0.021739130434782608,0.5438042571054358,0.38999907724137683,0.391304347826087,0.532608695652174
0.5,0,0,1,0.5,0.35,128,92,92,36,49,37,48,-1.699613372430329e-05,-0.00015387307820091762,1.0982961221393348e-07,-6.457680450706072e-06,-0.00026084676333457157,0.021739130434782608,0.5438042571054358,0.38999907724137683,0.391304347826087,0.532608695652174
0.5,0,0,1,0.5,0.35,999999,92,92,36,49,37,48,-1.699613372430329e-05,-0.00015387307820091762,1.0982961221393348e-07,-6.457680450706072e-06,-0.00026084676333457157,0.021739130434782608,0.5438042571054358,0.38999907724137683,0.391304347826087,0.532608695652174
0.5,0,0,1,0.75,0.0,128,92,92,36,49,37,48,-1.699613372430329e-05,-0.00015387307820091762,1.0982961221393348e-07,-6.457680450706072e-06,-0.00026084676333457157,0.021739130434782608,0.5438042571054358,0.38999907724137683,0.391304347826087,0.532608695652174
0.5,0,0,1,0.75,0.0,999999,92,92,36,49,37,48,-1.699613372430329e-05,-0.00015387307820091762,1.0982961221393348e-07,-6.457680450706072e-06,-0.00026084676333457157,0.021739130434782608,0.5438042571054358,0.38999907724137683,0.391304347826087,0.532608695652174
0.5,0,0,1,0.75,0.25,128,92,92,36,49,37,48,-1.699613372430329e-05,-0.00015387307820091762,1.0982961221393348e-07,-6.457680450706072e-06,-0.00026084676333457157,0.021739130434782608,0.5438042571054358,0.38999907724137683,0.391304347826087,0.532608695652174
0.5,0,0,1,0.75,0.25,999999,92,92,36,49,37,48,-1.699613372430329e-05,-0.00015387307820091762,1.0982961221393348e-07,-6.457680450706072e-06,-0.00026084676333457157,0.021739130434782608,0.5438042571054358,0.38999907724137683,0.391304347826087,0.532608695652174
0.5,0,0,1,0.75,0.35,128,92,92,36,49,37,48,-1.699613372430329e-05,-0.00015387307820091762,1.0982961221393348e-07,-6.457680450706072e-06,-0.00026084676333457157,0.021739130434782608,0.5438042571054358,0.38999907724137683,0.391304347826087,0.532608695652174
0.5,0,0,1,0.75,0.35,999999,92,92,36,49,37,48,-1.699613372430329e-05,-0.00015387307820091762,1.0982961221393348e-07,-6.457680450706072e-06,-0.00026084676333457157,0.021739130434782608,0.5438042571054358,0.38999907724137683,0.391304347826087,0.532608695652174
0.5,0,0,1,1.0,0.0,128,92,92,36,49,37,48,-1.699613372430329e-05,-0.00015387307820091762,1.0982961221393348e-07,-6.457680450706072e-06,-0.00026084676333457157,0.021739130434782608,0.5438042571054358,0.38999907724137683,0.391304347826087,0.532608695652174
0.5,0,0,1,1.0,0.0,999999,92,92,36,49,37,48,-1.699613372430329e-05,-0.00015387307820091762,1.0982961221393348e-07,-6.457680450706072e-06,-0.00026084676333457157,0.021739130434782608,0.5438042571054358,0.38999907724137683,0.391304347826087,0.532608695652174
0.5,0,0,1,1.0,0.25,128,92,92,36,49,37,48,-1.699613372430329e-05,-0.00015387307820091762,1.0982961221393348e-07,-6.457680450706072e-06,-0.00026084676333457157,0.021739130434782608,0.5438042571054358,0.38999907724137683,0.391304347826087,0.532608695652174
0.5,0,0,1,1.0,0.25,999999,92,92,36,49,37,48,-1.699613372430329e-05,-0.00015387307820091762,1.0982961221393348e-07,-6.457680450706072e-06,-0.00026084676333457157,0.021739130434782608,0.5438042571054358,0.38999907724137683,0.391304347826087,0.532608695652174
0.5,0,0,1,1.0,0.35,128,92,92,36,49,37,48,-1.699613372430329e-05,-0.00015387307820091762,1.0982961221393348e-07,-6.457680450706072e-06,-0.00026084676333457157,0.021739130434782608,0.5438042571054358,0.38999907724137683,0.391304347826087,0.532608695652174
0.5,0,0,1,1.0,0.35,999999,92,92,36,49,37,48,-1.699613372430329e-05,-0.00015387307820091762,1.0982961221393348e-07,-6.457680450706072e-06,-0.00026084676333457157,0.021739130434782608,0.5438042571054358,0.38999907724137683,0.391304347826087,0.532608695652174
0.5,0,0,999,0.5,0.0,128,92,92,36,49,37,48,-1.699613372430329e-05,-0.00015387307820091762,1.0982961221393348e-07,-6.457680450706072e-06,-0.00026084676333457157,0.021739130434782608,0.5438042571054358,0.38999907724137683,0.391304347826087,0.532608695652174
0.5,0,0,999,0.5,0.0,999999,92,92,36,49,37,48,-1.699613372430329e-05,-0.00015387307820091762,1.0982961221393348e-07,-6.457680450706072e-06,-0.00026084676333457157,0.021739130434782608,0.5438042571054358,0.38999907724137683,0.391304347826087,0.532608695652174
0.5,0,0,999,0.5,0.25,128,92,92,36,49,37,48,-1.699613372430329e-05,-0.00015387307820091762,1.0982961221393348e-07,-6.457680450706072e-06,-0.00026084676333457157,0.021739130434782608,0.5438042571054358,0.38999907724137683,0.391304347826087,0.532608695652174
0.5,0,0,999,0.5,0.25,999999,92,92,36,49,37,48,-1.699613372430329e-05,-0.00015387307820091762,1.0982961221393348e-07,-6.457680450706072e-06,-0.00026084676333457157,0.021739130434782608,0.5438042571054358,0.38999907724137683,0.391304347826087,0.532608695652174
0.5,0,0,999,0.5,0.35,128,92,92,36,49,37,48,-1.699613372430329e-05,-0.00015387307820091762,1.0982961221393348e-07,-6.457680450706072e-06,-0.00026084676333457157,0.021739130434782608,0.5438042571054358,0.38999907724137683,0.391304347826087,0.532608695652174
0.5,0,0,999,0.5,0.35,999999,92,92,36,49,37,48,-1.699613372430329e-05,-0.00015387307820091762,1.0982961221393348e-07,-6.457680450706072e-06,-0.00026084676333457157,0.021739130434782608,0.5438042571054358,0.38999907724137683,0.391304347826087,0.532608695652174
0.5,0,0,999,0.75,0.0,128,92,92,36,49,37,48,-1.699613372430329e-05,-0.00015387307820091762,1.0982961221393348e-07,-6.457680450706072e-06,-0.00026084676333457157,0.021739130434782608,0.5438042571054358,0.38999907724137683,0.391304347826087,0.532608695652174
0.5,0,0,999,0.75,0.0,999999,92,92,36,49,37,48,-1.699613372430329e-05,-0.00015387307820091762,1.0982961221393348e-07,-6.457680450706072e-06,-0.00026084676333457157,0.021739130434782608,0.5438042571054358,0.38999907724137683,0.391304347826087,0.532608695652174
0.5,0,0,999,0.75,0.25,128,92,92,36,49,37,48,-1.699613372430329e-05,-0.00015387307820091762,1.0982961221393348e-07,-6.457680450706072e-06,-0.00026084676333457157,0.021739130434782608,0.5438042571054358,0.38999907724137683,0.391304347826087,0.532608695652174
0.5,0,0,999,0.75,0.25,999999,92,92,36,49,37,48,-1.699613372430329e-05,-0.00015387307820091762,1.0982961221393348e-07,-6.457680450706072e-06,-0.00026084676333457157,0.021739130434782608,0.5438042571054358,0.38999907724137683,0.391304347826087,0.532608695652174
0.5,0,0,999,0.75,0.35,128,92,92,36,49,37,48,-1.699613372430329e-05,-0.00015387307820091762,1.0982961221393348e-07,-6.457680450706072e-06,-0.00026084676333457157,0.021739130434782608,0.5438042571054358,0.38999907724137683,0.391304347826087,0.532608695652174
0.5,0,0,999,0.75,0.35,999999,92,92,36,49,37,48,-1.699613372430329e-05,-0.00015387307820091762,1.0982961221393348e-07,-6.457680450706072e-06,-0.00026084676333457157,0.021739130434782608,0.5438042571054358,0.38999907724137683,0.391304347826087,0.532608695652174
0.5,0,0,999,1.0,0.0,128,92,92,36,49,37,48,-1.699613372430329e-05,-0.00015387307820091762,1.0982961221393348e-07,-6.457680450706072e-06,-0.00026084676333457157,0.021739130434782608,0.5438042571054358,0.38999907724137683,0.391304347826087,0.532608695652174
0.5,0,0,999,1.0,0.0,999999,92,92,36,49,37,48,-1.699613372430329e-05,-0.00015387307820091762,1.0982961221393348e-07,-6.457680450706072e-06,-0.00026084676333457157,0.021739130434782608,0.5438042571054358,0.38999907724137683,0.391304347826087,0.532608695652174
0.5,0,0,999,1.0,0.25,128,92,92,36,49,37,48,-1.699613372430329e-05,-0.00015387307820091762,1.0982961221393348e-07,-6.457680450706072e-06,-0.00026084676333457157,0.021739130434782608,0.5438042571054358,0.38999907724137683,0.391304347826087,0.532608695652174
0.5,0,0,999,1.0,0.25,999999,92,92,36,49,37,48,-1.699613372430329e-05,-0.00015387307820091762,1.0982961221393348e-07,-6.457680450706072e-06,-0.00026084676333457157,0.021739130434782608,0.5438042571054358,0.38999907724137683,0.391304347826087,0.532608695652174
0.5,0,0,999,1.0,0.35,128,92,92,36,49,37,48,-1.699613372430329e-05,-0.00015387307820091762,1.0982961221393348e-07,-6.457680450706072e-06,-0.00026084676333457157,0.021739130434782608,0.5438042571054358,0.38999907724137683,0.391304347826087,0.532608695652174
0.5,0,0,999,1.0,0.35,999999,92,92,36,49,37,48,-1.699613372430329e-05,-0.00015387307820091762,1.0982961221393348e-07,-6.457680450706072e-06,-0.00026084676333457157,0.021739130434782608,0.5438042571054358,0.38999907724137683,0.391304347826087,0.532608695652174
0.5,0,1,0,0.5,0.0,128,92,92,36,49,37,48,-1.699613372430329e-05,-0.00015387307820091762,1.0982961221393348e-07,-6.457680450706072e-06,-0.00026084676333457157,0.021739130434782608,0.5438042571054358,0.38999907724137683,0.391304347826087,0.532608695652174
0.5,0,1,0,0.5,0.0,999999,92,92,36,49,37,48,-1.699613372430329e-05,-0.00015387307820091762,1.0982961221393348e-07,-6.457680450706072e-06,-0.00026084676333457157,0.021739130434782608,0.5438042571054358,0.38999907724137683,0.391304347826087,0.532608695652174
0.5,0,1,0,0.5,0.25,128,92,92,36,49,37,48,-1.699613372430329e-05,-0.00015387307820091762,1.0982961221393348e-07,-6.457680450706072e-06,-0.00026084676333457157,0.021739130434782608,0.5438042571054358,0.38999907724137683,0.391304347826087,0.532608695652174
0.5,0,1,0,0.5,0.25,999999,92,92,36,49,37,48,-1.699613372430329e-05,-0.00015387307820091762,1.0982961221393348e-07,-6.457680450706072e-06,-0.00026084676333457157,0.021739130434782608,0.5438042571054358,0.38999907724137683,0.391304347826087,0.532608695652174
0.5,0,1,0,0.5,0.35,128,92,92,36,49,37,48,-1.699613372430329e-05,-0.00015387307820091762,1.0982961221393348e-07,-6.457680450706072e-06,-0.00026084676333457157,0.021739130434782608,0.5438042571054358,0.38999907724137683,0.391304347826087,0.532608695652174
0.5,0,1,0,0.5,0.35,999999,92,92,36,49,37,48,-1.699613372430329e-05,-0.00015387307820091762,1.0982961221393348e-07,-6.457680450706072e-06,-0.00026084676333457157,0.021739130434782608,0.5438042571054358,0.38999907724137683,0.391304347826087,0.532608695652174
0.5,0,1,0,0.75,0.0,128,92,92,36,49,37,48,-1.699613372430329e-05,-0.00015387307820091762,1.0982961221393348e-07,-6.457680450706072e-06,-0.00026084676333457157,0.021739130434782608,0.5438042571054358,0.38999907724137683,0.391304347826087,0.532608695652174
0.5,0,1,0,0.75,0.0,999999,92,92,36,49,37,48,-1.699613372430329e-05,-0.00015387307820091762,1.0982961221393348e-07,-6.457680450706072e-06,-0.00026084676333457157,0.021739130434782608,0.5438042571054358,0.38999907724137683,0.391304347826087,0.532608695652174
0.5,0,1,0,0.75,0.25,128,92,92,36,49,37,48,-1.699613372430329e-05,-0.00015387307820091762,1.0982961221393348e-07,-6.457680450706072e-06,-0.00026084676333457157,0.021739130434782608,0.5438042571054358,0.38999907724137683,0.391304347826087,0.532608695652174
0.5,0,1,0,0.75,0.25,999999,92,92,36,49,37,48,-1.699613372430329e-05,-0.00015387307820091762,1.0982961221393348e-07,-6.457680450706072e-06,-0.00026084676333457157,0.021739130434782608,0.5438042571054358,0.38999907724137683,0.391304347826087,0.532608695652174
0.5,0,1,0,0.75,0.35,128,92,92,36,49,37,48,-1.699613372430329e-05,-0.00015387307820091762,1.0982961221393348e-07,-6.457680450706072e-06,-0.00026084676333457157,0.021739130434782608,0.5438042571054358,0.38999907724137683,0.391304347826087,0.532608695652174
0.5,0,1,0,0.75,0.35,999999,92,92,36,49,37,48,-1.699613372430329e-05,-0.00015387307820091762,1.0982961221393348e-07,-6.457680450706072e-06,-0.00026084676333457157,0.021739130434782608,0.5438042571054358,0.38999907724137683,0.391304347826087,0.532608695652174
0.5,0,1,0,1.0,0.0,128,92,92,36,49,37,48,-1.699613372430329e-05,-0.00015387307820091762,1.0982961221393348e-07,-6.457680450706072e-06,-0.00026084676333457157,0.021739130434782608,0.5438042571054358,0.38999907724137683,0.391304347826087,0.532608695652174
0.5,0,1,0,1.0,0.0,999999,92,92,36,49,37,48,-1.699613372430329e-05,-0.00015387307820091762,1.0982961221393348e-07,-6.457680450706072e-06,-0.00026084676333457157,0.021739130434782608,0.5438042571054358,0.38999907724137683,0.391304347826087,0.532608695652174
0.5,0,1,0,1.0,0.25,128,92,92,36,49,37,48,-1.699613372430329e-05,-0.00015387307820091762,1.0982961221393348e-07,-6.457680450706072e-06,-0.00026084676333457157,0.021739130434782608,0.5438042571054358,0.38999907724137683,0.391304347826087,0.532608695652174
0.5,0,1,0,1.0,0.25,999999,92,92,36,49,37,48,-1.699613372430329e-05,-0.00015387307820091762,1.0982961221393348e-07,-6.457680450706072e-06,-0.00026084676333457157,0.021739130434782608,0.5438042571054358,0.38999907724137683,0.391304347826087,0.532608695652174
0.5,0,1,0,1.0,0.35,128,92,92,36,49,37,48,-1.699613372430329e-05,-0.00015387307820091762,1.0982961221393348e-07,-6.457680450706072e-06,-0.00026084676333457157,0.021739130434782608,0.5438042571054358,0.38999907724137683,0.391304347826087,0.532608695652174
0.5,0,1,0,1.0,0.35,999999,92,92,36,49,37,48,-1.699613372430329e-05,-0.00015387307820091762,1.0982961221393348e-07,-6.457680450706072e-06,-0.00026084676333457157,0.021739130434782608,0.5438042571054358,0.38999907724137683,0.391304347826087,0.532608695652174
0.5,0,1,1,0.5,0.0,128,92,92,36,49,37,48,-1.699613372430329e-05,-0.00015387307820091762,1.0982961221393348e-07,-6.457680450706072e-06,-0.00026084676333457157,0.021739130434782608,0.5438042571054358,0.38999907724137683,0.391304347826087,0.532608695652174
0.5,0,1,1,0.5,0.0,999999,92,92,36,49,37,48,-1.699613372430329e-05,-0.00015387307820091762,1.0982961221393348e-07,-6.457680450706072e-06,-0.00026084676333457157,0.021739130434782608,0.5438042571054358,0.38999907724137683,0.391304347826087,0.532608695652174
0.5,0,1,1,0.5,0.25,128,92,92,36,49,37,48,-1.699613372430329e-05,-0.00015387307820091762,1.0982961221393348e-07,-6.457680450706072e-06,-0.00026084676333457157,0.021739130434782608,0.5438042571054358,0.38999907724137683,0.391304347826087,0.532608695652174
0.5,0,1,1,0.5,0.25,999999,92,92,36,49,37,48,-1.699613372430329e-05,-0.00015387307820091762,1.0982961221393348e-07,-6.457680450706072e-06,-0.00026084676333457157,0.021739130434782608,0.5438042571054358,0.38999907724137683,0.391304347826087,0.532608695652174
0.5,0,1,1,0.5,0.35,128,92,92,36,49,37,48,-1.699613372430329e-05,-0.00015387307820091762,1.0982961221393348e-07,-6.457680450706072e-06,-0.00026084676333457157,0.021739130434782608,0.5438042571054358,0.38999907724137683,0.391304347826087,0.532608695652174
0.5,0,1,1,0.5,0.35,999999,92,92,36,49,37,48,-1.699613372430329e-05,-0.00015387307820091762,1.0982961221393348e-07,-6.457680450706072e-06,-0.00026084676333457157,0.021739130434782608,0.5438042571054358,0.38999907724137683,0.391304347826087,0.532608695652174
0.5,0,1,1,0.75,0.0,128,92,92,36,49,37,48,-1.699613372430329e-05,-0.00015387307820091762,1.0982961221393348e-07,-6.457680450706072e-06,-0.00026084676333457157,0.021739130434782608,0.5438042571054358,0.38999907724137683,0.391304347826087,0.532608695652174
0.5,0,1,1,0.75,0.0,999999,92,92,36,49,37,48,-1.699613372430329e-05,-0.00015387307820091762,1.0982961221393348e-07,-6.457680450706072e-06,-0.00026084676333457157,0.021739130434782608,0.5438042571054358,0.38999907724137683,0.391304347826087,0.532608695652174
0.5,0,1,1,0.75,0.25,128,92,92,36,49,37,48,-1.699613372430329e-05,-0.00015387307820091762,1.0982961221393348e-07,-6.457680450706072e-06,-0.00026084676333457157,0.021739130434782608,0.5438042571054358,0.38999907724137683,0.391304347826087,0.532608695652174
0.5,0,1,1,0.75,0.25,999999,92,92,36,49,37,48,-1.699613372430329e-05,-0.00015387307820091762,1.0982961221393348e-07,-6.457680450706072e-06,-0.00026084676333457157,0.021739130434782608,0.5438042571054358,0.38999907724137683,0.391304347826087,0.532608695652174
0.5,0,1,1,0.75,0.35,128,92,92,36,49,37,48,-1.699613372430329e-05,-0.00015387307820091762,1.0982961221393348e-07,-6.457680450706072e-06,-0.00026084676333457157,0.021739130434782608,0.5438042571054358,0.38999907724137683,0.391304347826087,0.532608695652174
0.5,0,1,1,0.75,0.35,999999,92,92,36,49,37,48,-1.699613372430329e-05,-0.00015387307820091762,1.0982961221393348e-07,-6.457680450706072e-06,-0.00026084676333457157,0.021739130434782608,0.5438042571054358,0.38999907724137683,0.391304347826087,0.532608695652174
0.5,0,1,1,1.0,0.0,128,92,92,36,49,37,48,-1.699613372430329e-05,-0.00015387307820091762,1.0982961221393348e-07,-6.457680450706072e-06,-0.00026084676333457157,0.021739130434782608,0.5438042571054358,0.38999907724137683,0.391304347826087,0.532608695652174
0.5,0,1,1,1.0,0.0,999999,92,92,36,49,37,48,-1.699613372430329e-05,-0.00015387307820091762,1.0982961221393348e-07,-6.457680450706072e-06,-0.00026084676333457157,0.021739130434782608,0.5438042571054358,0.38999907724137683,0.391304347826087,0.532608695652174
0.5,0,1,1,1.0,0.25,128,92,92,36,49,37,48,-1.699613372430329e-05,-0.00015387307820091762,1.0982961221393348e-07,-6.457680450706072e-06,-0.00026084676333457157,0.021739130434782608,0.5438042571054358,0.38999907724137683,0.391304347826087,0.532608695652174
0.5,0,1,1,1.0,0.25,999999,92,92,36,49,37,48,-1.699613372430329e-05,-0.00015387307820091762,1.0982961221393348e-07,-6.457680450706072e-06,-0.00026084676333457157,0.021739130434782608,0.5438042571054358,0.38999907724137683,0.391304347826087,0.532608695652174
0.5,0,1,1,1.0,0.35,128,92,92,36,49,37,48,-1.699613372430329e-05,-0.00015387307820091762,1.0982961221393348e-07,-6.457680450706072e-06,-0.00026084676333457157,0.021739130434782608,0.5438042571054358,0.38999907724137683,0.391304347826087,0.532608695652174
0.5,0,1,1,1.0,0.35,999999,92,92,36,49,37,48,-1.699613372430329e-05,-0.00015387307820091762,1.0982961221393348e-07,-6.457680450706072e-06,-0.00026084676333457157,0.021739130434782608,0.5438042571054358,0.38999907724137683,0.391304347826087,0.532608695652174
0.5,0,1,999,0.5,0.0,128,92,92,36,49,37,48,-1.699613372430329e-05,-0.00015387307820091762,1.0982961221393348e-07,-6.457680450706072e-06,-0.00026084676333457157,0.021739130434782608,0.5438042571054358,0.38999907724137683,0.391304347826087,0.532608695652174
0.5,0,1,999,0.5,0.0,999999,92,92,36,49,37,48,-1.699613372430329e-05,-0.00015387307820091762,1.0982961221393348e-07,-6.457680450706072e-06,-0.00026084676333457157,0.021739130434782608,0.5438042571054358,0.38999907724137683,0.391304347826087,0.532608695652174
0.5,0,1,999,0.5,0.25,128,92,92,36,49,37,48,-1.699613372430329e-05,-0.00015387307820091762,1.0982961221393348e-07,-6.457680450706072e-06,-0.00026084676333457157,0.021739130434782608,0.5438042571054358,0.38999907724137683,0.391304347826087,0.532608695652174
0.5,0,1,999,0.5,0.25,999999,92,92,36,49,37,48,-1.699613372430329e-05,-0.00015387307820091762,1.0982961221393348e-07,-6.457680450706072e-06,-0.00026084676333457157,0.021739130434782608,0.5438042571054358,0.38999907724137683,0.391304347826087,0.532608695652174
0.5,0,1,999,0.5,0.35,128,92,92,36,49,37,48,-1.699613372430329e-05,-0.00015387307820091762,1.0982961221393348e-07,-6.457680450706072e-06,-0.00026084676333457157,0.021739130434782608,0.5438042571054358,0.38999907724137683,0.391304347826087,0.532608695652174
0.5,0,1,999,0.5,0.35,999999,92,92,36,49,37,48,-1.699613372430329e-05,-0.00015387307820091762,1.0982961221393348e-07,-6.457680450706072e-06,-0.00026084676333457157,0.021739130434782608,0.5438042571054358,0.38999907724137683,0.391304347826087,0.532608695652174
0.5,0,1,999,0.75,0.0,128,92,92,36,49,37,48,-1.699613372430329e-05,-0.00015387307820091762,1.0982961221393348e-07,-6.457680450706072e-06,-0.00026084676333457157,0.021739130434782608,0.5438042571054358,0.38999907724137683,0.391304347826087,0.532608695652174
0.5,0,1,999,0.75,0.0,999999,92,92,36,49,37,48,-1.699613372430329e-05,-0.00015387307820091762,1.0982961221393348e-07,-6.457680450706072e-06,-0.00026084676333457157,0.021739130434782608,0.5438042571054358,0.38999907724137683,0.391304347826087,0.532608695652174
0.5,0,1,999,0.75,0.25,128,92,92,36,49,37,48,-1.699613372430329e-05,-0.00015387307820091762,1.0982961221393348e-07,-6.457680450706072e-06,-0.00026084676333457157,0.021739130434782608,0.5438042571054358,0.38999907724137683,0.391304347826087,0.532608695652174
0.5,0,1,999,0.75,0.25,999999,92,92,36,49,37,48,-1.699613372430329e-05,-0.00015387307820091762,1.0982961221393348e-07,-6.457680450706072e-06,-0.00026084676333457157,0.021739130434782608,0.5438042571054358,0.38999907724137683,0.391304347826087,0.532608695652174
0.5,0,1,999,0.75,0.35,128,92,92,36,49,37,48,-1.699613372430329e-05,-0.00015387307820091762,1.0982961221393348e-07,-6.457680450706072e-06,-0.00026084676333457157,0.021739130434782608,0.5438042571054358,0.38999907724137683,0.391304347826087,0.532608695652174
0.5,0,1,999,0.75,0.35,999999,92,92,36,49,37,48,-1.699613372430329e-05,-0.00015387307820091762,1.0982961221393348e-07,-6.457680450706072e-06,-0.00026084676333457157,0.021739130434782608,0.5438042571054358,0.38999907724137683,0.391304347826087,0.532608695652174
0.5,0,1,999,1.0,0.0,128,92,92,36,49,37,48,-1.699613372430329e-05,-0.00015387307820091762,1.0982961221393348e-07,-6.457680450706072e-06,-0.00026084676333457157,0.021739130434782608,0.5438042571054358,0.38999907724137683,0.391304347826087,0.532608695652174
0.5,0,1,999,1.0,0.0,999999,92,92,36,49,37,48,-1.699613372430329e-05,-0.00015387307820091762,1.0982961221393348e-07,-6.457680450706072e-06,-0.00026084676333457157,0.021739130434782608,0.5438042571054358,0.38999907724137683,0.391304347826087,0.532608695652174
0.5,0,1,999,1.0,0.25,128,92,92,36,49,37,48,-1.699613372430329e-05,-0.00015387307820091762,1.0982961221393348e-07,-6.457680450706072e-06,-0.00026084676333457157,0.021739130434782608,0.5438042571054358,0.38999907724137683,0.391304347826087,0.532608695652174
0.5,0,1,999,1.0,0.25,999999,92,92,36,49,37,48,-1.699613372430329e-05,-0.00015387307820091762,1.0982961221393348e-07,-6.457680450706072e-06,-0.00026084676333457157,0.021739130434782608,0.5438042571054358,0.38999907724137683,0.391304347826087,0.532608695652174
0.5,0,1,999,1.0,0.35,128,92,92,36,49,37,48,-1.699613372430329e-05,-0.00015387307820091762,1.0982961221393348e-07,-6.457680450706072e-06,-0.00026084676333457157,0.021739130434782608,0.5438042571054358,0.38999907724137683,0.391304347826087,0.532608695652174
0.5,0,1,999,1.0,0.35,999999,92,92,36,49,37,48,-1.699613372430329e-05,-0.00015387307820091762,1.0982961221393348e-07,-6.457680450706072e-06,-0.00026084676333457157,0.021739130434782608,0.5438042571054358,0.38999907724137683,0.391304347826087,0.532608695652174
0.5,0,999,0,0.5,0.0,128,92,92,36,49,37,48,-1.699613372430329e-05,-0.00015387307820091762,1.0982961221393348e-07,-6.457680450706072e-06,-0.00026084676333457157,0.021739130434782608,0.5438042571054358,0.38999907724137683,0.391304347826087,0.532608695652174
0.5,0,999,0,0.5,0.0,999999,92,92,36,49,37,48,-1.699613372430329e-05,-0.00015387307820091762,1.0982961221393348e-07,-6.457680450706072e-06,-0.00026084676333457157,0.021739130434782608,0.5438042571054358,0.38999907724137683,0.391304347826087,0.532608695652174
0.5,0,999,0,0.5,0.25,128,92,92,36,49,37,48,-1.699613372430329e-05,-0.00015387307820091762,1.0982961221393348e-07,-6.457680450706072e-06,-0.00026084676333457157,0.021739130434782608,0.5438042571054358,0.38999907724137683,0.391304347826087,0.532608695652174
0.5,0,999,0,0.5,0.25,999999,92,92,36,49,37,48,-1.699613372430329e-05,-0.00015387307820091762,1.0982961221393348e-07,-6.457680450706072e-06,-0.00026084676333457157,0.021739130434782608,0.5438042571054358,0.38999907724137683,0.391304347826087,0.532608695652174
0.5,0,999,0,0.5,0.35,128,92,92,36,49,37,48,-1.699613372430329e-05,-0.00015387307820091762,1.0982961221393348e-07,-6.457680450706072e-06,-0.00026084676333457157,0.021739130434782608,0.5438042571054358,0.38999907724137683,0.391304347826087,0.532608695652174
0.5,0,999,0,0.5,0.35,999999,92,92,36,49,37,48,-1.699613372430329e-05,-0.00015387307820091762,1.0982961221393348e-07,-6.457680450706072e-06,-0.00026084676333457157,0.021739130434782608,0.5438042571054358,0.38999907724137683,0.391304347826087,0.532608695652174
0.5,0,999,0,0.75,0.0,128,92,92,36,49,37,48,-1.699613372430329e-05,-0.00015387307820091762,1.0982961221393348e-07,-6.457680450706072e-06,-0.00026084676333457157,0.021739130434782608,0.5438042571054358,0.38999907724137683,0.391304347826087,0.532608695652174
0.5,0,999,0,0.75,0.0,999999,92,92,36,49,37,48,-1.699613372430329e-05,-0.00015387307820091762,1.0982961221393348e-07,-6.457680450706072e-06,-0.00026084676333457157,0.021739130434782608,0.5438042571054358,0.38999907724137683,0.391304347826087,0.532608695652174
0.5,0,999,0,0.75,0.25,128,92,92,36,49,37,48,-1.699613372430329e-05,-0.00015387307820091762,1.0982961221393348e-07,-6.457680450706072e-06,-0.00026084676333457157,0.021739130434782608,0.5438042571054358,0.38999907724137683,0.391304347826087,0.532608695652174
0.5,0,999,0,0.75,0.25,999999,92,92,36,49,37,48,-1.699613372430329e-05,-0.00015387307820091762,1.0982961221393348e-07,-6.457680450706072e-06,-0.00026084676333457157,0.021739130434782608,0.5438042571054358,0.38999907724137683,0.391304347826087,0.532608695652174
0.5,0,999,0,0.75,0.35,128,92,92,36,49,37,48,-1.699613372430329e-05,-0.00015387307820091762,1.0982961221393348e-07,-6.457680450706072e-06,-0.00026084676333457157,0.021739130434782608,0.5438042571054358,0.38999907724137683,0.391304347826087,0.532608695652174
0.5,0,999,0,0.75,0.35,999999,92,92,36,49,37,48,-1.699613372430329e-05,-0.00015387307820091762,1.0982961221393348e-07,-6.457680450706072e-06,-0.00026084676333457157,0.021739130434782608,0.5438042571054358,0.38999907724137683,0.391304347826087,0.532608695652174
0.5,0,999,0,1.0,0.0,128,92,92,36,49,37,48,-1.699613372430329e-05,-0.00015387307820091762,1.0982961221393348e-07,-6.457680450706072e-06,-0.00026084676333457157,0.021739130434782608,0.5438042571054358,0.38999907724137683,0.391304347826087,0.532608695652174
0.5,0,999,0,1.0,0.0,999999,92,92,36,49,37,48,-1.699613372430329e-05,-0.00015387307820091762,1.0982961221393348e-07,-6.457680450706072e-06,-0.00026084676333457157,0.021739130434782608,0.5438042571054358,0.38999907724137683,0.391304347826087,0.532608695652174
0.5,0,999,0,1.0,0.25,128,92,92,36,49,37,48,-1.699613372430329e-05,-0.00015387307820091762,1.0982961221393348e-07,-6.457680450706072e-06,-0.00026084676333457157,0.021739130434782608,0.5438042571054358,0.38999907724137683,0.391304347826087,0.532608695652174
0.5,0,999,0,1.0,0.25,999999,92,92,36,49,37,48,-1.699613372430329e-05,-0.00015387307820091762,1.0982961221393348e-07,-6.457680450706072e-06,-0.00026084676333457157,0.021739130434782608,0.5438042571054358,0.38999907724137683,0.391304347826087,0.532608695652174
0.5,0,999,0,1.0,0.35,128,92,92,36,49,37,48,-1.699613372430329e-05,-0.00015387307820091762,1.0982961221393348e-07,-6.457680450706072e-06,-0.00026084676333457157,0.021739130434782608,0.5438042571054358,0.38999907724137683,0.391304347826087,0.532608695652174
0.5,0,999,0,1.0,0.35,999999,92,92,36,49,37,48,-1.699613372430329e-05,-0.00015387307820091762,1.0982961221393348e-07,-6.457680450706072e-06,-0.00026084676333457157,0.021739130434782608,0.5438042571054358,0.38999907724137683,0.391304347826087,0.532608695652174
0.5,0,999,1,0.5,0.0,128,92,92,36,49,37,48,-1.699613372430329e-05,-0.00015387307820091762,1.0982961221393348e-07,-6.457680450706072e-06,-0.00026084676333457157,0.021739130434782608,0.5438042571054358,0.38999907724137683,0.391304347826087,0.532608695652174
0.5,0,999,1,0.5,0.0,999999,92,92,36,49,37,48,-1.699613372430329e-05,-0.00015387307820091762,1.0982961221393348e-07,-6.457680450706072e-06,-0.00026084676333457157,0.021739130434782608,0.5438042571054358,0.38999907724137683,0.391304347826087,0.532608695652174
0.5,0,999,1,0.5,0.25,128,92,92,36,49,37,48,-1.699613372430329e-05,-0.00015387307820091762,1.0982961221393348e-07,-6.457680450706072e-06,-0.00026084676333457157,0.021739130434782608,0.5438042571054358,0.38999907724137683,0.391304347826087,0.532608695652174
0.5,0,999,1,0.5,0.25,999999,92,92,36,49,37,48,-1.699613372430329e-05,-0.00015387307820091762,1.0982961221393348e-07,-6.457680450706072e-06,-0.00026084676333457157,0.021739130434782608,0.5438042571054358,0.38999907724137683,0.391304347826087,0.532608695652174
0.5,0,999,1,0.5,0.35,128,92,92,36,49,37,48,-1.699613372430329e-05,-0.00015387307820091762,1.0982961221393348e-07,-6.457680450706072e-06,-0.00026084676333457157,0.021739130434782608,0.5438042571054358,0.38999907724137683,0.391304347826087,0.532608695652174
0.5,0,999,1,0.5,0.35,999999,92,92,36,49,37,48,-1.699613372430329e-05,-0.00015387307820091762,1.0982961221393348e-07,-6.457680450706072e-06,-0.00026084676333457157,0.021739130434782608,0.5438042571054358,0.38999907724137683,0.391304347826087,0.532608695652174
0.5,0,999,1,0.75,0.0,128,92,92,36,49,37,48,-1.699613372430329e-05,-0.00015387307820091762,1.0982961221393348e-07,-6.457680450706072e-06,-0.00026084676333457157,0.021739130434782608,0.5438042571054358,0.38999907724137683,0.391304347826087,0.532608695652174
0.5,0,999,1,0.75,0.0,999999,92,92,36,49,37,48,-1.699613372430329e-05,-0.00015387307820091762,1.0982961221393348e-07,-6.457680450706072e-06,-0.00026084676333457157,0.021739130434782608,0.5438042571054358,0.38999907724137683,0.391304347826087,0.532608695652174
0.5,0,999,1,0.75,0.25,128,92,92,36,49,37,48,-1.699613372430329e-05,-0.00015387307820091762,1.0982961221393348e-07,-6.457680450706072e-06,-0.00026084676333457157,0.021739130434782608,0.5438042571054358,0.38999907724137683,0.391304347826087,0.532608695652174
0.5,0,999,1,0.75,0.25,999999,92,92,36,49,37,48,-1.699613372430329e-05,-0.00015387307820091762,1.0982961221393348e-07,-6.457680450706072e-06,-0.00026084676333457157,0.021739130434782608,0.5438042571054358,0.38999907724137683,0.391304347826087,0.532608695652174
0.5,0,999,1,0.75,0.35,128,92,92,36,49,37,48,-1.699613372430329e-05,-0.00015387307820091762,1.0982961221393348e-07,-6.457680450706072e-06,-0.00026084676333457157,0.021739130434782608,0.5438042571054358,0.38999907724137683,0.391304347826087,0.532608695652174
0.5,0,999,1,0.75,0.35,999999,92,92,36,49,37,48,-1.699613372430329e-05,-0.00015387307820091762,1.0982961221393348e-07,-6.457680450706072e-06,-0.00026084676333457157,0.021739130434782608,0.5438042571054358,0.38999907724137683,0.391304347826087,0.532608695652174
0.5,0,999,1,1.0,0.0,128,92,92,36,49,37,48,-1.699613372430329e-05,-0.00015387307820091762,1.0982961221393348e-07,-6.457680450706072e-06,-0.00026084676333457157,0.021739130434782608,0.5438042571054358,0.38999907724137683,0.391304347826087,0.532608695652174
0.5,0,999,1,1.0,0.0,999999,92,92,36,49,37,48,-1.699613372430329e-05,-0.00015387307820091762,1.0982961221393348e-07,-6.457680450706072e-06,-0.00026084676333457157,0.021739130434782608,0.5438042571054358,0.38999907724137683,0.391304347826087,0.532608695652174
0.5,0,999,1,1.0,0.25,128,92,92,36,49,37,48,-1.699613372430329e-05,-0.00015387307820091762,1.0982961221393348e-07,-6.457680450706072e-06,-0.00026084676333457157,0.021739130434782608,0.5438042571054358,0.38999907724137683,0.391304347826087,0.532608695652174
0.5,0,999,1,1.0,0.25,999999,92,92,36,49,37,48,-1.699613372430329e-05,-0.00015387307820091762,1.0982961221393348e-07,-6.457680450706072e-06,-0.00026084676333457157,0.021739130434782608,0.5438042571054358,0.38999907724137683,0.391304347826087,0.532608695652174
0.5,0,999,1,1.0,0.35,128,92,92,36,49,37,48,-1.699613372430329e-05,-0.00015387307820091762,1.0982961221393348e-07,-6.457680450706072e-06,-0.00026084676333457157,0.021739130434782608,0.5438042571054358,0.38999907724137683,0.391304347826087,0.532608695652174
0.5,0,999,1,1.0,0.35,999999,92,92,36,49,37,48,-1.699613372430329e-05,-0.00015387307820091762,1.0982961221393348e-07,-6.457680450706072e-06,-0.00026084676333457157,0.021739130434782608,0.5438042571054358,0.38999907724137683,0.391304347826087,0.532608695652174
0.5,0,999,999,0.5,0.0,128,92,92,36,49,37,48,-1.699613372430329e-05,-0.00015387307820091762,1.0982961221393348e-07,-6.457680450706072e-06,-0.00026084676333457157,0.021739130434782608,0.5438042571054358,0.38999907724137683,0.391304347826087,0.532608695652174
0.5,0,999,999,0.5,0.0,999999,92,92,36,49,37,48,-1.699613372430329e-05,-0.00015387307820091762,1.0982961221393348e-07,-6.457680450706072e-06,-0.00026084676333457157,0.021739130434782608,0.5438042571054358,0.38999907724137683,0.391304347826087,0.532608695652174
0.5,0,999,999,0.5,0.25,128,92,92,36,49,37,48,-1.699613372430329e-05,-0.00015387307820091762,1.0982961221393348e-07,-6.457680450706072e-06,-0.00026084676333457157,0.021739130434782608,0.5438042571054358,0.38999907724137683,0.391304347826087,0.532608695652174
0.5,0,999,999,0.5,0.25,999999,92,92,36,49,37,48,-1.699613372430329e-05,-0.00015387307820091762,1.0982961221393348e-07,-6.457680450706072e-06,-0.00026084676333457157,0.021739130434782608,0.5438042571054358,0.38999907724137683,0.391304347826087,0.532608695652174
0.5,0,999,999,0.5,0.35,128,92,92,36,49,37,48,-1.699613372430329e-05,-0.00015387307820091762,1.0982961221393348e-07,-6.457680450706072e-06,-0.00026084676333457157,0.021739130434782608,0.5438042571054358,0.38999907724137683,0.391304347826087,0.532608695652174
0.5,0,999,999,0.5,0.35,999999,92,92,36,49,37,48,-1.699613372430329e-05,-0.00015387307820091762,1.0982961221393348e-07,-6.457680450706072e-06,-0.00026084676333457157,0.021739130434782608,0.5438042571054358,0.38999907724137683,0.391304347826087,0.532608695652174
0.5,0,999,999,0.75,0.0,128,92,92,36,49,37,48,-1.699613372430329e-05,-0.00015387307820091762,1.0982961221393348e-07,-6.457680450706072e-06,-0.00026084676333457157,0.021739130434782608,0.5438042571054358,0.38999907724137683,0.391304347826087,0.532608695652174
0.5,0,999,999,0.75,0.0,999999,92,92,36,49,37,48,-1.699613372430329e-05,-0.00015387307820091762,1.0982961221393348e-07,-6.457680450706072e-06,-0.00026084676333457157,0.021739130434782608,0.5438042571054358,0.38999907724137683,0.391304347826087,0.532608695652174
0.5,0,999,999,0.75,0.25,128,92,92,36,49,37,48,-1.699613372430329e-05,-0.00015387307820091762,1.0982961221393348e-07,-6.457680450706072e-06,-0.00026084676333457157,0.021739130434782608,0.5438042571054358,0.38999907724137683,0.391304347826087,0.532608695652174
0.5,0,999,999,0.75,0.25,999999,92,92,36,49,37,48,-1.699613372430329e-05,-0.00015387307820091762,1.0982961221393348e-07,-6.457680450706072e-06,-0.00026084676333457157,0.021739130434782608,0.5438042571054358,0.38999907724137683,0.391304347826087,0.532608695652174
0.5,0,999,999,0.75,0.35,128,92,92,36,49,37,48,-1.699613372430329e-05,-0.00015387307820091762,1.0982961221393348e-07,-6.457680450706072e-06,-0.00026084676333457157,0.021739130434782608,0.5438042571054358,0.38999907724137683,0.391304347826087,0.532608695652174
0.5,0,999,999,0.75,0.35,999999,92,92,36,49,37,48,-1.699613372430329e-05,-0.00015387307820091762,1.0982961221393348e-07,-6.457680450706072e-06,-0.00026084676333457157,0.021739130434782608,0.5438042571054358,0.38999907724137683,0.391304347826087,0.532608695652174
0.5,0,999,999,1.0,0.0,128,92,92,36,49,37,48,-1.699613372430329e-05,-0.00015387307820091762,1.0982961221393348e-07,-6.457680450706072e-06,-0.00026084676333457157,0.021739130434782608,0.5438042571054358,0.38999907724137683,0.391304347826087,0.532608695652174
0.5,0,999,999,1.0,0.0,999999,92,92,36,49,37,48,-1.699613372430329e-05,-0.00015387307820091762,1.0982961221393348e-07,-6.457680450706072e-06,-0.00026084676333457157,0.021739130434782608,0.5438042571054358,0.38999907724137683,0.391304347826087,0.532608695652174
0.5,0,999,999,1.0,0.25,128,92,92,36,49,37,48,-1.699613372430329e-05,-0.00015387307820091762,1.0982961221393348e-07,-6.457680450706072e-06,-0.00026084676333457157,0.021739130434782608,0.5438042571054358,0.38999907724137683,0.391304347826087,0.532608695652174
0.5,0,999,999,1.0,0.25,999999,92,92,36,49,37,48,-1.699613372430329e-05,-0.00015387307820091762,1.0982961221393348e-07,-6.457680450706072e-06,-0.00026084676333457157,0.021739130434782608,0.5438042571054358,0.38999907724137683,0.391304347826087,0.532608695652174
0.5,0,999,999,1.0,0.35,128,92,92,36,49,37,48,-1.699613372430329e-05,-0.00015387307820091762,1.0982961221393348e-07,-6.457680450706072e-06,-0.00026084676333457157,0.021739130434782608,0.5438042571054358,0.38999907724137683,0.391304347826087,0.532608695652174
0.5,0,999,999,1.0,0.35,999999,92,92,36,49,37,48,-1.699613372430329e-05,-0.00015387307820091762,1.0982961221393348e-07,-6.457680450706072e-06,-0.00026084676333457157,0.021739130434782608,0.5438042571054358,0.38999907724137683,0.391304347826087,0.532608695652174
0.5,1,0,0,0.5,0.0,128,92,92,36,49,37,48,-1.699613372430329e-05,-0.00015387307820091762,1.0982961221393348e-07,-6.457680450706072e-06,-0.00026084676333457157,0.021739130434782608,0.5438042571054358,0.38999907724137683,0.391304347826087,0.532608695652174
0.5,1,0,0,0.5,0.0,999999,92,92,36,49,37,48,-1.699613372430329e-05,-0.00015387307820091762,1.0982961221393348e-07,-6.457680450706072e-06,-0.00026084676333457157,0.021739130434782608,0.5438042571054358,0.38999907724137683,0.391304347826087,0.532608695652174
0.5,1,0,0,0.5,0.25,128,92,92,36,49,37,48,-1.699613372430329e-05,-0.00015387307820091762,1.0982961221393348e-07,-6.457680450706072e-06,-0.00026084676333457157,0.021739130434782608,0.5438042571054358,0.38999907724137683,0.391304347826087,0.532608695652174
0.5,1,0,0,0.5,0.25,999999,92,92,36,49,37,48,-1.699613372430329e-05,-0.00015387307820091762,1.0982961221393348e-07,-6.457680450706072e-06,-0.00026084676333457157,0.021739130434782608,0.5438042571054358,0.38999907724137683,0.391304347826087,0.532608695652174
0.5,1,0,0,0.5,0.35,128,92,92,36,49,37,48,-1.699613372430329e-05,-0.00015387307820091762,1.0982961221393348e-07,-6.457680450706072e-06,-0.00026084676333457157,0.021739130434782608,0.5438042571054358,0.38999907724137683,0.391304347826087,0.532608695652174
0.5,1,0,0,0.5,0.35,999999,92,92,36,49,37,48,-1.699613372430329e-05,-0.00015387307820091762,1.0982961221393348e-07,-6.457680450706072e-06,-0.00026084676333457157,0.021739130434782608,0.5438042571054358,0.38999907724137683,0.391304347826087,0.532608695652174
0.5,1,0,0,0.75,0.0,128,92,92,36,49,37,48,-1.699613372430329e-05,-0.00015387307820091762,1.0982961221393348e-07,-6.457680450706072e-06,-0.00026084676333457157,0.021739130434782608,0.5438042571054358,0.38999907724137683,0.391304347826087,0.532608695652174
0.5,1,0,0,0.75,0.0,999999,92,92,36,49,37,48,-1.699613372430329e-05,-0.00015387307820091762,1.0982961221393348e-07,-6.457680450706072e-06,-0.00026084676333457157,0.021739130434782608,0.5438042571054358,0.38999907724137683,0.391304347826087,0.532608695652174
0.5,1,0,0,0.75,0.25,128,92,92,36,49,37,48,-1.699613372430329e-05,-0.00015387307820091762,1.0982961221393348e-07,-6.457680450706072e-06,-0.00026084676333457157,0.021739130434782608,0.5438042571054358,0.38999907724137683,0.391304347826087,0.532608695652174
0.5,1,0,0,0.75,0.25,999999,92,92,36,49,37,48,-1.699613372430329e-05,-0.00015387307820091762,1.0982961221393348e-07,-6.457680450706072e-06,-0.00026084676333457157,0.021739130434782608,0.5438042571054358,0.38999907724137683,0.391304347826087,0.532608695652174
0.5,1,0,0,0.75,0.35,128,92,92,36,49,37,48,-1.699613372430329e-05,-0.00015387307820091762,1.0982961221393348e-07,-6.457680450706072e-06,-0.00026084676333457157,0.021739130434782608,0.5438042571054358,0.38999907724137683,0.391304347826087,0.532608695652174
0.5,1,0,0,0.75,0.35,999999,92,92,36,49,37,48,-1.699613372430329e-05,-0.00015387307820091762,1.0982961221393348e-07,-6.457680450706072e-06,-0.00026084676333457157,0.021739130434782608,0.5438042571054358,0.38999907724137683,0.391304347826087,0.532608695652174
0.5,1,0,0,1.0,0.0,128,92,92,36,49,37,48,-1.699613372430329e-05,-0.00015387307820091762,1.0982961221393348e-07,-6.457680450706072e-06,-0.00026084676333457157,0.021739130434782608,0.5438042571054358,0.38999907724137683,0.391304347826087,0.532608695652174
0.5,1,0,0,1.0,0.0,999999,92,92,36,49,37,48,-1.699613372430329e-05,-0.00015387307820091762,1.0982961221393348e-07,-6.457680450706072e-06,-0.00026084676333457157,0.021739130434782608,0.5438042571054358,0.38999907724137683,0.391304347826087,0.532608695652174
0.5,1,0,0,1.0,0.25,128,92,92,36,49,37,48,-1.699613372430329e-05,-0.00015387307820091762,1.0982961221393348e-07,-6.457680450706072e-06,-0.00026084676333457157,0.021739130434782608,0.5438042571054358,0.38999907724137683,0.391304347826087,0.532608695652174
0.5,1,0,0,1.0,0.25,999999,92,92,36,49,37,48,-1.699613372430329e-05,-0.00015387307820091762,1.0982961221393348e-07,-6.457680450706072e-06,-0.00026084676333457157,0.021739130434782608,0.5438042571054358,0.38999907724137683,0.391304347826087,0.532608695652174
0.5,1,0,0,1.0,0.35,128,92,92,36,49,37,48,-1.699613372430329e-05,-0.00015387307820091762,1.0982961221393348e-07,-6.457680450706072e-06,-0.00026084676333457157,0.021739130434782608,0.5438042571054358,0.38999907724137683,0.391304347826087,0.532608695652174
0.5,1,0,0,1.0,0.35,999999,92,92,36,49,37,48,-1.699613372430329e-05,-0.00015387307820091762,1.0982961221393348e-07,-6.457680450706072e-06,-0.00026084676333457157,0.021739130434782608,0.5438042571054358,0.38999907724137683,0.391304347826087,0.532608695652174
0.5,1,0,1,0.5,0.0,128,92,92,36,49,37,48,-1.699613372430329e-05,-0.00015387307820091762,1.0982961221393348e-07,-6.457680450706072e-06,-0.00026084676333457157,0.021739130434782608,0.5438042571054358,0.38999907724137683,0.391304347826087,0.532608695652174
0.5,1,0,1,0.5,0.0,999999,92,92,36,49,37,48,-1.699613372430329e-05,-0.00015387307820091762,1.0982961221393348e-07,-6.457680450706072e-06,-0.00026084676333457157,0.021739130434782608,0.5438042571054358,0.38999907724137683,0.391304347826087,0.532608695652174
0.5,1,0,1,0.5,0.25,128,92,92,36,49,37,48,-1.699613372430329e-05,-0.00015387307820091762,1.0982961221393348e-07,-6.457680450706072e-06,-0.00026084676333457157,0.021739130434782608,0.5438042571054358,0.38999907724137683,0.391304347826087,0.532608695652174
0.5,1,0,1,0.5,0.25,999999,92,92,36,49,37,48,-1.699613372430329e-05,-0.00015387307820091762,1.0982961221393348e-07,-6.457680450706072e-06,-0.00026084676333457157,0.021739130434782608,0.5438042571054358,0.38999907724137683,0.391304347826087,0.532608695652174
0.5,1,0,1,0.5,0.35,128,92,92,36,49,37,48,-1.699613372430329e-05,-0.00015387307820091762,1.0982961221393348e-07,-6.457680450706072e-06,-0.00026084676333457157,0.021739130434782608,0.5438042571054358,0.38999907724137683,0.391304347826087,0.532608695652174
0.5,1,0,1,0.5,0.35,999999,92,92,36,49,37,48,-1.699613372430329e-05,-0.00015387307820091762,1.0982961221393348e-07,-6.457680450706072e-06,-0.00026084676333457157,0.021739130434782608,0.5438042571054358,0.38999907724137683,0.391304347826087,0.532608695652174
0.5,1,0,1,0.75,0.0,128,92,92,36,49,37,48,-1.699613372430329e-05,-0.00015387307820091762,1.0982961221393348e-07,-6.457680450706072e-06,-0.00026084676333457157,0.021739130434782608,0.5438042571054358,0.38999907724137683,0.391304347826087,0.532608695652174
0.5,1,0,1,0.75,0.0,999999,92,92,36,49,37,48,-1.699613372430329e-05,-0.00015387307820091762,1.0982961221393348e-07,-6.457680450706072e-06,-0.00026084676333457157,0.021739130434782608,0.5438042571054358,0.38999907724137683,0.391304347826087,0.532608695652174
0.5,1,0,1,0.75,0.25,128,92,92,36,49,37,48,-1.699613372430329e-05,-0.00015387307820091762,1.0982961221393348e-07,-6.457680450706072e-06,-0.00026084676333457157,0.021739130434782608,0.5438042571054358,0.38999907724137683,0.391304347826087,0.532608695652174
0.5,1,0,1,0.75,0.25,999999,92,92,36,49,37,48,-1.699613372430329e-05,-0.00015387307820091762,1.0982961221393348e-07,-6.457680450706072e-06,-0.00026084676333457157,0.021739130434782608,0.5438042571054358,0.38999907724137683,0.391304347826087,0.532608695652174
0.5,1,0,1,0.75,0.35,128,92,92,36,49,37,48,-1.699613372430329e-05,-0.00015387307820091762,1.0982961221393348e-07,-6.457680450706072e-06,-0.00026084676333457157,0.021739130434782608,0.5438042571054358,0.38999907724137683,0.391304347826087,0.532608695652174
0.5,1,0,1,0.75,0.35,999999,92,92,36,49,37,48,-1.699613372430329e-05,-0.00015387307820091762,1.0982961221393348e-07,-6.457680450706072e-06,-0.00026084676333457157,0.021739130434782608,0.5438042571054358,0.38999907724137683,0.391304347826087,0.532608695652174
0.5,1,0,1,1.0,0.0,128,92,92,36,49,37,48,-1.699613372430329e-05,-0.00015387307820091762,1.0982961221393348e-07,-6.457680450706072e-06,-0.00026084676333457157,0.021739130434782608,0.5438042571054358,0.38999907724137683,0.391304347826087,0.532608695652174
0.5,1,0,1,1.0,0.0,999999,92,92,36,49,37,48,-1.699613372430329e-05,-0.00015387307820091762,1.0982961221393348e-07,-6.457680450706072e-06,-0.00026084676333457157,0.021739130434782608,0.5438042571054358,0.38999907724137683,0.391304347826087,0.532608695652174
0.5,1,0,1,1.0,0.25,128,92,92,36,49,37,48,-1.699613372430329e-05,-0.00015387307820091762,1.0982961221393348e-07,-6.457680450706072e-06,-0.00026084676333457157,0.021739130434782608,0.5438042571054358,0.38999907724137683,0.391304347826087,0.532608695652174
0.5,1,0,1,1.0,0.25,999999,92,92,36,49,37,48,-1.699613372430329e-05,-0.00015387307820091762,1.0982961221393348e-07,-6.457680450706072e-06,-0.00026084676333457157,0.021739130434782608,0.5438042571054358,0.38999907724137683,0.391304347826087,0.532608695652174
0.5,1,0,1,1.0,0.35,128,92,92,36,49,37,48,-1.699613372430329e-05,-0.00015387307820091762,1.0982961221393348e-07,-6.457680450706072e-06,-0.00026084676333457157,0.021739130434782608,0.5438042571054358,0.38999907724137683,0.391304347826087,0.532608695652174
0.5,1,0,1,1.0,0.35,999999,92,92,36,49,37,48,-1.699613372430329e-05,-0.00015387307820091762,1.0982961221393348e-07,-6.457680450706072e-06,-0.00026084676333457157,0.021739130434782608,0.5438042571054358,0.38999907724137683,0.391304347826087,0.532608695652174
0.5,1,0,999,0.5,0.0,128,92,92,36,49,37,48,-1.699613372430329e-05,-0.00015387307820091762,1.0982961221393348e-07,-6.457680450706072e-06,-0.00026084676333457157,0.021739130434782608,0.5438042571054358,0.38999907724137683,0.391304347826087,0.532608695652174
0.5,1,0,999,0.5,0.0,999999,92,92,36,49,37,48,-1.699613372430329e-05,-0.00015387307820091762,1.0982961221393348e-07,-6.457680450706072e-06,-0.00026084676333457157,0.021739130434782608,0.5438042571054358,0.38999907724137683,0.391304347826087,0.532608695652174
0.5,1,0,999,0.5,0.25,128,92,92,36,49,37,48,-1.699613372430329e-05,-0.00015387307820091762,1.0982961221393348e-07,-6.457680450706072e-06,-0.00026084676333457157,0.021739130434782608,0.5438042571054358,0.38999907724137683,0.391304347826087,0.532608695652174
0.5,1,0,999,0.5,0.25,999999,92,92,36,49,37,48,-1.699613372430329e-05,-0.00015387307820091762,1.0982961221393348e-07,-6.457680450706072e-06,-0.00026084676333457157,0.021739130434782608,0.5438042571054358,0.38999907724137683,0.391304347826087,0.532608695652174
0.5,1,0,999,0.5,0.35,128,92,92,36,49,37,48,-1.699613372430329e-05,-0.00015387307820091762,1.0982961221393348e-07,-6.457680450706072e-06,-0.00026084676333457157,0.021739130434782608,0.5438042571054358,0.38999907724137683,0.391304347826087,0.532608695652174
0.5,1,0,999,0.5,0.35,999999,92,92,36,49,37,48,-1.699613372430329e-05,-0.00015387307820091762,1.0982961221393348e-07,-6.457680450706072e-06,-0.00026084676333457157,0.021739130434782608,0.5438042571054358,0.38999907724137683,0.391304347826087,0.532608695652174
0.5,1,0,999,0.75,0.0,128,92,92,36,49,37,48,-1.699613372430329e-05,-0.00015387307820091762,1.0982961221393348e-07,-6.457680450706072e-06,-0.00026084676333457157,0.021739130434782608,0.5438042571054358,0.38999907724137683,0.391304347826087,0.532608695652174
0.5,1,0,999,0.75,0.0,999999,92,92,36,49,37,48,-1.699613372430329e-05,-0.00015387307820091762,1.0982961221393348e-07,-6.457680450706072e-06,-0.00026084676333457157,0.021739130434782608,0.5438042571054358,0.38999907724137683,0.391304347826087,0.532608695652174
0.5,1,0,999,0.75,0.25,128,92,92,36,49,37,48,-1.699613372430329e-05,-0.00015387307820091762,1.0982961221393348e-07,-6.457680450706072e-06,-0.00026084676333457157,0.021739130434782608,0.5438042571054358,0.38999907724137683,0.391304347826087,0.532608695652174
0.5,1,0,999,0.75,0.25,999999,92,92,36,49,37,48,-1.699613372430329e-05,-0.00015387307820091762,1.0982961221393348e-07,-6.457680450706072e-06,-0.00026084676333457157,0.021739130434782608,0.5438042571054358,0.38999907724137683,0.391304347826087,0.532608695652174
0.5,1,0,999,0.75,0.35,128,92,92,36,49,37,48,-1.699613372430329e-05,-0.00015387307820091762,1.0982961221393348e-07,-6.457680450706072e-06,-0.00026084676333457157,0.021739130434782608,0.5438042571054358,0.38999907724137683,0.391304347826087,0.532608695652174
0.5,1,0,999,0.75,0.35,999999,92,92,36,49,37,48,-1.699613372430329e-05,-0.00015387307820091762,1.0982961221393348e-07,-6.457680450706072e-06,-0.00026084676333457157,0.021739130434782608,0.5438042571054358,0.38999907724137683,0.391304347826087,0.532608695652174
0.5,1,0,999,1.0,0.0,128,92,92,36,49,37,48,-1.699613372430329e-05,-0.00015387307820091762,1.0982961221393348e-07,-6.457680450706072e-06,-0.00026084676333457157,0.021739130434782608,0.5438042571054358,0.38999907724137683,0.391304347826087,0.532608695652174
0.5,1,0,999,1.0,0.0,999999,92,92,36,49,37,48,-1.699613372430329e-05,-0.00015387307820091762,1.0982961221393348e-07,-6.457680450706072e-06,-0.00026084676333457157,0.021739130434782608,0.5438042571054358,0.38999907724137683,0.391304347826087,0.532608695652174
0.5,1,0,999,1.0,0.25,128,92,92,36,49,37,48,-1.699613372430329e-05,-0.00015387307820091762,1.0982961221393348e-07,-6.457680450706072e-06,-0.00026084676333457157,0.021739130434782608,0.5438042571054358,0.38999907724137683,0.391304347826087,0.532608695652174
0.5,1,0,999,1.0,0.25,999999,92,92,36,49,37,48,-1.699613372430329e-05,-0.00015387307820091762,1.0982961221393348e-07,-6.457680450706072e-06,-0.00026084676333457157,0.021739130434782608,0.5438042571054358,0.38999907724137683,0.391304347826087,0.532608695652174
0.5,1,0,999,1.0,0.35,128,92,92,36,49,37,48,-1.699613372430329e-05,-0.00015387307820091762,1.0982961221393348e-07,-6.457680450706072e-06,-0.00026084676333457157,0.021739130434782608,0.5438042571054358,0.38999907724137683,0.391304347826087,0.532608695652174
0.5,1,0,999,1.0,0.35,999999,92,92,36,49,37,48,-1.699613372430329e-05,-0.00015387307820091762,1.0982961221393348e-07,-6.457680450706072e-06,-0.00026084676333457157,0.021739130434782608,0.5438042571054358,0.38999907724137683,0.391304347826087,0.532608695652174
0.5,1,1,0,0.5,0.0,128,92,92,36,49,37,48,-1.699613372430329e-05,-0.00015387307820091762,1.0982961221393348e-07,-6.457680450706072e-06,-0.00026084676333457157,0.021739130434782608,0.5438042571054358,0.38999907724137683,0.391304347826087,0.532608695652174
0.5,1,1,0,0.5,0.0,999999,92,92,36,49,37,48,-1.699613372430329e-05,-0.00015387307820091762,1.0982961221393348e-07,-6.457680450706072e-06,-0.00026084676333457157,0.021739130434782608,0.5438042571054358,0.38999907724137683,0.391304347826087,0.532608695652174
0.5,1,1,0,0.5,0.25,128,92,92,36,49,37,48,-1.699613372430329e-05,-0.00015387307820091762,1.0982961221393348e-07,-6.457680450706072e-06,-0.00026084676333457157,0.021739130434782608,0.5438042571054358,0.38999907724137683,0.391304347826087,0.532608695652174
0.5,1,1,0,0.5,0.25,999999,92,92,36,49,37,48,-1.699613372430329e-05,-0.00015387307820091762,1.0982961221393348e-07,-6.457680450706072e-06,-0.00026084676333457157,0.021739130434782608,0.5438042571054358,0.38999907724137683,0.391304347826087,0.532608695652174
0.5,1,1,0,0.5,0.35,128,92,92,36,49,37,48,-1.699613372430329e-05,-0.00015387307820091762,1.0982961221393348e-07,-6.457680450706072e-06,-0.00026084676333457157,0.021739130434782608,0.5438042571054358,0.38999907724137683,0.391304347826087,0.532608695652174
0.5,1,1,0,0.5,0.35,999999,92,92,36,49,37,48,-1.699613372430329e-05,-0.00015387307820091762,1.0982961221393348e-07,-6.457680450706072e-06,-0.00026084676333457157,0.021739130434782608,0.5438042571054358,0.38999907724137683,0.391304347826087,0.532608695652174
0.5,1,1,0,0.75,0.0,128,92,92,36,49,37,48,-1.699613372430329e-05,-0.00015387307820091762,1.0982961221393348e-07,-6.457680450706072e-06,-0.00026084676333457157,0.021739130434782608,0.5438042571054358,0.38999907724137683,0.391304347826087,0.532608695652174
0.5,1,1,0,0.75,0.0,999999,92,92,36,49,37,48,-1.699613372430329e-05,-0.00015387307820091762,1.0982961221393348e-07,-6.457680450706072e-06,-0.00026084676333457157,0.021739130434782608,0.5438042571054358,0.38999907724137683,0.391304347826087,0.532608695652174
0.5,1,1,0,0.75,0.25,128,92,92,36,49,37,48,-1.699613372430329e-05,-0.00015387307820091762,1.0982961221393348e-07,-6.457680450706072e-06,-0.00026084676333457157,0.021739130434782608,0.5438042571054358,0.38999907724137683,0.391304347826087,0.532608695652174
0.5,1,1,0,0.75,0.25,999999,92,92,36,49,37,48,-1.699613372430329e-05,-0.00015387307820091762,1.0982961221393348e-07,-6.457680450706072e-06,-0.00026084676333457157,0.021739130434782608,0.5438042571054358,0.38999907724137683,0.391304347826087,0.532608695652174
0.5,1,1,0,0.75,0.35,128,92,92,36,49,37,48,-1.699613372430329e-05,-0.00015387307820091762,1.0982961221393348e-07,-6.457680450706072e-06,-0.00026084676333457157,0.021739130434782608,0.5438042571054358,0.38999907724137683,0.391304347826087,0.532608695652174
0.5,1,1,0,0.75,0.35,999999,92,92,36,49,37,48,-1.699613372430329e-05,-0.00015387307820091762,1.0982961221393348e-07,-6.457680450706072e-06,-0.00026084676333457157,0.021739130434782608,0.5438042571054358,0.38999907724137683,0.391304347826087,0.532608695652174
0.5,1,1,0,1.0,0.0,128,92,92,36,49,37,48,-1.699613372430329e-05,-0.00015387307820091762,1.0982961221393348e-07,-6.457680450706072e-06,-0.00026084676333457157,0.021739130434782608,0.5438042571054358,0.38999907724137683,0.391304347826087,0.532608695652174
0.5,1,1,0,1.0,0.0,999999,92,92,36,49,37,48,-1.699613372430329e-05,-0.00015387307820091762,1.0982961221393348e-07,-6.457680450706072e-06,-0.00026084676333457157,0.021739130434782608,0.5438042571054358,0.38999907724137683,0.391304347826087,0.532608695652174
0.5,1,1,0,1.0,0.25,128,92,92,36,49,37,48,-1.699613372430329e-05,-0.00015387307820091762,1.0982961221393348e-07,-6.457680450706072e-06,-0.00026084676333457157,0.021739130434782608,0.5438042571054358,0.38999907724137683,0.391304347826087,0.532608695652174
0.5,1,1,0,1.0,0.25,999999,92,92,36,49,37,48,-1.699613372430329e-05,-0.00015387307820091762,1.0982961221393348e-07,-6.457680450706072e-06,-0.00026084676333457157,0.021739130434782608,0.5438042571054358,0.38999907724137683,0.391304347826087,0.532608695652174
0.5,1,1,0,1.0,0.35,128,92,92,36,49,37,48,-1.699613372430329e-05,-0.00015387307820091762,1.0982961221393348e-07,-6.457680450706072e-06,-0.00026084676333457157,0.021739130434782608,0.5438042571054358,0.38999907724137683,0.391304347826087,0.532608695652174
0.5,1,1,0,1.0,0.35,999999,92,92,36,49,37,48,-1.699613372430329e-05,-0.00015387307820091762,1.0982961221393348e-07,-6.457680450706072e-06,-0.00026084676333457157,0.021739130434782608,0.5438042571054358,0.38999907724137683,0.391304347826087,0.532608695652174
0.5,1,1,1,0.5,0.0,128,92,92,36,49,37,48,-1.699613372430329e-05,-0.00015387307820091762,1.0982961221393348e-07,-6.457680450706072e-06,-0.00026084676333457157,0.021739130434782608,0.5438042571054358,0.38999907724137683,0.391304347826087,0.532608695652174
0.5,1,1,1,0.5,0.0,999999,92,92,36,49,37,48,-1.699613372430329e-05,-0.00015387307820091762,1.0982961221393348e-07,-6.457680450706072e-06,-0.00026084676333457157,0.021739130434782608,0.5438042571054358,0.38999907724137683,0.391304347826087,0.532608695652174
0.5,1,1,1,0.5,0.25,128,92,92,36,49,37,48,-1.699613372430329e-05,-0.00015387307820091762,1.0982961221393348e-07,-6.457680450706072e-06,-0.00026084676333457157,0.021739130434782608,0.5438042571054358,0.38999907724137683,0.391304347826087,0.532608695652174
0.5,1,1,1,0.5,0.25,999999,92,92,36,49,37,48,-1.699613372430329e-05,-0.00015387307820091762,1.0982961221393348e-07,-6.457680450706072e-06,-0.00026084676333457157,0.021739130434782608,0.5438042571054358,0.38999907724137683,0.391304347826087,0.532608695652174
0.5,1,1,1,0.5,0.35,128,92,92,36,49,37,48,-1.699613372430329e-05,-0.00015387307820091762,1.0982961221393348e-07,-6.457680450706072e-06,-0.00026084676333457157,0.021739130434782608,0.5438042571054358,0.38999907724137683,0.391304347826087,0.532608695652174
0.5,1,1,1,0.5,0.35,999999,92,92,36,49,37,48,-1.699613372430329e-05,-0.00015387307820091762,1.0982961221393348e-07,-6.457680450706072e-06,-0.00026084676333457157,0.021739130434782608,0.5438042571054358,0.38999907724137683,0.391304347826087,0.532608695652174
0.5,1,1,1,0.75,0.0,128,92,92,36,49,37,48,-1.699613372430329e-05,-0.00015387307820091762,1.0982961221393348e-07,-6.457680450706072e-06,-0.00026084676333457157,0.021739130434782608,0.5438042571054358,0.38999907724137683,0.391304347826087,0.532608695652174
0.5,1,1,1,0.75,0.0,999999,92,92,36,49,37,48,-1.699613372430329e-05,-0.00015387307820091762,1.0982961221393348e-07,-6.457680450706072e-06,-0.00026084676333457157,0.021739130434782608,0.5438042571054358,0.38999907724137683,0.391304347826087,0.532608695652174
0.5,1,1,1,0.75,0.25,128,92,92,36,49,37,48,-1.699613372430329e-05,-0.00015387307820091762,1.0982961221393348e-07,-6.457680450706072e-06,-0.00026084676333457157,0.021739130434782608,0.5438042571054358,0.38999907724137683,0.391304347826087,0.532608695652174
0.5,1,1,1,0.75,0.25,999999,92,92,36,49,37,48,-1.699613372430329e-05,-0.00015387307820091762,1.0982961221393348e-07,-6.457680450706072e-06,-0.00026084676333457157,0.021739130434782608,0.5438042571054358,0.38999907724137683,0.391304347826087,0.532608695652174
0.5,1,1,1,0.75,0.35,128,92,92,36,49,37,48,-1.699613372430329e-05,-0.00015387307820091762,1.0982961221393348e-07,-6.457680450706072e-06,-0.00026084676333457157,0.021739130434782608,0.5438042571054358,0.38999907724137683,0.391304347826087,0.532608695652174
0.5,1,1,1,0.75,0.35,999999,92,92,36,49,37,48,-1.699613372430329e-05,-0.00015387307820091762,1.0982961221393348e-07,-6.457680450706072e-06,-0.00026084676333457157,0.021739130434782608,0.5438042571054358,0.38999907724137683,0.391304347826087,0.532608695652174
0.5,1,1,1,1.0,0.0,128,92,92,36,49,37,48,-1.699613372430329e-05,-0.00015387307820091762,1.0982961221393348e-07,-6.457680450706072e-06,-0.00026084676333457157,0.021739130434782608,0.5438042571054358,0.38999907724137683,0.391304347826087,0.532608695652174
0.5,1,1,1,1.0,0.0,999999,92,92,36,49,37,48,-1.699613372430329e-05,-0.00015387307820091762,1.0982961221393348e-07,-6.457680450706072e-06,-0.00026084676333457157,0.021739130434782608,0.5438042571054358,0.38999907724137683,0.391304347826087,0.532608695652174
0.5,1,1,1,1.0,0.25,128,92,92,36,49,37,48,-1.699613372430329e-05,-0.00015387307820091762,1.0982961221393348e-07,-6.457680450706072e-06,-0.00026084676333457157,0.021739130434782608,0.5438042571054358,0.38999907724137683,0.391304347826087,0.532608695652174
0.5,1,1,1,1.0,0.25,999999,92,92,36,49,37,48,-1.699613372430329e-05,-0.00015387307820091762,1.0982961221393348e-07,-6.457680450706072e-06,-0.00026084676333457157,0.021739130434782608,0.5438042571054358,0.38999907724137683,0.391304347826087,0.532608695652174
0.5,1,1,1,1.0,0.35,128,92,92,36,49,37,48,-1.699613372430329e-05,-0.00015387307820091762,1.0982961221393348e-07,-6.457680450706072e-06,-0.00026084676333457157,0.021739130434782608,0.5438042571054358,0.38999907724137683,0.391304347826087,0.532608695652174
0.5,1,1,1,1.0,0.35,999999,92,92,36,49,37,48,-1.699613372430329e-05,-0.00015387307820091762,1.0982961221393348e-07,-6.457680450706072e-06,-0.00026084676333457157,0.021739130434782608,0.5438042571054358,0.38999907724137683,0.391304347826087,0.532608695652174
0.5,1,1,999,0.5,0.0,128,92,92,36,49,37,48,-1.699613372430329e-05,-0.00015387307820091762,1.0982961221393348e-07,-6.457680450706072e-06,-0.00026084676333457157,0.021739130434782608,0.5438042571054358,0.38999907724137683,0.391304347826087,0.532608695652174
0.5,1,1,999,0.5,0.0,999999,92,92,36,49,37,48,-1.699613372430329e-05,-0.00015387307820091762,1.0982961221393348e-07,-6.457680450706072e-06,-0.00026084676333457157,0.021739130434782608,0.5438042571054358,0.38999907724137683,0.391304347826087,0.532608695652174
0.5,1,1,999,0.5,0.25,128,92,92,36,49,37,48,-1.699613372430329e-05,-0.00015387307820091762,1.0982961221393348e-07,-6.457680450706072e-06,-0.00026084676333457157,0.021739130434782608,0.5438042571054358,0.38999907724137683,0.391304347826087,0.532608695652174
0.5,1,1,999,0.5,0.25,999999,92,92,36,49,37,48,-1.699613372430329e-05,-0.00015387307820091762,1.0982961221393348e-07,-6.457680450706072e-06,-0.00026084676333457157,0.021739130434782608,0.5438042571054358,0.38999907724137683,0.391304347826087,0.532608695652174
0.5,1,1,999,0.5,0.35,128,92,92,36,49,37,48,-1.699613372430329e-05,-0.00015387307820091762,1.0982961221393348e-07,-6.457680450706072e-06,-0.00026084676333457157,0.021739130434782608,0.5438042571054358,0.38999907724137683,0.391304347826087,0.532608695652174
0.5,1,1,999,0.5,0.35,999999,92,92,36,49,37,48,-1.699613372430329e-05,-0.00015387307820091762,1.0982961221393348e-07,-6.457680450706072e-06,-0.00026084676333457157,0.021739130434782608,0.5438042571054358,0.38999907724137683,0.391304347826087,0.532608695652174
0.5,1,1,999,0.75,0.0,128,92,92,36,49,37,48,-1.699613372430329e-05,-0.00015387307820091762,1.0982961221393348e-07,-6.457680450706072e-06,-0.00026084676333457157,0.021739130434782608,0.5438042571054358,0.38999907724137683,0.391304347826087,0.532608695652174
0.5,1,1,999,0.75,0.0,999999,92,92,36,49,37,48,-1.699613372430329e-05,-0.00015387307820091762,1.0982961221393348e-07,-6.457680450706072e-06,-0.00026084676333457157,0.021739130434782608,0.5438042571054358,0.38999907724137683,0.391304347826087,0.532608695652174
0.5,1,1,999,0.75,0.25,128,92,92,36,49,37,48,-1.699613372430329e-05,-0.00015387307820091762,1.0982961221393348e-07,-6.457680450706072e-06,-0.00026084676333457157,0.021739130434782608,0.5438042571054358,0.38999907724137683,0.391304347826087,0.532608695652174
0.5,1,1,999,0.75,0.25,999999,92,92,36,49,37,48,-1.699613372430329e-05,-0.00015387307820091762,1.0982961221393348e-07,-6.457680450706072e-06,-0.00026084676333457157,0.021739130434782608,0.5438042571054358,0.38999907724137683,0.391304347826087,0.532608695652174
0.5,1,1,999,0.75,0.35,128,92,92,36,49,37,48,-1.699613372430329e-05,-0.00015387307820091762,1.0982961221393348e-07,-6.457680450706072e-06,-0.00026084676333457157,0.021739130434782608,0.5438042571054358,0.38999907724137683,0.391304347826087,0.532608695652174
0.5,1,1,999,0.75,0.35,999999,92,92,36,49,37,48,-1.699613372430329e-05,-0.00015387307820091762,1.0982961221393348e-07,-6.457680450706072e-06,-0.00026084676333457157,0.021739130434782608,0.5438042571054358,0.38999907724137683,0.391304347826087,0.532608695652174
0.5,1,1,999,1.0,0.0,128,92,92,36,49,37,48,-1.699613372430329e-05,-0.00015387307820091762,1.0982961221393348e-07,-6.457680450706072e-06,-0.00026084676333457157,0.021739130434782608,0.5438042571054358,0.38999907724137683,0.391304347826087,0.532608695652174
0.5,1,1,999,1.0,0.0,999999,92,92,36,49,37,48,-1.699613372430329e-05,-0.00015387307820091762,1.0982961221393348e-07,-6.457680450706072e-06,-0.00026084676333457157,0.021739130434782608,0.5438042571054358,0.38999907724137683,0.391304347826087,0.532608695652174
0.5,1,1,999,1.0,0.25,128,92,92,36,49,37,48,-1.699613372430329e-05,-0.00015387307820091762,1.0982961221393348e-07,-6.457680450706072e-06,-0.00026084676333457157,0.021739130434782608,0.5438042571054358,0.38999907724137683,0.391304347826087,0.532608695652174
0.5,1,1,999,1.0,0.25,999999,92,92,36,49,37,48,-1.699613372430329e-05,-0.00015387307820091762,1.0982961221393348e-07,-6.457680450706072e-06,-0.00026084676333457157,0.021739130434782608,0.5438042571054358,0.38999907724137683,0.391304347826087,0.532608695652174
0.5,1,1,999,1.0,0.35,128,92,92,36,49,37,48,-1.699613372430329e-05,-0.00015387307820091762,1.0982961221393348e-07,-6.457680450706072e-06,-0.00026084676333457157,0.021739130434782608,0.5438042571054358,0.38999907724137683,0.391304347826087,0.532608695652174
0.5,1,1,999,1.0,0.35,999999,92,92,36,49,37,48,-1.699613372430329e-05,-0.00015387307820091762,1.0982961221393348e-07,-6.457680450706072e-06,-0.00026084676333457157,0.021739130434782608,0.5438042571054358,0.38999907724137683,0.391304347826087,0.532608695652174
0.5,1,999,0,0.5,0.0,128,92,92,36,49,37,48,-1.699613372430329e-05,-0.00015387307820091762,1.0982961221393348e-07,-6.457680450706072e-06,-0.00026084676333457157,0.021739130434782608,0.5438042571054358,0.38999907724137683,0.391304347826087,0.532608695652174
0.5,1,999,0,0.5,0.0,999999,92,92,36,49,37,48,-1.699613372430329e-05,-0.00015387307820091762,1.0982961221393348e-07,-6.457680450706072e-06,-0.00026084676333457157,0.021739130434782608,0.5438042571054358,0.38999907724137683,0.391304347826087,0.532608695652174
0.5,1,999,0,0.5,0.25,128,92,92,36,49,37,48,-1.699613372430329e-05,-0.00015387307820091762,1.0982961221393348e-07,-6.457680450706072e-06,-0.00026084676333457157,0.021739130434782608,0.5438042571054358,0.38999907724137683,0.391304347826087,0.532608695652174
0.5,1,999,0,0.5,0.25,999999,92,92,36,49,37,48,-1.699613372430329e-05,-0.00015387307820091762,1.0982961221393348e-07,-6.457680450706072e-06,-0.00026084676333457157,0.021739130434782608,0.5438042571054358,0.38999907724137683,0.391304347826087,0.532608695652174
0.5,1,999,0,0.5,0.35,128,92,92,36,49,37,48,-1.699613372430329e-05,-0.00015387307820091762,1.0982961221393348e-07,-6.457680450706072e-06,-0.00026084676333457157,0.021739130434782608,0.5438042571054358,0.38999907724137683,0.391304347826087,0.532608695652174
0.5,1,999,0,0.5,0.35,999999,92,92,36,49,37,48,-1.699613372430329e-05,-0.00015387307820091762,1.0982961221393348e-07,-6.457680450706072e-06,-0.00026084676333457157,0.021739130434782608,0.5438042571054358,0.38999907724137683,0.391304347826087,0.532608695652174
0.5,1,999,0,0.75,0.0,128,92,92,36,49,37,48,-1.699613372430329e-05,-0.00015387307820091762,1.0982961221393348e-07,-6.457680450706072e-06,-0.00026084676333457157,0.021739130434782608,0.5438042571054358,0.38999907724137683,0.391304347826087,0.532608695652174
0.5,1,999,0,0.75,0.0,999999,92,92,36,49,37,48,-1.699613372430329e-05,-0.00015387307820091762,1.0982961221393348e-07,-6.457680450706072e-06,-0.00026084676333457157,0.021739130434782608,0.5438042571054358,0.38999907724137683,0.391304347826087,0.532608695652174
0.5,1,999,0,0.75,0.25,128,92,92,36,49,37,48,-1.699613372430329e-05,-0.00015387307820091762,1.0982961221393348e-07,-6.457680450706072e-06,-0.00026084676333457157,0.021739130434782608,0.5438042571054358,0.38999907724137683,0.391304347826087,0.532608695652174
0.5,1,999,0,0.75,0.25,999999,92,92,36,49,37,48,-1.699613372430329e-05,-0.00015387307820091762,1.0982961221393348e-07,-6.457680450706072e-06,-0.00026084676333457157,0.021739130434782608,0.5438042571054358,0.38999907724137683,0.391304347826087,0.532608695652174
0.5,1,999,0,0.75,0.35,128,92,92,36,49,37,48,-1.699613372430329e-05,-0.00015387307820091762,1.0982961221393348e-07,-6.457680450706072e-06,-0.00026084676333457157,0.021739130434782608,0.5438042571054358,0.38999907724137683,0.391304347826087,0.532608695652174
0.5,1,999,0,0.75,0.35,999999,92,92,36,49,37,48,-1.699613372430329e-05,-0.00015387307820091762,1.0982961221393348e-07,-6.457680450706072e-06,-0.00026084676333457157,0.021739130434782608,0.5438042571054358,0.38999907724137683,0.391304347826087,0.532608695652174
0.5,1,999,0,1.0,0.0,128,92,92,36,49,37,48,-1.699613372430329e-05,-0.00015387307820091762,1.0982961221393348e-07,-6.457680450706072e-06,-0.00026084676333457157,0.021739130434782608,0.5438042571054358,0.38999907724137683,0.391304347826087,0.532608695652174
0.5,1,999,0,1.0,0.0,999999,92,92,36,49,37,48,-1.699613372430329e-05,-0.00015387307820091762,1.0982961221393348e-07,-6.457680450706072e-06,-0.00026084676333457157,0.021739130434782608,0.5438042571054358,0.38999907724137683,0.391304347826087,0.532608695652174
0.5,1,999,0,1.0,0.25,128,92,92,36,49,37,48,-1.699613372430329e-05,-0.00015387307820091762,1.0982961221393348e-07,-6.457680450706072e-06,-0.00026084676333457157,0.021739130434782608,0.5438042571054358,0.38999907724137683,0.391304347826087,0.532608695652174
0.5,1,999,0,1.0,0.25,999999,92,92,36,49,37,48,-1.699613372430329e-05,-0.00015387307820091762,1.0982961221393348e-07,-6.457680450706072e-06,-0.00026084676333457157,0.021739130434782608,0.5438042571054358,0.38999907724137683,0.391304347826087,0.532608695652174
0.5,1,999,0,1.0,0.35,128,92,92,36,49,37,48,-1.699613372430329e-05,-0.00015387307820091762,1.0982961221393348e-07,-6.457680450706072e-06,-0.00026084676333457157,0.021739130434782608,0.5438042571054358,0.38999907724137683,0.391304347826087,0.532608695652174
0.5,1,999,0,1.0,0.35,999999,92,92,36,49,37,48,-1.699613372430329e-05,-0.00015387307820091762,1.0982961221393348e-07,-6.457680450706072e-06,-0.00026084676333457157,0.021739130434782608,0.5438042571054358,0.38999907724137683,0.391304347826087,0.532608695652174
0.5,1,999,1,0.5,0.0,128,92,92,36,49,37,48,-1.699613372430329e-05,-0.00015387307820091762,1.0982961221393348e-07,-6.457680450706072e-06,-0.00026084676333457157,0.021739130434782608,0.5438042571054358,0.38999907724137683,0.391304347826087,0.532608695652174
0.5,1,999,1,0.5,0.0,999999,92,92,36,49,37,48,-1.699613372430329e-05,-0.00015387307820091762,1.0982961221393348e-07,-6.457680450706072e-06,-0.00026084676333457157,0.021739130434782608,0.5438042571054358,0.38999907724137683,0.391304347826087,0.532608695652174
0.5,1,999,1,0.5,0.25,128,92,92,36,49,37,48,-1.699613372430329e-05,-0.00015387307820091762,1.0982961221393348e-07,-6.457680450706072e-06,-0.00026084676333457157,0.021739130434782608,0.5438042571054358,0.38999907724137683,0.391304347826087,0.532608695652174
0.5,1,999,1,0.5,0.25,999999,92,92,36,49,37,48,-1.699613372430329e-05,-0.00015387307820091762,1.0982961221393348e-07,-6.457680450706072e-06,-0.00026084676333457157,0.021739130434782608,0.5438042571054358,0.38999907724137683,0.391304347826087,0.532608695652174
0.5,1,999,1,0.5,0.35,128,92,92,36,49,37,48,-1.699613372430329e-05,-0.00015387307820091762,1.0982961221393348e-07,-6.457680450706072e-06,-0.00026084676333457157,0.021739130434782608,0.5438042571054358,0.38999907724137683,0.391304347826087,0.532608695652174
0.5,1,999,1,0.5,0.35,999999,92,92,36,49,37,48,-1.699613372430329e-05,-0.00015387307820091762,1.0982961221393348e-07,-6.457680450706072e-06,-0.00026084676333457157,0.021739130434782608,0.5438042571054358,0.38999907724137683,0.391304347826087,0.532608695652174
0.5,1,999,1,0.75,0.0,128,92,92,36,49,37,48,-1.699613372430329e-05,-0.00015387307820091762,1.0982961221393348e-07,-6.457680450706072e-06,-0.00026084676333457157,0.021739130434782608,0.5438042571054358,0.38999907724137683,0.391304347826087,0.532608695652174
0.5,1,999,1,0.75,0.0,999999,92,92,36,49,37,48,-1.699613372430329e-05,-0.00015387307820091762,1.0982961221393348e-07,-6.457680450706072e-06,-0.00026084676333457157,0.021739130434782608,0.5438042571054358,0.38999907724137683,0.391304347826087,0.532608695652174
0.5,1,999,1,0.75,0.25,128,92,92,36,49,37,48,-1.699613372430329e-05,-0.00015387307820091762,1.0982961221393348e-07,-6.457680450706072e-06,-0.00026084676333457157,0.021739130434782608,0.5438042571054358,0.38999907724137683,0.391304347826087,0.532608695652174
0.5,1,999,1,0.75,0.25,999999,92,92,36,49,37,48,-1.699613372430329e-05,-0.00015387307820091762,1.0982961221393348e-07,-6.457680450706072e-06,-0.00026084676333457157,0.021739130434782608,0.5438042571054358,0.38999907724137683,0.391304347826087,0.532608695652174
0.5,1,999,1,0.75,0.35,128,92,92,36,49,37,48,-1.699613372430329e-05,-0.00015387307820091762,1.0982961221393348e-07,-6.457680450706072e-06,-0.00026084676333457157,0.021739130434782608,0.5438042571054358,0.38999907724137683,0.391304347826087,0.532608695652174
0.5,1,999,1,0.75,0.35,999999,92,92,36,49,37,48,-1.699613372430329e-05,-0.00015387307820091762,1.0982961221393348e-07,-6.457680450706072e-06,-0.00026084676333457157,0.021739130434782608,0.5438042571054358,0.38999907724137683,0.391304347826087,0.532608695652174
0.5,1,999,1,1.0,0.0,128,92,92,36,49,37,48,-1.699613372430329e-05,-0.00015387307820091762,1.0982961221393348e-07,-6.457680450706072e-06,-0.00026084676333457157,0.021739130434782608,0.5438042571054358,0.38999907724137683,0.391304347826087,0.532608695652174
0.5,1,999,1,1.0,0.0,999999,92,92,36,49,37,48,-1.699613372430329e-05,-0.00015387307820091762,1.0982961221393348e-07,-6.457680450706072e-06,-0.00026084676333457157,0.021739130434782608,0.5438042571054358,0.38999907724137683,0.391304347826087,0.532608695652174
0.5,1,999,1,1.0,0.25,128,92,92,36,49,37,48,-1.699613372430329e-05,-0.00015387307820091762,1.0982961221393348e-07,-6.457680450706072e-06,-0.00026084676333457157,0.021739130434782608,0.5438042571054358,0.38999907724137683,0.391304347826087,0.532608695652174
0.5,1,999,1,1.0,0.25,999999,92,92,36,49,37,48,-1.699613372430329e-05,-0.00015387307820091762,1.0982961221393348e-07,-6.457680450706072e-06,-0.00026084676333457157,0.021739130434782608,0.5438042571054358,0.38999907724137683,0.391304347826087,0.532608695652174
0.5,1,999,1,1.0,0.35,128,92,92,36,49,37,48,-1.699613372430329e-05,-0.00015387307820091762,1.0982961221393348e-07,-6.457680450706072e-06,-0.00026084676333457157,0.021739130434782608,0.5438042571054358,0.38999907724137683,0.391304347826087,0.532608695652174
0.5,1,999,1,1.0,0.35,999999,92,92,36,49,37,48,-1.699613372430329e-05,-0.00015387307820091762,1.0982961221393348e-07,-6.457680450706072e-06,-0.00026084676333457157,0.021739130434782608,0.5438042571054358,0.38999907724137683,0.391304347826087,0.532608695652174
0.5,1,999,999,0.5,0.0,128,92,92,36,49,37,48,-1.699613372430329e-05,-0.00015387307820091762,1.0982961221393348e-07,-6.457680450706072e-06,-0.00026084676333457157,0.021739130434782608,0.5438042571054358,0.38999907724137683,0.391304347826087,0.532608695652174
0.5,1,999,999,0.5,0.0,999999,92,92,36,49,37,48,-1.699613372430329e-05,-0.00015387307820091762,1.0982961221393348e-07,-6.457680450706072e-06,-0.00026084676333457157,0.021739130434782608,0.5438042571054358,0.38999907724137683,0.391304347826087,0.532608695652174
0.5,1,999,999,0.5,0.25,128,92,92,36,49,37,48,-1.699613372430329e-05,-0.00015387307820091762,1.0982961221393348e-07,-6.457680450706072e-06,-0.00026084676333457157,0.021739130434782608,0.5438042571054358,0.38999907724137683,0.391304347826087,0.532608695652174
0.5,1,999,999,0.5,0.25,999999,92,92,36,49,37,48,-1.699613372430329e-05,-0.00015387307820091762,1.0982961221393348e-07,-6.457680450706072e-06,-0.00026084676333457157,0.021739130434782608,0.5438042571054358,0.38999907724137683,0.391304347826087,0.532608695652174
0.5,1,999,999,0.5,0.35,128,92,92,36,49,37,48,-1.699613372430329e-05,-0.00015387307820091762,1.0982961221393348e-07,-6.457680450706072e-06,-0.00026084676333457157,0.021739130434782608,0.5438042571054358,0.38999907724137683,0.391304347826087,0.532608695652174
0.5,1,999,999,0.5,0.35,999999,92,92,36,49,37,48,-1.699613372430329e-05,-0.00015387307820091762,1.0982961221393348e-07,-6.457680450706072e-06,-0.00026084676333457157,0.021739130434782608,0.5438042571054358,0.38999907724137683,0.391304347826087,0.532608695652174
0.5,1,999,999,0.75,0.0,128,92,92,36,49,37,48,-1.699613372430329e-05,-0.00015387307820091762,1.0982961221393348e-07,-6.457680450706072e-06,-0.00026084676333457157,0.021739130434782608,0.5438042571054358,0.38999907724137683,0.391304347826087,0.532608695652174
0.5,1,999,999,0.75,0.0,999999,92,92,36,49,37,48,-1.699613372430329e-05,-0.00015387307820091762,1.0982961221393348e-07,-6.457680450706072e-06,-0.00026084676333457157,0.021739130434782608,0.5438042571054358,0.38999907724137683,0.391304347826087,0.532608695652174
0.5,1,999,999,0.75,0.25,128,92,92,36,49,37,48,-1.699613372430329e-05,-0.00015387307820091762,1.0982961221393348e-07,-6.457680450706072e-06,-0.00026084676333457157,0.021739130434782608,0.5438042571054358,0.38999907724137683,0.391304347826087,0.532608695652174
0.5,1,999,999,0.75,0.25,999999,92,92,36,49,37,48,-1.699613372430329e-05,-0.00015387307820091762,1.0982961221393348e-07,-6.457680450706072e-06,-0.00026084676333457157,0.021739130434782608,0.5438042571054358,0.38999907724137683,0.391304347826087,0.532608695652174
0.5,1,999,999,0.75,0.35,128,92,92,36,49,37,48,-1.699613372430329e-05,-0.00015387307820091762,1.0982961221393348e-07,-6.457680450706072e-06,-0.00026084676333457157,0.021739130434782608,0.5438042571054358,0.38999907724137683,0.391304347826087,0.532608695652174
0.5,1,999,999,0.75,0.35,999999,92,92,36,49,37,48,-1.699613372430329e-05,-0.00015387307820091762,1.0982961221393348e-07,-6.457680450706072e-06,-0.00026084676333457157,0.021739130434782608,0.5438042571054358,0.38999907724137683,0.391304347826087,0.532608695652174
0.5,1,999,999,1.0,0.0,128,92,92,36,49,37,48,-1.699613372430329e-05,-0.00015387307820091762,1.0982961221393348e-07,-6.457680450706072e-06,-0.00026084676333457157,0.021739130434782608,0.5438042571054358,0.38999907724137683,0.391304347826087,0.532608695652174
0.5,1,999,999,1.0,0.0,999999,92,92,36,49,37,48,-1.699613372430329e-05,-0.00015387307820091762,1.0982961221393348e-07,-6.457680450706072e-06,-0.00026084676333457157,0.021739130434782608,0.5438042571054358,0.38999907724137683,0.391304347826087,0.532608695652174
0.5,1,999,999,1.0,0.25,128,92,92,36,49,37,48,-1.699613372430329e-05,-0.00015387307820091762,1.0982961221393348e-07,-6.457680450706072e-06,-0.00026084676333457157,0.021739130434782608,0.5438042571054358,0.38999907724137683,0.391304347826087,0.532608695652174
0.5,1,999,999,1.0,0.25,999999,92,92,36,49,37,48,-1.699613372430329e-05,-0.00015387307820091762,1.0982961221393348e-07,-6.457680450706072e-06,-0.00026084676333457157,0.021739130434782608,0.5438042571054358,0.38999907724137683,0.391304347826087,0.532608695652174
0.5,1,999,999,1.0,0.35,128,92,92,36,49,37,48,-1.699613372430329e-05,-0.00015387307820091762,1.0982961221393348e-07,-6.457680450706072e-06,-0.00026084676333457157,0.021739130434782608,0.5438042571054358,0.38999907724137683,0.391304347826087,0.532608695652174
0.5,1,999,999,1.0,0.35,999999,92,92,36,49,37,48,-1.699613372430329e-05,-0.00015387307820091762,1.0982961221393348e-07,-6.457680450706072e-06,-0.00026084676333457157,0.021739130434782608,0.5438042571054358,0.38999907724137683,0.391304347826087,0.532608695652174
0.0,0,0,0,0.25,0.35,16,81,81,29,49,27,50,-2.3481048089880877e-05,-0.00011090690153555122,3.316664039219958e-05,5.476125297189331e-05,-0.00014266647288918,0.0,0.599786735897847,0.34620091842314066,0.35802469135802467,0.6049382716049383
0.0,0,0,1,0.25,0.35,16,81,81,29,49,27,50,-2.3481048089880877e-05,-0.00011090690153555122,3.316664039219958e-05,5.476125297189331e-05,-0.00014266647288918,0.0,0.599786735897847,0.34620091842314066,0.35802469135802467,0.6049382716049383
0.0,0,0,999,0.25,0.35,16,81,81,29,49,27,50,-2.3481048089880877e-05,-0.00011090690153555122,3.316664039219958e-05,5.476125297189331e-05,-0.00014266647288918,0.0,0.599786735897847,0.34620091842314066,0.35802469135802467,0.6049382716049383
0.0,0,1,0,0.25,0.35,16,81,81,29,49,27,50,-2.3481048089880877e-05,-0.00011090690153555122,3.316664039219958e-05,5.476125297189331e-05,-0.00014266647288918,0.0,0.599786735897847,0.34620091842314066,0.35802469135802467,0.6049382716049383
0.0,0,1,1,0.25,0.35,16,81,81,29,49,27,50,-2.3481048089880877e-05,-0.00011090690153555122,3.316664039219958e-05,5.476125297189331e-05,-0.00014266647288918,0.0,0.599786735897847,0.34620091842314066,0.35802469135802467,0.6049382716049383
0.0,0,1,999,0.25,0.35,16,81,81,29,49,27,50,-2.3481048089880877e-05,-0.00011090690153555122,3.316664039219958e-05,5.476125297189331e-05,-0.00014266647288918,0.0,0.599786735897847,0.34620091842314066,0.35802469135802467,0.6049382716049383
0.0,0,999,0,0.25,0.35,16,81,81,29,49,27,50,-2.3481048089880877e-05,-0.00011090690153555122,3.316664039219958e-05,5.476125297189331e-05,-0.00014266647288918,0.0,0.599786735897847,0.34620091842314066,0.35802469135802467,0.6049382716049383
0.0,0,999,1,0.25,0.35,16,81,81,29,49,27,50,-2.3481048089880877e-05,-0.00011090690153555122,3.316664039219958e-05,5.476125297189331e-05,-0.00014266647288918,0.0,0.599786735897847,0.34620091842314066,0.35802469135802467,0.6049382716049383
0.0,0,999,999,0.25,0.35,16,81,81,29,49,27,50,-2.3481048089880877e-05,-0.00011090690153555122,3.316664039219958e-05,5.476125297189331e-05,-0.00014266647288918,0.0,0.599786735897847,0.34620091842314066,0.35802469135802467,0.6049382716049383
0.0,1,0,0,0.25,0.35,16,81,81,29,49,27,50,-2.3481048089880877e-05,-0.00011090690153555122,3.316664039219958e-05,5.476125297189331e-05,-0.00014266647288918,0.0,0.599786735897847,0.34620091842314066,0.35802469135802467,0.6049382716049383
0.0,1,0,1,0.25,0.35,16,81,81,29,49,27,50,-2.3481048089880877e-05,-0.00011090690153555122,3.316664039219958e-05,5.476125297189331e-05,-0.00014266647288918,0.0,0.599786735897847,0.34620091842314066,0.35802469135802467,0.6049382716049383
0.0,1,0,999,0.25,0.35,16,81,81,29,49,27,50,-2.3481048089880877e-05,-0.00011090690153555122,3.316664039219958e-05,5.476125297189331e-05,-0.00014266647288918,0.0,0.599786735897847,0.34620091842314066,0.35802469135802467,0.6049382716049383
0.0,1,1,0,0.25,0.35,16,81,81,29,49,27,50,-2.3481048089880877e-05,-0.00011090690153555122,3.316664039219958e-05,5.476125297189331e-05,-0.00014266647288918,0.0,0.599786735897847,0.34620091842314066,0.35802469135802467,0.6049382716049383
0.0,1,1,1,0.25,0.35,16,81,81,29,49,27,50,-2.3481048089880877e-05,-0.00011090690153555122,3.316664039219958e-05,5.476125297189331e-05,-0.00014266647288918,0.0,0.599786735897847,0.34620091842314066,0.35802469135802467,0.6049382716049383
0.0,1,1,999,0.25,0.35,16,81,81,29,49,27,50,-2.3481048089880877e-05,-0.00011090690153555122,3.316664039219958e-05,5.476125297189331e-05,-0.00014266647288918,0.0,0.599786735897847,0.34620091842314066,0.35802469135802467,0.6049382716049383
0.0,1,999,0,0.25,0.35,16,81,81,29,49,27,50,-2.3481048089880877e-05,-0.00011090690153555122,3.316664039219958e-05,5.476125297189331e-05,-0.00014266647288918,0.0,0.599786735897847,0.34620091842314066,0.35802469135802467,0.6049382716049383
0.0,1,999,1,0.25,0.35,16,81,81,29,49,27,50,-2.3481048089880877e-05,-0.00011090690153555122,3.316664039219958e-05,5.476125297189331e-05,-0.00014266647288918,0.0,0.599786735897847,0.34620091842314066,0.35802469135802467,0.6049382716049383
0.0,1,999,999,0.25,0.35,16,81,81,29,49,27,50,-2.3481048089880877e-05,-0.00011090690153555122,3.316664039219958e-05,5.476125297189331e-05,-0.00014266647288918,0.0,0.599786735897847,0.34620091842314066,0.35802469135802467,0.6049382716049383
0.0,0,0,0,0.25,0.0,16,82,82,29,50,27,51,-2.336012627858683e-05,-0.00010986445009669668,3.2267059685281546e-05,5.3368081291177485e-05,-0.00014092663785394608,0.0,0.6046673854600684,0.34197895600334627,0.35365853658536583,0.6097560975609756
0.0,0,0,0,0.25,0.25,16,82,82,29,50,27,51,-2.336012627858683e-05,-0.00010986445009669668,3.2267059685281546e-05,5.3368081291177485e-05,-0.00014092663785394608,0.0,0.6046673854600684,0.34197895600334627,0.35365853658536583,0.6097560975609756
0.0,0,0,1,0.25,0.0,16,82,82,29,50,27,51,-2.336012627858683e-05,-0.00010986445009669668,3.2267059685281546e-05,5.3368081291177485e-05,-0.00014092663785394608,0.0,0.6046673854600684,0.34197895600334627,0.35365853658536583,0.6097560975609756
0.0,0,0,1,0.25,0.25,16,82,82,29,50,27,51,-2.336012627858683e-05,-0.00010986445009669668,3.2267059685281546e-05,5.3368081291177485e-05,-0.00014092663785394608,0.0,0.6046673854600684,0.34197895600334627,0.35365853658536583,0.6097560975609756
0.0,0,0,999,0.25,0.0,16,82,82,29,50,27,51,-2.336012627858683e-05,-0.00010986445009669668,3.2267059685281546e-05,5.3368081291177485e-05,-0.00014092663785394608,0.0,0.6046673854600684,0.34197895600334627,0.35365853658536583,0.6097560975609756
0.0,0,0,999,0.25,0.25,16,82,82,29,50,27,51,-2.336012627858683e-05,-0.00010986445009669668,3.2267059685281546e-05,5.3368081291177485e-05,-0.00014092663785394608,0.0,0.6046673854600684,0.34197895600334627,0.35365853658536583,0.6097560975609756
0.0,0,1,0,0.25,0.0,16,82,82,29,50,27,51,-2.336012627858683e-05,-0.00010986445009669668,3.2267059685281546e-05,5.3368081291177485e-05,-0.00014092663785394608,0.0,0.6046673854600684,0.34197895600334627,0.35365853658536583,0.6097560975609756
0.0,0,1,0,0.25,0.25,16,82,82,29,50,27,51,-2.336012627858683e-05,-0.00010986445009669668,3.2267059685281546e-05,5.3368081291177485e-05,-0.00014092663785394608,0.0,0.6046673854600684,0.34197895600334627,0.35365853658536583,0.6097560975609756
0.0,0,1,1,0.25,0.0,16,82,82,29,50,27,51,-2.336012627858683e-05,-0.00010986445009669668,3.2267059685281546e-05,5.3368081291177485e-05,-0.00014092663785394608,0.0,0.6046673854600684,0.34197895600334627,0.35365853658536583,0.6097560975609756
0.0,0,1,1,0.25,0.25,16,82,82,29,50,27,51,-2.336012627858683e-05,-0.00010986445009669668,3.2267059685281546e-05,5.3368081291177485e-05,-0.00014092663785394608,0.0,0.6046673854600684,0.34197895600334627,0.35365853658536583,0.6097560975609756
0.0,0,1,999,0.25,0.0,16,82,82,29,50,27,51,-2.336012627858683e-05,-0.00010986445009669668,3.2267059685281546e-05,5.3368081291177485e-05,-0.00014092663785394608,0.0,0.6046673854600684,0.34197895600334627,0.35365853658536583,0.6097560975609756
0.0,0,1,999,0.25,0.25,16,82,82,29,50,27,51,-2.336012627858683e-05,-0.00010986445009669668,3.2267059685281546e-05,5.3368081291177485e-05,-0.00014092663785394608,0.0,0.6046673854600684,0.34197895600334627,0.35365853658536583,0.6097560975609756
0.0,0,999,0,0.25,0.0,16,82,82,29,50,27,51,-2.336012627858683e-05,-0.00010986445009669668,3.2267059685281546e-05,5.3368081291177485e-05,-0.00014092663785394608,0.0,0.6046673854600684,0.34197895600334627,0.35365853658536583,0.6097560975609756
0.0,0,999,0,0.25,0.25,16,82,82,29,50,27,51,-2.336012627858683e-05,-0.00010986445009669668,3.2267059685281546e-05,5.3368081291177485e-05,-0.00014092663785394608,0.0,0.6046673854600684,0.34197895600334627,0.35365853658536583,0.6097560975609756
0.0,0,999,1,0.25,0.0,16,82,82,29,50,27,51,-2.336012627858683e-05,-0.00010986445009669668,3.2267059685281546e-05,5.3368081291177485e-05,-0.00014092663785394608,0.0,0.6046673854600684,0.34197895600334627,0.35365853658536583,0.6097560975609756
0.0,0,999,1,0.25,0.25,16,82,82,29,50,27,51,-2.336012627858683e-05,-0.00010986445009669668,3.2267059685281546e-05,5.3368081291177485e-05,-0.00014092663785394608,0.0,0.6046673854600684,0.34197895600334627,0.35365853658536583,0.6097560975609756
0.0,0,999,999,0.25,0.0,16,82,82,29,50,27,51,-2.336012627858683e-05,-0.00010986445009669668,3.2267059685281546e-05,5.3368081291177485e-05,-0.00014092663785394608,0.0,0.6046673854600684,0.34197895600334627,0.35365853658536583,0.6097560975609756
0.0,0,999,999,0.25,0.25,16,82,82,29,50,27,51,-2.336012627858683e-05,-0.00010986445009669668,3.2267059685281546e-05,5.3368081291177485e-05,-0.00014092663785394608,0.0,0.6046673854600684,0.34197895600334627,0.35365853658536583,0.6097560975609756
0.0,1,0,0,0.25,0.0,16,82,82,29,50,27,51,-2.336012627858683e-05,-0.00010986445009669668,3.2267059685281546e-05,5.3368081291177485e-05,-0.00014092663785394608,0.0,0.6046673854600684,0.34197895600334627,0.35365853658536583,0.6097560975609756
0.0,1,0,0,0.25,0.25,16,82,82,29,50,27,51,-2.336012627858683e-05,-0.00010986445009669668,3.2267059685281546e-05,5.3368081291177485e-05,-0.00014092663785394608,0.0,0.6046673854600684,0.34197895600334627,0.35365853658536583,0.6097560975609756
0.0,1,0,1,0.25,0.0,16,82,82,29,50,27,51,-2.336012627858683e-05,-0.00010986445009669668,3.2267059685281546e-05,5.3368081291177485e-05,-0.00014092663785394608,0.0,0.6046673854600684,0.34197895600334627,0.35365853658536583,0.6097560975609756
0.0,1,0,1,0.25,0.25,16,82,82,29,50,27,51,-2.336012627858683e-05,-0.00010986445009669668,3.2267059685281546e-05,5.3368081291177485e-05,-0.00014092663785394608,0.0,0.6046673854600684,0.34197895600334627,0.35365853658536583,0.6097560975609756
0.0,1,0,999,0.25,0.0,16,82,82,29,50,27,51,-2.336012627858683e-05,-0.00010986445009669668,3.2267059685281546e-05,5.3368081291177485e-05,-0.00014092663785394608,0.0,0.6046673854600684,0.34197895600334627,0.35365853658536583,0.6097560975609756
0.0,1,0,999,0.25,0.25,16,82,82,29,50,27,51,-2.336012627858683e-05,-0.00010986445009669668,3.2267059685281546e-05,5.3368081291177485e-05,-0.00014092663785394608,0.0,0.6046673854600684,0.34197895600334627,0.35365853658536583,0.6097560975609756
0.0,1,1,0,0.25,0.0,16,82,82,29,50,27,51,-2.336012627858683e-05,-0.00010986445009669668,3.2267059685281546e-05,5.3368081291177485e-05,-0.00014092663785394608,0.0,0.6046673854600684,0.34197895600334627,0.35365853658536583,0.6097560975609756
0.0,1,1,0,0.25,0.25,16,82,82,29,50,27,51,-2.336012627858683e-05,-0.00010986445009669668,3.2267059685281546e-05,5.3368081291177485e-05,-0.00014092663785394608,0.0,0.6046673854600684,0.34197895600334627,0.35365853658536583,0.6097560975609756
0.0,1,1,1,0.25,0.0,16,82,82,29,50,27,51,-2.336012627858683e-05,-0.00010986445009669668,3.2267059685281546e-05,5.3368081291177485e-05,-0.00014092663785394608,0.0,0.6046673854600684,0.34197895600334627,0.35365853658536583,0.6097560975609756
0.0,1,1,1,0.25,0.25,16,82,82,29,50,27,51,-2.336012627858683e-05,-0.00010986445009669668,3.2267059685281546e-05,5.3368081291177485e-05,-0.00014092663785394608,0.0,0.6046673854600684,0.34197895600334627,0.35365853658536583,0.6097560975609756
0.0,1,1,999,0.25,0.0,16,82,82,29,50,27,51,-2.336012627858683e-05,-0.00010986445009669668,3.2267059685281546e-05,5.3368081291177485e-05,-0.00014092663785394608,0.0,0.6046673854600684,0.34197895600334627,0.35365853658536583,0.6097560975609756
0.0,1,1,999,0.25,0.25,16,82,82,29,50,27,51,-2.336012627858683e-05,-0.00010986445009669668,3.2267059685281546e-05,5.3368081291177485e-05,-0.00014092663785394608,0.0,0.6046673854600684,0.34197895600334627,0.35365853658536583,0.6097560975609756
0.0,1,999,0,0.25,0.0,16,82,82,29,50,27,51,-2.336012627858683e-05,-0.00010986445009669668,3.2267059685281546e-05,5.3368081291177485e-05,-0.00014092663785394608,0.0,0.6046673854600684,0.34197895600334627,0.35365853658536583,0.6097560975609756
0.0,1,999,0,0.25,0.25,16,82,82,29,50,27,51,-2.336012627858683e-05,-0.00010986445009669668,3.2267059685281546e-05,5.3368081291177485e-05,-0.00014092663785394608,0.0,0.6046673854600684,0.34197895600334627,0.35365853658536583,0.6097560975609756
0.0,1,999,1,0.25,0.0,16,82,82,29,50,27,51,-2.336012627858683e-05,-0.00010986445009669668,3.2267059685281546e-05,5.3368081291177485e-05,-0.00014092663785394608,0.0,0.6046673854600684,0.34197895600334627,0.35365853658536583,0.6097560975609756
0.0,1,999,1,0.25,0.25,16,82,82,29,50,27,51,-2.336012627858683e-05,-0.00010986445009669668,3.2267059685281546e-05,5.3368081291177485e-05,-0.00014092663785394608,0.0,0.6046673854600684,0.34197895600334627,0.35365853658536583,0.6097560975609756
0.0,1,999,999,0.25,0.0,16,82,82,29,50,27,51,-2.336012627858683e-05,-0.00010986445009669668,3.2267059685281546e-05,5.3368081291177485e-05,-0.00014092663785394608,0.0,0.6046673854600684,0.34197895600334627,0.35365853658536583,0.6097560975609756
0.0,1,999,999,0.25,0.25,16,82,82,29,50,27,51,-2.336012627858683e-05,-0.00010986445009669668,3.2267059685281546e-05,5.3368081291177485e-05,-0.00014092663785394608,0.0,0.6046673854600684,0.34197895600334627,0.35365853658536583,0.6097560975609756
0.5,0,0,0,0.25,0.0,32,87,87,32,52,30,52,-2.4922385584616075e-05,-0.0001156613674428808,2.877467417671882e-05,4.802301895117099e-05,-0.00015603925528640016,0.011494252873563218,0.6017252521904608,0.3457680271993704,0.367816091954023,0.5977011494252874
0.5,0,0,0,0.25,0.25,32,87,87,32,52,30,52,-2.4922385584616075e-05,-0.0001156613674428808,2.877467417671882e-05,4.802301895117099e-05,-0.00015603925528640016,0.011494252873563218,0.6017252521904608,0.3457680271993704,0.367816091954023,0.5977011494252874
0.5,0,0,0,0.25,0.35,32,87,87,32,52,30,52,-2.4922385584616075e-05,-0.0001156613674428808,2.877467417671882e-05,4.802301895117099e-05,-0.00015603925528640016,0.011494252873563218,0.6017252521904608,0.3457680271993704,0.367816091954023,0.5977011494252874
0.5,0,0,1,0.25,0.0,32,87,87,32,52,30,52,-2.4922385584616075e-05,-0.0001156613674428808,2.877467417671882e-05,4.802301895117099e-05,-0.00015603925528640016,0.011494252873563218,0.6017252521904608,0.3457680271993704,0.367816091954023,0.5977011494252874
0.5,0,0,1,0.25,0.25,32,87,87,32,52,30,52,-2.4922385584616075e-05,-0.0001156613674428808,2.877467417671882e-05,4.802301895117099e-05,-0.00015603925528640016,0.011494252873563218,0.6017252521904608,0.3457680271993704,0.367816091954023,0.5977011494252874
0.5,0,0,1,0.25,0.35,32,87,87,32,52,30,52,-2.4922385584616075e-05,-0.0001156613674428808,2.877467417671882e-05,4.802301895117099e-05,-0.00015603925528640016,0.011494252873563218,0.6017252521904608,0.3457680271993704,0.367816091954023,0.5977011494252874
0.5,0,0,999,0.25,0.0,32,87,87,32,52,30,52,-2.4922385584616075e-05,-0.0001156613674428808,2.877467417671882e-05,4.802301895117099e-05,-0.00015603925528640016,0.011494252873563218,0.6017252521904608,0.3457680271993704,0.367816091954023,0.5977011494252874
0.5,0,0,999,0.25,0.25,32,87,87,32,52,30,52,-2.4922385584616075e-05,-0.0001156613674428808,2.877467417671882e-05,4.802301895117099e-05,-0.00015603925528640016,0.011494252873563218,0.6017252521904608,0.3457680271993704,0.367816091954023,0.5977011494252874
0.5,0,0,999,0.25,0.35,32,87,87,32,52,30,52,-2.4922385584616075e-05,-0.0001156613674428808,2.877467417671882e-05,4.802301895117099e-05,-0.00015603925528640016,0.011494252873563218,0.6017252521904608,0.3457680271993704,0.367816091954023,0.5977011494252874
0.5,0,1,0,0.25,0.0,32,87,87,32,52,30,52,-2.4922385584616075e-05,-0.0001156613674428808,2.877467417671882e-05,4.802301895117099e-05,-0.00015603925528640016,0.011494252873563218,0.6017252521904608,0.3457680271993704,0.367816091954023,0.5977011494252874
0.5,0,1,0,0.25,0.25,32,87,87,32,52,30,52,-2.4922385584616075e-05,-0.0001156613674428808,2.877467417671882e-05,4.802301895117099e-05,-0.00015603925528640016,0.011494252873563218,0.6017252521904608,0.3457680271993704,0.367816091954023,0.5977011494252874
0.5,0,1,0,0.25,0.35,32,87,87,32,52,30,52,-2.4922385584616075e-05,-0.0001156613674428808,2.877467417671882e-05,4.802301895117099e-05,-0.00015603925528640016,0.011494252873563218,0.6017252521904608,0.3457680271993704,0.367816091954023,0.5977011494252874
0.5,0,1,1,0.25,0.0,32,87,87,32,52,30,52,-2.4922385584616075e-05,-0.0001156613674428808,2.877467417671882e-05,4.802301895117099e-05,-0.00015603925528640016,0.011494252873563218,0.6017252521904608,0.3457680271993704,0.367816091954023,0.5977011494252874
0.5,0,1,1,0.25,0.25,32,87,87,32,52,30,52,-2.4922385584616075e-05,-0.0001156613674428808,2.877467417671882e-05,4.802301895117099e-05,-0.00015603925528640016,0.011494252873563218,0.6017252521904608,0.3457680271993704,0.367816091954023,0.5977011494252874
0.5,0,1,1,0.25,0.35,32,87,87,32,52,30,52,-2.4922385584616075e-05,-0.0001156613674428808,2.877467417671882e-05,4.802301895117099e-05,-0.00015603925528640016,0.011494252873563218,0.6017252521904608,0.3457680271993704,0.367816091954023,0.5977011494252874
0.5,0,1,999,0.25,0.0,32,87,87,32,52,30,52,-2.4922385584616075e-05,-0.0001156613674428808,2.877467417671882e-05,4.802301895117099e-05,-0.00015603925528640016,0.011494252873563218,0.6017252521904608,0.3457680271993704,0.367816091954023,0.5977011494252874
0.5,0,1,999,0.25,0.25,32,87,87,32,52,30,52,-2.4922385584616075e-05,-0.0001156613674428808,2.877467417671882e-05,4.802301895117099e-05,-0.00015603925528640016,0.011494252873563218,0.6017252521904608,0.3457680271993704,0.367816091954023,0.5977011494252874
0.5,0,1,999,0.25,0.35,32,87,87,32,52,30,52,-2.4922385584616075e-05,-0.0001156613674428808,2.877467417671882e-05,4.802301895117099e-05,-0.00015603925528640016,0.011494252873563218,0.6017252521904608,0.3457680271993704,0.367816091954023,0.5977011494252874
0.5,0,999,0,0.25,0.0,32,87,87,32,52,30,52,-2.4922385584616075e-05,-0.0001156613674428808,2.877467417671882e-05,4.802301895117099e-05,-0.00015603925528640016,0.011494252873563218,0.6017252521904608,0.3457680271993704,0.367816091954023,0.5977011494252874
0.5,0,999,0,0.25,0.25,32,87,87,32,52,30,52,-2.4922385584616075e-05,-0.0001156613674428808,2.877467417671882e-05,4.802301895117099e-05,-0.00015603925528640016,0.011494252873563218,0.6017252521904608,0.3457680271993704,0.367816091954023,0.5977011494252874
0.5,0,999,0,0.25,0.35,32,87,87,32,52,30,52,-2.4922385584616075e-05,-0.0001156613674428808,2.877467417671882e-05,4.802301895117099e-05,-0.00015603925528640016,0.011494252873563218,0.6017252521904608,0.3457680271993704,0.367816091954023,0.5977011494252874
0.5,0,999,1,0.25,0.0,32,87,87,32,52,30,52,-2.4922385584616075e-05,-0.0001156613674428808,2.877467417671882e-05,4.802301895117099e-05,-0.00015603925528640016,0.011494252873563218,0.6017252521904608,0.3457680271993704,0.367816091954023,0.5977011494252874
0.5,0,999,1,0.25,0.25,32,87,87,32,52,30,52,-2.4922385584616075e-05,-0.0001156613674428808,2.877467417671882e-05,4.802301895117099e-05,-0.00015603925528640016,0.011494252873563218,0.6017252521904608,0.3457680271993704,0.367816091954023,0.5977011494252874
0.5,0,999,1,0.25,0.35,32,87,87,32,52,30,52,-2.4922385584616075e-05,-0.0001156613674428808,2.877467417671882e-05,4.802301895117099e-05,-0.00015603925528640016,0.011494252873563218,0.6017252521904608,0.3457680271993704,0.367816091954023,0.5977011494252874
0.5,0,999,999,0.25,0.0,32,87,87,32,52,30,52,-2.4922385584616075e-05,-0.0001156613674428808,2.877467417671882e-05,4.802301895117099e-05,-0.00015603925528640016,0.011494252873563218,0.6017252521904608,0.3457680271993704,0.367816091954023,0.5977011494252874
0.5,0,999,999,0.25,0.25,32,87,87,32,52,30,52,-2.4922385584616075e-05,-0.0001156613674428808,2.877467417671882e-05,4.802301895117099e-05,-0.00015603925528640016,0.011494252873563218,0.6017252521904608,0.3457680271993704,0.367816091954023,0.5977011494252874
0.5,0,999,999,0.25,0.35,32,87,87,32,52,30,52,-2.4922385584616075e-05,-0.0001156613674428808,2.877467417671882e-05,4.802301895117099e-05,-0.00015603925528640016,0.011494252873563218,0.6017252521904608,0.3457680271993704,0.367816091954023,0.5977011494252874
0.5,1,0,0,0.25,0.0,32,87,87,32,52,30,52,-2.4922385584616075e-05,-0.0001156613674428808,2.877467417671882e-05,4.802301895117099e-05,-0.00015603925528640016,0.011494252873563218,0.6017252521904608,0.3457680271993704,0.367816091954023,0.5977011494252874
0.5,1,0,0,0.25,0.25,32,87,87,32,52,30,52,-2.4922385584616075e-05,-0.0001156613674428808,2.877467417671882e-05,4.802301895117099e-05,-0.00015603925528640016,0.011494252873563218,0.6017252521904608,0.3457680271993704,0.367816091954023,0.5977011494252874
0.5,1,0,0,0.25,0.35,32,87,87,32,52,30,52,-2.4922385584616075e-05,-0.0001156613674428808,2.877467417671882e-05,4.802301895117099e-05,-0.00015603925528640016,0.011494252873563218,0.6017252521904608,0.3457680271993704,0.367816091954023,0.5977011494252874
0.5,1,0,1,0.25,0.0,32,87,87,32,52,30,52,-2.4922385584616075e-05,-0.0001156613674428808,2.877467417671882e-05,4.802301895117099e-05,-0.00015603925528640016,0.011494252873563218,0.6017252521904608,0.3457680271993704,0.367816091954023,0.5977011494252874
0.5,1,0,1,0.25,0.25,32,87,87,32,52,30,52,-2.4922385584616075e-05,-0.0001156613674428808,2.877467417671882e-05,4.802301895117099e-05,-0.00015603925528640016,0.011494252873563218,0.6017252521904608,0.3457680271993704,0.367816091954023,0.5977011494252874
0.5,1,0,1,0.25,0.35,32,87,87,32,52,30,52,-2.4922385584616075e-05,-0.0001156613674428808,2.877467417671882e-05,4.802301895117099e-05,-0.00015603925528640016,0.011494252873563218,0.6017252521904608,0.3457680271993704,0.367816091954023,0.5977011494252874
0.5,1,0,999,0.25,0.0,32,87,87,32,52,30,52,-2.4922385584616075e-05,-0.0001156613674428808,2.877467417671882e-05,4.802301895117099e-05,-0.00015603925528640016,0.011494252873563218,0.6017252521904608,0.3457680271993704,0.367816091954023,0.5977011494252874
0.5,1,0,999,0.25,0.25,32,87,87,32,52,30,52,-2.4922385584616075e-05,-0.0001156613674428808,2.877467417671882e-05,4.802301895117099e-05,-0.00015603925528640016,0.011494252873563218,0.6017252521904608,0.3457680271993704,0.367816091954023,0.5977011494252874
0.5,1,0,999,0.25,0.35,32,87,87,32,52,30,52,-2.4922385584616075e-05,-0.0001156613674428808,2.877467417671882e-05,4.802301895117099e-05,-0.00015603925528640016,0.011494252873563218,0.6017252521904608,0.3457680271993704,0.367816091954023,0.5977011494252874
0.5,1,1,0,0.25,0.0,32,87,87,32,52,30,52,-2.4922385584616075e-05,-0.0001156613674428808,2.877467417671882e-05,4.802301895117099e-05,-0.00015603925528640016,0.011494252873563218,0.6017252521904608,0.3457680271993704,0.367816091954023,0.5977011494252874
0.5,1,1,0,0.25,0.25,32,87,87,32,52,30,52,-2.4922385584616075e-05,-0.0001156613674428808,2.877467417671882e-05,4.802301895117099e-05,-0.00015603925528640016,0.011494252873563218,0.6017252521904608,0.3457680271993704,0.367816091954023,0.5977011494252874
0.5,1,1,0,0.25,0.35,32,87,87,32,52,30,52,-2.4922385584616075e-05,-0.0001156613674428808,2.877467417671882e-05,4.802301895117099e-05,-0.00015603925528640016,0.011494252873563218,0.6017252521904608,0.3457680271993704,0.367816091954023,0.5977011494252874
0.5,1,1,1,0.25,0.0,32,87,87,32,52,30,52,-2.4922385584616075e-05,-0.0001156613674428808,2.877467417671882e-05,4.802301895117099e-05,-0.00015603925528640016,0.011494252873563218,0.6017252521904608,0.3457680271993704,0.367816091954023,0.5977011494252874
0.5,1,1,1,0.25,0.25,32,87,87,32,52,30,52,-2.4922385584616075e-05,-0.0001156613674428808,2.877467417671882e-05,4.802301895117099e-05,-0.00015603925528640016,0.011494252873563218,0.6017252521904608,0.3457680271993704,0.367816091954023,0.5977011494252874
0.5,1,1,1,0.25,0.35,32,87,87,32,52,30,52,-2.4922385584616075e-05,-0.0001156613674428808,2.877467417671882e-05,4.802301895117099e-05,-0.00015603925528640016,0.011494252873563218,0.6017252521904608,0.3457680271993704,0.367816091954023,0.5977011494252874
0.5,1,1,999,0.25,0.0,32,87,87,32,52,30,52,-2.4922385584616075e-05,-0.0001156613674428808,2.877467417671882e-05,4.802301895117099e-05,-0.00015603925528640016,0.011494252873563218,0.6017252521904608,0.3457680271993704,0.367816091954023,0.5977011494252874
0.5,1,1,999,0.25,0.25,32,87,87,32,52,30,52,-2.4922385584616075e-05,-0.0001156613674428808,2.877467417671882e-05,4.802301895117099e-05,-0.00015603925528640016,0.011494252873563218,0.6017252521904608,0.3457680271993704,0.367816091954023,0.5977011494252874
0.5,1,1,999,0.25,0.35,32,87,87,32,52,30,52,-2.4922385584616075e-05,-0.0001156613674428808,2.877467417671882e-05,4.802301895117099e-05,-0.00015603925528640016,0.011494252873563218,0.6017252521904608,0.3457680271993704,0.367816091954023,0.5977011494252874
0.5,1,999,0,0.25,0.0,32,87,87,32,52,30,52,-2.4922385584616075e-05,-0.0001156613674428808,2.877467417671882e-05,4.802301895117099e-05,-0.00015603925528640016,0.011494252873563218,0.6017252521904608,0.3457680271993704,0.367816091954023,0.5977011494252874
0.5,1,999,0,0.25,0.25,32,87,87,32,52,30,52,-2.4922385584616075e-05,-0.0001156613674428808,2.877467417671882e-05,4.802301895117099e-05,-0.00015603925528640016,0.011494252873563218,0.6017252521904608,0.3457680271993704,0.367816091954023,0.5977011494252874
0.5,1,999,0,0.25,0.35,32,87,87,32,52,30,52,-2.4922385584616075e-05,-0.0001156613674428808,2.877467417671882e-05,4.802301895117099e-05,-0.00015603925528640016,0.011494252873563218,0.6017252521904608,0.3457680271993704,0.367816091954023,0.5977011494252874
0.5,1,999,1,0.25,0.0,32,87,87,32,52,30,52,-2.4922385584616075e-05,-0.0001156613674428808,2.877467417671882e-05,4.802301895117099e-05,-0.00015603925528640016,0.011494252873563218,0.6017252521904608,0.3457680271993704,0.367816091954023,0.5977011494252874
0.5,1,999,1,0.25,0.25,32,87,87,32,52,30,52,-2.4922385584616075e-05,-0.0001156613674428808,2.877467417671882e-05,4.802301895117099e-05,-0.00015603925528640016,0.011494252873563218,0.6017252521904608,0.3457680271993704,0.367816091954023,0.5977011494252874
0.5,1,999,1,0.25,0.35,32,87,87,32,52,30,52,-2.4922385584616075e-05,-0.0001156613674428808,2.877467417671882e-05,4.802301895117099e-05,-0.00015603925528640016,0.011494252873563218,0.6017252521904608,0.3457680271993704,0.367816091954023,0.5977011494252874
0.5,1,999,999,0.25,0.0,32,87,87,32,52,30,52,-2.4922385584616075e-05,-0.0001156613674428808,2.877467417671882e-05,4.802301895117099e-05,-0.00015603925528640016,0.011494252873563218,0.6017252521904608,0.3457680271993704,0.367816091954023,0.5977011494252874
0.5,1,999,999,0.25,0.25,32,87,87,32,52,30,52,-2.4922385584616075e-05,-0.0001156613674428808,2.877467417671882e-05,4.802301895117099e-05,-0.00015603925528640016,0.011494252873563218,0.6017252521904608,0.3457680271993704,0.367816091954023,0.5977011494252874
0.5,1,999,999,0.25,0.35,32,87,87,32,52,30,52,-2.4922385584616075e-05,-0.0001156613674428808,2.877467417671882e-05,4.802301895117099e-05,-0.00015603925528640016,0.011494252873563218,0.6017252521904608,0.3457680271993704,0.367816091954023,0.5977011494252874
0.5,0,0,0,0.25,0.0,64,90,90,33,54,31,54,-2.6184659768794745e-05,-0.00011794579606288874,2.9888170834163855e-05,4.9428927740976e-05,-0.0001620391596489846,0.011111111111111112,0.6018006972503989,0.3471341641844626,0.36666666666666664,0.6
0.5,0,0,0,0.25,0.25,64,90,90,33,54,31,54,-2.6184659768794745e-05,-0.00011794579606288874,2.9888170834163855e-05,4.9428927740976e-05,-0.0001620391596489846,0.011111111111111112,0.6018006972503989,0.3471341641844626,0.36666666666666664,0.6
0.5,0,0,0,0.25,0.35,64,90,90,33,54,31,54,-2.6184659768794745e-05,-0.00011794579606288874,2.9888170834163855e-05,4.9428927740976e-05,-0.0001620391596489846,0.011111111111111112,0.6018006972503989,0.3471341641844626,0.36666666666666664,0.6
0.5,0,0,1,0.25,0.0,64,90,90,33,54,31,54,-2.6184659768794745e-05,-0.00011794579606288874,2.9888170834163855e-05,4.9428927740976e-05,-0.0001620391596489846,0.011111111111111112,0.6018006972503989,0.3471341641844626,0.36666666666666664,0.6
0.5,0,0,1,0.25,0.25,64,90,90,33,54,31,54,-2.6184659768794745e-05,-0.00011794579606288874,2.9888170834163855e-05,4.9428927740976e-05,-0.0001620391596489846,0.011111111111111112,0.6018006972503989,0.3471341641844626,0.36666666666666664,0.6
0.5,0,0,1,0.25,0.35,64,90,90,33,54,31,54,-2.6184659768794745e-05,-0.00011794579606288874,2.9888170834163855e-05,4.9428927740976e-05,-0.0001620391596489846,0.011111111111111112,0.6018006972503989,0.3471341641844626,0.36666666666666664,0.6
0.5,0,0,999,0.25,0.0,64,90,90,33,54,31,54,-2.6184659768794745e-05,-0.00011794579606288874,2.9888170834163855e-05,4.9428927740976e-05,-0.0001620391596489846,0.011111111111111112,0.6018006972503989,0.3471341641844626,0.36666666666666664,0.6
0.5,0,0,999,0.25,0.25,64,90,90,33,54,31,54,-2.6184659768794745e-05,-0.00011794579606288874,2.9888170834163855e-05,4.9428927740976e-05,-0.0001620391596489846,0.011111111111111112,0.6018006972503989,0.3471341641844626,0.36666666666666664,0.6
0.5,0,0,999,0.25,0.35,64,90,90,33,54,31,54,-2.6184659768794745e-05,-0.00011794579606288874,2.9888170834163855e-05,4.9428927740976e-05,-0.0001620391596489846,0.011111111111111112,0.6018006972503989,0.3471341641844626,0.36666666666666664,0.6
0.5,0,1,0,0.25,0.0,64,90,90,33,54,31,54,-2.6184659768794745e-05,-0.00011794579606288874,2.9888170834163855e-05,4.9428927740976e-05,-0.0001620391596489846,0.011111111111111112,0.6018006972503989,0.3471341641844626,0.36666666666666664,0.6
0.5,0,1,0,0.25,0.25,64,90,90,33,54,31,54,-2.6184659768794745e-05,-0.00011794579606288874,2.9888170834163855e-05,4.9428927740976e-05,-0.0001620391596489846,0.011111111111111112,0.6018006972503989,0.3471341641844626,0.36666666666666664,0.6
0.5,0,1,0,0.25,0.35,64,90,90,33,54,31,54,-2.6184659768794745e-05,-0.00011794579606288874,2.9888170834163855e-05,4.9428927740976e-05,-0.0001620391596489846,0.011111111111111112,0.6018006972503989,0.3471341641844626,0.36666666666666664,0.6
0.5,0,1,1,0.25,0.0,64,90,90,33,54,31,54,-2.6184659768794745e-05,-0.00011794579606288874,2.9888170834163855e-05,4.9428927740976e-05,-0.0001620391596489846,0.011111111111111112,0.6018006972503989,0.3471341641844626,0.36666666666666664,0.6
0.5,0,1,1,0.25,0.25,64,90,90,33,54,31,54,-2.6184659768794745e-05,-0.00011794579606288874,2.9888170834163855e-05,4.9428927740976e-05,-0.0001620391596489846,0.011111111111111112,0.6018006972503989,0.3471341641844626,0.36666666666666664,0.6
0.5,0,1,1,0.25,0.35,64,90,90,33,54,31,54,-2.6184659768794745e-05,-0.00011794579606288874,2.9888170834163855e-05,4.9428927740976e-05,-0.0001620391596489846,0.011111111111111112,0.6018006972503989,0.3471341641844626,0.36666666666666664,0.6
0.5,0,1,999,0.25,0.0,64,90,90,33,54,31,54,-2.6184659768794745e-05,-0.00011794579606288874,2.9888170834163855e-05,4.9428927740976e-05,-0.0001620391596489846,0.011111111111111112,0.6018006972503989,0.3471341641844626,0.36666666666666664,0.6
0.5,0,1,999,0.25,0.25,64,90,90,33,54,31,54,-2.6184659768794745e-05,-0.00011794579606288874,2.9888170834163855e-05,4.9428927740976e-05,-0.0001620391596489846,0.011111111111111112,0.6018006972503989,0.3471341641844626,0.36666666666666664,0.6
0.5,0,1,999,0.25,0.35,64,90,90,33,54,31,54,-2.6184659768794745e-05,-0.00011794579606288874,2.9888170834163855e-05,4.9428927740976e-05,-0.0001620391596489846,0.011111111111111112,0.6018006972503989,0.3471341641844626,0.36666666666666664,0.6
0.5,0,999,0,0.25,0.0,64,90,90,33,54,31,54,-2.6184659768794745e-05,-0.00011794579606288874,2.9888170834163855e-05,4.9428927740976e-05,-0.0001620391596489846,0.011111111111111112,0.6018006972503989,0.3471341641844626,0.36666666666666664,0.6
0.5,0,999,0,0.25,0.25,64,90,90,33,54,31,54,-2.6184659768794745e-05,-0.00011794579606288874,2.9888170834163855e-05,4.9428927740976e-05,-0.0001620391596489846,0.011111111111111112,0.6018006972503989,0.3471341641844626,0.36666666666666664,0.6
0.5,0,999,0,0.25,0.35,64,90,90,33,54,31,54,-2.6184659768794745e-05,-0.00011794579606288874,2.9888170834163855e-05,4.9428927740976e-05,-0.0001620391596489846,0.011111111111111112,0.6018006972503989,0.3471341641844626,0.36666666666666664,0.6
0.5,0,999,1,0.25,0.0,64,90,90,33,54,31,54,-2.6184659768794745e-05,-0.00011794579606288874,2.9888170834163855e-05,4.9428927740976e-05,-0.0001620391596489846,0.011111111111111112,0.6018006972503989,0.3471341641844626,0.36666666666666664,0.6
0.5,0,999,1,0.25,0.25,64,90,90,33,54,31,54,-2.6184659768794745e-05,-0.00011794579606288874,2.9888170834163855e-05,4.9428927740976e-05,-0.0001620391596489846,0.011111111111111112,0.6018006972503989,0.3471341641844626,0.36666666666666664,0.6
0.5,0,999,1,0.25,0.35,64,90,90,33,54,31,54,-2.6184659768794745e-05,-0.00011794579606288874,2.9888170834163855e-05,4.9428927740976e-05,-0.0001620391596489846,0.011111111111111112,0.6018006972503989,0.3471341641844626,0.36666666666666664,0.6
0.5,0,999,999,0.25,0.0,64,90,90,33,54,31,54,-2.6184659768794745e-05,-0.00011794579606288874,2.9888170834163855e-05,4.9428927740976e-05,-0.0001620391596489846,0.011111111111111112,0.6018006972503989,0.3471341641844626,0.36666666666666664,0.6
0.5,0,999,999,0.25,0.25,64,90,90,33,54,31,54,-2.6184659768794745e-05,-0.00011794579606288874,2.9888170834163855e-05,4.9428927740976e-05,-0.0001620391596489846,0.011111111111111112,0.6018006972503989,0.3471341641844626,0.36666666666666664,0.6
0.5,0,999,999,0.25,0.35,64,90,90,33,54,31,54,-2.6184659768794745e-05,-0.00011794579606288874,2.9888170834163855e-05,4.9428927740976e-05,-0.0001620391596489846,0.011111111111111112,0.6018006972503989,0.3471341641844626,0.36666666666666664,0.6
0.5,1,0,0,0.25,0.0,64,90,90,33,54,31,54,-2.6184659768794745e-05,-0.00011794579606288874,2.9888170834163855e-05,4.9428927740976e-05,-0.0001620391596489846,0.011111111111111112,0.6018006972503989,0.3471341641844626,0.36666666666666664,0.6
0.5,1,0,0,0.25,0.25,64,90,90,33,54,31,54,-2.6184659768794745e-05,-0.00011794579606288874,2.9888170834163855e-05,4.9428927740976e-05,-0.0001620391596489846,0.011111111111111112,0.6018006972503989,0.3471341641844626,0.36666666666666664,0.6
0.5,1,0,0,0.25,0.35,64,90,90,33,54,31,54,-2.6184659768794745e-05,-0.00011794579606288874,2.9888170834163855e-05,4.9428927740976e-05,-0.0001620391596489846,0.011111111111111112,0.6018006972503989,0.3471341641844626,0.36666666666666664,0.6
0.5,1,0,1,0.25,0.0,64,90,90,33,54,31,54,-2.6184659768794745e-05,-0.00011794579606288874,2.9888170834163855e-05,4.9428927740976e-05,-0.0001620391596489846,0.011111111111111112,0.6018006972503989,0.3471341641844626,0.36666666666666664,0.6
0.5,1,0,1,0.25,0.25,64,90,90,33,54,31,54,-2.6184659768794745e-05,-0.00011794579606288874,2.9888170834163855e-05,4.9428927740976e-05,-0.0001620391596489846,0.011111111111111112,0.6018006972503989,0.3471341641844626,0.36666666666666664,0.6
0.5,1,0,1,0.25,0.35,64,90,90,33,54,31,54,-2.6184659768794745e-05,-0.00011794579606288874,2.9888170834163855e-05,4.9428927740976e-05,-0.0001620391596489846,0.011111111111111112,0.6018006972503989,0.3471341641844626,0.36666666666666664,0.6
0.5,1,0,999,0.25,0.0,64,90,90,33,54,31,54,-2.6184659768794745e-05,-0.00011794579606288874,2.9888170834163855e-05,4.9428927740976e-05,-0.0001620391596489846,0.011111111111111112,0.6018006972503989,0.3471341641844626,0.36666666666666664,0.6
0.5,1,0,999,0.25,0.25,64,90,90,33,54,31,54,-2.6184659768794745e-05,-0.00011794579606288874,2.9888170834163855e-05,4.9428927740976e-05,-0.0001620391596489846,0.011111111111111112,0.6018006972503989,0.3471341641844626,0.36666666666666664,0.6
0.5,1,0,999,0.25,0.35,64,90,90,33,54,31,54,-2.6184659768794745e-05,-0.00011794579606288874,2.9888170834163855e-05,4.9428927740976e-05,-0.0001620391596489846,0.011111111111111112,0.6018006972503989,0.3471341641844626,0.36666666666666664,0.6
0.5,1,1,0,0.25,0.0,64,90,90,33,54,31,54,-2.6184659768794745e-05,-0.00011794579606288874,2.9888170834163855e-05,4.9428927740976e-05,-0.0001620391596489846,0.011111111111111112,0.6018006972503989,0.3471341641844626,0.36666666666666664,0.6
0.5,1,1,0,0.25,0.25,64,90,90,33,54,31,54,-2.6184659768794745e-05,-0.00011794579606288874,2.9888170834163855e-05,4.9428927740976e-05,-0.0001620391596489846,0.011111111111111112,0.6018006972503989,0.3471341641844626,0.36666666666666664,0.6
0.5,1,1,0,0.25,0.35,64,90,90,33,54,31,54,-2.6184659768794745e-05,-0.00011794579606288874,2.9888170834163855e-05,4.9428927740976e-05,-0.0001620391596489846,0.011111111111111112,0.6018006972503989,0.3471341641844626,0.36666666666666664,0.6
0.5,1,1,1,0.25,0.0,64,90,90,33,54,31,54,-2.6184659768794745e-05,-0.00011794579606288874,2.9888170834163855e-05,4.9428927740976e-05,-0.0001620391596489846,0.011111111111111112,0.6018006972503989,0.3471341641844626,0.36666666666666664,0.6
0.5,1,1,1,0.25,0.25,64,90,90,33,54,31,54,-2.6184659768794745e-05,-0.00011794579606288874,2.9888170834163855e-05,4.9428927740976e-05,-0.0001620391596489846,0.011111111111111112,0.6018006972503989,0.3471341641844626,0.36666666666666664,0.6
0.5,1,1,1,0.25,0.35,64,90,90,33,54,31,54,-2.6184659768794745e-05,-0.00011794579606288874,2.9888170834163855e-05,4.9428927740976e-05,-0.0001620391596489846,0.011111111111111112,0.6018006972503989,0.3471341641844626,0.36666666666666664,0.6
0.5,1,1,999,0.25,0.0,64,90,90,33,54,31,54,-2.6184659768794745e-05,-0.00011794579606288874,2.9888170834163855e-05,4.9428927740976e-05,-0.0001620391596489846,0.011111111111111112,0.6018006972503989,0.3471341641844626,0.36666666666666664,0.6
0.5,1,1,999,0.25,0.25,64,90,90,33,54,31,54,-2.6184659768794745e-05,-0.00011794579606288874,2.9888170834163855e-05,4.9428927740976e-05,-0.0001620391596489846,0.011111111111111112,0.6018006972503989,0.3471341641844626,0.36666666666666664,0.6
0.5,1,1,999,0.25,0.35,64,90,90,33,54,31,54,-2.6184659768794745e-05,-0.00011794579606288874,2.9888170834163855e-05,4.9428927740976e-05,-0.0001620391596489846,0.011111111111111112,0.6018006972503989,0.3471341641844626,0.36666666666666664,0.6
0.5,1,999,0,0.25,0.0,64,90,90,33,54,31,54,-2.6184659768794745e-05,-0.00011794579606288874,2.9888170834163855e-05,4.9428927740976e-05,-0.0001620391596489846,0.011111111111111112,0.6018006972503989,0.3471341641844626,0.36666666666666664,0.6
0.5,1,999,0,0.25,0.25,64,90,90,33,54,31,54,-2.6184659768794745e-05,-0.00011794579606288874,2.9888170834163855e-05,4.9428927740976e-05,-0.0001620391596489846,0.011111111111111112,0.6018006972503989,0.3471341641844626,0.36666666666666664,0.6
0.5,1,999,0,0.25,0.35,64,90,90,33,54,31,54,-2.6184659768794745e-05,-0.00011794579606288874,2.9888170834163855e-05,4.9428927740976e-05,-0.0001620391596489846,0.011111111111111112,0.6018006972503989,0.3471341641844626,0.36666666666666664,0.6
0.5,1,999,1,0.25,0.0,64,90,90,33,54,31,54,-2.6184659768794745e-05,-0.00011794579606288874,2.9888170834163855e-05,4.9428927740976e-05,-0.0001620391596489846,0.011111111111111112,0.6018006972503989,0.3471341641844626,0.36666666666666664,0.6
0.5,1,999,1,0.25,0.25,64,90,90,33,54,31,54,-2.6184659768794745e-05,-0.00011794579606288874,2.9888170834163855e-05,4.9428927740976e-05,-0.0001620391596489846,0.011111111111111112,0.6018006972503989,0.3471341641844626,0.36666666666666664,0.6
0.5,1,999,1,0.25,0.35,64,90,90,33,54,31,54,-2.6184659768794745e-05,-0.00011794579606288874,2.9888170834163855e-05,4.9428927740976e-05,-0.0001620391596489846,0.011111111111111112,0.6018006972503989,0.3471341641844626,0.36666666666666664,0.6
0.5,1,999,999,0.25,0.0,64,90,90,33,54,31,54,-2.6184659768794745e-05,-0.00011794579606288874,2.9888170834163855e-05,4.9428927740976e-05,-0.0001620391596489846,0.011111111111111112,0.6018006972503989,0.3471341641844626,0.36666666666666664,0.6
0.5,1,999,999,0.25,0.25,64,90,90,33,54,31,54,-2.6184659768794745e-05,-0.00011794579606288874,2.9888170834163855e-05,4.9428927740976e-05,-0.0001620391596489846,0.011111111111111112,0.6018006972503989,0.3471341641844626,0.36666666666666664,0.6
0.5,1,999,999,0.25,0.35,64,90,90,33,54,31,54,-2.6184659768794745e-05,-0.00011794579606288874,2.9888170834163855e-05,4.9428927740976e-05,-0.0001620391596489846,0.011111111111111112,0.6018006972503989,0.3471341641844626,0.36666666666666664,0.6
0.0,0,0,0,0.25,0.0,32,90,90,33,54,30,54,-2.4966014692682243e-05,-0.00011501313263537377,2.915223748014692e-05,4.9187766740329046e-05,-0.00015825510321955925,0.011111111111111112,0.6019352334960462,0.34730826991412383,0.36666666666666664,0.6
0.0,0,0,0,0.25,0.25,32,90,90,33,54,30,54,-2.4966014692682243e-05,-0.00011501313263537377,2.915223748014692e-05,4.9187766740329046e-05,-0.00015825510321955925,0.011111111111111112,0.6019352334960462,0.34730826991412383,0.36666666666666664,0.6
0.0,0,0,0,0.25,0.35,32,90,90,33,54,30,54,-2.4966014692682243e-05,-0.00011501313263537377,2.915223748014692e-05,4.9187766740329046e-05,-0.00015825510321955925,0.011111111111111112,0.6019352334960462,0.34730826991412383,0.36666666666666664,0.6
0.0,0,0,1,0.25,0.0,32,90,90,33,54,30,54,-2.4966014692682243e-05,-0.00011501313263537377,2.915223748014692e-05,4.9187766740329046e-05,-0.00015825510321955925,0.011111111111111112,0.6019352334960462,0.34730826991412383,0.36666666666666664,0.6
0.0,0,0,1,0.25,0.25,32,90,90,33,54,30,54,-2.4966014692682243e-05,-0.00011501313263537377,2.915223748014692e-05,4.9187766740329046e-05,-0.00015825510321955925,0.011111111111111112,0.6019352334960462,0.34730826991412383,0.36666666666666664,0.6
0.0,0,0,1,0.25,0.35,32,90,90,33,54,30,54,-2.4966014692682243e-05,-0.00011501313263537377,2.915223748014692e-05,4.9187766740329046e-05,-0.00015825510321955925,0.011111111111111112,0.6019352334960462,0.34730826991412383,0.36666666666666664,0.6
0.0,0,0,999,0.25,0.0,32,90,90,33,54,30,54,-2.4966014692682243e-05,-0.00011501313263537377,2.915223748014692e-05,4.9187766740329046e-05,-0.00015825510321955925,0.011111111111111112,0.6019352334960462,0.34730826991412383,0.36666666666666664,0.6
0.0,0,0,999,0.25,0.25,32,90,90,33,54,30,54,-2.4966014692682243e-05,-0.00011501313263537377,2.915223748014692e-05,4.9187766740329046e-05,-0.00015825510321955925,0.011111111111111112,0.6019352334960462,0.34730826991412383,0.36666666666666664,0.6
0.0,0,0,999,0.25,0.35,32,90,90,33,54,30,54,-2.4966014692682243e-05,-0.00011501313263537377,2.915223748014692e-05,4.9187766740329046e-05,-0.00015825510321955925,0.011111111111111112,0.6019352334960462,0.34730826991412383,0.36666666666666664,0.6
0.0,0,1,0,0.25,0.0,32,90,90,33,54,30,54,-2.4966014692682243e-05,-0.00011501313263537377,2.915223748014692e-05,4.9187766740329046e-05,-0.00015825510321955925,0.011111111111111112,0.6019352334960462,0.34730826991412383,0.36666666666666664,0.6
0.0,0,1,0,0.25,0.25,32,90,90,33,54,30,54,-2.4966014692682243e-05,-0.00011501313263537377,2.915223748014692e-05,4.9187766740329046e-05,-0.00015825510321955925,0.011111111111111112,0.6019352334960462,0.34730826991412383,0.36666666666666664,0.6
0.0,0,1,0,0.25,0.35,32,90,90,33,54,30,54,-2.4966014692682243e-05,-0.00011501313263537377,2.915223748014692e-05,4.9187766740329046e-05,-0.00015825510321955925,0.011111111111111112,0.6019352334960462,0.34730826991412383,0.36666666666666664,0.6
0.0,0,1,1,0.25,0.0,32,90,90,33,54,30,54,-2.4966014692682243e-05,-0.00011501313263537377,2.915223748014692e-05,4.9187766740329046e-05,-0.00015825510321955925,0.011111111111111112,0.6019352334960462,0.34730826991412383,0.36666666666666664,0.6
0.0,0,1,1,0.25,0.25,32,90,90,33,54,30,54,-2.4966014692682243e-05,-0.00011501313263537377,2.915223748014692e-05,4.9187766740329046e-05,-0.00015825510321955925,0.011111111111111112,0.6019352334960462,0.34730826991412383,0.36666666666666664,0.6
0.0,0,1,1,0.25,0.35,32,90,90,33,54,30,54,-2.4966014692682243e-05,-0.00011501313263537377,2.915223748014692e-05,4.9187766740329046e-05,-0.00015825510321955925,0.011111111111111112,0.6019352334960462,0.34730826991412383,0.36666666666666664,0.6
0.0,0,1,999,0.25,0.0,32,90,90,33,54,30,54,-2.4966014692682243e-05,-0.00011501313263537377,2.915223748014692e-05,4.9187766740329046e-05,-0.00015825510321955925,0.011111111111111112,0.6019352334960462,0.34730826991412383,0.36666666666666664,0.6
0.0,0,1,999,0.25,0.25,32,90,90,33,54,30,54,-2.4966014692682243e-05,-0.00011501313263537377,2.915223748014692e-05,4.9187766740329046e-05,-0.00015825510321955925,0.011111111111111112,0.6019352334960462,0.34730826991412383,0.36666666666666664,0.6
0.0,0,1,999,0.25,0.35,32,90,90,33,54,30,54,-2.4966014692682243e-05,-0.00011501313263537377,2.915223748014692e-05,4.9187766740329046e-05,-0.00015825510321955925,0.011111111111111112,0.6019352334960462,0.34730826991412383,0.36666666666666664,0.6
0.0,0,999,0,0.25,0.0,32,90,90,33,54,30,54,-2.4966014692682243e-05,-0.00011501313263537377,2.915223748014692e-05,4.9187766740329046e-05,-0.00015825510321955925,0.011111111111111112,0.6019352334960462,0.34730826991412383,0.36666666666666664,0.6
0.0,0,999,0,0.25,0.25,32,90,90,33,54,30,54,-2.4966014692682243e-05,-0.00011501313263537377,2.915223748014692e-05,4.9187766740329046e-05,-0.00015825510321955925,0.011111111111111112,0.6019352334960462,0.34730826991412383,0.36666666666666664,0.6
0.0,0,999,0,0.25,0.35,32,90,90,33,54,30,54,-2.4966014692682243e-05,-0.00011501313263537377,2.915223748014692e-05,4.9187766740329046e-05,-0.00015825510321955925,0.011111111111111112,0.6019352334960462,0.34730826991412383,0.36666666666666664,0.6
0.0,0,999,1,0.25,0.0,32,90,90,33,54,30,54,-2.4966014692682243e-05,-0.00011501313263537377,2.915223748014692e-05,4.9187766740329046e-05,-0.00015825510321955925,0.011111111111111112,0.6019352334960462,0.34730826991412383,0.36666666666666664,0.6
0.0,0,999,1,0.25,0.25,32,90,90,33,54,30,54,-2.4966014692682243e-05,-0.00011501313263537377,2.915223748014692e-05,4.9187766740329046e-05,-0.00015825510321955925,0.011111111111111112,0.6019352334960462,0.34730826991412383,0.36666666666666664,0.6
0.0,0,999,1,0.25,0.35,32,90,90,33,54,30,54,-2.4966014692682243e-05,-0.00011501313263537377,2.915223748014692e-05,4.9187766740329046e-05,-0.00015825510321955925,0.011111111111111112,0.6019352334960462,0.34730826991412383,0.36666666666666664,0.6
0.0,0,999,999,0.25,0.0,32,90,90,33,54,30,54,-2.4966014692682243e-05,-0.00011501313263537377,2.915223748014692e-05,4.9187766740329046e-05,-0.00015825510321955925,0.011111111111111112,0.6019352334960462,0.34730826991412383,0.36666666666666664,0.6
0.0,0,999,999,0.25,0.25,32,90,90,33,54,30,54,-2.4966014692682243e-05,-0.00011501313263537377,2.915223748014692e-05,4.9187766740329046e-05,-0.00015825510321955925,0.011111111111111112,0.6019352334960462,0.34730826991412383,0.36666666666666664,0.6
0.0,0,999,999,0.25,0.35,32,90,90,33,54,30,54,-2.4966014692682243e-05,-0.00011501313263537377,2.915223748014692e-05,4.9187766740329046e-05,-0.00015825510321955925,0.011111111111111112,0.6019352334960462,0.34730826991412383,0.36666666666666664,0.6
0.0,1,0,0,0.25,0.0,32,90,90,33,54,30,54,-2.4966014692682243e-05,-0.00011501313263537377,2.915223748014692e-05,4.9187766740329046e-05,-0.00015825510321955925,0.011111111111111112,0.6019352334960462,0.34730826991412383,0.36666666666666664,0.6
0.0,1,0,0,0.25,0.25,32,90,90,33,54,30,54,-2.4966014692682243e-05,-0.00011501313263537377,2.915223748014692e-05,4.9187766740329046e-05,-0.00015825510321955925,0.011111111111111112,0.6019352334960462,0.34730826991412383,0.36666666666666664,0.6
0.0,1,0,0,0.25,0.35,32,90,90,33,54,30,54,-2.4966014692682243e-05,-0.00011501313263537377,2.915223748014692e-05,4.9187766740329046e-05,-0.00015825510321955925,0.011111111111111112,0.6019352334960462,0.34730826991412383,0.36666666666666664,0.6
0.0,1,0,1,0.25,0.0,32,90,90,33,54,30,54,-2.4966014692682243e-05,-0.00011501313263537377,2.915223748014692e-05,4.9187766740329046e-05,-0.00015825510321955925,0.011111111111111112,0.6019352334960462,0.34730826991412383,0.36666666666666664,0.6
0.0,1,0,1,0.25,0.25,32,90,90,33,54,30,54,-2.4966014692682243e-05,-0.00011501313263537377,2.915223748014692e-05,4.9187766740329046e-05,-0.00015825510321955925,0.011111111111111112,0.6019352334960462,0.34730826991412383,0.36666666666666664,0.6
0.0,1,0,1,0.25,0.35,32,90,90,33,54,30,54,-2.4966014692682243e-05,-0.00011501313263537377,2.915223748014692e-05,4.9187766740329046e-05,-0.00015825510321955925,0.011111111111111112,0.6019352334960462,0.34730826991412383,0.36666666666666664,0.6
0.0,1,0,999,0.25,0.0,32,90,90,33,54,30,54,-2.4966014692682243e-05,-0.00011501313263537377,2.915223748014692e-05,4.9187766740329046e-05,-0.00015825510321955925,0.011111111111111112,0.6019352334960462,0.34730826991412383,0.36666666666666664,0.6
0.0,1,0,999,0.25,0.25,32,90,90,33,54,30,54,-2.4966014692682243e-05,-0.00011501313263537377,2.915223748014692e-05,4.9187766740329046e-05,-0.00015825510321955925,0.011111111111111112,0.6019352334960462,0.34730826991412383,0.36666666666666664,0.6
0.0,1,0,999,0.25,0.35,32,90,90,33,54,30,54,-2.4966014692682243e-05,-0.00011501313263537377,2.915223748014692e-05,4.9187766740329046e-05,-0.00015825510321955925,0.011111111111111112,0.6019352334960462,0.34730826991412383,0.36666666666666664,0.6
0.0,1,1,0,0.25,0.0,32,90,90,33,54,30,54,-2.4966014692682243e-05,-0.00011501313263537377,2.915223748014692e-05,4.9187766740329046e-05,-0.00015825510321955925,0.011111111111111112,0.6019352334960462,0.34730826991412383,0.36666666666666664,0.6
0.0,1,1,0,0.25,0.25,32,90,90,33,54,30,54,-2.4966014692682243e-05,-0.00011501313263537377,2.915223748014692e-05,4.9187766740329046e-05,-0.00015825510321955925,0.011111111111111112,0.6019352334960462,0.34730826991412383,0.36666666666666664,0.6
0.0,1,1,0,0.25,0.35,32,90,90,33,54,30,54,-2.4966014692682243e-05,-0.00011501313263537377,2.915223748014692e-05,4.9187766740329046e-05,-0.00015825510321955925,0.011111111111111112,0.6019352334960462,0.34730826991412383,0.36666666666666664,0.6
0.0,1,1,1,0.25,0.0,32,90,90,33,54,30,54,-2.4966014692682243e-05,-0.00011501313263537377,2.915223748014692e-05,4.9187766740329046e-05,-0.00015825510321955925,0.011111111111111112,0.6019352334960462,0.34730826991412383,0.36666666666666664,0.6
0.0,1,1,1,0.25,0.25,32,90,90,33,54,30,54,-2.4966014692682243e-05,-0.00011501313263537377,2.915223748014692e-05,4.9187766740329046e-05,-0.00015825510321955925,0.011111111111111112,0.6019352334960462,0.34730826991412383,0.36666666666666664,0.6
0.0,1,1,1,0.25,0.35,32,90,90,33,54,30,54,-2.4966014692682243e-05,-0.00011501313263537377,2.915223748014692e-05,4.9187766740329046e-05,-0.00015825510321955925,0.011111111111111112,0.6019352334960462,0.34730826991412383,0.36666666666666664,0.6
0.0,1,1,999,0.25,0.0,32,90,90,33,54,30,54,-2.4966014692682243e-05,-0.00011501313263537377,2.915223748014692e-05,4.9187766740329046e-05,-0.00015825510321955925,0.011111111111111112,0.6019352334960462,0.34730826991412383,0.36666666666666664,0.6
0.0,1,1,999,0.25,0.25,32,90,90,33,54,30,54,-2.4966014692682243e-05,-0.00011501313263537377,2.915223748014692e-05,4.9187766740329046e-05,-0.00015825510321955925,0.011111111111111112,0.6019352334960462,0.34730826991412383,0.36666666666666664,0.6
0.0,1,1,999,0.25,0.35,32,90,90,33,54,30,54,-2.4966014692682243e-05,-0.00011501313263537377,2.915223748014692e-05,4.9187766740329046e-05,-0.00015825510321955925,0.011111111111111112,0.6019352334960462,0.34730826991412383,0.36666666666666664,0.6
0.0,1,999,0,0.25,0.0,32,90,90,33,54,30,54,-2.4966014692682243e-05,-0.00011501313263537377,2.915223748014692e-05,4.9187766740329046e-05,-0.00015825510321955925,0.011111111111111112,0.6019352334960462,0.34730826991412383,0.36666666666666664,0.6
0.0,1,999,0,0.25,0.25,32,90,90,33,54,30,54,-2.4966014692682243e-05,-0.00011501313263537377,2.915223748014692e-05,4.9187766740329046e-05,-0.00015825510321955925,0.011111111111111112,0.6019352334960462,0.34730826991412383,0.36666666666666664,0.6
0.0,1,999,0,0.25,0.35,32,90,90,33,54,30,54,-2.4966014692682243e-05,-0.00011501313263537377,2.915223748014692e-05,4.9187766740329046e-05,-0.00015825510321955925,0.011111111111111112,0.6019352334960462,0.34730826991412383,0.36666666666666664,0.6
0.0,1,999,1,0.25,0.0,32,90,90,33,54,30,54,-2.4966014692682243e-05,-0.00011501313263537377,2.915223748014692e-05,4.9187766740329046e-05,-0.00015825510321955925,0.011111111111111112,0.6019352334960462,0.34730826991412383,0.36666666666666664,0.6
0.0,1,999,1,0.25,0.25,32,90,90,33,54,30,54,-2.4966014692682243e-05,-0.00011501313263537377,2.915223748014692e-05,4.9187766740329046e-05,-0.00015825510321955925,0.011111111111111112,0.6019352334960462,0.34730826991412383,0.36666666666666664,0.6
0.0,1,999,1,0.25,0.35,32,90,90,33,54,30,54,-2.4966014692682243e-05,-0.00011501313263537377,2.915223748014692e-05,4.9187766740329046e-05,-0.00015825510321955925,0.011111111111111112,0.6019352334960462,0.34730826991412383,0.36666666666666664,0.6
0.0,1,999,999,0.25,0.0,32,90,90,33,54,30,54,-2.4966014692682243e-05,-0.00011501313263537377,2.915223748014692e-05,4.9187766740329046e-05,-0.00015825510321955925,0.011111111111111112,0.6019352334960462,0.34730826991412383,0.36666666666666664,0.6
0.0,1,999,999,0.25,0.25,32,90,90,33,54,30,54,-2.4966014692682243e-05,-0.00011501313263537377,2.915223748014692e-05,4.9187766740329046e-05,-0.00015825510321955925,0.011111111111111112,0.6019352334960462,0.34730826991412383,0.36666666666666664,0.6
0.0,1,999,999,0.25,0.35,32,90,90,33,54,30,54,-2.4966014692682243e-05,-0.00011501313263537377,2.915223748014692e-05,4.9187766740329046e-05,-0.00015825510321955925,0.011111111111111112,0.6019352334960462,0.34730826991412383,0.36666666666666664,0.6
0.5,0,0,0,0.25,0.0,128,91,91,33,55,31,55,-2.9756100204578316e-05,-0.0001240696312060867,1.9358729323523598e-05,3.398780129974108e-05,-0.0001608555761546883,0.01098901098901099,0.6059567335443505,0.34353928325935856,0.3626373626373626,0.6043956043956044
0.5,0,0,0,0.25,0.0,999999,91,91,33,55,31,55,-2.9756100204578316e-05,-0.0001240696312060867,1.9358729323523598e-05,3.398780129974108e-05,-0.0001608555761546883,0.01098901098901099,0.6059567335443505,0.34353928325935856,0.3626373626373626,0.6043956043956044
0.5,0,0,0,0.25,0.25,128,91,91,33,55,31,55,-2.9756100204578316e-05,-0.0001240696312060867,1.9358729323523598e-05,3.398780129974108e-05,-0.0001608555761546883,0.01098901098901099,0.6059567335443505,0.34353928325935856,0.3626373626373626,0.6043956043956044
0.5,0,0,0,0.25,0.25,999999,91,91,33,55,31,55,-2.9756100204578316e-05,-0.0001240696312060867,1.9358729323523598e-05,3.398780129974108e-05,-0.0001608555761546883,0.01098901098901099,0.6059567335443505,0.34353928325935856,0.3626373626373626,0.6043956043956044
0.5,0,0,0,0.25,0.35,128,91,91,33,55,31,55,-2.9756100204578316e-05,-0.0001240696312060867,1.9358729323523598e-05,3.398780129974108e-05,-0.0001608555761546883,0.01098901098901099,0.6059567335443505,0.34353928325935856,0.3626373626373626,0.6043956043956044
0.5,0,0,0,0.25,0.35,999999,91,91,33,55,31,55,-2.9756100204578316e-05,-0.0001240696312060867,1.9358729323523598e-05,3.398780129974108e-05,-0.0001608555761546883,0.01098901098901099,0.6059567335443505,0.34353928325935856,0.3626373626373626,0.6043956043956044
0.5,0,0,1,0.25,0.0,128,91,91,33,55,31,55,-2.9756100204578316e-05,-0.0001240696312060867,1.9358729323523598e-05,3.398780129974108e-05,-0.0001608555761546883,0.01098901098901099,0.6059567335443505,0.34353928325935856,0.3626373626373626,0.6043956043956044
0.5,0,0,1,0.25,0.0,999999,91,91,33,55,31,55,-2.9756100204578316e-05,-0.0001240696312060867,1.9358729323523598e-05,3.398780129974108e-05,-0.0001608555761546883,0.01098901098901099,0.6059567335443505,0.34353928325935856,0.3626373626373626,0.6043956043956044
0.5,0,0,1,0.25,0.25,128,91,91,33,55,31,55,-2.9756100204578316e-05,-0.0001240696312060867,1.9358729323523598e-05,3.398780129974108e-05,-0.0001608555761546883,0.01098901098901099,0.6059567335443505,0.34353928325935856,0.3626373626373626,0.6043956043956044
0.5,0,0,1,0.25,0.25,999999,91,91,33,55,31,55,-2.9756100204578316e-05,-0.0001240696312060867,1.9358729323523598e-05,3.398780129974108e-05,-0.0001608555761546883,0.01098901098901099,0.6059567335443505,0.34353928325935856,0.3626373626373626,0.6043956043956044
0.5,0,0,1,0.25,0.35,128,91,91,33,55,31,55,-2.9756100204578316e-05,-0.0001240696312060867,1.9358729323523598e-05,3.398780129974108e-05,-0.0001608555761546883,0.01098901098901099,0.6059567335443505,0.34353928325935856,0.3626373626373626,0.6043956043956044
0.5,0,0,1,0.25,0.35,999999,91,91,33,55,31,55,-2.9756100204578316e-05,-0.0001240696312060867,1.9358729323523598e-05,3.398780129974108e-05,-0.0001608555761546883,0.01098901098901099,0.6059567335443505,0.34353928325935856,0.3626373626373626,0.6043956043956044
0.5,0,0,999,0.25,0.0,128,91,91,33,55,31,55,-2.9756100204578316e-05,-0.0001240696312060867,1.9358729323523598e-05,3.398780129974108e-05,-0.0001608555761546883,0.01098901098901099,0.6059567335443505,0.34353928325935856,0.3626373626373626,0.6043956043956044
0.5,0,0,999,0.25,0.0,999999,91,91,33,55,31,55,-2.9756100204578316e-05,-0.0001240696312060867,1.9358729323523598e-05,3.398780129974108e-05,-0.0001608555761546883,0.01098901098901099,0.6059567335443505,0.34353928325935856,0.3626373626373626,0.6043956043956044
0.5,0,0,999,0.25,0.25,128,91,91,33,55,31,55,-2.9756100204578316e-05,-0.0001240696312060867,1.9358729323523598e-05,3.398780129974108e-05,-0.0001608555761546883,0.01098901098901099,0.6059567335443505,0.34353928325935856,0.3626373626373626,0.6043956043956044
0.5,0,0,999,0.25,0.25,999999,91,91,33,55,31,55,-2.9756100204578316e-05,-0.0001240696312060867,1.9358729323523598e-05,3.398780129974108e-05,-0.0001608555761546883,0.01098901098901099,0.6059567335443505,0.34353928325935856,0.3626373626373626,0.6043956043956044
0.5,0,0,999,0.25,0.35,128,91,91,33,55,31,55,-2.9756100204578316e-05,-0.0001240696312060867,1.9358729323523598e-05,3.398780129974108e-05,-0.0001608555761546883,0.01098901098901099,0.6059567335443505,0.34353928325935856,0.3626373626373626,0.6043956043956044
0.5,0,0,999,0.25,0.35,999999,91,91,33,55,31,55,-2.9756100204578316e-05,-0.0001240696312060867,1.9358729323523598e-05,3.398780129974108e-05,-0.0001608555761546883,0.01098901098901099,0.6059567335443505,0.34353928325935856,0.3626373626373626,0.6043956043956044
0.5,0,1,0,0.25,0.0,128,91,91,33,55,31,55,-2.9756100204578316e-05,-0.0001240696312060867,1.9358729323523598e-05,3.398780129974108e-05,-0.0001608555761546883,0.01098901098901099,0.6059567335443505,0.34353928325935856,0.3626373626373626,0.6043956043956044
0.5,0,1,0,0.25,0.0,999999,91,91,33,55,31,55,-2.9756100204578316e-05,-0.0001240696312060867,1.9358729323523598e-05,3.398780129974108e-05,-0.0001608555761546883,0.01098901098901099,0.6059567335443505,0.34353928325935856,0.3626373626373626,0.6043956043956044
0.5,0,1,0,0.25,0.25,128,91,91,33,55,31,55,-2.9756100204578316e-05,-0.0001240696312060867,1.9358729323523598e-05,3.398780129974108e-05,-0.0001608555761546883,0.01098901098901099,0.6059567335443505,0.34353928325935856,0.3626373626373626,0.6043956043956044
0.5,0,1,0,0.25,0.25,999999,91,91,33,55,31,55,-2.9756100204578316e-05,-0.0001240696312060867,1.9358729323523598e-05,3.398780129974108e-05,-0.0001608555761546883,0.01098901098901099,0.6059567335443505,0.34353928325935856,0.3626373626373626,0.6043956043956044
0.5,0,1,0,0.25,0.35,128,91,91,33,55,31,55,-2.9756100204578316e-05,-0.0001240696312060867,1.9358729323523598e-05,3.398780129974108e-05,-0.0001608555761546883,0.01098901098901099,0.6059567335443505,0.34353928325935856,0.3626373626373626,0.6043956043956044
0.5,0,1,0,0.25,0.35,999999,91,91,33,55,31,55,-2.9756100204578316e-05,-0.0001240696312060867,1.9358729323523598e-05,3.398780129974108e-05,-0.0001608555761546883,0.01098901098901099,0.6059567335443505,0.34353928325935856,0.3626373626373626,0.6043956043956044
0.5,0,1,1,0.25,0.0,128,91,91,33,55,31,55,-2.9756100204578316e-05,-0.0001240696312060867,1.9358729323523598e-05,3.398780129974108e-05,-0.0001608555761546883,0.01098901098901099,0.6059567335443505,0.34353928325935856,0.3626373626373626,0.6043956043956044
0.5,0,1,1,0.25,0.0,999999,91,91,33,55,31,55,-2.9756100204578316e-05,-0.0001240696312060867,1.9358729323523598e-05,3.398780129974108e-05,-0.0001608555761546883,0.01098901098901099,0.6059567335443505,0.34353928325935856,0.3626373626373626,0.6043956043956044
0.5,0,1,1,0.25,0.25,128,91,91,33,55,31,55,-2.9756100204578316e-05,-0.0001240696312060867,1.9358729323523598e-05,3.398780129974108e-05,-0.0001608555761546883,0.01098901098901099,0.6059567335443505,0.34353928325935856,0.3626373626373626,0.6043956043956044
0.5,0,1,1,0.25,0.25,999999,91,91,33,55,31,55,-2.9756100204578316e-05,-0.0001240696312060867,1.9358729323523598e-05,3.398780129974108e-05,-0.0001608555761546883,0.01098901098901099,0.6059567335443505,0.34353928325935856,0.3626373626373626,0.6043956043956044
0.5,0,1,1,0.25,0.35,128,91,91,33,55,31,55,-2.9756100204578316e-05,-0.0001240696312060867,1.9358729323523598e-05,3.398780129974108e-05,-0.0001608555761546883,0.01098901098901099,0.6059567335443505,0.34353928325935856,0.3626373626373626,0.6043956043956044
0.5,0,1,1,0.25,0.35,999999,91,91,33,55,31,55,-2.9756100204578316e-05,-0.0001240696312060867,1.9358729323523598e-05,3.398780129974108e-05,-0.0001608555761546883,0.01098901098901099,0.6059567335443505,0.34353928325935856,0.3626373626373626,0.6043956043956044
0.5,0,1,999,0.25,0.0,128,91,91,33,55,31,55,-2.9756100204578316e-05,-0.0001240696312060867,1.9358729323523598e-05,3.398780129974108e-05,-0.0001608555761546883,0.01098901098901099,0.6059567335443505,0.34353928325935856,0.3626373626373626,0.6043956043956044
0.5,0,1,999,0.25,0.0,999999,91,91,33,55,31,55,-2.9756100204578316e-05,-0.0001240696312060867,1.9358729323523598e-05,3.398780129974108e-05,-0.0001608555761546883,0.01098901098901099,0.6059567335443505,0.34353928325935856,0.3626373626373626,0.6043956043956044
0.5,0,1,999,0.25,0.25,128,91,91,33,55,31,55,-2.9756100204578316e-05,-0.0001240696312060867,1.9358729323523598e-05,3.398780129974108e-05,-0.0001608555761546883,0.01098901098901099,0.6059567335443505,0.34353928325935856,0.3626373626373626,0.6043956043956044
0.5,0,1,999,0.25,0.25,999999,91,91,33,55,31,55,-2.9756100204578316e-05,-0.0001240696312060867,1.9358729323523598e-05,3.398780129974108e-05,-0.0001608555761546883,0.01098901098901099,0.6059567335443505,0.34353928325935856,0.3626373626373626,0.6043956043956044
0.5,0,1,999,0.25,0.35,128,91,91,33,55,31,55,-2.9756100204578316e-05,-0.0001240696312060867,1.9358729323523598e-05,3.398780129974108e-05,-0.0001608555761546883,0.01098901098901099,0.6059567335443505,0.34353928325935856,0.3626373626373626,0.6043956043956044
0.5,0,1,999,0.25,0.35,999999,91,91,33,55,31,55,-2.9756100204578316e-05,-0.0001240696312060867,1.9358729323523598e-05,3.398780129974108e-05,-0.0001608555761546883,0.01098901098901099,0.6059567335443505,0.34353928325935856,0.3626373626373626,0.6043956043956044
0.5,0,999,0,0.25,0.0,128,91,91,33,55,31,55,-2.9756100204578316e-05,-0.0001240696312060867,1.9358729323523598e-05,3.398780129974108e-05,-0.0001608555761546883,0.01098901098901099,0.6059567335443505,0.34353928325935856,0.3626373626373626,0.6043956043956044
0.5,0,999,0,0.25,0.0,999999,91,91,33,55,31,55,-2.9756100204578316e-05,-0.0001240696312060867,1.9358729323523598e-05,3.398780129974108e-05,-0.0001608555761546883,0.01098901098901099,0.6059567335443505,0.34353928325935856,0.3626373626373626,0.6043956043956044
0.5,0,999,0,0.25,0.25,128,91,91,33,55,31,55,-2.9756100204578316e-05,-0.0001240696312060867,1.9358729323523598e-05,3.398780129974108e-05,-0.0001608555761546883,0.01098901098901099,0.6059567335443505,0.34353928325935856,0.3626373626373626,0.6043956043956044
0.5,0,999,0,0.25,0.25,999999,91,91,33,55,31,55,-2.9756100204578316e-05,-0.0001240696312060867,1.9358729323523598e-05,3.398780129974108e-05,-0.0001608555761546883,0.01098901098901099,0.6059567335443505,0.34353928325935856,0.3626373626373626,0.6043956043956044
0.5,0,999,0,0.25,0.35,128,91,91,33,55,31,55,-2.9756100204578316e-05,-0.0001240696312060867,1.9358729323523598e-05,3.398780129974108e-05,-0.0001608555761546883,0.01098901098901099,0.6059567335443505,0.34353928325935856,0.3626373626373626,0.6043956043956044
0.5,0,999,0,0.25,0.35,999999,91,91,33,55,31,55,-2.9756100204578316e-05,-0.0001240696312060867,1.9358729323523598e-05,3.398780129974108e-05,-0.0001608555761546883,0.01098901098901099,0.6059567335443505,0.34353928325935856,0.3626373626373626,0.6043956043956044
0.5,0,999,1,0.25,0.0,128,91,91,33,55,31,55,-2.9756100204578316e-05,-0.0001240696312060867,1.9358729323523598e-05,3.398780129974108e-05,-0.0001608555761546883,0.01098901098901099,0.6059567335443505,0.34353928325935856,0.3626373626373626,0.6043956043956044
0.5,0,999,1,0.25,0.0,999999,91,91,33,55,31,55,-2.9756100204578316e-05,-0.0001240696312060867,1.9358729323523598e-05,3.398780129974108e-05,-0.0001608555761546883,0.01098901098901099,0.6059567335443505,0.34353928325935856,0.3626373626373626,0.6043956043956044
0.5,0,999,1,0.25,0.25,128,91,91,33,55,31,55,-2.9756100204578316e-05,-0.0001240696312060867,1.9358729323523598e-05,3.398780129974108e-05,-0.0001608555761546883,0.01098901098901099,0.6059567335443505,0.34353928325935856,0.3626373626373626,0.6043956043956044
0.5,0,999,1,0.25,0.25,999999,91,91,33,55,31,55,-2.9756100204578316e-05,-0.0001240696312060867,1.9358729323523598e-05,3.398780129974108e-05,-0.0001608555761546883,0.01098901098901099,0.6059567335443505,0.34353928325935856,0.3626373626373626,0.6043956043956044
0.5,0,999,1,0.25,0.35,128,91,91,33,55,31,55,-2.9756100204578316e-05,-0.0001240696312060867,1.9358729323523598e-05,3.398780129974108e-05,-0.0001608555761546883,0.01098901098901099,0.6059567335443505,0.34353928325935856,0.3626373626373626,0.6043956043956044
0.5,0,999,1,0.25,0.35,999999,91,91,33,55,31,55,-2.9756100204578316e-05,-0.0001240696312060867,1.9358729323523598e-05,3.398780129974108e-05,-0.0001608555761546883,0.01098901098901099,0.6059567335443505,0.34353928325935856,0.3626373626373626,0.6043956043956044
0.5,0,999,999,0.25,0.0,128,91,91,33,55,31,55,-2.9756100204578316e-05,-0.0001240696312060867,1.9358729323523598e-05,3.398780129974108e-05,-0.0001608555761546883,0.01098901098901099,0.6059567335443505,0.34353928325935856,0.3626373626373626,0.6043956043956044
0.5,0,999,999,0.25,0.0,999999,91,91,33,55,31,55,-2.9756100204578316e-05,-0.0001240696312060867,1.9358729323523598e-05,3.398780129974108e-05,-0.0001608555761546883,0.01098901098901099,0.6059567335443505,0.34353928325935856,0.3626373626373626,0.6043956043956044
0.5,0,999,999,0.25,0.25,128,91,91,33,55,31,55,-2.9756100204578316e-05,-0.0001240696312060867,1.9358729323523598e-05,3.398780129974108e-05,-0.0001608555761546883,0.01098901098901099,0.6059567335443505,0.34353928325935856,0.3626373626373626,0.6043956043956044
0.5,0,999,999,0.25,0.25,999999,91,91,33,55,31,55,-2.9756100204578316e-05,-0.0001240696312060867,1.9358729323523598e-05,3.398780129974108e-05,-0.0001608555761546883,0.01098901098901099,0.6059567335443505,0.34353928325935856,0.3626373626373626,0.6043956043956044
0.5,0,999,999,0.25,0.35,128,91,91,33,55,31,55,-2.9756100204578316e-05,-0.0001240696312060867,1.9358729323523598e-05,3.398780129974108e-05,-0.0001608555761546883,0.01098901098901099,0.6059567335443505,0.34353928325935856,0.3626373626373626,0.6043956043956044
0.5,0,999,999,0.25,0.35,999999,91,91,33,55,31,55,-2.9756100204578316e-05,-0.0001240696312060867,1.9358729323523598e-05,3.398780129974108e-05,-0.0001608555761546883,0.01098901098901099,0.6059567335443505,0.34353928325935856,0.3626373626373626,0.6043956043956044
0.5,1,0,0,0.25,0.0,128,91,91,33,55,31,55,-2.9756100204578316e-05,-0.0001240696312060867,1.9358729323523598e-05,3.398780129974108e-05,-0.0001608555761546883,0.01098901098901099,0.6059567335443505,0.34353928325935856,0.3626373626373626,0.6043956043956044
0.5,1,0,0,0.25,0.0,999999,91,91,33,55,31,55,-2.9756100204578316e-05,-0.0001240696312060867,1.9358729323523598e-05,3.398780129974108e-05,-0.0001608555761546883,0.01098901098901099,0.6059567335443505,0.34353928325935856,0.3626373626373626,0.6043956043956044
0.5,1,0,0,0.25,0.25,128,91,91,33,55,31,55,-2.9756100204578316e-05,-0.0001240696312060867,1.9358729323523598e-05,3.398780129974108e-05,-0.0001608555761546883,0.01098901098901099,0.6059567335443505,0.34353928325935856,0.3626373626373626,0.6043956043956044
0.5,1,0,0,0.25,0.25,999999,91,91,33,55,31,55,-2.9756100204578316e-05,-0.0001240696312060867,1.9358729323523598e-05,3.398780129974108e-05,-0.0001608555761546883,0.01098901098901099,0.6059567335443505,0.34353928325935856,0.3626373626373626,0.6043956043956044
0.5,1,0,0,0.25,0.35,128,91,91,33,55,31,55,-2.9756100204578316e-05,-0.0001240696312060867,1.9358729323523598e-05,3.398780129974108e-05,-0.0001608555761546883,0.01098901098901099,0.6059567335443505,0.34353928325935856,0.3626373626373626,0.6043956043956044
0.5,1,0,0,0.25,0.35,999999,91,91,33,55,31,55,-2.9756100204578316e-05,-0.0001240696312060867,1.9358729323523598e-05,3.398780129974108e-05,-0.0001608555761546883,0.01098901098901099,0.6059567335443505,0.34353928325935856,0.3626373626373626,0.6043956043956044
0.5,1,0,1,0.25,0.0,128,91,91,33,55,31,55,-2.9756100204578316e-05,-0.0001240696312060867,1.9358729323523598e-05,3.398780129974108e-05,-0.0001608555761546883,0.01098901098901099,0.6059567335443505,0.34353928325935856,0.3626373626373626,0.6043956043956044
0.5,1,0,1,0.25,0.0,999999,91,91,33,55,31,55,-2.9756100204578316e-05,-0.0001240696312060867,1.9358729323523598e-05,3.398780129974108e-05,-0.0001608555761546883,0.01098901098901099,0.6059567335443505,0.34353928325935856,0.3626373626373626,0.6043956043956044
0.5,1,0,1,0.25,0.25,128,91,91,33,55,31,55,-2.9756100204578316e-05,-0.0001240696312060867,1.9358729323523598e-05,3.398780129974108e-05,-0.0001608555761546883,0.01098901098901099,0.6059567335443505,0.34353928325935856,0.3626373626373626,0.6043956043956044
0.5,1,0,1,0.25,0.25,999999,91,91,33,55,31,55,-2.9756100204578316e-05,-0.0001240696312060867,1.9358729323523598e-05,3.398780129974108e-05,-0.0001608555761546883,0.01098901098901099,0.6059567335443505,0.34353928325935856,0.3626373626373626,0.6043956043956044
0.5,1,0,1,0.25,0.35,128,91,91,33,55,31,55,-2.9756100204578316e-05,-0.0001240696312060867,1.9358729323523598e-05,3.398780129974108e-05,-0.0001608555761546883,0.01098901098901099,0.6059567335443505,0.34353928325935856,0.3626373626373626,0.6043956043956044
0.5,1,0,1,0.25,0.35,999999,91,91,33,55,31,55,-2.9756100204578316e-05,-0.0001240696312060867,1.9358729323523598e-05,3.398780129974108e-05,-0.0001608555761546883,0.01098901098901099,0.6059567335443505,0.34353928325935856,0.3626373626373626,0.6043956043956044
0.5,1,0,999,0.25,0.0,128,91,91,33,55,31,55,-2.9756100204578316e-05,-0.0001240696312060867,1.9358729323523598e-05,3.398780129974108e-05,-0.0001608555761546883,0.01098901098901099,0.6059567335443505,0.34353928325935856,0.3626373626373626,0.6043956043956044
0.5,1,0,999,0.25,0.0,999999,91,91,33,55,31,55,-2.9756100204578316e-05,-0.0001240696312060867,1.9358729323523598e-05,3.398780129974108e-05,-0.0001608555761546883,0.01098901098901099,0.6059567335443505,0.34353928325935856,0.3626373626373626,0.6043956043956044
0.5,1,0,999,0.25,0.25,128,91,91,33,55,31,55,-2.9756100204578316e-05,-0.0001240696312060867,1.9358729323523598e-05,3.398780129974108e-05,-0.0001608555761546883,0.01098901098901099,0.6059567335443505,0.34353928325935856,0.3626373626373626,0.6043956043956044
0.5,1,0,999,0.25,0.25,999999,91,91,33,55,31,55,-2.9756100204578316e-05,-0.0001240696312060867,1.9358729323523598e-05,3.398780129974108e-05,-0.0001608555761546883,0.01098901098901099,0.6059567335443505,0.34353928325935856,0.3626373626373626,0.6043956043956044
0.5,1,0,999,0.25,0.35,128,91,91,33,55,31,55,-2.9756100204578316e-05,-0.0001240696312060867,1.9358729323523598e-05,3.398780129974108e-05,-0.0001608555761546883,0.01098901098901099,0.6059567335443505,0.34353928325935856,0.3626373626373626,0.6043956043956044
0.5,1,0,999,0.25,0.35,999999,91,91,33,55,31,55,-2.9756100204578316e-05,-0.0001240696312060867,1.9358729323523598e-05,3.398780129974108e-05,-0.0001608555761546883,0.01098901098901099,0.6059567335443505,0.34353928325935856,0.3626373626373626,0.6043956043956044
0.5,1,1,0,0.25,0.0,128,91,91,33,55,31,55,-2.9756100204578316e-05,-0.0001240696312060867,1.9358729323523598e-05,3.398780129974108e-05,-0.0001608555761546883,0.01098901098901099,0.6059567335443505,0.34353928325935856,0.3626373626373626,0.6043956043956044
0.5,1,1,0,0.25,0.0,999999,91,91,33,55,31,55,-2.9756100204578316e-05,-0.0001240696312060867,1.9358729323523598e-05,3.398780129974108e-05,-0.0001608555761546883,0.01098901098901099,0.6059567335443505,0.34353928325935856,0.3626373626373626,0.6043956043956044
0.5,1,1,0,0.25,0.25,128,91,91,33,55,31,55,-2.9756100204578316e-05,-0.0001240696312060867,1.9358729323523598e-05,3.398780129974108e-05,-0.0001608555761546883,0.01098901098901099,0.6059567335443505,0.34353928325935856,0.3626373626373626,0.6043956043956044
0.5,1,1,0,0.25,0.25,999999,91,91,33,55,31,55,-2.9756100204578316e-05,-0.0001240696312060867,1.9358729323523598e-05,3.398780129974108e-05,-0.0001608555761546883,0.01098901098901099,0.6059567335443505,0.34353928325935856,0.3626373626373626,0.6043956043956044
0.5,1,1,0,0.25,0.35,128,91,91,33,55,31,55,-2.9756100204578316e-05,-0.0001240696312060867,1.9358729323523598e-05,3.398780129974108e-05,-0.0001608555761546883,0.01098901098901099,0.6059567335443505,0.34353928325935856,0.3626373626373626,0.6043956043956044
0.5,1,1,0,0.25,0.35,999999,91,91,33,55,31,55,-2.9756100204578316e-05,-0.0001240696312060867,1.9358729323523598e-05,3.398780129974108e-05,-0.0001608555761546883,0.01098901098901099,0.6059567335443505,0.34353928325935856,0.3626373626373626,0.6043956043956044
0.5,1,1,1,0.25,0.0,128,91,91,33,55,31,55,-2.9756100204578316e-05,-0.0001240696312060867,1.9358729323523598e-05,3.398780129974108e-05,-0.0001608555761546883,0.01098901098901099,0.6059567335443505,0.34353928325935856,0.3626373626373626,0.6043956043956044
0.5,1,1,1,0.25,0.0,999999,91,91,33,55,31,55,-2.9756100204578316e-05,-0.0001240696312060867,1.9358729323523598e-05,3.398780129974108e-05,-0.0001608555761546883,0.01098901098901099,0.6059567335443505,0.34353928325935856,0.3626373626373626,0.6043956043956044
0.5,1,1,1,0.25,0.25,128,91,91,33,55,31,55,-2.9756100204578316e-05,-0.0001240696312060867,1.9358729323523598e-05,3.398780129974108e-05,-0.0001608555761546883,0.01098901098901099,0.6059567335443505,0.34353928325935856,0.3626373626373626,0.6043956043956044
0.5,1,1,1,0.25,0.25,999999,91,91,33,55,31,55,-2.9756100204578316e-05,-0.0001240696312060867,1.9358729323523598e-05,3.398780129974108e-05,-0.0001608555761546883,0.01098901098901099,0.6059567335443505,0.34353928325935856,0.3626373626373626,0.6043956043956044
0.5,1,1,1,0.25,0.35,128,91,91,33,55,31,55,-2.9756100204578316e-05,-0.0001240696312060867,1.9358729323523598e-05,3.398780129974108e-05,-0.0001608555761546883,0.01098901098901099,0.6059567335443505,0.34353928325935856,0.3626373626373626,0.6043956043956044
0.5,1,1,1,0.25,0.35,999999,91,91,33,55,31,55,-2.9756100204578316e-05,-0.0001240696312060867,1.9358729323523598e-05,3.398780129974108e-05,-0.0001608555761546883,0.01098901098901099,0.6059567335443505,0.34353928325935856,0.3626373626373626,0.6043956043956044
0.5,1,1,999,0.25,0.0,128,91,91,33,55,31,55,-2.9756100204578316e-05,-0.0001240696312060867,1.9358729323523598e-05,3.398780129974108e-05,-0.0001608555761546883,0.01098901098901099,0.6059567335443505,0.34353928325935856,0.3626373626373626,0.6043956043956044
0.5,1,1,999,0.25,0.0,999999,91,91,33,55,31,55,-2.9756100204578316e-05,-0.0001240696312060867,1.9358729323523598e-05,3.398780129974108e-05,-0.0001608555761546883,0.01098901098901099,0.6059567335443505,0.34353928325935856,0.3626373626373626,0.6043956043956044
0.5,1,1,999,0.25,0.25,128,91,91,33,55,31,55,-2.9756100204578316e-05,-0.0001240696312060867,1.9358729323523598e-05,3.398780129974108e-05,-0.0001608555761546883,0.01098901098901099,0.6059567335443505,0.34353928325935856,0.3626373626373626,0.6043956043956044
0.5,1,1,999,0.25,0.25,999999,91,91,33,55,31,55,-2.9756100204578316e-05,-0.0001240696312060867,1.9358729323523598e-05,3.398780129974108e-05,-0.0001608555761546883,0.01098901098901099,0.6059567335443505,0.34353928325935856,0.3626373626373626,0.6043956043956044
0.5,1,1,999,0.25,0.35,128,91,91,33,55,31,55,-2.9756100204578316e-05,-0.0001240696312060867,1.9358729323523598e-05,3.398780129974108e-05,-0.0001608555761546883,0.01098901098901099,0.6059567335443505,0.34353928325935856,0.3626373626373626,0.6043956043956044
0.5,1,1,999,0.25,0.35,999999,91,91,33,55,31,55,-2.9756100204578316e-05,-0.0001240696312060867,1.9358729323523598e-05,3.398780129974108e-05,-0.0001608555761546883,0.01098901098901099,0.6059567335443505,0.34353928325935856,0.3626373626373626,0.6043956043956044
0.5,1,999,0,0.25,0.0,128,91,91,33,55,31,55,-2.9756100204578316e-05,-0.0001240696312060867,1.9358729323523598e-05,3.398780129974108e-05,-0.0001608555761546883,0.01098901098901099,0.6059567335443505,0.34353928325935856,0.3626373626373626,0.6043956043956044
0.5,1,999,0,0.25,0.0,999999,91,91,33,55,31,55,-2.9756100204578316e-05,-0.0001240696312060867,1.9358729323523598e-05,3.398780129974108e-05,-0.0001608555761546883,0.01098901098901099,0.6059567335443505,0.34353928325935856,0.3626373626373626,0.6043956043956044
0.5,1,999,0,0.25,0.25,128,91,91,33,55,31,55,-2.9756100204578316e-05,-0.0001240696312060867,1.9358729323523598e-05,3.398780129974108e-05,-0.0001608555761546883,0.01098901098901099,0.6059567335443505,0.34353928325935856,0.3626373626373626,0.6043956043956044
0.5,1,999,0,0.25,0.25,999999,91,91,33,55,31,55,-2.9756100204578316e-05,-0.0001240696312060867,1.9358729323523598e-05,3.398780129974108e-05,-0.0001608555761546883,0.01098901098901099,0.6059567335443505,0.34353928325935856,0.3626373626373626,0.6043956043956044
0.5,1,999,0,0.25,0.35,128,91,91,33,55,31,55,-2.9756100204578316e-05,-0.0001240696312060867,1.9358729323523598e-05,3.398780129974108e-05,-0.0001608555761546883,0.01098901098901099,0.6059567335443505,0.34353928325935856,0.3626373626373626,0.6043956043956044
0.5,1,999,0,0.25,0.35,999999,91,91,33,55,31,55,-2.9756100204578316e-05,-0.0001240696312060867,1.9358729323523598e-05,3.398780129974108e-05,-0.0001608555761546883,0.01098901098901099,0.6059567335443505,0.34353928325935856,0.3626373626373626,0.6043956043956044
0.5,1,999,1,0.25,0.0,128,91,91,33,55,31,55,-2.9756100204578316e-05,-0.0001240696312060867,1.9358729323523598e-05,3.398780129974108e-05,-0.0001608555761546883,0.01098901098901099,0.6059567335443505,0.34353928325935856,0.3626373626373626,0.6043956043956044
0.5,1,999,1,0.25,0.0,999999,91,91,33,55,31,55,-2.9756100204578316e-05,-0.0001240696312060867,1.9358729323523598e-05,3.398780129974108e-05,-0.0001608555761546883,0.01098901098901099,0.6059567335443505,0.34353928325935856,0.3626373626373626,0.6043956043956044
0.5,1,999,1,0.25,0.25,128,91,91,33,55,31,55,-2.9756100204578316e-05,-0.0001240696312060867,1.9358729323523598e-05,3.398780129974108e-05,-0.0001608555761546883,0.01098901098901099,0.6059567335443505,0.34353928325935856,0.3626373626373626,0.6043956043956044
0.5,1,999,1,0.25,0.25,999999,91,91,33,55,31,55,-2.9756100204578316e-05,-0.0001240696312060867,1.9358729323523598e-05,3.398780129974108e-05,-0.0001608555761546883,0.01098901098901099,0.6059567335443505,0.34353928325935856,0.3626373626373626,0.6043956043956044
0.5,1,999,1,0.25,0.35,128,91,91,33,55,31,55,-2.9756100204578316e-05,-0.0001240696312060867,1.9358729323523598e-05,3.398780129974108e-05,-0.0001608555761546883,0.01098901098901099,0.6059567335443505,0.34353928325935856,0.3626373626373626,0.6043956043956044
0.5,1,999,1,0.25,0.35,999999,91,91,33,55,31,55,-2.9756100204578316e-05,-0.0001240696312060867,1.9358729323523598e-05,3.398780129974108e-05,-0.0001608555761546883,0.01098901098901099,0.6059567335443505,0.34353928325935856,0.3626373626373626,0.6043956043956044
0.5,1,999,999,0.25,0.0,128,91,91,33,55,31,55,-2.9756100204578316e-05,-0.0001240696312060867,1.9358729323523598e-05,3.398780129974108e-05,-0.0001608555761546883,0.01098901098901099,0.6059567335443505,0.34353928325935856,0.3626373626373626,0.6043956043956044
0.5,1,999,999,0.25,0.0,999999,91,91,33,55,31,55,-2.9756100204578316e-05,-0.0001240696312060867,1.9358729323523598e-05,3.398780129974108e-05,-0.0001608555761546883,0.01098901098901099,0.6059567335443505,0.34353928325935856,0.3626373626373626,0.6043956043956044
0.5,1,999,999,0.25,0.25,128,91,91,33,55,31,55,-2.9756100204578316e-05,-0.0001240696312060867,1.9358729323523598e-05,3.398780129974108e-05,-0.0001608555761546883,0.01098901098901099,0.6059567335443505,0.34353928325935856,0.3626373626373626,0.6043956043956044
0.5,1,999,999,0.25,0.25,999999,91,91,33,55,31,55,-2.9756100204578316e-05,-0.0001240696312060867,1.9358729323523598e-05,3.398780129974108e-05,-0.0001608555761546883,0.01098901098901099,0.6059567335443505,0.34353928325935856,0.3626373626373626,0.6043956043956044
0.5,1,999,999,0.25,0.35,128,91,91,33,55,31,55,-2.9756100204578316e-05,-0.0001240696312060867,1.9358729323523598e-05,3.398780129974108e-05,-0.0001608555761546883,0.01098901098901099,0.6059567335443505,0.34353928325935856,0.3626373626373626,0.6043956043956044
0.5,1,999,999,0.25,0.35,999999,91,91,33,55,31,55,-2.9756100204578316e-05,-0.0001240696312060867,1.9358729323523598e-05,3.398780129974108e-05,-0.0001608555761546883,0.01098901098901099,0.6059567335443505,0.34353928325935856,0.3626373626373626,0.6043956043956044
0.0,0,0,0,0.25,0.0,64,92,92,33,56,31,56,-2.7182056781255704e-05,-0.00011838099645150277,2.7167610649568826e-05,4.611168991788778e-05,-0.00015910714597909388,0.010869565217391304,0.607739812527564,0.3423051606152351,0.358695652173913,0.6086956521739131
0.0,0,0,0,0.25,0.25,64,92,92,33,56,31,56,-2.7182056781255704e-05,-0.00011838099645150277,2.7167610649568826e-05,4.611168991788778e-05,-0.00015910714597909388,0.010869565217391304,0.607739812527564,0.3423051606152351,0.358695652173913,0.6086956521739131
0.0,0,0,0,0.25,0.35,64,92,92,33,56,31,56,-2.7182056781255704e-05,-0.00011838099645150277,2.7167610649568826e-05,4.611168991788778e-05,-0.00015910714597909388,0.010869565217391304,0.607739812527564,0.3423051606152351,0.358695652173913,0.6086956521739131
0.0,0,0,1,0.25,0.0,64,92,92,33,56,31,56,-2.7182056781255704e-05,-0.00011838099645150277,2.7167610649568826e-05,4.611168991788778e-05,-0.00015910714597909388,0.010869565217391304,0.607739812527564,0.3423051606152351,0.358695652173913,0.6086956521739131
0.0,0,0,1,0.25,0.25,64,92,92,33,56,31,56,-2.7182056781255704e-05,-0.00011838099645150277,2.7167610649568826e-05,4.611168991788778e-05,-0.00015910714597909388,0.010869565217391304,0.607739812527564,0.3423051606152351,0.358695652173913,0.6086956521739131
0.0,0,0,1,0.25,0.35,64,92,92,33,56,31,56,-2.7182056781255704e-05,-0.00011838099645150277,2.7167610649568826e-05,4.611168991788778e-05,-0.00015910714597909388,0.010869565217391304,0.607739812527564,0.3423051606152351,0.358695652173913,0.6086956521739131
0.0,0,0,999,0.25,0.0,64,92,92,33,56,31,56,-2.7182056781255704e-05,-0.00011838099645150277,2.7167610649568826e-05,4.611168991788778e-05,-0.00015910714597909388,0.010869565217391304,0.607739812527564,0.3423051606152351,0.358695652173913,0.6086956521739131
0.0,0,0,999,0.25,0.25,64,92,92,33,56,31,56,-2.7182056781255704e-05,-0.00011838099645150277,2.7167610649568826e-05,4.611168991788778e-05,-0.00015910714597909388,0.010869565217391304,0.607739812527564,0.3423051606152351,0.358695652173913,0.6086956521739131
0.0,0,0,999,0.25,0.35,64,92,92,33,56,31,56,-2.7182056781255704e-05,-0.00011838099645150277,2.7167610649568826e-05,4.611168991788778e-05,-0.00015910714597909388,0.010869565217391304,0.607739812527564,0.3423051606152351,0.358695652173913,0.6086956521739131
0.0,0,1,0,0.25,0.0,64,92,92,33,56,31,56,-2.7182056781255704e-05,-0.00011838099645150277,2.7167610649568826e-05,4.611168991788778e-05,-0.00015910714597909388,0.010869565217391304,0.607739812527564,0.3423051606152351,0.358695652173913,0.6086956521739131
0.0,0,1,0,0.25,0.25,64,92,92,33,56,31,56,-2.7182056781255704e-05,-0.00011838099645150277,2.7167610649568826e-05,4.611168991788778e-05,-0.00015910714597909388,0.010869565217391304,0.607739812527564,0.3423051606152351,0.358695652173913,0.6086956521739131
0.0,0,1,0,0.25,0.35,64,92,92,33,56,31,56,-2.7182056781255704e-05,-0.00011838099645150277,2.7167610649568826e-05,4.611168991788778e-05,-0.00015910714597909388,0.010869565217391304,0.607739812527564,0.3423051606152351,0.358695652173913,0.6086956521739131
0.0,0,1,1,0.25,0.0,64,92,92,33,56,31,56,-2.7182056781255704e-05,-0.00011838099645150277,2.7167610649568826e-05,4.611168991788778e-05,-0.00015910714597909388,0.010869565217391304,0.607739812527564,0.3423051606152351,0.358695652173913,0.6086956521739131
0.0,0,1,1,0.25,0.25,64,92,92,33,56,31,56,-2.7182056781255704e-05,-0.00011838099645150277,2.7167610649568826e-05,4.611168991788778e-05,-0.00015910714597909388,0.010869565217391304,0.607739812527564,0.3423051606152351,0.358695652173913,0.6086956521739131
0.0,0,1,1,0.25,0.35,64,92,92,33,56,31,56,-2.7182056781255704e-05,-0.00011838099645150277,2.7167610649568826e-05,4.611168991788778e-05,-0.00015910714597909388,0.010869565217391304,0.607739812527564,0.3423051606152351,0.358695652173913,0.6086956521739131
0.0,0,1,999,0.25,0.0,64,92,92,33,56,31,56,-2.7182056781255704e-05,-0.00011838099645150277,2.7167610649568826e-05,4.611168991788778e-05,-0.00015910714597909388,0.010869565217391304,0.607739812527564,0.3423051606152351,0.358695652173913,0.6086956521739131
0.0,0,1,999,0.25,0.25,64,92,92,33,56,31,56,-2.7182056781255704e-05,-0.00011838099645150277,2.7167610649568826e-05,4.611168991788778e-05,-0.00015910714597909388,0.010869565217391304,0.607739812527564,0.3423051606152351,0.358695652173913,0.6086956521739131
0.0,0,1,999,0.25,0.35,64,92,92,33,56,31,56,-2.7182056781255704e-05,-0.00011838099645150277,2.7167610649568826e-05,4.611168991788778e-05,-0.00015910714597909388,0.010869565217391304,0.607739812527564,0.3423051606152351,0.358695652173913,0.6086956521739131
0.0,0,999,0,0.25,0.0,64,92,92,33,56,31,56,-2.7182056781255704e-05,-0.00011838099645150277,2.7167610649568826e-05,4.611168991788778e-05,-0.00015910714597909388,0.010869565217391304,0.607739812527564,0.3423051606152351,0.358695652173913,0.6086956521739131
0.0,0,999,0,0.25,0.25,64,92,92,33,56,31,56,-2.7182056781255704e-05,-0.00011838099645150277,2.7167610649568826e-05,4.611168991788778e-05,-0.00015910714597909388,0.010869565217391304,0.607739812527564,0.3423051606152351,0.358695652173913,0.6086956521739131
0.0,0,999,0,0.25,0.35,64,92,92,33,56,31,56,-2.7182056781255704e-05,-0.00011838099645150277,2.7167610649568826e-05,4.611168991788778e-05,-0.00015910714597909388,0.010869565217391304,0.607739812527564,0.3423051606152351,0.358695652173913,0.6086956521739131
0.0,0,999,1,0.25,0.0,64,92,92,33,56,31,56,-2.7182056781255704e-05,-0.00011838099645150277,2.7167610649568826e-05,4.611168991788778e-05,-0.00015910714597909388,0.010869565217391304,0.607739812527564,0.3423051606152351,0.358695652173913,0.6086956521739131
0.0,0,999,1,0.25,0.25,64,92,92,33,56,31,56,-2.7182056781255704e-05,-0.00011838099645150277,2.7167610649568826e-05,4.611168991788778e-05,-0.00015910714597909388,0.010869565217391304,0.607739812527564,0.3423051606152351,0.358695652173913,0.6086956521739131
0.0,0,999,1,0.25,0.35,64,92,92,33,56,31,56,-2.7182056781255704e-05,-0.00011838099645150277,2.7167610649568826e-05,4.611168991788778e-05,-0.00015910714597909388,0.010869565217391304,0.607739812527564,0.3423051606152351,0.358695652173913,0.6086956521739131
0.0,0,999,999,0.25,0.0,64,92,92,33,56,31,56,-2.7182056781255704e-05,-0.00011838099645150277,2.7167610649568826e-05,4.611168991788778e-05,-0.00015910714597909388,0.010869565217391304,0.607739812527564,0.3423051606152351,0.358695652173913,0.6086956521739131
0.0,0,999,999,0.25,0.25,64,92,92,33,56,31,56,-2.7182056781255704e-05,-0.00011838099645150277,2.7167610649568826e-05,4.611168991788778e-05,-0.00015910714597909388,0.010869565217391304,0.607739812527564,0.3423051606152351,0.358695652173913,0.6086956521739131
0.0,0,999,999,0.25,0.35,64,92,92,33,56,31,56,-2.7182056781255704e-05,-0.00011838099645150277,2.7167610649568826e-05,4.611168991788778e-05,-0.00015910714597909388,0.010869565217391304,0.607739812527564,0.3423051606152351,0.358695652173913,0.6086956521739131
0.0,1,0,0,0.25,0.0,64,92,92,33,56,31,56,-2.7182056781255704e-05,-0.00011838099645150277,2.7167610649568826e-05,4.611168991788778e-05,-0.00015910714597909388,0.010869565217391304,0.607739812527564,0.3423051606152351,0.358695652173913,0.6086956521739131
0.0,1,0,0,0.25,0.25,64,92,92,33,56,31,56,-2.7182056781255704e-05,-0.00011838099645150277,2.7167610649568826e-05,4.611168991788778e-05,-0.00015910714597909388,0.010869565217391304,0.607739812527564,0.3423051606152351,0.358695652173913,0.6086956521739131
0.0,1,0,0,0.25,0.35,64,92,92,33,56,31,56,-2.7182056781255704e-05,-0.00011838099645150277,2.7167610649568826e-05,4.611168991788778e-05,-0.00015910714597909388,0.010869565217391304,0.607739812527564,0.3423051606152351,0.358695652173913,0.6086956521739131
0.0,1,0,1,0.25,0.0,64,92,92,33,56,31,56,-2.7182056781255704e-05,-0.00011838099645150277,2.7167610649568826e-05,4.611168991788778e-05,-0.00015910714597909388,0.010869565217391304,0.607739812527564,0.3423051606152351,0.358695652173913,0.6086956521739131
0.0,1,0,1,0.25,0.25,64,92,92,33,56,31,56,-2.7182056781255704e-05,-0.00011838099645150277,2.7167610649568826e-05,4.611168991788778e-05,-0.00015910714597909388,0.010869565217391304,0.607739812527564,0.3423051606152351,0.358695652173913,0.6086956521739131
0.0,1,0,1,0.25,0.35,64,92,92,33,56,31,56,-2.7182056781255704e-05,-0.00011838099645150277,2.7167610649568826e-05,4.611168991788778e-05,-0.00015910714597909388,0.010869565217391304,0.607739812527564,0.3423051606152351,0.358695652173913,0.6086956521739131
0.0,1,0,999,0.25,0.0,64,92,92,33,56,31,56,-2.7182056781255704e-05,-0.00011838099645150277,2.7167610649568826e-05,4.611168991788778e-05,-0.00015910714597909388,0.010869565217391304,0.607739812527564,0.3423051606152351,0.358695652173913,0.6086956521739131
0.0,1,0,999,0.25,0.25,64,92,92,33,56,31,56,-2.7182056781255704e-05,-0.00011838099645150277,2.7167610649568826e-05,4.611168991788778e-05,-0.00015910714597909388,0.010869565217391304,0.607739812527564,0.3423051606152351,0.358695652173913,0.6086956521739131
0.0,1,0,999,0.25,0.35,64,92,92,33,56,31,56,-2.7182056781255704e-05,-0.00011838099645150277,2.7167610649568826e-05,4.611168991788778e-05,-0.00015910714597909388,0.010869565217391304,0.607739812527564,0.3423051606152351,0.358695652173913,0.6086956521739131
0.0,1,1,0,0.25,0.0,64,92,92,33,56,31,56,-2.7182056781255704e-05,-0.00011838099645150277,2.7167610649568826e-05,4.611168991788778e-05,-0.00015910714597909388,0.010869565217391304,0.607739812527564,0.3423051606152351,0.358695652173913,0.6086956521739131
0.0,1,1,0,0.25,0.25,64,92,92,33,56,31,56,-2.7182056781255704e-05,-0.00011838099645150277,2.7167610649568826e-05,4.611168991788778e-05,-0.00015910714597909388,0.010869565217391304,0.607739812527564,0.3423051606152351,0.358695652173913,0.6086956521739131
0.0,1,1,0,0.25,0.35,64,92,92,33,56,31,56,-2.7182056781255704e-05,-0.00011838099645150277,2.7167610649568826e-05,4.611168991788778e-05,-0.00015910714597909388,0.010869565217391304,0.607739812527564,0.3423051606152351,0.358695652173913,0.6086956521739131
0.0,1,1,1,0.25,0.0,64,92,92,33,56,31,56,-2.7182056781255704e-05,-0.00011838099645150277,2.7167610649568826e-05,4.611168991788778e-05,-0.00015910714597909388,0.010869565217391304,0.607739812527564,0.3423051606152351,0.358695652173913,0.6086956521739131
0.0,1,1,1,0.25,0.25,64,92,92,33,56,31,56,-2.7182056781255704e-05,-0.00011838099645150277,2.7167610649568826e-05,4.611168991788778e-05,-0.00015910714597909388,0.010869565217391304,0.607739812527564,0.3423051606152351,0.358695652173913,0.6086956521739131
0.0,1,1,1,0.25,0.35,64,92,92,33,56,31,56,-2.7182056781255704e-05,-0.00011838099645150277,2.7167610649568826e-05,4.611168991788778e-05,-0.00015910714597909388,0.010869565217391304,0.607739812527564,0.3423051606152351,0.358695652173913,0.6086956521739131
0.0,1,1,999,0.25,0.0,64,92,92,33,56,31,56,-2.7182056781255704e-05,-0.00011838099645150277,2.7167610649568826e-05,4.611168991788778e-05,-0.00015910714597909388,0.010869565217391304,0.607739812527564,0.3423051606152351,0.358695652173913,0.6086956521739131
0.0,1,1,999,0.25,0.25,64,92,92,33,56,31,56,-2.7182056781255704e-05,-0.00011838099645150277,2.7167610649568826e-05,4.611168991788778e-05,-0.00015910714597909388,0.010869565217391304,0.607739812527564,0.3423051606152351,0.358695652173913,0.6086956521739131
0.0,1,1,999,0.25,0.35,64,92,92,33,56,31,56,-2.7182056781255704e-05,-0.00011838099645150277,2.7167610649568826e-05,4.611168991788778e-05,-0.00015910714597909388,0.010869565217391304,0.607739812527564,0.3423051606152351,0.358695652173913,0.6086956521739131
0.0,1,999,0,0.25,0.0,64,92,92,33,56,31,56,-2.7182056781255704e-05,-0.00011838099645150277,2.7167610649568826e-05,4.611168991788778e-05,-0.00015910714597909388,0.010869565217391304,0.607739812527564,0.3423051606152351,0.358695652173913,0.6086956521739131
0.0,1,999,0,0.25,0.25,64,92,92,33,56,31,56,-2.7182056781255704e-05,-0.00011838099645150277,2.7167610649568826e-05,4.611168991788778e-05,-0.00015910714597909388,0.010869565217391304,0.607739812527564,0.3423051606152351,0.358695652173913,0.6086956521739131
0.0,1,999,0,0.25,0.35,64,92,92,33,56,31,56,-2.7182056781255704e-05,-0.00011838099645150277,2.7167610649568826e-05,4.611168991788778e-05,-0.00015910714597909388,0.010869565217391304,0.607739812527564,0.3423051606152351,0.358695652173913,0.6086956521739131
0.0,1,999,1,0.25,0.0,64,92,92,33,56,31,56,-2.7182056781255704e-05,-0.00011838099645150277,2.7167610649568826e-05,4.611168991788778e-05,-0.00015910714597909388,0.010869565217391304,0.607739812527564,0.3423051606152351,0.358695652173913,0.6086956521739131
0.0,1,999,1,0.25,0.25,64,92,92,33,56,31,56,-2.7182056781255704e-05,-0.00011838099645150277,2.7167610649568826e-05,4.611168991788778e-05,-0.00015910714597909388,0.010869565217391304,0.607739812527564,0.3423051606152351,0.358695652173913,0.6086956521739131
0.0,1,999,1,0.25,0.35,64,92,92,33,56,31,56,-2.7182056781255704e-05,-0.00011838099645150277,2.7167610649568826e-05,4.611168991788778e-05,-0.00015910714597909388,0.010869565217391304,0.607739812527564,0.3423051606152351,0.358695652173913,0.6086956521739131
0.0,1,999,999,0.25,0.0,64,92,92,33,56,31,56,-2.7182056781255704e-05,-0.00011838099645150277,2.7167610649568826e-05,4.611168991788778e-05,-0.00015910714597909388,0.010869565217391304,0.607739812527564,0.3423051606152351,0.358695652173913,0.6086956521739131
0.0,1,999,999,0.25,0.25,64,92,92,33,56,31,56,-2.7182056781255704e-05,-0.00011838099645150277,2.7167610649568826e-05,4.611168991788778e-05,-0.00015910714597909388,0.010869565217391304,0.607739812527564,0.3423051606152351,0.358695652173913,0.6086956521739131
0.0,1,999,999,0.25,0.35,64,92,92,33,56,31,56,-2.7182056781255704e-05,-0.00011838099645150277,2.7167610649568826e-05,4.611168991788778e-05,-0.00015910714597909388,0.010869565217391304,0.607739812527564,0.3423051606152351,0.358695652173913,0.6086956521739131
0.0,0,0,0,0.25,0.0,128,92,92,33,56,31,56,-3.082966337467095e-05,-0.00012527094333001184,1.7558795003337474e-05,3.207805769579171e-05,-0.00015910714597909388,0.010869565217391304,0.6102398125275641,0.3398051606152351,0.358695652173913,0.6086956521739131
0.0,0,0,0,0.25,0.0,999999,92,92,33,56,31,56,-3.082966337467095e-05,-0.00012527094333001184,1.7558795003337474e-05,3.207805769579171e-05,-0.00015910714597909388,0.010869565217391304,0.6102398125275641,0.3398051606152351,0.358695652173913,0.6086956521739131
0.0,0,0,0,0.25,0.25,128,92,92,33,56,31,56,-3.082966337467095e-05,-0.00012527094333001184,1.7558795003337474e-05,3.207805769579171e-05,-0.00015910714597909388,0.010869565217391304,0.6102398125275641,0.3398051606152351,0.358695652173913,0.6086956521739131
0.0,0,0,0,0.25,0.25,999999,92,92,33,56,31,56,-3.082966337467095e-05,-0.00012527094333001184,1.7558795003337474e-05,3.207805769579171e-05,-0.00015910714597909388,0.010869565217391304,0.6102398125275641,0.3398051606152351,0.358695652173913,0.6086956521739131
0.0,0,0,0,0.25,0.35,128,92,92,33,56,31,56,-3.082966337467095e-05,-0.00012527094333001184,1.7558795003337474e-05,3.207805769579171e-05,-0.00015910714597909388,0.010869565217391304,0.6102398125275641,0.3398051606152351,0.358695652173913,0.6086956521739131
0.0,0,0,0,0.25,0.35,999999,92,92,33,56,31,56,-3.082966337467095e-05,-0.00012527094333001184,1.7558795003337474e-05,3.207805769579171e-05,-0.00015910714597909388,0.010869565217391304,0.6102398125275641,0.3398051606152351,0.358695652173913,0.6086956521739131
0.0,0,0,1,0.25,0.0,128,92,92,33,56,31,56,-3.082966337467095e-05,-0.00012527094333001184,1.7558795003337474e-05,3.207805769579171e-05,-0.00015910714597909388,0.010869565217391304,0.6102398125275641,0.3398051606152351,0.358695652173913,0.6086956521739131
0.0,0,0,1,0.25,0.0,999999,92,92,33,56,31,56,-3.082966337467095e-05,-0.00012527094333001184,1.7558795003337474e-05,3.207805769579171e-05,-0.00015910714597909388,0.010869565217391304,0.6102398125275641,0.3398051606152351,0.358695652173913,0.6086956521739131
0.0,0,0,1,0.25,0.25,128,92,92,33,56,31,56,-3.082966337467095e-05,-0.00012527094333001184,1.7558795003337474e-05,3.207805769579171e-05,-0.00015910714597909388,0.010869565217391304,0.6102398125275641,0.3398051606152351,0.358695652173913,0.6086956521739131
0.0,0,0,1,0.25,0.25,999999,92,92,33,56,31,56,-3.082966337467095e-05,-0.00012527094333001184,1.7558795003337474e-05,3.207805769579171e-05,-0.00015910714597909388,0.010869565217391304,0.6102398125275641,0.3398051606152351,0.358695652173913,0.6086956521739131
0.0,0,0,1,0.25,0.35,128,92,92,33,56,31,56,-3.082966337467095e-05,-0.00012527094333001184,1.7558795003337474e-05,3.207805769579171e-05,-0.00015910714597909388,0.010869565217391304,0.6102398125275641,0.3398051606152351,0.358695652173913,0.6086956521739131
0.0,0,0,1,0.25,0.35,999999,92,92,33,56,31,56,-3.082966337467095e-05,-0.00012527094333001184,1.7558795003337474e-05,3.207805769579171e-05,-0.00015910714597909388,0.010869565217391304,0.6102398125275641,0.3398051606152351,0.358695652173913,0.6086956521739131
0.0,0,0,999,0.25,0.0,128,92,92,33,56,31,56,-3.082966337467095e-05,-0.00012527094333001184,1.7558795003337474e-05,3.207805769579171e-05,-0.00015910714597909388,0.010869565217391304,0.6102398125275641,0.3398051606152351,0.358695652173913,0.6086956521739131
0.0,0,0,999,0.25,0.0,999999,92,92,33,56,31,56,-3.082966337467095e-05,-0.00012527094333001184,1.7558795003337474e-05,3.207805769579171e-05,-0.00015910714597909388,0.010869565217391304,0.6102398125275641,0.3398051606152351,0.358695652173913,0.6086956521739131
0.0,0,0,999,0.25,0.25,128,92,92,33,56,31,56,-3.082966337467095e-05,-0.00012527094333001184,1.7558795003337474e-05,3.207805769579171e-05,-0.00015910714597909388,0.010869565217391304,0.6102398125275641,0.3398051606152351,0.358695652173913,0.6086956521739131
0.0,0,0,999,0.25,0.25,999999,92,92,33,56,31,56,-3.082966337467095e-05,-0.00012527094333001184,1.7558795003337474e-05,3.207805769579171e-05,-0.00015910714597909388,0.010869565217391304,0.6102398125275641,0.3398051606152351,0.358695652173913,0.6086956521739131
0.0,0,0,999,0.25,0.35,128,92,92,33,56,31,56,-3.082966337467095e-05,-0.00012527094333001184,1.7558795003337474e-05,3.207805769579171e-05,-0.00015910714597909388,0.010869565217391304,0.6102398125275641,0.3398051606152351,0.358695652173913,0.6086956521739131
0.0,0,0,999,0.25,0.35,999999,92,92,33,56,31,56,-3.082966337467095e-05,-0.00012527094333001184,1.7558795003337474e-05,3.207805769579171e-05,-0.00015910714597909388,0.010869565217391304,0.6102398125275641,0.3398051606152351,0.358695652173913,0.6086956521739131
0.0,0,1,0,0.25,0.0,128,92,92,33,56,31,56,-3.082966337467095e-05,-0.00012527094333001184,1.7558795003337474e-05,3.207805769579171e-05,-0.00015910714597909388,0.010869565217391304,0.6102398125275641,0.3398051606152351,0.358695652173913,0.6086956521739131
0.0,0,1,0,0.25,0.0,999999,92,92,33,56,31,56,-3.082966337467095e-05,-0.00012527094333001184,1.7558795003337474e-05,3.207805769579171e-05,-0.00015910714597909388,0.010869565217391304,0.6102398125275641,0.3398051606152351,0.358695652173913,0.6086956521739131
0.0,0,1,0,0.25,0.25,128,92,92,33,56,31,56,-3.082966337467095e-05,-0.00012527094333001184,1.7558795003337474e-05,3.207805769579171e-05,-0.00015910714597909388,0.010869565217391304,0.6102398125275641,0.3398051606152351,0.358695652173913,0.6086956521739131
0.0,0,1,0,0.25,0.25,999999,92,92,33,56,31,56,-3.082966337467095e-05,-0.00012527094333001184,1.7558795003337474e-05,3.207805769579171e-05,-0.00015910714597909388,0.010869565217391304,0.6102398125275641,0.3398051606152351,0.358695652173913,0.6086956521739131
0.0,0,1,0,0.25,0.35,128,92,92,33,56,31,56,-3.082966337467095e-05,-0.00012527094333001184,1.7558795003337474e-05,3.207805769579171e-05,-0.00015910714597909388,0.010869565217391304,0.6102398125275641,0.3398051606152351,0.358695652173913,0.6086956521739131
0.0,0,1,0,0.25,0.35,999999,92,92,33,56,31,56,-3.082966337467095e-05,-0.00012527094333001184,1.7558795003337474e-05,3.207805769579171e-05,-0.00015910714597909388,0.010869565217391304,0.6102398125275641,0.3398051606152351,0.358695652173913,0.6086956521739131
0.0,0,1,1,0.25,0.0,128,92,92,33,56,31,56,-3.082966337467095e-05,-0.00012527094333001184,1.7558795003337474e-05,3.207805769579171e-05,-0.00015910714597909388,0.010869565217391304,0.6102398125275641,0.3398051606152351,0.358695652173913,0.6086956521739131
0.0,0,1,1,0.25,0.0,999999,92,92,33,56,31,56,-3.082966337467095e-05,-0.00012527094333001184,1.7558795003337474e-05,3.207805769579171e-05,-0.00015910714597909388,0.010869565217391304,0.6102398125275641,0.3398051606152351,0.358695652173913,0.6086956521739131
0.0,0,1,1,0.25,0.25,128,92,92,33,56,31,56,-3.082966337467095e-05,-0.00012527094333001184,1.7558795003337474e-05,3.207805769579171e-05,-0.00015910714597909388,0.010869565217391304,0.6102398125275641,0.3398051606152351,0.358695652173913,0.6086956521739131
0.0,0,1,1,0.25,0.25,999999,92,92,33,56,31,56,-3.082966337467095e-05,-0.00012527094333001184,1.7558795003337474e-05,3.207805769579171e-05,-0.00015910714597909388,0.010869565217391304,0.6102398125275641,0.3398051606152351,0.358695652173913,0.6086956521739131
0.0,0,1,1,0.25,0.35,128,92,92,33,56,31,56,-3.082966337467095e-05,-0.00012527094333001184,1.7558795003337474e-05,3.207805769579171e-05,-0.00015910714597909388,0.010869565217391304,0.6102398125275641,0.3398051606152351,0.358695652173913,0.6086956521739131
0.0,0,1,1,0.25,0.35,999999,92,92,33,56,31,56,-3.082966337467095e-05,-0.00012527094333001184,1.7558795003337474e-05,3.207805769579171e-05,-0.00015910714597909388,0.010869565217391304,0.6102398125275641,0.3398051606152351,0.358695652173913,0.6086956521739131
0.0,0,1,999,0.25,0.0,128,92,92,33,56,31,56,-3.082966337467095e-05,-0.00012527094333001184,1.7558795003337474e-05,3.207805769579171e-05,-0.00015910714597909388,0.010869565217391304,0.6102398125275641,0.3398051606152351,0.358695652173913,0.6086956521739131
0.0,0,1,999,0.25,0.0,999999,92,92,33,56,31,56,-3.082966337467095e-05,-0.00012527094333001184,1.7558795003337474e-05,3.207805769579171e-05,-0.00015910714597909388,0.010869565217391304,0.6102398125275641,0.3398051606152351,0.358695652173913,0.6086956521739131
0.0,0,1,999,0.25,0.25,128,92,92,33,56,31,56,-3.082966337467095e-05,-0.00012527094333001184,1.7558795003337474e-05,3.207805769579171e-05,-0.00015910714597909388,0.010869565217391304,0.6102398125275641,0.3398051606152351,0.358695652173913,0.6086956521739131
0.0,0,1,999,0.25,0.25,999999,92,92,33,56,31,56,-3.082966337467095e-05,-0.00012527094333001184,1.7558795003337474e-05,3.207805769579171e-05,-0.00015910714597909388,0.010869565217391304,0.6102398125275641,0.3398051606152351,0.358695652173913,0.6086956521739131
0.0,0,1,999,0.25,0.35,128,92,92,33,56,31,56,-3.082966337467095e-05,-0.00012527094333001184,1.7558795003337474e-05,3.207805769579171e-05,-0.00015910714597909388,0.010869565217391304,0.6102398125275641,0.3398051606152351,0.358695652173913,0.6086956521739131
0.0,0,1,999,0.25,0.35,999999,92,92,33,56,31,56,-3.082966337467095e-05,-0.00012527094333001184,1.7558795003337474e-05,3.207805769579171e-05,-0.00015910714597909388,0.010869565217391304,0.6102398125275641,0.3398051606152351,0.358695652173913,0.6086956521739131
0.0,0,999,0,0.25,0.0,128,92,92,33,56,31,56,-3.082966337467095e-05,-0.00012527094333001184,1.7558795003337474e-05,3.207805769579171e-05,-0.00015910714597909388,0.010869565217391304,0.6102398125275641,0.3398051606152351,0.358695652173913,0.6086956521739131
0.0,0,999,0,0.25,0.0,999999,92,92,33,56,31,56,-3.082966337467095e-05,-0.00012527094333001184,1.7558795003337474e-05,3.207805769579171e-05,-0.00015910714597909388,0.010869565217391304,0.6102398125275641,0.3398051606152351,0.358695652173913,0.6086956521739131
0.0,0,999,0,0.25,0.25,128,92,92,33,56,31,56,-3.082966337467095e-05,-0.00012527094333001184,1.7558795003337474e-05,3.207805769579171e-05,-0.00015910714597909388,0.010869565217391304,0.6102398125275641,0.3398051606152351,0.358695652173913,0.6086956521739131
0.0,0,999,0,0.25,0.25,999999,92,92,33,56,31,56,-3.082966337467095e-05,-0.00012527094333001184,1.7558795003337474e-05,3.207805769579171e-05,-0.00015910714597909388,0.010869565217391304,0.6102398125275641,0.3398051606152351,0.358695652173913,0.6086956521739131
0.0,0,999,0,0.25,0.35,128,92,92,33,56,31,56,-3.082966337467095e-05,-0.00012527094333001184,1.7558795003337474e-05,3.207805769579171e-05,-0.00015910714597909388,0.010869565217391304,0.6102398125275641,0.3398051606152351,0.358695652173913,0.6086956521739131
0.0,0,999,0,0.25,0.35,999999,92,92,33,56,31,56,-3.082966337467095e-05,-0.00012527094333001184,1.7558795003337474e-05,3.207805769579171e-05,-0.00015910714597909388,0.010869565217391304,0.6102398125275641,0.3398051606152351,0.358695652173913,0.6086956521739131
0.0,0,999,1,0.25,0.0,128,92,92,33,56,31,56,-3.082966337467095e-05,-0.00012527094333001184,1.7558795003337474e-05,3.207805769579171e-05,-0.00015910714597909388,0.010869565217391304,0.6102398125275641,0.3398051606152351,0.358695652173913,0.6086956521739131
0.0,0,999,1,0.25,0.0,999999,92,92,33,56,31,56,-3.082966337467095e-05,-0.00012527094333001184,1.7558795003337474e-05,3.207805769579171e-05,-0.00015910714597909388,0.010869565217391304,0.6102398125275641,0.3398051606152351,0.358695652173913,0.6086956521739131
0.0,0,999,1,0.25,0.25,128,92,92,33,56,31,56,-3.082966337467095e-05,-0.00012527094333001184,1.7558795003337474e-05,3.207805769579171e-05,-0.00015910714597909388,0.010869565217391304,0.6102398125275641,0.3398051606152351,0.358695652173913,0.6086956521739131
0.0,0,999,1,0.25,0.25,999999,92,92,33,56,31,56,-3.082966337467095e-05,-0.00012527094333001184,1.7558795003337474e-05,3.207805769579171e-05,-0.00015910714597909388,0.010869565217391304,0.6102398125275641,0.3398051606152351,0.358695652173913,0.6086956521739131
0.0,0,999,1,0.25,0.35,128,92,92,33,56,31,56,-3.082966337467095e-05,-0.00012527094333001184,1.7558795003337474e-05,3.207805769579171e-05,-0.00015910714597909388,0.010869565217391304,0.6102398125275641,0.3398051606152351,0.358695652173913,0.6086956521739131
0.0,0,999,1,0.25,0.35,999999,92,92,33,56,31,56,-3.082966337467095e-05,-0.00012527094333001184,1.7558795003337474e-05,3.207805769579171e-05,-0.00015910714597909388,0.010869565217391304,0.6102398125275641,0.3398051606152351,0.358695652173913,0.6086956521739131
0.0,0,999,999,0.25,0.0,128,92,92,33,56,31,56,-3.082966337467095e-05,-0.00012527094333001184,1.7558795003337474e-05,3.207805769579171e-05,-0.00015910714597909388,0.010869565217391304,0.6102398125275641,0.3398051606152351,0.358695652173913,0.6086956521739131
0.0,0,999,999,0.25,0.0,999999,92,92,33,56,31,56,-3.082966337467095e-05,-0.00012527094333001184,1.7558795003337474e-05,3.207805769579171e-05,-0.00015910714597909388,0.010869565217391304,0.6102398125275641,0.3398051606152351,0.358695652173913,0.6086956521739131
0.0,0,999,999,0.25,0.25,128,92,92,33,56,31,56,-3.082966337467095e-05,-0.00012527094333001184,1.7558795003337474e-05,3.207805769579171e-05,-0.00015910714597909388,0.010869565217391304,0.6102398125275641,0.3398051606152351,0.358695652173913,0.6086956521739131
0.0,0,999,999,0.25,0.25,999999,92,92,33,56,31,56,-3.082966337467095e-05,-0.00012527094333001184,1.7558795003337474e-05,3.207805769579171e-05,-0.00015910714597909388,0.010869565217391304,0.6102398125275641,0.3398051606152351,0.358695652173913,0.6086956521739131
0.0,0,999,999,0.25,0.35,128,92,92,33,56,31,56,-3.082966337467095e-05,-0.00012527094333001184,1.7558795003337474e-05,3.207805769579171e-05,-0.00015910714597909388,0.010869565217391304,0.6102398125275641,0.3398051606152351,0.358695652173913,0.6086956521739131
0.0,0,999,999,0.25,0.35,999999,92,92,33,56,31,56,-3.082966337467095e-05,-0.00012527094333001184,1.7558795003337474e-05,3.207805769579171e-05,-0.00015910714597909388,0.010869565217391304,0.6102398125275641,0.3398051606152351,0.358695652173913,0.6086956521739131
0.0,1,0,0,0.25,0.0,128,92,92,33,56,31,56,-3.082966337467095e-05,-0.00012527094333001184,1.7558795003337474e-05,3.207805769579171e-05,-0.00015910714597909388,0.010869565217391304,0.6102398125275641,0.3398051606152351,0.358695652173913,0.6086956521739131
0.0,1,0,0,0.25,0.0,999999,92,92,33,56,31,56,-3.082966337467095e-05,-0.00012527094333001184,1.7558795003337474e-05,3.207805769579171e-05,-0.00015910714597909388,0.010869565217391304,0.6102398125275641,0.3398051606152351,0.358695652173913,0.6086956521739131
0.0,1,0,0,0.25,0.25,128,92,92,33,56,31,56,-3.082966337467095e-05,-0.00012527094333001184,1.7558795003337474e-05,3.207805769579171e-05,-0.00015910714597909388,0.010869565217391304,0.6102398125275641,0.3398051606152351,0.358695652173913,0.6086956521739131
0.0,1,0,0,0.25,0.25,999999,92,92,33,56,31,56,-3.082966337467095e-05,-0.00012527094333001184,1.7558795003337474e-05,3.207805769579171e-05,-0.00015910714597909388,0.010869565217391304,0.6102398125275641,0.3398051606152351,0.358695652173913,0.6086956521739131
0.0,1,0,0,0.25,0.35,128,92,92,33,56,31,56,-3.082966337467095e-05,-0.00012527094333001184,1.7558795003337474e-05,3.207805769579171e-05,-0.00015910714597909388,0.010869565217391304,0.6102398125275641,0.3398051606152351,0.358695652173913,0.6086956521739131
0.0,1,0,0,0.25,0.35,999999,92,92,33,56,31,56,-3.082966337467095e-05,-0.00012527094333001184,1.7558795003337474e-05,3.207805769579171e-05,-0.00015910714597909388,0.010869565217391304,0.6102398125275641,0.3398051606152351,0.358695652173913,0.6086956521739131
0.0,1,0,1,0.25,0.0,128,92,92,33,56,31,56,-3.082966337467095e-05,-0.00012527094333001184,1.7558795003337474e-05,3.207805769579171e-05,-0.00015910714597909388,0.010869565217391304,0.6102398125275641,0.3398051606152351,0.358695652173913,0.6086956521739131
0.0,1,0,1,0.25,0.0,999999,92,92,33,56,31,56,-3.082966337467095e-05,-0.00012527094333001184,1.7558795003337474e-05,3.207805769579171e-05,-0.00015910714597909388,0.010869565217391304,0.6102398125275641,0.3398051606152351,0.358695652173913,0.6086956521739131
0.0,1,0,1,0.25,0.25,128,92,92,33,56,31,56,-3.082966337467095e-05,-0.00012527094333001184,1.7558795003337474e-05,3.207805769579171e-05,-0.00015910714597909388,0.010869565217391304,0.6102398125275641,0.3398051606152351,0.358695652173913,0.6086956521739131
0.0,1,0,1,0.25,0.25,999999,92,92,33,56,31,56,-3.082966337467095e-05,-0.00012527094333001184,1.7558795003337474e-05,3.207805769579171e-05,-0.00015910714597909388,0.010869565217391304,0.6102398125275641,0.3398051606152351,0.358695652173913,0.6086956521739131
0.0,1,0,1,0.25,0.35,128,92,92,33,56,31,56,-3.082966337467095e-05,-0.00012527094333001184,1.7558795003337474e-05,3.207805769579171e-05,-0.00015910714597909388,0.010869565217391304,0.6102398125275641,0.3398051606152351,0.358695652173913,0.6086956521739131
0.0,1,0,1,0.25,0.35,999999,92,92,33,56,31,56,-3.082966337467095e-05,-0.00012527094333001184,1.7558795003337474e-05,3.207805769579171e-05,-0.00015910714597909388,0.010869565217391304,0.6102398125275641,0.3398051606152351,0.358695652173913,0.6086956521739131
0.0,1,0,999,0.25,0.0,128,92,92,33,56,31,56,-3.082966337467095e-05,-0.00012527094333001184,1.7558795003337474e-05,3.207805769579171e-05,-0.00015910714597909388,0.010869565217391304,0.6102398125275641,0.3398051606152351,0.358695652173913,0.6086956521739131
0.0,1,0,999,0.25,0.0,999999,92,92,33,56,31,56,-3.082966337467095e-05,-0.00012527094333001184,1.7558795003337474e-05,3.207805769579171e-05,-0.00015910714597909388,0.010869565217391304,0.6102398125275641,0.3398051606152351,0.358695652173913,0.6086956521739131
0.0,1,0,999,0.25,0.25,128,92,92,33,56,31,56,-3.082966337467095e-05,-0.00012527094333001184,1.7558795003337474e-05,3.207805769579171e-05,-0.00015910714597909388,0.010869565217391304,0.6102398125275641,0.3398051606152351,0.358695652173913,0.6086956521739131
0.0,1,0,999,0.25,0.25,999999,92,92,33,56,31,56,-3.082966337467095e-05,-0.00012527094333001184,1.7558795003337474e-05,3.207805769579171e-05,-0.00015910714597909388,0.010869565217391304,0.6102398125275641,0.3398051606152351,0.358695652173913,0.6086956521739131
0.0,1,0,999,0.25,0.35,128,92,92,33,56,31,56,-3.082966337467095e-05,-0.00012527094333001184,1.7558795003337474e-05,3.207805769579171e-05,-0.00015910714597909388,0.010869565217391304,0.6102398125275641,0.3398051606152351,0.358695652173913,0.6086956521739131
0.0,1,0,999,0.25,0.35,999999,92,92,33,56,31,56,-3.082966337467095e-05,-0.00012527094333001184,1.7558795003337474e-05,3.207805769579171e-05,-0.00015910714597909388,0.010869565217391304,0.6102398125275641,0.3398051606152351,0.358695652173913,0.6086956521739131
0.0,1,1,0,0.25,0.0,128,92,92,33,56,31,56,-3.082966337467095e-05,-0.00012527094333001184,1.7558795003337474e-05,3.207805769579171e-05,-0.00015910714597909388,0.010869565217391304,0.6102398125275641,0.3398051606152351,0.358695652173913,0.6086956521739131
0.0,1,1,0,0.25,0.0,999999,92,92,33,56,31,56,-3.082966337467095e-05,-0.00012527094333001184,1.7558795003337474e-05,3.207805769579171e-05,-0.00015910714597909388,0.010869565217391304,0.6102398125275641,0.3398051606152351,0.358695652173913,0.6086956521739131
0.0,1,1,0,0.25,0.25,128,92,92,33,56,31,56,-3.082966337467095e-05,-0.00012527094333001184,1.7558795003337474e-05,3.207805769579171e-05,-0.00015910714597909388,0.010869565217391304,0.6102398125275641,0.3398051606152351,0.358695652173913,0.6086956521739131
0.0,1,1,0,0.25,0.25,999999,92,92,33,56,31,56,-3.082966337467095e-05,-0.00012527094333001184,1.7558795003337474e-05,3.207805769579171e-05,-0.00015910714597909388,0.010869565217391304,0.6102398125275641,0.3398051606152351,0.358695652173913,0.6086956521739131
0.0,1,1,0,0.25,0.35,128,92,92,33,56,31,56,-3.082966337467095e-05,-0.00012527094333001184,1.7558795003337474e-05,3.207805769579171e-05,-0.00015910714597909388,0.010869565217391304,0.6102398125275641,0.3398051606152351,0.358695652173913,0.6086956521739131
0.0,1,1,0,0.25,0.35,999999,92,92,33,56,31,56,-3.082966337467095e-05,-0.00012527094333001184,1.7558795003337474e-05,3.207805769579171e-05,-0.00015910714597909388,0.010869565217391304,0.6102398125275641,0.3398051606152351,0.358695652173913,0.6086956521739131
0.0,1,1,1,0.25,0.0,128,92,92,33,56,31,56,-3.082966337467095e-05,-0.00012527094333001184,1.7558795003337474e-05,3.207805769579171e-05,-0.00015910714597909388,0.010869565217391304,0.6102398125275641,0.3398051606152351,0.358695652173913,0.6086956521739131
0.0,1,1,1,0.25,0.0,999999,92,92,33,56,31,56,-3.082966337467095e-05,-0.00012527094333001184,1.7558795003337474e-05,3.207805769579171e-05,-0.00015910714597909388,0.010869565217391304,0.6102398125275641,0.3398051606152351,0.358695652173913,0.6086956521739131
0.0,1,1,1,0.25,0.25,128,92,92,33,56,31,56,-3.082966337467095e-05,-0.00012527094333001184,1.7558795003337474e-05,3.207805769579171e-05,-0.00015910714597909388,0.010869565217391304,0.6102398125275641,0.3398051606152351,0.358695652173913,0.6086956521739131
0.0,1,1,1,0.25,0.25,999999,92,92,33,56,31,56,-3.082966337467095e-05,-0.00012527094333001184,1.7558795003337474e-05,3.207805769579171e-05,-0.00015910714597909388,0.010869565217391304,0.6102398125275641,0.3398051606152351,0.358695652173913,0.6086956521739131
0.0,1,1,1,0.25,0.35,128,92,92,33,56,31,56,-3.082966337467095e-05,-0.00012527094333001184,1.7558795003337474e-05,3.207805769579171e-05,-0.00015910714597909388,0.010869565217391304,0.6102398125275641,0.3398051606152351,0.358695652173913,0.6086956521739131
0.0,1,1,1,0.25,0.35,999999,92,92,33,56,31,56,-3.082966337467095e-05,-0.00012527094333001184,1.7558795003337474e-05,3.207805769579171e-05,-0.00015910714597909388,0.010869565217391304,0.6102398125275641,0.3398051606152351,0.358695652173913,0.6086956521739131
0.0,1,1,999,0.25,0.0,128,92,92,33,56,31,56,-3.082966337467095e-05,-0.00012527094333001184,1.7558795003337474e-05,3.207805769579171e-05,-0.00015910714597909388,0.010869565217391304,0.6102398125275641,0.3398051606152351,0.358695652173913,0.6086956521739131
0.0,1,1,999,0.25,0.0,999999,92,92,33,56,31,56,-3.082966337467095e-05,-0.00012527094333001184,1.7558795003337474e-05,3.207805769579171e-05,-0.00015910714597909388,0.010869565217391304,0.6102398125275641,0.3398051606152351,0.358695652173913,0.6086956521739131
0.0,1,1,999,0.25,0.25,128,92,92,33,56,31,56,-3.082966337467095e-05,-0.00012527094333001184,1.7558795003337474e-05,3.207805769579171e-05,-0.00015910714597909388,0.010869565217391304,0.6102398125275641,0.3398051606152351,0.358695652173913,0.6086956521739131
0.0,1,1,999,0.25,0.25,999999,92,92,33,56,31,56,-3.082966337467095e-05,-0.00012527094333001184,1.7558795003337474e-05,3.207805769579171e-05,-0.00015910714597909388,0.010869565217391304,0.6102398125275641,0.3398051606152351,0.358695652173913,0.6086956521739131
0.0,1,1,999,0.25,0.35,128,92,92,33,56,31,56,-3.082966337467095e-05,-0.00012527094333001184,1.7558795003337474e-05,3.207805769579171e-05,-0.00015910714597909388,0.010869565217391304,0.6102398125275641,0.3398051606152351,0.358695652173913,0.6086956521739131
0.0,1,1,999,0.25,0.35,999999,92,92,33,56,31,56,-3.082966337467095e-05,-0.00012527094333001184,1.7558795003337474e-05,3.207805769579171e-05,-0.00015910714597909388,0.010869565217391304,0.6102398125275641,0.3398051606152351,0.358695652173913,0.6086956521739131
0.0,1,999,0,0.25,0.0,128,92,92,33,56,31,56,-3.082966337467095e-05,-0.00012527094333001184,1.7558795003337474e-05,3.207805769579171e-05,-0.00015910714597909388,0.010869565217391304,0.6102398125275641,0.3398051606152351,0.358695652173913,0.6086956521739131
0.0,1,999,0,0.25,0.0,999999,92,92,33,56,31,56,-3.082966337467095e-05,-0.00012527094333001184,1.7558795003337474e-05,3.207805769579171e-05,-0.00015910714597909388,0.010869565217391304,0.6102398125275641,0.3398051606152351,0.358695652173913,0.6086956521739131
0.0,1,999,0,0.25,0.25,128,92,92,33,56,31,56,-3.082966337467095e-05,-0.00012527094333001184,1.7558795003337474e-05,3.207805769579171e-05,-0.00015910714597909388,0.010869565217391304,0.6102398125275641,0.3398051606152351,0.358695652173913,0.6086956521739131
0.0,1,999,0,0.25,0.25,999999,92,92,33,56,31,56,-3.082966337467095e-05,-0.00012527094333001184,1.7558795003337474e-05,3.207805769579171e-05,-0.00015910714597909388,0.010869565217391304,0.6102398125275641,0.3398051606152351,0.358695652173913,0.6086956521739131
0.0,1,999,0,0.25,0.35,128,92,92,33,56,31,56,-3.082966337467095e-05,-0.00012527094333001184,1.7558795003337474e-05,3.207805769579171e-05,-0.00015910714597909388,0.010869565217391304,0.6102398125275641,0.3398051606152351,0.358695652173913,0.6086956521739131
0.0,1,999,0,0.25,0.35,999999,92,92,33,56,31,56,-3.082966337467095e-05,-0.00012527094333001184,1.7558795003337474e-05,3.207805769579171e-05,-0.00015910714597909388,0.010869565217391304,0.6102398125275641,0.3398051606152351,0.358695652173913,0.6086956521739131
0.0,1,999,1,0.25,0.0,128,92,92,33,56,31,56,-3.082966337467095e-05,-0.00012527094333001184,1.7558795003337474e-05,3.207805769579171e-05,-0.00015910714597909388,0.010869565217391304,0.6102398125275641,0.3398051606152351,0.358695652173913,0.6086956521739131
0.0,1,999,1,0.25,0.0,999999,92,92,33,56,31,56,-3.082966337467095e-05,-0.00012527094333001184,1.7558795003337474e-05,3.207805769579171e-05,-0.00015910714597909388,0.010869565217391304,0.6102398125275641,0.3398051606152351,0.358695652173913,0.6086956521739131
0.0,1,999,1,0.25,0.25,128,92,92,33,56,31,56,-3.082966337467095e-05,-0.00012527094333001184,1.7558795003337474e-05,3.207805769579171e-05,-0.00015910714597909388,0.010869565217391304,0.6102398125275641,0.3398051606152351,0.358695652173913,0.6086956521739131
0.0,1,999,1,0.25,0.25,999999,92,92,33,56,31,56,-3.082966337467095e-05,-0.00012527094333001184,1.7558795003337474e-05,3.207805769579171e-05,-0.00015910714597909388,0.010869565217391304,0.6102398125275641,0.3398051606152351,0.358695652173913,0.6086956521739131
0.0,1,999,1,0.25,0.35,128,92,92,33,56,31,56,-3.082966337467095e-05,-0.00012527094333001184,1.7558795003337474e-05,3.207805769579171e-05,-0.00015910714597909388,0.010869565217391304,0.6102398125275641,0.3398051606152351,0.358695652173913,0.6086956521739131
0.0,1,999,1,0.25,0.35,999999,92,92,33,56,31,56,-3.082966337467095e-05,-0.00012527094333001184,1.7558795003337474e-05,3.207805769579171e-05,-0.00015910714597909388,0.010869565217391304,0.6102398125275641,0.3398051606152351,0.358695652173913,0.6086956521739131
0.0,1,999,999,0.25,0.0,128,92,92,33,56,31,56,-3.082966337467095e-05,-0.00012527094333001184,1.7558795003337474e-05,3.207805769579171e-05,-0.00015910714597909388,0.010869565217391304,0.6102398125275641,0.3398051606152351,0.358695652173913,0.6086956521739131
0.0,1,999,999,0.25,0.0,999999,92,92,33,56,31,56,-3.082966337467095e-05,-0.00012527094333001184,1.7558795003337474e-05,3.207805769579171e-05,-0.00015910714597909388,0.010869565217391304,0.6102398125275641,0.3398051606152351,0.358695652173913,0.6086956521739131
0.0,1,999,999,0.25,0.25,128,92,92,33,56,31,56,-3.082966337467095e-05,-0.00012527094333001184,1.7558795003337474e-05,3.207805769579171e-05,-0.00015910714597909388,0.010869565217391304,0.6102398125275641,0.3398051606152351,0.358695652173913,0.6086956521739131
0.0,1,999,999,0.25,0.25,999999,92,92,33,56,31,56,-3.082966337467095e-05,-0.00012527094333001184,1.7558795003337474e-05,3.207805769579171e-05,-0.00015910714597909388,0.010869565217391304,0.6102398125275641,0.3398051606152351,0.358695652173913,0.6086956521739131
0.0,1,999,999,0.25,0.35,128,92,92,33,56,31,56,-3.082966337467095e-05,-0.00012527094333001184,1.7558795003337474e-05,3.207805769579171e-05,-0.00015910714597909388,0.010869565217391304,0.6102398125275641,0.3398051606152351,0.358695652173913,0.6086956521739131
0.0,1,999,999,0.25,0.35,999999,92,92,33,56,31,56,-3.082966337467095e-05,-0.00012527094333001184,1.7558795003337474e-05,3.207805769579171e-05,-0.00015910714597909388,0.010869565217391304,0.6102398125275641,0.3398051606152351,0.358695652173913,0.6086956521739131
