accepted,action_frac,candidate_boundary_f1,candidate_boundary_iou,candidate_component_count_mae,candidate_component_delta_mean,candidate_dice,candidate_family,candidate_gap_region_fp_rate,candidate_iou,candidate_precision,candidate_recall,corridor_radius,cut_area,cut_gt_fg_frac,cut_gt_gap_frac,delta_boundary_f1,delta_boundary_iou,delta_component_count_mae,delta_component_delta_mean,delta_dice,delta_gap_region_fp_rate,delta_iou,delta_precision,delta_recall,dilate_radius,hard_risk,image,overerosion_proxy,pred_component_id,quick_useful,reject_reason,ridge_area,ridge_score,ridge_slenderness,safe_gap_positive,seam_prob_mean,seam_prob_p90
0.0,0.35,0.4375679922639913,0.2800557016865233,1.0,-1.0,0.9023224678777961,corridor,0.13818999068135723,0.8220287301802413,0.9052007163109984,0.8994624652455978,2.0,31.0,0.6129032258064516,0.3870967741935484,0.001191154362375768,0.000975135166904062,0.0,0.0,-0.00018635947771394878,-0.0006577865482650935,-0.0003093895705037486,0.00033766432664961155,-0.0007043558850787779,,0.0,10375.png,1.0,19.0,1.0,low_mean_prob,,,,0.0,0.30394092202186584,0.7280533909797668
0.0,0.25,0.43746223564954684,0.279969064191802,1.0,-1.0,0.9024798304643641,corridor,0.13840925286411226,0.822289972899729,0.9051045900294568,0.899870250231696,2.0,16.0,0.5,0.5,0.001085397747931316,0.0008884976721827975,0.0,0.0,-2.8996891145993686e-05,-0.00043852436551006235,-4.8146851015951064e-05,0.0002415380451079585,-0.0002965708989806082,,0.0,10375.png,0.0,19.0,1.0,low_mean_prob,,,,0.0,0.389475554227829,0.7904389500617981
0.0,0.35,0.4373639661426844,0.27988857076530216,1.0,-1.0,0.90255190231028,corridor,0.13857369950117854,0.8224096467161196,0.905024601162964,0.9000926784059314,1.0,7.0,0.2857142857142857,0.7142857142857143,0.0009871282410688909,0.0008080042456829473,0.0,0.0,4.307495476996159e-05,-0.00027407772844378897,7.152696537460201e-05,0.00016154917861521678,-7.414272474515204e-05,,0.0,10375.png,0.0,19.0,1.0,low_p90_prob,,,,0.0,0.4075758159160614,0.7872749090194702
0.0,0.5,0.4372998126548619,0.27983602753499887,1.0,-1.0,0.9024907063197026,corridor,0.13857369950117854,0.8223080310266572,0.9050139794967381,0.8999814643188138,1.0,10.0,0.5,0.5,0.000922974753246375,0.0007554610153796548,0.0,0.0,-1.812103580745017e-05,-0.00027407772844378897,-3.0088724087828922e-05,0.00015092751238932056,-0.0001853568118628246,,0.0,10375.png,0.0,19.0,1.0,recall_drop,,,,0.0,0.5610216856002808,0.9470368564128876
0.0,0.5,0.43714527231010747,0.2797094730335342,1.0,-1.0,0.9022408182240819,corridor,0.13818999068135723,0.8218932104621223,0.9051865671641791,0.8993141797961075,2.0,35.0,0.6571428571428571,0.34285714285714286,0.000768434408491947,0.0006289065139150063,0.0,0.0,-0.00026800913142821514,-0.0006577865482650935,-0.00044490928862273016,0.00032351517983031375,-0.000852641334569082,,1.0,10375.png,1.0,19.0,0.0,low_mean_prob,,,,0.0,0.37932559847831726,0.8605060815811161
0.0,0.25,0.4370388290794726,0.2796223202538503,1.0,-1.0,0.9025759209010148,corridor,0.1386285150468673,0.8224495325836607,0.9049979501323097,0.9001668211306766,1.0,4.0,0.0,1.0,0.0006619911778570908,0.0005417537342310985,0.0,0.0,6.709354550471502e-05,-0.00021926218275503118,0.0001114128329157138,0.0001348981479608602,0.0,,0.0,10375.png,0.0,19.0,1.0,low_mean_prob,,,,1.0,0.20320136845111847,0.3865504294633865
0.0,0.35,0.4368703625505218,0.2794844087681383,1.0,-1.0,0.9022553595002138,corridor,0.13840925286411226,0.8219173441734418,0.9050656520441659,0.8994624652455978,2.0,27.0,0.7037037037037037,0.2962962962962963,0.000493524648906285,0.0004038422485190818,0.0,0.0,-0.00025346785529622995,-0.00043852436551006235,-0.0004207755773032451,0.00020260005981709295,-0.0007043558850787779,,0.0,10375.png,1.0,19.0,1.0,recall_drop,,,,0.0,0.581384539604187,0.9325237035751344
0.0,0.25,0.43678577906765825,0.279415177535391,1.0,-1.0,0.9024943310657596,corridor,0.1386285150468673,0.8223140495867769,0.9049837849927312,0.9000185356811863,1.0,8.0,0.5,0.5,0.0004089411660427311,0.00033461101577181296,0.0,0.0,-1.4496289750476343e-05,-0.00021926218275503118,-2.407016396810402e-05,0.00012073300838244538,-0.0001482854494903041,,0.0,10375.png,0.0,19.0,1.0,low_mean_prob,,,,0.0,0.18468113243579865,0.38708719015121457
0.0,0.25,0.4366648527722353,0.2793162128712871,1.0,-1.0,0.9023311149942372,corridor,0.1386285150468673,0.822043083593009,0.9049554420373616,0.8997219647822058,2.0,16.0,0.75,0.25,0.0002880148706198016,0.00023564635166789527,0.0,0.0,-0.0001777123612728415,-0.00021926218275503118,-0.0002950361577359617,9.23900530127586e-05,-0.00044485634847080124,,0.0,10375.png,1.0,19.0,1.0,low_mean_prob,,,,0.0,0.19034874439239502,0.37522783875465393
0.0,0.35,0.43662737987307343,0.2792855485966133,1.0,-1.0,0.9023923267096678,corridor,0.1386285150468673,0.822144695840672,0.9049660726269481,0.8998331788693235,1.0,13.0,0.6923076923076923,0.3076923076923077,0.00025054197145790713,0.00020498207699409798,0.0,0.0,-0.00011650064584223241,-0.00021926218275503118,-0.00019342391007304283,0.0001030206425992608,-0.0003336422613531287,,0.0,10375.png,1.0,19.0,1.0,low_mean_prob,,,,0.0,0.28517434000968933,0.6768931150436404
0.0,0.5,0.4365017177988066,0.2791827293754819,1.0,-1.0,0.9020307966971658,corridor,0.13840925286411226,0.8215447154471545,0.9050266820912789,0.8990546802594995,2.0,38.0,0.7894736842105263,0.21052631578947367,0.00012487989719106585,0.00010216285586267526,0.0,0.0,-0.00047803065834428615,-0.00043852436551006235,-0.0007934043035905392,0.0001636301069301016,-0.0011121408711770586,,1.0,10375.png,1.0,19.0,0.0,recall_drop,,,,0.0,0.6958430409431458,0.9865159392356873
0.0,0.5,0.43620554314353,0.2789404587226813,1.0,-1.0,0.9023107095718774,corridor,0.1386285150468673,0.8220092128437881,0.9049518979789694,0.8996848934198332,1.0,17.0,0.7647058823529411,0.23529411764705882,-0.0001712947580855273,-0.00014010779693790498,0.0,0.0,-0.00019811778363265642,-0.00021926218275503118,-0.00032890690695686065,8.884599462055665e-05,-0.0004819277108434328,,1.0,10375.png,1.0,19.0,0.0,recall_drop,,,,0.0,0.45050811767578125,0.9870741486549377
0.0,0.2,0.42223900540289316,0.2676191177553575,1.0,-1.0,0.8992152696229193,prob_ridge,0.13884777722962233,0.8168856678406936,0.904288820574342,0.8941983317886932,,161.0,1.0,0.0,-0.014137832498722358,-0.011461448764261695,0.0,0.0,-0.0032935577325907683,0.0,-0.005452451910051392,-0.0005742314100067869,-0.005968489341983352,0.0,1.0,10375.png,1.0,19.0,0.0,dice_drop,362.0,1.0052781651604852,1.6037735849056605,0.0,0.9782261848449707,0.9842801094055176
0.0,0.2,0.2589874246178299,0.14875677997959294,3.0,-3.0,0.8523737314825616,prob_ridge,0.36084142394822005,0.7427276238489215,0.8012851440852669,0.9104206119804644,,275.0,0.7381818181818182,0.26181818181818184,0.004719101759414535,0.0031053455765994165,0.0,0.0,-0.0019952005562733355,-0.002912621359223322,-0.0030350880154852433,0.00037829256040478043,-0.005058307584969612,0.0,1.0,10624.png,1.0,25.0,0.0,dice_drop,640.0,0.9984319456418355,1.4479166666666667,0.0,0.9729785323143005,0.9827187180519104
0.0,0.5,0.25670876085240724,0.14725523486134692,3.0,-3.0,0.8545135131990739,corridor,0.36208969024503007,0.7459830587661744,0.8014665764605748,0.9150802352237616,2.0,52.0,0.3076923076923077,0.6923076923076923,0.002440437993991851,0.0016038004583533993,0.0,0.0,0.00014458116023896572,-0.001664355062413303,0.00022034690176764293,0.0005597249357127687,-0.0003986843416724506,,0.0,10624.png,0.0,25.0,1.0,recall_drop,,,,0.0,0.5170416831970215,0.914644432067871
0.0,0.35,0.25636974126012246,0.14703217036701405,3.0,-3.0,0.8546336470122952,corridor,0.3622746185852982,0.7461661893445454,0.8014486113838166,0.915379248480016,2.0,36.0,0.1111111111111111,0.8888888888888888,0.002101418401707078,0.0013807359640205241,0.0,0.0,0.0002647149734602561,-0.001479426722145183,0.000403477480138581,0.0005417598589545491,-9.967108541808489e-05,,0.0,10624.png,0.0,25.0,1.0,low_mean_prob,,,,1.0,0.3664607107639313,0.7986363470554352
0.0,0.25,0.25535281610047966,0.1463635848307919,3.0,-3.0,0.8545974738898839,corridor,0.36269070735090153,0.7461110434182202,0.801308615049073,0.915478919565434,2.0,23.0,0.0,1.0,0.0010844932420642772,0.0007121504277983748,0.0,0.0,0.00022854185104903557,-0.0010633379565418433,0.00034833155381341907,0.00040176352421095185,0.0,,0.0,10624.png,0.0,25.0,1.0,low_mean_prob,,,,1.0,0.2023295760154724,0.49879250526428226
0.0,0.5,0.25531283977463676,0.14633731799898023,3.0,-3.0,0.8546372327804788,corridor,0.3630605640314378,0.7461716560380194,0.8013785281158662,0.915478919565434,2.0,27.0,0.0,1.0,0.0010445169162213719,0.0006858835959867027,0.0,0.0,0.00026830074164385653,-0.0006934812760055475,0.00040894417361259094,0.00047167659100411097,0.0,,0.0,10624.png,0.0,25.0,1.0,low_mean_prob,,,,1.0,0.1408366709947586,0.35758264660835276
0.0,0.5,0.2552960347637154,0.14632627646326277,3.0,-3.0,0.8544249331317595,corridor,0.36324549237170595,0.7458480529500142,0.8010815997208774,0.915379248480016,1.0,15.0,0.26666666666666666,0.7333333333333333,0.0010277119052999883,0.0006748420602692429,0.0,0.0,5.600109292458466e-05,-0.0005085529357374274,8.534108560742659e-05,0.00017474819601537295,-9.967108541808489e-05,,0.0,10624.png,0.0,25.0,1.0,recall_drop,,,,0.0,0.6472231149673462,0.9208714485168457
0.0,0.35,0.25498913258249356,0.14612466738379665,3.0,-3.0,0.854395125184608,corridor,0.3633841886269071,0.7458026270377814,0.8010291969211313,0.915379248480016,1.0,12.0,0.3333333333333333,0.6666666666666666,0.0007208097240781752,0.00047323298080312326,0.0,0.0,2.6193145773123483e-05,-0.0003698566805362957,3.991517337464945e-05,0.00012234539626920782,-9.967108541808489e-05,,0.0,10624.png,0.0,25.0,1.0,recall_drop,,,,0.0,0.5791250467300415,0.8813536405563355
0.0,0.25,0.2548457278481013,0.14603048676828922,3.0,-3.0,0.8545477804784444,corridor,0.3634304207119741,0.7460352914898369,0.8012212408679533,0.915478919565434,2.0,18.0,0.0,1.0,0.0005774049896858924,0.0003790523652957012,0.0,0.0,0.00017884843960946917,-0.0003236245954692518,0.00027257962543014713,0.0003143893430912481,0.0,,0.0,10624.png,0.0,25.0,1.0,low_mean_prob,,,,1.0,0.040145594626665115,0.09081443324685098
0.0,0.5,0.2547109154755428,0.1459419632736341,3.0,-3.0,0.8544682830397116,corridor,0.3635691169671752,0.7459141203938686,0.8010814818045047,0.915478919565434,1.0,10.0,0.0,1.0,0.00044259261712742415,0.00029052887064057176,0.0,0.0,9.935100087665738e-05,-0.00018492834026817562,0.00015140852946182726,0.0001746302796425958,0.0,,0.0,10624.png,0.0,25.0,1.0,low_mean_prob,,,,1.0,0.15589161217212677,0.4548135995864868
0.0,0.25,0.2546838696920263,0.14592420551747579,3.0,-3.0,0.854448410991081,corridor,0.3633841886269071,0.7458838337698195,0.8010465496566009,0.915478919565434,1.0,8.0,0.0,1.0,0.0004155468336108914,0.000272771114482262,0.0,0.0,7.947895224613699e-05,-0.0003698566805362957,0.00012112190541269108,0.00013969813173886347,0.0,,0.0,10624.png,0.0,25.0,1.0,low_p90_prob,,,,1.0,0.45730841159820557,0.660635358095169
0.0,0.35,0.25423057892132606,0.14562666515503656,3.0,-3.0,0.8544285398667426,corridor,0.3637540453074434,0.7458535496051483,0.8010116205550831,0.915478919565434,1.0,6.0,0.0,1.0,-3.774393708932955e-05,-2.4769247956968332e-05,0.0,0.0,5.9607827907703914e-05,0.0,9.083774074147843e-05,0.00010476903022105244,0.0,,1.0,10624.png,0.0,25.0,0.0,low_mean_prob,,,,1.0,0.07485996186733246,0.1892978399991989
0.0,0.35,0.25423057892132606,0.14562666515503656,3.0,-3.0,0.8544285398667426,corridor,0.3637540453074434,0.7458535496051483,0.8010116205550831,0.915478919565434,2.0,6.0,0.0,1.0,-3.774393708932955e-05,-2.4769247956968332e-05,0.0,0.0,5.9607827907703914e-05,0.0,9.083774074147843e-05,0.00010476903022105244,0.0,,1.0,10624.png,0.0,25.0,0.0,duplicate_cut,,,,1.0,0.07485996186733246,0.1892978399991989
0.0,0.25,0.25423057892132606,0.14562666515503656,3.0,-3.0,0.8544086696666318,corridor,0.3637540453074434,0.7458232678995554,0.8009766944995531,0.915478919565434,1.0,4.0,0.0,1.0,-3.774393708932955e-05,-2.4769247956968332e-05,0.0,0.0,3.973762779685419e-05,0.0,6.0556035148651155e-05,6.984297469103673e-05,0.0,,1.0,10624.png,0.0,25.0,0.0,low_mean_prob,,,,1.0,0.04636155068874359,0.10319346264004708
0.0,0.2,0.40897293288839454,0.2570496387788394,1.0,1.0,0.8741144515900202,prob_ridge,0.195656894679696,0.7763794933014989,0.8566750214969172,0.8922786691565989,,12.0,0.75,0.25,0.0013384943261209314,0.001056637903948776,0.0,0.0,-7.009516263267734e-05,-0.00013029315960910726,-0.00011060037337462525,2.341461209709461e-05,-0.00017150043827895978,0.0,0.0,11852.png,1.0,19.0,1.0,recall_drop,12.0,1.1497481548786164,12.0,0.0,0.8945953249931335,0.9200853109359741
0.0,0.25,0.4088781798804504,0.25697478012697306,1.0,1.0,0.874217065407126,corridor,0.19522258414766558,0.776541408245166,0.8568370203655926,0.8923167803651054,1.0,20.0,0.35,0.65,0.0012437413181767831,0.0009817792520824264,0.0,0.0,3.251865447306823e-05,-0.0005646036916395203,5.131457029250441e-05,0.00018541348077250053,-0.0001333892297724626,,0.0,11852.png,0.0,19.0,1.0,low_mean_prob,,,,0.0,0.3416886031627655,0.9204000651836396
0.0,0.35,0.4087354832739555,0.25686206094440567,1.0,1.0,0.874109618454587,corridor,0.19517915309446254,0.776371867796554,0.8568238803784842,0.8921071687183201,1.0,32.0,0.5625,0.4375,0.0011010447116818756,0.0008690600695150374,0.0,0.0,-7.492829806587942e-05,-0.000608034744842556,-0.00011822587831955556,0.00017227349366411016,-0.00034300087655780853,,0.0,11852.png,1.0,19.0,1.0,recall_drop,,,,0.0,0.5597259998321533,0.9565783023834229
0.0,0.25,0.40810660744031096,0.25636553889082664,1.0,1.0,0.8740708923168864,corridor,0.19474484256243213,0.7763107697921677,0.8569780642326144,0.8918594458630283,2.0,57.0,0.543859649122807,0.45614035087719296,0.0004721688780373601,0.0003725380159360081,0.0,0.0,-0.00011365443576649703,-0.001042345276872969,-0.00017932388270580635,0.00032645734779424007,-0.0005907237318495406,,0.0,11852.png,1.0,19.0,1.0,low_mean_prob,,,,0.0,0.25153765082359314,0.6073567748069763
0.0,0.5,0.4078297400858686,0.2561470656460218,1.0,1.0,0.8739203914135519,corridor,0.19517915309446254,0.7760733652841578,0.8567766976071475,0.8917641678417623,1.0,50.0,0.72,0.28,0.00019530152359498176,0.00015406477113116823,0.0,0.0,-0.0002641553391009577,-0.000608034744842556,-0.0004167283907157149,0.00012509072232735896,-0.0006860017531156171,,0.0,11852.png,1.0,19.0,1.0,recall_drop,,,,0.0,0.7114254236221313,0.9863618969917297
0.0,0.35,0.4077472907539774,0.2560820203892493,1.0,1.0,0.8738885152805799,corridor,0.1944842562432139,0.7760230910870395,0.857014619133111,0.8914402225694577,2.0,85.0,0.6235294117647059,0.3764705882352941,0.00011285219170381611,8.901951435869027e-05,0.0,0.0,-0.0002960314720730217,-0.0013029315960912113,-0.00046700258783405335,0.00036301224829093925,-0.0010099470254202325,,1.0,11852.png,1.0,19.0,0.0,recall_drop,,,,0.0,0.4376986026763916,0.9015354990959168
0.0,0.2,0.4070985080159392,0.2555704229449066,1.0,1.0,0.8740374294114902,prob_ridge,0.1957871878393051,0.7762579789438779,0.8566148892182154,0.8921833911353328,,14.0,1.0,0.0,-0.0005359305463343844,-0.0004225779299840138,0.0,0.0,-0.0001471173411626836,0.0,-0.00023211473099560287,-3.67176666047353e-05,-0.0002667784595450362,0.0,1.0,11852.png,1.0,19.0,0.0,recall_drop,14.0,1.1324787962436678,14.0,0.0,0.8430595993995667,0.8798449814319611
0.0,0.5,0.4069868995633188,0.25548245614035087,1.0,1.0,0.8734652688232326,corridor,0.19444082519001085,0.7753558276102319,0.8569228512760341,0.8906589427950761,2.0,127.0,0.7401574803149606,0.25984251968503935,-0.0006475389989548108,-0.000510544734539764,0.0,0.0,-0.0007192779294202811,-0.001346362649294247,-0.0011342660646416203,0.00027124439121395394,-0.001791226799801815,,1.0,11852.png,1.0,19.0,0.0,dice_drop,,,,0.0,0.6110392212867737,0.9786999583244324
0.0,0.2,0.4065018060572381,0.25510026155187443,1.0,1.0,0.8739953888230297,prob_ridge,0.1957871878393051,0.7761916604493078,0.8566043950011893,0.8921071687183201,,18.0,1.0,0.0,-0.0011326325050354802,-0.0008927393230162006,0.0,0.0,-0.0001891579296231516,0.0,-0.0002984332255657751,-4.721188363077111e-05,-0.00034300087655780853,0.0,1.0,11852.png,1.0,19.0,0.0,recall_drop,18.0,1.254196182489395,18.0,0.0,0.9045753479003906,0.9215210795402526
0.0,0.25,0.40633245382585753,0.25496688741721857,1.0,1.0,0.8740139102833403,corridor,0.19548317046688382,0.7762208772075284,0.856745428921793,0.8919928350928008,1.0,34.0,0.7058823529411765,0.29411764705882354,-0.001301984736416073,-0.001026113457672062,0.0,0.0,-0.00017063646931259058,-0.000304017372421278,-0.0002692164673451236,9.382203697283487e-05,-0.00045733450207707804,,1.0,11852.png,1.0,19.0,0.0,recall_drop,,,,0.0,0.4927491545677185,0.8636231124401093
0.0,0.5,0.40616492086198147,0.2548349739432542,1.0,1.0,0.8739155203167754,corridor,0.19483170466883823,0.776065682534417,0.8569256973315507,0.8915926674034834,1.0,70.0,0.6428571428571429,0.35714285714285715,-0.0014695177002921334,-0.0011580269316364133,0.0,0.0,-0.0002690264358774508,-0.0009554831704668698,-0.0004244111404565487,0.00027409044673054606,-0.0008575021913944658,,1.0,11852.png,1.0,19.0,0.0,recall_drop,,,,0.0,0.7232266664505005,0.9750232219696044
0.0,0.2,0.40614445009947714,0.25481885740826754,1.0,1.0,0.873921810238602,prob_ridge,0.1957871878393051,0.77607560308381,0.8565860264246239,0.8919737794885476,,25.0,1.0,0.0,-0.0014899884627964655,-0.0011741434666230899,0.0,0.0,-0.0002627365140508431,0.0,-0.00041449059106357655,-6.558046019622399e-05,-0.0004763901063302711,0.0,1.0,11852.png,1.0,19.0,0.0,recall_drop,25.0,1.1430932450294495,11.5,0.0,0.9092767238616943,0.934097695350647
0.0,0.35,0.40601156069364164,0.25471424427038003,1.0,1.0,0.8739787677052502,corridor,0.19522258414766558,0.776165442212972,0.8568185562858137,0.8918403902587752,1.0,48.0,0.6666666666666666,0.3333333333333333,-0.0016228778686319667,-0.0012787566045106002,0.0,0.0,-0.00020577904740270991,-0.0005646036916395203,-0.00032465146190152616,0.000166949400993599,-0.0006097793361027337,,1.0,11852.png,1.0,19.0,0.0,recall_drop,,,,0.0,0.6122680306434631,0.9424101948738098
0.0,0.25,0.40552654683240147,0.25433257984118707,2.0,2.0,0.873806899901003,corridor,0.1951357220412595,0.7758943824324549,0.8568576452487362,0.8914402225694577,2.0,75.0,0.7066666666666667,0.29333333333333333,-0.0021078917298721356,-0.001660421033703563,1.0,1.0,-0.000377646851649871,-0.0006514657980455918,-0.0005957112424186395,0.00020603836391608343,-0.0010099470254202325,,1.0,11852.png,1.0,19.0,0.0,recall_drop,,,,0.0,0.5580470561981201,0.9301987528800965
0.0,0.35,0.4054402950668511,0.25426473139420575,3.0,3.0,0.873667591528638,corridor,0.1947014115092291,0.7756747341704958,0.8569595894804362,0.8910400548801403,2.0,106.0,0.6981132075471698,0.3018867924528302,-0.002194143495422518,-0.0017282694806848853,2.0,2.0,-0.0005169552240148478,-0.0010857763300760048,-0.0008153595043777218,0.0003079825956160409,-0.0014101147147376203,,1.0,11852.png,1.0,19.0,0.0,dice_drop,,,,0.0,0.6692507266998291,0.968328058719635
0.0,0.5,0.4050179211469534,0.2539325842696629,3.0,3.0,0.8733644859813084,corridor,0.19435396308360478,0.7751970136872667,0.8569935072080995,0.8903731087312778,2.0,149.0,0.7315436241610739,0.2684563758389262,-0.0026165174153202075,-0.0020604166052277106,2.0,2.0,-0.0008200607713444441,-0.0014332247557003186,-0.00129307998760686,0.00034190032327940933,-0.0020770608636000443,,1.0,11852.png,1.0,19.0,0.0,dice_drop,,,,0.0,0.7595216631889343,0.9868280768394471
0.0,0.25,0.4737876502582385,0.31043363679923336,1.0,-1.0,0.9385930258327472,corridor,0.1479247206763244,0.8842913686045245,0.9331532360041384,0.944096609742387,1.0,4.0,1.0,0.0,-0.00023832376773552655,-0.00020466107310707082,0.0,0.0,-4.0907126101275004e-05,0.0,-7.262427829624052e-05,-5.122553660807938e-06,-7.753590881776073e-05,,1.0,11945.png,1.0,19.0,0.0,low_mean_prob,,,,0.0,0.22093406319618225,0.3457055360078812
0.0,0.35,0.47372506049399626,0.31037989829494467,1.0,-1.0,0.9385112021199711,corridor,0.1479247206763244,0.884146120047932,0.933142988540988,0.9439415379247514,1.0,12.0,1.0,0.0,-0.0003009135319777534,-0.0002583995773957626,0.0,0.0,-0.0001227308388773718,0.0,-0.00021787283488872156,-1.537001681117811e-05,-0.0002326077264532822,,1.0,11945.png,1.0,19.0,0.0,low_mean_prob,,,,0.0,0.3505953252315521,0.7072974741458893
0.0,0.2,0.473650561695132,0.31031594064145523,1.0,-1.0,0.9385521155532429,prob_ridge,0.1479247206763244,0.8842187443262283,0.9331481126652615,0.9440190738335692,,8.0,1.0,0.0,-0.00037541233084203984,-0.0003223572308851952,0.0,0.0,-8.181740560553319e-05,0.0,-0.00014524855659248104,-1.0245892537619206e-05,-0.00015507181763552147,0.0,1.0,11945.png,1.0,19.0,0.0,recall_drop,8.0,1.0855235254764557,8.0,0.0,0.9238145351409912,0.9391906678676605
0.0,0.25,0.47359283625730997,0.3102663873091889,1.0,-1.0,0.9385521155532429,corridor,0.1479247206763244,0.8842187443262283,0.9331481126652615,0.9440190738335692,1.0,8.0,1.0,0.0,-0.0004331377686640492,-0.00037191056315155624,0.0,0.0,-8.181740560553319e-05,0.0,-0.00014524855659248104,-1.0245892537619206e-05,-0.00015507181763552147,,1.0,11945.png,1.0,19.0,0.0,low_mean_prob,,,,0.0,0.1813146471977234,0.4009606957435608
0.0,0.25,0.47349210694406424,0.31017992707274794,1.0,-1.0,0.9383577486507325,corridor,0.1479247206763244,0.8838737790043212,0.9331237660769393,0.9436507782666848,2.0,27.0,1.0,0.0,-0.0005338670819097779,-0.00045837079959248905,0.0,0.0,-0.0002761843081159343,0.0,-0.000490213878499568,-3.4592480859907404e-05,-0.0005233673845199682,,1.0,11945.png,1.0,19.0,0.0,low_mean_prob,,,,0.0,0.22848208248615265,0.5037960767745971
0.0,0.35,0.4734414249828728,0.3101364289133557,1.0,-1.0,0.9385521155532429,corridor,0.1479247206763244,0.8842187443262283,0.9331481126652615,0.9440190738335692,1.0,8.0,1.0,0.0,-0.0005845490431012346,-0.0005018689589847414,0.0,0.0,-8.181740560553319e-05,0.0,-0.00014524855659248104,-1.0245892537619206e-05,-0.00015507181763552147,,1.0,11945.png,1.0,19.0,0.0,recall_drop,,,,0.0,0.5549395680427551,0.9309305787086487
0.0,0.5,0.47337926000273733,0.31008307931384854,1.0,-1.0,0.938470285532567,corridor,0.1479247206763244,0.8840734957696358,0.9331378636311372,0.9438640020159337,1.0,16.0,1.0,0.0,-0.000646714023236683,-0.0005552185584918878,0.0,0.0,-0.0001636474262814991,0.0,-0.0002904971131849621,-2.0494926662006918e-05,-0.00031014363527104294,,1.0,11945.png,1.0,19.0,0.0,recall_drop,,,,0.0,0.49363598227500916,0.9219086766242981
0.0,0.2,0.47337656406977807,0.3100807657792402,1.0,-1.0,0.9385521155532429,prob_ridge,0.1479247206763244,0.8842187443262283,0.9331481126652615,0.9440190738335692,,8.0,1.0,0.0,-0.0006494099561959454,-0.0005575320931002214,0.0,0.0,-8.181740560553319e-05,0.0,-0.00014524855659248104,-1.0245892537619206e-05,-0.00015507181763552147,0.0,1.0,11945.png,1.0,19.0,0.0,recall_drop,8.0,1.0854389345645905,8.0,0.0,0.919703483581543,0.9419279336929322
0.0,0.2,0.47337656406977807,0.3100807657792402,1.0,-1.0,0.9385521155532429,prob_ridge,0.1479247206763244,0.8842187443262283,0.9331481126652615,0.9440190738335692,,8.0,1.0,0.0,-0.0006494099561959454,-0.0005575320931002214,0.0,0.0,-8.181740560553319e-05,0.0,-0.00014524855659248104,-1.0245892537619206e-05,-0.00015507181763552147,0.0,1.0,11945.png,1.0,19.0,0.0,recall_drop,8.0,1.0750652527809144,8.0,0.0,0.9142966866493225,0.9344647407531739
0.0,0.5,0.4727504902631459,0.3095437171524128,1.0,-1.0,0.938470285532567,corridor,0.1479247206763244,0.8840734957696358,0.9331378636311372,0.9438640020159337,1.0,16.0,1.0,0.0,-0.0012754837628281002,-0.0010945807199276292,0.0,0.0,-0.0001636474262814991,0.0,-0.0002904971131849621,-2.0494926662006918e-05,-0.00031014363527104294,,1.0,11945.png,1.0,19.0,0.0,recall_drop,,,,0.0,0.7545229196548462,0.9795458912849426
0.0,0.35,0.47273721131508223,0.3095323311858745,1.0,-1.0,0.9381940160394818,corridor,0.1479247206763244,0.8835832818911362,0.9331032499280989,0.9433406346314137,2.0,43.0,1.0,0.0,-0.0012887627108917887,-0.0011059666864659534,0.0,0.0,-0.000439916919366623,0.0,-0.0007807109916845301,-5.510862970026231e-05,-0.0008335110197910112,,1.0,11945.png,1.0,19.0,0.0,recall_drop,,,,0.0,0.43476858735084534,0.8474191069602967
0.0,0.25,0.4726492996943291,0.30945695680745566,1.0,-1.0,0.9383884428939024,corridor,0.1479247206763244,0.8839282472130433,0.9331276114539809,0.943708930198298,2.0,24.0,1.0,0.0,-0.0013766743316449004,-0.0011813410648847666,0.0,0.0,-0.0002454900649460079,0.0,-0.0004357456697774431,-3.0747103818229427e-05,-0.00046521545290667543,,1.0,11945.png,1.0,19.0,0.0,low_mean_prob,,,,0.0,0.3598560094833374,0.8062067627906799
0.0,0.2,0.4724703737465816,0.30930357462552965,1.0,-1.0,0.9384089047366646,prob_ridge,0.1479247206763244,0.8839645593521914,0.9331301747930083,0.943747698152707,,22.0,1.0,0.0,-0.001555600279392444,-0.0013347232468107761,0.0,0.0,-0.00022502822218384289,0.0,-0.00039943353062932285,-2.8183764790856713e-05,-0.00042644749849773955,0.0,1.0,11945.png,1.0,19.0,0.0,recall_drop,22.0,1.3198253893852234,22.0,0.0,0.895358145236969,0.9048648595809936
0.0,0.5,0.4720061854732342,0.30890582212168116,1.0,-1.0,0.9380097564737867,corridor,0.1479247206763244,0.8832564726388031,0.933080154209103,0.9429917230417337,2.0,61.0,1.0,0.0,-0.0020197885527398207,-0.001732475750659268,0.0,0.0,-0.0006241764850617448,0.0,-0.0011075202440176124,-7.820434869620918e-05,-0.00118242260947099,,1.0,11945.png,1.0,19.0,0.0,dice_drop,,,,0.0,0.5820741057395935,0.9590775370597839
0.0,0.35,0.47196027515830713,0.30886649573668834,1.0,-1.0,0.938255421686747,corridor,0.1479247206763244,0.8836922183085806,0.9331109449588774,0.9434569384946403,2.0,37.0,1.0,0.0,-0.0020656988676668875,-0.0017718021356520897,0.0,0.0,-0.00037851127210142277,0.0,-0.0006717745742401693,-4.7413598921797195e-05,-0.0007172071565644256,,1.0,11945.png,1.0,19.0,0.0,recall_drop,,,,0.0,0.5346500277519226,0.9001898407936096
0.0,0.5,0.4712089511507323,0.3082232535999048,1.0,-1.0,0.9380916575086279,corridor,0.1479247206763244,0.8834017211953956,0.9330904209416051,0.9431467948593693,2.0,53.0,1.0,0.0,-0.002817022875241715,-0.002415044272435607,0.0,0.0,-0.000542275450220564,0.0,-0.0009622716874251314,-6.793761619405814e-05,-0.0010273507918354685,,1.0,11945.png,1.0,19.0,0.0,dice_drop,,,,0.0,0.6607455015182495,0.9692740321159363
0.0,0.2,0.46408758587751203,0.30215758503564083,0.0,0.0,0.949495437790803,prob_ridge,0.11915764224487636,0.9038470387925084,0.9587299262947235,0.9404371453879485,,16.0,1.0,0.0,0.0013598111674071323,0.0011518379092040343,0.0,0.0,-0.00010155567166958424,0.0,-0.0001840688417468206,-8.056234191644585e-06,-0.0001915204328362119,0.0,0.0,12498.png,1.0,19.0,0.0,recall_drop,16.0,1.2173141610622407,16.0,0.0,0.8988702297210693,0.9135362207889557
0.0,0.25,0.4624953993375046,0.30080911571791064,0.0,0.0,0.9495462180811852,corridor,0.11915764224487636,0.9039390732133818,0.9587339548050173,0.9405329056043666,1.0,8.0,1.0,0.0,-0.00023237537260029084,-0.00019663140852616,0.0,0.0,-5.077538128739345e-05,0.0,-9.203442087335478e-05,-4.027723897848112e-06,-9.576021641810595e-05,,1.0,12498.png,1.0,19.0,0.0,low_mean_prob,,,,0.0,0.004028445575386286,0.005791992042213678
0.0,0.35,0.4624783776820875,0.30079471466870933,0.0,0.0,0.9495208285496756,corridor,0.11915764224487636,0.9038930560029451,0.9587319406481843,0.9404850254961576,1.0,12.0,1.0,0.0,-0.00024939702801740626,-0.00021103245772746693,0.0,0.0,-7.616491279704984e-05,0.0,-0.00013805163131008769,-6.041880730833782e-06,-0.0001436403246271034,,1.0,12498.png,1.0,19.0,0.0,low_mean_prob,,,,0.0,0.004902257584035397,0.0068438559304922824
0.0,0.25,0.4623822143698469,0.3007133623785129,0.0,0.0,0.9494890899092991,corridor,0.11915764224487636,0.9038355344898992,0.9587294226756318,0.9404251753608963,2.0,17.0,1.0,0.0,-0.00034556034025801097,-0.00029238474792386837,0.0,0.0,-0.00010790355317347178,0.0,-0.00019557314435603157,-8.55985328340747e-06,-0.0002034904598884335,,1.0,12498.png,1.0,19.0,0.0,low_mean_prob,,,,0.0,0.005333991255611181,0.007074948959052563
0.0,0.5,0.4623762740552673,0.30070833732171914,0.0,0.0,0.9495335234688451,corridor,0.11915764224487636,0.9039160646081634,0.9587329477511775,0.9405089655502621,2.0,10.0,1.0,0.0,-0.00035150065483757764,-0.0002974098047176521,0.0,0.0,-6.346999362749628e-05,0.0,-0.00011504302609177675,-5.034777737722429e-06,-0.00011970027052266019,,1.0,12498.png,1.0,19.0,0.0,low_mean_prob,,,,0.0,0.03762945905327797,0.0934822104871273
0.0,0.25,0.4623363248491982,0.30067454432378127,0.0,0.0,0.9495208285496756,corridor,0.11915764224487636,0.9038930560029451,0.9587319406481843,0.9404850254961576,1.0,12.0,1.0,0.0,-0.00039144986090672296,-0.00033120280265552804,0.0,0.0,-7.616491279704984e-05,0.0,-0.00013805163131008769,-6.041880730833782e-06,-0.0001436403246271034,,1.0,12498.png,1.0,19.0,0.0,low_mean_prob,,,,0.0,0.24542838335037231,0.5487066209316254
0.0,0.35,0.46227456753772544,0.3006223073240785,0.0,0.0,0.9494446525906141,corridor,0.11915764224487636,0.903755004371635,0.9587258969978033,0.9403413851715305,2.0,24.0,1.0,0.0,-0.00045320717237945507,-0.00038343980235827635,0.0,0.0,-0.00015234087185855838,0.0,-0.00027610326262017537,-1.2085531111871717e-05,-0.0002872806492542068,,1.0,12498.png,1.0,19.0,0.0,low_mean_prob,,,,0.0,0.006361073348671198,0.00863681612536311
0.0,0.5,0.4622120833026713,0.30056945973106186,0.0,0.0,0.9494890899092991,corridor,0.11915764224487636,0.9038355344898992,0.9587294226756318,0.9404251753608963,1.0,17.0,1.0,0.0,-0.0005156914074336272,-0.00043628739537493466,0.0,0.0,-0.00010790355317347178,0.0,-0.00019557314435603157,-8.55985328340747e-06,-0.0002034904598884335,,1.0,12498.png,1.0,19.0,0.0,low_mean_prob,,,,0.0,0.0066643571481108665,0.011139390058815481
0.0,0.35,0.4621323529411765,0.30050203203442505,0.0,0.0,0.949495437790803,corridor,0.11915764224487636,0.9038470387925084,0.9587299262947235,0.9404371453879485,1.0,16.0,1.0,0.0,-0.0005954217689284058,-0.0005037150920117472,0.0,0.0,-0.00010155567166958424,0.0,-0.0001840688417468206,-8.056234191644585e-06,-0.0001915204328362119,,1.0,12498.png,1.0,19.0,0.0,low_mean_prob,,,,0.0,0.35557329654693604,0.7227891385555267
0.0,0.25,0.46209864283349883,0.3004735256134309,0.0,0.0,0.9494682136814117,corridor,0.11905181840629299,0.903797701361006,0.9587615025995264,0.9403533551985828,2.0,26.0,0.8846153846153846,0.11538461538461539,-0.0006291318766060705,-0.0005322215130059149,0.0,0.0,-0.00012877978106096144,-0.0001058238385833743,-0.0002334062732491926,2.3520070611238175e-05,-0.0002753106222019852,,1.0,12498.png,1.0,19.0,0.0,low_mean_prob,,,,0.0,0.16430586576461792,0.4162919521331787
0.0,0.5,0.4618606701940035,0.3002723233481439,0.0,0.0,0.9494700458044789,corridor,0.11915764224487636,0.9038010215820717,0.958727911744606,0.9403892652797395,1.0,20.0,1.0,0.0,-0.0008671045161013913,-0.0007334237782928854,0.0,0.0,-0.00012694765799370344,0.0,-0.0002300860521835535,-1.0070784309146319e-05,-0.00023940054104520936,,1.0,12498.png,1.0,19.0,0.0,recall_drop,,,,0.0,0.4820476472377777,0.9875917494297027
0.0,0.35,0.46162325017452327,0.30007165034631,0.0,0.0,0.9493920274615031,corridor,0.11905181840629299,0.9036596449649682,0.9587554622464175,0.9402097148739557,2.0,38.0,0.9210526315789473,0.07894736842105263,-0.0011045245355816302,-0.0009340967801267919,0.0,0.0,-0.00020496600096953088,-0.0001058238385833743,-0.0003714626692870038,1.7479717502322245e-05,-0.0004189509468290886,,1.0,12498.png,1.0,19.0,0.0,low_mean_prob,,,,0.0,0.349457710981369,0.7837233245372772
0.0,0.2,0.4615779628067344,0.3000333794287349,0.0,0.0,0.9494065604679832,prob_ridge,0.11915764224487636,0.90368597855598,0.9587228745087509,0.9402695650092169,,30.0,1.0,0.0,-0.00114981190337049,-0.0009723676977018703,0.0,0.0,-0.00019043299448939788,0.0,-0.0003451290782752192,-1.5108020164245062e-05,-0.00035910081156786955,0.0,1.0,12498.png,1.0,19.0,0.0,recall_drop,30.0,1.2185796678066254,15.0,0.0,0.9101266264915466,0.9313416004180908
0.0,0.2,0.4609968093299593,0.2995424649699743,0.0,0.0,0.9493938624799062,prob_ridge,0.11915764224487636,0.9036629699507616,0.9587218669140263,0.9402456249551124,,32.0,1.0,0.0,-0.0017309653801456104,-0.0014632821564625198,0.0,0.0,-0.00020313098256641293,0.0,-0.0003681376834936412,-1.6115614888900787e-05,-0.00038304086567231277,0.0,1.0,12498.png,1.0,19.0,0.0,recall_drop,32.0,1.5483476960659028,32.0,0.0,0.9003035426139832,0.9161593198776246
0.0,0.5,0.46089508437270726,0.29945657355324623,0.0,0.0,0.949284078065409,corridor,0.11905181840629299,0.9034640650705813,0.9587469020498358,0.9400062244140672,2.0,55.0,0.9454545454545454,0.05454545454545454,-0.0018326903373976355,-0.0015491735731905654,0.0,0.0,-0.0003129153970635734,-0.0001058238385833743,-0.0005670425636739029,8.919520920636081e-06,-0.0006224414067175221,,1.0,12498.png,1.0,19.0,0.0,recall_drop,,,,0.0,0.5407509803771973,0.984193480014801
0.0,0.2,0.45843427951545834,0.2973822480765622,0.0,0.0,0.9484343996515511,prob_ridge,0.11880489611626513,0.901926041834457,0.958758347398547,0.9383304206267506,,202.0,0.9504950495049505,0.04950495049504951,-0.004293495194646557,-0.003623499049874579,0.0,0.0,-0.0011625938109215417,-0.0003527461286112338,-0.002105065799798189,2.036486963186146e-05,-0.0022982451940340987,0.0,1.0,12498.png,1.0,19.0,0.0,dice_drop,202.0,1.565423812866211,33.25,0.0,0.8655307292938232,0.9164247512817383
0.0,0.35,0.49831956707490743,0.33184128670055385,1.0,1.0,0.9166704155232654,corridor,0.12704473915062697,0.84616023475998,0.9248108925869895,0.9086719980973333,2.0,25.0,0.28,0.72,0.0018875296255724816,0.0016719496210489404,0.0,0.0,0.00013366051666996448,-0.0009288404974456821,0.000227749978574443,0.0004873854063394134,-0.00020810417100214362,,0.0,12627.png,0.0,19.0,1.0,recall_drop,,,,0.0,0.4361582100391388,0.8470214009284973
0.0,0.25,0.49811880059286284,0.3316632505883246,1.0,1.0,0.9166966534724721,corridor,0.12725114815005933,0.8462049493439628,0.9247103663147705,0.9088206439337634,2.0,16.0,0.125,0.875,0.0016867631435278918,0.0014939135088196664,0.0,0.0,0.00015989846587660672,-0.0007224314980133206,0.0002724645625572508,0.00038685913412050965,-5.9458334572104476e-05,,0.0,12627.png,0.0,19.0,1.0,low_mean_prob,,,,1.0,0.2529827952384949,0.5910234451293945
0.0,0.25,0.49783845278725825,0.3314147228112693,1.0,1.0,0.9166491643913709,corridor,0.12627070540275556,0.8461240202730772,0.9251991157142424,0.908255789755329,2.0,54.0,0.3888888888888889,0.6111111111111112,0.0014064153379232947,0.0012453857317644146,0.0,0.0,0.00011240938477541373,-0.001702874245317093,0.00019153549167161277,0.0008756085335923647,-0.0006243125130065419,,0.0,12627.png,0.0,19.0,1.0,low_mean_prob,,,,0.0,0.2706209421157837,0.7130590438842774
0.0,0.35,0.49769951718261857,0.33129159104658196,1.0,1.0,0.9165303764610561,corridor,0.12616750090303938,0.8459216175045008,0.9252347773402,0.9079882272497547,2.0,65.0,0.46153846153846156,0.5384615384615384,0.0012674797332836163,0.001122253967077047,0.0,0.0,-6.3785455394205215e-06,-0.0018060787450332738,-1.0867276904802381e-05,0.0009112701595499484,-0.00089187501858079,,1.0,12627.png,0.0,19.0,0.0,low_mean_prob,,,,0.0,0.36198773980140686,0.8374440670013428
0.0,0.5,0.49737802097583217,0.3310067521432365,1.0,1.0,0.9166416791604198,corridor,0.12745755714949172,0.8461112648768336,0.924598493784593,0.9088206439337634,1.0,12.0,0.16666666666666666,0.8333333333333334,0.0009459835264972183,0.0008374150637315836,0.0,0.0,0.00010492415382434839,-0.0005160224985809314,0.00017878009542804385,0.0002749866039429838,-5.9458334572104476e-05,,0.0,12627.png,0.0,19.0,1.0,low_mean_prob,,,,1.0,0.37400972843170166,0.8165088295936586
0.0,0.5,0.4973544973544973,0.33098591549295775,1.0,1.0,0.9164916911632371,corridor,0.12704473915062697,0.8458557112009302,0.9247858591361724,0.908344977257187,2.0,36.0,0.5,0.5,0.0009224599051623761,0.0008165784134528398,0.0,0.0,-4.506384335833946e-05,-0.0009288404974456821,-7.677358047541993e-05,0.0004623519555223554,-0.0005351250111484962,,0.0,12627.png,0.0,19.0,1.0,recall_drop,,,,0.0,0.5819268226623535,0.9408711791038513
0.0,0.35,0.4970339949806069,0.3307020872865275,1.0,1.0,0.9166466778603982,corridor,0.1275607616492079,0.8461197830178235,0.9245471315813348,0.9088801022683355,1.0,8.0,0.0,1.0,0.0006019575312719572,0.000532750207022592,0.0,0.0,0.00010992285380273525,-0.0004128179988647507,0.0001872982364179432,0.0002236244006847965,0.0,,0.0,12627.png,0.0,19.0,1.0,low_mean_prob,,,,1.0,0.19277261197566986,0.42318413853645326
0.0,0.35,0.4969565959383355,0.33063356293997426,1.0,1.0,0.9164817369399628,corridor,0.12750915939934981,0.8458387534250367,0.9245499924368477,0.9085530814281892,1.0,20.0,0.55,0.45,0.0005245584890005706,0.0004642258604693472,0.0,0.0,-5.501806663266162e-05,-0.00046442024872284104,-9.373135636892016e-05,0.00022648525619761717,-0.00032702084014624155,,0.0,12627.png,1.0,19.0,1.0,recall_drop,,,,0.0,0.6166783571243286,0.9015833258628845
0.0,0.25,0.49675213675213675,0.33045258130543553,1.0,1.0,0.9165817091454272,corridor,0.1275607616492079,0.8460090778257501,0.9245380032060007,0.9087611855991914,1.0,12.0,0.3333333333333333,0.6666666666666666,0.00032009930280180177,0.00028324422593062337,0.0,0.0,4.4954138831765356e-05,-0.0004128179988647507,7.659304434448622e-05,0.00021449602535061896,-0.00011891666914409793,,0.0,12627.png,0.0,19.0,1.0,recall_drop,,,,0.0,0.4866475760936737,0.8650828063488006
0.0,0.2,0.49675213675213675,0.33045258130543553,1.0,1.0,0.9163905671409082,prob_ridge,0.12797357964807266,0.8456834532374101,0.9243029093328494,0.9086125397627612,,9.0,1.0,0.0,0.00032009930280180177,0.00028324422593062337,0.0,0.0,-0.00014618786568731945,0.0,-0.00024903154399547045,-2.0597847800618574e-05,-0.0002675625055742481,0.0,0.0,12627.png,1.0,19.0,0.0,recall_drop,9.0,1.0944293427467346,9.0,0.0,0.9227526783943176,0.9346082806587219
0.0,0.25,0.49666191155492156,0.3303727321035451,1.0,1.0,0.9165917131378545,corridor,0.1277671706486403,0.8460261235333185,0.9244353058570953,0.9088801022683355,1.0,4.0,0.0,1.0,0.0002298741055866138,0.00020339502404020937,0.0,0.0,5.495813125899751e-05,-0.00020640899943236146,9.363875191292781e-05,0.00011179867644528496,0.0,,0.0,12627.png,0.0,19.0,1.0,low_mean_prob,,,,1.0,0.09460419416427612,0.1798043429851532
0.0,0.5,0.49653290894623164,0.33025858158173294,1.0,1.0,0.9164167466410749,corridor,0.12750915939934981,0.8457280451689685,0.9245408610934617,0.9084341647590451,1.0,24.0,0.625,0.375,0.00010087149689669284,8.924450222802527e-05,0.0,0.0,-0.00012000836552061855,-0.00046442024872284104,-0.00020443961243710174,0.0002173539128116353,-0.0004459375092903395,,0.0,12627.png,1.0,19.0,1.0,recall_drop,,,,0.0,0.6357743740081787,0.8931659042835235
0.0,0.2,0.49649832033251723,0.3302279784897372,1.0,1.0,0.9163418290854572,prob_ridge,0.12797357964807266,0.8456004427227449,0.9242960408916311,0.9085233522609032,,12.0,1.0,0.0,6.628288318227815e-05,5.864141023226299e-05,0.0,0.0,-0.0001949259211382337,0.0,-0.0003320420586606643,-2.746628901895143e-05,-0.0003567500074322938,0.0,0.0,12627.png,1.0,19.0,0.0,recall_drop,12.0,1.0132987010478973,4.0,0.0,0.9239769577980042,0.9476368486881256
0.0,0.5,0.49621682665160927,0.3299789726644638,1.0,1.0,0.9159234903762424,corridor,0.12606429640332317,0.8448882364346453,0.9252024629197124,0.9068287897255998,2.0,106.0,0.6509433962264151,0.3490566037735849,-0.00021521079772568452,-0.000190364415041111,0.0,0.0,-0.0006132646303530498,-0.0019092832447494823,-0.0010442483467603125,0.0008789557390623814,-0.002051312542735717,,1.0,12627.png,1.0,19.0,0.0,dice_drop,,,,0.0,0.5665358304977417,0.940621942281723
0.0,0.2,0.4958376097616604,0.32964366944655044,1.0,1.0,0.9164555443956406,prob_ridge,0.12797357964807266,0.8457941339236303,0.9243120653159964,0.9087314564319053,,5.0,1.0,0.0,-0.0005944276876745369,-0.000525667632954474,0.0,0.0,-8.121061095489601e-05,0.0,-0.00013835085777524903,-1.1441864653627398e-05,-0.00014864583643015017,0.0,1.0,12627.png,1.0,19.0,0.0,recall_drop,5.0,1.026086699962616,5.0,0.0,0.9310340881347656,0.943015968799591
0.0,0.2,0.494934547524189,0.3288458629556799,1.0,1.0,0.9162930866455763,prob_ridge,0.12797357964807266,0.8455174322080797,0.9242891712038718,0.9084341647590451,,15.0,1.0,0.0,-0.0014974899251459783,-0.001323474123824997,0.0,0.0,-0.0002436683610191892,0.0,-0.0004150525733258581,-3.433597677826583e-05,-0.0004459375092903395,0.0,1.0,12627.png,1.0,19.0,0.0,recall_drop,15.0,1.078211998939514,7.5,0.0,0.9269803166389465,0.9429635047912598
0.0,0.5,0.3768380257608572,0.2321629213483146,2.0,2.0,0.9257831293539224,corridor,0.21737221470125498,0.8618214390890351,0.9181525831416022,0.9335415697481225,2.0,9.0,0.1111111111111111,0.8888888888888888,0.0007780995279205727,0.00059038224557037,0.0,0.0,4.1729591170325264e-05,-0.00029270791409022334,7.23224812612111e-05,9.49398503140575e-05,-1.3291686050354024e-05,,0.0,12827.png,0.0,20.0,1.0,low_mean_prob,,,,1.0,0.38387611508369446,0.5296832323074341
0.0,0.35,0.37677635078653393,0.23211610486891385,2.0,2.0,0.9257648252863564,corridor,0.21748198016903883,0.8617897152112296,0.918116576687277,0.9335415697481225,2.0,6.0,0.16666666666666666,0.8333333333333334,0.0007164245535973279,0.0005435657661696236,0.0,0.0,2.342552360434791e-05,-0.00018294244630637224,4.059860345573263e-05,5.893339598883607e-05,-1.3291686050354024e-05,,0.0,12827.png,0.0,20.0,1.0,low_mean_prob,,,,1.0,0.3267170786857605,0.5120984017848969
0.0,0.25,0.37651083238312427,0.23191459474645315,2.0,2.0,0.9257526229767491,corridor,0.21755515714756138,0.8617685672568435,0.9180925739532817,0.9335415697481225,2.0,4.0,0.25,0.75,0.0004509061501876688,0.00034205564370892727,0.0,0.0,1.1223213997046955e-05,-0.00010976546778382335,1.9450649069607806e-05,3.493066199355965e-05,-1.3291686050354024e-05,,0.0,12827.png,0.0,20.0,1.0,low_mean_prob,,,,1.0,0.23402640223503113,0.3208536237478256
0.0,0.5,0.3763113881708986,0.2317632737147673,2.0,2.0,0.9257719049658945,corridor,0.21748198016903883,0.8618019853004332,0.9181176470588235,0.9335548614341729,1.0,5.0,0.0,1.0,0.00025146193796199423,0.00019073461202306907,0.0,0.0,3.050520314240579e-05,-0.00018294244630637224,5.2868692659302496e-05,6.0003767535343755e-05,0.0,,0.0,12827.png,0.0,20.0,1.0,low_mean_prob,,,,1.0,0.2669266164302826,0.5227568984031677
0.0,0.25,0.37626397019691327,0.2317273025237627,2.0,2.0,0.925765803764433,corridor,0.2175185686583001,0.8617914110429448,0.9181056456778343,0.9335548614341729,1.0,4.0,0.0,1.0,0.00020404396397666336,0.0001547634210184723,0.0,0.0,2.4404001680911058e-05,-0.0001463539570450978,4.229443517089759e-05,4.800238654611988e-05,0.0,,0.0,12827.png,0.0,20.0,1.0,low_mean_prob,,,,1.0,0.2029551863670349,0.3996137231588364
0.0,0.35,0.37626397019691327,0.2317273025237627,2.0,2.0,0.925765803764433,corridor,0.2175185686583001,0.8617914110429448,0.9181056456778343,0.9335548614341729,1.0,4.0,0.0,1.0,0.00020404396397666336,0.0001547634210184723,0.0,0.0,2.4404001680911058e-05,-0.0001463539570450978,4.229443517089759e-05,4.800238654611988e-05,0.0,,0.0,12827.png,0.0,20.0,1.0,duplicate_cut,,,,1.0,0.2029551863670349,0.3996137231588364
0.0,0.25,0.37613528405852176,0.23162969203407283,2.0,2.0,0.9256918402720569,corridor,0.2176649226153452,0.8616632312524539,0.9180501451018327,0.9334618196318203,1.0,7.0,1.0,0.0,7.535782558515391e-05,5.715293132860233e-05,0.0,0.0,-4.9559490695183506e-05,0.0,-8.58853553199479e-05,-7.498189455446003e-06,-9.304180235258919e-05,,0.0,12827.png,1.0,20.0,0.0,low_mean_prob,,,,0.0,0.1772635281085968,0.34730420112609867
0.0,0.35,0.3760781184695467,0.23158633598502573,2.0,2.0,0.9256776795776737,corridor,0.2176649226153452,0.8616386925795053,0.9180480025099351,0.9334352362597196,1.0,9.0,1.0,0.0,1.8192236610092838e-05,1.3796882281508216e-05,0.0,0.0,-6.37201850783864e-05,0.0,-0.00011042402826855202,-9.64078135301527e-06,-0.00011962517445329723,,0.0,12827.png,1.0,20.0,0.0,low_mean_prob,,,,0.0,0.27604958415031433,0.61223965883255
0.0,0.25,0.3758399453323716,0.23140573138235707,2.0,2.0,0.9256068705057309,corridor,0.2176649226153452,0.8615159992147625,0.9180372878696755,0.9333023193992158,2.0,19.0,1.0,0.0,-0.00021998090056501995,-0.00016680772038715763,0.0,0.0,-0.00013452925702117646,0.0,-0.0002331173930113506,-2.0355421612605618e-05,-0.0002525420349570595,,1.0,12827.png,1.0,20.0,0.0,recall_drop,,,,0.0,0.46445244550704956,0.8929020762443542
0.0,0.5,0.37579255097004444,0.231369798971482,2.0,2.0,0.9256351952545724,corridor,0.2176649226153452,0.8615650765606596,0.9180415740619688,0.9333554861434173,1.0,15.0,1.0,0.0,-0.0002673752628921666,-0.00020274013126223012,0.0,0.0,-0.00010620450817966365,0.0,-0.00018404004711425337,-1.606922931929322e-05,-0.0001993752907555324,,1.0,12827.png,1.0,20.0,0.0,recall_drop,,,,0.0,0.5314802527427673,0.9320769429206848
0.0,0.35,0.37566880431070465,0.23127598934728777,2.0,2.0,0.9255643805820123,corridor,0.2176649226153452,0.8614423831959168,0.9180308577405858,0.9332225692829136,2.0,25.0,1.0,0.0,-0.00039112192223195175,-0.00029654975545645446,0.0,0.0,-0.00017701918073975698,0.0,-0.00030673341185705194,-2.6785550702346228e-05,-0.0003322921512592947,,1.0,12827.png,1.0,20.0,0.0,recall_drop,,,,0.0,0.5705626010894775,0.9347689032554627
0.0,0.2,0.37564953536886025,0.2312613832718442,2.0,2.0,0.925863432639072,prob_ridge,0.21693315283011966,0.8619606303077905,0.9182977054324377,0.9335548614341729,,20.0,0.0,1.0,-0.0004103908640763487,-0.00031115583090002286,0.0,0.0,0.00012203287631995519,-0.0007317697852255445,0.00021151370001659675,0.00024006214114957736,0.0,0.0,1.0,12827.png,0.0,20.0,0.0,boundary_iou_drop,20.0,1.2431777894496918,20.0,1.0,0.8429886698722839,0.866221159696579
0.0,0.5,0.3752843062926459,0.23098460102659824,2.0,2.0,0.9254723075503289,corridor,0.2176649226153452,0.8612828818217511,0.9180169223325094,0.9330497773642586,2.0,38.0,1.0,0.0,-0.0007756199402906838,-0.0005879380761459885,0.0,0.0,-0.00026909221242310544,0.0,-0.0004662347860228122,-4.0720958778717176e-05,-0.00050508406991423,,1.0,12827.png,1.0,20.0,0.0,recall_drop,,,,0.0,0.6965436935424805,0.9579962253570556
0.0,0.2,0.37524662315981183,0.23095605062818178,2.0,2.0,0.925621033066839,prob_ridge,0.2176649226153452,0.861540537887711,0.9180394310218596,0.9333289027713165,,17.0,1.0,0.0,-0.0008133030731247715,-0.0006164884745624433,0.0,0.0,-0.0001203666959130878,0.0,-0.0002085787200628575,-1.8212269428552474e-05,-0.00022595866285635147,0.0,1.0,12827.png,1.0,20.0,0.0,recall_drop,17.0,1.1746601366996765,17.0,0.0,0.8378360867500305,0.861134147644043
0.0,0.2,0.3745329547152892,0.23041559396837072,2.0,2.0,0.924501039158117,prob_ridge,0.2176649226153452,0.8596019827247743,0.9178697759727499,0.9312288163753573,,175.0,1.0,0.0,-0.001526971517647413,-0.0011569451343735049,0.0,0.0,-0.0012403606046350601,0.0,-0.0021471338829995856,-0.00018786731853825955,-0.002326045058815618,0.0,1.0,12827.png,1.0,20.0,0.0,dice_drop,175.0,1.2032952298058404,14.11111111111111,0.0,0.887287974357605,0.9397601842880249
0.0,0.2,0.37411106067483735,0.2300963193895119,2.0,2.0,0.9254368906438493,prob_ridge,0.2176649226153452,0.8612215351393797,0.9180115612984228,0.9329833189340068,,43.0,1.0,0.0,-0.0019488655580992553,-0.0014762197132323351,0.0,0.0,-0.00030450911890278487,0.0,-0.000527581468394156,-4.608199286537662e-05,-0.0005715425001661112,0.0,1.0,12827.png,1.0,20.0,0.0,recall_drop,43.0,1.3577217149734497,21.5,0.0,0.9277979135513306,0.9489768028259278
0.0,0.2,0.36326613724292406,0.221945757651157,0.0,0.0,0.9162784379220239,prob_ridge,0.16284825077805692,0.8454924862481381,0.9284384058557756,0.9044328758479255,,20.0,1.0,0.0,0.00016433643439778267,0.0001226772739679749,0.0,0.0,-0.000173172403876376,0.0,-0.00029494609860047927,-2.3169964593172665e-05,-0.00031550717778827675,0.0,0.0,13436.png,1.0,20.0,0.0,recall_drop,20.0,1.23362677693367,20.0,0.0,0.8397414088249207,0.858694976568222
0.0,0.25,0.36299106596499814,0.22174043062200957,0.0,0.0,0.9163983284459821,corridor,0.16281075405901985,0.8456966729589429,0.9284685005585869,0.9046379555134879,1.0,8.0,0.875,0.125,-0.00011073484352813745,-8.264975517946471e-05,0.0,0.0,-5.328187991815447e-05,-3.749671903707785e-05,-9.075938779568027e-05,6.924738218061499e-06,-0.00011042751222589686,,1.0,13436.png,1.0,20.0,0.0,recall_drop,,,,0.0,0.45437732338905334,0.8891024053096771
0.0,0.35,0.3627542908394146,0.22156374501992032,0.0,0.0,0.9163636944761844,corridor,0.16281075405901985,0.845637682869278,0.9284638676144368,0.9045748540779303,1.0,12.0,0.9166666666666666,0.08333333333333333,-0.0003475099691117034,-0.00025933535726871404,0.0,0.0,-8.791584971590272e-05,-3.749671903707785e-05,-0.0001497494774606034,2.2917940679656468e-06,-0.0001735289477835522,,1.0,13436.png,1.0,20.0,0.0,recall_drop,,,,0.0,0.5919788479804993,0.9122823119163513
0.0,0.2,0.3625688073394495,0.22142536978933214,0.0,0.0,0.9163650310425007,prob_ridge,0.16284825077805692,0.8456399592974384,0.9284499927138485,0.9045906294368197,,10.0,1.0,0.0,-0.000532993469076759,-0.0003977105878568976,0.0,0.0,-8.657928339961263e-05,0.0,-0.00014747304930018412,-1.1583106520274278e-05,-0.00015775358889413837,0.0,1.0,13436.png,1.0,20.0,0.0,recall_drop,10.0,1.0790833950042724,10.0,0.0,0.8941583633422852,0.904307895898819
0.0,0.25,0.3625545095162408,0.22141470456468715,0.0,0.0,0.9163090643204757,corridor,0.16273576062094566,0.8455446420670737,0.9284846718165476,0.904448651206815,2.0,22.0,0.8636363636363636,0.13636363636363635,-0.0005472912922854789,-0.0004083758125018877,0.0,0.0,-0.00014254600542462637,-0.00011249015711126131,-0.00024279027966489508,2.309599617877911e-05,-0.0002997318188988629,,1.0,13436.png,1.0,20.0,0.0,recall_drop,,,,0.0,0.43696126341819763,0.9170918643474579
0.0,0.5,0.3624439918533605,0.22133227202626735,0.0,0.0,0.9162857599488573,corridor,0.16281075405901985,0.8455049551675319,0.9284534412955465,0.9044328758479255,1.0,21.0,0.9523809523809523,0.047619047619047616,-0.0006578089551657618,-0.0004908083509216898,0.0,0.0,-0.00016585037704297534,-3.749671903707785e-05,-0.00028247717920670823,-8.134524822289713e-06,-0.00031550717778827675,,1.0,13436.png,1.0,20.0,0.0,recall_drop,,,,0.0,0.7468222975730896,0.9675185084342957
0.0,0.35,0.3622739859912038,0.22120549035209866,0.0,0.0,0.916231119635579,corridor,0.16273576062094566,0.8454119104504026,0.9284742468415937,0.9043066729768102,2.0,31.0,0.9032258064516129,0.0967741935483871,-0.0008278148173224698,-0.0006175900250903754,0.0,0.0,-0.00022049069032126223,-0.00011249015711126131,-0.0003755218963359397,1.2671021224930357e-05,-0.00044171004890358745,,1.0,13436.png,1.0,20.0,0.0,recall_drop,,,,0.0,0.5844705700874329,0.9675185084342957
0.0,0.2,0.36221434681657094,0.22116102074317265,0.0,0.0,0.9162957576532447,prob_ridge,0.16284825077805692,0.8455219808579982,0.9284407235276019,0.9044644265657044,,18.0,1.0,0.0,-0.0008874539919553337,-0.0006620596340163876,0.0,0.0,-0.00015585267265560976,0.0,-0.0002654514887403536,-2.0852292766937452e-05,-0.0002839564600094491,0.0,1.0,13436.png,1.0,20.0,0.0,recall_drop,18.0,1.250162295103073,18.0,0.0,0.8941311240196228,0.9100352883338928
0.0,0.25,0.3620963472736898,0.22107304460245636,0.0,0.0,0.916235136171845,corridor,0.16284825077805692,0.8454187497234881,0.9284326110193373,0.9043539990534785,1.0,25.0,1.0,0.0,-0.001005453534836498,-0.0007500357747326769,0.0,0.0,-0.00021647415405523507,0.0,-0.0003686826232505158,-2.896480103153909e-05,-0.00039438397223534594,,1.0,13436.png,1.0,20.0,0.0,recall_drop,,,,0.0,0.5333288311958313,0.9411416888237
0.0,0.2,0.3619489559164733,0.22096317280453256,0.0,0.0,0.9162437967987086,prob_ridge,0.16284825077805692,0.8454334970284181,0.9284337700617034,0.9043697744123679,,24.0,1.0,0.0,-0.0011528448920529732,-0.0008599075726564709,0.0,0.0,-0.00020781352719168034,0.0,-0.0003539353183205085,-2.780575866545565e-05,-0.0003786086133459321,0.0,1.0,13436.png,1.0,20.0,0.0,recall_drop,24.0,1.2880891370773315,24.0,0.0,0.8127188682556152,0.830535352230072
0.0,0.5,0.3618760932351625,0.22090886516016886,0.0,0.0,0.9160925236184599,corridor,0.16273576062094566,0.8451759431318763,0.9284557060462705,0.9040542672345796,2.0,47.0,0.9361702127659575,0.06382978723404255,-0.0012257075733637657,-0.0009142152170201756,0.0,0.0,-0.000359086707440337,-0.00011249015711126131,-0.0006114892148623152,-5.86977409833267e-06,-0.0006941157911342088,,1.0,13436.png,1.0,20.0,0.0,recall_drop,,,,0.0,0.72004234790802,0.9911912202835083
0.0,0.25,0.3617489008304836,0.2208140748471746,0.0,0.0,0.916027849497606,corridor,0.1626232704638344,0.8450658525433978,0.9284892482701625,0.9038965136456855,2.0,60.0,0.9,0.1,-0.0013528999780426654,-0.0010090055300144285,0.0,0.0,-0.00042376082829431727,-0.00022498031422252263,-0.000721579803340755,2.7672449793736398e-05,-0.0008518693800283472,,1.0,13436.png,1.0,20.0,0.0,low_mean_prob,,,,0.0,0.2546073794364929,0.6842615425586701
0.0,0.35,0.3617133791644632,0.2207876049063912,0.0,0.0,0.9161658461735184,corridor,0.16284825077805692,0.8453007712840478,0.9284233373287116,0.9042277961823632,1.0,33.0,1.0,0.0,-0.0013884216440630537,-0.0010354754707978253,0.0,0.0,-0.00028576415238190656,0.0,-0.00048666106269079634,-3.823849165718318e-05,-0.0005205868433506566,,1.0,13436.png,1.0,20.0,0.0,recall_drop,,,,0.0,0.6250535249710083,0.9460200428962707
0.0,0.5,0.36040856031128404,0.21981607831504005,0.0,0.0,0.9159319270029815,corridor,0.16284825077805692,0.8449025940509372,0.9283920208714815,0.903801861492349,1.0,60.0,1.0,0.0,-0.002693240497242233,-0.002007002062148988,0.0,0.0,-0.0005196833229187403,0.0,-0.0008848382958014378,-6.955494888727376e-05,-0.0009465215333648302,,1.0,13436.png,1.0,20.0,0.0,dice_drop,,,,0.0,0.7817457318305969,0.9831579208374024
0.0,0.35,0.36029680087580584,0.21973293768545993,0.0,0.0,0.9156638066832455,corridor,0.1626232704638344,0.8444464109257702,0.9284405454928732,0.90323394857233,2.0,102.0,0.9411764705882353,0.058823529411764705,-0.002804999932720431,-0.0020901426917291077,0.0,0.0,-0.0007878036426547386,-0.00022498031422252263,-0.001341021420968369,-2.103032749556366e-05,-0.0015144344533838394,,1.0,13436.png,1.0,20.0,0.0,dice_drop,,,,0.0,0.4945231080055237,0.9038528084754944
0.0,0.5,0.35875489523194315,0.21858703138836957,0.0,0.0,0.9152387808975282,corridor,0.1626232704638344,0.8437237290385381,0.9283836416747809,0.9024609559867487,2.0,151.0,0.9602649006622517,0.039735099337748346,-0.004346905576583127,-0.003236048988819462,0.0,0.0,-0.0012128294283720864,-0.00022498031422252263,-0.002063703308200493,-7.793414558787681e-05,-0.0022874270389651175,,1.0,13436.png,1.0,20.0,0.0,dice_drop,,,,0.0,0.6418594121932983,0.9677978157997131
0.0,0.25,0.45657826313052524,0.29582210242587603,1.0,-1.0,0.9247124221460307,corridor,0.10558419243986254,0.8599675483944003,0.9487729231281614,0.9018420688154172,1.0,4.0,0.5,0.5,0.00030018320619323857,0.00025197804624244036,0.0,0.0,-3.0546965230637824e-06,-8.59106529209619e-05,-5.28384467601839e-06,3.736271604781738e-05,-3.957183276948051e-05,,0.0,13480.png,0.0,21.0,1.0,low_mean_prob,,,,0.0,0.08913645148277283,0.18010003566741944
0.0,0.35,0.45657826313052524,0.29582210242587603,1.0,-1.0,0.9247124221460307,corridor,0.10558419243986254,0.8599675483944003,0.9487729231281614,0.9018420688154172,1.0,4.0,0.5,0.5,0.00030018320619323857,0.00025197804624244036,0.0,0.0,-3.0546965230637824e-06,-8.59106529209619e-05,-5.28384467601839e-06,3.736271604781738e-05,-3.957183276948051e-05,,0.0,13480.png,0.0,21.0,1.0,duplicate_cut,,,,0.0,0.08913645148277283,0.18010003566741944
0.0,0.25,0.456535098085559,0.2957858630405488,1.0,-1.0,0.9246860226834662,corridor,0.1054553264604811,0.8599218853185909,0.9488268482085233,0.9017431392334936,2.0,12.0,0.5833333333333334,0.4166666666666667,0.00025701816122697396,0.0002157386609152323,0.0,0.0,-2.945415908750526e-05,-0.00021477663230240474,-5.0946920485350766e-05,9.12877964096559e-05,-0.00013850141469307076,,0.0,13480.png,1.0,21.0,1.0,low_mean_prob,,,,0.0,0.1528831273317337,0.39910751879215245
0.0,0.5,0.4562331711464878,0.2955324357405141,1.0,-1.0,0.9246687901965955,corridor,0.10558419243986254,0.8598920795441681,0.9487686574931823,0.9017629251498783,1.0,8.0,0.75,0.25,-4.490877784418812e-05,-3.7688639119515255e-05,0.0,0.0,-4.668664595819383e-05,-8.59106529209619e-05,-8.075269490814829e-05,3.309708106868925e-05,-0.0001187154983083305,,1.0,13480.png,1.0,21.0,0.0,recall_drop,,,,0.0,0.515161395072937,0.9651878356933594
0.0,0.35,0.4561635427977905,0.29547400611620794,1.0,-1.0,0.9245878354385431,corridor,0.1054553264604811,0.8597520707937886,0.9488172580376478,0.9015650659860311,2.0,21.0,0.7619047619047619,0.23809523809523808,-0.00011453712654152515,-9.611826342564855e-05,0.0,0.0,-0.00012764140401066992,-0.00021477663230240474,-0.00022076144528770936,8.169762553422721e-05,-0.000316574662155511,,1.0,13480.png,1.0,21.0,0.0,low_mean_prob,,,,0.0,0.3576255440711975,0.8306434750556946
0.0,0.2,0.45563164108618653,0.2950278270442175,1.0,-1.0,0.9246282131915843,prob_ridge,0.1056701030927835,0.8598219002339446,0.9487270229198326,0.9017233533171088,,8.0,1.0,0.0,-0.0006464388381454689,-0.0005422973354161087,0.0,0.0,-8.72636509694491e-05,0.0,-0.0001509320051317209,-8.537492281024406e-06,-0.000158287331077811,0.0,1.0,13480.png,1.0,21.0,0.0,recall_drop,8.0,1.0251812136173248,8.0,0.0,0.856498122215271,0.8869822859764099
0.0,0.5,0.4556257662925587,0.2950229007633588,1.0,-1.0,0.924478717467404,corridor,0.1054553264604811,0.8595633879884527,0.9488065980755613,0.901367206822184,2.0,31.0,0.8387096774193549,0.16129032258064516,-0.0006523136317733158,-0.0005472236162747945,0.0,0.0,-0.0002367593751497754,-0.00021477663230240474,-0.000409444250623614,7.103766344773721e-05,-0.0005144338260026915,,1.0,13480.png,1.0,21.0,0.0,recall_drop,,,,0.0,0.5457022190093994,0.9636464715003967
0.0,0.2,0.45556709793181605,0.2949737067384126,1.0,-1.0,0.9246173042393256,prob_ridge,0.1056701030927835,0.8598030337333031,0.94872595553335,0.9017035674007242,,9.0,1.0,0.0,-0.0007109819925159577,-0.000596417641220981,0.0,0.0,-9.817260322808607e-05,0.0,-0.00016979850577314437,-9.604878763558311e-06,-0.00017807324746244024,0.0,1.0,13480.png,1.0,21.0,0.0,recall_drop,9.0,1.0261026191711426,9.0,0.0,0.8419715762138367,0.8675687074661255
0.0,0.25,0.4554212315829241,0.2948514124984713,1.0,-1.0,0.9245736662169154,corridor,0.1056701030927835,0.8597275677307373,0.9487216855429713,0.9016244237351853,1.0,13.0,1.0,0.0,-0.0008568483414079231,-0.0007187118811622928,0.0,0.0,-0.0001418106256383389,0.0,-0.0002452645083389493,-1.3874869142282975e-05,-0.00025721691300140126,,1.0,13480.png,1.0,21.0,0.0,recall_drop,,,,0.0,0.5372089743614197,0.8953328728675842
0.0,0.2,0.45537357813753715,0.2948114648903013,1.0,-1.0,0.9245845760545377,prob_ridge,0.1056701030927835,0.8597464342313788,0.9487227531072387,0.90164420965157,,12.0,1.0,0.0,-0.0009045017867948535,-0.0007586594893322918,0.0,0.0,-0.00013090078801603067,0.0,-0.00022639800769752583,-1.2807304874851155e-05,-0.000237430996616661,0.0,1.0,13480.png,1.0,21.0,0.0,recall_drop,12.0,1.044785269498825,12.0,0.0,0.819913387298584,0.8311963319778443
0.0,0.2,0.4551802226835252,0.2946494014170535,1.0,-1.0,0.9245518458775908,prob_ridge,0.1056701030927835,0.8596898347294544,0.9487195502810744,0.9015848519024159,,15.0,1.0,0.0,-0.0010978572408067988,-0.0009207229625801117,0.0,0.0,-0.00016363096496296858,0.0,-0.0002829975096219073,-1.6010131039245756e-05,-0.00029678874577077075,0.0,1.0,13480.png,1.0,21.0,0.0,recall_drop,15.0,1.1101187586784362,15.0,0.0,0.8214004039764404,0.8364038228988647
0.0,0.35,0.4547126220000943,0.2942576432537987,1.0,-1.0,0.9244536433919767,corridor,0.1056701030927835,0.8595200362236812,0.9487099394015118,0.9014067786549534,1.0,24.0,1.0,0.0,-0.0015654579242376787,-0.0013124811258348745,0.0,0.0,-0.00026183345057706475,0.0,-0.00045279601539505165,-2.562101060177291e-05,-0.000474861993233211,,1.0,13480.png,1.0,21.0,0.0,recall_drop,,,,0.0,0.70726078748703,0.9477772593498229
0.0,0.5,0.4543698468786808,0.2939706151313784,1.0,-1.0,0.9244099920858784,corridor,0.1056701030927835,0.8594445702211154,0.9487056667430285,0.9013276349894145,1.0,28.0,1.0,0.0,-0.0019082330456511865,-0.0015995092482551931,0.0,0.0,-0.000305484756675356,0.0,-0.0005282620179608566,-2.9893669085123697e-05,-0.000554005658772172,,1.0,13480.png,1.0,21.0,0.0,recall_drop,,,,0.0,0.7466146349906921,0.9768602311611175
0.0,0.25,0.4540270512276733,0.2936836971101085,1.0,-1.0,0.9242353514237583,corridor,0.1056701030927835,0.859142706210852,0.9486885689881461,0.9010110603272591,2.0,44.0,1.0,0.0,-0.002251028696658719,-0.0018864272695250928,0.0,0.0,-0.00048012541879538517,0.0,-0.0008301260282242984,-4.699142396746847e-05,-0.000870580320927572,,1.0,13480.png,1.0,21.0,0.0,iou_drop,,,,0.0,0.45235541462898254,0.8321538627147674
0.0,0.35,0.45364222818665534,0.2933617539585871,1.0,-1.0,0.9240715742892811,corridor,0.1056701030927835,0.8588597087012301,0.9486725294877673,0.9007142715814883,2.0,59.0,1.0,0.0,-0.0026358517376766644,-0.0022083704210464905,0.0,0.0,-0.0006439025532726239,0.0,-0.0011131235378462057,-6.303092434634117e-05,-0.0011673690666983427,,1.0,13480.png,1.0,21.0,0.0,dice_drop,,,,0.0,0.5667814612388611,0.9229188561439514
0.0,0.5,0.45289582549830765,0.29273776967487086,1.0,-1.0,0.9238749758905278,corridor,0.1056701030927835,0.8585201116896838,0.9486532688458973,0.9003581250865634,2.0,77.0,1.0,0.0,-0.003382254426024356,-0.0028323547047627295,0.0,0.0,-0.0008405009520259243,0.0,-0.0014527205493924944,-8.229156621630818e-05,-0.0015235155616232232,,1.0,13480.png,1.0,21.0,0.0,dice_drop,,,,0.0,0.6581337451934814,0.9675451874732971
0.0,0.35,0.27730519037438023,0.16097174544494322,4.0,-4.0,0.8650794490964716,corridor,0.2715271271612299,0.762237892694575,0.8493711672383328,0.8813796971396523,2.0,33.0,0.12121212121212122,0.8787878787878788,0.0006116823447182562,0.00041208335413012165,0.0,0.0,0.00021744435553017194,-0.0012349885018311801,0.00033757013197355246,0.0004991742182655079,-8.628499935292577e-05,,0.0,13867.png,0.0,19.0,1.0,low_mean_prob,,,,1.0,0.13289420306682587,0.3841573178768158
0.0,0.5,0.2771818181818182,0.1608886074613477,4.0,-4.0,0.8650256736011858,corridor,0.27144195554041395,0.7621543972239841,0.8493876956982764,0.881250269640623,2.0,41.0,0.24390243902439024,0.7560975609756098,0.0004883101521562239,0.00032894537053460016,0.0,0.0,0.00016366886024432592,-0.0013201601226471293,0.0002540746613827194,0.0005157026782091068,-0.0002157124983821479,,0.0,13867.png,0.0,19.0,1.0,low_mean_prob,,,,1.0,0.25010600686073303,0.742939293384552
0.0,0.35,0.27676216462028197,0.16060590067029082,4.0,-4.0,0.8649718470852208,corridor,0.2722510859381654,0.762070830458216,0.849083655404563,0.8814659821390052,1.0,12.0,0.0,1.0,6.865659061999763e-05,4.623857947771981e-05,0.0,0.0,0.00010984234427935391,-0.0005110297248956952,0.00017050789561456892,0.00021166238449565888,0.0,,0.0,13867.png,0.0,19.0,1.0,low_mean_prob,,,,1.0,0.08864879608154297,0.210994265973568
0.0,0.25,0.2767089643880475,0.16057007125890738,4.0,-4.0,0.8649352298704598,corridor,0.2724214291797973,0.7620139860139861,0.8490130895491378,0.8814659821390052,2.0,8.0,0.0,1.0,1.5456358385512736e-05,1.0409168094277499e-05,0.0,0.0,7.322512951835058e-05,-0.0003406864832637968,0.00011366345138463796,0.00014109652907046133,0.0,,0.0,13867.png,0.0,19.0,1.0,low_mean_prob,,,,1.0,0.10545028746128082,0.26510533839464184
0.0,0.25,0.27665574963609896,0.16053423428179275,4.0,-4.0,0.8648986157558312,corridor,0.2725917724214292,0.7619571500494136,0.8489425354219471,0.8814659821390052,1.0,4.0,0.0,1.0,-3.775839356301436e-05,-2.542780902034525e-05,0.0,0.0,3.6611014889720295e-05,-0.0001703432416318984,5.682748681212768e-05,7.054240187975847e-05,0.0,,1.0,13867.png,0.0,19.0,0.0,low_mean_prob,,,,1.0,0.13498418033123016,0.29607193470001225
0.0,0.5,0.27658607525904383,0.16048731606982755,4.0,-4.0,0.8649237933954276,corridor,0.2722510859381654,0.7619962328192312,0.8490711109263954,0.8813796971396523,1.0,16.0,0.25,0.75,-0.00010743277061814327,-7.234602098554754e-05,0.0,0.0,6.178865448613902e-05,-0.0005110297248956952,9.591025662980535e-05,0.00019911790632809456,-8.628499935292577e-05,,1.0,13867.png,0.0,19.0,0.0,low_mean_prob,,,,1.0,0.27470651268959045,0.8547585606575012
0.0,0.35,0.27641093273909684,0.1603693931398417,4.0,-4.0,0.8649237933954276,corridor,0.2726343582318371,0.7619962328192312,0.8490711109263954,0.8813796971396523,1.0,16.0,0.25,0.75,-0.00028257529056513464,-0.00019026895097140617,0.0,0.0,6.178865448613902e-05,-0.00012775743122395156,9.591025662980535e-05,0.00019911790632809456,-8.628499935292577e-05,,1.0,13867.png,0.0,19.0,0.0,low_mean_prob,,,,1.0,0.07398383319377899,0.21583979576826096
0.0,0.25,0.27641093273909684,0.1603693931398417,4.0,-4.0,0.8649237933954276,corridor,0.2726343582318371,0.7619962328192312,0.8490711109263954,0.8813796971396523,2.0,16.0,0.25,0.75,-0.00028257529056513464,-0.00019026895097140617,0.0,0.0,6.178865448613902e-05,-0.00012775743122395156,9.591025662980535e-05,0.00019911790632809456,-8.628499935292577e-05,,1.0,13867.png,0.0,19.0,0.0,duplicate_cut,,,,1.0,0.07398383319377899,0.21583979576826096
0.0,0.25,0.27641093273909684,0.1603693931398417,4.0,-4.0,0.8649083442699294,corridor,0.2727195298526531,0.7619722512307922,0.8490213190375265,0.8814012683894905,1.0,12.0,0.25,0.75,-0.00028257529056513464,-0.00019026895097140617,0.0,0.0,4.633952898791538e-05,-4.2585810408002356e-05,7.192866819072385e-05,0.00014932601745920593,-6.471374951466657e-05,,1.0,13867.png,0.0,19.0,0.0,low_mean_prob,,,,1.0,0.023139625787734985,0.0457200899720192
0.0,0.5,0.2762727272727273,0.16027635673223986,4.0,-4.0,0.8649787243050998,corridor,0.2724214291797973,0.76208150704094,0.8491769889433868,0.8813796971396523,1.0,22.0,0.18181818181818182,0.8181818181818182,-0.0004207807569346911,-0.00028330535857323813,0.0,0.0,0.00011671956415837403,-0.0003406864832637968,0.00018118447833859186,0.000304995923319451,-8.628499935292577e-05,,1.0,13867.png,0.0,19.0,0.0,low_mean_prob,,,,1.0,0.17420993745326996,0.5069041579961779
0.0,0.5,0.2760844878491937,0.16014966273187184,4.0,-4.0,0.8649861841896312,corridor,0.2719955710757176,0.7620930883313124,0.8493315869352793,0.8812286983907848,2.0,39.0,0.28205128205128205,0.717948717948718,-0.0006090201804682671,-0.00040999935894125983,0.0,0.0,0.00012417944868980957,-0.0007665445873434873,0.0001927657687109674,0.00045959391521199766,-0.0002372837482204071,,1.0,13867.png,0.0,19.0,0.0,low_mean_prob,,,,0.0,0.22907157242298126,0.7421367168426514
0.0,0.35,0.27592474779605564,0.16004217185028993,4.0,-4.0,0.8649312429205086,corridor,0.2722510859381654,0.7620077969073511,0.8492256522191041,0.8812286983907848,2.0,33.0,0.3333333333333333,0.6666666666666666,-0.0007687602336063359,-0.0005174902405231663,0.0,0.0,6.923817956716594e-05,-0.0005110297248956952,0.00010747434474966955,0.0003536591990367377,-0.0002372837482204071,,1.0,13867.png,0.0,19.0,0.0,low_mean_prob,,,,0.0,0.1344030499458313,0.33709322214126586
0.0,0.2,0.2758964594949907,0.1600231384097602,4.0,-4.0,0.8650817173342366,prob_ridge,0.2717826420236777,0.7622414146878322,0.8492954233694975,0.8814659821390052,,24.0,0.0,1.0,-0.0007970485346712741,-0.0005365236810528917,0.0,0.0,0.00021971259329511827,-0.000979473639383388,0.000341092125230813,0.0004234303494301539,0.0,0.0,1.0,13867.png,0.0,19.0,0.0,boundary_iou_drop,24.0,1.3901897656917572,24.0,1.0,0.916987419128418,0.9299303889274597
0.0,0.2,0.2758401741575582,0.15998526936026936,4.0,-4.0,0.8646217028663364,prob_ridge,0.2727621156630611,0.7615274178211175,0.8488091774387962,0.8810345571422408,,20.0,1.0,0.0,-0.0008533338721037897,-0.0005743927305437435,0.0,0.0,-0.00024030187460499786,0.0,-0.00037290474148388153,-6.281558127108067e-05,-0.0004314249967644068,0.0,1.0,13867.png,1.0,19.0,0.0,recall_drop,20.0,1.1365934550762176,10.0,0.0,0.9352525472640991,0.9523396551609039
0.0,0.2,0.2758214366644006,0.1599726632320471,4.0,-4.0,0.8645495924632158,prob_ridge,0.2727621156630611,0.7614155463986725,0.8487903225806451,0.8809051296432115,,26.0,1.0,0.0,-0.000872071365261351,-0.000586998858766008,0.0,0.0,-0.0003124122777256044,0.0,-0.00048477616392894607,-8.167043942219898e-05,-0.000560852495793629,0.0,1.0,13867.png,1.0,19.0,0.0,recall_drop,26.0,1.4218672108650208,26.0,0.0,0.9061816334724426,0.9205013811588287
0.0,0.2,0.27572762716474747,0.15990955460903403,4.0,-4.0,0.8645856488097128,prob_ridge,0.2727621156630611,0.761471482109895,0.8487997505975268,0.8809698433927262,,23.0,1.0,0.0,-0.0009658808649145034,-0.000650107481779072,0.0,0.0,-0.00027635593122865565,0.0,-0.0004288404527064138,-7.224242254055824e-05,-0.0004961387462789624,0.0,1.0,13867.png,1.0,19.0,0.0,recall_drop,23.0,1.1619737792015077,11.5,0.0,0.9370901584625244,0.9471985220909118
0.0,0.2,0.22223953868931662,0.1250109581835715,4.0,4.0,0.8096133012005572,prob_ridge,0.07493558047217773,0.6801263001485884,0.8853909763528217,0.7457841140529532,,4.0,1.0,0.0,0.000468177003791842,0.00029619602805104617,0.0,0.0,-0.0001052671013462847,0.0,-0.00014858841010401136,-2.216487427297853e-05,-0.00016293279022394636,0.0,0.0,1399.png,1.0,19.0,0.0,recall_drop,4.0,0.9895046997070313,4.0,0.0,0.9251149296760559,0.9308627426624299
0.0,0.35,0.22208359326263255,0.12491228070175439,4.0,4.0,0.8094469383693417,corridor,0.0748659377393969,0.6798915264311453,0.8853949978230371,0.7454989816700611,1.0,12.0,0.9166666666666666,0.08333333333333333,0.0003122315771077744,0.00019751854623394072,0.0,0.0,-0.000271629932561801,-6.964273278083077e-05,-0.00038336212754719323,-1.8143404057591184e-05,-0.000448065173116019,,0.0,1399.png,1.0,19.0,1.0,low_mean_prob,,,,0.0,0.02535369247198105,0.06797048375010491
0.0,0.25,0.2220662768031189,0.1249013244452241,4.0,4.0,0.8095259154431276,corridor,0.0748659377393969,0.6800029718785987,0.8854116281319532,0.7456211812627291,1.0,9.0,0.8888888888888888,0.1111111111111111,0.0002949151175941356,0.00018656228970365119,0.0,0.0,-0.0001926528587758991,-6.964273278083077e-05,-0.00027191668009374226,-1.5130951415143201e-06,-0.00032586558044800373,,0.0,1399.png,1.0,19.0,1.0,low_mean_prob,,,,0.0,0.013156980276107788,0.027134592831134806
0.0,0.5,0.22203165198409605,0.12487941769709726,4.0,4.0,0.809394281164997,corridor,0.0748659377393969,0.6798172294661763,0.8853839082684213,0.745417515274949,1.0,14.0,0.9285714285714286,0.07142857142857142,0.00026029029857127517,0.00016465554157681084,0.0,0.0,-0.0003242871369064648,-6.964273278083077e-05,-0.00045765909251616055,-2.9232958673408582e-05,-0.0005295315682281032,,0.0,1399.png,1.0,19.0,1.0,low_mean_prob,,,,0.0,0.041385479271411896,0.07547526806592943
0.0,0.35,0.22168524436822823,0.12466029630928377,4.0,4.0,0.809130925258245,corridor,0.0748659377393969,0.6794457446413315,0.8853284282879132,0.745010183299389,2.0,24.0,0.9583333333333334,0.041666666666666664,-8.611731729654681e-05,-5.446584623668149e-05,0.0,0.0,-0.0005876430436584368,-6.964273278083077e-05,-0.0008291439173609971,-8.471293918144163e-05,-0.0009368635437881911,,1.0,1399.png,1.0,19.0,0.0,low_mean_prob,,,,0.0,0.04061991721391678,0.11100818812847137
0.0,0.25,0.22163300319737972,0.12462725837572355,4.0,4.0,0.8095606606673005,corridor,0.07493558047217773,0.6800520059435364,0.8853798906998114,0.7457026476578411,2.0,6.0,1.0,0.0,-0.00013835848814505725,-8.750377979689639e-05,0.0,0.0,-0.00015790763460299395,0.0,-0.00022288261515601704,-3.325052728331279e-05,-0.00024439918533603056,,1.0,1399.png,1.0,19.0,0.0,low_mean_prob,,,,0.0,0.038131263107061386,0.07826028764247894
0.0,0.2,0.2214085384855095,0.12448532632501096,4.0,4.0,0.8095869815158752,prob_ridge,0.07493558047217773,0.6800891530460624,0.8853854337943708,0.7457433808553972,,5.0,1.0,0.0,-0.00036282320001526647,-0.00022943583050949456,0.0,0.0,-0.00013158678602831486,0.0,-0.0001857355126300142,-2.7707432723844683e-05,-0.00020366598777998846,0.0,1.0,1399.png,1.0,19.0,0.0,recall_drop,5.0,0.9750927805900573,5.0,0.0,0.8834289312362671,0.8995922088623047
0.0,0.2,0.2212534059945504,0.12438725490196079,4.0,4.0,0.8095080154781648,prob_ridge,0.07493558047217773,0.6799777117384844,0.8853688029020557,0.7456211812627291,,8.0,1.0,0.0,-0.0005179556909743754,-0.00032750725355966404,0.0,0.0,-0.00021055282373871886,0.0,-0.0002971768202080227,-4.433832503902835e-05,-0.00032586558044800373,0.0,1.0,1399.png,1.0,19.0,0.0,recall_drop,8.0,0.9934288239479065,8.0,0.0,0.8474504947662354,0.8637158453464509
0.0,0.2,0.22120174346201743,0.12435459875732913,4.0,4.0,0.8094816911374492,prob_ridge,0.07493558047217773,0.6799405646359584,0.8853632581987037,0.7455804480651731,,9.0,1.0,0.0,-0.0005696182235073455,-0.0003601633981913238,0.0,0.0,-0.00023687716445430773,0.0,-0.00033432392273402556,-4.9883028391040085e-05,-0.00036659877800404583,0.0,1.0,1399.png,1.0,19.0,0.0,recall_drop,9.0,1.0033700037002564,9.0,0.0,0.84592205286026,0.8602249979972839
0.0,0.5,0.22098335269066977,0.12421657381615599,4.0,4.0,0.8085247643075288,corridor,0.0748659377393969,0.6785913295441881,0.8852006202752472,0.7440733197556008,1.0,47.0,0.9787234042553191,0.02127659574468085,-0.0007880089948550106,-0.0004981883393644637,0.0,0.0,-0.0011938039943746315,-6.964273278083077e-05,-0.0016835590145043433,-0.00021252095184753905,-0.0018737270875763823,,1.0,1399.png,1.0,19.0,0.0,dice_drop,,,,0.0,0.5258819460868835,0.9608121275901794
0.0,0.25,0.22097727980080922,0.12421273617914626,4.0,4.0,0.8091836057596603,corridor,0.0748659377393969,0.6795200416063004,0.8853395285804172,0.745091649694501,1.0,22.0,0.9545454545454546,0.045454545454545456,-0.0007940818847155529,-0.000502025976374193,0.0,0.0,-0.000534962542243167,-6.964273278083077e-05,-0.0007548469523920298,-7.361264667749001e-05,-0.0008553971486761069,,1.0,1399.png,1.0,19.0,0.0,low_mean_prob,,,,0.0,0.18195007741451263,0.4491592496633531
0.0,0.5,0.22092389187504868,0.12417899991242666,4.0,4.0,0.8086923808891544,corridor,0.07472665227383522,0.6788275067801018,0.8853142109598333,0.7442769857433809,2.0,44.0,0.9318181818181818,0.06818181818181818,-0.0008474698104760925,-0.0005357622430937903,0.0,0.0,-0.0010261874127490689,-0.0002089281983425062,-0.0014473817785906062,-9.893026726137677e-05,-0.0016700610997962828,,1.0,1399.png,1.0,19.0,0.0,low_mean_prob,,,,0.0,0.07273965328931808,0.21264628469944005
0.0,0.35,0.22071967047485816,0.12404996942430331,4.0,4.0,0.8089992036103,corridor,0.0748659377393969,0.6792600022289089,0.8853006681514477,0.744806517311609,1.0,29.0,0.9655172413793104,0.034482758620689655,-0.0010516912106666165,-0.0006647927312171398,0.0,0.0,-0.0007193646916034968,-6.964273278083077e-05,-0.0010148863297835264,-0.0001124730756469905,-0.0011405295315681796,,1.0,1399.png,1.0,19.0,0.0,low_mean_prob,,,,0.0,0.2824673056602478,0.6935170292854309
0.0,0.5,0.2196308595258321,0.12336254012318904,4.0,4.0,0.8076633444075304,corridor,0.07472665227383522,0.6773786083144481,0.8850970873786408,0.7426883910386965,2.0,83.0,0.963855421686747,0.03614457831325301,-0.0021405021596926643,-0.0013522220323314155,0.0,0.0,-0.0020552238943730705,-0.0002089281983425062,-0.002896280244244376,-0.00031605384845390105,-0.0032586558044805924,,1.0,1399.png,1.0,19.0,0.0,dice_drop,,,,0.0,0.5578033924102783,0.9445040106773377
0.0,0.25,0.21950840074673306,0.12328527741371778,4.0,4.0,0.8088589950660442,corridor,0.07479629500661605,0.6790623374693514,0.8853102145590158,0.7445621181262729,2.0,36.0,0.9444444444444444,0.05555555555555555,-0.0022629609387917193,-0.0014294847418026696,0.0,0.0,-0.0008595732358592789,-0.00013928546556167543,-0.0012125510893410407,-0.00010292666807887318,-0.0013849287169042102,,1.0,1399.png,1.0,19.0,0.0,low_mean_prob,,,,0.0,0.18962065875530243,0.6211051642894745
0.0,0.35,0.21910373701349045,0.12303003918154114,4.0,4.0,0.8084371749186605,corridor,0.07479629500661605,0.6784679396686232,0.8852212689641801,0.7439103869653768,2.0,52.0,0.9615384615384616,0.038461538461538464,-0.0026676246720343244,-0.0016847229739793135,0.0,0.0,-0.001281393383242957,-0.00013928546556167543,-0.001806948890069271,-0.00019187226291461634,-0.0020366598778003286,,1.0,1399.png,1.0,19.0,0.0,low_mean_prob,,,,0.0,0.3531058728694916,0.8147113025188446
0.0,0.2,0.4569557836876566,0.29613913772329614,3.0,-3.0,0.9394603870721708,prob_ridge,0.21081994263937454,0.8858324343761237,0.9200218331202689,0.9597380802541281,,120.0,0.9666666666666667,0.03333333333333333,0.0023581767379762253,0.0019778183193612797,0.0,0.0,-0.0008738817057184489,-0.00015715239853847374,-0.0015552021886667822,-8.02618337740757e-05,-0.0017381401899967397,0.0,1.0,14041.png,1.0,19.0,0.0,dice_drop,120.0,1.1797637568201338,13.857142857142858,0.0,0.8684709072113037,0.9216261208057404
0.0,0.2,0.4565714285714286,0.29581636430951497,3.0,-3.0,0.9401012847479241,prob_ridge,0.210977095037913,0.8869727561886322,0.9200677100517867,0.9610267014294704,,30.0,1.0,0.0,0.001973821621748195,0.0016550449055801053,0.0,0.0,-0.00023298402996518863,0.0,-0.00041488037615822204,-3.438490225626811e-05,-0.00044951901465439814,0.0,0.0,14041.png,1.0,19.0,0.0,recall_drop,30.0,1.4875953674316404,30.0,0.0,0.8866499066352844,0.9058108448982238
0.0,0.25,0.45469791794494213,0.294245327968659,3.0,-3.0,0.9402901949289169,corridor,0.2107413664401053,0.8873091391900862,0.9201686698603023,0.9613113968054182,1.0,17.0,0.6470588235294118,0.35294117647058826,0.00010031099526175424,8.40085647241251e-05,0.0,0.0,-4.407384897242572e-05,-0.0002357285978077106,-7.84973747042228e-05,6.657490625938678e-05,-0.00016482363870662375,,0.0,14041.png,1.0,19.0,1.0,recall_drop,,,,0.0,0.6420397162437439,0.9399448871612549
0.0,0.35,0.45460120191324965,0.2941643299296334,3.0,-3.0,0.9402435985753441,corridor,0.2107413664401053,0.8872261562292543,0.9201617993000172,0.9612214930024874,1.0,23.0,0.7391304347826086,0.2608695652173913,3.5949635692755777e-06,3.0105256985102358e-06,0.0,0.0,-9.067020254516223e-05,-0.0002357285978077106,-0.00016148033553620156,5.970434597424301e-05,-0.000254727441637459,,0.0,14041.png,1.0,19.0,1.0,recall_drop,,,,0.0,0.7163673639297485,0.9576793670654297
0.0,0.25,0.4543338913158862,0.29394051455438747,3.0,-3.0,0.9401520204648571,corridor,0.21046634974266296,0.8870630869883951,0.9202336026172676,0.9609517815936948,2.0,48.0,0.7291666666666666,0.2708333333333333,-0.0002637156337941815,-0.00022080484954739577,0.0,0.0,-0.00018224831303215172,-0.0005107452952500535,-0.0003245495763953832,0.00013150766322467256,-0.0005244388504300757,,1.0,14041.png,1.0,19.0,0.0,recall_drop,,,,0.0,0.7082754969596863,0.9609463155269623
0.0,0.2,0.45376089001595155,0.29346100941699294,3.0,-3.0,0.9402333216086294,prob_ridge,0.210977095037913,0.8872078550684552,0.9200871984625534,0.9612814288711079,,13.0,1.0,0.0,-0.0008367169337288316,-0.0007003099869419271,0.0,0.0,-0.00010094716925990177,0.0,-0.00017978149633524065,-1.489649148955774e-05,-0.00019479157301693917,0.0,1.0,14041.png,1.0,19.0,0.0,recall_drop,13.0,1.1460109090805055,13.0,0.0,0.8919228911399841,0.9043212294578552
0.0,0.5,0.4536368457553135,0.2933572521500554,3.0,-3.0,0.9401193215966226,corridor,0.2107413664401053,0.8870048683337022,0.9201434720229555,0.9609817495280051,1.0,39.0,0.8461538461538461,0.15384615384615385,-0.0009607611943668881,-0.0008040672538794369,0.0,0.0,-0.0002149471812666892,-0.0002357285978077106,-0.00038276823108829294,4.137706891260695e-05,-0.0004944709161197602,,1.0,14041.png,1.0,19.0,0.0,recall_drop,,,,0.0,0.8225349187850952,0.98372882604599
0.0,0.35,0.45360068468027875,0.2933270082226439,3.0,-3.0,0.9399888569585362,corridor,0.21046634974266296,0.8867726185042256,0.9202095593512272,0.9606371182834367,2.0,69.0,0.8115942028985508,0.18840579710144928,-0.0009969222694016233,-0.0008343111812909587,0.0,0.0,-0.00034541181935310306,-0.0005107452952500535,-0.0006150180605648536,0.00010746439718423151,-0.0008391021606881655,,1.0,14041.png,1.0,19.0,0.0,recall_drop,,,,0.0,0.7892413139343262,0.9813230037689209
0.0,0.2,0.45342706502636204,0.29318181818181815,3.0,-3.0,0.9401867241202422,prob_ridge,0.210977095037913,0.8871248789932237,0.9200803212851406,0.9611915250681771,,19.0,1.0,0.0,-0.0011705419233183356,-0.0009795012221167076,0.0,0.0,-0.0001475446576471029,0.0,-0.00026275757156679624,-2.1773668902325127e-05,-0.0002846953759477744,0.0,1.0,14041.png,1.0,19.0,0.0,recall_drop,19.0,1.2089541244506836,19.0,0.0,0.8334486484527588,0.8561801910400391
0.0,0.5,0.4523470839260313,0.2922794117647059,3.0,-3.0,0.9398100964182278,corridor,0.21046634974266296,0.8864544863548972,0.9201832096141973,0.9602924870388684,2.0,92.0,0.8586956521739131,0.14130434782608695,-0.002250523023649087,-0.0018819076392289635,0.0,0.0,-0.0005241723596615122,-0.0005107452952500535,-0.0009331502098932631,8.111466015436886e-05,-0.0011837334052564596,,1.0,14041.png,1.0,19.0,0.0,dice_drop,,,,0.0,0.83943110704422,0.9912519156932831
0.0,0.2,0.17047961909185924,0.09318268376285388,1.0,-1.0,0.636222187645869,prob_ridge,0.0587427944002196,0.46651454649172847,0.9068529607451763,0.48999400838825646,,54.0,0.7592592592592593,0.24074074074074073,0.007377045695701218,0.004390260716287189,0.0,0.0,-0.0018493906477417,-0.001189495836764566,-0.001991410300154317,0.0008785339374161039,-0.0024565608148591767,0.0,1.0,1418.png,1.0,13.0,0.0,dice_drop,570.0,1.007291479587555,1.025,0.0,0.9929450750350952,0.995635199546814
0.0,0.5,0.16502047699349554,0.08993041880005251,1.0,-1.0,0.6375606913963876,corridor,0.05947479183822857,0.4679552970692211,0.9063500828271673,0.49173157579388854,1.0,17.0,0.7058823529411765,0.29411764705882354,0.0019179035973375114,0.0011379957534858182,0.0,0.0,-0.0005108868972231173,-0.0004574983987555986,-0.0005506597226616616,0.00037565601940714455,-0.0007189934092270978,,1.0,1418.png,1.0,13.0,0.0,dice_drop,,,,0.0,0.481575071811676,0.832479727268219
0.0,0.35,0.16449589966232514,0.08961892247043364,1.0,-1.0,0.6378533706119913,corridor,0.05956629151797969,0.4682707109869434,0.9063120723902008,0.4920910724985021,1.0,10.0,0.6,0.4,0.0013933262661671164,0.0008264994238669499,0.0,0.0,-0.00021820768161939785,-0.0003659987190044803,-0.00023524580493938796,0.0003376455824406488,-0.0003594967046135489,,0.0,1418.png,1.0,13.0,1.0,low_mean_prob,,,,0.0,0.28017789125442505,0.5129328191280365
0.0,0.5,0.16411984117434725,0.08939572683182592,1.0,-1.0,0.6370773416245628,corridor,0.05910879311922408,0.4674346983004449,0.9066371681415929,0.49107249850209705,2.0,32.0,0.71875,0.28125,0.0010172677781892236,0.0006033037852592321,0.0,0.0,-0.0009942366690479654,-0.0008234971177600858,-0.0010712584914379097,0.000662741333832706,-0.0013780707010185855,,1.0,1418.png,1.0,13.0,0.0,dice_drop,,,,0.0,0.5438742637634277,0.907330733537674
0.0,0.35,0.1641161585733221,0.08939354161197165,1.0,-1.0,0.6375291375291375,corridor,0.05920029279897521,0.4679213002566296,0.9066298342541437,0.4916117435590174,2.0,22.0,0.6363636363636364,0.36363636363636365,0.0010135851771640725,0.0006011185654049567,0.0,0.0,-0.0005424407644731843,-0.0007319974380089606,-0.0005846565352531918,0.0006554074463834825,-0.0008388256440982622,,1.0,1418.png,1.0,13.0,0.0,low_mean_prob,,,,0.0,0.39840948581695557,0.7835307478904724
0.0,0.25,0.16359030039811798,0.0890815924320063,1.0,-1.0,0.637719434519186,corridor,0.05947479183822857,0.4681263542023036,0.9063810995804813,0.4919113241461953,2.0,14.0,0.6428571428571429,0.35714285714285715,0.00048772700195995333,0.00028916938543961657,0.0,0.0,-0.000352143774424718,-0.0004574983987555986,-0.0003796025895791977,0.00040667277272110613,-0.0005392450569203233,,0.0,1418.png,1.0,13.0,1.0,low_mean_prob,,,,0.0,0.2529439926147461,0.5005263060331344
0.0,0.25,0.1632061805890874,0.08885383806519453,1.0,-1.0,0.6378600823045267,corridor,0.05993229023698417,0.46827794561933533,0.9059329510366123,0.49221090473337326,1.0,4.0,1.0,0.0,0.00010360719292937248,6.141501862784449e-05,0.0,0.0,-0.00021149598908398737,0.0,-0.00022801117254744874,-4.147577114788081e-05,-0.00023966446974238442,,0.0,1418.png,1.0,13.0,0.0,low_mean_prob,,,,0.0,0.24309536814689636,0.45226512253284457
0.0,0.25,0.162748643761302,0.08858267716535433,1.0,-1.0,0.6376485206181564,corridor,0.05993229023698417,0.4680499344467879,0.9058914386584289,0.4919712402636309,1.0,8.0,1.0,0.0,-0.0003539296348560317,-0.00020974588121236426,0.0,0.0,-0.00042305767545436357,0.0,-0.0004560223450948975,-8.298814933127563e-05,-0.00047932893948471333,,1.0,1418.png,1.0,13.0,0.0,low_p90_prob,,,,0.0,0.4220793843269348,0.7413454353809357
0.0,0.35,0.16263100831225152,0.08851298190401259,1.0,-1.0,0.6374898062211176,corridor,0.05993229023698417,0.4678789260673773,0.9058602803222602,0.49179149191132415,1.0,11.0,1.0,0.0,-0.0004715650839065,-0.0002794411425540988,0.0,0.0,-0.000581772072493103,0.0,-0.000627030724505484,-0.00011414648550001072,-0.0006590772917914878,,1.0,1418.png,1.0,13.0,0.0,dice_drop,,,,0.0,0.5039979815483093,0.8370110988616943
0.0,0.5,0.1624939817043813,0.0884318092493122,1.0,-1.0,0.6373310548392108,corridor,0.05993229023698417,0.4677079176879667,0.9058291013468757,0.4916117435590174,1.0,14.0,1.0,0.0,-0.0006085916917767109,-0.00036061379725449427,0.0,0.0,-0.0007405234543998995,0.0,-0.0007980391039160706,-0.0001453254608845267,-0.0008388256440982622,,1.0,1418.png,1.0,13.0,0.0,dice_drop,,,,0.0,0.5969617962837219,0.9336963474750519
0.0,0.25,0.16184273999035215,0.0880461881642829,0.0,0.0,0.6373310548392108,corridor,0.05993229023698417,0.4677079176879667,0.9058291013468757,0.4916117435590174,2.0,14.0,1.0,0.0,-0.0012598334058058769,-0.0007462348822837861,-1.0,1.0,-0.0007405234543998995,0.0,-0.0007980391039160706,-0.0001453254608845267,-0.0008388256440982622,,1.0,1418.png,1.0,13.0,0.0,low_mean_prob,,,,0.0,0.2664422392845154,0.5440678268671036
0.0,0.35,0.16160886319845857,0.08790776889820516,0.0,0.0,0.6368545786549594,corridor,0.05993229023698417,0.46719489254973495,0.9057354403801525,0.49107249850209705,2.0,23.0,1.0,0.0,-0.0014937101976994493,-0.00088465414836153,-1.0,1.0,-0.001216999638651295,0.0,-0.0013110642421478302,-0.00023898642760766808,-0.0013780707010185855,,1.0,1418.png,1.0,13.0,0.0,dice_drop,,,,0.0,0.4278460741043091,0.8372653484344482
0.0,0.5,0.1614727469618578,0.08782722513089006,0.0,0.0,0.6364307644475535,corridor,0.05993229023698417,0.46673887020464006,0.9056520296427386,0.49059316956261234,2.0,31.0,1.0,0.0,-0.0016298264343002355,-0.0009651979156766327,-1.0,1.0,-0.0016408138460571875,0.0,-0.0017670865872427277,-0.0003223971650215818,-0.0018573996405032989,,1.0,1418.png,1.0,13.0,0.0,dice_drop,,,,0.0,0.545371413230896,0.9156783223152161
0.0,0.25,0.4410034809746729,0.28287650138589465,1.0,-1.0,0.9396152659191441,corridor,0.1902050972703966,0.8861078773767948,0.9267451298701299,0.9528479031921552,2.0,32.0,0.46875,0.53125,0.00039613351263212415,0.00032588993794480103,0.0,0.0,4.972489414667436e-07,-0.0006409289699894627,8.844570047461531e-07,0.00021232968468720692,-0.0002235402819588117,,0.0,15040.png,0.0,20.0,1.0,low_mean_prob,,,,0.0,0.20621740818023682,0.5792848169803622
0.0,0.35,0.4407660629323098,0.2826811631365711,1.0,-1.0,0.9395442487305542,corridor,0.1901673955662796,0.8859815674589425,0.9267479450863281,0.952698876337516,2.0,43.0,0.5813953488372093,0.4186046511627907,0.00015871547026902189,0.00013055168862124988,0.0,0.0,-7.051993964846126e-05,-0.0006786306741064785,-0.00012542546084748363,0.00021514490088536675,-0.0003725671365979455,,0.0,15040.png,1.0,20.0,1.0,low_mean_prob,,,,0.0,0.309638112783432,0.7395801186561586
0.0,0.5,0.4407023719051238,0.282628770777755,1.0,-1.0,0.9395981044046876,corridor,0.1904690091992158,0.8860773526599504,0.9266553628103126,0.952907513934011,1.0,21.0,0.5238095238095238,0.47619047619047616,9.502444308301383e-05,7.815932980514972e-05,0.0,0.0,-1.6664265515053955e-05,-0.0003770170411702689,-2.9640259839647243e-05,0.0001225626248698708,-0.00016392954010302496,,0.0,15040.png,1.0,20.0,1.0,low_mean_prob,,,,0.0,0.24865809082984924,0.6365001797676086
0.0,0.35,0.44063725882635496,0.28257521306088923,1.0,-1.0,0.939608557658399,corridor,0.19058211431156688,0.8860959454590804,0.926619330531807,0.9529671246758666,1.0,14.0,0.5,0.5,2.991136431418351e-05,2.4601612939378903e-05,0.0,0.0,-6.211011803647359e-06,-0.0002639119288191938,-1.1047460709567858e-05,8.653034636429968e-05,-0.00010431879824734924,,0.0,15040.png,0.0,20.0,1.0,low_mean_prob,,,,0.0,0.10521654784679413,0.27881035208702104
0.0,0.25,0.44051099275159183,0.28247136767500386,1.0,-1.0,0.9396112196770449,corridor,0.19069521942391796,0.8861006803475177,0.9265822417990032,0.9530118327322583,1.0,8.0,0.5,0.5,-9.635471044894262e-05,-7.924377294599161e-05,0.0,0.0,-3.548993157798108e-06,-0.00015080681646811867,-6.3125722723489375e-06,4.9441613560463615e-05,-5.961074185567572e-05,,1.0,15040.png,0.0,20.0,0.0,low_mean_prob,,,,0.0,0.032965052872896194,0.06574203148484228
0.0,0.5,0.44019787760312773,0.28221392398588163,1.0,-1.0,0.9393407078019919,corridor,0.19012969386216258,0.8856196468664246,0.9267327019854104,0.9522965038299902,2.0,71.0,0.7323943661971831,0.2676056338028169,-0.00040946985891304744,-0.0003366874620682192,0.0,0.0,-0.00027406086821080144,-0.0007163323782234943,-0.0004873460533654228,0.00019990179996765,-0.0007749396441237844,,1.0,15040.png,1.0,20.0,0.0,recall_drop,,,,0.0,0.4878664016723633,0.8725081086158752
0.0,0.25,0.4399744061425258,0.28203024865419124,1.0,-1.0,0.9394667430771378,corridor,0.19084602624038607,0.8858437365773905,0.926512571552786,0.9527882924502995,1.0,19.0,1.0,0.0,-0.000632941319514968,-0.0005203627937586108,0.0,0.0,-0.00014802559306481555,0.0,-0.00026325634239954265,-2.0228632656715817e-05,-0.0002831510238144874,,1.0,15040.png,1.0,20.0,0.0,recall_drop,,,,0.0,0.415107399225235,0.9739276051521302
0.0,0.35,0.4396930700983135,0.28179908816146715,1.0,-1.0,0.9394355745281148,corridor,0.19084602624038607,0.8857883141895169,0.9265083114737468,0.9527286817084438,1.0,23.0,1.0,0.0,-0.0009142773637272894,-0.0007515232864827026,0.0,0.0,-0.00017919414208789064,0.0,-0.0003186787302731364,-2.44887116959136e-05,-0.00034276176567016314,,1.0,15040.png,1.0,20.0,0.0,recall_drop,,,,0.0,0.51508629322052,0.988854169845581
0.0,0.5,0.4396930700983135,0.28179908816146715,1.0,-1.0,0.9394355745281148,corridor,0.19084602624038607,0.8857883141895169,0.9265083114737468,0.9527286817084438,1.0,23.0,1.0,0.0,-0.0009142773637272894,-0.0007515232864827026,0.0,0.0,-0.00017919414208789064,0.0,-0.0003186787302731364,-2.44887116959136e-05,-0.00034276176567016314,,1.0,15040.png,1.0,20.0,0.0,duplicate_cut,,,,0.0,0.51508629322052,0.988854169845581
0.0,0.2,0.43944539896911333,0.2815956575174109,1.0,-1.0,0.9394589511116336,prob_ridge,0.19084602624038607,0.885829880980422,0.9265115065793287,0.9527733897648356,,20.0,1.0,0.0,-0.0011619484929274448,-0.0009549539305389598,0.0,0.0,-0.00015581755856908241,0.0,-0.00027711193936796885,-2.1293606114025643e-05,-0.0002980537092783786,0.0,1.0,15040.png,1.0,20.0,0.0,recall_drop,20.0,1.1776289701461793,20.0,0.0,0.791824460029602,0.8057850420475006
0.0,0.2,0.43928742610640675,0.2814659364283155,1.0,-1.0,0.9394355745281148,prob_ridge,0.19084602624038607,0.8857883141895169,0.9265083114737468,0.9527286817084438,,23.0,1.0,0.0,-0.001319921355634024,-0.001084675019634329,0.0,0.0,-0.00017919414208789064,0.0,-0.0003186787302731364,-2.44887116959136e-05,-0.00034276176567016314,0.0,1.0,15040.png,1.0,20.0,0.0,recall_drop,23.0,1.2513743376731872,23.0,0.0,0.8004363775253296,0.818198025226593
0.0,0.25,0.43921130358425803,0.28140343698854337,0.0,0.0,0.9392857142857143,corridor,0.19077062283215201,0.8855218855218855,0.9265128011829858,0.9524157253137016,2.0,46.0,0.9565217391304348,0.043478260869565216,-0.0013960438777827489,-0.0011471744594064859,-1.0,1.0,-0.00032905438448838087,-7.540340823405933e-05,-0.0005851073979045163,-1.9999002456860815e-05,-0.0006557181604124329,,1.0,15040.png,1.0,20.0,0.0,recall_drop,,,,0.0,0.5173751711845398,0.9767543077468872
0.0,0.35,0.4389134857006103,0.28115897593131994,0.0,0.0,0.9392467389307367,corridor,0.19077062283215201,0.8854526056172146,0.9265074739390776,0.9523412118863819,2.0,51.0,0.9607843137254902,0.0392156862745098,-0.001693861761430493,-0.0013916355166299077,-1.0,1.0,-0.0003680297394659249,-7.540340823405933e-05,-0.0006543873025753877,-2.532624636508718e-05,-0.0007302315877321108,,1.0,15040.png,1.0,20.0,0.0,recall_drop,,,,0.0,0.5634086728096008,0.9839329719543457
0.0,0.2,0.43804516668658144,0.2804467564259486,1.0,-1.0,0.9392563198118754,prob_ridge,0.19084602624038607,0.8854696354592437,0.926483806431036,0.9523859199427737,,46.0,1.0,0.0,-0.002562180775459333,-0.0021038550220012775,0.0,0.0,-0.0003584488583272538,0.0,-0.0006373574605462728,-4.899375440670095e-05,-0.0006855235313403263,0.0,1.0,15040.png,1.0,20.0,0.0,recall_drop,46.0,1.3120537912845611,23.0,0.0,0.8490448594093323,0.8756045401096344
0.0,0.2,0.4380102752001274,0.28041815400305964,1.0,-1.0,0.9392563198118754,prob_ridge,0.19084602624038607,0.8854696354592437,0.926483806431036,0.9523859199427737,,46.0,1.0,0.0,-0.002597072261913358,-0.0021324574448902123,0.0,0.0,-0.0003584488583272538,0.0,-0.0006373574605462728,-4.899375440670095e-05,-0.0006855235313403263,0.0,1.0,15040.png,1.0,20.0,0.0,recall_drop,46.0,1.1651851479212443,15.333333333333334,0.0,0.8587461709976196,0.8913072049617767
0.0,0.5,0.43664933931193206,0.27930351794507335,0.0,0.0,0.9389504326028948,corridor,0.19077062283215201,0.8849260783417162,0.9264669616305216,0.9517749098387529,2.0,89.0,0.9775280898876404,0.02247191011235955,-0.003958008150108716,-0.003247093502876497,-1.0,1.0,-0.0006643360673078691,-7.540340823405933e-05,-0.0011809145780737884,-6.583855492114932e-05,-0.0012965336353610857,,1.0,15040.png,1.0,20.0,0.0,dice_drop,,,,0.0,0.7454509735107422,0.992208206653595
0.0,0.2,0.45041091518391446,0.29066474434890066,2.0,-2.0,0.9373789946463704,prob_ridge,0.19222218035196142,0.8821385893218063,0.9203041310102813,0.9550994329526395,,20.0,1.0,0.0,0.0017709151839144788,0.0014733252069864533,0.0,0.0,-0.00016655893247552456,0.0,-0.00029505923314110394,-2.4524824282945445e-05,-0.00031946330165322223,0.0,0.0,15067.png,1.0,20.0,0.0,recall_drop,20.0,1.2150264382362366,20.0,0.0,0.8237879872322083,0.8421227276325226
0.0,0.25,0.4485981308411215,0.2891566265060241,2.0,-2.0,0.9373780129335685,corridor,0.19218449711723254,0.8821368504912809,0.9203170694166538,0.9550834597875569,1.0,22.0,0.9545454545454546,0.045454545454545456,-4.186915887849363e-05,-3.4792635890124046e-05,0.0,0.0,-0.00016754064527746415,-3.7683234728885795e-05,-0.00029679806366655903,-1.1586417910436353e-05,-0.00033543646673583893,,1.0,15067.png,1.0,20.0,0.0,low_mean_prob,,,,0.0,0.17063894867897034,0.39396739900112154
0.0,0.35,0.4484795274962088,0.28905807911929626,2.0,-2.0,0.93729471249951,corridor,0.19218449711723254,0.8819893186981794,0.9203048029556651,0.9549237281367303,1.0,32.0,0.96875,0.03125,-0.00016047250379119804,-0.00013334002261794486,0.0,0.0,-0.00025084107933592836,-3.7683234728885795e-05,-0.00044432985676801096,-2.385287889916654e-05,-0.00049516811756245,,1.0,15067.png,1.0,20.0,0.0,low_mean_prob,,,,0.0,0.26264575123786926,0.54433753490448
0.0,0.5,0.44808612440191387,0.2887313087713889,2.0,-2.0,0.937211399004351,corridor,0.19218449711723254,0.8818417869050781,0.920292532717475,0.9547639964859037,1.0,42.0,0.9761904761904762,0.023809523809523808,-0.0005538755980861176,-0.0004601103705252907,0.0,0.0,-0.000334154574494927,-3.7683234728885795e-05,-0.0005918616498693519,-3.612311708922622e-05,-0.0006548997683890612,,1.0,15067.png,1.0,20.0,0.0,low_mean_prob,,,,0.0,0.39856457710266113,0.8532082319259644
0.0,0.25,0.44753123378437715,0.2882706844243328,2.0,-2.0,0.9371898104952839,corridor,0.1919960809435882,0.881803561680216,0.9203547999630417,0.9546521843303251,2.0,54.0,0.8888888888888888,0.1111111111111111,-0.0011087662156228362,-0.0009207347175814173,0.0,0.0,-0.0003557430835620101,-0.0002260994083732315,-0.0006300868747314281,2.614412847745662e-05,-0.0007667119239677112,,1.0,15067.png,1.0,20.0,0.0,low_mean_prob,,,,0.0,0.19487199187278748,0.4240465015172959
0.0,0.2,0.44729810568295114,0.28807725895104536,2.0,-2.0,0.9373540063022245,prob_ridge,0.19222218035196142,0.8820943304368352,0.9203004509843156,0.9550515134573916,,23.0,1.0,0.0,-0.0013418943170488418,-0.0011141601908688514,0.0,0.0,-0.00019154727662140658,0.0,-0.0003393181181122751,-2.8204850248680913e-05,-0.00036738279690118336,0.0,1.0,15067.png,1.0,20.0,0.0,recall_drop,23.0,1.3434267377853393,23.0,0.0,0.894894003868103,0.9063796520233154
0.0,0.35,0.4470944841064093,0.2879083624409287,2.0,-2.0,0.9370147896049309,corridor,0.1919960809435882,0.8814937220591056,0.9203290355376866,0.9543167478635892,2.0,75.0,0.92,0.08,-0.0015455158935906987,-0.0012830567009854965,0.0,0.0,-0.0005307639739150494,-0.0002260994083732315,-0.0009399264958418474,3.7970312238844173e-07,-0.00110214839070355,,1.0,15067.png,1.0,20.0,0.0,low_mean_prob,,,,0.0,0.3223353624343872,0.7192585229873658
0.0,0.2,0.44697724464990235,0.2878111367718758,2.0,-2.0,0.9373040260880472,prob_ridge,0.19222218035196142,0.8820058126668929,0.9202930899127195,0.9549556744668957,,29.0,1.0,0.0,-0.0016627553500976333,-0.0013802823700383993,0.0,0.0,-0.00024152749079875413,0.0,-0.00042783588805450634,-3.5565921844726844e-05,-0.0004632217873971056,0.0,1.0,15067.png,1.0,20.0,0.0,recall_drop,29.0,1.4192422914505003,29.0,0.0,0.850753903388977,0.8712024092674255
0.0,0.5,0.4459561602418745,0.28696498054474706,2.0,-2.0,0.9367896780265893,corridor,0.1919960809435882,0.8810953568319636,0.9202958853444291,0.9538854724063573,2.0,102.0,0.9411764705882353,0.058823529411764705,-0.0026838397581254725,-0.0022264385971671463,0.0,0.0,-0.0007558755522566463,-0.0002260994083732315,-0.001338291722983831,-3.277049013516997e-05,-0.0015334238479354223,,1.0,15067.png,1.0,20.0,0.0,dice_drop,,,,0.0,0.47599267959594727,0.9146327137947082
0.0,0.2,0.44552135054617675,0.2866049982112741,2.0,-2.0,0.9370873908202788,prob_ridge,0.19222218035196142,0.8816222356638095,0.9202611762169487,0.9545403721747464,,55.0,1.0,0.0,-0.00311864945382323,-0.0025864209306400987,0.0,0.0,-0.00045816275856713773,0.0,-0.0008114128911379526,-6.747961761555121e-05,-0.0008785240795463611,0.0,1.0,15067.png,1.0,20.0,0.0,iou_drop,55.0,1.1456330490112305,13.5,0.0,0.8776330947875977,0.9027111172676087
0.0,0.25,0.49313005834744966,0.32725455908068946,0.0,0.0,0.931253893387915,corridor,0.11311750290210242,0.8713518464548898,0.9398055636633064,0.9228564499415746,1.0,4.0,1.0,0.0,-0.00018570139647805517,-0.0001635863829446138,0.0,0.0,-4.7552663252958816e-05,0.0,-8.326741329789389e-05,-5.405512546130531e-06,-8.8189254139448e-05,,1.0,15369.png,1.0,19.0,0.0,low_mean_prob,,,,0.0,0.19050414860248566,0.3552753746509552
0.0,0.35,0.49313005834744966,0.32725455908068946,0.0,0.0,0.931253893387915,corridor,0.11311750290210242,0.8713518464548898,0.9398055636633064,0.9228564499415746,1.0,4.0,1.0,0.0,-0.00018570139647805517,-0.0001635863829446138,0.0,0.0,-4.7552663252958816e-05,0.0,-8.326741329789389e-05,-5.405512546130531e-06,-8.8189254139448e-05,,1.0,15369.png,1.0,19.0,0.0,duplicate_cut,,,,0.0,0.19050414860248566,0.3552753746509552
0.0,0.25,0.49313005834744966,0.32725455908068946,0.0,0.0,0.931253893387915,corridor,0.11311750290210242,0.8713518464548898,0.9398055636633064,0.9228564499415746,2.0,4.0,1.0,0.0,-0.00018570139647805517,-0.0001635863829446138,0.0,0.0,-4.7552663252958816e-05,0.0,-8.326741329789389e-05,-5.405512546130531e-06,-8.8189254139448e-05,,1.0,15369.png,1.0,19.0,0.0,low_mean_prob,,,,0.0,0.10567276179790497,0.197804194688797
0.0,0.35,0.49313005834744966,0.32725455908068946,0.0,0.0,0.931253893387915,corridor,0.11311750290210242,0.8713518464548898,0.9398055636633064,0.9228564499415746,2.0,4.0,1.0,0.0,-0.00018570139647805517,-0.0001635863829446138,0.0,0.0,-4.7552663252958816e-05,0.0,-8.326741329789389e-05,-5.405512546130531e-06,-8.8189254139448e-05,,1.0,15369.png,1.0,19.0,0.0,duplicate_cut,,,,0.0,0.10567276179790497,0.197804194688797
0.0,0.5,0.49313005834744966,0.32725455908068946,0.0,0.0,0.931253893387915,corridor,0.11311750290210242,0.8713518464548898,0.9398055636633064,0.9228564499415746,2.0,4.0,1.0,0.0,-0.00018570139647805517,-0.0001635863829446138,0.0,0.0,-4.7552663252958816e-05,0.0,-8.326741329789389e-05,-5.405512546130531e-06,-8.8189254139448e-05,,1.0,15369.png,1.0,19.0,0.0,duplicate_cut,,,,0.0,0.10567276179790497,0.197804194688797
0.0,0.25,0.4928981281158875,0.32705030582948447,0.0,0.0,0.9311231017411137,corridor,0.11311750290210242,0.8711228610683209,0.9397906934962271,0.9226139294926913,2.0,15.0,1.0,0.0,-0.0004176316280402048,-0.00036783963414960263,0.0,0.0,-0.000178344310054257,0.0,-0.00031225279986679677,-2.0275679625370024e-05,-0.0003307097030227357,,1.0,15369.png,1.0,19.0,0.0,low_mean_prob,,,,0.0,0.32307112216949463,0.750011646747589
0.0,0.5,0.49275907466616514,0.3269278762166209,0.0,0.0,0.9312063364926801,corridor,0.11311750290210242,0.871268579041592,0.9398001571797463,0.9227682606874352,1.0,8.0,1.0,0.0,-0.0005566850777625754,-0.0004902692470131753,0.0,0.0,-9.510955848779368e-05,0.0,-0.00016653482659567675,-1.0811996106196986e-05,-0.00017637850827878498,,1.0,15369.png,1.0,19.0,0.0,recall_drop,,,,0.0,0.5836506485939026,0.9841465413570404
0.0,0.35,0.49234238466597763,0.3265611367318958,0.0,0.0,0.9310279604348165,corridor,0.11311750290210242,0.8709563262417253,0.9397798742138365,0.9224375509844126,2.0,23.0,1.0,0.0,-0.0009733750779500894,-0.0008570087317382735,0.0,0.0,-0.0002734856163514321,0.0,-0.0004787876264624735,-3.109496201603168e-05,-0.0005070882113014097,,1.0,15369.png,1.0,19.0,0.0,recall_drop,,,,0.0,0.5367897152900696,0.9557378172874451
0.0,0.5,0.4917878930079775,0.3260734287492221,0.0,0.0,0.9308852167139599,corridor,0.11311750290210242,0.8707065240018319,0.9397636379976634,0.9221729832219944,2.0,35.0,1.0,0.0,-0.001527866735950234,-0.001344716714411942,0.0,0.0,-0.00041622933720808497,0.0,-0.0007285898663558221,-4.733117818911392e-05,-0.0007716559737196427,,1.0,15369.png,1.0,19.0,0.0,recall_drop,,,,0.0,0.6894953846931458,0.9868431091308594
0.0,0.2,0.490958493394547,0.32534459207748667,0.0,0.0,0.9309446978969623,prob_ridge,0.11311750290210242,0.8708106082684541,0.9397704041515962,0.9222832197896687,,30.0,1.0,0.0,-0.0023572663493807156,-0.0020735533861473976,0.0,0.0,-0.00035674815420561057,0.0,-0.0006245055997335935,-4.056502425631159e-05,-0.0006614194060453604,0.0,1.0,15369.png,1.0,19.0,0.0,recall_drop,30.0,1.1341901659965514,10.0,0.0,0.9303274154663086,0.9497348427772522
0.0,0.2,0.47651371164811296,0.3127784708608091,0.0,0.0,0.928117992257316,prob_ridge,0.11311750290210242,0.8658770140305592,0.939448007950131,0.9170580064819102,,267.0,1.0,0.0,-0.01680204809581476,-0.014639674602824948,0.0,0.0,-0.003183453793851987,0.0,-0.005558099837628561,-0.00036296122572154754,-0.005886632713803852,0.0,1.0,15369.png,1.0,19.0,0.0,dice_drop,304.0,0.9881370431761588,1.596774193548387,0.0,0.947228729724884,0.9690653204917907
0.0,0.2,0.47460532250789356,0.3111360813767816,0.0,0.0,0.928117992257316,prob_ridge,0.11311750290210242,0.8658770140305592,0.939448007950131,0.9170580064819102,,267.0,1.0,0.0,-0.01871043723603416,-0.016282064086852455,0.0,0.0,-0.003183453793851987,0.0,-0.005558099837628561,-0.00036296122572154754,-0.005886632713803852,0.0,1.0,15369.png,1.0,19.0,0.0,dice_drop,503.0,0.9845434208143325,1.619047619047619,0.0,0.9496963024139404,0.9690653204917907
0.0,0.5,0.36248199327749026,0.22136061514401148,1.0,-1.0,0.9020515155617362,corridor,0.05805208235404719,0.8215790889526542,0.9674004856931686,0.8449726788555092,2.0,54.0,0.2962962962962963,0.7037037037037037,0.004594013819939291,0.0034169091236830873,0.0,0.0,0.00020551686537284564,-0.001786217918586068,0.0003409041208664032,0.0009552329123155845,-0.0003688930901712961,,0.0,15446.png,0.0,21.0,1.0,low_mean_prob,,,,0.0,0.19478076696395874,0.4916051924228668
0.0,0.35,0.36236375293866213,0.22127243066884175,1.0,-1.0,0.9022271440876092,corridor,0.05805208235404719,0.8218705164992827,0.9674116684697998,0.8452724044912734,2.0,41.0,0.07317073170731707,0.926829268292683,0.004475773481111167,0.0033287246485133593,0.0,0.0,0.00038114539124578517,-0.001786217918586068,0.0006323316674948787,0.0009664156889467312,-6.916745440710415e-05,,0.0,15446.png,0.0,21.0,1.0,low_mean_prob,,,,1.0,0.0936356708407402,0.22911253571510315
0.0,0.5,0.3604228961982059,0.21982674395883542,1.0,-1.0,0.9019337696206269,corridor,0.059180219986838395,0.8213837605305611,0.9667976476172895,0.845226292855002,1.0,19.0,0.2631578947368421,0.7368421052631579,0.0025349167406549244,0.0018830379385070262,0.0,0.0,8.77709242634861e-05,-0.0006580802857948653,0.00014557569877327037,0.00035239483643645375,-0.00011527909067854392,,0.0,15446.png,0.0,21.0,1.0,low_mean_prob,,,,0.0,0.17150087654590607,0.39059917330741883
0.0,0.25,0.3603314621758888,0.21975872187805673,1.0,-1.0,0.9020678795930669,corridor,0.05889818557864059,0.8216062385156635,0.9669550081755367,0.8453415719456805,2.0,20.0,0.0,1.0,0.0024434827183378305,0.001815015857728336,0.0,0.0,0.00022188089670349687,-0.0009401146939926677,0.00036805368387571313,0.0005097553946836753,0.0,,0.0,15446.png,0.0,21.0,1.0,low_mean_prob,,,,1.0,0.05249449610710144,0.11903286799788476
0.0,0.35,0.3591553060678963,0.21888439984360744,1.0,-1.0,0.9019434194341943,corridor,0.05936824292563693,0.8213997670042118,0.9666991852769795,0.8453185161275448,1.0,11.0,0.09090909090909091,0.9090909090909091,0.0012673266103453429,0.0009406938232790485,0.0,0.0,9.74207378309222e-05,-0.0004700573469963304,0.00016158217242401296,0.0002539324961264855,-2.3055818135664374e-05,,0.0,15446.png,0.0,21.0,1.0,low_mean_prob,,,,1.0,0.08983210474252701,0.18109874427318573
0.0,0.25,0.3590401368179146,0.2187988535695675,1.0,-1.0,0.9018956588060179,corridor,0.059227225721538025,0.821320547576905,0.9667703992826626,0.8451801812187305,2.0,20.0,0.35,0.65,0.0011521573603636148,0.0008551475492390992,0.0,0.0,4.9660109654459106e-05,-0.0006110745510952351,8.236274511719266e-05,0.00032514650180959226,-0.0001613907269499837,,0.0,15446.png,0.0,21.0,1.0,low_mean_prob,,,,0.0,0.054967086762189865,0.148425316810608
0.0,0.35,0.3588647175156342,0.2186685773840542,1.0,-1.0,0.9018855392789934,corridor,0.05955626586443546,0.8213037634408602,0.966596361718956,0.845295460309409,1.0,8.0,0.25,0.75,0.0009767380580832374,0.0007248713637258153,0.0,0.0,3.954058263000437e-05,-0.0002820344081978024,6.55786090724142e-05,0.00015110893810299508,-4.611163627143977e-05,,0.0,15446.png,0.0,21.0,1.0,low_mean_prob,,,,1.0,0.0489245168864727,0.11132422611117362
0.0,0.35,0.35881285363510196,0.2186300656996032,1.0,-1.0,0.9017875816591415,corridor,0.059227225721538025,0.8211413080008065,0.9667633869691374,0.8449957346736449,2.0,28.0,0.5357142857142857,0.4642857142857143,0.0009248741775509939,0.0006863596792748006,0.0,0.0,-5.841703722186953e-05,-0.0006110745510952351,-9.687683098125177e-05,0.00031813418828441353,-0.00034583727203563175,,0.0,15446.png,1.0,21.0,1.0,low_mean_prob,,,,0.0,0.23852300643920898,0.7485300421714783
0.0,0.5,0.35855807743658213,0.21844091618948464,1.0,-1.0,0.9018315108426918,corridor,0.05955626586443546,0.8212141577060932,0.966592838685862,0.8452032370368663,1.0,12.0,0.5,0.5,0.0006700979790311701,0.0004972101691562425,0.0,0.0,-1.4487853671640849e-05,-0.0002820344081978024,-2.4027125694603413e-05,0.0001475859050089623,-0.0001383349088142083,,0.0,15446.png,0.0,21.0,1.0,low_mean_prob,,,,0.0,0.3201259672641754,0.8971484780311585
0.0,0.25,0.35850267379679146,0.218399791503779,1.0,-1.0,0.9018903661431366,corridor,0.059650277333834725,0.8213117691859684,0.9665471608583329,0.8453415719456805,1.0,4.0,0.0,1.0,0.0006146943392404958,0.00045608548345060784,0.0,0.0,4.436744677316362e-05,-0.00018802293879853493,7.358435418058917e-05,0.00010190807747989528,0.0,,0.0,15446.png,0.0,21.0,1.0,low_mean_prob,,,,1.0,0.07445821166038513,0.1439222685992718
0.0,0.5,0.3582582742631775,0.2182184131930918,1.0,-1.0,0.9016254260437302,corridor,0.059227225721538025,0.820872448636659,0.9667528629479128,0.8447190648560164,2.0,40.0,0.675,0.325,0.0003702948056265587,0.00027470717276339984,0.0,0.0,-0.0002205726526331997,-0.0006110745510952351,-0.0003657361951288074,0.00030761016705982414,-0.0006225070896640483,,0.0,15446.png,1.0,21.0,1.0,recall_drop,,,,0.0,0.44088348746299744,0.9518686294555664
0.0,0.25,0.3581626650981231,0.21814747264200104,1.0,-1.0,0.9018411698869716,corridor,0.05974428880323399,0.8212301765074814,0.9664944377075974,0.845295460309409,1.0,4.0,0.5,0.5,0.0002746856405721476,0.00020376662167265192,0.0,0.0,-4.8288093917880914e-06,-9.401146939926747e-05,-8.008324306363335e-06,4.918492674432784e-05,-4.611163627143977e-05,,0.0,15446.png,0.0,21.0,1.0,low_mean_prob,,,,0.0,0.029851920902729034,0.05676003508269787
0.0,0.2,0.3575436908770242,0.2176884029675908,1.0,-1.0,0.9017919736308067,prob_ridge,0.05983830027263326,0.8211485911391838,0.9664417145568619,0.8452493486731376,,4.0,1.0,0.0,-0.0003442885805267637,-0.00025530305273760434,0.0,0.0,-5.4025065556739804e-05,0.0,-8.95936926039731e-05,-3.538223991128575e-06,-9.222327254287954e-05,0.0,1.0,15446.png,1.0,21.0,0.0,recall_drop,4.0,0.8942345905303954,4.0,0.0,0.8167806267738342,0.8374522924423218
0.0,0.2,0.35742907517230327,0.21760343481654956,1.0,-1.0,0.9017649591046061,prob_ridge,0.05983830027263326,0.8211037942928818,0.9664399451650322,0.8452032370368663,,6.0,1.0,0.0,-0.00045890428524769655,-0.00034027120377883024,0.0,0.0,-8.103959175731479e-05,0.0,-0.00013439053890595964,-5.30761582084871e-06,-0.0001383349088142083,0.0,1.0,15446.png,1.0,21.0,0.0,recall_drop,6.0,0.9600629162788391,6.0,0.0,0.8473873138427734,0.8657155930995941
0.0,0.2,0.35725728933034284,0.217476106885118,1.0,-1.0,0.9017244348232516,prob_ridge,0.05983830027263326,0.8210365990234287,0.9664372907274117,0.8451340695824592,,9.0,1.0,0.0,-0.0006306901272081222,-0.00046759913521038365,0.0,0.0,-0.00012156387311179628,0.0,-0.0002015858083590505,-7.962053441334938e-06,-0.00020750236322131244,0.0,1.0,15446.png,1.0,21.0,0.0,recall_drop,9.0,1.005305163860321,9.0,0.0,0.8306329846382141,0.8530017137527466
0.0,0.2,0.23103036399069593,0.13060165606453678,2.0,-2.0,0.8975133897835281,prob_ridge,0.322884012539185,0.8140809887997664,0.8847686205376818,0.9106306927459448,,26.0,0.9230769230769231,0.07692307692307693,0.0012793397234409642,0.0008170735471787482,0.0,0.0,-0.00011025574806722283,-6.086982986880374e-05,-0.000181437905179882,-8.777326183651013e-06,-0.00021773052219031808,0.0,0.0,1572.png,1.0,19.0,1.0,recall_drop,26.0,1.3329439055919647,26.0,0.0,0.8122501373291016,0.8322224318981171
0.0,0.2,0.2302439024390244,0.13009922822491732,2.0,-2.0,0.897559579956279,prob_ridge,0.3229448823690538,0.8141569953691313,0.8847641962578109,0.9107304859019487,,13.0,1.0,0.0,0.0004928781717694342,0.0003146457075592912,0.0,0.0,-6.406557531635215e-05,0.0,-0.0001054313358149761,-1.3201606054558113e-05,-0.0001179373661863714,0.0,0.0,1572.png,1.0,19.0,0.0,low_p90_prob,13.0,1.0295850491523741,13.0,0.0,0.7808462381362915,0.7940351724624634
0.0,0.5,0.23023849280110897,0.13009577384555132,2.0,-2.0,0.8976396960214573,corridor,0.3228231427093161,0.8142888425696884,0.88480858714044,0.9108484232681351,1.0,4.0,0.0,1.0,0.00048746853385400746,0.0003111913281932943,0.0,0.0,1.6050489861973993e-05,-0.00012173965973766299,2.6415864742057593e-05,3.118927657452808e-05,0.0,,0.0,1572.png,0.0,19.0,1.0,low_mean_prob,,,,1.0,0.28608807921409607,0.40001122653484344
0.0,0.5,0.23021718602455146,0.1300821683918472,1.0,-1.0,0.8977279839769668,corridor,0.322518793559972,0.8144341604678894,0.8849801674746585,0.9108484232681351,2.0,26.0,0.0,1.0,0.000466161757296496,0.0002975858744891646,-1.0,1.0,0.00010433844537149906,-0.0004260888090817927,0.00017173376294310483,0.0002027696107930188,0.0,,0.0,1572.png,0.0,19.0,1.0,low_mean_prob,,,,1.0,0.14227257668972015,0.36426691710948944
0.0,0.25,0.23014647976059222,0.13003702121600455,1.0,-1.0,0.8976798247574769,corridor,0.32270140304957845,0.8143548897306329,0.8848865699529358,0.9108484232681351,2.0,14.0,0.0,1.0,0.00039545549333724894,0.00025243869864652324,-1.0,1.0,5.617922588152524e-05,-0.00024347931947532597,9.246302568655107e-05,0.00010917208907035292,0.0,,0.0,1572.png,0.0,19.0,1.0,low_mean_prob,,,,1.0,0.06142207235097885,0.15054334104061126
0.0,0.35,0.23012473226659946,0.13002313578928634,1.0,-1.0,0.8976878509352312,corridor,0.32270140304957845,0.8143681004485469,0.8849021681649921,0.9108484232681351,2.0,16.0,0.0,1.0,0.00037370799934449694,0.00023855327192831566,-1.0,1.0,6.420540363583083e-05,-0.00024347931947532597,0.00010567374360059834,0.00012477030112667542,0.0,,0.0,1572.png,0.0,19.0,1.0,low_mean_prob,,,,1.0,0.0680069550871849,0.17627746611833572
0.0,0.25,0.23011748401524457,0.13001850797266515,2.0,-2.0,0.8976396960214573,corridor,0.32285357762425054,0.8142888425696884,0.88480858714044,0.9108484232681351,1.0,4.0,0.0,1.0,0.00036645974798960035,0.00023392545530712128,0.0,0.0,1.6050489861973993e-05,-9.130474480323336e-05,2.6415864742057593e-05,3.118927657452808e-05,0.0,,0.0,1572.png,0.0,19.0,1.0,low_mean_prob,,,,1.0,0.2585750222206116,0.35109406113624575
0.0,0.35,0.2300740040938435,0.12999074798946694,2.0,-2.0,0.8976477214816404,corridor,0.3228231427093161,0.8143020511447967,0.8848241826033313,0.9108484232681351,1.0,6.0,0.0,1.0,0.00032297982658852087,0.00020616547210891567,0.0,0.0,2.4075950045054917e-05,-0.00012173965973766299,3.962443985039421e-05,4.678473946584383e-05,0.0,,0.0,1572.png,0.0,19.0,1.0,low_mean_prob,,,,1.0,0.27805477380752563,0.34926870465278625
0.0,0.25,0.22979232975136293,0.12981094456510128,2.0,-2.0,0.8976918640779303,corridor,0.3228231427093161,0.8143747059682365,0.8849099674772385,0.9108484232681351,2.0,17.0,0.0,1.0,4.1305484107967416e-05,2.636204774325579e-05,0.0,0.0,6.821854633498603e-05,-0.00012173965973766299,0.00011227926329016036,0.00013256961337304585,0.0,,0.0,1572.png,0.0,19.0,1.0,low_mean_prob,,,,1.0,0.009830017574131489,0.014693588204681874
0.0,0.2,0.22974249197254926,0.12977913717679695,2.0,-2.0,0.8975743649807326,prob_ridge,0.3229448823690538,0.8141813256773963,0.8847672430507817,0.9107577022172225,,10.0,1.0,0.0,-8.53229470570982e-06,-5.445340561072154e-06,0.0,0.0,-4.92805508627292e-05,0.0,-8.110102754999016e-05,-1.0154813083751435e-05,-9.072105091256777e-05,0.0,1.0,1572.png,1.0,19.0,0.0,recall_drop,10.0,1.0293628394603729,10.0,0.0,0.8231881260871887,0.8453422546386719
0.0,0.35,0.22972206466250708,0.12976610060877924,2.0,-2.0,0.8976477214816404,corridor,0.3229448823690538,0.8143020511447967,0.8848241826033313,0.9108484232681351,2.0,6.0,0.0,1.0,-2.8959604747885725e-05,-1.8481908578782402e-05,0.0,0.0,2.4075950045054917e-05,0.0,3.962443985039421e-05,4.678473946584383e-05,0.0,,1.0,1572.png,0.0,19.0,0.0,low_mean_prob,,,,1.0,0.05600975081324577,0.13170312345027924
0.0,0.25,0.22972206466250708,0.12976610060877924,2.0,-2.0,0.8976396960214573,corridor,0.3229448823690538,0.8142888425696884,0.88480858714044,0.9108484232681351,1.0,4.0,0.0,1.0,-2.8959604747885725e-05,-1.8481908578782402e-05,0.0,0.0,1.6050489861973993e-05,0.0,2.6415864742057593e-05,3.118927657452808e-05,0.0,,1.0,1572.png,0.0,19.0,0.0,low_mean_prob,,,,1.0,0.043872617185115814,0.09465160220861436
0.0,0.5,0.22970034974950373,0.12975224263135413,2.0,-2.0,0.8977360110159338,corridor,0.3227318379645129,0.8144473737578585,0.8849957689866723,0.9108484232681351,2.0,28.0,0.0,1.0,-5.067451775123133e-05,-3.2339886003901475e-05,0.0,0.0,0.00011236548433846139,-0.00021304440454089635,0.0001849470529121655,0.00021837112280687077,0.0,,1.0,1572.png,0.0,19.0,0.0,low_mean_prob,,,,1.0,0.049911707639694214,0.11935298815369606
0.0,0.35,0.22965693223702863,0.12972453555413196,2.0,-2.0,0.8976717987232444,corridor,0.3228231427093161,0.8143416794413217,0.8848709722907706,0.9108484232681351,1.0,12.0,0.0,1.0,-9.409203022633927e-05,-6.004696322606251e-05,0.0,0.0,4.815319164908072e-05,-0.00012173965973766299,7.925273637543473e-05,9.357442690516304e-05,0.0,,1.0,1572.png,0.0,19.0,0.0,low_mean_prob,,,,1.0,0.06767414510250092,0.16176698058843614
0.0,0.5,0.22965693223702863,0.12972453555413196,2.0,-2.0,0.8976717987232444,corridor,0.3228231427093161,0.8143416794413217,0.8848709722907706,0.9108484232681351,1.0,12.0,0.0,1.0,-9.409203022633927e-05,-6.004696322606251e-05,0.0,0.0,4.815319164908072e-05,-0.00012173965973766299,7.925273637543473e-05,9.357442690516304e-05,0.0,,1.0,1572.png,0.0,19.0,0.0,duplicate_cut,,,,1.0,0.06767414510250092,0.16176698058843614
0.0,0.2,0.22963615762306433,0.12971127862323995,2.0,-2.0,0.8976717987232444,prob_ridge,0.32257966338984084,0.8143416794413217,0.8848709722907706,0.9108484232681351,,12.0,0.0,1.0,-0.00011486664419063652,-7.330389411808191e-05,0.0,0.0,4.815319164908072e-05,-0.00036521897921293345,7.925273637543473e-05,9.357442690516304e-05,0.0,0.0,1.0,1572.png,0.0,19.0,0.0,boundary_iou_drop,12.0,1.0328736686706543,12.0,1.0,0.7984447479248047,0.8135004222393036
0.0,0.35,0.5310488622971625,0.3615156751419403,1.0,-1.0,0.9197055777895945,corridor,0.17973776366153596,0.8513471502590674,0.881255028157683,0.9616645206601896,2.0,24.0,0.6666666666666666,0.3333333333333333,0.0009480723216790388,0.0008781658758172384,0.0,0.0,-0.0002776413405970457,-0.0006515188533268157,-0.00047592825760967017,0.0002758648388121454,-0.0009364391899800983,,1.0,1590.png,1.0,18.0,0.0,low_mean_prob,,,,0.0,0.07264066487550735,0.17699709385633466
0.0,0.35,0.5308048271481717,0.3612895256916996,1.0,-1.0,0.9199742664540852,corridor,0.18022640280153107,0.8518077281674091,0.8810608090008036,0.9624839049514222,1.0,4.0,0.5,0.5,0.0007040371726881878,0.0006520164255765515,0.0,0.0,-8.952676106344093e-06,-0.00016287971333170392,-1.535034926791745e-05,8.164568193280708e-05,-0.00011705489874747066,,0.0,1590.png,0.0,18.0,1.0,low_mean_prob,,,,0.0,0.06197643652558327,0.12219422757625581
0.0,0.25,0.5306492564381574,0.3611453961984695,1.0,-1.0,0.9199004000783371,corridor,0.1799820832315335,0.851681085841579,0.8811706062067857,0.9621912677045534,2.0,12.0,0.5833333333333334,0.4166666666666667,0.0005484664626739244,0.0005078869323464907,0.0,0.0,-8.281905185447691e-05,-0.0004071992833292737,-0.00014199267509806823,0.00019144288791483888,-0.00040969214561625833,,0.0,1590.png,1.0,18.0,1.0,low_mean_prob,,,,0.0,0.06381558626890182,0.13387189507484437
0.0,0.25,0.5303236333967909,0.36084381939304216,1.0,-1.0,0.9197929780388866,corridor,0.18022640280153107,0.8514969439552471,0.8810225628383086,0.9621327402551797,2.0,10.0,0.8,0.2,0.00022284342130740598,0.0002063101269191292,0.0,0.0,-0.0001902410913049435,-0.00016287971333170392,-0.000326134561429936,4.3399519437770095e-05,-0.00046821959498999366,,0.0,1590.png,1.0,18.0,1.0,low_mean_prob,,,,0.0,0.37543079257011414,0.5680216073989868
0.0,0.25,0.5302865433442148,0.3608094768015795,1.0,-1.0,0.919913843743881,corridor,0.18022640280153107,0.8517041334300217,0.8810480630123775,0.9623668500526747,1.0,6.0,0.6666666666666666,0.3333333333333333,0.00018575336873127846,0.00017196753545645205,0.0,0.0,-6.937538631057727e-05,-0.00016287971333170392,-0.00011894508665533099,6.889969350665215e-05,-0.00023410979749494132,,0.0,1590.png,1.0,18.0,1.0,low_mean_prob,,,,0.0,0.05151672288775444,0.13189956545829773
0.0,0.5,0.5302645886190649,0.36078914919852034,1.0,-1.0,0.919762757385855,corridor,0.18022640280153107,0.8514451465865535,0.8810161860863972,0.962074212805806,1.0,11.0,0.8181818181818182,0.18181818181818182,0.00016379864358140317,0.00015163993239730722,0.0,0.0,-0.00022046174433654198,-0.00016287971333170392,-0.0003779319301235873,3.702276752637346e-05,-0.000526747044363729,,0.0,1590.png,1.0,18.0,1.0,low_mean_prob,,,,0.0,0.1514918953180313,0.43535029888153076
0.0,0.35,0.5301095716743639,0.3606456382454411,1.0,-1.0,0.919611628752903,corridor,0.18022640280153107,0.8511861597430851,0.8809842920709805,0.9617815755589372,2.0,16.0,0.875,0.125,8.781698880411248e-06,8.12897931806722e-06,0.0,0.0,-0.00037159037728851096,-0.00016287971333170392,-0.0006369187735919546,5.128752109673229e-06,-0.0008193842912325167,,1.0,1590.png,1.0,18.0,0.0,recall_drop,,,,0.0,0.4974423944950104,0.8035470843315125
0.0,0.5,0.5299918574142767,0.3605366814377154,1.0,-1.0,0.9193729003359462,corridor,0.17973776366153596,0.8507772020725388,0.8811849307717077,0.9610207187170783,2.0,35.0,0.7714285714285715,0.22857142857142856,-0.00010893256120680928,-0.00010082782840764581,0.0,0.0,-0.0006103187942453348,-0.0006515188533268157,-0.0010458764441382273,0.00020576745283684694,-0.001580241133091409,,1.0,1590.png,1.0,18.0,0.0,low_mean_prob,,,,0.0,0.2607692778110504,0.7570900559425354
0.0,0.25,0.5298649506027372,0.36041923551171395,1.0,-1.0,0.9197415167706381,corridor,0.18038928251486278,0.8514087424901595,0.8809281388993088,0.9621327402551797,1.0,8.0,1.0,0.0,-0.00023583937274629374,-0.0002182737544090818,0.0,0.0,-0.00024170235955345287,0.0,-0.00041433602651752555,-5.1024419562062384e-05,-0.00046821959498999366,,1.0,1590.png,1.0,18.0,0.0,low_mean_prob,,,,0.0,0.2547471523284912,0.5581948220729828
0.0,0.35,0.5298649506027372,0.36041923551171395,1.0,-1.0,0.9197415167706381,corridor,0.18038928251486278,0.8514087424901595,0.8809281388993088,0.9621327402551797,1.0,8.0,1.0,0.0,-0.00023583937274629374,-0.0002182737544090818,0.0,0.0,-0.00024170235955345287,0.0,-0.00041433602651752555,-5.1024419562062384e-05,-0.00046821959498999366,,1.0,1590.png,1.0,18.0,0.0,duplicate_cut,,,,0.0,0.2547471523284912,0.5581948220729828
0.0,0.5,0.5297258166681749,0.3602904972919744,1.0,-1.0,0.9194302185654717,corridor,0.18022640280153107,0.8508753755309231,0.8809459966750683,0.9614304108626947,2.0,22.0,0.9090909090909091,0.09090909090909091,-0.00037497330730862366,-0.0003470119741486588,0.0,0.0,-0.0005530005647198522,-0.00016287971333170392,-0.0009477029857539732,-3.3166643802484685e-05,-0.0011705489874750397,,1.0,1590.png,1.0,18.0,0.0,dice_drop,,,,0.0,0.5938816666603088,0.883492147922516
0.0,0.5,0.5293744908119852,0.35996552997660963,1.0,-1.0,0.9195601689935928,corridor,0.18038928251486278,0.8510979904702713,0.8808898418654516,0.9617815755589372,1.0,14.0,1.0,0.0,-0.0007262991634983118,-0.0006719792895134025,0.0,0.0,-0.0004230501365987127,0.0,-0.0007250880464056975,-8.932145341922215e-05,-0.0008193842912325167,,1.0,1590.png,1.0,18.0,0.0,recall_drop,,,,0.0,0.48693230748176575,0.8803722143173219
0.0,0.2,0.5277502030502662,0.3584651219811205,1.0,-1.0,0.9193182772227353,prob_ridge,0.18038928251486278,0.8506836544437539,0.880838740816217,0.9613133559639471,,22.0,1.0,0.0,-0.0023505869252172795,-0.0021723872850025194,0.0,0.0,-0.0006649419074562513,0.0,-0.001139424072923112,-0.00014042250265378087,-0.0012876038862226213,0.0,1.0,1590.png,1.0,18.0,0.0,dice_drop,22.0,1.0169705426692963,4.25,0.0,0.9076003432273865,0.9361855566501618
0.0,0.2,0.5264201983769161,0.3572390160323094,1.0,-1.0,0.9192880331355647,prob_ridge,0.18038928251486278,0.8506318624404392,0.8808323501018985,0.9612548285145733,,23.0,1.0,0.0,-0.003680591598567373,-0.0033984932338136375,0.0,0.0,-0.0006951859946268124,0.0,-0.0011912160762378443,-0.00014681321697229688,-0.0013461313355963567,0.0,1.0,1590.png,1.0,18.0,0.0,dice_drop,23.0,1.147971122264862,11.5,0.0,0.9085816144943237,0.9246285796165467
0.0,0.2,0.5259839682968567,0.3568373457167298,1.0,-1.0,0.9191972907162249,prob_ridge,0.18038928251486278,0.8504764864304951,0.8808131738454111,0.961079246166452,,26.0,1.0,0.0,-0.004116821678626814,-0.0038001635493932207,0.0,0.0,-0.00078592841396663,0.0,-0.0013465920861819303,-0.0001659894734596934,-0.0015217136837176737,0.0,1.0,1590.png,1.0,18.0,0.0,dice_drop,26.0,1.0376703902085622,8.666666666666666,0.0,0.8575553894042969,0.8980685174465179
0.0,0.2,0.5235151840902983,0.3545686203130688,1.0,-1.0,0.9182890277038572,prob_ridge,0.18038928251486278,0.8489227263310545,0.8806210712942567,0.9593234226852394,,56.0,1.0,0.0,-0.006585605885185197,-0.006068888953054241,0.0,0.0,-0.0016941914263343127,0.0,-0.002900352185622568,-0.0003580920246141206,-0.0032775371649302887,0.0,1.0,1590.png,1.0,18.0,0.0,dice_drop,56.0,1.0163955574376242,5.428571428571429,0.0,0.8693254590034485,0.9220546185970306
0.0,0.5,0.41806984210181486,0.2642783184924415,2.0,-2.0,0.9323534530673658,corridor,0.19432239568726434,0.8732791350714639,0.927184411813969,0.9375804521126443,2.0,28.0,0.2857142857142857,0.7142857142857143,0.0015207427219139369,0.0012142100841699976,0.0,0.0,5.672848907289918e-05,-0.0006232276962388206,9.952980138827616e-05,0.0002004974552179961,-9.033219665310899e-05,,0.0,1620.png,0.0,20.0,1.0,low_mean_prob,,,,0.0,0.36060458421707153,0.7365903615951538
0.0,0.2,0.41796222956829115,0.2641923204237008,2.0,-2.0,0.9323445035172325,prob_ridge,0.1944470412265121,0.873263432435559,0.9271446276839249,0.9376030351618075,,22.0,0.2727272727272727,0.7272727272727273,0.0014131301883902325,0.0011282120154292863,0.0,0.0,4.7778938939591065e-05,-0.0004985821569910565,8.382716548338554e-05,0.00016071332517386683,-6.77491474898595e-05,0.0,0.0,1620.png,0.0,20.0,1.0,recall_drop,22.0,1.0811536622047424,11.0,0.0,0.8494274616241455,0.8798060834407806
0.0,0.35,0.4174808209297751,0.2638077480836959,2.0,-2.0,0.9323961690039635,corridor,0.19435355707207627,0.8733540869126246,0.9271805636193113,0.9376707843092974,2.0,19.0,0.0,1.0,0.0009317215498741982,0.0007436396754244012,0.0,0.0,9.944442567055845e-05,-0.0005920663114268865,0.0001744816425489626,0.00019664926056028875,0.0,,0.0,1620.png,0.0,20.0,1.0,low_mean_prob,,,,1.0,0.22454066574573517,0.5868361115455626
0.0,0.5,0.4173576742814067,0.26370941020543404,2.0,-2.0,0.9323146188522059,corridor,0.19469633230500763,0.873210999526789,0.9270634468745464,0.9376256182109708,1.0,12.0,0.3333333333333333,0.6666666666666666,0.0008085749015057653,0.0006453017971625452,0.0,0.0,1.7894273912966163e-05,-0.00024929107849552823,3.139425671339069e-05,7.953251579539966e-05,-4.5166098326610005e-05,,0.0,1620.png,0.0,20.0,1.0,low_mean_prob,,,,0.0,0.3268718421459198,0.6963475108146668
0.0,0.25,0.41735252647801424,0.2637052997969585,2.0,-2.0,0.9323804658421706,corridor,0.1944470412265121,0.8733265325438808,0.9271495081894001,0.9376707843092974,2.0,16.0,0.0,1.0,0.0008034270981133185,0.0006411913886870124,0.0,0.0,8.3741263877668e-05,-0.0004985821569910565,0.00014692727380516413,0.00016559383064906896,0.0,,0.0,1620.png,0.0,20.0,1.0,low_mean_prob,,,,1.0,0.14168570935726166,0.419942244887352
0.0,0.25,0.4169727177334732,0.2634021045654155,2.0,-2.0,0.9323385933298529,corridor,0.19469633230500763,0.873253062726747,0.9270667038794307,0.9376707843092974,1.0,8.0,0.0,1.0,0.00042361835357229705,0.0003379961571440271,0.0,0.0,4.1868751559981376e-05,-0.00024929107849552823,7.345745667131087e-05,8.278952067963807e-05,0.0,,0.0,1620.png,0.0,20.0,1.0,low_mean_prob,,,,1.0,0.19473639130592346,0.5261294484138489
0.0,0.35,0.4169727177334732,0.2634021045654155,2.0,-2.0,0.9323385933298529,corridor,0.19469633230500763,0.873253062726747,0.9270667038794307,0.9376707843092974,1.0,8.0,0.0,1.0,0.00042361835357229705,0.0003379961571440271,0.0,0.0,4.1868751559981376e-05,-0.00024929107849552823,7.345745667131087e-05,8.278952067963807e-05,0.0,,0.0,1620.png,0.0,20.0,1.0,duplicate_cut,,,,1.0,0.19473639130592346,0.5261294484138489
0.0,0.5,0.4169451543149204,0.2633801067924997,2.0,-2.0,0.9323123389491768,corridor,0.1946028481505718,0.8732069995372902,0.9270920560486797,0.9375917436372259,1.0,18.0,0.3888888888888889,0.6111111111111112,0.0003960549350194853,0.0003159983842281888,0.0,0.0,1.5614370883820783e-05,-0.00034277523293135825,2.739426721454219e-05,0.00010814168992867579,-7.904067207153975e-05,,0.0,1620.png,0.0,20.0,1.0,low_mean_prob,,,,0.0,0.2507472634315491,0.5217410355806352
0.0,0.35,0.4169097165328527,0.26335182578454913,2.0,-2.0,0.9323190927973951,corridor,0.19463400953538376,0.8732188489163241,0.9270833333333334,0.9376143266863892,1.0,15.0,0.3333333333333333,0.6666666666666666,0.0003606171529517699,0.0002877173762776408,0.0,0.0,2.236821910217568e-05,-0.0003116138481193964,3.924364624841026e-05,9.941897458232152e-05,-5.645762290817924e-05,,0.0,1620.png,0.0,20.0,1.0,low_mean_prob,,,,0.0,0.19256193935871124,0.4163374304771423
0.0,0.35,0.4167758846657929,0.2632450331125828,2.0,-2.0,0.9322792379519256,corridor,0.1942289115328285,0.8731489272191838,0.9272032790913254,0.9374110792439195,2.0,46.0,0.5,0.5,0.00022678528589198388,0.0001809247043113027,0.0,0.0,-1.748662636735787e-05,-0.0007167118506746506,-3.067805089185249e-05,0.0002193647325743342,-0.00025970506537786875,,0.0,1620.png,0.0,20.0,1.0,low_mean_prob,,,,0.0,0.152611643075943,0.4066639542579651
0.0,0.25,0.4166857967402355,0.2631731565865783,2.0,-2.0,0.9323333595302519,corridor,0.19472749368981956,0.8732438798687642,0.9270563543806377,0.9376707843092974,1.0,7.0,0.0,1.0,0.00013669736033455893,0.00010904817830681424,0.0,0.0,3.663495195893596e-05,-0.00021812969368359414,6.427459868851848e-05,7.24400218866661e-05,0.0,,0.0,1620.png,0.0,20.0,1.0,low_mean_prob,,,,1.0,0.08441758155822754,0.19981544315814972
0.0,0.5,0.4166530184414819,0.26314700649592454,2.0,-2.0,0.9322537354498542,corridor,0.19416658876320464,0.8731041881402638,0.9272191133599169,0.9373433300964297,2.0,54.0,0.5370370370370371,0.46296296296296297,0.00010391906158097042,8.28980876530494e-05,0.0,0.0,-4.29891284386974e-05,-0.0007790346202985188,-7.541712981185e-05,0.00023519900116586445,-0.00032745421286772824,,0.0,1620.png,1.0,20.0,1.0,low_mean_prob,,,,0.0,0.24044999480247498,0.6718558907508851
0.0,0.2,0.41663937111038324,0.2631361191559785,2.0,-2.0,0.9322068152472913,prob_ridge,0.19494562338350316,0.873021881538963,0.9269716863165416,0.9375014114405728,,15.0,1.0,0.0,9.02717304823164e-05,7.201074770701865e-05,0.0,0.0,-8.990933100161413e-05,0.0,-0.0001577237311126689,-1.2228042209461165e-05,-0.00016937286872464874,0.0,0.0,1620.png,1.0,20.0,0.0,recall_drop,15.0,1.1052294373512268,15.0,0.0,0.79945969581604,0.8163935780525208
0.0,0.25,0.41621036755303453,0.2627939715137463,2.0,-2.0,0.9322913157717443,corridor,0.19447820261132404,0.8731701161029783,0.927127766487259,0.9375127029651543,2.0,29.0,0.4827586206896552,0.5172413793103449,-0.0003387318268663897,-0.00027013689452520806,0.0,0.0,-5.408806548645728e-06,-0.00046742077217912237,-9.489167097309625e-06,0.0001438521285079819,-0.0001580813441430795,,1.0,1620.png,0.0,20.0,0.0,low_mean_prob,,,,0.0,0.04926590994000435,0.11999535262584683
0.0,0.2,0.41593500196566635,0.2625744540039709,2.0,-2.0,0.9322188040329643,prob_ridge,0.19494562338350316,0.8730429113697781,0.9269733169588031,0.937523994489736,,13.0,1.0,0.0,-0.0006140974142345712,-0.000489654404300599,0.0,0.0,-7.792054532862469e-05,0.0,-0.00013669390029757977,-1.0597399947909203e-05,-0.00014678981956139925,0.0,1.0,1620.png,1.0,20.0,0.0,recall_drop,13.0,1.079529938697815,13.0,0.0,0.8187010884284973,0.8460893630981445
0.0,0.2,0.41577154833638985,0.2624441872002646,2.0,-2.0,0.932194826192401,prob_ridge,0.19494562338350316,0.873000851708148,0.926970055601456,0.9374788283914094,,17.0,1.0,0.0,-0.0007775510435110711,-0.0006199212080069127,0.0,0.0,-0.00010189838589191869,0.0,-0.00017875356192764702,-1.3858757295093227e-05,-0.00019195591788800925,0.0,1.0,1620.png,1.0,20.0,0.0,recall_drop,17.0,1.1690266394615174,17.0,0.0,0.8330424427986145,0.8587999105453491
0.0,0.2,0.2129345751142477,0.11915320622794807,2.0,-2.0,0.9040518079468122,prob_ridge,0.19707433791940834,0.8249037814945702,0.9316173025029489,0.8780706964560393,,21.0,0.2857142857142857,0.7142857142857143,0.0001291491845645254,8.087408393250839e-05,0.0,0.0,2.7379939270488762e-05,-0.00016314100821143707,4.5590208384904685e-05,0.0001095679417792983,-4.568922191261482e-05,0.0,0.0,1736.png,0.0,20.0,1.0,recall_drop,21.0,0.9167309784889222,2.0,0.0,0.8313248157501221,0.8780200481414795
0.0,0.25,0.21271910763436186,0.11901828556607444,2.0,-2.0,0.9039556881392076,corridor,0.19723747892761978,0.8247437428916817,0.9314988810702947,0.8779945477528518,2.0,16.0,1.0,0.0,-8.631829532132484e-05,-5.404657794112755e-05,0.0,0.0,-6.873986833411116e-05,0.0,-0.00011444839450358568,-8.853490874982661e-06,-0.00012183792510012115,,1.0,1736.png,1.0,20.0,0.0,low_mean_prob,,,,0.0,0.16123902797698975,0.3145151436328888
0.0,0.25,0.2126882966396292,0.1189989951051898,2.0,-2.0,0.9039900591511864,corridor,0.19723747892761978,0.8248009670889336,0.93150330810182,0.8780554667154018,1.0,8.0,1.0,0.0,-0.00011712929005397443,-7.33370388257687e-05,0.0,0.0,-3.436885635532683e-05,0.0,-5.722419725173733e-05,-4.426459349615719e-06,-6.0918962550116085e-05,,1.0,1736.png,1.0,20.0,0.0,low_mean_prob,,,,0.0,0.2671201825141907,0.3887335777282715
0.0,0.2,0.21267597474074504,0.11899128067161518,2.0,-2.0,0.9040029477249208,prob_ridge,0.19723747892761978,0.824822426162903,0.931504968091122,0.8780783113263582,,5.0,1.0,0.0,-0.00012945118893814556,-8.105147240038135e-05,0.0,0.0,-2.148028262083379e-05,0.0,-3.57651232822942e-05,-2.7664700475993342e-06,-3.8074351593753164e-05,0.0,1.0,1736.png,1.0,20.0,0.0,recall_drop,5.0,0.9144747853279114,5.0,0.0,0.8047903180122375,0.8337402462959289
0.0,0.35,0.21266981432668075,0.11898742382989758,2.0,-2.0,0.9039814666002893,corridor,0.19723747892761978,0.8247866610396206,0.9315022013975846,0.8780402369747643,1.0,10.0,1.0,0.0,-0.00013561160300243347,-8.490831411799016e-05,0.0,0.0,-4.296140725235098e-05,0.0,-7.153024656469942e-05,-5.533163585091927e-06,-7.614870318761735e-05,,1.0,1736.png,1.0,20.0,0.0,low_mean_prob,,,,0.0,0.2751770615577698,0.406422957777977
0.0,0.35,0.21259591718546403,0.11894116122343183,2.0,-2.0,0.9038783454797066,corridor,0.19723747892761978,0.8246149884478652,0.9314889181567699,0.8778574800871141,2.0,34.0,1.0,0.0,-0.00020950874421915566,-0.00013117092058373414,0.0,0.0,-0.00014608252783510078,0.0,-0.00024320283832013345,-1.8816404399712994e-05,-0.0002589055908378546,,1.0,1736.png,1.0,20.0,0.0,low_mean_prob,,,,0.0,0.2125183343887329,0.42020286023616793
0.0,0.2,0.2125307480827666,0.11890036589709549,2.0,-2.0,0.9040811286510049,prob_ridge,0.19710152808744358,0.8249526057874593,0.9316281437077372,0.8781163856779519,,16.0,0.0,1.0,-0.00027467784691659336,-0.00017196624692007723,0.0,0.0,5.670064346319226e-05,-0.00013595084017620218,9.441450127400941e-05,0.00012040914656752388,0.0,0.0,1.0,1736.png,0.0,20.0,0.0,boundary_iou_drop,16.0,0.9273147809505463,2.75,1.0,0.8382710218429565,0.8803296983242035
0.0,0.2,0.21249131743459135,0.11887568407758817,2.0,-2.0,0.9040775846524135,prob_ridge,0.19715590842351405,0.8249467042479218,0.9316206172241073,0.8781163856779519,,15.0,0.0,1.0,-0.000314108495091836,-0.00019664806642739896,0.0,0.0,5.315664487182126e-05,-8.157050410573241e-05,8.85129617365088e-05,0.00011288266293763005,0.0,0.0,1.0,1736.png,0.0,20.0,0.0,boundary_iou_drop,15.0,0.9050342464447022,2.0,1.0,0.8266488313674927,0.8808982849121094
0.0,0.5,0.21248516771336787,0.1188718347257302,2.0,-2.0,0.9039385018247961,corridor,0.19723747892761978,0.8247151307930558,0.9314966673399313,0.8779640882715767,1.0,20.0,1.0,0.0,-0.0003202582163153167,-0.00020049741828537249,0.0,0.0,-8.592618274561037e-05,0.0,-0.00014306049312950986,-1.10672212383367e-05,-0.0001522974063752347,,1.0,1736.png,1.0,20.0,0.0,low_mean_prob,,,,0.0,0.3419279456138611,0.5571620047092438
0.0,0.5,0.21243598275512862,0.1188410488831337,2.0,-2.0,0.9038052896113162,corridor,0.19723747892761978,0.8244933870287051,0.9314795060770623,0.8777280272916952,2.0,51.0,1.0,0.0,-0.0003694431745545623,-0.00023128326088187046,0.0,0.0,-0.00021913839622544895,0.0,-0.0003648042574802002,-2.822848410732881e-05,-0.00038835838625672636,,1.0,1736.png,1.0,20.0,0.0,low_mean_prob,,,,0.0,0.24045586585998535,0.44189968705177307
0.0,0.5,0.3198717014142003,0.19038528288788614,4.0,4.0,0.9235220610300672,corridor,0.23040426726558114,0.8579108104284727,0.9241885023262485,0.9228565801958573,2.0,77.0,0.42857142857142855,0.5714285714285714,0.0009134836560175663,0.0006468592939027351,1.0,1.0,2.2884871316519728e-05,-0.0012352610892756855,3.949653253632057e-05,0.0003418661173441029,-0.00029539717492887974,,0.0,1828.png,0.0,19.0,0.0,low_mean_prob,,,,0.0,0.04473445564508438,0.1268525049090386
0.0,0.35,0.3196965275751386,0.19026118366212838,3.0,3.0,0.923539922881595,corridor,0.2307411566535654,0.8579416390005242,0.9240986207081978,0.9229819002094635,2.0,51.0,0.37254901960784315,0.6274509803921569,0.0007383098169558844,0.0005227600681449729,0.0,0.0,4.074672284437586e-05,-0.0008983717012914227,7.03251045878206e-05,0.0002519844992934228,-0.00017007716132266815,,0.0,1828.png,0.0,19.0,1.0,low_mean_prob,,,,0.0,0.021127207204699516,0.05181189626455307
0.0,0.5,0.31945376557439237,0.19008924540750774,3.0,3.0,0.9234909546838618,corridor,0.23130263896687253,0.8578571250301573,0.9239377811228787,0.9230445602162666,1.0,24.0,0.5,0.5,0.0004955478162096405,0.0003508218135243324,0.0,0.0,-8.22147488888092e-06,-0.00033688938798429047,-1.4188865779085624e-05,9.114491397432811e-05,-0.00010741715451956235,,0.0,1828.png,0.0,19.0,1.0,low_mean_prob,,,,0.0,0.02739231288433075,0.06475975178182124
0.0,0.25,0.31931350515163015,0.18998992740787052,3.0,3.0,0.923509551230958,corridor,0.23127456485120718,0.8578892198133142,0.9239481040785607,0.9230714145048964,2.0,22.0,0.4090909090909091,0.5909090909090909,0.0003552873934474232,0.00025150381388711063,0.0,0.0,1.0375072207358116e-05,-0.0003649635036496457,1.7905917377825098e-05,0.00010146786965625765,-8.056286588975503e-05,,0.0,1828.png,0.0,19.0,1.0,low_mean_prob,,,,0.0,0.015499061904847622,0.04009482376277447
0.0,0.35,0.31924334423166745,0.18994025288314575,3.0,3.0,0.9234936953718298,corridor,0.23141493542953398,0.8578618549668489,0.9239073951296433,0.9230803659344398,1.0,16.0,0.5,0.5,0.0002851264734847203,0.00020182928916234744,0.0,0.0,-5.480786920863956e-06,-0.0002245929253228418,-9.458929087546863e-06,6.075892073886813e-05,-7.16114363463749e-05,,0.0,1828.png,0.0,19.0,1.0,low_mean_prob,,,,0.0,0.017059948295354843,0.042049264535307884
0.0,0.25,0.3190961375645929,0.18983604279560928,3.0,3.0,0.9234971209556815,corridor,0.23155530600786076,0.8578677669450637,0.92386941876299,0.9231251230821562,1.0,6.0,0.5,0.5,0.00013791980641014723,9.76192016258759e-05,0.0,0.0,-2.0552030691733947e-06,-8.422234699606568e-05,-3.546950872679311e-06,2.2782554085609696e-05,-2.6854288629918344e-05,,0.0,1828.png,0.0,19.0,1.0,low_mean_prob,,,,0.0,0.015306863002479076,0.03700040280818939
0.0,0.25,0.31894288547926025,0.18972757244490718,3.0,3.0,0.9234289501258273,corridor,0.2315272318921954,0.8577501227009175,0.9238674646978711,0.9229908516390067,1.0,22.0,0.8181818181818182,0.18181818181818182,-1.533227892247524e-05,-1.0851149076229749e-05,0.0,0.0,-7.02260329233928e-05,-0.0001122964626614209,-0.00012119119501885489,2.082848896667322e-05,-0.00016112573177939904,,1.0,1828.png,1.0,19.0,0.0,low_mean_prob,,,,0.0,0.10894346237182617,0.29371661543846134
0.0,0.35,0.3188684747739866,0.18967491239635015,3.0,3.0,0.9233903830480847,corridor,0.2315272318921954,0.8576835730507192,0.9238620071684588,0.9229192402026604,1.0,30.0,0.8666666666666667,0.13333333333333333,-8.974298419611726e-05,-6.351119763325919e-05,0.0,0.0,-0.00010879311066591679,-0.0001122964626614209,-0.00018774084521722134,1.5370959554394936e-05,-0.00023273716812577394,,1.0,1828.png,1.0,19.0,0.0,low_mean_prob,,,,0.0,0.2298058122396469,0.6057080209255219
0.0,0.25,0.3188676492047279,0.18967432817165475,3.0,3.0,0.9234496254203666,corridor,0.23138686131386862,0.8577858010415453,0.9239088554967161,0.9229908516390067,2.0,27.0,0.6666666666666666,0.3333333333333333,-9.05685534548506e-05,-6.409542232865828e-05,0.0,0.0,-4.955073838408541e-05,-0.00025266704098819703,-8.55128543910677e-05,6.221928781169339e-05,-0.00016112573177939904,,1.0,1828.png,1.0,19.0,0.0,low_mean_prob,,,,0.0,0.03319563716650009,0.08486761003732683
0.0,0.5,0.31871975747682624,0.1895696799472936,3.0,3.0,0.9233325272500919,corridor,0.2315272318921954,0.8575837485754215,0.9238538194071048,0.9228118230481408,1.0,42.0,0.9047619047619048,0.09523809523809523,-0.00023846028135648956,-0.0001687436466898118,0.0,0.0,-0.00016664890865880633,-0.0001122964626614209,-0.00028756532051488204,7.183198200366725e-06,-0.0003401543226453363,,1.0,1828.png,1.0,19.0,0.0,recall_drop,,,,0.0,0.4020015299320221,0.8700413286685943
0.0,0.35,0.31850144428558924,0.1894152351205969,3.0,3.0,0.9233965948071257,corridor,0.23138686131386862,0.8576942914663161,0.9239013549358377,0.9228923859140304,2.0,38.0,0.7631578947368421,0.23684210526315788,-0.0004567734725934858,-0.0003231884733864987,0.0,0.0,-0.00010258135162499737,-0.00025266704098819703,-0.00017702242962025494,5.471872693330049e-05,-0.0002595914567556923,,1.0,1828.png,1.0,19.0,0.0,low_mean_prob,,,,0.0,0.09425938129425049,0.2616852760314943
0.0,0.5,0.3183899664576345,0.18933638602698857,3.0,3.0,0.9233339155280282,corridor,0.23138686131386862,0.8575861437864999,0.9238924887299581,0.9227760173299676,2.0,51.0,0.8235294117647058,0.17647058823529413,-0.000568251300548217,-0.00040203756699483395,0.0,0.0,-0.00016526063072241914,-0.00025266704098819703,-0.00028517010943651666,4.585252105371307e-05,-0.00037596004081852374,,1.0,1828.png,1.0,19.0,0.0,low_mean_prob,,,,0.0,0.22148095071315765,0.6435962915420532
0.0,0.2,0.3317735339994098,0.19887799454159508,2.0,-2.0,0.9120377004027956,prob_ridge,0.15588588239848256,0.8382989932100211,0.9320100870414056,0.8929033464781707,,16.0,0.875,0.125,0.00034206449262647043,0.0002457756966102731,0.0,0.0,-0.00010671450352250922,-7.742035381103074e-05,-0.00018033015326135438,1.4836476190382974e-05,-0.00021821469208349598,0.0,0.0,1880.png,1.0,19.0,1.0,recall_drop,16.0,0.9645461659431458,2.4,0.0,0.8977923393249512,0.9231722354888916
0.0,0.2,0.3310956301456618,0.19839101396478445,2.0,-2.0,0.9120924605196128,prob_ridge,0.1559633027522936,0.838391524481255,0.9319886132574217,0.8930280405879327,,6.0,1.0,0.0,-0.000335839361121526,-0.0002412048802003519,0.0,0.0,-5.195438670535513e-05,0.0,-8.779888202747888e-05,-6.637307793599945e-06,-9.352058232148242e-05,0.0,1.0,1880.png,1.0,19.0,0.0,recall_drop,6.0,0.99113356590271,6.0,0.0,0.8627021908760071,0.8687119781970978
0.0,0.25,0.33096986578880727,0.1983007130936125,2.0,-2.0,0.9120231802840222,corridor,0.1559633027522936,0.8382744593052182,0.9319797614980396,0.8929033464781707,1.0,14.0,1.0,0.0,-0.0004616037179760446,-0.0003315057513723074,0.0,0.0,-0.0001212346222959626,0.0,-0.0002048640580643024,-1.5489067175633586e-05,-0.00021821469208349598,,1.0,1880.png,1.0,19.0,0.0,low_p90_prob,,,,0.0,0.4431527554988861,0.754022687673569
0.0,0.25,0.3308714918759232,0.19823008849557522,1.0,-1.0,0.9119019186370512,corridor,0.1559633027522936,0.8380695952471539,0.9319642653735375,0.8926851317860872,2.0,28.0,1.0,0.0,-0.0005599776308601312,-0.00040213034940958514,-1.0,1.0,-0.00024249626926697854,0.0,-0.0004097281161286048,-3.098519167776814e-05,-0.00043642938416699195,,1.0,1880.png,1.0,19.0,0.0,low_mean_prob,,,,0.0,0.32863253355026245,0.6247344315052032
0.0,0.35,0.33081628348449693,0.1981904569348969,2.0,-2.0,0.9119798756557527,corridor,0.1559633027522936,0.8382012935701952,0.931974227978263,0.8928254126595695,1.0,19.0,1.0,0.0,-0.0006151860222863847,-0.00044176191008790666,0.0,0.0,-0.00016453925056547636,0.0,-0.00027802979308722,-2.1022586952246236e-05,-0.0002961485106847128,,1.0,1880.png,1.0,19.0,0.0,recall_drop,,,,0.0,0.5465334057807922,0.8295031905174255
0.0,0.35,0.3305367005354357,0.19798979746451842,1.0,-1.0,0.9117719654444842,corridor,0.1559633027522936,0.8378500980420849,0.9319476545460464,0.8924513303302836,2.0,43.0,1.0,0.0,-0.0008947689713476037,-0.0006424213804663848,-1.0,1.0,-0.0003724494618339014,0.0,-0.0006292253211975796,-4.7596019168816284e-05,-0.0006702308399706425,,1.0,1880.png,1.0,19.0,0.0,recall_drop,,,,0.0,0.49562543630599976,0.8287980794906616
0.0,0.2,0.3305234763550535,0.19798030800302954,2.0,-2.0,0.9119798756557527,prob_ridge,0.1559633027522936,0.8382012935701952,0.931974227978263,0.8928254126595695,,19.0,1.0,0.0,-0.0009079931517297912,-0.0006519108419552611,0.0,0.0,-0.00016453925056547636,0.0,-0.00027802979308722,-2.1022586952246236e-05,-0.0002961485106847128,0.0,1.0,1880.png,1.0,19.0,0.0,recall_drop,19.0,0.9527280885832651,1.5714285714285714,0.0,0.8986105918884277,0.9254723310470581
0.0,0.5,0.3304259891290608,0.19791035735917625,2.0,-2.0,0.9118932560564927,corridor,0.1559633027522936,0.8380549621001493,0.9319631582373235,0.8926695450223671,1.0,29.0,1.0,0.0,-0.001005480377722523,-0.0007218614858085504,0.0,0.0,-0.0002511588498254058,0.0,-0.00042436126313316613,-3.209232789180838e-05,-0.0004520161478871465,,1.0,1880.png,1.0,19.0,0.0,recall_drop,,,,0.0,0.6700087189674377,0.9322322249412537
0.0,0.5,0.3300913645741232,0.19767031415460642,1.0,-1.0,0.9116159806333962,corridor,0.1559633027522936,0.8375867013960022,0.9319277108433734,0.892170768583319,2.0,61.0,1.0,0.0,-0.0013401049326601244,-0.000961904690378379,-1.0,1.0,-0.0005284342729219293,0.0,-0.0008926219672802382,-6.75397218418139e-05,-0.0009507925869352007,,1.0,1880.png,1.0,19.0,0.0,dice_drop,,,,0.0,0.617877721786499,0.9311540126800537
0.0,0.2,0.32662751468199425,0.19519115890083633,1.0,-1.0,0.9108006662257039,prob_ridge,0.1559633027522936,0.8362111855775703,0.9318233701855657,0.8907056127936157,,155.0,1.0,0.0,-0.0048039548247890695,-0.003441059944148478,-1.0,1.0,-0.0013437486806142651,0.0,-0.00226813778571211,-0.00017188037964954717,-0.0024159483766384993,0.0,1.0,1880.png,1.0,19.0,0.0,dice_drop,155.0,0.9556547567049661,2.7333333333333334,0.0,0.8500802516937256,0.9077279925346374
0.0,0.2,0.4373861566484517,0.27990674632085094,1.0,-1.0,0.9102216361211432,prob_ridge,0.21871275327771156,0.8352355545777069,0.8811582429060524,0.9412676274600961,,22.0,0.18181818181818182,0.8181818181818182,0.0009934260506690995,0.0008131790693889362,0.0,0.0,0.00018013985880283023,-0.0009751869108245714,0.0003033134495835643,0.0004461111500793091,-0.00012397334573066576,0.0,0.0,2024.png,0.0,19.0,1.0,recall_drop,22.0,0.968934645652771,1.375,1.0,0.9149652719497681,0.9473046123981476
0.0,0.5,0.43706871970345024,0.27964679267313725,1.0,-1.0,0.9100199289749314,corridor,0.2192545237837252,0.8348959335734514,0.880888837317243,0.9411436541143654,1.0,16.0,0.5,0.5,0.0006759891056676293,0.0005532254216752408,0.0,0.0,-2.156728740887459e-05,-0.0004334164048109268,-3.630755467198821e-05,0.00017670556126991865,-0.0002479466914613315,,0.0,2024.png,0.0,19.0,1.0,low_mean_prob,,,,0.0,0.30484700202941895,0.6579674184322357
0.0,0.2,0.43700540848277825,0.2795949588402419,1.0,-1.0,0.9100608385530614,prob_ridge,0.2190919926319211,0.8349648042234932,0.8809655052365895,0.9411436541143654,,19.0,0.42105263157894735,0.5789473684210527,0.0006126778849956382,0.0005013915887798759,0.0,0.0,1.9342290721091615e-05,-0.0005959475566150174,3.2563095369808615e-05,0.0002533734806163812,-0.0002479466914613315,0.0,0.0,2024.png,0.0,19.0,1.0,recall_drop,19.0,0.9728676851590474,2.1666666666666665,0.0,0.9063419699668884,0.9386436581611634
0.0,0.35,0.43700068477516546,0.2795910916392844,1.0,-1.0,0.9100716190704504,corridor,0.21930870083432658,0.8349829539205983,0.8808771064767816,0.9412676274600961,1.0,11.0,0.36363636363636365,0.6363636363636364,0.0006079541773828523,0.0004975243878224123,0.0,0.0,3.0122808110100152e-05,-0.000379239354209554,5.0712792474927326e-05,0.0001649747208085639,-0.00012397334573066576,,0.0,2024.png,0.0,19.0,1.0,low_mean_prob,,,,0.0,0.1648440957069397,0.3963893949985504
0.0,0.5,0.43679078519701203,0.2794192748230831,1.0,-1.0,0.9098594082556432,corridor,0.2189836385307184,0.8346257493262937,0.8809682756218616,0.9407097474043081,2.0,35.0,0.6285714285714286,0.37142857142857144,0.0003980545992294249,0.0003257075716210922,0.0,0.0,-0.00018208800669716751,-0.0007043016578177352,-0.00030649180182962255,0.0002561438658885695,-0.0006818534015186062,,0.0,2024.png,1.0,19.0,1.0,low_mean_prob,,,,0.0,0.2480364590883255,0.6194587349891663
0.0,0.25,0.43672513283437125,0.2793655434544258,1.0,-1.0,0.9100960314012195,corridor,0.21947123198613067,0.8350240549828178,0.8808142906855353,0.9413916008058267,1.0,4.0,0.0,1.0,0.000332402236588647,0.0002719762029638195,0.0,0.0,5.4535138879208134e-05,-0.0002167082024054634,9.1813854694478e-05,0.00010215892956222383,0.0,,0.0,2024.png,0.0,19.0,1.0,low_mean_prob,,,,1.0,0.019686635583639145,0.04560933634638788
0.0,0.25,0.43649026659816176,0.2791733605958814,1.0,-1.0,0.9099027555102713,corridor,0.21952540903673204,0.83469870244117,0.8807507106805128,0.9410506741050674,1.0,14.0,0.7857142857142857,0.21428571428571427,9.753600037915033e-05,7.979334441937658e-05,0.0,0.0,-0.00013874075206898873,-0.0001625311518040906,-0.00023353868695341617,3.857892453973388e-05,-0.0003409267007593586,,0.0,2024.png,1.0,19.0,1.0,low_mean_prob,,,,0.0,0.056699804961681366,0.13205094635486606
0.0,0.35,0.436390616973917,0.27909183822455835,1.0,-1.0,0.9099491975003372,corridor,0.21914616968252248,0.8347768704116143,0.8809192200557103,0.9409576940957695,2.0,24.0,0.5833333333333334,0.4166666666666667,-2.1136238655961037e-06,-1.7290269036518424e-06,0.0,0.0,-9.229876200311793e-05,-0.0005417705060136446,-0.0001553707165090623,0.00020708829973725695,-0.00043390671005727466,,1.0,2024.png,1.0,19.0,0.0,low_mean_prob,,,,0.0,0.10742869228124619,0.2872960835695267
0.0,0.2,0.4362951979012205,0.2790137865635714,1.0,-1.0,0.9098781894730533,prob_ridge,0.21968794018853613,0.8346573572665549,0.880677533499623,0.9410816674415001,,10.0,1.0,0.0,-9.753269656209707e-05,-7.97806878906071e-05,0.0,0.0,-0.00016330678928699882,0.0,-0.00027488386156848676,-3.4598256350104606e-05,-0.0003099333643266089,0.0,1.0,2024.png,1.0,19.0,0.0,recall_drop,10.0,1.0299196422100068,10.0,0.0,0.8454877138137817,0.8597459137439728
0.0,0.35,0.4361768901569187,0.2789170254688754,1.0,-1.0,0.9098047442794419,corridor,0.21952540903673204,0.8345337585221024,0.8807299524196356,0.9408647140864714,1.0,20.0,0.85,0.15,-0.00021584044086392362,-0.00017654178258658115,0.0,0.0,-0.00023675198289840882,-0.0001625311518040906,-0.00039848260602093344,1.7820663662515557e-05,-0.0005268867193553017,,1.0,2024.png,1.0,19.0,0.0,low_mean_prob,,,,0.0,0.15082266926765442,0.3936863720417023
0.0,0.25,0.436093660765277,0.2788489628980427,1.0,-1.0,0.9099899605915759,corridor,0.21930870083432658,0.8348454855383262,0.8808598282664192,0.9411126607779328,2.0,16.0,0.5625,0.4375,-0.00029906983250560515,-0.00024460435341933096,0.0,0.0,-5.153567076443544e-05,-0.000379239354209554,-8.675558979720499e-05,0.00014769651044610477,-0.0002789400278939702,,1.0,2024.png,1.0,19.0,0.0,low_mean_prob,,,,0.0,0.04392155259847641,0.1303049772977829
0.0,0.25,0.4358798675345438,0.27867416222530483,1.0,-1.0,0.9098456466356961,corridor,0.21936287788492795,0.834602589833118,0.8808066154069346,0.9408647140864714,2.0,23.0,0.7391304347826086,0.2608695652173913,-0.0005128630632388331,-0.00041940502615717135,0.0,0.0,-0.0001958496266442067,-0.0003250623036081812,-0.00032965129500539536,9.448365096154099e-05,-0.0005268867193553017,,1.0,2024.png,1.0,19.0,0.0,low_mean_prob,,,,0.0,0.0481293760240078,0.1157079115509987
0.0,0.5,0.43587842846553004,0.2786729857819905,1.0,-1.0,0.9096740352191832,corridor,0.21952540903673204,0.8343138332966791,0.880702263493906,0.9406167673950101,1.0,28.0,0.8928571428571429,0.10714285714285714,-0.0005143021322525643,-0.00042058146947149266,0.0,0.0,-0.0003674610431571024,-0.0001625311518040906,-0.0006184078314442898,-9.868262067058708e-06,-0.0007748334108166333,,1.0,2024.png,1.0,19.0,0.0,low_mean_prob,,,,0.0,0.3163461685180664,0.7351022243499756
0.0,0.2,0.43586962726183004,0.27866579081818843,1.0,-1.0,0.9099598489842392,prob_ridge,0.21968794018853613,0.8347947991973391,0.8806948351361541,0.9412366341236634,,5.0,1.0,0.0,-0.0005231033359525683,-0.0004277764332735745,0.0,0.0,-8.164727810111572e-05,0.0,-0.00013744193078424338,-1.7296619818973902e-05,-0.00015496668216330445,0.0,1.0,2024.png,1.0,19.0,0.0,recall_drop,5.0,0.9789693593978882,5.0,0.0,0.8879044651985168,0.8934288382530212
0.0,0.35,0.435224289464673,0.2781384491939602,1.0,-1.0,0.9096822541966427,corridor,0.21936287788492795,0.8343276606273885,0.8807720214772892,0.9405547807221447,2.0,33.0,0.8181818181818182,0.18181818181818182,-0.001168441133109599,-0.0009551180575018137,0.0,0.0,-0.00035924206569759587,-0.0003250623036081812,-0.0006045805007348637,5.98897213160976e-05,-0.0008368200836820217,,1.0,2024.png,1.0,19.0,0.0,low_mean_prob,,,,0.0,0.13415686786174774,0.35074632167816167
0.0,0.5,0.43492642865290293,0.2778951971430654,1.0,-1.0,0.9094534224807364,corridor,0.21936287788492795,0.8339427597393672,0.8807235562265904,0.9401208740120874,2.0,47.0,0.8723404255319149,0.1276595744680851,-0.0014663019448796777,-0.0011983701083966292,0.0,0.0,-0.0005880737816039705,-0.0003250623036081812,-0.0009894813887562082,1.1424470617305005e-05,-0.0012707267937392963,,1.0,2024.png,1.0,19.0,0.0,low_mean_prob,,,,0.0,0.3050748407840729,0.7383900523185729
0.0,0.5,0.3606784035394967,0.22001686814731516,0.0,0.0,0.914036410643111,corridor,0.2217101660887023,0.8416823727804781,0.9079559843769507,0.9201988251242657,1.0,17.0,0.4117647058823529,0.5882352941176471,0.001422392093518965,0.0010576557703812772,0.0,0.0,1.3810048925422258e-05,-0.000456287643730624,2.3420122451156544e-05,0.0001503931631438027,-0.0001265250790781769,,0.0,2044.png,0.0,18.0,1.0,low_mean_prob,,,,0.0,0.19135728478431702,0.5055125415325166
0.0,0.25,0.36050749711649366,0.21988968932913103,0.0,0.0,0.9140789816236209,corridor,0.22152765103121008,0.8417545716080818,0.9080224013697653,0.9202169001355626,2.0,20.0,0.3,0.7,0.0012514856705159172,0.0009304769521971401,0.0,0.0,5.638102943528178e-05,-0.0006388027012228514,9.561895005483212e-05,0.00021681015595842457,-0.00010845006778126276,,0.0,2044.png,0.0,18.0,1.0,low_mean_prob,,,,0.0,0.04473049193620682,0.11917907446622854
0.0,0.35,0.3604501014572957,0.21984698469846986,0.0,0.0,0.9140769465539218,corridor,0.22175579485307537,0.8417511200753881,0.9079480000713305,0.9202892001807501,1.0,11.0,0.18181818181818182,0.8181818181818182,0.001194090011317983,0.0008877723215359734,0.0,0.0,5.434595973619061e-05,-0.0004106588793575672,9.21674173611775e-05,0.00014240885752359045,-3.6150022593717246e-05,,0.0,2044.png,0.0,18.0,1.0,low_mean_prob,,,,1.0,0.0576280802488327,0.1670106053352356
0.0,0.5,0.3604308598784754,0.21983266887528777,0.0,0.0,0.9138972945306958,corridor,0.22134513597371783,0.841446476404643,0.9080511045287463,0.9198192498870312,2.0,46.0,0.6086956521739131,0.391304347826087,0.001174848432497655,0.0008734564983538806,0.0,0.0,-0.0001253060634898162,-0.0008213177587151066,-0.00021247625338394194,0.0002455133149393829,-0.0005061003163125966,,0.0,2044.png,1.0,18.0,1.0,low_mean_prob,,,,0.0,0.26743510365486145,0.6274473369121552
0.0,0.35,0.3603429203539823,0.2197672457412717,0.0,0.0,0.9140173994236104,corridor,0.22143639350246394,0.8416501322751323,0.9080416711263335,0.9200723000451875,2.0,30.0,0.4666666666666667,0.5333333333333333,0.001086908908004558,0.0008080333643378235,0.0,0.0,-5.20117057523084e-06,-0.0007300602299689929,-8.82038289462539e-06,0.00023607991252660998,-0.0002530501581563538,,0.0,2044.png,0.0,18.0,1.0,low_mean_prob,,,,0.0,0.12942831218242645,0.3507938474416734
0.0,0.25,0.36018082848971306,0.21964667491842016,0.0,0.0,0.9140882366141556,corridor,0.22180142361744845,0.8417702684830048,0.907935092724679,0.9203253502033438,1.0,8.0,0.0,1.0,0.0009248170437353154,0.0006874625414862723,0.0,0.0,6.563601997000568e-05,-0.00036503011498448257,0.00011131582497792003,0.0001295015108720987,0.0,,0.0,2044.png,0.0,18.0,1.0,low_mean_prob,,,,1.0,0.02835427224636078,0.06537619084119796
0.0,0.25,0.35895780493428636,0.21873770583937505,0.0,0.0,0.9139446164893856,corridor,0.22216645373243293,0.8415267125099181,0.9077924393723252,0.9201807501129688,1.0,8.0,1.0,0.0,-0.000298206511691379,-0.00022150653755884098,0.0,0.0,-7.798410479997742e-05,0.0,-0.0001322401481088642,-1.3151841481651161e-05,-0.00014460009037498,,1.0,2044.png,1.0,18.0,0.0,low_mean_prob,,,,0.0,0.05829223245382309,0.10534339621663091
0.0,0.35,0.35885851274722236,0.21866396988594866,0.0,0.0,0.9139153695624854,corridor,0.22216645373243293,0.8414771224543771,0.9077875064643258,0.9201265250790782,1.0,11.0,1.0,0.0,-0.000397498698755383,-0.0002952424909852258,0.0,0.0,-0.00010723103170018344,0.0,-0.00018183020364981317,-1.808474948106209e-05,-0.00019882512426561139,,1.0,2044.png,1.0,18.0,0.0,low_mean_prob,,,,0.0,0.09386268258094788,0.22031061351299286
0.0,0.5,0.3585774829555924,0.2184553210597216,0.0,0.0,0.9138471206068495,corridor,0.22216645373243293,0.8413614123247818,0.9077759942928483,0.92,1.0,18.0,1.0,0.0,-0.000678528490385355,-0.0005038913172122905,0.0,0.0,-0.00017547998733613568,0.0,-0.00029754033324513873,-2.9596920958607775e-05,-0.0003253502033437883,,1.0,2044.png,1.0,18.0,0.0,low_mean_prob,,,,0.0,0.2371724247932434,0.522731876373291
0.0,0.25,0.35841401567542647,0.2183339886535977,0.0,0.0,0.9138081173523893,corridor,0.22216645373243293,0.8412952922507273,0.9077694146184854,0.9199276999548125,2.0,22.0,1.0,0.0,-0.0008419957705512737,-0.0006252237233361768,0.0,0.0,-0.00021448324179629275,0.0,-0.00036366040729962634,-3.617659532151318e-05,-0.0003976502485313338,,1.0,2044.png,1.0,18.0,0.0,low_mean_prob,,,,0.0,0.0635724738240242,0.15890413820743562
0.0,0.35,0.35823233952352423,0.21819916919276974,0.0,0.0,0.9137203497872187,corridor,0.22216645373243293,0.8411465220841048,0.9077546069179585,0.9197650248531405,2.0,31.0,1.0,0.0,-0.0010236719224535062,-0.0007600431841641442,0.0,0.0,-0.0003022508069668861,0.0,-0.0005124305739221402,-5.098429584837749e-05,-0.000560325350203339,,1.0,2044.png,1.0,18.0,0.0,low_mean_prob,,,,0.0,0.13063158094882965,0.30680450797080994
0.0,0.5,0.3578365937859609,0.21790559479762306,0.0,0.0,0.9135545279037399,corridor,0.22216645373243293,0.8408655117693732,0.9077266238401142,0.9194577496610935,2.0,48.0,1.0,0.0,-0.0014194176600168529,-0.0010536175793108282,0.0,0.0,-0.00046807269044568667,0.0,-0.0007934408886537403,-7.896737369272877e-05,-0.0008676005422503241,,1.0,2044.png,1.0,18.0,0.0,low_mean_prob,,,,0.0,0.28827205300331116,0.6636856615543368
0.0,0.5,0.17531468929771601,0.09607941066300411,17.0,17.0,0.6617044881492687,corridor,0.3192483042366285,0.49443824797274893,0.5121863631395693,0.9345070221918355,2.0,121.0,0.7024793388429752,0.2975206611570248,0.003648311631685136,0.0021871496614866565,0.0,0.0,-0.0009059418856860457,-0.004003113532747682,-0.001012325978020867,-0.00035883072653219994,-0.0024214454605019364,,1.0,2246.png,1.0,18.0,0.0,dice_drop,,,,0.0,0.48426005244255066,0.8227483630180359
0.0,0.2,0.1740231340277378,0.0953041285849354,17.0,17.0,0.6625356426765006,prob_ridge,0.3220282441899255,0.495366952434045,0.5125494964611979,0.9366151041221548,,22.0,0.5,0.5,0.00235675636170693,0.0014118675834179362,0.0,0.0,-7.478735845423135e-05,-0.001223173579450676,-8.362151672480778e-05,4.302595096317141e-06,-0.00031336353018263097,0.0,0.0,2246.png,0.0,18.0,1.0,recall_drop,22.0,0.9172438287734986,2.0,0.0,0.8382341265678406,0.8837628126144409
0.0,0.2,0.17336103416435827,0.09490711487425756,17.0,17.0,0.6626370083816893,prob_ridge,0.3225842321805849,0.4954802940821984,0.5125855270335562,0.9368999800586845,,7.0,0.14285714285714285,0.8571428571428571,0.001694656498327396,0.0010148538727400985,0.0,0.0,2.657834673447379e-05,-0.0006671855887912526,2.9720131428601082e-05,4.0333167454664753e-05,-2.848759365292608e-05,0.0,0.0,2246.png,0.0,18.0,1.0,recall_drop,7.0,0.9231228494644165,7.0,1.0,0.8043391108512878,0.8120431780815125
0.0,0.5,0.1730493196302463,0.09472030169704589,17.0,17.0,0.6622860943704271,corridor,0.32169465139552983,0.49508799421407906,0.5124214400449136,0.9360453522490955,1.0,45.0,0.6888888888888889,0.3111111111111111,0.0013829419642154284,0.0008280406955284286,0.0,0.0,-0.00032433566452771956,-0.00155676637384633,-0.00036257973669073795,-0.00012375382118789968,-0.0008831154032419297,,1.0,2246.png,1.0,18.0,0.0,recall_drop,,,,0.0,0.4186497926712036,0.8536099672317505
0.0,0.25,0.17274560645347162,0.09453834510595359,17.0,17.0,0.662448107694168,corridor,0.32213944178805737,0.49526908937503766,0.5124959074538906,0.936444178560237,1.0,27.0,0.6296296296296297,0.37037037037037035,0.0010792287874407391,0.0006460841044361315,0.0,0.0,-0.00016232234078683572,-0.0011119759813187913,-0.00018148457573213816,-4.928641221091379e-05,-0.0004842890921004095,,0.0,2246.png,1.0,18.0,1.0,low_mean_prob,,,,0.0,0.17934004962444305,0.5074957072734835
0.0,0.35,0.17274560645347162,0.09453834510595359,17.0,17.0,0.662448107694168,corridor,0.32213944178805737,0.49526908937503766,0.5124959074538906,0.936444178560237,1.0,27.0,0.6296296296296297,0.37037037037037035,0.0010792287874407391,0.0006460841044361315,0.0,0.0,-0.00016232234078683572,-0.0011119759813187913,-0.00018148457573213816,-4.928641221091379e-05,-0.0004842890921004095,,0.0,2246.png,1.0,18.0,1.0,duplicate_cut,,,,0.0,0.17934004962444305,0.5074957072734835
0.0,0.35,0.17268661850705194,0.09450301204819277,17.0,17.0,0.6621167978870329,corridor,0.32047147781607915,0.494898804948988,0.5123724529597155,0.9355325755633421,2.0,74.0,0.6621621621621622,0.33783783783783783,0.001020240841021064,0.0006107510466753091,0.0,0.0,-0.000493632147921863,-0.002779939953297006,-0.0005517690017817767,-0.00017274090638608186,-0.0013958920889952653,,1.0,2246.png,1.0,18.0,0.0,low_mean_prob,,,,0.0,0.3280043601989746,0.7156557202339173
0.0,0.25,0.17218161938194165,0.09420061708960394,17.0,17.0,0.6623463011489619,corridor,0.3209162682086067,0.49515528699085304,0.5124849883806167,0.9360738398427485,2.0,51.0,0.5882352941176471,0.4117647058823529,0.0005152417159107747,0.0003083560880864783,0.0,0.0,-0.0002641288859929203,-0.0023351495607694672,-0.0002952869599167629,-6.020548548479887e-05,-0.0008546278095888926,,1.0,2246.png,1.0,18.0,0.0,low_mean_prob,,,,0.0,0.21025450527668,0.5880143642425537
0.0,0.2,0.17142857142857143,0.09375,17.0,17.0,0.6625295925049111,prob_ridge,0.32325141776937616,0.4953601880027718,0.512499610361273,0.9367575420904196,,6.0,1.0,0.0,-0.00023780623745944807,-0.00014226100151745746,0.0,0.0,-8.08375300437314e-05,0.0,-9.038594799798405e-05,-4.558350482852802e-05,-0.00017092556191777852,0.0,1.0,2246.png,1.0,18.0,0.0,recall_drop,6.0,0.9359600496292114,6.0,0.0,0.8198797702789307,0.8238573372364044
0.0,0.2,0.171398891966759,0.09373224768036356,17.0,17.0,0.6625161186331399,prob_ridge,0.32325141776937616,0.4953451236781055,0.5124920122816041,0.9367290544967667,,7.0,1.0,0.0,-0.0002674856992718744,-0.00016001332115389566,0.0,0.0,-9.431140181492825e-05,0.0,-0.00010545027266428697,-5.3181584497408174e-05,-0.0001994131555707046,0.0,1.0,2246.png,1.0,18.0,0.0,recall_drop,7.0,0.9173348927497864,7.0,0.0,0.7927338480949402,0.8026386499404907
0.0,0.25,0.3866785172792388,0.2396785274483116,3.0,-3.0,0.9039572435751649,corridor,0.2962238913468464,0.8247463324549208,0.8576884899227483,0.9555026683975191,2.0,58.0,0.3620689655172414,0.6379310344827587,0.0015469245351892869,0.001187520370849099,0.0,0.0,0.00011851996781020446,-0.0019034880131700849,0.0001972965851302355,0.0006195244055068327,-0.0005048319630751585,,0.0,2248.png,0.0,20.0,1.0,low_mean_prob,,,,0.0,0.083844393491745,0.20862683951854707
0.0,0.35,0.3866116651871965,0.2396271603340022,3.0,-3.0,0.9038319362140151,corridor,0.29591521761498096,0.8245377383941727,0.8577535027309428,0.9551420741381798,2.0,79.0,0.45569620253164556,0.5443037974683544,0.0014800724431469625,0.0011361532565396792,0.0,0.0,-6.787393339591219e-06,-0.0022121617450355235,-1.1297475617899622e-05,0.0006845372137013195,-0.0008654262224144782,,1.0,2248.png,0.0,20.0,0.0,low_mean_prob,,,,0.0,0.1698685586452484,0.4331377804279328
0.0,0.5,0.38615304528891203,0.23927488549125864,3.0,-3.0,0.9034820209376423,corridor,0.2956065438831155,0.8239555011311512,0.8577632773000302,0.954348766767633,2.0,118.0,0.5847457627118644,0.4152542372881356,0.0010214525448625222,0.0007838784137961241,0.0,0.0,-0.0003567026697124387,-0.002520835476900962,-0.000593534738639323,0.0006943117827887813,-0.0016587335929612035,,1.0,2248.png,1.0,20.0,0.0,low_mean_prob,,,,0.0,0.34683021903038025,0.8187907040119171
0.0,0.35,0.3861463720419997,0.23926976111866383,3.0,-3.0,0.9038492144692267,corridor,0.2972013581644202,0.8245664979673111,0.8573585231193926,0.9556709457185442,1.0,32.0,0.4375,0.5625,0.0010147792979501857,0.0007787540412013128,0.0,0.0,1.049086187199233e-05,-0.0009260211955962605,1.7462097520515307e-05,0.0002895576021512136,-0.0003365546420500687,,0.0,2248.png,0.0,20.0,1.0,low_mean_prob,,,,0.0,0.21627169847488403,0.5100609332323075
0.0,0.25,0.38610806004498144,0.2392403422348976,3.0,-3.0,0.9039056106210784,corridor,0.2973556950303529,0.8246603754018459,0.8573245935572901,0.9558392230395693,1.0,22.0,0.3181818181818182,0.6818181818181818,0.0009764673009319269,0.0007493351574350826,0.0,0.0,6.688701372370431e-05,-0.0007716843296635689,0.00011133953205533231,0.0002556280400486388,-0.00016827732102497883,,0.0,2248.png,0.0,20.0,1.0,low_mean_prob,,,,0.0,0.11921220272779465,0.30053833127021806
0.0,0.2,0.38609150326797387,0.23922762910646017,3.0,-3.0,0.9037449565266806,prob_ridge,0.29797304249408374,0.8243929748895846,0.8570935822536486,0.9557671041877013,,13.0,0.7692307692307693,0.23076923076923078,0.0009599105239243566,0.0007366220289976577,0.0,0.0,-9.376708067410089e-05,-0.0001543368659327471,-0.00015606098020592984,2.461673640719031e-05,-0.00024039617289295379,0.0,0.0,2248.png,1.0,20.0,1.0,recall_drop,13.0,0.891736114025116,2.5,0.0,0.8084463477134705,0.8483658194541931
0.0,0.5,0.3859703981655201,0.239134646432031,3.0,-3.0,0.9036828161775574,corridor,0.29709846692046504,0.8242895664799834,0.8573493560009493,0.9553103514592047,1.0,49.0,0.5918367346938775,0.40816326530612246,0.0008388054214705787,0.0006436393545684871,0.0,0.0,-0.00015590742979731953,-0.0010289124395514437,-0.0002594693898071432,0.0002803904837078708,-0.0006971489013894994,,0.0,2248.png,1.0,20.0,1.0,low_mean_prob,,,,0.0,0.3958912193775177,0.8223526000976563
0.0,0.2,0.38575760744536236,0.23897130271425795,3.0,-3.0,0.9037346850635328,prob_ridge,0.2980244881160613,0.8243758812308203,0.8570751056307666,0.9557671041877013,,12.0,0.8333333333333334,0.16666666666666666,0.0006260147013128492,0.0004802956367954414,0.0,0.0,-0.00010403854382190492,-0.00010289124395518323,-0.00017315463897027428,6.140113525177071e-06,-0.00024039617289295379,0.0,0.0,2248.png,1.0,20.0,1.0,recall_drop,12.0,0.9139892733097077,3.0,0.0,0.8236884474754333,0.8643714368343354
0.0,0.2,0.38470803875360043,0.23816625599792504,3.0,-3.0,0.9037764367620151,prob_ridge,0.2981273793600165,0.8244453659547999,0.8570535618062292,0.9558873022741478,,5.0,1.0,0.0,-0.00042355399044907704,-0.00032475107953747195,0.0,0.0,-6.22868453395986e-05,0.0,-0.00010366991499066724,-1.5403711012274002e-05,-0.00012019808644647689,0.0,1.0,2248.png,1.0,20.0,0.0,recall_drop,5.0,0.913483715057373,5.0,0.0,0.8276716470718384,0.8285403370857238
0.0,0.2,0.3598249066302558,0.2193820087165173,2.0,2.0,0.9265087092061055,prob_ridge,0.20212342929855256,0.8630798564941419,0.9270392627125495,0.9259787626340794,,4.0,0.75,0.25,0.0006238456649381163,0.0004636193758687235,0.0,0.0,-1.544497669203615e-05,-3.97645936058566e-05,-2.6805656662798327e-05,9.541066676388432e-06,-4.037522038136121e-05,0.0,0.0,3058.png,1.0,19.0,1.0,low_p90_prob,4.0,0.8518594789505004,4.0,0.0,0.7769912481307983,0.7896239995956421
0.0,0.5,0.35945328470078963,0.21910579037380895,2.0,2.0,0.9265979659190409,corridor,0.20120884364561795,0.8632347773706139,0.9274475170898109,0.9257499697185847,2.0,55.0,0.36363636363636365,0.6363636363636364,0.000252223735471957,0.00018740103316036705,0.0,0.0,7.381173624332327e-05,-0.0009543502465404752,0.0001281152198092661,0.0004177954439377185,-0.00026916813587607447,,0.0,3058.png,0.0,19.0,1.0,low_mean_prob,,,,0.0,0.30781278014183044,0.7108023881912232
0.0,0.5,0.3590998435556982,0.21884320148633452,2.0,2.0,0.9265536723163842,corridor,0.2018450771433116,0.8631578947368421,0.9271967654986523,0.9259114706001104,1.0,22.0,0.36363636363636365,0.6363636363636364,-0.00010121740961949177,-7.518785431406827e-05,0.0,0.0,2.95181335866479e-05,-0.00031811674884682506,5.1232586037452954e-05,0.00016704385277910294,-0.00010766725435040758,,1.0,3058.png,0.0,19.0,0.0,low_mean_prob,,,,0.0,0.2540944814682007,0.6073168277740479
0.0,0.2,0.3589784773530357,0.21875305862777725,2.0,2.0,0.9264880150821438,prob_ridge,0.20216319389215842,0.8630439418457332,0.9270248056375224,0.9259518458204917,,5.0,1.0,0.0,-0.0002225836122820013,-0.0001653307128713366,0.0,0.0,-3.6139100653698186e-05,0.0,-6.272030507148418e-05,-4.916008350730472e-06,-6.729203396904637e-05,0.0,1.0,3058.png,1.0,19.0,0.0,low_p90_prob,5.0,0.8547008991241455,5.0,0.0,0.7684080004692078,0.7738843321800232
0.0,0.25,0.35896406344107606,0.21874235380474677,2.0,2.0,0.9265451509295483,corridor,0.2020836647049467,0.8631431044648794,0.927125724295917,0.9259653042272856,1.0,12.0,0.3333333333333333,0.6666666666666666,-0.00023699752424161113,-0.00017603553590181398,0.0,0.0,2.099674675071217e-05,-7.95291872117132e-05,3.644231407473608e-05,9.600265004383601e-05,-5.383362717514828e-05,,1.0,3058.png,0.0,19.0,0.0,low_mean_prob,,,,0.0,0.05512045696377754,0.136378413438797
0.0,0.35,0.3588426501866046,0.2186521909233177,2.0,2.0,0.9265287158181096,corridor,0.202004135517735,0.8631145792821387,0.927146784539917,0.9259114706001104,1.0,18.0,0.4444444444444444,0.5555555555555556,-0.0003584107787130697,-0.00026619841733088734,0.0,0.0,4.561635312039236e-06,-0.0001590583744234264,7.917131334078675e-06,0.00011706289404378456,-0.00010766725435040758,,1.0,3058.png,0.0,19.0,0.0,low_mean_prob,,,,0.0,0.18756937980651855,0.5104270070791246
0.0,0.25,0.35865114411882776,0.21851000342415497,2.0,2.0,0.9265497154786356,corridor,0.20188484173691745,0.8631510269632753,0.9272428294155705,0.9258576369729351,2.0,30.0,0.4,0.6,-0.0005499168464899173,-0.00040838591649361433,0.0,0.0,2.556129583808353e-05,-0.00027835215524096846,4.436481247060975e-05,0.00021310776969729606,-0.00016150088152566688,,1.0,3058.png,0.0,19.0,0.0,low_mean_prob,,,,0.0,0.10286354273557663,0.30216836333274844
0.0,0.35,0.3585359980736817,0.21842452691799913,2.0,2.0,0.926552987446797,corridor,0.20172578336249403,0.8631567060240661,0.927289883399609,0.9258172617525537,2.0,37.0,0.40540540540540543,0.5945945945945946,-0.0006650628916359813,-0.0004938624226494548,0.0,0.0,2.8833263999494818e-05,-0.00043741052966439486,5.004387326146276e-05,0.000260161753735888,-0.0002018761019070281,,1.0,3058.png,0.0,19.0,0.0,low_mean_prob,,,,0.0,0.16390833258628845,0.4261532962322234
0.0,0.2,0.26406926406926406,0.15211970074812967,1.0,1.0,0.9195993156105613,prob_ridge,0.11997531487559258,0.8511650620901353,0.9636744204415307,0.8793795633590648,,12.0,1.0,0.0,0.0011394919143996596,0.000755773176224217,0.0,0.0,-4.885780045327248e-05,0.0,-8.371703641696371e-05,-3.4427206039300273e-06,-8.649209678468495e-05,0.0,0.0,3249.png,1.0,20.0,0.0,recall_drop,12.0,1.0297961258888244,12.0,0.0,0.7997834086418152,0.8133897542953491
0.0,0.2,0.26366634562064034,0.1518523498957843,1.0,1.0,0.91975138798325,prob_ridge,0.11941428932087857,0.8514256604932241,0.9639651739721266,0.879415601732725,,45.0,0.15555555555555556,0.8444444444444444,0.000736573465775936,0.0004884223238788565,0.0,0.0,0.00010321457223538832,-0.0005610255547140175,0.00017688136667182164,0.00028731080999189196,-5.045372312439955e-05,0.0,0.0,3249.png,0.0,20.0,1.0,recall_drop,45.0,0.9336384948817166,1.5454545454545454,1.0,0.8463194966316223,0.9047820448875428
0.0,0.35,0.2635500365230095,0.15177519771159348,1.0,1.0,0.919542742564667,corridor,0.11980700720917838,0.851068134566816,0.9637146468636435,0.8792426175391557,2.0,37.0,0.8378378378378378,0.16216216216216217,0.000620264368145107,0.0004112701396880303,0.0,0.0,-0.00010543084634762057,-0.00016830766641420802,-0.00018064455973632043,3.67837015088357e-05,-0.00022343791669376944,,0.0,3249.png,1.0,20.0,1.0,recall_drop,,,,0.0,0.7222181558609009,0.9557121634483338
0.0,0.25,0.2635087719298246,0.1517478278440089,1.0,1.0,0.9195875356157569,corridor,0.11980700720917838,0.8511448783959145,0.9637177998435907,0.8793219019612083,2.0,26.0,0.7692307692307693,0.23076923076923078,0.0005789997749601761,0.00038390027210344346,0.0,0.0,-6.063779525766755e-05,-0.00016830766641420802,-0.00010390073063781813,3.993668145607643e-05,-0.00014415349464114158,,0.0,3249.png,1.0,20.0,1.0,recall_drop,,,,0.0,0.6295868158340454,0.9197365343570709
0.0,0.25,0.2633843631999532,0.15166531823085222,1.0,1.0,0.9196422851242316,corridor,0.11989116104238548,0.8512386892428333,0.9636995497985941,0.8794372247569212,1.0,7.0,0.5714285714285714,0.42857142857142855,0.00045459104508877024,0.00030139065894677075,0.0,0.0,-5.8882867829401775e-06,-8.415383320710401e-05,-1.0089883718977788e-05,2.168663645940594e-05,-2.8830698928228315e-05,,0.0,3249.png,1.0,20.0,1.0,low_mean_prob,,,,0.0,0.35919514298439026,0.6046051859855652
0.0,0.2,0.26328255212140705,0.15159780449203622,1.0,1.0,0.9196995564198522,prob_ridge,0.11966675082049988,0.8513368312355223,0.9637993680884677,0.8794588477811174,,17.0,0.058823529411764705,0.9411764705882353,0.000352779966542649,0.0002338769201307711,0.0,0.0,5.1383008837668775e-05,-0.00030856405509270546,8.805210897000482e-05,0.0001215049263330048,-7.207674732057079e-06,0.0,0.0,3249.png,0.0,20.0,1.0,recall_drop,17.0,0.9590155363082886,2.5,1.0,0.8954187035560608,0.9124020099639892
0.0,0.35,0.2632810671659256,0.15159681983560166,1.0,1.0,0.9196294649250413,corridor,0.11986310976464978,0.8512167215493666,0.9637060147703487,0.879408394057993,1.0,12.0,0.6666666666666666,0.3333333333333333,0.0003512950110611812,0.00023289226369621607,0.0,0.0,-1.8708485973295552e-05,-0.00011220511094280072,-3.205757718571789e-05,2.815160821401097e-05,-5.766139785645663e-05,,0.0,3249.png,1.0,20.0,1.0,recall_drop,,,,0.0,0.6259039640426636,0.9039153337478638
0.0,0.5,0.2632731093663349,0.15159154314140702,1.0,1.0,0.9194694368326027,corridor,0.11980700720917838,0.8509425537555639,0.9637094862596988,0.8791128793939788,2.0,55.0,0.8909090909090909,0.10909090909090909,0.0003433372114705069,0.00022761556950157136,0.0,0.0,-0.0001787365784118311,-0.00016830766641420802,-0.00030622537098834446,3.1623097564104086e-05,-0.00035317606187068584,,0.0,3249.png,1.0,20.0,1.0,recall_drop,,,,0.0,0.8049072027206421,0.9790276408195495
0.0,0.35,0.2632610667368852,0.15158355795148248,1.0,1.0,0.9196561483642174,corridor,0.11989116104238548,0.8512624447963832,0.9637299969985624,0.8794372247569212,1.0,11.0,0.36363636363636365,0.6363636363636364,0.0003312945820208024,0.0002196303795770349,0.0,0.0,7.97495320281616e-06,-8.415383320710401e-05,1.366566983096451e-05,5.213383642777014e-05,-2.8830698928228315e-05,,0.0,3249.png,0.0,20.0,1.0,recall_drop,,,,0.0,0.5491354465484619,0.8985811471939087
0.0,0.25,0.26320716082606915,0.1515478155421565,1.0,1.0,0.9196675900277008,corridor,0.11969480209823558,0.8512820512820513,0.9637897530688658,0.879408394057993,2.0,23.0,0.34782608695652173,0.6521739130434783,0.00027738867120474797,0.00018388797025103987,0.0,0.0,1.9416616686251942e-05,-0.00028051277735700875,3.3272155498975664e-05,0.00011188990673116628,-5.766139785645663e-05,,0.0,3249.png,0.0,20.0,1.0,recall_drop,,,,0.0,0.44656097888946533,0.8674336433410644
0.0,0.5,0.2631578947368421,0.15151515151515152,1.0,1.0,0.91961317846402,corridor,0.11986310976464978,0.8511888150918122,0.9637048680500154,0.8793795633590648,1.0,16.0,0.75,0.25,0.00022812258197768553,0.00015122394324607047,0.0,0.0,-3.499494699454875e-05,-0.00011220511094280072,-5.996403474006762e-05,2.700488788076605e-05,-8.649209678468495e-05,,0.0,3249.png,1.0,20.0,1.0,recall_drop,,,,0.0,0.7141009569168091,0.9789833724498749
0.0,0.5,0.2631532769865177,0.15151208998450866,1.0,1.0,0.919670012022175,corridor,0.11989116104238548,0.8512862016758647,0.9637604461224941,0.8794372247569212,1.0,15.0,0.26666666666666666,0.7333333333333333,0.00022350483165328727,0.00014816241260320884,0.0,0.0,2.1838611160451826e-05,-8.415383320710401e-05,3.7422549312382536e-05,8.258296035945634e-05,-2.8830698928228315e-05,,0.0,3249.png,0.0,20.0,1.0,recall_drop,,,,0.0,0.6578389406204224,0.9580307602882385
0.0,0.35,0.26306864694187815,0.1514559838411042,1.0,1.0,0.9196610961609492,corridor,0.11969480209823558,0.8512709233120059,0.9638187778962752,0.8793723556843327,2.0,32.0,0.40625,0.59375,0.000138874787013743,9.205626919875365e-05,0.0,0.0,1.2922749934585198e-05,-0.00028051277735700875,2.2144185453654153e-05,0.00014091473414057365,-9.369977151674203e-05,,0.0,3249.png,0.0,20.0,1.0,recall_drop,,,,0.0,0.5627200603485107,0.9085480034351349
0.0,0.25,0.26295450553311084,0.15138032156942058,1.0,1.0,0.919631887968525,corridor,0.11997531487559258,0.8512208734477467,0.963676715661109,0.8794372247569212,1.0,4.0,1.0,0.0,2.473337824643318e-05,1.6393997515129488e-05,0.0,0.0,-1.6285442489549773e-05,0.0,-2.7905678805617562e-05,-1.1475010256445373e-06,-2.8830698928228315e-05,,0.0,3249.png,1.0,20.0,0.0,low_mean_prob,,,,0.0,0.2618900537490845,0.38095538616180424
0.0,0.5,0.2628765082240206,0.15132862428523378,1.0,1.0,0.919678866231955,corridor,0.11969480209823558,0.8513013746423836,0.9639011132267775,0.8793363173106724,2.0,48.0,0.375,0.625,-5.326393084381653e-05,-3.530328667167293e-05,0.0,0.0,3.069282094048109e-05,-0.00028051277735700875,5.2595515831366235e-05,0.0002232500646428548,-0.00012973814517702742,,1.0,3249.png,0.0,20.0,0.0,recall_drop,,,,0.0,0.6880898475646973,0.9571037709712982
0.0,0.25,0.4823395797842135,0.3178178552720198,2.0,-2.0,0.9189360737494333,corridor,0.1126643368280912,0.8500293566695557,0.9368894641151274,0.9016578190337792,2.0,30.0,0.5,0.5,0.0010476430163299244,0.0009090638986484767,0.0,0.0,-3.673591824038258e-05,-0.0008320852055250516,-6.286847157666031e-05,0.0004035184853746765,-0.00044485305020913746,,0.0,3269.png,0.0,20.0,1.0,low_mean_prob,,,,0.0,0.07080212980508804,0.211632414162159
0.0,0.25,0.4823315532325872,0.3178108856779217,2.0,-2.0,0.9191018705992566,corridor,0.1127198091751262,0.8503131290539029,0.9368819887256261,0.9019840446039326,2.0,18.0,0.2222222222222222,0.7777777777777778,0.00103961646470363,0.0009020943045504048,0.0,0.0,0.00012906093158293608,-0.0007766128584900528,0.00022090391277052035,0.0003960430958733774,-0.00011862748005575519,,0.0,3269.png,0.0,20.0,1.0,low_mean_prob,,,,1.0,0.029089970514178276,0.06208846494555475
0.0,0.35,0.4822461712989223,0.31773675162568205,2.0,-2.0,0.9188257701726275,corridor,0.11238697509291617,0.8498406129411107,0.9370124865114845,0.9013315934636259,2.0,46.0,0.5652173913043478,0.43478260869565216,0.0009542345310387113,0.0008279602523107443,0.0,0.0,-0.0001470394950462417,-0.0011094469407000734,-0.00025161220002167806,0.0005265408817317629,-0.0007710786203624087,,0.0,3269.png,1.0,20.0,1.0,low_mean_prob,,,,0.0,0.11628005653619766,0.3154032230377197
0.0,0.35,0.4822260079500284,0.3177192457348099,2.0,-2.0,0.919015308358394,corridor,0.1126088644810562,0.8501649611362747,0.9369261108029827,0.9017764465138349,2.0,27.0,0.4074074074074074,0.5925925925925926,0.0009340711821448355,0.0008104543614386173,0.0,0.0,4.249869072026069e-05,-0.0008875575525600504,7.273599514234785e-05,0.0004401651732299783,-0.00032622557015338227,,0.0,3269.png,0.0,20.0,1.0,low_mean_prob,,,,0.0,0.10366065055131912,0.252713778614998
0.0,0.2,0.4820274407529198,0.3175468738328229,2.0,-2.0,0.9189556703834648,prob_ridge,0.11310811560437121,0.850062893081761,0.9366741614562479,0.9018950739938907,,14.0,0.5,0.5,0.0007355039850362455,0.0006380824594515722,0.0,0.0,-1.7139284208878003e-05,-0.00038830642924503334,-2.9332059371389718e-05,0.0001882158264951972,-0.00020759809009762709,0.0,0.0,3269.png,0.0,20.0,1.0,recall_drop,14.0,0.9709258556365967,2.5,0.0,0.900041937828064,0.9297348916530609
0.0,0.35,0.48202623658356525,0.31754582865693975,2.0,-2.0,0.9190185532120626,corridor,0.11305264325733622,0.8501705148990887,0.9367088607594937,0.9019840446039326,1.0,12.0,0.3333333333333333,0.6666666666666666,0.0007342998156816827,0.0006370372835684535,0.0,0.0,4.574354438890982e-05,-0.00044377877628003215,7.828975795631798e-05,0.00022291512974093042,-0.00011862748005575519,,0.0,3269.png,0.0,20.0,1.0,low_mean_prob,,,,0.0,0.07342714071273804,0.21327192187309268
0.0,0.5,0.48192497588105104,0.31745794392523363,2.0,-2.0,0.9189205524160647,corridor,0.11305264325733622,0.8500027953262146,0.9366971629239442,0.9018061033838489,1.0,18.0,0.5555555555555556,0.4444444444444444,0.0006330391131674773,0.0005491525518623308,0.0,0.0,-5.225725160895589e-05,-0.00044377877628003215,-8.942981491777413e-05,0.00021121729419149027,-0.00029656870013938796,,0.0,3269.png,1.0,20.0,1.0,low_mean_prob,,,,0.0,0.23672229051589966,0.6119481027126312
0.0,0.25,0.481790807340492,0.31734151635356633,2.0,-2.0,0.9190234469422287,corridor,0.11316358795140623,0.8501788908765653,0.9366550672866689,0.9020433583439604,1.0,8.0,0.25,0.75,0.0004988705726084453,0.0004327249801950317,0.0,0.0,5.063727455500988e-05,-0.00033283408221002064,8.666573543292255e-05,0.00016912165691618242,-5.931374002787759e-05,,0.0,3269.png,0.0,20.0,1.0,low_mean_prob,,,,1.0,0.02198784053325653,0.053602616861462594
0.0,0.5,0.48178413346952675,0.3173357254989908,2.0,-2.0,0.9188658142135969,corridor,0.11255339213402119,0.8499091290367677,0.9369355485004469,0.9014798778136955,2.0,38.0,0.5526315789473685,0.4473684210526316,0.0004921967016431883,0.0004269341256195047,0.0,0.0,-0.0001069954540767748,-0.0009430298995950631,-0.00018309610436462176,0.0004496028706941768,-0.0006227942702927702,,0.0,3269.png,1.0,20.0,1.0,low_mean_prob,,,,0.0,0.26163703203201294,0.6737412750720981
0.0,0.25,0.4816414686825054,0.31721194879089615,2.0,-2.0,0.9189679134690918,corridor,0.11338547733954624,0.8500838457238681,0.9365397050220156,0.9020433583439604,1.0,4.0,0.5,0.5,0.00034953191462183675,0.0003031574175248464,0.0,0.0,-4.8961985819051534e-06,-0.00011094469407001151,-8.379417264281486e-06,5.3759392262819894e-05,-5.931374002787759e-05,,0.0,3269.png,0.0,20.0,1.0,low_mean_prob,,,,0.0,0.025125864893198013,0.0492405753582716
0.0,0.5,0.48151927437641723,0.3171059508698574,2.0,-2.0,0.9186689636413092,corridor,0.11327453264547623,0.8495723629045783,0.9365583115082422,0.9014502209436817,1.0,26.0,0.8461538461538461,0.15384615384615385,0.00022733760853366203,0.00019715949648607678,0.0,0.0,-0.0003038460263644627,-0.00022188938814002301,-0.0005198622365540917,7.236587848946652e-05,-0.0006524511403066535,,0.0,3269.png,1.0,20.0,1.0,low_mean_prob,,,,0.0,0.21991665661334991,0.5046146810054779
0.0,0.5,0.48137243800249124,0.316978599656998,2.0,-2.0,0.9184636322395282,corridor,0.11233150274588118,0.849221218646011,0.9369966986516923,0.9006494854533053,2.0,70.0,0.7,0.3,8.050123460767722e-05,6.980828362668223e-05,0.0,0.0,-0.0005091774281454908,-0.0011649192877350723,-0.0008710064951213958,0.0005107530219395917,-0.0014531866306830565,,1.0,3269.png,1.0,20.0,0.0,low_mean_prob,,,,0.0,0.25812241435050964,0.6967512965202332
0.0,0.2,0.4812858522178679,0.31690351533283473,2.0,-2.0,0.9188911549210665,prob_ridge,0.11349642203361625,0.8499524900788106,0.9364761670156423,0.9019543877339186,,5.0,1.0,0.0,-6.0845500156614385e-06,-5.2760405365726015e-06,0.0,0.0,-8.165474660715155e-05,0.0,-0.00013973506232178856,-9.778614110445005e-06,-0.0001482843500697495,0.0,1.0,3269.png,1.0,20.0,0.0,recall_drop,5.0,0.9819257020950317,5.0,0.0,0.8832930326461792,0.8947766423225403
0.0,0.35,0.48106727221118367,0.3167140080729556,2.0,-2.0,0.9187719086183972,corridor,0.11338547733954624,0.8497484628283958,0.9365162482673649,0.9016874759037932,1.0,16.0,0.875,0.125,-0.00022466455669989394,-0.000194783300415724,0.0,0.0,-0.00020090104927650287,-0.00011094469407001151,-0.0003437623127365841,3.0302637612167338e-05,-0.00041519618019514315,,1.0,3269.png,1.0,20.0,0.0,low_mean_prob,,,,0.0,0.08743974566459656,0.19386328756809235
0.0,0.2,0.4798185941043084,0.3156324582338902,2.0,-2.0,0.918711471050405,prob_ridge,0.11349642203361625,0.8496450729417026,0.9364546434621901,0.9016281621637653,,16.0,1.0,0.0,-0.0014733426635751834,-0.0012763331394811117,0.0,0.0,-0.000261338617268736,0.0,-0.0004471521994298122,-3.130216756264126e-05,-0.00047450992022302074,0.0,1.0,3269.png,1.0,20.0,0.0,recall_drop,16.0,1.1164012026786805,16.0,0.0,0.8200783729553223,0.8271148800849915
0.0,0.2,0.4795739135361777,0.3154207348885742,2.0,-2.0,0.918662455991901,prob_ridge,0.11349642203361625,0.8495612319043094,0.9364487708705563,0.9015391915537234,,19.0,1.0,0.0,-0.0017180232317058897,-0.0014880564847971067,0.0,0.0,-0.000310353675772701,0.0,-0.0005309932368229298,-3.717475919640112e-05,-0.0005634805302648926,0.0,1.0,3269.png,1.0,20.0,0.0,recall_drop,19.0,1.1556094932556151,19.0,0.0,0.7999474406242371,0.8055554866790772
0.0,0.2,0.4885924514318988,0.32326982347996636,2.0,-2.0,0.9282554288747883,prob_ridge,0.1254923198109492,0.8661162872980305,0.9326644653289307,0.9238878824476651,,4.0,0.75,0.25,0.0011779000037815401,0.0010304737041815781,0.0,0.0,-2.8905916283239463e-05,-4.923198109491045e-05,-5.033219437444725e-05,1.8556861414054104e-05,-7.548309178739832e-05,0.0,0.0,3354.png,1.0,19.0,1.0,recall_drop,4.0,0.8507991087436676,1.0,0.0,0.8131037950515747,0.8403889417648316
0.0,0.25,0.4880555114147995,0.3227998878923767,2.0,-2.0,0.9282770825432941,corridor,0.12534462386766443,0.8661539913191169,0.9327338312249149,0.9238627214170693,1.0,8.0,0.5,0.5,0.0006409599866822879,0.0005605381165919021,0.0,0.0,-7.252247777422838e-06,-0.00019692792437966955,-1.2628173288065092e-05,8.792275739832878e-05,-0.00010064412238319775,,0.0,3354.png,0.0,19.0,1.0,low_mean_prob,,,,0.0,0.013156948611140251,0.03362249694764614
0.0,0.25,0.4878720474526004,0.32263939478845616,2.0,-2.0,0.92826801517067,corridor,0.12509846396218985,0.8661382027508434,0.9328437849374936,0.9237369162640902,2.0,18.0,0.5,0.5,0.0004574960244831394,0.0004000450126713795,0.0,0.0,-1.6319620401494817e-05,-0.00044308782985424955,-2.8416741561509973e-05,0.000197876469977043,-0.00022644927536230597,,0.0,3354.png,0.0,19.0,1.0,low_mean_prob,,,,0.0,0.015461514703929424,0.04044011235237122
0.0,0.35,0.4876628190193794,0.3224564106155031,2.0,-2.0,0.9282328103864581,corridor,0.1252461599054746,0.8660769049304081,0.9327726822327803,0.9237369162640902,1.0,15.0,0.6,0.4,0.00024826759126217457,0.00021706083971834156,0.0,0.0,-5.1524404613423336e-05,-0.00029539188656949045,-8.971456199680095e-05,0.0001267737652637102,-0.00022644927536230597,,0.0,3354.png,1.0,19.0,1.0,low_mean_prob,,,,0.0,0.02960870787501335,0.07424011975526809
0.0,0.35,0.4874794854147917,0.3222961148057403,2.0,-2.0,0.9281848985990998,corridor,0.1250492319810949,0.8659934884159864,0.9328555453898546,0.9235607890499195,2.0,26.0,0.6153846153846154,0.38461538461538464,6.49339866744536e-05,5.6765029955496704e-05,0.0,0.0,-9.94361919717246e-05,-0.0004923198109491878,-0.0001731310764184757,0.0002096369223379968,-0.00040257648953301306,,0.0,3354.png,1.0,19.0,1.0,low_mean_prob,,,,0.0,0.04040614888072014,0.09722976759076118
0.0,0.5,0.48735048163438127,0.32218334499650103,2.0,-2.0,0.9281650610634908,corridor,0.1252461599054746,0.8659589525831564,0.9327641408751334,0.9236111111111112,1.0,20.0,0.7,0.3,-6.406979373596577e-05,-5.600477928374703e-05,0.0,0.0,-0.00011927372758069321,-0.00029539188656949045,-0.00020766690924856057,0.00011823240761676956,-0.00035225442834130316,,1.0,3354.png,1.0,19.0,0.0,low_mean_prob,,,,0.0,0.096877820789814,0.276858887076378
0.0,0.25,0.4872338171416464,0.32208137824777644,2.0,-2.0,0.9281822434041692,corridor,0.12534462386766443,0.8659888658237404,0.9327218679336365,0.9236865942028986,2.0,15.0,0.7333333333333333,0.26666666666666666,-0.00018073428647086276,-0.00015797152800833825,0.0,0.0,-0.00010209138690231434,-0.00019692792437966955,-0.00017775366866457087,7.595946611993476e-05,-0.00027677133655390485,,1.0,3354.png,1.0,19.0,0.0,low_mean_prob,,,,0.0,0.034725774079561234,0.10138227194547651
0.0,0.25,0.4870356651497513,0.3219082260772244,2.0,-2.0,0.9281488597866209,corridor,0.1255415517920441,0.8659307481837909,0.9326287978863936,0.9237117552334944,1.0,10.0,1.0,0.0,-0.0003788862783659641,-0.00033112369856036494,0.0,0.0,-0.00013547500445065808,0.0,-0.00023587130861402184,-1.7110581122969926e-05,-0.0002516103059581054,,1.0,3354.png,1.0,19.0,0.0,low_mean_prob,,,,0.0,0.1326182633638382,0.24366868138313288
0.0,0.5,0.48695560141821453,0.3218382764409625,2.0,-2.0,0.9280764756461484,corridor,0.1250492319810949,0.8658047468503751,0.9328418912048805,0.9233595008051529,2.0,34.0,0.7058823529411765,0.29411764705882354,-0.0004589500099027033,-0.00040107333482225505,0.0,0.0,-0.0002078591449231615,-0.0004923198109491878,-0.0003618726420298035,0.00019598273736387561,-0.0006038647342995196,,1.0,3354.png,1.0,19.0,0.0,low_mean_prob,,,,0.0,0.09276274591684341,0.262871578335762
0.0,0.35,0.486935364434571,0.3218205970775362,2.0,-2.0,0.9280946601941747,corridor,0.1255415517920441,0.8658363996603453,0.9326219512195122,0.9236111111111112,1.0,14.0,1.0,0.0,-0.0004791869935462101,-0.0004187526982485923,0.0,0.0,-0.0001896745968967828,0.0,-0.00033021983205960836,-2.3957248004413678e-05,-0.00035225442834130316,,1.0,3354.png,1.0,19.0,0.0,low_mean_prob,,,,0.0,0.20076541602611542,0.36424021720886235
0.0,0.35,0.48666384419983066,0.3215834382431109,2.0,-2.0,0.9280467297990973,corridor,0.12534462386766443,0.8657529722589168,0.9327047701339297,0.9234349838969405,2.0,25.0,0.84,0.16,-0.0007507072282865734,-0.0006559115326738585,0.0,0.0,-0.00023760499197422735,-0.00019692792437966955,-0.0004136472334881347,5.886166641311252e-05,-0.0005283816425120103,,1.0,3354.png,1.0,19.0,0.0,low_mean_prob,,,,0.0,0.073634073138237,0.17570620477199567
0.0,0.5,0.48649505787832337,0.3214360550394636,2.0,-2.0,0.9278840682338362,corridor,0.12534462386766443,0.8654698999811286,0.9326842412995399,0.9231330515297906,2.0,37.0,0.8918918918918919,0.10810810810810811,-0.0009194935497938705,-0.0008032947363211806,0.0,0.0,-0.00040026655723535143,-0.00019692792437966955,-0.0006967195112763669,3.833283202325788e-05,-0.0008303140096618256,,1.0,3354.png,1.0,19.0,0.0,low_mean_prob,,,,0.0,0.23376019299030304,0.652929937839508
0.0,0.5,0.4863180137348125,0.3212814964751867,2.0,-2.0,0.9279591372291198,corridor,0.1255415517920441,0.8656005283517313,0.9326048284625159,0.9233595008051529,1.0,24.0,1.0,0.0,-0.0010965376933047555,-0.000957853300598055,0.0,0.0,-0.0003251975619517067,0.0,-0.0005660911406736302,-4.10800050006932e-05,-0.0006038647342995196,,1.0,3354.png,1.0,19.0,0.0,low_p90_prob,,,,0.0,0.4120706617832184,0.7914007425308227
0.0,0.5,0.4471609403254973,0.28796348052915965,0.0,0.0,0.8971474849275624,corridor,0.0465778237805667,0.8134791122715405,0.9650566256896719,0.8381672971836907,2.0,10.0,1.0,0.0,3.23420324263024e-05,2.682473037063371e-05,0.0,0.0,-0.00024804383857501833,0.0,-0.00040796344647520133,-1.690372209284252e-05,-0.00042034468263973945,,0.0,3366.png,1.0,19.0,0.0,low_mean_prob,,,,0.0,0.0026743437629193068,0.004710990795865654
0.0,0.25,0.4470316002603225,0.28785621158502517,0.0,0.0,0.8972963246209906,corridor,0.0465778237805667,0.8137238903394256,0.9650667698858139,0.8384195039932745,1.0,4.0,1.0,0.0,-9.69980327484854e-05,-8.04442137638528e-05,0.0,0.0,-9.920414514674736e-05,0.0,-0.00016318537859005833,-6.759525950861267e-06,-0.00016813787305591799,,1.0,3366.png,1.0,19.0,0.0,low_mean_prob,,,,0.0,0.008698830381035805,0.019606572389602665
0.0,0.35,0.4470316002603225,0.28785621158502517,0.0,0.0,0.8972963246209906,corridor,0.0465778237805667,0.8137238903394256,0.9650667698858139,0.8384195039932745,1.0,4.0,1.0,0.0,-9.69980327484854e-05,-8.04442137638528e-05,0.0,0.0,-9.920414514674736e-05,0.0,-0.00016318537859005833,-6.759525950861267e-06,-0.00016813787305591799,,1.0,3366.png,1.0,19.0,0.0,duplicate_cut,,,,0.0,0.008698830381035805,0.019606572389602665
0.0,0.5,0.4470316002603225,0.28785621158502517,0.0,0.0,0.8972963246209906,corridor,0.0465778237805667,0.8137238903394256,0.9650667698858139,0.8384195039932745,1.0,4.0,1.0,0.0,-9.69980327484854e-05,-8.04442137638528e-05,0.0,0.0,-9.920414514674736e-05,0.0,-0.00016318537859005833,-6.759525950861267e-06,-0.00016813787305591799,,1.0,3366.png,1.0,19.0,0.0,duplicate_cut,,,,0.0,0.008698830381035805,0.019606572389602665
0.0,0.35,0.4470316002603225,0.28785621158502517,0.0,0.0,0.8972219097964234,corridor,0.0465778237805667,0.813601501305483,0.9650616985240745,0.8382934005884826,2.0,7.0,1.0,0.0,-9.69980327484854e-05,-8.04442137638528e-05,0.0,0.0,-0.0001736189697140178,0.0,-0.00028557441253262983,-1.1830887690189584e-05,-0.0002942412778478287,,1.0,3366.png,1.0,19.0,0.0,low_mean_prob,,,,0.0,0.002124279271811247,0.0034978788346052177
0.0,0.25,0.4470316002603225,0.28785621158502517,0.0,0.0,0.8972715207953753,corridor,0.0465778237805667,0.8136830939947781,0.9650650795954904,0.8383774695250105,2.0,5.0,1.0,0.0,-9.69980327484854e-05,-8.04442137638528e-05,0.0,0.0,-0.00012400797076206338,0.0,-0.00020398172323754515,-8.449816274347377e-06,-0.00021017234131992524,,1.0,3366.png,1.0,19.0,0.0,low_mean_prob,,,,0.0,0.0021209244150668383,0.003795262146741152
0.0,0.25,0.44661176130616964,0.28750813877778814,0.0,0.0,0.8972963246209906,corridor,0.0465778237805667,0.8137238903394256,0.9650667698858139,0.8384195039932745,1.0,4.0,1.0,0.0,-0.0005168369869013589,-0.00042851702100088485,0.0,0.0,-9.920414514674736e-05,0.0,-0.00016318537859005833,-6.759525950861267e-06,-0.00016813787305591799,,1.0,3366.png,1.0,19.0,0.0,recall_drop,,,,0.0,0.7131724953651428,0.8501382589340211
0.0,0.35,0.44648273869709665,0.2874012087401209,0.0,0.0,0.8972467158538779,corridor,0.0465778237805667,0.8136422976501305,0.9650633891415852,0.8383354350567466,1.0,6.0,1.0,0.0,-0.0006458595959743518,-0.0005354470586681481,0.0,0.0,-0.00014881291225943283,0.0,-0.000244778067885143,-1.0140270179537225e-05,-0.00025220680958382147,,1.0,3366.png,1.0,19.0,0.0,recall_drop,,,,0.0,0.7873985767364502,0.9358507096767426
0.0,0.2,0.44635379061371844,0.2872943582117297,0.0,0.0,0.8972467158538779,prob_ridge,0.0465778237805667,0.8136422976501305,0.9650633891415852,0.8383354350567466,,6.0,1.0,0.0,-0.0007748076793525627,-0.000642297587059304,0.0,0.0,-0.00014881291225943283,0.0,-0.000244778067885143,-1.0140270179537225e-05,-0.00025220680958382147,0.0,1.0,3366.png,1.0,19.0,0.0,recall_drop,6.0,0.9892722916603088,6.0,0.0,0.8745765089988708,0.8987055122852325
0.0,0.25,0.44603277741679304,0.28702843337669576,0.0,0.0,0.8968496849684968,corridor,0.0465778237805667,0.8129895561357703,0.9650363196125908,0.8376628835645229,2.0,22.0,1.0,0.0,-0.0010958208762779642,-0.0009082224220932633,0.0,0.0,-0.000545843797640555,0.0,-0.0008975195822453763,-3.7209799173876235e-05,-0.0009247583018074934,,1.0,3366.png,1.0,19.0,0.0,low_mean_prob,,,,0.0,0.08112580329179764,0.25249374359846133
0.0,0.5,0.44596739287260134,0.28697428279639775,0.0,0.0,0.8971474849275624,corridor,0.0465778237805667,0.8134791122715405,0.9650566256896719,0.8381672971836907,1.0,10.0,1.0,0.0,-0.0011612054204696576,-0.0009623730023912702,0.0,0.0,-0.00024804383857501833,0.0,-0.00040796344647520133,-1.690372209284252e-05,-0.00042034468263973945,,1.0,3366.png,1.0,19.0,0.0,recall_drop,,,,0.0,0.8580034971237183,0.9713753879070282
0.0,0.2,0.44596739287260134,0.28697428279639775,0.0,0.0,0.8971474849275624,prob_ridge,0.0465778237805667,0.8134791122715405,0.9650566256896719,0.8381672971836907,,10.0,1.0,0.0,-0.0011612054204696576,-0.0009623730023912702,0.0,0.0,-0.00024804383857501833,0.0,-0.00040796344647520133,-1.690372209284252e-05,-0.00042034468263973945,0.0,1.0,3366.png,1.0,19.0,0.0,recall_drop,10.0,1.005801546573639,10.0,0.0,0.8266004323959351,0.8410366654396058
0.0,0.35,0.4455502668397519,0.2866289319847824,0.0,0.0,0.8966013954535224,corridor,0.0465778237805667,0.8125815926892951,0.9650193798449612,0.8372425388818832,2.0,32.0,1.0,0.0,-0.0015783314533190929,-0.0013077238140066227,0.0,0.0,-0.0007941333126150196,0.0,-0.0013054830287205776,-5.414956680349636e-05,-0.0013451029844472329,,1.0,3366.png,1.0,19.0,0.0,low_mean_prob,,,,0.0,0.2453952431678772,0.6856651663780213
0.0,0.5,0.44526126126126125,0.2863897645095494,0.0,0.0,0.8964026833550943,corridor,0.0465778237805667,0.8122552219321149,0.9650058162078325,0.8369062631357713,2.0,40.0,1.0,0.0,-0.001867337031809746,-0.001546891289239627,0.0,0.0,-0.000992845411043053,0.0,-0.0016318537859008053,-6.771320393217373e-05,-0.0016813787305590688,,1.0,3366.png,1.0,19.0,0.0,low_mean_prob,,,,0.0,0.37183982133865356,0.8856876194477081
0.0,0.2,0.44438061041292637,0.28566152709814424,0.0,0.0,0.896626229434404,prob_ridge,0.0465778237805667,0.8126223890339426,0.965021074560341,0.8372845733501472,,31.0,1.0,0.0,-0.002747987880144631,-0.0022751287006447796,0.0,0.0,-0.0007692993317334196,0.0,-0.0012646866840730908,-5.2454851423688886e-05,-0.0013030685161832256,0.0,1.0,3366.png,1.0,19.0,0.0,dice_drop,31.0,0.9923317627906799,5.4,0.0,0.8525736331939697,0.9054805636405945
0.0,0.2,0.44217151848937847,0.28383838383838383,0.0,0.0,0.8961541925605692,prob_ridge,0.0465778237805667,0.8118472584856397,0.9649888468625739,0.8364859184531316,,50.0,1.0,0.0,-0.004957079803692532,-0.0040982719604051865,0.0,0.0,-0.001241336205568211,0.0,-0.0020398172323760067,-8.468254919080653e-05,-0.0021017234131988083,0.0,1.0,3366.png,1.0,19.0,0.0,dice_drop,50.0,1.027215704123179,7.333333333333333,0.0,0.8581551909446716,0.9017614901065827
0.0,0.25,0.429418420457117,0.27341363610166564,4.0,-4.0,0.9189280677009873,corridor,0.2027667812241702,0.8500156559858052,0.9054589926991068,0.9328039095907147,1.0,26.0,0.9615384615384616,0.038461538461538464,-0.0007524693484222134,-0.0006103879223584019,0.0,0.0,-0.0002454300804671794,-4.350284943663296e-05,-0.000420094705655516,-2.700522651177817e-05,-0.0004772449602932216,,1.0,3392.png,1.0,19.0,0.0,low_mean_prob,,,,0.0,0.2260710448026657,0.5523611009120941
0.0,0.35,0.4292629959733973,0.27328763177602394,4.0,-4.0,0.9188772391743852,corridor,0.2027667812241702,0.8499286782868872,0.9054502325753785,0.9327084605986561,1.0,31.0,0.967741935483871,0.03225806451612903,-0.0009078938321419039,-0.0007363922480000951,0.0,0.0,-0.0002962586070692774,-4.350284943663296e-05,-0.0005070724045734831,-3.5765350240080096e-05,-0.0005726939523518215,,1.0,3392.png,1.0,19.0,0.0,low_mean_prob,,,,0.0,0.3010055124759674,0.6838006377220154
0.0,0.25,0.42925681180410974,0.27328261871830334,4.0,-4.0,0.9189031614978089,corridor,0.20263627267586026,0.8499730355061497,0.9055005745209237,0.9327084605986561,2.0,34.0,0.8823529411764706,0.11764705882352941,-0.0009140780014294525,-0.0007414053057206993,0.0,0.0,-0.00027033628364558915,-0.0001740113977465596,-0.0004627151853110467,1.4576595305126894e-05,-0.0005726939523518215,,1.0,3392.png,1.0,19.0,0.0,low_mean_prob,,,,0.0,0.2195722758769989,0.594660609960556
0.0,0.35,0.42904320289527254,0.2731094856879572,4.0,-4.0,0.9188319932289463,corridor,0.20263627267586026,0.8498512603726319,0.9054883134696299,0.932574832009774,2.0,41.0,0.9024390243902439,0.0975609756097561,-0.0011276869102666565,-0.0009145383360668613,0.0,0.0,-0.00034150455250825384,-0.0001740113977465596,-0.0005844903188287898,2.315544011310955e-06,-0.000706322541233928,,1.0,3392.png,1.0,19.0,0.0,low_mean_prob,,,,0.0,0.2725929915904999,0.6379467248916626
0.0,0.5,0.4287973968454829,0.27291031467525745,4.0,-4.0,0.9187755677810693,corridor,0.2027667812241702,0.8497547228890513,0.9054327074567663,0.9325175626145388,1.0,41.0,0.975609756097561,0.024390243902439025,-0.0013734929600562884,-0.0011137093487665894,0.0,0.0,-0.0003979300003852382,-4.350284943663296e-05,-0.0006810278024094174,-5.329046885227395e-05,-0.0007635919364691324,,1.0,3392.png,1.0,19.0,0.0,recall_drop,,,,0.0,0.42695409059524536,0.8552801012992859
0.0,0.5,0.42830691414894095,0.2725130739612666,4.0,-4.0,0.9186692877096285,corridor,0.20263627267586026,0.8495729172103057,0.9054602762584593,0.9322693952351864,2.0,57.0,0.9298245614035088,0.07017543859649122,-0.001863975656598238,-0.0015109500627574213,0.0,0.0,-0.0005042100718259945,-0.0001740113977465596,-0.000862833481155012,-2.572166715930635e-05,-0.0010117593158215366,,1.0,3392.png,1.0,19.0,0.0,low_mean_prob,,,,0.0,0.3971154987812042,0.7620582222938538
0.0,0.2,0.3439449482281819,0.2076893203883495,4.0,-4.0,0.9337886764731604,prob_ridge,0.23855474361376552,0.8758007496903631,0.9241788202709136,0.943600484282899,,22.0,0.7727272727272727,0.22727272727272727,0.0005574772305020903,0.0004064072230833826,0.0,0.0,-5.883614084656319e-05,-0.0001561426519268161,-0.00010351697192911846,2.883368420747434e-05,-0.00015023374603428952,0.0,0.0,3460.png,1.0,18.0,1.0,recall_drop,22.0,0.9148711943626404,2.0,0.0,0.8339002132415771,0.8807788789272308
0.0,0.25,0.3431552507004154,0.20711370262390671,4.0,-4.0,0.9338102192334263,corridor,0.23871088626569234,0.8758386509407654,0.9241447351340124,0.9436800197955053,1.0,8.0,1.0,0.0,-0.00023222029726438498,-0.00016921054135940472,0.0,0.0,-3.7293380580671887e-05,0.0,-6.561572152685713e-05,-5.251452693699754e-06,-7.069823342797932e-05,,1.0,3460.png,1.0,18.0,0.0,low_mean_prob,,,,0.0,0.19275197386741638,0.31763281822204587
0.0,0.35,0.3431552507004154,0.20711370262390671,4.0,-4.0,0.9338102192334263,corridor,0.23871088626569234,0.8758386509407654,0.9241447351340124,0.9436800197955053,1.0,8.0,1.0,0.0,-0.00023222029726438498,-0.00016921054135940472,0.0,0.0,-3.7293380580671887e-05,0.0,-6.561572152685713e-05,-5.251452693699754e-06,-7.069823342797932e-05,,1.0,3460.png,1.0,18.0,0.0,duplicate_cut,,,,0.0,0.19275197386741638,0.31763281822204587
0.0,0.2,0.34312210200927357,0.20708955223880596,4.0,-4.0,0.9338195428231632,prob_ridge,0.23871088626569234,0.8758550548711471,0.9241460480653564,0.9436976943538623,,6.0,1.0,0.0,-0.0002653689884062338,-0.00019336092646016212,0.0,0.0,-2.7969790843851428e-05,0.0,-4.921179114514285e-05,-3.938521349722279e-06,-5.302367507098449e-05,0.0,1.0,3460.png,1.0,18.0,0.0,recall_drop,6.0,0.9245772016048431,6.0,0.0,0.8066797852516174,0.8138336539268494
0.0,0.2,0.34312210200927357,0.20708955223880596,4.0,-4.0,0.9338195428231632,prob_ridge,0.23871088626569234,0.8758550548711471,0.9241460480653564,0.9436976943538623,,6.0,1.0,0.0,-0.0002653689884062338,-0.00019336092646016212,0.0,0.0,-2.7969790843851428e-05,0.0,-4.921179114514285e-05,-3.938521349722279e-06,-5.302367507098449e-05,0.0,1.0,3460.png,1.0,18.0,0.0,recall_drop,6.0,0.9251992058753967,6.0,0.0,0.7976712584495544,0.8208197355270386
0.0,0.25,0.34302269435055527,0.20701713486420328,4.0,-4.0,0.9337542742704225,corridor,0.23871088626569234,0.8757402273584751,0.924136856591395,0.9435739724453636,2.0,20.0,1.0,0.0,-0.00036477664712453173,-0.0002657783010628356,0.0,0.0,-9.323834358454519e-05,0.0,-0.00016403930381714282,-1.312999531111192e-05,-0.00017674558356972625,,1.0,3460.png,1.0,18.0,0.0,low_mean_prob,,,,0.0,0.2244015634059906,0.45535836219787595
0.0,0.2,0.3429895712630359,0.206993006993007,4.0,-4.0,0.9338008954806213,prob_ridge,0.23871088626569234,0.8758222470103837,0.9241434221572175,0.9436623452371484,,10.0,1.0,0.0,-0.0003978997346438806,-0.00028990617225913007,0.0,0.0,-4.6617133385717935e-05,0.0,-8.201965190857141e-05,-6.564429488653545e-06,-8.837279178486313e-05,0.0,1.0,3460.png,1.0,18.0,0.0,recall_drop,10.0,0.999658179283142,10.0,0.0,0.795601487159729,0.8146968722343445
0.0,0.5,0.34297853165534775,0.20698496561905133,4.0,-4.0,0.9337915715647437,corridor,0.23871088626569234,0.875805843080002,0.9241421091349691,0.9436446706787914,1.0,12.0,1.0,0.0,-0.00040893934233204865,-0.00029794754621478847,0.0,0.0,-5.594104926331944e-05,0.0,-9.84235822902857e-05,-7.877451737026142e-06,-0.00010604735014185795,,1.0,3460.png,1.0,18.0,0.0,recall_drop,,,,0.0,0.43581077456474304,0.9270662307739258
0.0,0.35,0.34286817465169406,0.20690458622966099,4.0,-4.0,0.9337216369972933,corridor,0.23871088626569234,0.8756828136021391,0.9241322600190427,0.9435121114911141,2.0,27.0,1.0,0.0,-0.0005192963459857425,-0.0003783269356051333,0.0,0.0,-0.00012587561671373315,0.0,-0.00022145306015319832,-1.7726567663411963e-05,-0.00023860653781915264,,1.0,3460.png,1.0,18.0,0.0,low_mean_prob,,,,0.0,0.3236265778541565,0.6505276203155518
0.0,0.25,0.34277994016791585,0.20684032765247098,4.0,-4.0,0.9337262995872105,corridor,0.23871088626569234,0.87569101556733,0.9241329167063386,0.9435209487702926,1.0,26.0,1.0,0.0,-0.000607530829763947,-0.00044258551279513503,0.0,0.0,-0.00012121302679646284,0.0,-0.00021325109496228567,-1.7069880367537316e-05,-0.00022976925864071074,,1.0,3460.png,1.0,18.0,0.0,low_mean_prob,,,,0.0,0.3400864005088806,0.6934367120265961
0.0,0.25,0.3426917510853835,0.20677610897659798,4.0,-4.0,0.9336143861735997,corridor,0.23871088626569234,0.8754941684027493,0.9241171530729739,0.943308854070009,2.0,50.0,1.0,0.0,-0.0006957199122962776,-0.0005068041886681363,0.0,0.0,-0.00023312644040729413,0.0,-0.0004100982595429681,-3.28335137321778e-05,-0.0004418639589243156,,1.0,3460.png,1.0,18.0,0.0,low_mean_prob,,,,0.0,0.2909156084060669,0.6875870406627655
0.0,0.5,0.34247147677968826,0.2066157366114709,4.0,-4.0,0.9336470300125508,corridor,0.23871088626569234,0.8755515821590854,0.9241217514760116,0.9433707150242583,2.0,43.0,1.0,0.0,-0.0009159942179915448,-0.0006671765537952234,0.0,0.0,-0.00020048260145622,0.0,-0.0003526845032069126,-2.823511069449669e-05,-0.00038000300467500026,,1.0,3460.png,1.0,18.0,0.0,recall_drop,,,,0.0,0.5327448844909668,0.910726010799408
0.0,0.35,0.3424274558951123,0.20658369198557636,4.0,-4.0,0.9336889977260802,corridor,0.23871088626569234,0.875625399845803,0.924127662889641,0.9434502505368647,1.0,34.0,1.0,0.0,-0.0009600151025674908,-0.0006992211796897629,0.0,0.0,-0.00015851488792684165,0.0,-0.0002788668164892538,-2.232369706511861e-05,-0.00030046749206857903,,1.0,3460.png,1.0,18.0,0.0,recall_drop,,,,0.0,0.48550060391426086,0.9596341907978058
0.0,0.35,0.3422295018787937,0.2064396140881088,4.0,-4.0,0.9335304356953544,corridor,0.23871088626569234,0.8753465330293139,0.9241053260483683,0.9431497830447961,2.0,68.0,1.0,0.0,-0.001157969118886104,-0.0008432990771573279,0.0,0.0,-0.00031707691865257015,0.0,-0.0005577336329783966,-4.466053833784844e-05,-0.0006009349841371581,,1.0,3460.png,1.0,18.0,0.0,recall_drop,,,,0.0,0.4557993412017822,0.9561015367507935
0.0,0.5,0.34175753688261706,0.20609624013615968,4.0,-4.0,0.9335910679221023,corridor,0.23871088626569234,0.875453158576795,0.9241138681581271,0.9432646676741165,1.0,55.0,1.0,0.0,-0.0016299341150627367,-0.0011866730291064387,0.0,0.0,-0.000256444691904667,0.0,-0.0004511080854973093,-3.611842857897951e-05,-0.0004860503548167472,,1.0,3460.png,1.0,18.0,0.0,recall_drop,,,,0.0,0.674160897731781,0.9828649520874023
0.0,0.5,0.34170274170274173,0.20605638705186216,4.0,-4.0,0.9334324767632586,corridor,0.23871088626569234,0.8751742917603058,0.9240915231925728,0.942964200182048,2.0,89.0,1.0,0.0,-0.0016847292949380699,-0.0012265261134039585,0.0,0.0,-0.0004150358507484242,0.0,-0.0007299749019864521,-5.846339413329016e-05,-0.0007865178468853262,,1.0,3460.png,1.0,18.0,0.0,recall_drop,,,,0.0,0.5798671841621399,0.9833686947822571
0.0,0.25,0.4953209292084113,0.32918709299773175,1.0,-1.0,0.9202892108928201,corridor,0.12222814498933902,0.8523478881356863,0.9301844974242243,0.9106022400750601,2.0,4.0,1.0,0.0,-0.00016464665593574068,-0.0001454596954766907,0.0,0.0,-6.398475742142029e-05,0.0,-0.00010977852183213788,-8.36314118057846e-06,-0.00011728141675959591,,1.0,3468.png,1.0,19.0,0.0,low_mean_prob,,,,0.0,0.0036327207926660776,0.006478033959865571
0.0,0.35,0.4953209292084113,0.32918709299773175,1.0,-1.0,0.9202892108928201,corridor,0.12222814498933902,0.8523478881356863,0.9301844974242243,0.9106022400750601,2.0,4.0,1.0,0.0,-0.00016464665593574068,-0.0001454596954766907,0.0,0.0,-6.398475742142029e-05,0.0,-0.00010977852183213788,-8.36314118057846e-06,-0.00011728141675959591,,1.0,3468.png,1.0,19.0,0.0,duplicate_cut,,,,0.0,0.0036327207926660776,0.006478033959865571
0.0,0.5,0.4953209292084113,0.32918709299773175,1.0,-1.0,0.9202892108928201,corridor,0.12222814498933902,0.8523478881356863,0.9301844974242243,0.9106022400750601,2.0,4.0,1.0,0.0,-0.00016464665593574068,-0.0001454596954766907,0.0,0.0,-6.398475742142029e-05,0.0,-0.00010977852183213788,-8.36314118057846e-06,-0.00011728141675959591,,1.0,3468.png,1.0,19.0,0.0,duplicate_cut,,,,0.0,0.0036327207926660776,0.006478033959865571
0.0,0.25,0.4948612256114317,0.3287811290440371,1.0,-1.0,0.9200948429164196,corridor,0.12217484008528785,0.8520144911625864,0.9301851740876131,0.9102210754705917,1.0,18.0,0.9444444444444444,0.05555555555555555,-0.0006243502529153511,-0.0005514236491713231,0.0,0.0,-0.0002583527338219094,-5.3304904051171276e-05,-0.00044317549493200215,-7.68647779170184e-06,-0.0004984460212279496,,1.0,3468.png,1.0,19.0,0.0,low_mean_prob,,,,0.0,0.1279253512620926,0.30834866464138044
0.0,0.35,0.49475245892631464,0.3286851135285099,1.0,-1.0,0.9200628352944663,corridor,0.12217484008528785,0.8519596003952136,0.9301809900515402,0.9101624347622119,1.0,20.0,0.95,0.05,-0.0007331169380324076,-0.00064743916469856,0.0,0.0,-0.0002903603557752321,-5.3304904051171276e-05,-0.0004980662623048637,-1.187051386464244e-05,-0.0005570867296077475,,1.0,3468.png,1.0,19.0,0.0,low_mean_prob,,,,0.0,0.15857352316379547,0.44518821835517897
0.0,0.2,0.494423996044608,0.3283952419178282,1.0,-1.0,0.9201772193163128,prob_ridge,0.12222814498933902,0.8521557757224799,0.9301698571043407,0.910396997595731,,11.0,1.0,0.0,-0.0010615798197390336,-0.000937310775380229,0.0,0.0,-0.00017597633392874013,0.0,-0.00030189093503851794,-2.300346106409723e-05,-0.0003225238960886667,0.0,1.0,3468.png,1.0,19.0,0.0,recall_drop,11.0,1.0466071677207947,11.0,0.0,0.8445133566856384,0.8577023148536682
0.0,0.2,0.4943425244424915,0.3283233620312272,1.0,-1.0,0.9201612186231218,prob_ridge,0.12222814498933902,0.8521283310920218,0.9301677651288196,0.9103676772415411,,12.0,1.0,0.0,-0.0011430514218555565,-0.0010091906619812407,0.0,0.0,-0.0001919770271197052,0.0,-0.0003293355654966357,-2.5095436585242936e-05,-0.0003518442502785657,0.0,1.0,3468.png,1.0,19.0,0.0,recall_drop,12.0,1.0836835527420043,12.0,0.0,0.8555260300636292,0.8705443918704987
0.0,0.5,0.4943178698874554,0.32830161160942173,1.0,-1.0,0.9199668010433958,corridor,0.12217484008528785,0.8517949280930948,0.9301684349337649,0.9099865126370726,1.0,26.0,0.9615384615384616,0.038461538461538464,-0.001167705976891642,-0.0010309410837867072,0.0,0.0,-0.00038639460684575244,-5.3304904051171276e-05,-0.0006627385644236705,-2.4425631639957146e-05,-0.0007330088547470304,,1.0,3468.png,1.0,19.0,0.0,low_mean_prob,,,,0.0,0.29044076800346375,0.7585308849811554
0.0,0.2,0.49426107968586963,0.32825151360420163,1.0,-1.0,0.9201452174557309,prob_ridge,0.12222814498933902,0.8521008864615638,0.9301656730279517,0.9103383568873512,,13.0,1.0,0.0,-0.0012244961784774189,-0.0010810390890068078,0.0,0.0,-0.0002079781945106829,0.0,-0.0003567801959546424,-2.7187537453121635e-05,-0.0003811646044684647,0.0,1.0,3468.png,1.0,19.0,0.0,recall_drop,13.0,1.0970498538017273,13.0,0.0,0.8522604703903198,0.8642138957977294
0.0,0.2,0.49401690635635087,0.3280361568741799,1.0,-1.0,0.9200972111081474,prob_ridge,0.12222814498933902,0.8520185525701897,0.9301593959731543,0.9102503958247815,,16.0,1.0,0.0,-0.0014686695079961787,-0.0012963958190285174,0.0,0.0,-0.00025598454209418975,0.0,-0.00043911408732877355,-3.346459225050946e-05,-0.0004691256670381616,0.0,1.0,3468.png,1.0,19.0,0.0,recall_drop,16.0,1.180832154750824,16.0,0.0,0.8644971251487732,0.8860494792461395
0.0,0.25,0.4937376400791035,0.3277899343544858,1.0,-1.0,0.9198067059974504,corridor,0.12217484008528785,0.8515204742562301,0.9301474997002038,0.9096933090951739,2.0,36.0,0.9722222222222222,0.027777777777777776,-0.0017479357852435706,-0.0015426183387226566,0.0,0.0,-0.0005464896527911378,-5.3304904051171276e-05,-0.0009371924012883115,-4.536086520101623e-05,-0.001026212396645798,,1.0,3468.png,1.0,19.0,0.0,low_mean_prob,,,,0.0,0.1553110033273697,0.4346569627523422
0.0,0.35,0.4932228502441969,0.327336295433025,1.0,-1.0,0.9196625798704283,corridor,0.12217484008528785,0.851273465803052,0.9301286472546256,0.909429425907465,2.0,45.0,0.9777777777777777,0.022222222222222223,-0.0022627256201501744,-0.0019962572601834316,0.0,0.0,-0.0006906157798132195,-5.3304904051171276e-05,-0.0011842008544664662,-6.421331077921533e-05,-0.0012900955843546669,,1.0,3468.png,1.0,19.0,0.0,low_mean_prob,,,,0.0,0.24363835155963898,0.614662230014801
0.0,0.5,0.4913105257405181,0.3256538433673839,1.0,-1.0,0.9191498197890865,corridor,0.12217484008528785,0.8503952135250851,0.930061533843614,0.9084911745733888,2.0,77.0,0.987012987012987,0.012987012987012988,-0.004175050123828961,-0.0036787093258245362,0.0,0.0,-0.0012033758611550427,-5.3304904051171276e-05,-0.0020624531324333617,-0.0001313267217908365,-0.002228346918430879,,1.0,3468.png,1.0,19.0,0.0,dice_drop,,,,0.0,0.4651983082294464,0.8737520456314088
0.0,0.25,0.49316134771488934,0.3272821194007822,0.0,0.0,0.9217734762486244,corridor,0.06659729448491156,0.8548977936858589,0.959814140399347,0.886633218294133,1.0,6.0,0.8333333333333334,0.16666666666666666,3.200140056386358e-05,2.8187480232866324e-05,0.0,0.0,-6.737151814928399e-05,-5.202913631632833e-05,-0.00011590800867711248,2.3820856375089683e-05,-0.00014500739537715024,,0.0,3567.png,1.0,20.0,1.0,low_mean_prob,,,,0.0,0.032864827662706375,0.07691625505685806
0.0,0.35,0.4931065154547476,0.32723382276986646,0.0,0.0,0.9217409657626148,corridor,0.06659729448491156,0.8548418668381756,0.9598116169544741,0.8865752153359822,1.0,8.0,0.875,0.125,-2.2830859577882556e-05,-2.0109150682900978e-05,0.0,0.0,-9.988200415889104e-05,-5.202913631632833e-05,-0.00017183485636040885,2.1297411502252395e-05,-0.00020301035352798813,,1.0,3567.png,1.0,20.0,0.0,low_mean_prob,,,,0.0,0.05925426632165909,0.13773692399263382
0.0,0.5,0.4929984440986886,0.3271386430678466,0.0,0.0,0.92167593890874,corridor,0.06659729448491156,0.8547300131428092,0.9598065691138604,0.8864592094196804,1.0,12.0,0.9166666666666666,0.08333333333333333,-0.00013090221563688553,-0.00011528885270273292,0.0,0.0,-0.00016490885803366329,-5.202913631632833e-05,-0.00028368855172689056,1.6249570888526854e-05,-0.00031901626982977493,,1.0,3567.png,1.0,20.0,0.0,low_mean_prob,,,,0.0,0.14707379043102264,0.4023779183626175
0.0,0.25,0.49268753823055106,0.3268649007599793,0.0,0.0,0.9217433253433435,corridor,0.06664932362122789,0.8548459258430736,0.959782745196534,0.8866042168150575,2.0,6.0,1.0,0.0,-0.0004418080837744198,-0.0003890311605700414,0.0,0.0,-9.752242343019635e-05,0.0,-0.00016777585146243723,-7.5743464379440795e-06,-0.0001740088744526247,,1.0,3567.png,1.0,20.0,0.0,low_mean_prob,,,,0.0,0.07460179179906845,0.13849609345197678
0.0,0.2,0.49263602512088034,0.3268195560799351,0.0,0.0,0.9217758347780206,prob_ridge,0.06664932362122789,0.8549018511268944,0.9597852702957242,0.8866622197732085,,4.0,1.0,0.0,-0.0004933211934451398,-0.00043437584061423173,0.0,0.0,-6.501298875305483e-05,0.0,-0.00011185056764162482,-5.049247247645994e-06,-0.00011600591630167578,0.0,1.0,3567.png,1.0,20.0,0.0,recall_drop,4.0,0.9954868066310882,4.0,0.0,0.9211822748184204,0.9316918611526489
0.0,0.35,0.4925796231449058,0.3267699115044248,0.0,0.0,0.92167593890874,corridor,0.06659729448491156,0.8547300131428092,0.9598065691138604,0.8864592094196804,1.0,12.0,0.9166666666666666,0.08333333333333333,-0.0005497231694197025,-0.00048402041612455315,0.0,0.0,-0.00016490885803366329,-5.202913631632833e-05,-0.00028368855172689056,1.6249570888526854e-05,-0.00031901626982977493,,1.0,3567.png,1.0,20.0,0.0,low_mean_prob,,,,0.0,0.07781924307346344,0.23550083190202717
0.0,0.5,0.4925796231449058,0.3267699115044248,0.0,0.0,0.92167593890874,corridor,0.06659729448491156,0.8547300131428092,0.9598065691138604,0.8864592094196804,1.0,12.0,0.9166666666666666,0.08333333333333333,-0.0005497231694197025,-0.00048402041612455315,0.0,0.0,-0.00016490885803366329,-5.202913631632833e-05,-0.00028368855172689056,1.6249570888526854e-05,-0.00031901626982977493,,1.0,3567.png,1.0,20.0,0.0,duplicate_cut,,,,0.0,0.07781924307346344,0.23550083190202717
0.0,0.25,0.492574670448857,0.32676555235775956,0.0,0.0,0.9217433253433435,corridor,0.06664932362122789,0.8548459258430736,0.959782745196534,0.8866042168150575,1.0,6.0,1.0,0.0,-0.0005546758654684791,-0.000488379562789798,0.0,0.0,-9.752242343019635e-05,0.0,-0.00016777585146243723,-7.5743464379440795e-06,-0.0001740088744526247,,1.0,3567.png,1.0,20.0,0.0,low_mean_prob,,,,0.0,0.052138134837150574,0.12568140774965286
0.0,0.35,0.49238465814341303,0.3265983334562348,1.0,1.0,0.9216224366706876,corridor,0.06649323621227887,0.8546379932324729,0.9598605483840573,0.8863142020243032,2.0,19.0,0.8421052631578947,0.15789473684210525,-0.0007446881709124442,-0.0006555984643145663,1.0,1.0,-0.00021841109608611298,-0.00015608740894901274,-0.0003757084620631401,7.022884108542904e-05,-0.0004640236652069252,,1.0,3567.png,1.0,20.0,0.0,low_mean_prob,,,,0.0,0.07259156554937363,0.14052201211452484
0.0,0.2,0.4921436899672422,0.32638633183592314,0.0,0.0,0.921678300592501,prob_ridge,0.06664932362122789,0.854734075275432,0.959777694046722,0.8864882108987558,,10.0,1.0,0.0,-0.0009856563470832524,-0.0008676000846262188,0.0,0.0,-0.00016254717427266474,0.0,-0.00027962641910406205,-1.2625496249918378e-05,-0.0002900147907543005,0.0,1.0,3567.png,1.0,20.0,0.0,recall_drop,10.0,1.0835449635982513,10.0,0.0,0.8927198648452759,0.8992480218410492
0.0,0.25,0.49205290652439704,0.326306478956291,0.0,0.0,0.9215922798552473,corridor,0.06654526534859521,0.854586129753915,0.9598291403624486,0.8862852005452279,2.0,19.0,0.8947368421052632,0.10526315789473684,-0.0010764397899284406,-0.0009474529642583551,0.0,0.0,-0.00024856791152638724,-0.00010405827263267053,-0.000427571940621041,3.882081947670368e-05,-0.0004930251442822886,,1.0,3567.png,1.0,20.0,0.0,low_mean_prob,,,,0.0,0.06712418049573898,0.16642541885375978
0.0,0.2,0.4919797968585225,0.32624217887375784,0.0,0.0,0.9216457852759812,prob_ridge,0.06664932362122789,0.8546781499916112,0.9597751679959806,0.886430207940605,,12.0,1.0,0.0,-0.0011495494558029784,-0.0010117530467915192,0.0,0.0,-0.00019506249079248583,0.0,-0.00033555170292487446,-1.5151546991276632e-05,-0.00034801774890513837,0.0,1.0,3567.png,1.0,20.0,0.0,recall_drop,12.0,1.1269921267032623,12.0,0.0,0.9047660231590271,0.9128762185573578
0.0,0.5,0.4919435492832537,0.32621030137793827,1.0,1.0,0.9214923392447822,corridor,0.06649323621227887,0.8544142733297911,0.9598504602431592,0.8860821901916998,2.0,27.0,0.8888888888888888,0.1111111111111111,-0.0011857970310718002,-0.0010436305426110848,1.0,1.0,-0.0003485085219914197,-0.00015608740894901274,-0.0005994283647449139,6.014070018733886e-05,-0.0006960354978103878,,1.0,3567.png,1.0,20.0,0.0,low_mean_prob,,,,0.0,0.18137148022651672,0.4130789041519165
0.0,0.35,0.49186156324648633,0.3261382053926624,0.0,0.0,0.9214947070000301,corridor,0.06654526534859521,0.8544183445190157,0.9598215688122389,0.8861111916707752,2.0,25.0,0.92,0.08,-0.0012677830678391455,-0.00111572652788694,0.0,0.0,-0.0003461407667435523,-0.00010405827263267053,-0.0005953571755203946,3.124926926700855e-05,-0.0006670340187349133,,1.0,3567.png,1.0,20.0,0.0,low_mean_prob,,,,0.0,0.11738841980695724,0.2651109397411347
0.0,0.5,0.49120665742024966,0.3255625827327548,0.0,0.0,0.921315777566626,corridor,0.06654526534859521,0.8541107382550336,0.9598076802212306,0.8857921754009455,2.0,36.0,0.9444444444444444,0.05555555555555555,-0.0019226888940758191,-0.0016913491877945663,0.0,0.0,-0.0005250702001476926,-0.00010405827263267053,-0.0009029634395024688,1.7360678258748763e-05,-0.0009860502885646882,,1.0,3567.png,1.0,20.0,0.0,low_mean_prob,,,,0.0,0.2912067472934723,0.7414009273052216
0.0,0.2,0.4903739765434831,0.3248314277338024,0.0,0.0,0.9213367919406407,prob_ridge,0.06664932362122789,0.8541468597953135,0.9597511546799887,0.8858791798381718,,31.0,1.0,0.0,-0.0027553697708423974,-0.0024225041867469432,0.0,0.0,-0.0005040558261329986,0.0,-0.0008668418992225924,-3.916486298316535e-05,-0.0008990458513383759,0.0,1.0,3567.png,1.0,20.0,0.0,dice_drop,31.0,1.0808452486991882,10.0,0.0,0.8613763451576233,0.8946815729141235
0.0,0.35,0.4593888863438545,0.29818614332441273,1.0,-1.0,0.9289193559587703,corridor,0.1567994259059921,0.8672730303984588,0.9285232636547539,0.9293157863395463,1.0,7.0,0.14285714285714285,0.8571428571428571,0.000614423719536239,0.0005175338323227807,0.0,0.0,4.4663474046857665e-05,-0.0002691065662002168,7.786101210238705e-05,0.0001090575431911267,-1.9849540483174444e-05,,0.0,3602.png,0.0,19.0,1.0,low_mean_prob,,,,1.0,0.16401530802249908,0.37116967439651494
0.0,0.5,0.4593888863438545,0.29818614332441273,1.0,-1.0,0.9289193559587703,corridor,0.1567994259059921,0.8672730303984588,0.9285232636547539,0.9293157863395463,1.0,7.0,0.14285714285714285,0.8571428571428571,0.000614423719536239,0.0005175338323227807,0.0,0.0,4.4663474046857665e-05,-0.0002691065662002168,7.786101210238705e-05,0.0001090575431911267,-1.9849540483174444e-05,,0.0,3602.png,0.0,19.0,1.0,duplicate_cut,,,,1.0,0.16401530802249908,0.37116967439651494
0.0,0.35,0.459319628222151,0.29812778603268947,1.0,-1.0,0.9288740289504231,corridor,0.1567097237172587,0.8671940127081751,0.9285515928115206,0.9291966890966474,2.0,15.0,0.4666666666666667,0.5333333333333333,0.0005451655978327419,0.0004591765405995152,0.0,0.0,-6.635343002825422e-07,-0.0003588087549336316,-1.156678181346571e-06,0.00013738669995777553,-0.00013894678338199906,,0.0,3602.png,0.0,19.0,1.0,low_mean_prob,,,,0.0,0.20666630566120148,0.4202468335628509
0.0,0.25,0.4592205889087329,0.2980443440527849,1.0,-1.0,0.9288952825040925,corridor,0.1567097237172587,0.867231062781349,0.928554427165979,0.9292363881776137,2.0,13.0,0.38461538461538464,0.6153846153846154,0.00044612628441464963,0.00037573456069495137,0.0,0.0,2.0590019369048917e-05,-0.0003588087549336316,3.5893394992547734e-05,0.00014022105441624522,-9.92477024157612e-05,,0.0,3602.png,0.0,19.0,1.0,low_mean_prob,,,,0.0,0.16530108451843262,0.3551844894886017
0.0,0.5,0.45900589876080294,0.2978635014836795,1.0,-1.0,0.92873586028974,corridor,0.1567097237172587,0.8669531872325448,0.9285331640245233,0.9289386450703666,2.0,28.0,0.7142857142857143,0.2857142857142857,0.0002314361364846862,0.00019489199158956305,0.0,0.0,-0.00013883219498345145,-0.0003588087549336316,-0.00024198215381165955,0.00011895791296057112,-0.00039699080966282274,,0.0,3602.png,1.0,19.0,1.0,recall_drop,,,,0.0,0.4429883360862732,0.8022596180438996
0.0,0.25,0.4589863440564568,0.2978470322350422,1.0,-1.0,0.9289115511289234,corridor,0.15688912809472552,0.8672594239140502,0.9284878532473971,0.9293356358800294,1.0,4.0,0.0,1.0,0.0002118814321385165,0.00017842274295226668,0.0,0.0,3.6858644199999624e-05,-0.00017940437746680193,6.425452769376339e-05,7.364713583435378e-05,0.0,,0.0,3602.png,0.0,19.0,1.0,low_mean_prob,,,,1.0,0.04259245842695236,0.09380197376012804
0.0,0.2,0.4583333333333333,0.2972972972972973,1.0,-1.0,0.928821562850312,prob_ridge,0.15706853247219232,0.8671025579284669,0.9284071077264795,0.9292363881776137,,5.0,1.0,0.0,-0.0004411292909849429,-0.000371312194792639,0.0,0.0,-5.31296344113974e-05,0.0,-9.26114578895243e-05,-7.098385083281755e-06,-9.92477024157612e-05,0.0,1.0,3602.png,1.0,19.0,0.0,recall_drop,5.0,0.9977679491043091,5.0,0.0,0.9017318487167358,0.9076191306114196
0.0,0.2,0.4580816401244737,0.29708553451653114,1.0,-1.0,0.9287790553477713,prob_ridge,0.15706853247219232,0.8670284687621552,0.92840142800476,0.9291569900156811,,9.0,1.0,0.0,-0.0006928224998445365,-0.0005830749755588172,0.0,0.0,-9.563713695215359e-05,0.0,-0.00016670062420121035,-1.277810680277991e-05,-0.00017864586434834795,0.0,1.0,3602.png,1.0,19.0,0.0,recall_drop,9.0,1.0550943303108216,9.0,0.0,0.8846915364265442,0.8910478949546814
0.0,0.2,0.4578930515529939,0.2969269102990033,1.0,-1.0,0.9287471725068455,prob_ridge,0.15706853247219232,0.8669729018874215,0.9283971676220323,0.9290974413942317,,12.0,1.0,0.0,-0.0008814110713243339,-0.0007416991930866423,0.0,0.0,-0.00012751997787796565,0.0,-0.00022226749893494713,-1.703848953049647e-05,-0.00023819448579776026,0.0,1.0,3602.png,1.0,19.0,0.0,recall_drop,12.0,1.0924619221687317,12.0,0.0,0.8645575642585754,0.8768784284591675
0.0,0.2,0.4578930515529939,0.2969269102990033,1.0,-1.0,0.9287471725068455,prob_ridge,0.15706853247219232,0.8669729018874215,0.9283971676220323,0.9290974413942317,,12.0,1.0,0.0,-0.0008814110713243339,-0.0007416991930866423,0.0,0.0,-0.00012751997787796565,0.0,-0.00022226749893494713,-1.703848953049647e-05,-0.00023819448579776026,0.0,1.0,3602.png,1.0,19.0,0.0,recall_drop,12.0,1.0579741024971008,12.0,0.0,0.8311235904693604,0.8458040416240692
0.0,0.25,0.4798155852918025,0.3156298542791627,0.0,0.0,0.9128434663682705,corridor,0.09546753319513698,0.8396614821591949,0.942157774854833,0.8852982847496458,2.0,18.0,0.2222222222222222,0.7777777777777778,0.0011436663272555436,0.000989031611410951,0.0,0.0,0.00013099627722301666,-0.0007843576670961971,0.00022164220492226772,0.0004154939224529919,-0.00012057998975067985,,0.0,3678.png,0.0,19.0,1.0,low_mean_prob,,,,1.0,0.14655213057994843,0.41234960556030276
0.0,0.35,0.4795998651230752,0.31544318769867674,0.0,0.0,0.9127562677774842,corridor,0.09541150764748725,0.8395139385275197,0.9421768707482994,0.8851174147650197,2.0,25.0,0.4,0.6,0.0009279461585282034,0.0008023650309250119,0.0,0.0,4.379768643669735e-05,-0.0008403832147459295,7.409857324702784e-05,0.00043458981591937285,-0.00030144997437675514,,0.0,3678.png,0.0,19.0,1.0,low_mean_prob,,,,0.0,0.21208976209163666,0.5986232995986939
0.0,0.5,0.47927664832079075,0.3151636014476697,0.0,0.0,0.9125703448061437,corridor,0.09541150764748725,0.8391994281629735,0.942156453632074,0.8847858197932054,2.0,36.0,0.5833333333333334,0.4166666666666667,0.0006047293562437828,0.0005227787799179651,0.0,0.0,-0.0001421252849037602,-0.0008403832147459295,-0.00024041179129907775,0.0004141726996940154,-0.000633044946191097,,0.0,3678.png,1.0,19.0,1.0,low_mean_prob,,,,0.0,0.35829606652259827,0.7929476201534271
0.0,0.25,0.47899206929523597,0.3149175356852304,0.0,0.0,0.9127354092858475,corridor,0.09602778867163426,0.839478648602298,0.9418593464387647,0.8853585747445212,1.0,6.0,0.3333333333333333,0.6666666666666666,0.00032015033068899523,0.00027671301747866917,0.0,0.0,2.2939194800009055e-05,-0.00022410219059891545,3.8808648025412396e-05,0.00011706550638468372,-6.0289994875284414e-05,,0.0,3678.png,0.0,19.0,1.0,low_mean_prob,,,,0.0,0.2629728317260742,0.49814358353614807
0.0,0.35,0.4788843277287297,0.31482439926062844,0.0,0.0,0.9127016191689716,corridor,0.09602778867163426,0.8394214828788659,0.9418556172027838,0.8852982847496458,1.0,8.0,0.5,0.5,0.00021240876418271437,0.0001835765928767108,0.0,0.0,-1.0850922075866798e-05,-0.00022410219059891545,-1.8357075406760792e-05,0.00011333627040377436,-0.00012057998975067985,,0.0,3678.png,0.0,19.0,1.0,low_mean_prob,,,,0.0,0.3811340928077698,0.7162568211555481
0.0,0.5,0.47877663462079045,0.3147313179096755,0.0,0.0,0.9126678269517653,corridor,0.09602778867163426,0.8393643171554336,0.9418518874883736,0.8852379947547705,1.0,10.0,0.6,0.4,0.00010471565624348145,9.049524192378255e-05,0.0,0.0,-4.4643139282207756e-05,-0.00022410219059891545,-7.5522798839045e-05,0.00010960655599356883,-0.00018086998462596426,,0.0,3678.png,1.0,19.0,1.0,recall_drop,,,,0.0,0.4768528342247009,0.8421351194381713
0.0,0.25,0.478236418850523,0.31426459719142646,0.0,0.0,0.9125745897563401,corridor,0.09619586531458345,0.8392066077910201,0.9417556688796946,0.8851475597624574,1.0,10.0,0.9,0.1,-0.00043550011402399,-0.0003762254763252648,0.0,0.0,-0.00013788033470740757,-5.602554764973233e-05,-0.00023323216325255025,1.3387947314646986e-05,-0.0002713049769390574,,1.0,3678.png,1.0,19.0,0.0,low_mean_prob,,,,0.0,0.1452469527721405,0.3959288626909256
0.0,0.2,0.4777846430376903,0.31387453874538745,0.0,0.0,0.9125604089941417,prob_ridge,0.09625189086223318,0.8391826236067448,0.9417254650416934,0.8851475597624574,,9.0,1.0,0.0,-0.0008872759268566677,-0.0007662839223642748,0.0,0.0,-0.00015206109690579783,0.0,-0.0002572163475278444,-1.68158906865834e-05,-0.0002713049769390574,0.0,1.0,3678.png,1.0,19.0,0.0,recall_drop,9.0,1.0116016912460326,9.0,0.0,0.849079966545105,0.8635252118110657
0.0,0.2,0.47770414467033584,0.3138050616099757,0.0,0.0,0.9125435106911984,prob_ridge,0.09625189086223318,0.839154044012575,0.941723596010135,0.8851174147650197,,10.0,1.0,0.0,-0.0009677742942111323,-0.0008357610577760521,0.0,0.0,-0.00016895939984906683,0.0,-0.0002857959416976419,-1.868492224499363e-05,-0.00030144997437675514,0.0,1.0,3678.png,1.0,19.0,0.0,recall_drop,10.0,1.004998767375946,10.0,0.0,0.8254472017288208,0.8368217468261718
0.0,0.35,0.47768910868832193,0.3137920850561134,0.0,0.0,0.9124393882879522,corridor,0.09619586531458345,0.8389779645031296,0.941740720541529,0.884906399782956,1.0,18.0,0.9444444444444444,0.05555555555555555,-0.0009828102762250435,-0.0008487376116383394,0.0,0.0,-0.0002730818030952653,-5.602554764973233e-05,-0.00046187545114306783,-1.5603908509742581e-06,-0.0005124649564404171,,1.0,3678.png,1.0,19.0,0.0,low_mean_prob,,,,0.0,0.21127578616142273,0.5054830819368364
0.0,0.5,0.47747444107403664,0.31360684769775676,0.0,0.0,0.9123210594214838,corridor,0.09619586531458345,0.8387779016262253,0.9417276344500064,0.8846953848008923,1.0,25.0,0.96,0.04,-0.0011974778905103345,-0.0010339749699949663,0.0,0.0,-0.00039141066956371873,-5.602554764973233e-05,-0.0006619383280472846,-1.4646482373592562e-05,-0.0007234799385041901,,1.0,3678.png,1.0,19.0,0.0,low_mean_prob,,,,0.0,0.3505786955356598,0.7774698972702029
0.0,0.25,0.4773685690188361,0.3135155096011817,0.0,0.0,0.9123886790693337,corridor,0.09619586531458345,0.8388922232701707,0.9417351129363449,0.884815964790643,2.0,21.0,0.9523809523809523,0.047619047619047616,-0.0013033499457108522,-0.001125313066570044,0.0,0.0,-0.0003237910217137596,-5.602554764973233e-05,-0.0005476166841019703,-7.167996035062352e-06,-0.0006028999487535103,,1.0,3678.png,1.0,19.0,0.0,low_mean_prob,,,,0.0,0.1318831741809845,0.391126811504364
0.0,0.2,0.477221723518851,0.31338884385822713,0.0,0.0,0.9124421098436577,prob_ridge,0.09625189086223318,0.8389825664475564,0.9417123793026017,0.8849365447803937,,16.0,1.0,0.0,-0.0014501954456959676,-0.001251978809524601,0.0,0.0,-0.00027036024738980036,0.0,-0.0004572735067162048,-2.9901629778339434e-05,-0.0004823199590027194,0.0,1.0,3678.png,1.0,19.0,0.0,recall_drop,16.0,1.1609326374530793,16.0,0.0,0.8578531742095947,0.8753299713134766
0.0,0.35,0.47692912943292304,0.31313653136531366,0.0,0.0,0.9122534313649293,corridor,0.09619586531458345,0.8386635799822801,0.9417201540436457,0.8845748048111416,2.0,29.0,0.9655172413793104,0.034482758620689655,-0.001742789531623934,-0.0015042913024380655,0.0,0.0,-0.0004590387261181883,-5.602554764973233e-05,-0.0007762599719924879,-2.212688873426405e-05,-0.00084405992825487,,1.0,3678.png,1.0,19.0,0.0,low_mean_prob,,,,0.0,0.2067527174949646,0.5246886610984801
0.0,0.5,0.47671479130385935,0.3129517627968727,0.0,0.0,0.9120335820895522,corridor,0.09619586531458345,0.8382920346394581,0.94169582945388,0.8841829198444519,2.0,42.0,0.9761904761904762,0.023809523809523808,-0.0019571276606876187,-0.0016890598708790283,0.0,0.0,-0.0006788880014952925,-5.602554764973233e-05,-0.0011478053148145095,-4.6451478500020293e-05,-0.0012359448949446072,,1.0,3678.png,1.0,19.0,0.0,low_mean_prob,,,,0.0,0.3613223731517792,0.8136621952056884
0.0,0.2,0.47409940972030673,0.31070137382501806,0.0,0.0,0.9109450412579791,prob_ridge,0.09541150764748725,0.8364546104360258,0.9419776539910487,0.8818919000391885,,132.0,0.8863636363636364,0.11363636363636363,-0.0045725092442402415,-0.003939448842733673,0.0,0.0,-0.0017674288330683519,-0.0008403832147459295,-0.002985229518246868,0.00023537305866871971,-0.0035269647002079685,0.0,1.0,3678.png,1.0,19.0,0.0,dice_drop,132.0,0.975167104847291,2.7058823529411766,0.0,0.8699886202812195,0.9304737508296966
0.0,0.2,0.28240671362205905,0.16442001483226454,6.0,-6.0,0.8788858309167144,prob_ridge,0.2285746085924167,0.7839396335837617,0.8815943872824517,0.8761938667779715,,4.0,0.25,0.75,0.0004419592163597552,0.00029954342239985055,0.0,0.0,9.330956733832885e-06,-0.00011130073458484602,1.4847484274604916e-05,3.120410001034024e-05,-1.2276265069055547e-05,0.0,0.0,3700.png,0.0,16.0,1.0,recall_drop,4.0,0.8201211110750833,1.3333333333333333,1.0,0.7862112522125244,0.8048714101314545
0.0,0.25,0.2817439508577422,0.16397087674935693,6.0,-6.0,0.8787768698854085,corridor,0.22861170883727833,0.7837662694272063,0.8815615541417011,0.8760097228019348,1.0,18.0,0.8888888888888888,0.1111111111111111,-0.00022080354795711576,-0.0001495946605077625,0.0,0.0,-9.963007457203243e-05,-7.420048972323068e-05,-0.00015851667228083954,-1.6290407401919893e-06,-0.00019642024110577694,,1.0,3700.png,1.0,16.0,0.0,low_mean_prob,,,,0.0,0.05323067307472229,0.11654474958777429
0.0,0.35,0.2816838166510758,0.16393014241540002,6.0,-6.0,0.8786871112753248,corridor,0.22861170883727833,0.7836234828930748,0.8815425295309642,0.8758501313560363,1.0,31.0,0.9354838709677419,0.06451612903225806,-0.00028093775462351145,-0.0001903289944646669,0.0,0.0,-0.00018938868465567804,-7.420048972323068e-05,-0.0003013032064123067,-2.0653651477076096e-05,-0.0003560116870042762,,1.0,3700.png,1.0,16.0,0.0,low_mean_prob,,,,0.0,0.1466636061668396,0.347759872674942
0.0,0.5,0.2813995215311005,0.163737602227249,6.0,-6.0,0.8785973382929848,corridor,0.22861170883727833,0.7834806963589434,0.8815234988074494,0.8756905399101378,1.0,44.0,0.9545454545454546,0.045454545454545456,-0.0005652328745988089,-0.0003828691826156805,0.0,0.0,-0.00027916166699570866,-7.420048972323068e-05,-0.0004440897405437738,-3.968437499191069e-05,-0.0005156031329027755,,1.0,3700.png,1.0,16.0,0.0,low_mean_prob,,,,0.0,0.28299543261528015,0.6854966163635255
0.0,0.25,0.2810851262862488,0.16352475075101222,6.0,-6.0,0.878552907918481,corridor,0.2285375083475551,0.7834100370154762,0.8815335747568256,0.8755923297895848,2.0,54.0,0.9259259259259259,0.07407407407407407,-0.0008796281194504707,-0.0005957206588524666,0.0,0.0,-0.0003235920414995652,-0.00014840097944646136,-0.0005147490840109459,-2.9608425615723633e-05,-0.000613813253455775,,1.0,3700.png,1.0,16.0,0.0,low_mean_prob,,,,0.0,0.08340691775083542,0.18475313782691957
0.0,0.35,0.2807174887892377,0.16327595200834638,6.0,-6.0,0.8783733006449388,corridor,0.2285375083475551,0.7831244576738464,0.8814954934905975,0.8752731468977878,2.0,80.0,0.95,0.05,-0.0012472656164616014,-0.0008445194015183066,0.0,0.0,-0.0005031993150417247,-0.00014840097944646136,-0.0008003284256407062,-6.768969184378637e-05,-0.0009329961452527735,,1.0,3700.png,1.0,16.0,0.0,low_mean_prob,,,,0.0,0.18685102462768555,0.508254611492157
0.0,0.5,0.2804240704793191,0.16307745745050364,6.0,-6.0,0.8781867244969627,corridor,0.2285375083475551,0.7828278945113847,0.8814559216384684,0.8749416877409217,2.0,107.0,0.9626168224299065,0.037383177570093455,-0.001540683926380182,-0.0010430139593610444,0.0,0.0,-0.0006897754630178499,-0.00014840097944646136,-0.0010968915881024444,-0.00010726154397289189,-0.0012644553021188276,,1.0,3700.png,1.0,16.0,0.0,low_mean_prob,,,,0.0,0.3161933124065399,0.7345445036888123
0.0,0.25,0.509374636077792,0.34171875,0.0,0.0,0.9276305689459302,corridor,0.07778331395670708,0.8650289182843727,0.9555316591814789,0.9013126491646778,2.0,15.0,0.26666666666666666,0.7333333333333333,0.0010461561709778078,0.0009409895751991137,0.0,0.0,9.077799232870554e-05,-0.000608979682223329,0.00015786467358758216,0.0003266517525281065,-0.00011933174224343368,,0.0,3725.png,0.0,19.0,1.0,low_mean_prob,,,,0.0,0.010188632644712925,0.01807444132864475
0.0,0.25,0.5091120815138283,0.34148246504725455,0.0,0.0,0.9276065332187154,corridor,0.0780047611138792,0.8649871170913255,0.9554136099165191,0.9013723150357995,1.0,9.0,0.2222222222222222,0.7777777777777778,0.0007836016070140728,0.0007047046224536446,0.0,0.0,6.674226511393933e-05,-0.00038753252505120683,0.00011606348054038484,0.00020860248756837674,-5.966587112171684e-05,,0.0,3725.png,0.0,19.0,1.0,low_mean_prob,,,,1.0,0.0090793427079916,0.01674739383161068
0.0,0.35,0.5090824406148113,0.3414557950640425,0.0,0.0,0.9275713847098557,corridor,0.07794939932458617,0.8649259927281056,0.9554395951929159,0.901282816229117,2.0,13.0,0.38461538461538464,0.6153846153846154,0.0007539607079971589,0.0006780346392415981,0.0,0.0,3.159375625416683e-05,-0.0004428943143442443,5.493911732046275e-05,0.0002345877639651217,-0.0001491646778042366,,0.0,3725.png,0.0,19.0,1.0,low_mean_prob,,,,0.0,0.026383457705378532,0.08310888260602953
0.0,0.35,0.5090528031670257,0.34142912924638813,0.0,0.0,0.9275615933686392,corridor,0.07811548469246526,0.8649089659910684,0.9553517786561265,0.9013424821002387,1.0,8.0,0.375,0.625,0.0007243232602115457,0.0006513688215872282,0.0,0.0,2.1802415037686096e-05,-0.00027680894646514576,3.7912380283278146e-05,0.00014677122717576818,-8.949880668251975e-05,,0.0,3725.png,0.0,19.0,1.0,low_mean_prob,,,,0.0,0.0257274117320776,0.07208324149250983
0.0,0.5,0.5087586568119653,0.34116453325007806,0.0,0.0,0.9274583557227297,corridor,0.0780047611138792,0.8647294589178357,0.9554009172860983,0.9011038186157518,1.0,18.0,0.6111111111111112,0.3888888888888889,0.00043017690515112506,0.0003867728252771596,0.0,0.0,-8.143523087178473e-05,-0.00038753252505120683,-0.0001415946929493872,0.00019590985714756926,-0.0003281622911693871,,0.0,3725.png,1.0,19.0,1.0,low_mean_prob,,,,0.0,0.058141402900218964,0.1485957451164723
0.0,0.5,0.5085554650215341,0.34098181534379146,0.0,0.0,0.9274449887136649,corridor,0.07767259037812102,0.8647062192188752,0.9555738379267791,0.9009248210023867,2.0,30.0,0.5666666666666667,0.43333333333333335,0.00022698511471996863,0.00020405491899055939,0.0,0.0,-9.480223993663106e-05,-0.0007197032608093901,-0.0001648343919098405,0.0003688304978283208,-0.0005071599045345376,,0.0,3725.png,1.0,19.0,1.0,low_mean_prob,,,,0.0,0.06669009476900101,0.18268931657075885
0.0,0.25,0.5085534737577098,0.340980024968789,0.0,0.0,0.92746949113516,corridor,0.07828157006034435,0.8647488192357234,0.9552569169960474,0.9012529832935561,1.0,8.0,0.75,0.25,0.00022499385089558288,0.00020226454398808436,0.0,0.0,-7.029981844153266e-05,-0.00011072357858606108,-0.00012223437506164725,5.1909567096664055e-05,-0.00017899761336515052,,0.0,3725.png,1.0,19.0,1.0,low_mean_prob,,,,0.0,0.15162739157676697,0.4531295657157898
0.0,0.35,0.5082577343568272,0.3407141743333853,0.0,0.0,0.9274036321210912,corridor,0.07828157006034435,0.8646343208816373,0.9552512570759938,0.9011336515513126,1.0,12.0,0.8333333333333334,0.16666666666666666,-7.074554998698357e-05,-6.358609141560168e-05,0.0,0.0,-0.00013615883251028027,-0.00011072357858606108,-0.00023673272914781496,4.6249647043028475e-05,-0.0002983293556085842,,1.0,3725.png,1.0,19.0,0.0,low_mean_prob,,,,0.0,0.2243567258119583,0.49368236362934115
0.0,0.25,0.5079051383399209,0.3403973509933775,0.0,0.0,0.9272554197629429,corridor,0.07828157006034435,0.8643766995849435,0.9552385170188537,0.900865155131265,2.0,21.0,0.9047619047619048,0.09523809523809523,-0.00042334156689327607,-0.000380409431423423,0.0,0.0,-0.0002843711906586055,-0.00011072357858606108,-0.0004943540258416368,3.3509589902891435e-05,-0.0005668257756562545,,1.0,3725.png,1.0,19.0,0.0,low_mean_prob,,,,0.0,0.21775613725185394,0.4778248071670532
0.0,0.2,0.5077961368396555,0.34029943855271366,0.0,0.0,0.9274739443429677,prob_ridge,0.07839229363893041,0.8647565618112603,0.955199342375668,0.9013126491646778,,4.0,1.0,0.0,-0.0005323430671586582,-0.00047832187208723953,0.0,0.0,-6.584661063380182e-05,0.0,-0.00011449179952482957,-5.665053282810639e-06,-0.00011933174224343368,0.0,1.0,3725.png,1.0,19.0,0.0,recall_drop,4.0,0.9057454812526703,4.0,0.0,0.8472126722335815,0.8502142071723938
0.0,0.2,0.5077943229409028,0.3402978093084899,0.0,0.0,0.9274739443429677,prob_ridge,0.07839229363893041,0.8647565618112603,0.955199342375668,0.9013126491646778,,4.0,1.0,0.0,-0.0005341569659114143,-0.00047995111631099485,0.0,0.0,-6.584661063380182e-05,0.0,-0.00011449179952482957,-5.665053282810639e-06,-0.00011933174224343368,0.0,1.0,3725.png,1.0,19.0,0.0,recall_drop,4.0,0.9094953016440073,1.3333333333333333,0.0,0.8810067176818848,0.894425755739212
0.0,0.35,0.5077870757787076,0.34029129994547863,0.0,0.0,0.927206006540865,corridor,0.07828157006034435,0.8642908258193789,0.9552342687209339,0.9007756563245823,2.0,24.0,0.9166666666666666,0.08333333333333333,-0.0005414041281065485,-0.00048646047932227043,0.0,0.0,-0.00033378441273645976,-0.00011072357858606108,-0.0005802277914062071,2.9261291983107007e-05,-0.0006563245823388852,,1.0,3725.png,1.0,19.0,0.0,low_mean_prob,,,,0.0,0.2530033588409424,0.5182898342609406
0.0,0.5,0.5077557659908208,0.3402631783851125,0.0,0.0,0.927304828433254,corridor,0.07828157006034435,0.8644625733505081,0.9552427645105172,0.9009546539379475,1.0,18.0,0.8888888888888888,0.1111111111111111,-0.0005727139159933392,-0.0005145820396884049,0.0,0.0,-0.00023496252034749254,-0.00011072357858606108,-0.0004084802602769555,3.7757081566391903e-05,-0.0004773269689737347,,1.0,3725.png,1.0,19.0,0.0,recall_drop,,,,0.0,0.4247375726699829,0.8506228387355805
0.0,0.5,0.5070504265072825,0.3396299751243781,1.0,1.0,0.9269423924561916,corridor,0.07828157006034435,0.8638328324030342,0.9552115975057766,0.9002983293556086,2.0,40.0,0.95,0.05,-0.0012780533995316867,-0.00114778530042281,1.0,1.0,-0.0005973984974099178,-0.00011072357858606108,-0.001038221207750878,6.590076825796487e-06,-0.00113365155131262,,1.0,3725.png,1.0,19.0,0.0,dice_drop,,,,0.0,0.4610547125339508,0.8649604141712189
0.0,0.2,0.5064656422151348,0.33910545115701196,0.0,0.0,0.9271610624904038,prob_ridge,0.07839229363893041,0.8642127257635172,0.9551724137931035,0.9007458233890214,,23.0,1.0,0.0,-0.0018628376916793865,-0.0016723092677889406,0.0,0.0,-0.0003787284631977528,0.0,-0.0006583278472679366,-3.2593635847288915e-05,-0.0006861575178997992,0.0,1.0,3725.png,1.0,19.0,0.0,recall_drop,23.0,0.9135212318102518,1.3333333333333333,0.0,0.8434084057807922,0.8960006713867188
0.0,0.25,0.3368930082611324,0.2025684516598013,3.0,-3.0,0.9108798711947286,corridor,0.2338992974238876,0.8363447218572054,0.9062189460569835,0.9155889889559888,2.0,38.0,0.7105263157894737,0.2894736842105263,0.0005183615110314621,0.0003747028731579394,0.0,0.0,-0.00014446670413426066,-0.0004600200736032123,-0.00024361487483504085,0.00011023139221422174,-0.000404597425561537,,0.0,3777.png,1.0,20.0,1.0,low_mean_prob,,,,0.0,0.2721424400806427,0.5938629865646362
0.0,0.25,0.3367342823728677,0.20245369023373097,3.0,-3.0,0.9109567602211921,corridor,0.2342756774841084,0.8364743721344009,0.9061216622929917,0.9158437354831942,1.0,12.0,0.8333333333333334,0.16666666666666666,0.00035963562276675187,0.0002599414470876027,0.0,0.0,-6.757767767073819e-05,-8.364001338240223e-05,-0.0001139645976395709,1.2947628222459429e-05,-0.00014985089835617416,,0.0,3777.png,1.0,20.0,1.0,low_mean_prob,,,,0.0,0.3915955126285553,0.6781180083751679
0.0,0.35,0.3366392517335914,0.20238499200155122,3.0,-3.0,0.9109324111820777,corridor,0.2342756774841084,0.836433312803668,0.9061174865818581,0.9157987802136874,1.0,15.0,0.8666666666666667,0.13333333333333333,0.00026460498349045736,0.00019124321490784912,0.0,0.0,-9.192671678515119e-05,-8.364001338240223e-05,-0.00015502392837252188,8.771917088812309e-06,-0.00019480616786293758,,0.0,3777.png,1.0,20.0,1.0,recall_drop,,,,0.0,0.4911903440952301,0.878057336807251
0.0,0.35,0.3365411717334407,0.20231409759876065,3.0,-3.0,0.9107418424171941,corridor,0.2338992974238876,0.836112023653088,0.906195294187461,0.9153342424287834,2.0,55.0,0.8,0.2,0.0001665249833397997,0.00012034881211728243,0.0,0.0,-0.00028249548166869864,-0.0004600200736032123,-0.00047631307895246167,8.657952269175428e-05,-0.0006593439527670109,,0.0,3777.png,1.0,20.0,1.0,recall_drop,,,,0.0,0.41167768836021423,0.8175636529922485
0.0,0.25,0.33648179543069345,0.20227118315053869,3.0,-3.0,0.9110150544045312,corridor,0.2340665774506524,0.83657267998905,0.9061930108084867,0.9158886907527011,2.0,14.0,0.5,0.5,0.00010714868059252813,7.743436389531788e-05,0.0,0.0,-9.283494331602249e-06,-0.0002927400468384078,-1.5656742990421968e-05,8.429614371741057e-05,-0.0001048956288492997,,0.0,3777.png,0.0,20.0,1.0,low_mean_prob,,,,0.0,0.09749340265989304,0.2753866344690323
0.0,0.35,0.33645387781454283,0.20225100664629117,3.0,-3.0,0.910981263135928,corridor,0.2340247574439612,0.8365156927962332,0.9061994928900817,0.915813765303523,2.0,20.0,0.6,0.4,7.92310644419092e-05,5.725785964780239e-05,0.0,0.0,-4.3074762934858235e-05,-0.00033456005352960894,-7.264393580730388e-05,9.077822531244895e-05,-0.00017982107802738678,,0.0,3777.png,1.0,20.0,1.0,low_mean_prob,,,,0.0,0.12946641445159912,0.32962015569210057
0.0,0.35,0.3364138988659752,0.2022221144049294,3.0,-3.0,0.9109756461084448,corridor,0.2343593174974908,0.836506220318338,0.9061003632050997,0.9159036758425366,1.0,6.0,1.0,0.0,3.9252115874299776e-05,2.83656182860359e-05,0.0,0.0,-4.8691790417998426e-05,0.0,-8.211641370248213e-05,-8.351459669597716e-06,-8.99105390137489e-05,,0.0,3777.png,1.0,20.0,0.0,low_mean_prob,,,,0.0,0.2069036215543747,0.42240460216999054
0.0,0.25,0.336373910235712,0.20219321655587363,3.0,-3.0,0.9109918771890603,corridor,0.2343593174974908,0.8365335924562388,0.9061031471900618,0.915933646022208,1.0,4.0,1.0,0.0,-7.365143889215275e-07,-5.322307697341877e-07,0.0,0.0,-3.246070980256199e-05,0.0,-5.474427580165475e-05,-5.567474707479647e-06,-5.9940359342425253e-05,,1.0,3777.png,1.0,20.0,0.0,low_mean_prob,,,,0.0,0.1750839650630951,0.3311900347471237
0.0,0.5,0.3363467592218904,0.2021735966231624,3.0,-3.0,0.9109918771890603,corridor,0.2343593174974908,0.8365335924562388,0.9061031471900618,0.915933646022208,1.0,4.0,1.0,0.0,-2.7887528210535084e-05,-2.015216348097426e-05,0.0,0.0,-3.246070980256199e-05,0.0,-5.474427580165475e-05,-5.567474707479647e-06,-5.9940359342425253e-05,,1.0,3777.png,1.0,20.0,0.0,low_p90_prob,,,,0.0,0.48413795232772827,0.655140221118927
0.0,0.5,0.3361310628682108,0.2020177523403017,3.0,-3.0,0.9110028021224588,corridor,0.234192037470726,0.8365520167526656,0.9061540970482276,0.9159036758425366,2.0,10.0,0.6,0.4,-0.00024358388189010816,-0.00017599644634166967,0.0,0.0,-2.1535776404069118e-05,-0.00016728002676480447,-3.6319979374921374e-05,4.5382383458303366e-05,-8.99105390137489e-05,,1.0,3777.png,1.0,20.0,0.0,low_mean_prob,,,,0.0,0.36103278398513794,0.6593235015869141
0.0,0.5,0.33601609657947684,0.20193470374848851,3.0,-3.0,0.9108350041366357,corridor,0.2342756774841084,0.8362690754807364,0.9061007800219474,0.91561895913566,1.0,27.0,0.9259259259259259,0.07407407407407407,-0.00035855017062408345,-0.0002590450381548537,0.0,0.0,-0.000189333762227184,-8.364001338240223e-05,-0.00031926125130410377,-7.934642821894045e-06,-0.00037462724589032437,,1.0,3777.png,1.0,20.0,0.0,recall_drop,,,,0.0,0.6786667108535767,0.9509227991104127
0.0,0.2,0.3358864790776425,0.20184108527131783,3.0,-3.0,0.9109431824956776,prob_ridge,0.2343593174974908,0.8364514760425363,0.9060947947398853,0.9158437354831942,,10.0,1.0,0.0,-0.0004881676724584061,-0.0003526635153255353,0.0,0.0,-8.115540318520686e-05,0.0,-0.00013686068950413688,-1.3919924883976087e-05,-0.00014985089835617416,0.0,1.0,3777.png,1.0,20.0,0.0,recall_drop,10.0,1.0938965380191803,10.0,0.0,0.9086763262748718,0.9197291731834412
0.0,0.5,0.33583738400353513,0.201805629314923,3.0,-3.0,0.9105631649977258,corridor,0.2338992974238876,0.8358108848007009,0.9061646681704856,0.9150045704523999,2.0,77.0,0.8571428571428571,0.14285714285714285,-0.000537262746565792,-0.0003881194717203773,0.0,0.0,-0.00046117290113700804,-0.0004600200736032123,-0.0007774519313396011,5.5953505716299645e-05,-0.0009890159291504608,,1.0,3777.png,1.0,20.0,0.0,recall_drop,,,,0.0,0.55982506275177,0.9535333633422852
0.0,0.2,0.33580525552152185,0.2017824275888792,3.0,-3.0,0.9109269499634824,prob_ridge,0.2343593174974908,0.8364241039046355,0.9060920102596035,0.915813765303523,,12.0,1.0,0.0,-0.0005693912285790748,-0.00041132119776415843,0.0,0.0,-9.738793538038859e-05,0.0,-0.00016423282740496425,-1.670440516576832e-05,-0.00017982107802738678,0.0,1.0,3777.png,1.0,20.0,0.0,recall_drop,12.0,1.1378066265583038,12.0,0.0,0.8968579769134521,0.9123806178569793
0.0,0.2,0.3355618203785743,0.20160665892373208,3.0,-3.0,0.9108782494633914,prob_ridge,0.2343593174974908,0.836341987490933,0.9060836558278843,0.9157238547645093,,18.0,1.0,0.0,-0.0008128263715266315,-0.0005870898629112831,0.0,0.0,-0.00014608843547148087,0.0,-0.0002463492411074464,-2.5058836884972457e-05,-0.00026973161704102466,0.0,1.0,3777.png,1.0,20.0,0.0,recall_drop,18.0,1.286254439353943,18.0,0.0,0.9247896671295166,0.9426637291908264
0.0,0.2,0.33531873792659367,0.20143119620926409,3.0,-3.0,0.9108133086876156,prob_ridge,0.2343593174974908,0.8362324989393296,0.9060725142730036,0.9156039740458244,,26.0,1.0,0.0,-0.0010559088235072567,-0.000762552577379283,0.0,0.0,-0.00021102921124727114,0.0,-0.0003558377927108669,-3.62003917656617e-05,-0.0003896123357259862,0.0,1.0,3777.png,1.0,20.0,0.0,recall_drop,26.0,1.1030880427360534,10.5,0.0,0.856569230556488,0.9178764820098877
0.0,0.2,0.3620689655172414,0.22105263157894736,5.0,-5.0,0.909942572842512,prob_ridge,0.21548420066433865,0.8347657198349114,0.9088922567229408,0.9109953192616798,,11.0,0.2727272727272727,0.7272727272727273,0.0007763799075601319,0.0005785051809166497,0.0,0.0,3.536471352072468e-05,-0.00034068648326376905,5.952334016279259e-05,0.00012329430420832121,-5.298949041776524e-05,0.0,0.0,3840.png,0.0,18.0,1.0,recall_drop,11.0,0.9540237665176392,2.5,0.0,0.8919471502304077,0.9104347229003906
0.0,0.35,0.3616853538892782,0.22076672191627011,5.0,-5.0,0.9098960814410981,corridor,0.2155267864747466,0.8346874696533195,0.9088698165412474,0.9109246666077895,1.0,14.0,0.5,0.5,0.0003927682795969445,0.00029259551823940244,0.0,0.0,-1.1126687893159293e-05,-0.0002981006728558222,-1.8726841429117513e-05,0.0001008541225149262,-0.00012364214430804488,,0.0,3840.png,0.0,18.0,1.0,low_mean_prob,,,,0.0,0.2417440414428711,0.6072147428989411
0.0,0.35,0.3615650878499759,0.2206771139755041,5.0,-5.0,0.9098816181789312,corridor,0.21565454390597052,0.8346631277411837,0.9088233739228505,0.910942329771262,1.0,10.0,0.6,0.4,0.00027250224029462533,0.00020298757747339025,0.0,0.0,-2.5589950060078692e-05,-0.0001703432416318984,-4.3068753564967643e-05,5.441150411800155e-05,-0.00010597898083553048,,0.0,3840.png,1.0,18.0,1.0,low_mean_prob,,,,0.0,0.2230544090270996,0.42576080858707427
0.0,0.25,0.3615492464072906,0.22066531179805327,5.0,-5.0,0.9098896445867627,corridor,0.21561195809556255,0.8346766362400466,0.9088393895604977,0.910942329771262,2.0,11.0,0.5454545454545454,0.45454545454545453,0.0002566607976093316,0.00019118540002255324,0.0,0.0,-1.7563542228593576e-05,-0.000212929052039873,-2.9560254702021282e-05,7.042714176519471e-05,-0.00010597898083553048,,0.0,3840.png,1.0,18.0,1.0,low_mean_prob,,,,0.0,0.2017141431570053,0.41165828704833984
0.0,0.5,0.36152701164521495,0.22064874686047134,5.0,-5.0,0.9098576141997635,corridor,0.2155267864747466,0.8346227300683002,0.9088633920231234,0.9108540139538991,1.0,18.0,0.6111111111111112,0.3888888888888889,0.0002344260355336969,0.0001746204624406278,0.0,0.0,-4.959392922776473e-05,-0.0002981006728558222,-8.346642644840863e-05,9.442960439087766e-05,-0.00019429479819843554,,0.0,3840.png,1.0,18.0,1.0,low_mean_prob,,,,0.0,0.3816531002521515,0.8741834580898286
0.0,0.35,0.36137508211079483,0.2205355711155059,5.0,-5.0,0.9098544331715924,corridor,0.21544161485393068,0.8346173766670982,0.9088922182074557,0.910818687626954,2.0,22.0,0.5909090909090909,0.4090909090909091,8.249650111358253e-05,6.144471747518421e-05,0.0,0.0,-5.277495739886007e-05,-0.00038327229367174365,-8.881982765041041e-05,0.00012325578872318665,-0.00022962112514357536,,0.0,3840.png,1.0,18.0,1.0,low_mean_prob,,,,0.0,0.27154529094696045,0.4716029614210129
0.0,0.5,0.36131179123429225,0.22048843050285896,5.0,-5.0,0.9098239175694273,corridor,0.21565454390597052,0.8345660230785414,0.908813732574329,0.9108363507904266,1.0,16.0,0.75,0.25,1.9205624610996175e-05,1.4304104828249953e-05,0.0,0.0,-8.329055956401987e-05,-0.0001703432416318984,-0.00014017341620720103,4.477015559645192e-05,-0.00021195796167094993,,0.0,3840.png,1.0,18.0,1.0,low_mean_prob,,,,0.0,0.3736109733581543,0.652772843837738
0.0,0.35,0.3611050304277396,0.22033445530800877,5.0,-5.0,0.909820806239578,corridor,0.21531385742270676,0.8345607872970654,0.9089306490850756,0.9107127086461185,2.0,31.0,0.6129032258064516,0.3870967741935484,-0.00018755518194163434,-0.00013967109002194222,0.0,0.0,-8.640188941333449e-05,-0.0005110297248956674,-0.0001454091976832439,0.00016168666634308604,-0.0003356001059789948,,1.0,3840.png,1.0,18.0,0.0,low_mean_prob,,,,0.0,0.1937548965215683,0.44607973098754883
0.0,0.25,0.3610538775152339,0.22029636762424437,5.0,-5.0,0.909868746030626,corridor,0.21582488714760242,0.8346414642435227,0.9087625323771431,0.9109776560982071,1.0,4.0,1.0,0.0,-0.00023870809444737073,-0.00017775877378634064,0.0,0.0,-3.8462098365332764e-05,0.0,-6.473225122594073e-05,-6.430041589400304e-06,-7.065265389039066e-05,,1.0,3840.png,1.0,18.0,0.0,low_mean_prob,,,,0.0,0.12125532329082489,0.23542430698871616
0.0,0.5,0.3610345280294079,0.22028196090996474,5.0,-5.0,0.9097662763920628,corridor,0.2153990290435227,0.8344690286972144,0.9088921796770326,0.9106420559922282,2.0,33.0,0.696969696969697,0.30303030303030304,-0.0002580575802733631,-0.00019216548806597067,0.0,0.0,-0.000140931736928529,-0.00042585810407971825,-0.00023716779753424344,0.00012321725830011232,-0.00040625275986927445,,1.0,3840.png,1.0,18.0,0.0,low_mean_prob,,,,0.0,0.3854313790798187,0.6464619874954224
0.0,0.25,0.3609905763751918,0.22024923784564368,5.0,-5.0,0.9099008503581384,corridor,0.21565454390597052,0.8346954959620645,0.9088265872526388,0.9109776560982071,1.0,8.0,0.5,0.5,-0.00030200923448947536,-0.00022488855238703143,0.0,0.0,-6.357770852893907e-06,-0.0001703432416318984,-1.0700532684149167e-05,5.7624833906255724e-05,-7.065265389039066e-05,,1.0,3840.png,0.0,18.0,0.0,low_mean_prob,,,,0.0,0.05983966588973999,0.13212166875600814
0.0,0.5,0.3608937081894102,0.22017712334613743,5.0,-5.0,0.9096845356276196,corridor,0.21527127161229878,0.8343314988669472,0.908922588608711,0.9104477611940298,2.0,47.0,0.723404255319149,0.2765957446808511,-0.0003988774202710599,-0.00029700305189328535,0.0,0.0,-0.00022267250137164574,-0.000553615535303642,-0.00037469762780140137,0.0001536261899784952,-0.00060054755806771,,1.0,3840.png,1.0,18.0,0.0,low_mean_prob,,,,0.0,0.38192397356033325,0.8273257732391357
0.0,0.2,0.3608653761933958,0.22015603291653307,5.0,-5.0,0.9098398976756494,prob_ridge,0.21582488714760242,0.8345929150551034,0.9087577092511013,0.9109246666077895,,7.0,1.0,0.0,-0.0004272094162854345,-0.00031809348149763883,0.0,0.0,-6.731045334185115e-05,0.0,-0.00011328143964528525,-1.1253167631175565e-05,-0.00012364214430804488,0.0,1.0,3840.png,1.0,18.0,0.0,recall_drop,7.0,0.9773432040214539,7.0,0.0,0.8491559624671936,0.8562296509742737
0.0,0.25,0.3608568049410837,0.22014965259219668,5.0,-5.0,0.909852842573314,corridor,0.2153990290435227,0.8346146998365246,0.9089066328239296,0.9108010244634814,2.0,24.0,0.5833333333333334,0.4166666666666667,-0.0004357806685975629,-0.0003244738058340302,0.0,0.0,-5.436555567728263e-05,-0.00042585810407971825,-9.149665822405506e-05,0.00013767040519707674,-0.00024728428861608975,,1.0,3840.png,1.0,18.0,0.0,low_mean_prob,,,,0.0,0.11994556337594986,0.29395388066768646
0.0,0.2,0.3607705779334501,0.22008547008547008,5.0,-5.0,0.9098206645907395,prob_ridge,0.21582488714760242,0.8345605489294904,0.9087544935504335,0.9108893402808443,,9.0,1.0,0.0,-0.0005220076762311732,-0.00038865631256063127,0.0,0.0,-8.654353825177097e-05,0.0,-0.00014564756525825562,-1.4468868299033488e-05,-0.0001589684712531847,0.0,1.0,3840.png,1.0,18.0,0.0,recall_drop,9.0,0.9974551486968994,9.0,0.0,0.8019406199455261,0.8325816631317139
0.0,0.2,0.3607231974784398,0.22005020562943972,5.0,-5.0,0.9098110477937933,prob_ridge,0.21582488714760242,0.8345443658666839,0.9087528856150986,0.9108716771173717,,10.0,1.0,0.0,-0.0005693881312414661,-0.0004239207685909907,0.0,0.0,-9.616033519799227e-05,0.0,-0.0001618306280647408,-1.6076803633913173e-05,-0.00017663163472581012,0.0,1.0,3840.png,1.0,18.0,0.0,recall_drop,10.0,0.9963552713394166,10.0,0.0,0.7960346937179565,0.8122349381446838
0.0,0.5,0.2583603896103896,0.14834319802395488,0.0,0.0,0.8991603323955478,corridor,0.08186019218073791,0.8167949964523165,0.9645151280062063,0.8421002722876224,2.0,46.0,0.391304347826087,0.6086956521739131,0.0019397134075287426,0.0012775195640658266,0.0,0.0,3.876206695008211e-05,-0.0010269199735934986,6.39695786462946e-05,0.000408826840242571,-0.00024383966187568884,,0.0,4047.png,0.0,20.0,1.0,low_mean_prob,,,,0.0,0.08633118122816086,0.24848870933055878
0.0,0.5,0.2582819097109451,0.14829145494382545,0.0,0.0,0.8992111295092516,corridor,0.08233697645419204,0.8168788344565746,0.9643300248138957,0.8423305653016161,2.0,16.0,0.0625,0.9375,0.001861233508084259,0.0012257764839364027,0.0,0.0,8.955918065389756e-05,-0.0005501357001393703,0.00014780758290444673,0.00022372364793199484,-1.3546647882001217e-05,,0.0,4047.png,0.0,20.0,1.0,low_mean_prob,,,,1.0,0.0507529154419899,0.11119833588600159
0.0,0.25,0.25793086640399693,0.14806006342100356,0.0,0.0,0.8992197612281349,corridor,0.0821535978874789,0.8168930814304859,0.9644031517558009,0.8422899253579702,2.0,24.0,0.16666666666666666,0.8333333333333334,0.0015101902011360746,0.0009943849611145084,0.0,0.0,9.819089953710947e-05,-0.000733514266852503,0.00016205455681572722,0.00029685058983719426,-5.4186591527893846e-05,,0.0,4047.png,0.0,20.0,1.0,low_mean_prob,,,,1.0,0.013060295023024082,0.02697505373507738
0.0,0.35,0.2578680203045685,0.14801864801864803,0.0,0.0,0.8992031699663047,corridor,0.08233697645419204,0.8168656971321221,0.9643294716109121,0.8423170186537341,2.0,17.0,0.11764705882352941,0.8823529411764706,0.0014473441017076594,0.0009529695587589815,0.0,0.0,8.159963770693057e-05,-0.0005501357001393703,0.00013467025845192993,0.0002231704449483507,-2.7093295764002434e-05,,0.0,4047.png,0.0,20.0,1.0,low_mean_prob,,,,1.0,0.011138176545500755,0.026596271991729738
0.0,0.2,0.2578131341829694,0.14798248066349828,0.0,0.0,0.8991591170367371,prob_ridge,0.08263038216093303,0.8167929906603439,0.9642103957325394,0.8423305653016161,,8.0,0.125,0.875,0.0013924579801085635,0.0009168022036092349,0.0,0.0,3.754670813937988e-05,-0.00025672999339837466,6.196378667377989e-05,0.00010409456657567429,-1.3546647882001217e-05,0.0,0.0,4047.png,0.0,20.0,1.0,recall_drop,8.0,1.0542384243011473,8.0,1.0,0.8989337682723999,0.9100540518760681
0.0,0.35,0.25780774073021157,0.14797892675649216,0.0,0.0,0.8991814184889506,corridor,0.08219027360082154,0.8168297970176707,0.9643859839612837,0.8422357387664422,2.0,27.0,0.2962962962962963,0.7037037037037037,0.001387064527350712,0.0009132482966031086,0.0,0.0,5.9848160352871105e-05,-0.0006968385535098681,9.877014400050399e-05,0.00027968279531997986,-0.00010837318305589871,,0.0,4047.png,0.0,20.0,1.0,low_mean_prob,,,,0.0,0.037495702505111694,0.10982420891523367
0.0,0.25,0.25754069743839564,0.14780299147290435,0.0,0.0,0.8991157352845481,corridor,0.08274040930096091,0.8167213976093525,0.9641638754496961,0.8422899253579702,1.0,8.0,0.5,0.5,0.001120021235534785,0.0007373130130153005,0.0,0.0,-5.835044049606886e-06,-0.00014670285337049782,-9.629264317689845e-06,5.75742837323201e-05,-5.4186591527893846e-05,,0.0,4047.png,0.0,20.0,1.0,low_mean_prob,,,,0.0,0.06368589401245117,0.10714825317263603
0.0,0.25,0.25752467606320323,0.14779243787589166,0.0,0.0,0.8991851225208419,corridor,0.08248367930756254,0.8168359103030621,0.9642702065628683,0.8423305653016161,2.0,12.0,0.08333333333333333,0.9166666666666666,0.001103999860342375,0.0007267594160026147,0.0,0.0,6.355219224418729e-05,-0.0004034328467688725,0.00010488342939196649,0.0001639053969045845,-1.3546647882001217e-05,,0.0,4047.png,0.0,20.0,1.0,low_mean_prob,,,,1.0,0.007991768419742584,0.012783622834831478
0.0,0.5,0.2574386036127461,0.14773574357062988,0.0,0.0,0.8990549735002134,corridor,0.08281376072764615,0.8166211317185941,0.9641306370572545,0.8422086454706783,1.0,12.0,0.8333333333333334,0.16666666666666666,0.0010179274098852664,0.0006700651107408306,0.0,0.0,-6.659682838439096e-05,-7.335142668525585e-05,-0.0001098951550760896,2.4335891290805378e-05,-0.00013546647881979013,,0.0,4047.png,1.0,20.0,1.0,low_mean_prob,,,,0.0,0.13199672102928162,0.2573432892560959
0.0,0.5,0.2572415193987406,0.14760594899529117,0.0,0.0,0.8991721195907596,corridor,0.08255703073424778,0.8168144499178982,0.9642403002202028,0.8423305653016161,1.0,10.0,0.1,0.9,0.0008208431958797724,0.0005402705354021209,0.0,0.0,5.054926216185862e-05,-0.0003300814200836305,8.342304422803704e-05,0.00013399905423905345,-1.3546647882001217e-05,,0.0,4047.png,0.0,20.0,1.0,low_mean_prob,,,,1.0,0.013448290526866913,0.02750377468764782
0.0,0.35,0.2569895968790637,0.14744008206658585,0.0,0.0,0.8991670763802527,corridor,0.08263038216093303,0.8168061266042271,0.9642109507047714,0.8423441119494981,1.0,7.0,0.0,1.0,0.0005689206762028443,0.0003744036066967993,0.0,0.0,4.550605165498656e-05,-0.00025672999339837466,7.509973055697117e-05,0.00010464953880762184,0.0,,0.0,4047.png,0.0,20.0,1.0,low_mean_prob,,,,1.0,0.007325958460569382,0.010702324099838735
0.0,0.25,0.25682704811443435,0.14733308466989928,0.0,0.0,0.8991540741811872,corridor,0.08270373358761827,0.8167846681290967,0.9641810485183979,0.8423441119494981,1.0,5.0,0.0,1.0,0.00040637191157349983,0.00026740621001022924,0.0,0.0,3.2503852589460536e-05,-0.00018337856671313268,5.364125542650644e-05,7.474735243417907e-05,0.0,,0.0,4047.png,0.0,20.0,1.0,low_mean_prob,,,,1.0,0.008056252263486385,0.01153484359383583
0.0,0.35,0.2565810854728632,0.14717121819368068,0.0,0.0,0.8990897325592324,corridor,0.08288711215433141,0.8166784879291775,0.9641040749240216,0.8422899253579702,1.0,4.0,1.0,0.0,0.0001604092700023263,0.0001055397337916264,0.0,0.0,-3.183776936532823e-05,0.0,-5.2538944492641626e-05,-2.2262419421270607e-06,-5.4186591527893846e-05,,0.0,4047.png,1.0,20.0,0.0,low_mean_prob,,,,0.0,0.08901401609182358,0.17782319262623789
0.0,0.2,0.2559526223988967,0.14675783793841288,0.0,0.0,0.8990180908446732,prob_ridge,0.08288711215433141,0.8165602753040692,0.9640990648698107,0.8421680055270323,,13.0,1.0,0.0,-0.0004680538039641413,-0.00030784052147617147,0.0,0.0,-0.00010347948392452899,0.0,-0.00017075156960100202,-7.236296153068089e-06,-0.00017610642246579378,0.0,1.0,4047.png,1.0,20.0,0.0,recall_drop,13.0,1.1404132461547851,13.0,0.0,0.8914058208465576,0.9023166060447693
0.0,0.2,0.25585921660854755,0.14669642441995628,0.0,0.0,0.8989942082010716,prob_ridge,0.08288711215433141,0.8165208710956997,0.9640973945409429,0.8421273655833864,,16.0,1.0,0.0,-0.0005614595943133072,-0.00036925403993276484,0.0,0.0,-0.00012736212752617604,0.0,-0.00021015577797045548,-8.906625020843606e-06,-0.0002167463661116864,0.0,1.0,4047.png,1.0,20.0,0.0,recall_drop,16.0,1.1925916743278504,16.0,0.0,0.8825929760932922,0.8916470408439636
0.0,0.2,0.25579698394681366,0.14665551062148469,0.0,0.0,0.8989782858630339,prob_ridge,0.08288711215433141,0.8164946016234533,0.964096280902013,0.8421002722876224,,18.0,1.0,0.0,-0.0006236922560471925,-0.00041016783840436277,0.0,0.0,-0.00014328446556388652,0.0,-0.0002364252502168318,-1.0020263950694108e-05,-0.00024383966187568884,0.0,1.0,4047.png,1.0,20.0,0.0,recall_drop,18.0,1.2426716542243956,18.0,0.0,0.8842891454696655,0.8965143859386444
1.0,0.2,0.28216257216299356,0.16425452583034883,4.0,-4.0,0.8650820466865479,prob_ridge,0.23361928708770893,0.7622419260889263,0.891862419919124,0.8398630820794409,,13.0,0.0,1.0,0.00199707355622164,0.0013519335286991951,0.0,0.0,8.25975293373693e-05,-0.00048069812157963687,0.00012824384012988244,0.00017556346848801585,0.0,0.0,0.0,4193.png,0.0,18.0,1.0,accepted,13.0,1.1117992496490479,13.0,1.0,0.856069028377533,0.8734062552452088
0.0,0.25,0.28073727276561644,0.1632893381090231,4.0,-4.0,0.8649855664347992,corridor,0.23384114775920722,0.7620921292760902,0.8917699088237967,0.8397632460957,2.0,14.0,0.5,0.5,0.000571774158844518,0.00038674580737346753,0.0,0.0,-1.388272241131805e-05,-0.00025883745008134507,-2.1552972706229134e-05,8.305237316075242e-05,-9.983598374097014e-05,,0.0,4193.png,0.0,18.0,1.0,low_mean_prob,,,,0.0,0.3328535556793213,0.7854786038398743
0.0,0.25,0.28072248480756246,0.1632793323514973,4.0,-4.0,0.8650145429973264,corridor,0.23391510131637333,0.7621371160840247,0.8917510941498947,0.8398345575126578,1.0,7.0,0.2857142857142857,0.7142857142857143,0.0005569862007905324,0.00037674004984766807,0.0,0.0,1.5093840115887325e-05,-0.00018488389291523855,2.3433835228292565e-05,6.423769925878453e-05,-2.8524566783150185e-05,,0.0,4193.png,0.0,18.0,1.0,low_mean_prob,,,,0.0,0.14499904215335846,0.3563014388084412
0.0,0.35,0.2805803948034419,0.16318320086350702,4.0,-4.0,0.8649811963803032,corridor,0.23391510131637333,0.7620853448610589,0.8917445364915416,0.8397775083790915,1.0,11.0,0.5454545454545454,0.45454545454545453,0.00041489619666995603,0.0002806085618573817,0.0,0.0,-1.825277690725713e-05,-0.00018488389291523855,-2.8337387737442654e-05,5.7680040905672136e-05,-8.557370034945055e-05,,0.0,4193.png,1.0,18.0,1.0,low_mean_prob,,,,0.0,0.3749314546585083,0.798301100730896
0.0,0.5,0.2802021903959562,0.16292740276280984,4.0,-4.0,0.8649144972674384,corridor,0.23391510131637333,0.7619818024151276,0.8917314187909907,0.8396634101119589,1.0,19.0,0.7368421052631579,0.2631578947368421,3.669178918425109e-05,2.4810461160207353e-05,0.0,0.0,-8.495188977208912e-05,-0.00018488389291523855,-0.00013187983366880207,4.4562340354770136e-05,-0.0001996719674820513,,0.0,4193.png,1.0,18.0,1.0,recall_drop,,,,0.0,0.6327735781669617,0.9904684782028198
0.0,0.35,0.28015826248000675,0.16289769946157612,4.0,-4.0,0.8648688357195854,corridor,0.23384114775920722,0.7619109253051345,0.8917469550990729,0.8395635741282179,2.0,28.0,0.75,0.25,-7.236126765175488e-06,-4.892840073517091e-06,0.0,0.0,-0.00013061343762510447,-0.00025883745008134507,-0.000202756943661897,6.0098648436923696e-05,-0.00029950795122302143,,1.0,4193.png,1.0,18.0,0.0,recall_drop,,,,0.0,0.6567667126655579,0.9871950089931488
0.0,0.5,0.2799697148145032,0.1627702240046953,4.0,-4.0,0.8647687617088491,corridor,0.23384114775920722,0.761755607615744,0.8917272727272727,0.8393924267275191,2.0,40.0,0.825,0.175,-0.00019578379226870002,-0.00013236829695434382,0.0,0.0,-0.00023068744836141075,-0.00025883745008134507,-0.0003580746330523743,4.041627663675662e-05,-0.0004706553519218115,,1.0,4193.png,1.0,18.0,0.0,recall_drop,,,,0.0,0.7568362951278687,0.9920195639133453
0.0,0.25,0.2798752738917917,0.16270638381265004,4.0,-4.0,0.8647493112947658,corridor,0.23409998520928857,0.7617254232023606,0.891637630662021,0.8394352135776938,2.0,30.0,1.0,0.0,-0.00029022471498024727,-0.0001962084889995941,0.0,0.0,-0.00025013786244465486,0.0,-0.00038825904643580156,-4.9225788614992716e-05,-0.00042786850174714175,,1.0,4193.png,1.0,18.0,0.0,recall_drop,,,,0.0,0.47992366552352905,0.8954591512680053
0.0,0.2,0.27984649770168263,0.16268693307183132,4.0,-4.0,0.8649410935158798,prob_ridge,0.23409998520928857,0.7620230884712947,0.8916753744339951,0.8397632460957,,7.0,1.0,0.0,-0.000319000905089295,-0.0002156592298183102,0.0,0.0,-5.835564133072069e-05,0.0,-9.059377750164632e-05,-1.1482016640806947e-05,-9.983598374097014e-05,0.0,1.0,4193.png,1.0,18.0,0.0,recall_drop,7.0,1.0564266347885132,7.0,0.0,0.9155203104019165,0.9331791162490845
0.0,0.25,0.2798346968035759,0.16267895665816826,4.0,-4.0,0.8648994072409159,corridor,0.23409998520928857,0.7619583786302221,0.8916671715029987,0.839691934678742,1.0,12.0,1.0,0.0,-0.0003308018031960014,-0.0002236356434813791,0.0,0.0,-0.00010004191629464643,0.0,-0.00015530361857429842,-1.9684947637266248e-05,-0.0001711474006989011,,1.0,4193.png,1.0,18.0,0.0,recall_drop,,,,0.0,0.5788896083831787,0.8896538853645325
0.0,0.35,0.27978750316215534,0.16264705882352942,4.0,-4.0,0.8648827318735722,corridor,0.23409998520928857,0.761932494693793,0.891663889982734,0.8396634101119589,1.0,14.0,1.0,0.0,-0.00037799544461658563,-0.0002555334781202123,0.0,0.0,-0.00011671728363826794,0.0,-0.00018118755500340367,-2.2966467901897047e-05,-0.0001996719674820513,,1.0,4193.png,1.0,18.0,0.0,recall_drop,,,,0.0,0.5923119783401489,0.8791160702705384
0.0,0.35,0.2797809604043808,0.1626426367598805,4.0,-4.0,0.8647159512492562,corridor,0.23409998520928857,0.7616736553295025,0.891631063842681,0.8393781644441275,2.0,34.0,1.0,0.0,-0.0003845382023911492,-0.0002599555417691357,0.0,0.0,-0.00028349790795434426,0.0,-0.00044002691929390103,-5.57926079549631e-05,-0.0004849176353134421,,1.0,4193.png,1.0,18.0,0.0,recall_drop,,,,0.0,0.5002837181091309,0.8874068319797516
0.0,0.2,0.27974032543630384,0.16261517349539306,4.0,-4.0,0.8649160821183297,prob_ridge,0.23409998520928857,0.7619842625666511,0.8916704528244738,0.8397204592455252,,10.0,1.0,0.0,-0.000425173170468085,-0.000287418806256573,0.0,0.0,-8.336703888078834e-05,0.0,-0.0001294196821453042,-1.6403626162175833e-05,-0.00014262283391575092,0.0,1.0,4193.png,1.0,18.0,0.0,recall_drop,10.0,1.06656653881073,10.0,0.0,0.8796597719192505,0.8858857035636902
0.0,0.5,0.27969316361797186,0.16258330066640533,4.0,-4.0,0.8648493796690099,corridor,0.23409998520928857,0.7618807268209349,0.8916573263457636,0.8396063609783926,1.0,18.0,1.0,0.0,-0.00047233498880006053,-0.00031929163524430093,0.0,0.0,-0.0001500694882006215,0.0,-0.00023295542786150314,-2.9530104872388385e-05,-0.00025672110104835166,,1.0,4193.png,1.0,18.0,0.0,recall_drop,,,,0.0,0.6268924474716187,0.8580404400825501
0.0,0.5,0.27893499076096084,0.162071153189205,4.0,-4.0,0.864490719649654,corridor,0.23409998520928857,0.7613242221877103,0.8915867169857076,0.8389930827925551,2.0,61.0,1.0,0.0,-0.0012305078458110796,-0.0008314391124446263,0.0,0.0,-0.0005087295075565379,0.0,-0.0007894600610860447,-0.00010013946492837267,-0.0008699992868858031,,1.0,4193.png,1.0,18.0,0.0,dice_drop,,,,0.0,0.6363129615783691,0.9002863764762878
0.0,0.2,0.2787064258714826,0.16191684559828226,4.0,-4.0,0.8646825892430776,prob_ridge,0.23409998520928857,0.7616218874566444,0.891624496227387,0.8393211153105612,,38.0,1.0,0.0,-0.0014590727352893351,-0.000985746703367374,0.0,0.0,-0.00031685991413288317,0.0,-0.0004917947921520005,-6.236022324890289e-05,-0.0005419667688797425,0.0,1.0,4193.png,1.0,18.0,0.0,recall_drop,38.0,1.0494507229328156,9.25,0.0,0.8461713194847107,0.8855931460857391
0.0,0.25,0.4279330455199576,0.2722104451724802,2.0,2.0,0.9436374542760024,corridor,0.1653029632905794,0.8932893901773685,0.944982332155477,0.9422963989570364,1.0,10.0,0.7,0.3,0.00011420905984765861,9.241807639037702e-05,0.0,0.0,-2.6836646774164308e-05,-0.0001105705440070659,-4.809980214515175e-05,2.8852000018231294e-05,-8.221559277443724e-05,,0.0,6605.png,1.0,20.0,1.0,low_mean_prob,,,,0.0,0.3269176781177521,0.5310744345188141
0.0,0.35,0.4278034375709851,0.2721055673280678,2.0,2.0,0.9436126042414049,corridor,0.1653029632905794,0.8932448531949718,0.944979739917075,0.9422494186183082,1.0,14.0,0.7857142857142857,0.21428571428571427,-1.5398889124829118e-05,-1.2459768022055062e-05,0.0,0.0,-5.1686681371676535e-05,-0.0001105705440070659,-9.26367845418552e-05,2.6259761616187483e-05,-0.00012919593150262365,,1.0,6605.png,1.0,20.0,0.0,low_p90_prob,,,,0.0,0.4414058029651642,0.7374209046363831
0.0,0.25,0.4277172267635483,0.2720358157223319,2.0,2.0,0.9435802127872304,corridor,0.16522924959457466,0.8931868033982474,0.9449974672211293,0.9421672030255338,2.0,23.0,0.782608695652174,0.21739130434782608,-0.0001016096965616442,-8.221137375796772e-05,0.0,0.0,-8.407813554622834e-05,-0.000184284240011795,-0.00015068658126626833,4.3987065670547665e-05,-0.0002114115242770609,,1.0,6605.png,1.0,20.0,0.0,low_mean_prob,,,,0.0,0.38944244384765625,0.6571449279785156
0.0,0.5,0.4276739081068806,0.272000770267668,2.0,2.0,0.9435877530376278,corridor,0.1653029632905794,0.893200316212575,0.9449771474343872,0.94220243827958,1.0,18.0,0.8333333333333334,0.16666666666666666,-0.0001449283532293233,-0.00011725682842184115,0.0,0.0,-7.653788514883075e-05,-0.0001105705440070659,-0.00013717376693866967,2.3667278928440894e-05,-0.00017617627023092108,,1.0,6605.png,1.0,20.0,0.0,recall_drop,,,,0.0,0.5483626127243042,0.926783663034439
0.0,0.35,0.4276524897835629,0.2719834432304953,2.0,2.0,0.9435491460029173,corridor,0.16522924959457466,0.8931311309305097,0.9449942272802243,0.9421084776021235,2.0,28.0,0.8214285714285714,0.17857142857142858,-0.0001663466765470245,-0.00013458386559456192,0.0,0.0,-0.0001151449198593113,-0.000184284240011795,-0.00020635904900401236,4.074712476553888e-05,-0.0002701369476874049,,1.0,6605.png,1.0,20.0,0.0,low_p90_prob,,,,0.0,0.4636339843273163,0.7670052409172058
0.0,0.25,0.42726240060583115,0.2716679506933744,2.0,2.0,0.9435773180112681,corridor,0.16541353383458646,0.893181615747751,0.944944402563136,0.9422141833642621,1.0,14.0,1.0,0.0,-0.0005564358542787806,-0.00045007640271543803,0.0,0.0,-8.697291150849829e-05,0.0,-0.0001558742317626649,-9.077592322714878e-06,-0.00016443118554876346,,1.0,6605.png,1.0,20.0,0.0,low_mean_prob,,,,0.0,0.21284832060337067,0.5583923310041429
0.0,0.5,0.4271514418534336,0.27157823913879275,2.0,2.0,0.9434497200131758,corridor,0.16522924959457466,0.8929529790337486,0.9449838569038248,0.9419205562472105,2.0,44.0,0.8863636363636364,0.11363636363636363,-0.0006673946066763081,-0.0005397879572970887,0.0,0.0,-0.0002145709096007531,-0.000184284240011795,-0.00038451094576508194,3.0376748366034434e-05,-0.0004580583026003726,,1.0,6605.png,1.0,20.0,0.0,recall_drop,,,,0.0,0.6326815485954285,0.971296513080597
0.0,0.35,0.42714042714042716,0.2715693342946407,2.0,2.0,0.9435498100290544,corridor,0.16526610644257703,0.8931323208479935,0.9449837425192027,0.9421202226868056,1.0,26.0,0.8461538461538461,0.15384615384615385,-0.0006784093196827712,-0.0005486928014491466,0.0,0.0,-0.00011448089372223524,-0.00014742739200943045,-0.00020516913152013316,3.026236374392699e-05,-0.0002583918630052473,,1.0,6605.png,1.0,20.0,0.0,recall_drop,,,,0.0,0.4971249997615814,0.8843461275100708
0.0,0.5,0.42686195311615266,0.27134424341315927,2.0,2.0,0.9435098698915371,corridor,0.1651186790505676,0.893060751826118,0.9450217980440674,0.9420027718399849,1.0,40.0,0.8,0.2,-0.000956883343957271,-0.0007737836829305733,0.0,0.0,-0.00015442103123952666,-0.0002948547840188609,-0.00027673815339568364,6.831788860861554e-05,-0.00037584270982593537,,1.0,6605.png,1.0,20.0,0.0,recall_drop,,,,0.0,0.6514447331428528,0.9536407113075256
0.0,0.2,0.4268481754584988,0.27133310898514496,2.0,2.0,0.9435524659773927,prob_ridge,0.16541353383458646,0.8931370802529616,0.9449418084153984,0.9421672030255338,,18.0,1.0,0.0,-0.0009706610016111394,-0.0007849181109448877,0.0,0.0,-0.0001118249453838649,0.0,-0.00020040972655210876,-1.1671740060337221e-05,-0.0002114115242770609,0.0,1.0,6605.png,1.0,20.0,0.0,recall_drop,18.0,1.1625089979171754,18.0,0.0,0.8123815655708313,0.8244321882724762
0.0,0.2,0.42660619803476946,0.27113758647194464,2.0,2.0,0.9435213992907092,prob_ridge,0.16541353383458646,0.8930814108844749,0.9449385653869261,0.9421084776021235,,23.0,1.0,0.0,-0.0012126384253404732,-0.0009804406241452068,0.0,0.0,-0.00014289163206737676,0.0,-0.0002560790950387748,-1.491476853265894e-05,-0.0002701369476874049,0.0,1.0,6605.png,1.0,20.0,0.0,recall_drop,23.0,1.369609639644623,23.0,0.0,0.9106298685073853,0.9296865105628968
0.0,0.2,0.4263161870231891,0.27090333109340503,2.0,2.0,0.9434841168547785,prob_ridge,0.16541353383458646,0.8930146076422909,0.9449346732484302,0.9420380070940312,,29.0,1.0,0.0,-0.0015026494369208554,-0.001214696002684812,0.0,0.0,-0.00018017406799808455,0.0,-0.00032288233722277404,-1.8806907028601216e-05,-0.00034060745577968454,0.0,1.0,6605.png,1.0,20.0,0.0,recall_drop,29.0,1.3626273918151854,29.0,0.0,0.7863262891769409,0.8104047060012818
0.0,0.25,0.42591331971862945,0.27057805967997695,2.0,2.0,0.9433660384461542,corridor,0.16541353383458646,0.8928030640420415,0.944922344512267,0.941814850485072,2.0,48.0,1.0,0.0,-0.0019055167414804841,-0.0015399674161128973,0.0,0.0,-0.00029825247662240706,0.0,-0.000534425937472216,-3.113564319179307e-05,-0.0005637640647389031,,1.0,6605.png,1.0,20.0,0.0,low_mean_prob,,,,0.0,0.22310268878936768,0.6075946033000947
0.0,0.35,0.4257840510246443,0.2704737245876486,2.0,2.0,0.9432701301910213,corridor,0.16526610644257703,0.8926312742172539,0.9449545609919966,0.9415916938761129,2.0,71.0,0.9436619718309859,0.056338028169014086,-0.002034785435465647,-0.00164430250844122,0.0,0.0,-0.00039416073175524424,-0.00014742739200943045,-0.0007062157622598209,1.0808365378256468e-06,-0.0007869206736980106,,1.0,6605.png,1.0,20.0,0.0,recall_drop,,,,0.0,0.42225363850593567,0.8786056041717529
0.0,0.5,0.4252081214449844,0.270009089604363,2.0,2.0,0.9431168907587749,corridor,0.16504496535456287,0.8923568581163842,0.9450019456858838,0.941239341335651,2.0,107.0,0.9065420560747663,0.09345794392523364,-0.002610715015125553,-0.002108937491726859,0.0,0.0,-0.0005474001640016768,-0.00036856848002359,-0.0009806318631294664,4.8465530425034764e-05,-0.0011392732141598527,,1.0,6605.png,1.0,20.0,0.0,dice_drop,,,,0.0,0.5938027501106262,0.9578569412231446
0.0,0.2,0.4240580036815808,0.2690822407628129,2.0,2.0,0.9431298024310745,prob_ridge,0.16541353383458646,0.8923799768415427,0.9448976704706216,0.9413685372671537,,86.0,1.0,0.0,-0.003760832778529122,-0.0030357863332769464,0.0,0.0,-0.0005344884917021231,0.0,-0.0009575131379709889,-5.580968483720472e-05,-0.001010077282657118,0.0,1.0,6605.png,1.0,20.0,0.0,dice_drop,86.0,1.0821243751049041,9.0,0.0,0.868314802646637,0.9203733503818512
0.0,0.5,0.40597117364447494,0.25468245425188374,1.0,-1.0,0.9357811194196978,corridor,0.19443322563274099,0.8793126456367985,0.9350813802438678,0.9364819066360556,2.0,85.0,0.10588235294117647,0.8941176470588236,0.0032565532779322837,0.0025580527507838013,-1.0,1.0,0.0003359943391679776,-0.002557889068389857,0.0005931478266992807,0.0007686812079649163,-9.839291571001052e-05,,0.0,6606.png,0.0,20.0,1.0,low_mean_prob,,,,1.0,0.2507164478302002,0.6692133784294129
0.0,0.35,0.4052939154348573,0.25414960120715674,1.0,-1.0,0.9357618787547788,corridor,0.1949044157242865,0.8792786690067843,0.9349448870457274,0.9365802995517656,2.0,62.0,0.0,1.0,0.0025792950683146687,0.0020251997060568017,-1.0,1.0,0.0003167536742489929,-0.0020866989768443533,0.0005591711966851376,0.0006321880098245636,0.0,,0.0,6606.png,0.0,20.0,1.0,low_mean_prob,,,,1.0,0.12280941754579544,0.2952173978090286
0.0,0.5,0.4043430456294667,0.25340223944875107,2.0,-2.0,0.9355539780483809,corridor,0.19608239095315025,0.8789116204625202,0.934584333406066,0.9365256368208156,1.0,32.0,0.15625,0.84375,0.0016284252629240603,0.0012778379476511281,0.0,0.0,0.00010885296785112519,-0.0009087237479805943,0.0001921226524210784,0.00027163437016308745,-5.4662730950005844e-05,,0.0,6606.png,0.0,20.0,1.0,low_mean_prob,,,,1.0,0.3659348487854004,0.6746842980384827
0.0,0.35,0.4038375571679103,0.25300529966823215,2.0,-2.0,0.9355619017456877,corridor,0.19618336025848143,0.8789256071161087,0.9345566016123578,0.9365693670055756,1.0,25.0,0.04,0.96,0.0011229368013676577,0.0008808981671322158,0.0,0.0,0.00011677666515785834,-0.000807754442649411,0.0002061093060095054,0.00024390257645490188,-1.0932546190001169e-05,,0.0,6606.png,0.0,20.0,1.0,low_mean_prob,,,,1.0,0.2746731638908386,0.6026990652084351
0.0,0.25,0.40373098368555105,0.2529216438828755,2.0,-2.0,0.9356239112746891,corridor,0.19581313947226708,0.8790350715179872,0.9346694742354649,0.9365802995517656,2.0,35.0,0.0,1.0,0.0010163633190083954,0.0007972423817755869,0.0,0.0,0.0001787861941593416,-0.001177975228863759,0.0003155737078880394,0.0003567751995620094,0.0,,0.0,6606.png,0.0,20.0,1.0,low_mean_prob,,,,1.0,0.06417611986398697,0.1533067047595978
0.0,0.25,0.4030015145256781,0.25234934046038454,2.0,-2.0,0.9355064155064156,corridor,0.19658723747980614,0.8788276689816477,0.9344349912739965,0.9365802995517656,1.0,12.0,0.0,1.0,0.00028689415913546457,0.00022493895928460406,0.0,0.0,6.129042588576272e-05,-0.0004038772213247055,0.00010817117154848788,0.00012229223809367973,0.0,,0.0,6606.png,0.0,20.0,1.0,low_mean_prob,,,,1.0,0.16032548248767853,0.3299193143844605
0.0,0.2,0.4021600797991263,0.2516898437163646,2.0,-2.0,0.9353695624873737,prob_ridge,0.19699111470113084,0.878586154903429,0.9343033846355218,0.9364381764512955,,13.0,1.0,0.0,-0.0005545405674163284,-0.00043455778473533435,0.0,0.0,-7.55625931561088e-05,0.0,-0.00013334290667021964,-9.314400381099652e-06,-0.00014212310047012622,0.0,1.0,6606.png,1.0,20.0,0.0,recall_drop,13.0,1.0763521766662598,13.0,0.0,0.8045569062232971,0.8454713821411133
0.0,0.2,0.4020912874488357,0.2516359566040985,2.0,-2.0,0.9353695624873737,prob_ridge,0.19699111470113084,0.878586154903429,0.9343033846355218,0.9364381764512955,,13.0,1.0,0.0,-0.0006233329177069424,-0.0004884448970014499,0.0,0.0,-7.55625931561088e-05,0.0,-0.00013334290667021964,-9.314400381099652e-06,-0.00014212310047012622,0.0,1.0,6606.png,1.0,20.0,0.0,recall_drop,13.0,1.0644353961944581,13.0,0.0,0.8181828856468201,0.8264147162437439
0.0,0.2,0.4020912874488357,0.2516359566040985,2.0,-2.0,0.9353695624873737,prob_ridge,0.19699111470113084,0.878586154903429,0.9343033846355218,0.9364381764512955,,13.0,1.0,0.0,-0.0006233329177069424,-0.0004884448970014499,0.0,0.0,-7.55625931561088e-05,0.0,-0.00013334290667021964,-9.314400381099652e-06,-0.00014212310047012622,0.0,1.0,6606.png,1.0,20.0,0.0,recall_drop,13.0,1.0565217351913452,13.0,0.0,0.8080613613128662,0.8194551467895508
0.0,0.2,0.4020912874488357,0.2516359566040985,2.0,-2.0,0.9353695624873737,prob_ridge,0.19699111470113084,0.878586154903429,0.9343033846355218,0.9364381764512955,,13.0,1.0,0.0,-0.0006233329177069424,-0.0004884448970014499,0.0,0.0,-7.55625931561088e-05,0.0,-0.00013334290667021964,-9.314400381099652e-06,-0.00014212310047012622,0.0,1.0,6606.png,1.0,20.0,0.0,recall_drop,13.0,1.0775652742385864,13.0,0.0,0.7870975136756897,0.8427866339683533
0.0,0.35,0.46392621609560175,0.30202078894699463,0.0,0.0,0.9092921135349588,corridor,0.14711009789459567,0.833671530955876,0.9208154506437768,0.8980536241657558,1.0,8.0,0.375,0.625,0.00040392278607437326,0.0003422866874723818,0.0,0.0,1.5000846467772e-05,-0.00022350364310938509,2.521871084582017e-05,0.00010409372568775943,-6.976257470414637e-05,,0.0,6918.png,0.0,20.0,1.0,low_mean_prob,,,,0.0,0.02535606361925602,0.05404953919351099
0.0,0.25,0.46392621609560175,0.30202078894699463,0.0,0.0,0.9092921135349588,corridor,0.14711009789459567,0.833671530955876,0.9208154506437768,0.8980536241657558,2.0,8.0,0.375,0.625,0.00040392278607437326,0.0003422866874723818,0.0,0.0,1.5000846467772e-05,-0.00022350364310938509,2.521871084582017e-05,0.00010409372568775943,-6.976257470414637e-05,,0.0,6918.png,0.0,20.0,1.0,duplicate_cut,,,,0.0,0.02535606361925602,0.05404953919351099
0.0,0.25,0.4638730473592859,0.30197572314049587,0.0,0.0,0.9093177938666196,corridor,0.14711009789459567,0.8337147051204559,0.9208192265509513,0.898100132548892,1.0,6.0,0.16666666666666666,0.8333333333333334,0.0003507540497585393,0.0002972208809736143,0.0,0.0,4.068117812860983e-05,-0.00022350364310938509,6.83928754257046e-05,0.00010786963286224527,-2.3254191568011784e-05,,0.0,6918.png,0.0,20.0,1.0,low_mean_prob,,,,1.0,0.01103429775685072,0.02295476756989956
0.0,0.5,0.4638413878562577,0.30194889003613834,0.0,0.0,0.9092407492435748,corridor,0.14711009789459567,0.8335851826267162,0.9208078977489508,0.8979606073994838,1.0,12.0,0.5833333333333334,0.4166666666666667,0.00031909454673034743,0.0002703877766160878,0.0,0.0,-3.6363444916198695e-05,-0.00022350364310938509,-6.11296183139487e-05,9.654083086174658e-05,-0.0001627793409761935,,0.0,6918.png,1.0,20.0,1.0,low_mean_prob,,,,0.0,0.0966385081410408,0.21863742917776108
0.0,0.35,0.46369628785250533,0.3018259242531776,0.0,0.0,0.9091979465925681,corridor,0.14702069643735194,0.833513233452787,0.920842376398197,0.8978443364416436,2.0,19.0,0.631578947368421,0.3684210526315789,0.00017399454297795103,0.00014742199365536113,0.0,0.0,-7.916609592284463e-05,-0.0003129051003531169,-0.00013307879224311314,0.00013101948010796338,-0.00027905029881636345,,0.0,6918.png,1.0,20.0,1.0,low_mean_prob,,,,0.0,0.07843104004859924,0.2042326658964157
0.0,0.5,0.4633143423334159,0.30150235347217746,0.0,0.0,0.9091080365027966,corridor,0.14702069643735194,0.8333621173524459,0.9208291589141739,0.8976815571006674,2.0,26.0,0.7307692307692307,0.2692307692307692,-0.00020795097611148172,-0.00017614878734478756,0.0,0.0,-0.00016907618569439453,-0.0003129051003531169,-0.00028419489258424413,0.00011780199608490971,-0.00044182963979255696,,1.0,6918.png,1.0,20.0,0.0,low_mean_prob,,,,0.0,0.2152506411075592,0.5362649857997894
0.0,0.2,0.46292446292446293,0.3011722272317403,0.0,0.0,0.9091358606074876,prob_ridge,0.14733360153770506,0.8334088799671912,0.9206905596489973,0.8978675906332116,,11.0,1.0,0.0,-0.0005978303850644462,-0.0005062750277819439,0.0,0.0,-0.0001412520810033513,0.0,-0.00023743227783901144,-2.0797269091765713e-05,-0.00025579610724835167,0.0,1.0,6918.png,1.0,20.0,0.0,recall_drop,11.0,1.1083265256881714,11.0,0.0,0.9084056615829468,0.9185869097709656
0.0,0.2,0.4625587725810443,0.30086273499871236,0.0,0.0,0.9091230176950518,prob_ridge,0.14733360153770506,0.8333872952146604,0.9206886684471576,0.8978443364416436,,12.0,1.0,0.0,-0.0009635207284831027,-0.0008157672608098965,0.0,0.0,-0.0001540949934392133,0.0,-0.0002590170303697903,-2.268847093145343e-05,-0.00027905029881636345,0.0,1.0,6918.png,1.0,20.0,0.0,recall_drop,12.0,1.1069111073017122,12.0,0.0,0.8843414187431335,0.8904699862003327
0.0,0.2,0.46235282477490847,0.30068850138343733,0.0,0.0,0.9090844871432608,prob_ridge,0.14733360153770506,0.8333225409570679,0.9206829943004317,0.8977745738669395,,15.0,1.0,0.0,-0.0011694685346189115,-0.0009900008760849177,0.0,0.0,-0.00019262554523014064,0.0,-0.00032377128796223786,-2.836261765737369e-05,-0.0003488128735205098,0.0,1.0,6918.png,1.0,20.0,0.0,recall_drop,15.0,1.1938966631889343,15.0,0.0,0.9008108377456665,0.9152981281280518
0.0,0.2,0.46221562809099903,0.30057245770888275,0.0,0.0,0.9090587985965574,prob_ridge,0.14733360153770506,0.8332793714520063,0.9206792110848775,0.8977280654838035,,17.0,1.0,0.0,-0.0013066652185283467,-0.0011060445506395067,0.0,0.0,-0.0002183140919336246,0.0,-0.0003669407930239066,-3.2145833211538744e-05,-0.0003953212566565334,0.0,1.0,6918.png,1.0,20.0,0.0,recall_drop,17.0,1.2063472175598144,17.0,0.0,0.8740465641021729,0.8900334715843201
0.0,0.25,0.4819939347990902,0.31751779248345613,1.0,-1.0,0.9375641981027573,corridor,0.10734215035810009,0.882466683096055,0.9499234771962045,0.9255223969620454,1.0,6.0,0.8333333333333334,0.16666666666666666,0.00010506698190831942,9.118411368724821e-05,0.0,0.0,-4.405098090165538e-05,-4.393866162837046e-05,-7.805454422404878e-05,1.4273139972265092e-05,-9.940950752529432e-05,,0.0,6947.png,1.0,19.0,1.0,recall_drop,,,,0.0,0.7399216294288635,0.9044384658336639
0.0,0.35,0.4818375562396401,0.31738208135762414,1.0,-1.0,0.9375107002225647,corridor,0.10734215035810009,0.882371898163068,0.9499183673469388,0.9254229874545201,1.0,11.0,0.9090909090909091,0.09090909090909091,-5.13115775417905e-05,-4.452701214474608e-05,0.0,0.0,-9.754886109425431e-05,-4.393866162837046e-05,-0.00017283947721102866,9.163290706548644e-06,-0.00019881901505058863,,1.0,6947.png,1.0,19.0,0.0,recall_drop,,,,0.0,0.8416419625282288,0.9799724221229553
0.0,0.5,0.4818375562396401,0.31738208135762414,1.0,-1.0,0.9375107002225647,corridor,0.10734215035810009,0.882371898163068,0.9499183673469388,0.9254229874545201,1.0,11.0,0.9090909090909091,0.09090909090909091,-5.13115775417905e-05,-4.452701214474608e-05,0.0,0.0,-9.754886109425431e-05,-4.393866162837046e-05,-0.00017283947721102866,9.163290706548644e-06,-0.00019881901505058863,,1.0,6947.png,1.0,19.0,0.0,duplicate_cut,,,,0.0,0.8416419625282288,0.9799724221229553
0.0,0.35,0.48182850653038045,0.31737422853936786,1.0,-1.0,0.9374143904600757,corridor,0.10734215035810009,0.8822012852836913,0.9499091669898553,0.9252440503409746,2.0,20.0,0.95,0.05,-6.036128680142472e-05,-5.2379830401017013e-05,0.0,0.0,-0.0001938586235832318,-4.393866162837046e-05,-0.00034345235658772566,-3.7066376967764825e-08,-0.0003777561285961406,,1.0,6947.png,1.0,19.0,0.0,recall_drop,,,,0.0,0.6804429292678833,0.9631972551345825
0.0,0.25,0.4818216246922931,0.31736825693794823,1.0,-1.0,0.9374571969544374,corridor,0.10734215035810009,0.882277113230081,0.9499132564547402,0.9253235779469948,2.0,16.0,0.9375,0.0625,-6.724312488876061e-05,-5.835143182064684e-05,0.0,0.0,-0.00015105212922150724,-4.393866162837046e-05,-0.00026762441019811956,4.052398507981003e-06,-0.00029822852257588295,,1.0,6947.png,1.0,19.0,0.0,recall_drop,,,,0.0,0.6099374890327454,0.9044384658336639
0.0,0.2,0.48134116309907177,0.31695147810901836,1.0,-1.0,0.9375440575215,prob_ridge,0.10738608901972846,0.8824309978768577,0.9499030711151923,0.9255025150605404,,6.0,1.0,0.0,-0.0005477047181101091,-0.00047513026075052256,0.0,0.0,-6.419156215886623e-05,0.0,-0.00011373976342132774,-6.1329410399046935e-06,-0.00011929140903033097,0.0,1.0,6947.png,1.0,19.0,0.0,recall_drop,6.0,1.0481435012817384,6.0,0.0,0.9289472699165344,0.9445305466651917
0.0,0.5,0.4812591577255755,0.31688036848001994,1.0,-1.0,0.9372752455300932,corridor,0.10734215035810009,0.8819548444579249,0.9498958716158276,0.9249855856214089,2.0,33.0,0.9696969696969697,0.030303030303030304,-0.0006297100916063947,-0.0005462398897489451,0.0,0.0,-0.00033300355356569167,-4.393866162837046e-05,-0.0005898931823541398,-1.3332440404689727e-05,-0.0006362208481618392,,1.0,6947.png,1.0,19.0,0.0,recall_drop,,,,0.0,0.7882900238037109,0.9799225926399231
0.0,0.2,0.4811360946745562,0.3167736707598329,1.0,-1.0,0.9375119588314081,prob_ridge,0.10738608901972846,0.8823741279951471,0.949900004081466,0.9254428693560252,,9.0,1.0,0.0,-0.0007527731426256734,-0.0006529376099359552,0.0,0.0,-9.62902522507747e-05,0.0,-0.0001706096451319361,-9.19997476622747e-06,-0.00017893711354555197,0.0,1.0,6947.png,1.0,19.0,0.0,recall_drop,9.0,1.1107889580726624,9.0,0.0,0.9340214133262634,0.9437109112739563
0.0,0.2,0.48,0.3157894736842105,1.0,-1.0,0.9373407330560116,prob_ridge,0.10738608901972846,0.882070821959357,0.9498836402237374,0.9251247589319442,,25.0,1.0,0.0,-0.001888867817181894,-0.0016371346855583724,0.0,0.0,-0.00026751602764729654,0.0,-0.0004739156809220324,-2.5563832494857053e-05,-0.0004970475376264716,0.0,1.0,6947.png,1.0,19.0,0.0,recall_drop,25.0,1.0836397504806519,8.0,0.0,0.9245676398277283,0.9424601674079895
0.0,0.2,0.4788241390681679,0.3147723753484051,1.0,-1.0,0.9371266232130804,prob_ridge,0.10738608901972846,0.8816916894146194,0.9498631703631091,0.9247271209018431,,45.0,1.0,0.0,-0.0030647287490139785,-0.0026542330213638055,0.0,0.0,-0.00048162587057853923,0.0,-0.0008530482256596805,-4.603369312317085e-05,-0.0008946855677276488,0.0,1.0,6947.png,1.0,19.0,0.0,iou_drop,45.0,1.2115635911623637,13.333333333333334,0.0,0.9332731366157532,0.9550139427185058
0.0,0.35,0.3601562842969402,0.2196284199817958,1.0,1.0,0.9098731303663292,corridor,0.1693614241384942,0.8346488429113627,0.920438551003778,0.8995475113122172,2.0,47.0,0.48936170212765956,0.5106382978723404,0.002375475638398239,0.0017641966522131958,1.0,1.0,-2.960814391383959e-05,-0.0009799118079373004,-4.9830917745907755e-05,0.0003748979867360669,-0.0004162895927601884,,0.0,7259.png,0.0,21.0,0.0,low_mean_prob,,,,0.0,0.20373259484767914,0.5710892319679259
0.0,0.25,0.36,0.21951219512195122,0.0,0.0,0.9100427409095485,corridor,0.1693614241384942,0.8349343364793604,0.9204635920981986,0.8998552036199094,2.0,30.0,0.2,0.8,0.0022191913414580378,0.0016479717923686132,0.0,0.0,0.00014000239930545,-0.0009799118079373004,0.00023566265025187771,0.0003999390811566528,-0.0001085972850679573,,0.0,7259.png,0.0,21.0,1.0,low_mean_prob,,,,1.0,0.050282396376132965,0.12549091428518294
0.0,0.5,0.35981062598632296,0.2193713919178961,1.0,1.0,0.9096136238784105,corridor,0.1693614241384942,0.8342122056897189,0.9204002223457476,0.8990769230769231,2.0,73.0,0.6712328767123288,0.3287671232876712,0.002029817327781014,0.0015071685883134844,1.0,1.0,-0.00028911463183256547,-0.0009799118079373004,-0.00048646813938968414,0.00033656932870562706,-0.0008868778280542999,,1.0,7259.png,1.0,21.0,0.0,recall_drop,,,,0.0,0.414575457572937,0.8595728039741516
0.0,0.5,0.35968379446640314,0.21927710843373494,0.0,0.0,0.9098812999350215,corridor,0.1698105503837988,0.8346625921386235,0.920265842234852,0.8997285067873303,1.0,26.0,0.5,0.5,0.0019029858078611905,0.0014128851041523283,0.0,0.0,-2.1438575221521816e-05,-0.0005307855626326963,-3.608169048507914e-05,0.00020218921781001153,-0.00023529411764711128,,0.0,7259.png,0.0,21.0,1.0,low_mean_prob,,,,0.0,0.2679826021194458,0.6729291677474976
0.0,0.35,0.35956043956043954,0.21918542336548769,0.0,0.0,0.9099611072981011,corridor,0.1698105503837988,0.8347969172389476,0.9202776492364646,0.8998733031674209,1.0,18.0,0.2777777777777778,0.7222222222222222,0.0017796309018975887,0.001321200035905079,0.0,0.0,5.83687878580319e-05,-0.0005307855626326963,9.824340983899393e-05,0.0002139962194226408,-9.049773755653856e-05,,0.0,7259.png,0.0,21.0,1.0,low_mean_prob,,,,0.0,0.12677481770515442,0.3650284737348557
0.0,0.25,0.3589495447147319,0.21873157132900875,0.0,0.0,0.9100026537092449,corridor,0.16985138004246284,0.8348668524799355,0.9202679942995687,0.8999638009049774,1.0,12.0,0.0,1.0,0.0011687360561899451,0.0008673479994261435,0.0,0.0,9.991519900187651e-05,-0.0004899559039686641,0.0001681786508269667,0.00020434128252677652,0.0,,0.0,7259.png,0.0,21.0,1.0,low_mean_prob,,,,1.0,0.04337860643863678,0.11456743851304055
0.0,0.35,0.35867223565618817,0.21852566163077253,0.0,0.0,0.9099029019593488,corridor,0.16985138004246284,0.8346989489237382,0.9202532348531127,0.8997828054298642,2.0,22.0,0.45454545454545453,0.5454545454545454,0.0008914269976462164,0.0006614383011899205,0.0,0.0,1.634491056945464e-07,-0.0004899559039686641,2.7509462963148934e-07,0.0001895818360707624,-0.00018099547511318814,,0.0,7259.png,0.0,21.0,1.0,low_mean_prob,,,,0.0,0.08986936509609222,0.2544479429721833
0.0,0.5,0.3584831040998374,0.2183852660884463,0.0,0.0,0.9098629961470527,corridor,0.16985138004246284,0.8346317875012593,0.9202473295444027,0.899710407239819,2.0,26.0,0.5384615384615384,0.46153846153846156,0.0007022954412954641,0.0005210427588636934,0.0,0.0,-3.974236319037594e-05,-0.0004899559039686641,-6.688632784923598e-05,0.00018367652736073214,-0.000253393665158419,,0.0,7259.png,1.0,21.0,1.0,low_mean_prob,,,,0.0,0.19788119196891785,0.7185972929000854
0.0,0.5,0.3582890051435354,0.21824121679520136,0.0,0.0,0.9099127952197505,corridor,0.17009635799444717,0.8347156000268618,0.9201599022819388,0.8998914027149322,1.0,10.0,0.4,0.6,0.0005081964849934506,0.0003769934656187579,0.0,0.0,1.0056709507488826e-05,-0.00024497795198433203,1.692619775328641e-05,9.62492648968194e-05,-7.239819004523085e-05,,0.0,7259.png,0.0,21.0,1.0,low_mean_prob,,,,0.0,0.08596358448266983,0.2650973320007324
0.0,0.25,0.3582706601574526,0.2182276039434205,0.0,0.0,0.9098895467481721,corridor,0.17001469867711905,0.8346764715758369,0.9201880541210876,0.8998190045248868,2.0,16.0,0.5,0.5,0.0004898514989106761,0.00036338061383789366,0.0,0.0,-1.3191762070929869e-05,-0.00032663726931245196,-2.2202253271652594e-05,0.00012440110404565718,-0.00014479638009057272,,0.0,7259.png,0.0,21.0,1.0,low_mean_prob,,,,0.0,0.03196059539914131,0.07919483631849289
0.0,0.35,0.3580002638174383,0.21802699228791775,0.0,0.0,0.9098961431120465,corridor,0.1701780173117753,0.8346875734479401,0.920125844360137,0.8998914027149322,1.0,8.0,0.5,0.5,0.00021945515889637557,0.00016276895833514105,0.0,0.0,-6.595398196584945e-06,-0.0001633186346562121,-1.1100381168471785e-05,6.21913430950416e-05,-7.239819004523085e-05,,0.0,7259.png,0.0,21.0,1.0,low_mean_prob,,,,0.0,0.03538304567337036,0.07577662765979766
0.0,0.25,0.35794380194362607,0.21798511059932515,0.0,0.0,0.9098977920521196,corridor,0.17021884697043932,0.8346903486829956,0.9201102947980088,0.8999095022624435,1.0,6.0,0.5,0.5,0.00016299328508412314,0.00012088726974254782,0.0,0.0,-4.94645812343375e-06,-0.0001224889759921799,-8.325146112930781e-06,4.664178096680516e-05,-5.4298642533923136e-05,,0.0,7259.png,0.0,21.0,1.0,low_mean_prob,,,,0.0,0.022740527987480164,0.05988841876387596
0.0,0.2,0.35745054945054944,0.21761935345750374,0.0,0.0,0.9098528658224142,prob_ridge,0.1703413359464315,0.834614738962565,0.9200562567082423,0.8998733031674209,,5.0,1.0,0.0,-0.0003302592079925115,-0.00024486987207886224,0.0,0.0,-4.987268782885579e-05,0.0,-8.393486654356686e-05,-7.396308799645368e-06,-9.049773755653856e-05,0.0,1.0,7259.png,1.0,21.0,0.0,recall_drop,5.0,0.9660004734992981,5.0,0.0,0.8549532890319824,0.8884747505187989
0.0,0.2,0.35745054945054944,0.21761935345750374,0.0,0.0,0.9098528658224142,prob_ridge,0.1703413359464315,0.834614738962565,0.9200562567082423,0.8998733031674209,,5.0,1.0,0.0,-0.0003302592079925115,-0.00024486987207886224,0.0,0.0,-4.987268782885579e-05,0.0,-8.393486654356686e-05,-7.396308799645368e-06,-9.049773755653856e-05,0.0,1.0,7259.png,1.0,21.0,0.0,recall_drop,5.0,0.9370486617088317,5.0,0.0,0.8309414982795715,0.8560311436653137
0.0,0.2,0.35727779974517815,0.21749130783631987,0.0,0.0,0.9098229400192158,prob_ridge,0.1703413359464315,0.8345643780426389,0.9200518182659387,0.8998190045248868,,8.0,1.0,0.0,-0.0005030089133638005,-0.00037291549326273765,0.0,0.0,-7.979849102723868e-05,0.0,-0.00013429578646961815,-1.1834751103223518e-05,-0.00014479638009057272,0.0,1.0,7259.png,1.0,21.0,0.0,recall_drop,8.0,0.9422858941555022,4.0,0.0,0.8556812405586243,0.8847925782203674
0.0,0.2,0.3571208993895745,0.2173750334135258,0.0,0.0,0.9097830363924195,prob_ridge,0.1703413359464315,0.834497230149404,0.9200458995761692,0.8997466063348416,,12.0,1.0,0.0,-0.0006599092689674735,-0.0004891899160568147,0.0,0.0,-0.00011970211782352802,0.0,-0.00020144367970453825,-1.7753440872736448e-05,-0.00021719457013580357,0.0,1.0,7259.png,1.0,21.0,0.0,recall_drop,12.0,1.0221226239204406,12.0,0.0,0.7968819737434387,0.8167194485664367
0.0,0.2,0.3801902110879146,0.2347128741228698,2.0,2.0,0.9047382147648984,prob_ridge,0.13895687170283352,0.8260474591201894,0.9214777054415919,0.8885960496313187,,23.0,0.782608695652174,0.21739130434782608,0.0012514260684027279,0.0009531730593458076,0.0,0.0,-0.0002289321396770072,-0.00027193125577854027,-0.00038176110496268567,9.801415365495725e-05,-0.0005330332553525885,0.0,0.0,7312.png,1.0,21.0,1.0,recall_drop,23.0,1.3291663861274718,23.0,0.0,0.8766545057296753,0.8986301779747009
0.0,0.2,0.3797247866225396,0.2343582025370888,2.0,2.0,0.9047331926439554,prob_ridge,0.13917441670745637,0.8260390861546931,0.9213717724356022,0.8886848885072107,,16.0,0.9375,0.0625,0.0007860016030277195,0.0005985014735647998,0.0,0.0,-0.00023395426062000624,-5.438625115569695e-05,-0.0003901340704589584,-7.918852334753979e-06,-0.0004441943794605274,0.0,0.0,7312.png,1.0,21.0,1.0,recall_drop,16.0,1.1923925650119782,16.0,0.0,0.8881188035011292,0.8995126783847809
0.0,0.25,0.37923408217902455,0.23398448721631715,2.0,2.0,0.9048954000120576,corridor,0.13912003045630064,0.8263095598557626,0.9214217747628841,0.888951405134887,1.0,8.0,0.75,0.25,0.000295297159512653,0.00022478615279314385,0.0,0.0,-7.174689251776556e-05,-0.00010877250231142166,-0.00011966036938948488,4.2083474947163246e-05,-0.00017767775178423317,,0.0,7312.png,1.0,21.0,1.0,low_mean_prob,,,,0.0,0.0731838122010231,0.16273259520530697
0.0,0.25,0.3790956177617413,0.2338790751113026,2.0,2.0,0.9048702913733588,corridor,0.13895687170283352,0.8262676870561031,0.9214969912808547,0.8888329533003643,2.0,15.0,0.6666666666666666,0.3333333333333333,0.0001568327422293847,0.00011937404777859206,0.0,0.0,-9.685553121652202e-05,-0.00027193125577854027,-0.0001615331690489885,0.00011729999291776316,-0.0002961295863069813,,0.0,7312.png,1.0,21.0,1.0,low_mean_prob,,,,0.0,0.07306242734193802,0.1902401506900787
0.0,0.35,0.37905759162303665,0.23385012919896642,2.0,2.0,0.9048293741709876,corridor,0.13912003045630064,0.8261994549808693,0.9214121258633922,0.8888329533003643,1.0,12.0,0.8333333333333334,0.16666666666666666,0.00011880660352475703,9.04281354424108e-05,0.0,0.0,-0.00013777273358772657,-0.00010877250231142166,-0.00022976524428275358,3.2434575455209114e-05,-0.0002961295863069813,,0.0,7312.png,1.0,21.0,1.0,low_mean_prob,,,,0.0,0.17196398973464966,0.38665069341659547
0.0,0.5,0.3787931635856296,0.23364888123924268,2.0,2.0,0.9047633403678023,corridor,0.13912003045630064,0.826089350105976,0.921402474593964,0.8887145014658414,1.0,16.0,0.875,0.125,-0.00014562143388230364,-0.00011081982428132187,0.0,0.0,-0.000203806536773099,-0.00010877250231142166,-0.0003398701191761333,2.2783306027007733e-05,-0.0004145814208298404,,1.0,7312.png,1.0,21.0,0.0,low_mean_prob,,,,0.0,0.331135630607605,0.8232744336128235
0.0,0.25,0.3787622984223089,0.23362539500143636,2.0,2.0,0.9049011333494092,corridor,0.13922880295861206,0.8263191214114668,0.9213700395911979,0.8890106310521484,1.0,4.0,1.0,0.0,-0.00017648659720298498,-0.0001343060620876413,0.0,0.0,-6.601355516611118e-05,0.0,-0.00011009881368528873,-9.65169673905475e-06,-0.00011845183452285912,,1.0,7312.png,1.0,21.0,0.0,low_mean_prob,,,,0.0,0.10415817052125931,0.21236928403377536
0.0,0.35,0.3786582882411125,0.23354625708749013,2.0,2.0,0.9047217029488029,corridor,0.13895687170283352,0.8260199306282002,0.921475294045389,0.888566436672688,2.0,24.0,0.7916666666666666,0.20833333333333334,-0.00028049677839941944,-0.00021344397603387244,0.0,0.0,-0.0002454439557724175,-0.00027193125577854027,-0.0004092895969518562,9.560275745201796e-05,-0.0005626462139832755,,1.0,7312.png,1.0,21.0,0.0,low_mean_prob,,,,0.0,0.16128532588481903,0.3843930959701538
0.0,0.2,0.37840981794916534,0.23335724533715926,2.0,2.0,0.9048681235870384,prob_ridge,0.13922880295861206,0.8262640720046242,0.9213652128541174,0.888951405134887,,6.0,1.0,0.0,-0.0005289670703465532,-0.00040245572636474214,0.0,0.0,-9.902331753697258e-05,0.0,-0.0001651482205279331,-1.4478433819520298e-05,-0.00017767775178423317,0.0,1.0,7312.png,1.0,21.0,0.0,recall_drop,6.0,1.030662353038788,6.0,0.0,0.9071676731109619,0.9259777069091797
0.0,0.5,0.3783500959246555,0.23331182333118233,2.0,2.0,0.9045895904951451,corridor,0.13895687170283352,0.8257997026922865,0.9214559975426202,0.8883295330036424,2.0,32.0,0.84375,0.15625,-0.0005886890948563761,-0.0004478777323416727,0.0,0.0,-0.0003775564094302686,-0.00027193125577854027,-0.0006295175328655533,7.630625468324492e-05,-0.0007995498830288827,,1.0,7312.png,1.0,21.0,0.0,low_mean_prob,,,,0.0,0.32099708914756775,0.8203959047794342
0.0,0.2,0.3783438008839265,0.23330703578856773,2.0,2.0,0.9048516179595774,prob_ridge,0.13922880295861206,0.8262365473012029,0.9213627992633517,0.8889217921762563,,7.0,1.0,0.0,-0.0005949841355853969,-0.00045266527495627096,0.0,0.0,-0.00011552894499800015,0.0,-0.00019267292394919977,-1.6892024585213328e-05,-0.0002072907104149202,0.0,1.0,7312.png,1.0,21.0,0.0,recall_drop,7.0,1.0296839380264282,7.0,0.0,0.9023584127426147,0.9224222064018249
0.0,0.25,0.3783406113537118,0.23330461008186126,2.0,2.0,0.9048351118345692,corridor,0.13922880295861206,0.8262090225977815,0.9213603855244176,0.8888921792176256,2.0,8.0,1.0,0.0,-0.0005981736658001169,-0.0004550909816627424,0.0,0.0,-0.00013203507000614234,0.0,-0.00022019762737057746,-1.9305763519383845e-05,-0.00023690366904560722,,1.0,7312.png,1.0,21.0,0.0,low_mean_prob,,,,0.0,0.050479456782341,0.1316848136484623
0.0,0.35,0.37767041154898423,0.2327951202009329,2.0,2.0,0.9047030449201086,corridor,0.13922880295861206,0.8259888249704109,0.9213410702772404,0.88865527554858,1.0,16.0,1.0,0.0,-0.0012683734705276617,-0.0009645808625911023,0.0,0.0,-0.00026410198446680244,0.0,-0.00044039525474115493,-3.862101069651569e-05,-0.00047380733809121445,,1.0,7312.png,1.0,21.0,0.0,low_mean_prob,,,,0.0,0.10283743590116501,0.2632937580347061
0.0,0.5,0.3772970458246104,0.23251146788990826,2.0,2.0,0.9045709461496714,corridor,0.13922880295861206,0.8257686273430404,0.9213217455394159,0.8884183718795344,1.0,24.0,1.0,0.0,-0.0016417391949015148,-0.0012482331736157481,0.0,0.0,-0.0003962007549039859,0.0,-0.0006605928821117324,-5.794574852102663e-05,-0.0007107110071368217,,1.0,7312.png,1.0,21.0,0.0,low_mean_prob,,,,0.0,0.20201189815998077,0.4256372362375259
0.0,0.35,0.3771741027281717,0.23241809448706,2.0,2.0,0.9045020052468112,corridor,0.13917441670745637,0.8256537296999725,0.9213379611143533,0.888270307086381,2.0,30.0,0.9666666666666667,0.03333333333333333,-0.0017646822913401916,-0.0013416065764640106,0.0,0.0,-0.0004651416577641232,-5.438625115569695e-05,-0.0007754905251795563,-4.173017358366504e-05,-0.0008587758002902568,,1.0,7312.png,1.0,21.0,0.0,low_mean_prob,,,,0.0,0.07192419469356537,0.2576445758342743
0.0,0.5,0.375886524822695,0.2314410480349345,2.0,2.0,0.9041550410979564,corridor,0.13917441670745637,0.8250756950178916,0.9212871895746251,0.8876484349551363,2.0,51.0,0.9803921568627451,0.0196078431372549,-0.0030522601968168694,-0.0023186530285894957,0.0,0.0,-0.0008121058066189457,-5.438625115569695e-05,-0.0013535252072605086,-9.250171331187662e-05,-0.0014806479315349064,,1.0,7312.png,1.0,21.0,0.0,low_mean_prob,,,,0.0,0.16094434261322021,0.43415674567222595
0.0,0.25,0.3572177227251072,0.21744678382924423,2.0,-2.0,0.9079379101463907,corridor,0.1450686313204403,0.8313977003524585,0.9272457790952442,0.8894177277784646,2.0,31.0,0.5483870967741935,0.45161290322580644,0.0014691425695209093,0.0010877916081830363,0.0,0.0,-6.154316998141507e-05,-0.0006139543042582019,-0.00010321425233594805,0.00025211160570892677,-0.0003502699138747678,,0.0,8253.png,1.0,19.0,1.0,low_mean_prob,,,,0.0,0.1787317842245102,0.4641633927822113
0.0,0.35,0.35698310730430644,0.21727293790546803,2.0,-2.0,0.9078345375950525,corridor,0.1450686313204403,0.8312243600855145,0.9272317112471802,0.8892322907652367,2.0,40.0,0.65,0.35,0.0012345271487201326,0.0009139456844068361,0.0,0.0,-0.00016491572131960286,-0.0006139543042582019,-0.0002765545192799923,0.00023804375764491237,-0.0005357069271026971,,0.0,8253.png,1.0,19.0,1.0,low_mean_prob,,,,0.0,0.3200681805610657,0.8571413815021516
0.0,0.2,0.35659209900047595,0.21698331788693234,2.0,-2.0,0.9078042522765031,prob_ridge,0.1456825856246985,0.8311735823625686,0.9269670159766363,0.8894177277784646,,17.0,1.0,0.0,0.0008435188448896458,0.0006243256658711449,0.0,0.0,-0.0001952010398690307,0.0,-0.0003273322422259195,-2.6651512898934193e-05,-0.0003502699138747678,0.0,0.0,8253.png,1.0,19.0,0.0,recall_drop,17.0,1.1878263139724732,17.0,0.0,0.8590658903121948,0.874442172050476
0.0,0.2,0.356567725951689,0.21696526932220095,2.0,-2.0,0.9078846376263024,prob_ridge,0.1456825856246985,0.8313083662270145,0.9269779924852388,0.8895619565665307,,10.0,1.0,0.0,0.0008191457961027049,0.0006062771011397516,0.0,0.0,-0.00011481569006965842,0.0,-0.00019254837777993306,-1.567500429644486e-05,-0.00020604112580868694,0.0,0.0,8253.png,1.0,19.0,0.0,recall_drop,10.0,1.0809725105762482,10.0,0.0,0.8975744247436523,0.9072635293006897
0.0,0.35,0.3562911380330058,0.21676048981486856,2.0,-2.0,0.9079610098737132,corridor,0.14533175459369382,0.8314364396171549,0.9271372431120751,0.8895619565665307,1.0,18.0,0.5555555555555556,0.4444444444444444,0.000542557877419525,0.00040149759380736505,0.0,0.0,-3.8443442658908644e-05,-0.00035083103100466695,-6.447498763961779e-05,0.0001435756225398599,-0.00020604112580868694,,0.0,8253.png,1.0,19.0,1.0,low_mean_prob,,,,0.0,0.2079831212759018,0.4762415409088136
0.0,0.25,0.3562807117981012,0.21675277181169095,2.0,-2.0,0.908020355806031,corridor,0.1453756084725694,0.8315359728855338,0.9271267230643707,0.8896855812420159,1.0,11.0,0.36363636363636365,0.6363636363636364,0.0005321316425149214,0.0003937795906297503,0.0,0.0,2.0902489658913836e-05,-0.00030697715212910093,3.505828073935291e-05,0.00013305557483545005,-8.241645032347478e-05,,0.0,8253.png,0.0,19.0,1.0,low_mean_prob,,,,0.0,0.13618920743465424,0.3937748372554779
0.0,0.5,0.35622032288698957,0.21670807094575076,2.0,-2.0,0.907570274364585,corridor,0.1450686313204403,0.8307813794033243,0.9271957353510167,0.8887583961758767,2.0,63.0,0.7777777777777778,0.2222222222222222,0.0004717427314032685,0.000349078724689561,0.0,0.0,-0.0004291789517870681,-0.0006139543042582019,-0.0007195352014701673,0.0002020678614814697,-0.001009601516462677,,1.0,8253.png,1.0,19.0,0.0,recall_drop,,,,0.0,0.5569514036178589,0.9847921967506409
0.0,0.35,0.35619964723268344,0.2166927672408793,2.0,-2.0,0.9078843585348155,corridor,0.14515633907819148,0.8313078982339233,0.9272012544841364,0.889355915440722,2.0,32.0,0.625,0.375,0.0004510670770971337,0.0003337750198181,0.0,0.0,-0.00011509478155657948,-0.0005262465465070143,-0.00019301637087121293,0.00020758699460110552,-0.0004120822516173739,,0.0,8253.png,1.0,19.0,1.0,low_mean_prob,,,,0.0,0.29022425413131714,0.6864096105098726
0.0,0.25,0.35617222142754973,0.2166724678036895,2.0,-2.0,0.9079341710920659,corridor,0.14524404683594264,0.831391429947039,0.9271708081871094,0.8894795401162072,2.0,24.0,0.5833333333333334,0.4166666666666667,0.0004236412719634264,0.0003134755826283142,0.0,0.0,-6.528222430624009e-05,-0.0004385387887558545,-0.00010948465775550975,0.00017714069757412965,-0.0002884575761321617,,0.0,8253.png,1.0,19.0,1.0,low_mean_prob,,,,0.0,0.17275549471378326,0.4206645339727402
0.0,0.25,0.3561043047146875,0.2166222016007424,2.0,-2.0,0.9079917149435922,corridor,0.14550717010919617,0.8314879359149641,0.9270670073212101,0.8896855812420159,1.0,8.0,0.5,0.5,0.0003557245591012115,0.0002632093796811896,0.0,0.0,-7.738372779897418e-06,-0.0001754155155023196,-1.2978689830411838e-05,7.333983167479019e-05,-8.241645032347478e-05,,0.0,8253.png,0.0,19.0,1.0,recall_drop,,,,0.0,0.5200307965278625,0.9641863703727722
0.0,0.5,0.3560873295833731,0.21660963869396277,2.0,-2.0,0.907903592159502,corridor,0.14533175459369382,0.8313401505960291,0.9271294188393969,0.8894589360036264,1.0,23.0,0.6521739130434783,0.34782608695652173,0.0003387494277867775,0.00025064647290157227,0.0,0.0,-9.586115687010288e-05,-0.00035083103100466695,-0.00016076400876541275,0.00013575134986165693,-0.0003090616887130304,,0.0,8253.png,1.0,19.0,1.0,low_mean_prob,,,,0.0,0.3428422808647156,0.8226394176483155
0.0,0.35,0.3558328966798457,0.21642136979951326,2.0,-2.0,0.9079457873763235,corridor,0.14550717010919617,0.8314109106314148,0.9270607433491508,0.8896031647916924,1.0,12.0,0.6666666666666666,0.3333333333333333,8.431652425938685e-05,6.237757845206637e-05,0.0,0.0,-5.366594004863057e-05,-0.0001754155155023196,-9.000397337965982e-05,6.707585961551743e-05,-0.00016483290064694955,,0.0,8253.png,1.0,19.0,1.0,recall_drop,,,,0.0,0.6704309582710266,0.9823572516441346
0.0,0.5,0.3557925813056521,0.21639154358528814,2.0,-2.0,0.9077694920958802,corridor,0.14515633907819148,0.831115305356008,0.9271856133038265,0.8891498743149132,2.0,42.0,0.7142857142857143,0.2857142857142857,4.400115006580885e-05,3.2551364226945934e-05,0.0,0.0,-0.00022996122049190326,-0.0005262465465070143,-0.0003856092487865004,0.00019194581429127222,-0.0006181233774261718,,0.0,8253.png,1.0,19.0,1.0,recall_drop,,,,0.0,0.4298032224178314,0.9102249503135681
0.0,0.5,0.3555449785816278,0.21620839363241678,2.0,-2.0,0.9078654048370137,corridor,0.14550717010919617,0.8312761163852035,0.9270497788085728,0.8894589360036264,1.0,19.0,0.7894736842105263,0.21052631578947367,-0.00020360157395848955,-0.00015059858864441278,0.0,0.0,-0.00013404847935838404,-0.0001754155155023196,-0.00022479821959098256,5.611131903748845e-05,-0.0003090616887130304,,1.0,8253.png,1.0,19.0,0.0,recall_drop,,,,0.0,0.7871738076210022,0.9926948308944702
0.0,0.2,0.3555322496067121,0.21619897959183673,2.0,-2.0,0.9079305667994911,prob_ridge,0.1456825856246985,0.8313853855781265,0.9269842632946177,0.8896443730168542,,6.0,1.0,0.0,-0.00021633054887421066,-0.00016001262922446524,0.0,0.0,-6.888651688097269e-05,0.0,-0.00011552902666800424,-9.404194917572717e-06,-0.00012362467548521217,0.0,1.0,8253.png,1.0,19.0,0.0,recall_drop,6.0,1.0261887860298158,6.0,0.0,0.9012207388877869,0.9193641841411591
0.0,0.2,0.35518917373487086,0.2159453038994148,2.0,-2.0,0.907896120281779,prob_ridge,0.1456825856246985,0.8313276210647925,0.9269795602885607,0.8895825606791116,,9.0,1.0,0.0,-0.000559406420715447,-0.00041368832164639935,0.0,0.0,-0.0001033330345930894,0.0,-0.00017329354000195085,-1.4107200974611267e-05,-0.00018543701322781825,0.0,1.0,8253.png,1.0,19.0,0.0,recall_drop,9.0,1.0617201137542724,9.0,0.0,0.8963114619255066,0.9040727257728577
