accepted,action_frac,bg_a_area,bg_b_area,bg_channel_proxy,bg_component_count_delta,bg_components_after,bg_components_before,bg_pair_distance,bridge_score_mean,bridge_score_p90,candidate_boundary_f1,candidate_boundary_iou,candidate_component_count_mae,candidate_component_delta_mean,candidate_dice,candidate_family,candidate_gap_region_fp_rate,candidate_iou,candidate_precision,candidate_recall,component_area,corridor_radius,cut_adjacent_bg_components_before,cut_anchor_area_frac,cut_area,cut_bbox_h,cut_bbox_w,cut_component_bg_frac_after,cut_component_border_contacts_after,cut_fill,cut_gt_fg_frac,cut_gt_gap_frac,cut_max_dist_in,cut_mean_dist_in,cut_mean_grad,cut_mean_image,cut_p90_grad,cut_slenderness,cut_std_image,delta_boundary_f1,delta_boundary_iou,delta_component_count_mae,delta_component_delta_mean,delta_dice,delta_gap_region_fp_rate,delta_iou,delta_precision,delta_recall,image,overerosion_proxy,pred_component_id,r241_label_risk,r241_label_safe,r241_safe_prob,reject_reason,ring_bg_frac,ring_fg_frac,run_id,seam_prob_mean,seam_prob_p90,split
0.0,0.25,1.0,1.0,1.0,0.0,1.0,1.0,45.17742799230607,1.0686286295820613,1.74737149477005,0.4366648527722353,0.2793162128712871,1.0,-1.0,0.9023311149942372,bg_seed,0.1386285150468673,0.822043083593009,0.9049554420373616,0.8997219647822058,4195.0,2.0,1.0,0.0005962362586174771,16.0,38.0,20.0,0.28836872586872586,4.0,0.021052631578947368,0.75,0.25,2.0,1.4633883476483185,0.018584582954645157,0.7338235378265381,0.025969065725803375,1.9,0.025635894387960434,0.0002880148706198016,0.00023564635166789527,0.0,0.0,-0.0001777123612728415,-0.00021926218275503118,-0.0002950361577359617,9.23900530127586e-05,-0.00044485634847080124,10375.png,1.0,19.0,1,0,0.8547922060195453,low_mean_prob,0.4,0.6,R239-gtfree-bg-channel-seam-prob-editor,0.019466539314596402,0.06726664567438778,val
0.0,0.25,1.0,1.0,1.0,0.0,1.0,1.0,45.17742799230607,0.8215192834028283,1.1309656381607056,0.43678577906765825,0.279415177535391,1.0,-1.0,0.9024943310657596,bg_seed,0.1386285150468673,0.8223140495867769,0.9049837849927312,0.9000185356811863,4195.0,1.0,1.0,0.00029811812930873857,8.0,36.0,20.0,0.2914186507936508,4.0,0.011111111111111112,0.5,0.5,2.0,1.426776695296637,0.019895322620868683,0.7450980544090271,0.025895076245069502,1.8,0.029994230717420578,0.0004089411660427311,0.00033461101577181296,0.0,0.0,-1.4496289750476343e-05,-0.00021926218275503118,-2.407016396810402e-05,0.00012073300838244538,-0.0001482854494903041,10375.png,1.0,19.0,1,0,0.9124490255616378,low_mean_prob,0.375,0.625,R239-gtfree-bg-channel-seam-prob-editor,0.014675116226479856,0.04066641699252541,val
0.0,0.25,1.0,1.0,1.0,1.0,3.0,2.0,53.81449618829484,1.313698236387228,2.0025840658634686,0.43746223564954684,0.279969064191802,1.0,-1.0,0.9024798304643641,bg_seed,0.13840925286411226,0.822289972899729,0.9051045900294568,0.899870250231696,4195.0,2.0,1.0,0.0005962362586174771,16.0,39.0,35.0,0.3123004694835681,4.0,0.011721611721611722,0.5,0.5,3.1622776601683795,2.0400616452992155,0.01741306111216545,0.7602941393852234,0.024210356175899506,1.1142857142857143,0.019155316054821014,0.001085397747931316,0.0008884976721827975,0.0,0.0,-2.8996891145993686e-05,-0.00043852436551006235,-4.8146851015951064e-05,0.0002415380451079585,-0.0002965708989806082,10375.png,1.0,19.0,1,0,0.2910460734938334,low_mean_prob,0.2875,0.7125,R239-gtfree-bg-channel-seam-prob-editor,0.000497023892125143,0.0005679869559706978,val
0.0,0.25,1.0,1.0,1.0,0.0,1.0,1.0,53.81449618829484,0.7838004510849714,1.086512303352356,0.4370388290794726,0.2796223202538503,1.0,-1.0,0.9025759209010148,bg_seed,0.1386285150468673,0.8224495325836607,0.9049979501323097,0.9001668211306766,4195.0,1.0,1.0,0.00014905906465436928,4.0,2.0,2.0,0.3926592797783934,3.0,1.0,0.0,1.0,2.0,1.5,0.01560191810131073,0.7490196228027344,0.01914429757744074,1.0,0.012087085284292698,0.0006619911778570908,0.0005417537342310985,0.0,0.0,6.709354550471502e-05,-0.00021926218275503118,0.0001114128329157138,0.0001348981479608602,0.0,10375.png,0.0,19.0,0,1,0.8776970594094765,low_mean_prob,0.375,0.625,R239-gtfree-bg-channel-seam-prob-editor,0.00045548441635473983,0.0004788954737575017,val
0.0,0.25,1.0,1.0,1.0,0.0,1.0,1.0,42.1070065428546,1.1153703583167407,1.760422229766846,0.40807677925962854,0.2563419981208894,0.0,0.0,0.8978741740879058,bg_seed,0.19515171686914073,0.8146748338329206,0.8753369508139331,0.9216025948177362,5134.0,2.0,1.0,0.0006996676578625153,20.0,38.0,5.0,0.4772577455504285,3.0,0.10526315789473684,0.4,0.6,2.0,1.4121320343559645,0.019150469452142715,0.7254902124404907,0.031524389237165454,7.6,0.021586444228887558,0.0013140367304626532,0.0010361793410319509,0.0,0.0,3.5133237880735635e-05,-0.0006656681644200413,5.784581832968261e-05,0.00033257789107155045,-0.00029486565183733937,10520.png,1.0,20.0,1,0,0.41959621258496543,low_mean_prob,0.4051724137931034,0.5948275862068966,R239-gtfree-bg-channel-seam-prob-editor,0.00076326729280893,0.001112425157822603,val
0.0,0.25,1.0,1.0,1.0,0.0,1.0,1.0,42.1070065428546,0.8493165036193105,0.9449611902236938,0.40765920289403107,0.2560125342734038,0.0,0.0,0.8979357386465625,bg_seed,0.19548455095135076,0.8147762069190175,0.8751880751600826,0.9218974604695735,5134.0,1.0,1.0,0.0002099002973587546,6.0,3.0,2.0,0.50944669365722,3.0,1.0,0.0,1.0,2.0,1.4023689270621826,0.023376794531941414,0.7405229210853577,0.02875762153416872,1.5,0.013663100078701973,0.0008964603648651814,0.0007067154935463393,0.0,0.0,9.669779653742605e-05,-0.00033283408221002064,0.0001592189044266057,0.0001837022372209729,0.0,10520.png,0.0,20.0,0,1,0.7021247781752917,low_mean_prob,0.3888888888888889,0.6111111111111112,R239-gtfree-bg-channel-seam-prob-editor,0.0006684834676469751,0.000921485338836676,val
0.0,0.25,1.0,1.0,0.0,0.0,1.0,1.0,63.788713735268246,0.8322108961867649,1.0649211573871802,0.40691074658516807,0.2554224414689531,0.0,0.0,0.8979035037334865,bg_seed,0.19559549564542075,0.8147231270358306,0.8751268325111088,0.9218974604695735,5134.0,1.0,1.0,0.00013993353157250307,4.0,2.0,2.0,0.13088642659279778,2.0,1.0,0.0,1.0,2.0,1.3535533905932737,0.02587863989174366,0.6872549057006836,0.02936352975666523,1.0,0.01188662275671959,0.00014800405600218225,0.00011662268909562457,0.0,0.0,6.44628834614025e-05,-0.00022188938814002301,0.00010613902123968177,0.00012245958824719239,0.0,10520.png,0.0,20.0,0,1,0.6195933231547526,low_mean_prob,0.4375,0.5625,R239-gtfree-bg-channel-seam-prob-editor,0.03632856352999236,0.07212079084881642,val
0.0,0.25,1.0,1.0,0.0,0.0,1.0,1.0,63.788713735268246,1.2797205561652119,1.9303751707077026,0.40730810001870676,0.2557356510844883,0.0,0.0,0.8979840953560594,bg_seed,0.19531813391024574,0.8148558397133083,0.8752799552071668,0.9218974604695735,5134.0,2.0,1.0,0.00031485044603813187,9.0,4.0,3.0,0.13525641025641025,2.0,0.75,0.0,1.0,2.23606797749979,1.5166979488747652,0.02475050836801529,0.7015250325202942,0.030002274364233018,1.3333333333333333,0.017385564744472504,0.0005453574895408764,0.00042983230463083943,0.0,0.0,0.00014505450603430337,-0.000499251123315031,0.00023885169871740164,0.00027558228430524245,0.0,10520.png,0.0,20.0,0,1,0.4323740403353123,low_mean_prob,0.4090909090909091,0.5909090909090909,R239-gtfree-bg-channel-seam-prob-editor,0.03396174156996024,0.06877294423491656,val
0.0,0.25,1.0,1.0,1.0,0.0,2.0,2.0,63.0,0.8566941738241592,1.5,0.3226958472597409,0.19238958344707102,1.0,1.0,0.8875980310362089,bg_seed,0.19399547776568127,0.7979112369452309,0.8969332911792602,0.8784550915508949,6579.0,1.0,2.0,0.00016858786588835268,8.0,2.0,62.0,0.32089151450053705,4.0,0.06451612903225806,0.0,0.875,2.0,1.426776695296637,0.053927622735500336,0.8078432083129883,0.07852870225906372,31.0,0.023365439847111702,0.0005555751446645885,0.00039482562475900984,0.0,0.0,7.404671986621647e-05,-0.0002931077799179227,0.00011966948305364156,0.00015121206940416076,0.0,10618.png,0.0,19.0,0,1,0.10723852340179,low_mean_prob,0.40625,0.59375,R239-gtfree-bg-channel-seam-prob-editor,0.0017446559301293125,0.005132244778835128,val
0.0,0.25,1.0,1.0,1.0,0.0,3.0,3.0,63.0,1.3989557383013524,2.4121320343559645,0.3229114213778897,0.192542854023365,1.0,1.0,0.8876813483661699,bg_seed,0.1936186249057868,0.798045908033906,0.8971034657222363,0.8784550915508949,6579.0,2.0,2.0,0.00035824921501274946,17.0,5.0,62.0,0.33076157292185165,4.0,0.054838709677419356,0.0,0.9411764705882353,2.8284271247461903,1.5958229532054093,0.05563155189156532,0.8143022060394287,0.0806516632437706,12.4,0.03180046007037163,0.0007711492628134087,0.0005480962010529777,0.0,0.0,0.0001573640498271356,-0.0006699606398123947,0.00025434057172868396,0.0003213866123802367,0.0,10618.png,0.0,19.0,0,1,0.09421049728454771,low_mean_prob,0.39285714285714285,0.6071428571428571,R239-gtfree-bg-channel-seam-prob-editor,0.0011829111746392985,0.0028167792632273767,val
0.0,0.25,1.0,1.0,1.0,0.0,1.0,1.0,63.0317380372777,0.9004533688227335,0.9258275270462036,0.3218654084016675,0.19179951954575233,1.0,1.0,0.8874891806492653,bg_seed,0.1942885855455992,0.7977353255469526,0.8967755532139093,0.8783931630988997,6579.0,2.0,1.0,6.322044970813226e-05,3.0,3.0,1.0,0.386001386001386,3.0,1.0,1.0,0.0,1.0,1.0,0.08160675317049026,0.7620915770530701,0.08376664817333221,3.0,0.012940514832735062,-0.00027486371340879057,-0.0001952382765596783,0.0,0.0,-3.4803667077421e-05,0.0,-5.6241915224686245e-05,-6.52589594674069e-06,-6.19284519951524e-05,10618.png,1.0,19.0,1,0,0.9059059787853458,low_mean_prob,0.5,0.5,R239-gtfree-bg-channel-seam-prob-editor,0.0007964333167224466,0.0007964333167224466,val
0.0,0.25,1.0,1.0,1.0,1.0,3.0,2.0,116.9700816448377,1.016579126457838,1.3977277519470153,0.2546838696920263,0.14592420551747579,3.0,-3.0,0.854448410991081,bg_seed,0.3633841886269071,0.7458838337698195,0.8010465496566009,0.915478919565434,7709.0,1.0,1.0,0.00017439452401194603,8.0,36.0,22.0,0.358955938697318,3.0,0.010101010101010102,0.0,1.0,3.0,2.339347080264858,0.0724591538310051,0.6416666507720947,0.09473510086536407,1.6363636363636365,0.02779459021985531,0.0004155468336108914,0.000272771114482262,0.0,0.0,7.947895224613699e-05,-0.0003698566805362957,0.00012112190541269108,0.00013969813173886347,0.0,10624.png,0.0,25.0,0,1,0.017165612806489153,low_mean_prob,0.1875,0.8125,R239-gtfree-bg-channel-seam-prob-editor,0.12612780330081422,0.44509019140115624,val
0.0,0.25,1.0,1.0,1.0,0.0,4.0,4.0,116.9700816448377,1.2605401496621782,2.06874445737258,0.25535281610047966,0.1463635848307919,3.0,-3.0,0.8545974738898839,bg_seed,0.36269070735090153,0.7461110434182202,0.801308615049073,0.915478919565434,7709.0,2.0,2.0,0.0005013842565343448,23.0,100.0,62.0,0.48206782713085233,4.0,0.003709677419354839,0.0,1.0,2.8284271247461903,1.548160820396132,0.06846459209918976,0.6201192736625671,0.09205386340618134,1.6129032258064515,0.02675538882613182,0.0010844932420642772,0.0007121504277983748,0.0,0.0,0.00022854185104903557,-0.0010633379565418433,0.00034833155381341907,0.00040176352421095185,0.0,10624.png,0.0,25.0,0,1,0.0013630516614631274,low_mean_prob,0.4166666666666667,0.5833333333333334,R239-gtfree-bg-channel-seam-prob-editor,0.10301214560497184,0.38795996927823273,val
0.0,0.25,1.0,1.0,1.0,0.0,1.0,1.0,30.0,0.8383883476483185,1.25,0.25423057892132606,0.14562666515503656,3.0,-3.0,0.8544086696666318,bg_seed,0.3637540453074434,0.7458232678995554,0.8009766944995531,0.915478919565434,7709.0,1.0,1.0,8.719726200597301e-05,4.0,2.0,2.0,0.5650969529085873,4.0,1.0,0.0,0.0,2.0,1.3535533905932737,0.07440230250358582,0.49117645621299744,0.08928199335932732,1.0,0.015532342717051506,-3.774393708932955e-05,-2.4769247956968332e-05,0.0,0.0,3.973762779685419e-05,0.0,6.0556035148651155e-05,6.984297469103673e-05,0.0,10624.png,0.0,25.0,1,0,0.0968769256700533,low_mean_prob,0.46875,0.53125,R239-gtfree-bg-channel-seam-prob-editor,0.0015451392869515815,0.0020087358337141418,val
0.0,0.25,1.0,1.0,1.0,0.0,1.0,1.0,30.0,1.4454314973870206,2.25,0.2548457278481013,0.14603048676828922,3.0,-3.0,0.8545477804784444,bg_seed,0.3634304207119741,0.7460352914898369,0.8012212408679533,0.915478919565434,7709.0,2.0,1.0,0.00039238767902687857,18.0,5.0,31.0,0.5773571168547507,4.0,0.11612903225806452,0.0,0.3888888888888889,1.4142135623730951,1.1150593228814154,0.05224181339144707,0.5440086722373962,0.08575779497623444,6.2,0.0634196549654007,0.0005774049896858924,0.0003790523652957012,0.0,0.0,0.00017884843960946917,-0.0003236245954692518,0.00027257962543014713,0.0003143893430912481,0.0,10624.png,0.0,25.0,0,0,0.5969493419513502,low_mean_prob,0.42857142857142855,0.5714285714285714,R239-gtfree-bg-channel-seam-prob-editor,0.0012481672929228762,0.0019877902262787806,val
0.0,0.25,1.0,1.0,1.0,3.0,4.0,1.0,158.0,1.2535138586230237,1.8681422977188267,0.40633245382585753,0.25496688741721857,1.0,1.0,0.8740139102833403,bg_seed,0.19548317046688382,0.7762208772075284,0.856745428921793,0.8919928350928008,17815.0,1.0,1.0,0.0006219019224085895,34.0,3.0,157.0,0.29639962800584563,4.0,0.07218683651804671,0.7058823529411765,0.20588235294117646,4.47213595499958,2.6611142580215064,0.03861529007554054,0.596193790435791,0.06116985492408276,52.333333333333336,0.077494315803051,-0.001301984736416073,-0.001026113457672062,0.0,0.0,-0.00017063646931259058,-0.000304017372421278,-0.0002692164673451236,9.382203697283487e-05,-0.00045733450207707804,11852.png,1.0,19.0,1,0,0.08083241191465014,low_mean_prob,0.17105263157894737,0.8289473684210527,R239-gtfree-bg-channel-seam-prob-editor,0.11301030165069191,0.4306282673080829,val
0.0,0.25,1.0,1.0,1.0,0.0,1.0,1.0,158.0,1.7293639641609408,2.7071067811865475,0.40552654683240147,0.25433257984118707,2.0,2.0,0.873806899901003,bg_seed,0.1951357220412595,0.7758943824324549,0.8568576452487362,0.8914402225694577,17815.0,2.0,1.0,0.0013718424759013004,75.0,5.0,158.0,0.3161931103847121,4.0,0.0949367088607595,0.7066666666666667,0.2,5.0,2.917455856643762,0.03580927476286888,0.6215425133705139,0.055568743497133255,31.6,0.07473203539848328,-0.0021078917298721356,-0.001660421033703563,1.0,1.0,-0.000377646851649871,-0.0006514657980455918,-0.0005957112424186395,0.00020603836391608343,-0.0010099470254202325,11852.png,1.0,19.0,1,0,0.0013647976235845187,low_mean_prob,0.20398009950248755,0.7960199004975125,R239-gtfree-bg-channel-seam-prob-editor,0.11494364420778586,0.372195396310224,val
0.0,0.25,1.0,1.0,1.0,1.0,2.0,1.0,167.6007159889241,1.5480744053147943,2.3163136990691133,0.40810660744031096,0.25636553889082664,1.0,1.0,0.8740708923168864,bg_seed,0.19474484256243213,0.7763107697921677,0.8569780642326144,0.8918594458630283,17815.0,2.0,1.0,0.0010426002816849883,57.0,163.0,42.0,0.3275351114547094,4.0,0.008326029798422436,0.543859649122807,0.42105263157894735,4.123105625617661,2.276139169413406,0.06327193975448608,0.5521156191825867,0.1144815817475319,3.880952380952381,0.06450381129980087,0.0004721688780373601,0.0003725380159360081,0.0,0.0,-0.00011365443576649703,-0.001042345276872969,-0.00017932388270580635,0.00032645734779424007,-0.0005907237318495406,11852.png,1.0,19.0,1,0,0.012824262561860488,low_mean_prob,0.2669683257918552,0.7330316742081447,R239-gtfree-bg-channel-seam-prob-editor,0.0190083270798889,0.031879640606618,val
0.0,0.25,1.0,1.0,1.0,1.0,2.0,1.0,167.6007159889241,1.1689517588590728,1.7498825038001011,0.4088781798804504,0.25697478012697306,1.0,1.0,0.874217065407126,bg_seed,0.19522258414766558,0.776541408245166,0.8568370203655926,0.8923167803651054,17815.0,1.0,1.0,0.0003658246602403468,20.0,160.0,40.0,0.31881041890440387,4.0,0.003125,0.35,0.65,5.830951894845301,2.7307060276171153,0.058748502284288406,0.5382353067398071,0.11501861214637757,4.0,0.05912180244922638,0.0012437413181767831,0.0009817792520824264,0.0,0.0,3.251865447306823e-05,-0.0005646036916395203,5.131457029250441e-05,0.00018541348077250053,-0.0001333892297724626,11852.png,1.0,19.0,1,0,0.005439458139652901,low_mean_prob,0.19827586206896552,0.8017241379310345,R239-gtfree-bg-channel-seam-prob-editor,0.010224699574482974,0.016343338510191208,val
0.0,0.25,1.0,1.0,1.0,2.0,3.0,1.0,75.16648189186454,1.4204483687848688,2.280752497160936,0.4726492996943291,0.30945695680745566,1.0,-1.0,0.9383884428939024,bg_seed,0.1479247206763244,0.8839282472130433,0.9331276114539809,0.943708930198298,13046.0,2.0,1.0,0.00045978773133070234,24.0,61.0,39.0,0.43051546391752576,4.0,0.01008827238335435,1.0,0.0,4.47213595499958,2.5775643341127403,0.04056067392230034,0.7348039150238037,0.06787356063723564,1.564102564102564,0.018970439210534096,-0.0013766743316449004,-0.0011813410648847666,0.0,0.0,-0.0002454900649460079,0.0,-0.0004357456697774431,-3.0747103818229427e-05,-0.00046521545290667543,11945.png,1.0,19.0,1,0,0.37961211763788,low_mean_prob,0.21705426356589147,0.7829457364341085,R239-gtfree-bg-channel-seam-prob-editor,0.002016020939020119,0.0034043188695534153,val
0.0,0.25,1.0,1.0,1.0,1.0,3.0,2.0,119.03780911962383,1.3990635744696673,2.0488408470515185,0.47349210694406424,0.31017992707274794,1.0,-1.0,0.9383577486507325,bg_seed,0.1479247206763244,0.8838737790043212,0.9331237660769393,0.9436507782666848,13046.0,2.0,1.0,0.0005172611977470401,27.0,62.0,98.0,0.366356990557417,4.0,0.004443712969058591,1.0,0.0,3.605551275463989,2.1040557853686512,0.04653099551796913,0.7160494327545166,0.06849080473184586,1.5806451612903225,0.01805812679231167,-0.0005338670819097779,-0.00045837079959248905,0.0,0.0,-0.0002761843081159343,0.0,-0.000490213878499568,-3.4592480859907404e-05,-0.0005233673845199682,11945.png,1.0,19.0,1,0,0.26670931980681317,low_mean_prob,0.2631578947368421,0.7368421052631579,R239-gtfree-bg-channel-seam-prob-editor,0.000619632563770915,0.0010189732278247465,val
0.0,0.25,1.0,1.0,1.0,1.0,2.0,1.0,119.03780911962383,0.9851324809715152,1.4618663012981414,0.47359283625730997,0.3102663873091889,1.0,-1.0,0.9385521155532429,bg_seed,0.1479247206763244,0.8842187443262283,0.9331481126652615,0.9440190738335692,13046.0,1.0,1.0,0.0001532625771102341,8.0,22.0,33.0,0.4135432283858071,4.0,0.011019283746556474,1.0,0.0,3.0,2.0,0.049214087426662445,0.7102941274642944,0.07006841748952866,1.5,0.01586145907640457,-0.0004331377686640492,-0.00037191056315155624,0.0,0.0,-8.181740560553319e-05,0.0,-0.00014524855659248104,-1.0245892537619206e-05,-0.00015507181763552147,11945.png,1.0,19.0,1,0,0.9033574518618432,low_mean_prob,0.25,0.75,R239-gtfree-bg-channel-seam-prob-editor,0.0004969644803979532,0.000590095413815494,val
0.0,0.25,1.0,1.0,0.0,1.0,2.0,1.0,75.16648189186454,1.0333405754049338,1.4093606233596803,0.4737876502582385,0.31043363679923336,1.0,-1.0,0.9385930258327472,bg_seed,0.1479247206763244,0.8842913686045245,0.9331532360041384,0.944096609742387,13046.0,1.0,0.0,7.663128855511705e-05,4.0,2.0,2.0,0.002770083102493075,0.0,1.0,1.0,0.0,3.0,2.4571067811865475,0.03458041697740555,0.7284313440322876,0.04423408433794976,1.0,0.008931796997785568,-0.00023832376773552655,-0.00020466107310707082,0.0,0.0,-4.0907126101275004e-05,0.0,-7.262427829624052e-05,-5.122553660807938e-06,-7.753590881776073e-05,11945.png,1.0,19.0,1,0,0.5385700968611904,low_mean_prob,0.21875,0.78125,R239-gtfree-bg-channel-seam-prob-editor,0.00046411654389599295,0.0004873482970288998,val
0.0,0.25,1.0,1.0,1.0,0.0,2.0,2.0,147.763324272297,1.449320078399265,2.200076448962561,0.46209864283349883,0.3004735256134309,0.0,0.0,0.9494682136814117,bg_seed,0.11905181840629299,0.903797701361006,0.9587615025995264,0.9403533551985828,30585.0,2.0,2.0,0.0003172124347274413,26.0,145.0,18.0,0.15837937384898712,4.0,0.00996168582375479,0.8846153846153846,0.11538461538461539,4.0,1.799202759398648,0.04251162335276604,0.5481146574020386,0.0671837329864502,8.055555555555555,0.04045270383358002,-0.0006291318766060705,-0.0005322215130059149,0.0,0.0,-0.00012877978106096144,-0.0001058238385833743,-0.0002334062732491926,2.3520070611238175e-05,-0.0002753106222019852,12498.png,1.0,19.0,1,0,0.2494831842381374,recall_drop,0.35185185185185186,0.6481481481481481,R239-gtfree-bg-channel-seam-prob-editor,0.31032734666475953,0.8504468495400999,val
0.0,0.25,1.0,1.0,1.0,0.0,2.0,2.0,147.763324272297,1.0018641181756633,1.369099322694497,0.4623363248491982,0.30067454432378127,0.0,0.0,0.9495208285496756,bg_seed,0.11915764224487636,0.9038930560029451,0.9587319406481843,0.9404850254961576,30585.0,1.0,2.0,0.00014640573910497292,12.0,141.0,16.0,0.15145588874402433,4.0,0.005319148936170213,1.0,0.0,3.605551275463989,2.017770845381252,0.029579229652881622,0.570588231086731,0.044138052687048915,8.8125,0.042913857847452164,-0.00039144986090672296,-0.00033120280265552804,0.0,0.0,-7.616491279704984e-05,0.0,-0.00013805163131008769,-6.041880730833782e-06,-0.0001436403246271034,12498.png,1.0,19.0,1,0,0.348323172612229,low_p90_prob,0.25,0.75,R239-gtfree-bg-channel-seam-prob-editor,0.2086900657696721,0.5558900420457068,val
0.0,0.25,1.0,1.0,1.0,0.0,1.0,1.0,31.0,0.25,0.25,0.4623822143698469,0.3007133623785129,0.0,0.0,0.9494890899092991,bg_seed,0.11915764224487636,0.9038355344898992,0.9587294226756318,0.9404251753608963,30585.0,2.0,1.0,0.00020740813039871162,17.0,1.0,29.0,0.5525987525987526,3.0,0.5862068965517241,1.0,0.0,1.0,1.0,0.04451228678226471,0.5319492816925049,0.0792492926120758,29.0,0.014792359434068203,-0.00034556034025801097,-0.00029238474792386837,0.0,0.0,-0.00010790355317347178,0.0,-0.00019557314435603157,-8.55985328340747e-06,-0.0002034904598884335,12498.png,1.0,19.0,1,0,0.06016797125883733,low_mean_prob,0.49557522123893805,0.504424778761062,R239-gtfree-bg-channel-seam-prob-editor,0.0015456282220926592,0.002676018447521654,val
0.0,0.25,1.0,1.0,1.0,0.0,1.0,1.0,31.0,0.25,0.25,0.4624953993375046,0.30080911571791064,0.0,0.0,0.9495462180811852,bg_seed,0.11915764224487636,0.9039390732133818,0.9587339548050173,0.9405329056043666,30585.0,1.0,1.0,9.760382606998194e-05,8.0,1.0,29.0,0.5488565488565489,3.0,0.27586206896551724,1.0,0.0,1.0,1.0,0.06064016744494438,0.5343137979507446,0.08412768319249153,29.0,0.019286582246422768,-0.00023237537260029084,-0.00019663140852616,0.0,0.0,-5.077538128739345e-05,0.0,-9.203442087335478e-05,-4.027723897848112e-06,-9.576021641810595e-05,12498.png,1.0,19.0,1,0,0.1082653429978689,low_mean_prob,0.4878048780487805,0.5121951219512195,R239-gtfree-bg-channel-seam-prob-editor,0.0013699743833078763,0.00176549887933695,val
0.0,0.25,1.0,1.0,1.0,1.0,3.0,2.0,55.44366510251645,1.3828294342175154,2.0374407530734375,0.49811880059286284,0.3316632505883246,1.0,1.0,0.9166966534724721,bg_seed,0.12725114815005933,0.8462049493439628,0.9247103663147705,0.9088206439337634,9928.0,2.0,1.0,0.0004837490551776266,16.0,5.0,9.0,0.5035230352303524,3.0,0.35555555555555557,0.125,0.875,3.605551275463989,2.041296947664034,0.036443572491407394,0.5808823704719543,0.05625857785344124,1.8,0.02327786199748516,0.0016867631435278918,0.0014939135088196664,0.0,0.0,0.00015989846587660672,-0.0007224314980133206,0.0002724645625572508,0.00038685913412050965,-5.9458334572104476e-05,12627.png,1.0,19.0,1,0,0.2149417344417282,low_mean_prob,0.2916666666666667,0.7083333333333334,R239-gtfree-bg-channel-seam-prob-editor,0.003194777867670679,0.0045186277043103695,val
0.0,0.25,1.0,1.0,1.0,2.0,3.0,1.0,127.5617497528158,1.078185746981701,1.5022738329309182,0.49675213675213675,0.33045258130543553,1.0,1.0,0.9165817091454272,bg_seed,0.1275607616492079,0.8460090778257501,0.9245380032060007,0.9087611855991914,9928.0,1.0,1.0,0.00036281179138321996,12.0,39.0,44.0,0.4915,4.0,0.006993006993006993,0.3333333333333333,0.6666666666666666,4.0,2.556709666705135,0.044567834585905075,0.6624183654785156,0.09220180660486223,1.1282051282051282,0.03163526952266693,0.00032009930280180177,0.00028324422593062337,0.0,0.0,4.4954138831765356e-05,-0.0004128179988647507,7.659304434448622e-05,0.00021449602535061896,-0.00011891666914409793,12627.png,1.0,19.0,1,0,0.29716552793396045,low_mean_prob,0.17708333333333334,0.8229166666666666,R239-gtfree-bg-channel-seam-prob-editor,0.0008066713197381684,0.0013085651966285989,val
0.0,0.25,1.0,1.0,1.0,0.0,1.0,1.0,55.44366510251645,0.8349159769713879,1.2304616540670397,0.49666191155492156,0.3303727321035451,1.0,1.0,0.9165917131378545,bg_seed,0.1277671706486403,0.8460261235333185,0.9244353058570953,0.9088801022683355,9928.0,1.0,1.0,0.00012093726379440664,4.0,2.0,2.0,0.5221606648199446,3.0,1.0,0.0,1.0,2.0,1.5,0.03633294999599457,0.5696078538894653,0.05418782345950603,1.0,0.008931796997785568,0.0002298741055866138,0.00020339502404020937,0.0,0.0,5.495813125899751e-05,-0.00020640899943236146,9.363875191292781e-05,0.00011179867644528496,0.0,12627.png,0.0,19.0,0,1,0.4270081093780181,low_mean_prob,0.375,0.625,R239-gtfree-bg-channel-seam-prob-editor,0.0006594919834533871,0.0009736271337242651,val
0.0,0.25,1.0,1.0,1.0,1.0,3.0,2.0,127.5617497528158,1.4382563202548666,2.190692703966154,0.49783845278725825,0.3314147228112693,1.0,1.0,0.9166491643913709,bg_seed,0.12627070540275556,0.8461240202730772,0.9251991157142424,0.908255789755329,9928.0,2.0,1.0,0.0016326530612244899,54.0,81.0,95.0,0.4546225614927905,4.0,0.007017543859649123,0.3888888888888889,0.6111111111111112,3.605551275463989,1.857723652023641,0.04612407460808754,0.6315905451774597,0.07573957815766336,1.1728395061728396,0.07657355815172195,0.0014064153379232947,0.0012453857317644146,0.0,0.0,0.00011240938477541373,-0.001702874245317093,0.00019153549167161277,0.0008756085335923647,-0.0006243125130065419,12627.png,1.0,19.0,1,0,0.22587573625156296,low_mean_prob,0.34309623430962344,0.6569037656903766,R239-gtfree-bg-channel-seam-prob-editor,0.0006390154590201423,0.0008939164511989392,val
1.0,0.25,25513.0,847.0,1.0,0.0,2.0,2.0,43.39956372853877,38.41179921802959,39.01184005574678,0.3778056283468155,0.23289787891557803,2.0,2.0,0.9258756376962523,bg_component,0.21685997585159708,0.8619817873886257,0.9183217185518351,0.9335548614341729,31914.0,1.0,2.0,0.0002875629043853343,22.0,5.0,38.0,0.1865524060646012,3.0,0.11578947368421053,0.0,1.0,3.1622776601683795,2.004719412031891,0.06940880417823792,0.593761146068573,0.08597159832715989,7.6,0.046289898455142975,0.001745702113878922,0.001325339812833809,0.0,0.0,0.00013423793350020308,-0.0008049467637481211,0.00023267078085187354,0.00026407526054694763,0.0,12827.png,0.0,20.0,0,1,0.11091890511015463,accepted,0.20652173913043478,0.7934782608695652,R239-gtfree-bg-channel-seam-prob-editor,0.5667983226541842,0.9884055879187964,val
0.0,0.25,25513.0,847.0,1.0,0.0,2.0,2.0,43.39956372853877,38.56116455064322,39.048724283866626,0.3781034090046314,0.233124239303436,2.0,2.0,0.9258971181480212,bg_component,0.21660385642676813,0.8620190242405645,0.9184025734572987,0.9335149863760218,31914.0,2.0,2.0,0.00041827331546957715,32.0,8.0,38.0,0.18611793611793612,3.0,0.10526315789473684,0.09375,0.90625,3.605551275463989,2.162249497434901,0.06495893746614456,0.6047794818878174,0.08597159832715989,4.75,0.047866176813840866,0.0020434827716948045,0.0015517002006917857,0.0,0.0,0.0001557183852691768,-0.00106106618857707,0.0002699076327906669,0.0003449301660105597,-3.987505815106207e-05,12827.png,1.0,20.0,1,0,0.06665397546647567,recall_drop,0.18518518518518517,0.8148148148148148,R239-gtfree-bg-channel-seam-prob-editor,0.49464241253116514,0.9844820762171003,val
0.0,0.25,25513.0,38.0,0.0,-1.0,2.0,3.0,58.213039953131066,3.0214983674153264,3.5202252318983076,0.3759884428223844,0.23151832950980852,2.0,2.0,0.925720160540936,bg_component,0.2176649226153452,0.861712308598351,0.9180544299495438,0.9335149863760218,31914.0,2.0,2.0,3.921312332527286e-05,3.0,2.0,2.0,0.12049861495844875,2.0,0.75,1.0,0.0,1.4142135623730951,1.1380711874576983,0.029703199863433838,0.5189542770385742,0.04559546709060669,1.0,0.004891055170446634,-7.148341055218665e-05,-5.4209592935700046e-05,0.0,0.0,-2.123922181607174e-05,0.0,-3.6808009422850674e-05,-3.2133417443569456e-06,-3.987505815106207e-05,12827.png,1.0,20.0,1,0,0.7015487671890123,recall_drop,0.25,0.75,R239-gtfree-bg-channel-seam-prob-editor,0.9962416186813927,0.9966934483122583,val
0.0,0.25,1.0,1.0,1.0,0.0,1.0,1.0,25.96150997149434,0.7571865196029345,1.05889093875885,0.5318426831702935,0.36225183573565406,0.0,0.0,0.9052864196678292,bg_seed,0.06037894736842105,0.8269618975523593,0.9481411832778822,0.8661380905186653,2342.0,1.0,1.0,0.00043377674956622325,6.0,7.0,21.0,0.6576907384740922,4.0,0.04081632653061224,0.0,1.0,1.0,1.0,0.061512261629104614,0.5424836277961731,0.08337974920868874,3.0,0.008961639367043972,0.0013853234738684383,0.0012841814817807218,0.0,0.0,0.00018751401657091105,-0.0005052631578947378,0.0003128875889338856,0.00041128160061210117,0.0,13220.png,0.0,22.0,0,1,0.5191776167506839,low_mean_prob,0.484375,0.515625,R239-gtfree-bg-channel-seam-prob-editor,0.0015251200739290769,0.002183246478791288,val
0.0,0.25,1.0,1.0,1.0,0.0,1.0,1.0,25.96150997149434,1.0286285525986127,1.6443886399269108,0.5328408864044719,0.3631786637637774,0.0,0.0,0.9055365592512002,bg_seed,0.059705263157894733,0.8273794496339308,0.9486901143436098,0.8661380905186653,2342.0,2.0,1.0,0.0010121457489878543,14.0,8.0,25.0,0.6456780923994039,4.0,0.07,0.0,1.0,1.0,1.0,0.07606527954339981,0.5436974763870239,0.1113474912941456,3.125,0.01115183625370264,0.002383526708046868,0.0022110095099040494,0.0,0.0,0.0004376535999419673,-0.0011789473684210572,0.0007304396705054561,0.0009602126663397215,0.0,13220.png,0.0,22.0,0,1,0.6088952049801911,low_mean_prob,0.4895833333333333,0.5104166666666666,R239-gtfree-bg-channel-seam-prob-editor,0.0014943657353006818,0.002183246478791288,val
0.0,0.25,1.0,1.0,1.0,0.0,2.0,2.0,63.387695966961914,0.6261491663753986,0.91262286901474,0.5276502295867439,0.3583728813559322,0.0,0.0,0.9045101088646967,bg_seed,0.06012631578947369,0.8256672345258376,0.9482608695652174,0.8646184340931615,2342.0,2.0,1.0,0.002313475997686524,32.0,7.0,61.0,0.5509470151042916,4.0,0.07494145199063232,0.71875,0.28125,1.0,1.0,0.10846357047557831,0.5529412031173706,0.13809485733509064,8.714285714285714,0.02588309533894062,-0.002807130109681144,-0.0025947728979411333,0.0,0.0,-0.0005887967865615407,-0.0007578947368421032,-0.0009817754375878174,0.0005309678879472646,-0.0015196564255037792,13220.png,1.0,22.0,1,0,0.8674814699618414,low_mean_prob,0.483695652173913,0.5163043478260869,R239-gtfree-bg-channel-seam-prob-editor,0.0008518497751366342,0.001647523111654129,val
0.0,0.25,1.0,1.0,1.0,0.0,1.0,1.0,63.387695966961914,0.5260619583229224,0.7911508530378342,0.5288365595689483,0.35946825827455237,0.0,0.0,0.9046451390088067,bg_seed,0.06088421052631579,0.8258922941102282,0.947684515195369,0.8653452262966633,2342.0,1.0,1.0,0.0008675534991324465,12.0,2.0,15.0,0.48761609907120745,3.0,0.4,1.0,0.0,1.0,1.0,0.11795154213905334,0.545098066329956,0.14935675114393235,7.5,0.019077803939580917,-0.0016208001274767847,-0.0014993959793209721,0.0,0.0,-0.0004537666424515585,0.0,-0.000756715853197143,-4.538648190111072e-05,-0.0007928642220019766,13220.png,1.0,22.0,1,0,0.8779587110386992,low_mean_prob,0.4523809523809524,0.5476190476190477,R239-gtfree-bg-channel-seam-prob-editor,0.0007201294717566619,0.0006606026180371348,val
0.0,0.25,1.0,1.0,1.0,2.0,4.0,2.0,161.82088863926066,1.3377145814392355,1.995468877393128,0.3620963472736898,0.22107304460245636,0.0,0.0,0.916235136171845,bg_seed,0.16284825077805692,0.8454187497234881,0.9284326110193373,0.9043539990534785,16552.0,1.0,1.0,0.00040472066179922617,25.0,93.0,127.0,0.35359299947686307,4.0,0.002116670900008467,1.0,0.0,5.830951894845301,3.459367581404601,0.04088568687438965,0.5932549238204956,0.05697437226772309,1.3655913978494623,0.03469681739807129,-0.001005453534836498,-0.0007500357747326769,0.0,0.0,-0.00021647415405523507,0.0,-0.0003686826232505158,-2.896480103153909e-05,-0.00039438397223534594,13436.png,1.0,20.0,1,0,0.011844424188030387,low_mean_prob,0.14473684210526316,0.8552631578947368,R239-gtfree-bg-channel-seam-prob-editor,0.01631079833709489,0.044276845920239546,val
0.0,0.25,1.0,1.0,1.0,2.0,5.0,3.0,161.82088863926066,1.5468833612458959,2.3183741487443017,0.3617489008304836,0.2208140748471746,0.0,0.0,0.916027849497606,bg_seed,0.1626232704638344,0.8450658525433978,0.9284892482701625,0.9038965136456855,16552.0,2.0,1.0,0.0009713295883181428,60.0,96.0,131.0,0.3551986935220468,4.0,0.004770992366412214,0.9,0.1,4.47213595499958,2.2708510193455442,0.046790268272161484,0.5879737734794617,0.08533625677227974,1.3645833333333333,0.04034241661429405,-0.0013528999780426654,-0.0010090055300144285,0.0,0.0,-0.00042376082829431727,-0.00022498031422252263,-0.000721579803340755,2.7672449793736398e-05,-0.0008518693800283472,13436.png,1.0,20.0,1,0,0.07300146059897622,low_mean_prob,0.3067226890756303,0.6932773109243697,R239-gtfree-bg-channel-seam-prob-editor,0.00177467695706086,0.0025125803332655154,val
0.0,0.25,1.0,1.0,1.0,2.0,3.0,1.0,105.55093557141026,1.5450686683072712,2.2598371481985793,0.3625545095162408,0.22141470456468715,0.0,0.0,0.9163090643204757,bg_seed,0.16273576062094566,0.8455446420670737,0.9284846718165476,0.904448651206815,16552.0,2.0,1.0,0.000356154182383319,22.0,95.0,47.0,0.3791961740090132,4.0,0.004927211646136618,0.8636363636363636,0.13636363636363635,6.0,3.2915551619260497,0.0420498326420784,0.5852050185203552,0.06062352918088438,2.021276595744681,0.027141926810145378,-0.0005472912922854789,-0.0004083758125018877,0.0,0.0,-0.00014254600542462637,-0.00011249015711126131,-0.00024279027966489508,2.309599617877911e-05,-0.0002997318188988629,13436.png,1.0,20.0,1,0,0.014898682775991755,low_mean_prob,0.21641791044776118,0.7835820895522388,R239-gtfree-bg-channel-seam-prob-editor,0.0005769967627742548,0.0009409743876748947,val
0.0,0.25,1.0,1.0,1.0,1.0,2.0,1.0,105.55093557141026,1.221319802571088,1.8267991483211516,0.36299106596499814,0.22174043062200957,0.0,0.0,0.9163983284459821,bg_seed,0.16281075405901985,0.8456966729589429,0.9284685005585869,0.9046379555134879,16552.0,1.0,1.0,0.00012951061177575237,8.0,90.0,44.0,0.37311507936507937,4.0,0.00202020202020202,0.875,0.125,5.0,3.0,0.02422928251326084,0.5901961326599121,0.04071295075118542,2.0454545454545454,0.02409452013671398,-0.00011073484352813745,-8.264975517946471e-05,0.0,0.0,-5.328187991815447e-05,-3.749671903707785e-05,-9.075938779568027e-05,6.924738218061499e-06,-0.00011042751222589686,13436.png,1.0,20.0,1,0,0.025129014143604265,low_mean_prob,0.171875,0.828125,R239-gtfree-bg-channel-seam-prob-editor,0.00032858255952420584,0.00046845870378359536,val
0.0,0.25,1.0,1.0,1.0,0.0,1.0,1.0,47.92702786528704,0.7887575015576256,1.0840245962594666,0.48567026194144836,0.3207163207163207,0.0,0.0,0.9162307316732928,bg_seed,0.06498840675720437,0.8454112498391041,0.951516322194321,0.8834685916692822,3938.0,1.0,1.0,0.0002896591677126581,6.0,41.0,19.0,0.41605667060212514,4.0,0.007702182284980745,0.5,0.5,2.0,1.4023689270621826,0.02794312685728073,0.7509803771972656,0.03568446822464466,2.1578947368421053,0.016444111242890358,0.0005553460074671501,0.00048416513134974526,0.0,0.0,-1.1684115813759277e-05,-0.00019874130506790377,-1.9895592041296872e-05,0.00013078584209547106,-0.00013451105232475946,13441.png,1.0,19.0,1,0,0.619979518066331,low_mean_prob,0.34375,0.65625,R239-gtfree-bg-channel-seam-prob-editor,0.0015408647000830526,0.0035985674130475237,val
0.0,0.25,1.0,1.0,1.0,0.0,1.0,1.0,58.0,1.5602336713607472,2.5,0.486857319047252,0.3217524197656648,0.0,0.0,0.9164767706831605,bg_seed,0.06445842994368996,0.8458302931456285,0.9518910302854658,0.8836031027216069,3938.0,2.0,1.0,0.0005310418074732066,11.0,5.0,3.0,0.28267667292057536,3.0,0.7333333333333333,0.0,1.0,2.23606797749979,1.5136619581702624,0.031855326145887375,0.7550802230834961,0.037712886929512024,1.6666666666666667,0.023491570726037025,0.0017424031132707851,0.0015202641806938422,0.0,0.0,0.00023435489405387866,-0.0007287181185823138,0.0003991477144831279,0.0005054939332402864,0.0,13441.png,0.0,19.0,0,1,0.7346028312876327,low_mean_prob,0.4166666666666667,0.5833333333333334,R239-gtfree-bg-channel-seam-prob-editor,0.0016535981881265142,0.0030981420731606662,val
0.0,0.25,1.0,1.0,1.0,0.0,1.0,1.0,47.92702786528704,1.1759385544659149,2.0187390137441508,0.48539499036608863,0.32047628740077344,0.0,0.0,0.9162403497349084,bg_seed,0.06472341835044716,0.8454276273441188,0.9516931549200521,0.8833340806169574,3938.0,2.0,1.0,0.0006275948633774258,13.0,44.0,21.0,0.41096491228070176,4.0,0.01406926406926407,0.46153846153846156,0.5384615384615384,2.0,1.1406482403650917,0.02931777574121952,0.7351433038711548,0.037126516550779344,2.0952380952380953,0.01363819558173418,0.00028007443210742444,0.0002441318158024619,0.0,0.0,-2.066054198168743e-06,-0.0004637297118251088,-3.51808702658829e-06,0.00030761856782657304,-0.0002690221046495189,13441.png,1.0,19.0,1,0,0.677560114688759,low_mean_prob,0.42696629213483145,0.5730337078651685,R239-gtfree-bg-channel-seam-prob-editor,0.0012107168417619626,0.003029937874421895,val
0.0,0.25,1.0,1.0,1.0,0.0,1.0,1.0,58.0,1.0687617308280368,1.5295084971874737,0.48624489481390154,0.3212176746080228,0.0,0.0,0.9163702308711725,bg_seed,0.06478966545213646,0.845648815653965,0.9516611937415491,0.8836031027216069,3938.0,1.0,1.0,0.0002896591677126581,6.0,3.0,2.0,0.2793522267206478,3.0,1.0,0.0,1.0,2.23606797749979,1.608380256645481,0.0339067243039608,0.7653594017028809,0.03789042308926582,1.5,0.02055448852479458,0.0011299788799203347,0.0009855190230518285,0.0,0.0,0.00012781508206594072,-0.00039748261013580755,0.00021767022281959925,0.0002756573893235581,0.0,13441.png,0.0,19.0,0,1,0.7857054690687232,low_mean_prob,0.3055555555555556,0.6944444444444444,R239-gtfree-bg-channel-seam-prob-editor,0.0012440419795835581,0.002130898741473224,val
0.0,0.25,1.0,1.0,1.0,0.0,1.0,1.0,58.18934610390462,1.1504493832663483,1.8062047958374023,0.4475407551901909,0.2882785855322204,0.0,0.0,0.9070039915006851,bg_seed,0.11047407681400653,0.8298328488372093,0.9267134683277198,0.8881154235047056,4349.0,2.0,1.0,0.0004867166903265058,12.0,21.0,54.0,0.48635477582846004,4.0,0.010582010582010581,0.3333333333333333,0.6666666666666666,2.0,1.4511844635310913,0.03983926773071289,0.5856208801269531,0.05269096642732621,2.5714285714285716,0.015549511648714542,0.0010200467813218372,0.0008459104873371204,0.0,0.0,5.725839103432051e-05,-0.0004931878429196707,9.585377763365877e-05,0.00028880801540998036,-0.00015555728396976498,13454.png,1.0,21.0,1,0,0.5877480481857897,low_mean_prob,0.3888888888888889,0.6111111111111112,R239-gtfree-bg-channel-seam-prob-editor,0.0006008204556379094,0.0006625426235913219,val
0.0,0.25,1.0,1.0,1.0,0.0,1.0,1.0,58.18934610390462,0.7815162996601633,0.9376426816438354,0.4469063545150502,0.28775235531628535,0.0,0.0,0.9069356472013185,bg_seed,0.11078231921583133,0.8297184377838329,0.9265284595723965,0.888154312825698,4349.0,1.0,1.0,0.0002433583451632529,6.0,20.0,54.0,0.48908730158730157,4.0,0.005555555555555556,0.5,0.5,2.0,1.235702260395516,0.04271137714385986,0.5790849328041077,0.050820423290133476,2.7,0.013709918595850468,0.0003856461061811367,0.00031968027140205635,0.0,0.0,-1.1085908332320038e-05,-0.00018494544109487476,-1.855727574273658e-05,0.00010379926008663443,-0.00011666796297737925,13454.png,1.0,21.0,1,0,0.7786796806138587,low_mean_prob,0.375,0.625,R239-gtfree-bg-channel-seam-prob-editor,0.0005598032897668799,0.0006486327500015859,val
0.0,0.25,1.0,1.0,1.0,0.0,1.0,1.0,50.00999900019995,0.7983459916417516,1.2615939259980835,0.44630287824935533,0.2872521754732215,0.0,0.0,0.9068562238151023,bg_seed,0.11090561617656125,0.8295854978748138,0.9264473203781086,0.8880765341837131,4349.0,1.0,1.0,0.0002433583451632529,6.0,2.0,48.0,0.5507518796992481,4.0,0.0625,0.8333333333333334,0.16666666666666666,1.4142135623730951,1.2071067811865475,0.03957153484225273,0.5816993713378906,0.050820423290133476,24.0,0.012332000769674778,-0.00021783015951371,-0.0001804995716617741,0.0,0.0,-9.050929454845758e-05,-6.164848036495363e-05,-0.0001514971847618174,2.2660065798763007e-05,-0.00019444660496226174,13454.png,1.0,21.0,1,0,0.7009437290288516,low_mean_prob,0.34375,0.65625,R239-gtfree-bg-channel-seam-prob-editor,0.0004845829825732908,0.0006486327500015859,val
0.0,0.25,1.0,1.0,1.0,0.0,1.0,1.0,50.00999900019995,1.2827409496408326,2.197955343732332,0.4453886876567289,0.28649520566358994,0.0,0.0,0.906631710659596,bg_seed,0.11078231921583133,0.8292098092643052,0.926486705906231,0.8876098623318037,4349.0,2.0,1.0,0.0008111944838775097,20.0,4.0,49.0,0.565,4.0,0.10204081632653061,0.85,0.15,3.605551275463989,1.935586182351559,0.031385745853185654,0.5974509716033936,0.04058538228273392,12.25,0.019182642921805382,-0.0011320207521401393,-0.0009374693812933543,0.0,0.0,-0.00031502245005476937,-0.00018494544109487476,-0.0005271857952704462,6.204559392108955e-05,-0.0006611184568716677,13454.png,1.0,21.0,1,0,0.18103529353196682,low_mean_prob,0.36904761904761907,0.6309523809523809,R239-gtfree-bg-channel-seam-prob-editor,0.0004740257023211244,0.00063472287641185,val
0.0,0.25,1.0,1.0,1.0,0.0,1.0,1.0,98.6154146165801,1.431103346990364,2.084363529781538,0.456535098085559,0.2957858630405488,1.0,-1.0,0.9246860226834662,bg_seed,0.1054553264604811,0.8599218853185909,0.9488268482085233,0.9017431392334936,13943.0,2.0,1.0,0.0002497658445207618,12.0,4.0,4.0,0.453125,3.0,0.75,0.5833333333333334,0.4166666666666667,3.1622776601683795,1.877825712648302,0.04927557706832886,0.5598039627075195,0.06070883609354496,1.0,0.023860683664679527,0.00025701816122697396,0.0002157386609152323,0.0,0.0,-2.945415908750526e-05,-0.00021477663230240474,-5.0946920485350766e-05,9.12877964096559e-05,-0.00013850141469307076,13480.png,1.0,21.0,1,0,0.583672995116899,low_mean_prob,0.3333333333333333,0.6666666666666666,R239-gtfree-bg-channel-seam-prob-editor,0.04428653175288446,0.1175768176434157,val
0.0,0.25,1.0,1.0,1.0,0.0,1.0,1.0,98.6154146165801,0.8770374110164494,1.197333281067295,0.45657826313052524,0.29582210242587603,1.0,-1.0,0.9247124221460307,bg_seed,0.10558419243986254,0.8599675483944003,0.9487729231281614,0.9018420688154172,13943.0,1.0,1.0,8.32552815069206e-05,4.0,2.0,2.0,0.45429362880886426,3.0,1.0,0.5,0.5,2.23606797749979,1.6625703849682212,0.0556352473795414,0.5588235855102539,0.059856126084923744,1.0,0.0158083476126194,0.00030018320619323857,0.00025197804624244036,0.0,0.0,-3.0546965230637824e-06,-8.59106529209619e-05,-5.28384467601839e-06,3.736271604781738e-05,-3.957183276948051e-05,13480.png,1.0,21.0,1,0,0.9034731873900276,low_mean_prob,0.25,0.75,R239-gtfree-bg-channel-seam-prob-editor,0.022583737688873316,0.060408858346021,val
0.0,0.25,1.0,1.0,1.0,1.0,2.0,1.0,75.66372975210778,1.3476249884145375,1.907347834530806,0.4554212315829241,0.2948514124984713,1.0,-1.0,0.9245736662169154,bg_seed,0.1056701030927835,0.8597275677307373,0.9487216855429713,0.9016244237351853,13943.0,1.0,1.0,0.00027057966489749195,13.0,5.0,8.0,0.4113082039911308,3.0,0.325,1.0,0.0,5.830951894845301,3.4670067700820058,0.0321497842669487,0.5891402959823608,0.044520625472068795,1.6,0.027263041585683823,-0.0008568483414079231,-0.0007187118811622928,0.0,0.0,-0.0001418106256383389,0.0,-0.0002452645083389493,-1.3874869142282975e-05,-0.00025721691300140126,13480.png,1.0,21.0,1,0,0.03468737808463653,low_mean_prob,0.17647058823529413,0.8235294117647058,R239-gtfree-bg-channel-seam-prob-editor,0.07827393307216687,0.0070561378324805555,val
0.0,0.25,1.0,1.0,1.0,2.0,3.0,1.0,75.66372975210778,1.6876632870843373,2.5457857184057486,0.4540270512276733,0.2936836971101085,1.0,-1.0,0.9242353514237583,bg_seed,0.1056701030927835,0.859142706210852,0.9486885689881461,0.9010110603272591,13943.0,2.0,1.0,0.0009158080965761266,44.0,36.0,61.0,0.43427835051546393,4.0,0.020036429872495445,1.0,0.0,5.385164807134504,3.220675215764985,0.031846269965171814,0.5734402537345886,0.046712434664368634,1.6944444444444444,0.02393973246216774,-0.002251028696658719,-0.0018864272695250928,0.0,0.0,-0.00048012541879538517,0.0,-0.0008301260282242984,-4.699142396746847e-05,-0.000870580320927572,13480.png,1.0,21.0,1,0,0.06631684249243577,low_mean_prob,0.18309859154929578,0.8169014084507042,R239-gtfree-bg-channel-seam-prob-editor,0.0028911098381858066,0.004912256057648497,val
0.0,0.25,1.0,1.0,1.0,0.0,1.0,1.0,33.60059523282288,0.8660518266260624,1.1374863296747209,0.26278695126862667,0.15126927089370582,0.0,0.0,0.7885072206930357,bg_seed,0.38031537916371366,0.6508558979147214,0.6905296526218465,0.9188856665787855,3063.0,1.0,1.0,0.00026409613099168095,4.0,2.0,2.0,0.5353185595567868,3.0,1.0,1.0,0.0,2.0,1.5,0.024806750938296318,0.4490196108818054,0.03232058305293322,1.0,0.007069707848131657,-0.0001853409228090852,-0.0001228404752036949,0.0,0.0,-0.00018269448132812727,0.0,-0.00024898848428267506,-8.172992139920954e-05,-0.0003515247385534881,13517.png,1.0,20.0,1,0,0.5539223383158807,low_mean_prob,0.40625,0.59375,R239-gtfree-bg-channel-seam-prob-editor,0.006170368712517099,0.012720823731414282,val
0.0,0.25,1.0,1.0,1.0,0.0,1.0,1.0,33.60059523282288,1.123509902611633,1.673772406578064,0.2625754527162978,0.15112912565141864,0.0,0.0,0.7888344021124104,bg_seed,0.38031537916371366,0.6513018562352062,0.6910316568633931,0.9188856665787855,3063.0,2.0,1.0,0.0009903604912188037,15.0,21.0,25.0,0.5349439171699741,4.0,0.02857142857142857,0.26666666666666666,0.0,2.23606797749979,1.510018769324859,0.03928445279598236,0.42457515001296997,0.05416263043880463,1.1904761904761905,0.019917381927371025,-0.0003968394751379667,-0.00026298571749086563,0.0,0.0,0.00014448693804658408,0.0,0.00019696983620209885,0.00042027432014735133,-0.0003515247385534881,13517.png,1.0,20.0,1,0,0.26024091812401423,low_mean_prob,0.4125,0.5875,R239-gtfree-bg-channel-seam-prob-editor,0.0034690305641419963,0.007541081759160267,val
0.0,0.25,1.0,1.0,1.0,0.0,1.0,1.0,58.52349955359813,1.1661401882767677,1.6796576619148254,0.2627604953186349,0.15125173852573018,0.0,0.0,0.7889873656420894,bg_seed,0.38031537916371366,0.6515104328869511,0.6910676532769556,0.9192371913173389,3063.0,2.0,1.0,0.0006602403274792025,10.0,5.0,2.0,0.4473684210526316,3.0,1.0,0.0,0.0,2.0,1.5,0.04589029401540756,0.4078431725502014,0.055767979845404624,2.5,0.0156862735748291,-0.00021179687280087345,-0.00014037284317933163,0.0,0.0,0.0002974504677255574,0.0,0.000405546487946995,0.000456270733709907,0.0,13517.png,0.0,20.0,1,0,0.5887873300764518,low_mean_prob,0.4090909090909091,0.5909090909090909,R239-gtfree-bg-channel-seam-prob-editor,0.00362992596382411,0.006145381012544132,val
0.0,0.25,1.0,1.0,1.0,0.0,1.0,1.0,58.52349955359813,0.7936342097818851,1.0726023674011231,0.2627604953186349,0.15125173852573018,0.0,0.0,0.7888088684438747,bg_seed,0.38031537916371366,0.6512670443932508,0.6907938185180293,0.9192371913173389,3063.0,1.0,1.0,0.00026409613099168095,4.0,2.0,2.0,0.44321329639889195,3.0,1.0,0.0,0.0,2.0,1.5,0.04612252116203308,0.40980392694473267,0.056498213484883306,1.0,0.015061069279909134,-0.00021179687280087345,-0.00014037284317933163,0.0,0.0,0.00011895326951083529,0.0,0.0001621579942466811,0.0001824359747836235,0.0,13517.png,0.0,20.0,1,0,0.6601264878020908,low_mean_prob,0.375,0.625,R239-gtfree-bg-channel-seam-prob-editor,0.0035741318257261345,0.006089586874446156,val
0.0,0.25,1.0,1.0,1.0,0.0,2.0,2.0,76.00657866263946,1.487626117762024,2.583644187540753,0.2639881685974858,0.15206588101661223,1.0,-1.0,0.8735328410415857,bg_seed,0.31781547436291063,0.7754623240408501,0.8442852849844736,0.9048794889688121,9344.0,2.0,2.0,0.0002670494375271222,16.0,4.0,76.0,0.19129464285714284,3.0,0.05263157894736842,0.625,0.375,2.8284271247461903,1.7107269307257027,0.0356147326529026,0.45588237047195435,0.04994530230760574,19.0,0.013478163629770279,-0.0007491494983786762,-0.0004973711391728641,0.0,0.0,-5.2015738580268867e-05,-0.00023027325759905626,-8.198752002075427e-05,5.856001201309802e-05,-0.00017893248877198786,13840.png,1.0,20.0,1,0,0.3463525627676477,low_mean_prob,0.375,0.625,R239-gtfree-bg-channel-seam-prob-editor,0.0037719497242791797,0.007062001606483928,val
0.0,0.25,1.0,1.0,1.0,0.0,2.0,2.0,76.00657866263946,0.7099421774027889,1.3403331697890593,0.2645741752598496,0.15245490270347048,1.0,-1.0,0.8735783064899175,bg_seed,0.31793061099171016,0.7755339865372526,0.8442612005074448,0.9050047417109525,9344.0,1.0,2.0,0.00010014353907267083,6.0,2.0,75.0,0.18658131816026552,3.0,0.04,0.5,0.5,2.0,1.4714045207910316,0.035070955753326416,0.4555555284023285,0.04829603619873524,37.5,0.014033273793756962,-0.00016314283601487345,-0.00010834945231461002,0.0,0.0,-6.550290248430457e-06,-0.00011513662879952813,-1.0325023618307227e-05,3.447553498425737e-05,-5.3679746631618563e-05,13840.png,1.0,20.0,1,0,0.5365908119562709,low_mean_prob,0.296875,0.703125,R239-gtfree-bg-channel-seam-prob-editor,0.003638587948790239,0.005865878298877775,val
0.0,0.25,1.0,1.0,1.0,0.0,1.0,1.0,54.45181356024793,1.521072419514571,2.0150447297819007,0.265033499116281,0.1527600094764274,1.0,-1.0,0.8736074889030898,bg_seed,0.31793061099171016,0.7755799868132542,0.8442689990152059,0.9050584214575841,9344.0,2.0,1.0,5.007176953633541e-05,3.0,2.0,2.0,0.36634349030470914,3.0,0.75,0.0,1.0,1.4142135623730951,1.1380711874576983,0.029973844066262245,0.4588235318660736,0.031213756650686264,1.0,0.006403894163668156,0.0002961810204165083,0.0001967573206423101,0.0,0.0,2.2632122923860187e-05,-0.00011513662879952813,3.567525238334923e-05,4.227404274537161e-05,0.0,13840.png,0.0,20.0,0,1,0.7348942390265881,low_mean_prob,0.4375,0.5625,R239-gtfree-bg-channel-seam-prob-editor,0.0012969215363807104,0.002489145075135341,val
1.0,0.25,1.0,1.0,1.0,0.0,2.0,2.0,91.83681179135085,0.7575989166500527,1.2915972828865052,0.2767089643880475,0.16057007125890738,4.0,-4.0,0.8649352298704598,bg_seed,0.2724214291797973,0.7620139860139861,0.8490130895491378,0.8814659821390052,10541.0,2.0,1.0,0.0001661888736549088,8.0,4.0,5.0,0.2146341463414634,2.0,0.4,0.0,1.0,2.0,1.3535533905932737,0.05743725597858429,0.6284314393997192,0.06884241923689842,1.25,0.018985211849212646,1.5456358385512736e-05,1.0409168094277499e-05,0.0,0.0,7.322512951835058e-05,-0.0003406864832637968,0.00011366345138463796,0.00014109652907046133,0.0,13867.png,0.0,19.0,0,1,0.9363602574250312,accepted,0.40384615384615385,0.5961538461538461,R239-gtfree-bg-channel-seam-prob-editor,0.6079703363613895,0.8539443834193506,val
0.0,0.25,1.0,1.0,1.0,0.0,2.0,2.0,91.83681179135085,0.7466934198739488,1.1479929566383362,0.27665574963609896,0.16053423428179275,4.0,-4.0,0.8648986157558312,bg_seed,0.2725917724214292,0.7619571500494136,0.8489425354219471,0.8814659821390052,10541.0,1.0,1.0,8.30944368274544e-05,4.0,2.0,2.0,0.1994459833795014,2.0,1.0,0.0,1.0,2.0,1.3535533905932737,0.059785038232803345,0.6225490570068359,0.06982755586504936,1.0,0.01805093325674534,-3.775839356301436e-05,-2.542780902034525e-05,0.0,0.0,3.6611014889720295e-05,-0.0001703432416318984,5.682748681212768e-05,7.054240187975847e-05,0.0,13867.png,0.0,19.0,1,0,0.963289848033871,boundary_iou_drop,0.375,0.625,R239-gtfree-bg-channel-seam-prob-editor,0.755323301241869,0.8141947680850343,val
0.0,0.25,1.0,1.0,1.0,0.0,3.0,3.0,61.0,0.867851130197758,1.3535533905932737,0.27641093273909684,0.1603693931398417,4.0,-4.0,0.8649083442699294,bg_seed,0.2727195298526531,0.7619722512307922,0.8490213190375265,0.8814012683894905,10541.0,1.0,2.0,0.0002492833104823632,12.0,3.0,60.0,0.3095619658119658,3.0,0.06666666666666667,0.25,0.08333333333333333,1.4142135623730951,1.1380711874576983,0.07583573460578918,0.5990196466445923,0.10972312390804291,20.0,0.02480863407254219,-0.00028257529056513464,-0.00019026895097140617,0.0,0.0,4.633952898791538e-05,-4.2585810408002356e-05,7.192866819072385e-05,0.00014932601745920593,-6.471374951466657e-05,13867.png,1.0,19.0,1,0,0.7634706711075395,low_mean_prob,0.375,0.625,R239-gtfree-bg-channel-seam-prob-editor,0.007148846496588577,0.028369781587621528,val
0.0,0.25,1.0,1.0,1.0,0.0,3.0,3.0,61.0,0.8475412607362388,1.426776695296637,0.27641093273909684,0.1603693931398417,4.0,-4.0,0.8649237933954276,bg_seed,0.2726343582318371,0.7619962328192312,0.8490711109263954,0.8813796971396523,10541.0,2.0,2.0,0.0003323777473098176,16.0,3.0,60.0,0.3106303418803419,3.0,0.08888888888888889,0.25,0.1875,2.0,1.3901650429449552,0.06792654097080231,0.6142157316207886,0.10727901756763458,20.0,0.029112033545970917,-0.00028257529056513464,-0.00019026895097140617,0.0,0.0,6.178865448613902e-05,-0.00012775743122395156,9.591025662980535e-05,0.00019911790632809456,-8.628499935292577e-05,13867.png,1.0,19.0,1,0,0.46865647296178503,low_mean_prob,0.39285714285714285,0.6071428571428571,R239-gtfree-bg-channel-seam-prob-editor,0.006062752877924777,0.021674707747732613,val
0.0,0.25,1.0,1.0,1.0,1.0,2.0,1.0,88.0,1.4991929648598032,2.5295084971874737,0.21950840074673306,0.12328527741371778,4.0,4.0,0.8088589950660442,bg_seed,0.07479629500661605,0.6790623374693514,0.8853102145590158,0.7445621181262729,5338.0,2.0,1.0,0.0017405598800947638,36.0,5.0,88.0,0.45948072383949645,4.0,0.08181818181818182,0.9444444444444444,0.05555555555555555,4.123105625617661,2.218994081661434,0.02807997353374958,0.6527232527732849,0.0387994609773159,17.6,0.011337351985275745,-0.0022629609387917193,-0.0014294847418026696,0.0,0.0,-0.0008595732358592789,-0.00013928546556167543,-0.0012125510893410407,-0.00010292666807887318,-0.0013849287169042102,1399.png,1.0,19.0,1,0,0.019711733503723693,low_mean_prob,0.3230769230769231,0.676923076923077,R239-gtfree-bg-channel-seam-prob-editor,0.000784372791965665,0.0007076556469338517,val
0.0,0.25,1.0,1.0,1.0,1.0,2.0,1.0,88.0,1.0453507353729483,1.730901699437495,0.22097727980080922,0.12421273617914626,4.0,4.0,0.8091836057596603,bg_seed,0.0748659377393969,0.6795200416063004,0.8853395285804172,0.745091649694501,5338.0,1.0,1.0,0.0010636754822801334,22.0,3.0,87.0,0.44235980821346677,4.0,0.0842911877394636,0.9545454545454546,0.045454545454545456,4.123105625617661,2.181402941491794,0.026292193681001663,0.6563279628753662,0.03544610589742661,29.0,0.01161794550716877,-0.0007940818847155529,-0.000502025976374193,0.0,0.0,-0.000534962542243167,-6.964273278083077e-05,-0.0007548469523920298,-7.361264667749001e-05,-0.0008553971486761069,1399.png,1.0,19.0,1,0,0.014765008916450053,low_mean_prob,0.28431372549019607,0.7156862745098039,R239-gtfree-bg-channel-seam-prob-editor,0.0009273558552847953,0.0007008363955179303,val
0.0,0.25,1.0,1.0,1.0,0.0,1.0,1.0,37.33630940518894,0.8972830722729365,1.2543801367282867,0.22163300319737972,0.12462725837572355,4.0,4.0,0.8095606606673005,bg_seed,0.07493558047217773,0.6800520059435364,0.8853798906998114,0.7457026476578411,5338.0,2.0,1.0,0.0002900933133491273,6.0,3.0,2.0,0.49122807017543857,3.0,1.0,1.0,0.0,2.0,1.5,0.04025076702237129,0.6529411673545837,0.04452146589756012,1.5,0.00776100717484951,-0.00013835848814505725,-8.750377979689639e-05,0.0,0.0,-0.00015790763460299395,0.0,-0.00022288261515601704,-3.325052728331279e-05,-0.00024439918533603056,1399.png,1.0,19.0,1,0,0.5615374440750064,low_mean_prob,0.3888888888888889,0.6111111111111112,R239-gtfree-bg-channel-seam-prob-editor,0.00044098986057769106,0.0005339767018537843,val
0.0,0.25,1.0,1.0,1.0,0.0,1.0,1.0,37.33630940518894,0.8717726124958671,1.0802821516990662,0.2220662768031189,0.1249013244452241,4.0,4.0,0.8095259154431276,bg_seed,0.0748659377393969,0.6800029718785987,0.8854116281319532,0.7456211812627291,5338.0,1.0,1.0,0.00043513997002369095,9.0,32.0,6.0,0.5619747899159664,4.0,0.046875,0.8888888888888888,0.1111111111111111,2.0,1.2491822985688092,0.034975312650203705,0.6431372761726379,0.040761259198188786,5.333333333333333,0.009056474082171917,0.0002949151175941356,0.00018656228970365119,0.0,0.0,-0.0001926528587758991,-6.964273278083077e-05,-0.00027191668009374226,-1.5130951415143201e-06,-0.00032586558044800373,1399.png,1.0,19.0,1,0,0.5387396985911227,low_mean_prob,0.3918918918918919,0.6081081081081081,R239-gtfree-bg-channel-seam-prob-editor,0.00038939269011177704,0.0003938764057160947,val
0.0,0.25,1.0,1.0,0.0,1.0,5.0,4.0,135.6502856613284,1.8882702265257703,2.747983050346375,0.4543338913158862,0.29394051455438747,3.0,-3.0,0.9401520204648571,bg_seed,0.21046634974266296,0.8870630869883951,0.9202336026172676,0.9609517815936948,40145.0,2.0,2.0,0.0006882805890534708,48.0,51.0,108.0,0.037675606641123884,3.0,0.008714596949891068,0.7291666666666666,0.2708333333333333,6.4031242374328485,3.8622009440840794,0.029380491003394127,0.7116013169288635,0.04380985461175442,2.1176470588235294,0.026159614324569702,-0.0002637156337941815,-0.00022080484954739577,0.0,0.0,-0.00018224831303215172,-0.0005107452952500535,-0.0003245495763953832,0.00013150766322467256,-0.0005244388504300757,14041.png,1.0,19.0,1,0,0.0001260652645757158,low_mean_prob,0.13125,0.86875,R239-gtfree-bg-channel-seam-prob-editor,0.06288303247184208,0.1881959347270789,val
0.0,0.25,1.0,1.0,0.0,1.0,5.0,4.0,135.6502856613284,1.298595580101848,1.8554823901984325,0.45469791794494213,0.294245327968659,3.0,-3.0,0.9402901949289169,bg_seed,0.2107413664401053,0.8873091391900862,0.9201686698603023,0.9613113968054182,40145.0,1.0,1.0,0.00024376604195643756,17.0,49.0,108.0,0.013725490196078431,1.0,0.003212396069538927,0.6470588235294118,0.35294117647058826,5.656854249492381,3.255139426467882,0.03147652745246887,0.7077279090881348,0.04480355829000473,2.204081632653061,0.029990239068865776,0.00010031099526175424,8.40085647241251e-05,0.0,0.0,-4.407384897242572e-05,-0.0002357285978077106,-7.84973747042228e-05,6.657490625938678e-05,-0.00016482363870662375,14041.png,1.0,19.0,1,0,0.0018187500720340233,low_mean_prob,0.1590909090909091,0.8409090909090909,R239-gtfree-bg-channel-seam-prob-editor,0.05334160909652561,0.14330601132628848,val
0.0,0.25,37307.0,1053.0,0.0,1.0,3.0,2.0,66.14182827943273,7.595757390190722,7.930648859302973,0.4543741808650065,0.29397424346812234,3.0,-3.0,0.940354939402377,bg_component,0.21085923073900914,0.8874244540639219,0.9201416771825169,0.9614762204441248,40145.0,1.0,0.0,4.3017536815841926e-05,3.0,1.0,3.0,0.002079002079002079,0.0,1.0,0.0,1.0,2.23606797749979,2.1573786516665265,0.009623176418244839,0.6627451181411743,0.011744054593145847,3.0,0.008471556007862091,-0.00022342608467385006,-0.00018707593581251958,0.0,0.0,2.0670624487739708e-05,-0.00011786429890386918,3.681749913142518e-05,3.958222847399995e-05,0.0,14041.png,0.0,19.0,1,0,0.053058759975151186,low_mean_prob,0.03125,0.96875,R239-gtfree-bg-channel-seam-prob-editor,0.0009770144902696667,0.0009770144902696667,val
0.0,0.25,37307.0,1053.0,0.0,1.0,3.0,2.0,66.14182827943273,7.641440211493058,7.9480430888759885,0.4543741808650065,0.29397424346812234,3.0,-3.0,0.940354939402377,bg_component,0.21085923073900914,0.8874244540639219,0.9201416771825169,0.9614762204441248,40145.0,2.0,0.0,4.3017536815841926e-05,3.0,2.0,2.0,0.002077562326869806,0.0,0.75,0.0,1.0,3.0,2.4120226591665967,0.01417150255292654,0.6601307392120361,0.019373693503439426,1.0,0.004891055170446634,-0.00022342608467385006,-0.00018707593581251958,0.0,0.0,2.0670624487739708e-05,-0.00011786429890386918,3.681749913142518e-05,3.958222847399995e-05,0.0,14041.png,0.0,19.0,1,0,0.017458176981838304,low_mean_prob,0.03125,0.96875,R239-gtfree-bg-channel-seam-prob-editor,0.00095418886649497,0.0009770144902696667,val
0.0,0.25,1.0,1.0,1.0,0.0,1.0,1.0,46.09772228646444,0.8936910575564632,1.2104136621171107,0.162748643761302,0.08858267716535433,1.0,-1.0,0.6376485206181564,bg_seed,0.05993229023698417,0.4680499344467879,0.9058914386584289,0.4919712402636309,4182.0,1.0,1.0,0.0008818342151675485,8.0,29.0,34.0,0.5351648351648352,4.0,0.008113590263691683,1.0,0.0,2.8284271247461903,1.839347080264858,0.007483865134418011,0.8151960968971252,0.012006133887916803,1.1724137931034482,0.004572244361042976,-0.0003539296348560317,-0.00020974588121236426,0.0,0.0,-0.00042305767545436357,0.0,-0.0004560223450948975,-8.298814933127563e-05,-0.00047932893948471333,1418.png,1.0,13.0,1,0,0.7979938780701393,low_mean_prob,0.296875,0.703125,R239-gtfree-bg-channel-seam-prob-editor,0.00045312607664019266,0.0005478009252428565,val
0.0,0.25,1.0,1.0,1.0,0.0,1.0,1.0,46.09772228646444,1.236137357419434,1.8544047117233278,0.16184273999035215,0.0880461881642829,0.0,0.0,0.6373310548392108,bg_seed,0.05993229023698417,0.4677079176879667,0.9058291013468757,0.4916117435590174,4182.0,2.0,1.0,0.0015432098765432098,14.0,31.0,34.0,0.5411513859275053,4.0,0.013282732447817837,1.0,0.0,2.23606797749979,1.5046067930175702,0.007766785565763712,0.8131652474403381,0.013327562715858225,1.096774193548387,0.0038099356461316347,-0.0012598334058058769,-0.0007462348822837861,-1.0,1.0,-0.0007405234543998995,0.0,-0.0007980391039160706,-0.0001453254608845267,-0.0008388256440982622,1418.png,1.0,13.0,1,0,0.9262702858427205,low_mean_prob,0.39473684210526316,0.6052631578947368,R239-gtfree-bg-channel-seam-prob-editor,0.0004197255768847574,0.000513336744996575,val
0.0,0.25,1.0,1.0,1.0,0.0,2.0,2.0,50.0,1.3761516982543924,2.3224873734152918,0.16359030039811798,0.0890815924320063,1.0,-1.0,0.637719434519186,bg_seed,0.05947479183822857,0.4681263542023036,0.9063810995804813,0.4919113241461953,4182.0,2.0,2.0,0.0015432098765432098,14.0,5.0,49.0,0.3824964131994261,4.0,0.05714285714285714,0.6428571428571429,0.35714285714285715,2.23606797749979,1.5046067930175702,0.00787384808063507,0.8098039627075195,0.011433239094913006,9.8,0.0032304096966981888,0.00048772700195995333,0.00028916938543961657,0.0,0.0,-0.000352143774424718,-0.0004574983987555986,-0.0003796025895791977,0.00040667277272110613,-0.0005392450569203233,1418.png,1.0,13.0,1,0,0.9623538656747304,low_mean_prob,0.40789473684210525,0.5921052631578947,R239-gtfree-bg-channel-seam-prob-editor,0.0003779369536742754,0.000513336744996575,val
0.0,0.25,1.0,1.0,1.0,0.0,1.0,1.0,50.0,0.875,1.425,0.1632061805890874,0.08885383806519453,1.0,-1.0,0.6378600823045267,bg_seed,0.05993229023698417,0.46827794561933533,0.9059329510366123,0.49221090473337326,4182.0,1.0,1.0,0.0004409171075837742,4.0,2.0,2.0,0.5401662049861495,3.0,1.0,1.0,0.0,2.0,1.5,0.009346481412649155,0.8107843399047852,0.011433239094913006,1.0,0.0016980889486148953,0.00010360719292937248,6.141501862784449e-05,0.0,0.0,-0.00021149598908398737,0.0,-0.00022801117254744874,-4.147577114788081e-05,-0.00023966446974238442,1418.png,1.0,13.0,1,0,0.9247468377544295,low_mean_prob,0.40625,0.59375,R239-gtfree-bg-channel-seam-prob-editor,0.00032207136618815743,0.0003245223658895736,val
0.0,0.25,1.0,1.0,1.0,1.0,4.0,3.0,136.3084736911099,1.311888753034282,2.165763969801378,0.4399744061425258,0.28203024865419124,1.0,-1.0,0.9394667430771378,bg_seed,0.19084602624038607,0.8858437365773905,0.926512571552786,0.9527882924502995,27090.0,1.0,2.0,0.00027526657394529437,19.0,129.0,35.0,0.27102005975245413,4.0,0.004208194905869324,1.0,0.0,7.810249675906654,3.1902757508178676,0.04545487090945244,0.5682147145271301,0.07816683650016784,3.6857142857142855,0.04686742648482323,-0.000632941319514968,-0.0005203627937586108,0.0,0.0,-0.00014802559306481555,0.0,-0.00026325634239954265,-2.0228632656715817e-05,-0.0002831510238144874,15040.png,1.0,20.0,1,0,0.04186863191580642,recall_drop,0.15178571428571427,0.8482142857142857,R239-gtfree-bg-channel-seam-prob-editor,0.6105237871585933,0.9981362742746712,val
0.0,0.25,1.0,1.0,1.0,2.0,5.0,3.0,136.3084736911099,1.85534087823066,2.986944437237987,0.43921130358425803,0.28140343698854337,0.0,0.0,0.9392857142857143,bg_seed,0.19077062283215201,0.8855218855218855,0.9265128011829858,0.9524157253137016,27090.0,2.0,2.0,0.0006664348632359759,46.0,130.0,36.0,0.27058232931726905,4.0,0.009829059829059829,0.9565217391304348,0.043478260869565216,8.246211251235321,3.917795236483615,0.0401989184319973,0.5612958073616028,0.07186476141214371,3.611111111111111,0.0426509752869606,-0.0013960438777827489,-0.0011471744594064859,-1.0,1.0,-0.00032905438448838087,-7.540340823405933e-05,-0.0005851073979045163,-1.9999002456860815e-05,-0.0006557181604124329,15040.png,1.0,20.0,1,0,0.005553862848932322,recall_drop,0.1404494382022472,0.8595505617977528,R239-gtfree-bg-channel-seam-prob-editor,0.5174261364948703,0.9960440838935041,val
0.0,0.25,1.0,1.0,1.0,0.0,4.0,4.0,135.10366390294527,1.2363229267631932,1.8413828492164614,0.4410034809746729,0.28287650138589465,1.0,-1.0,0.9396152659191441,bg_seed,0.1902050972703966,0.8861078773767948,0.9267451298701299,0.9528479031921552,27090.0,2.0,2.0,0.0004636068613815484,32.0,94.0,90.0,0.33107448107448106,4.0,0.0037825059101654845,0.46875,0.53125,3.1622776601683795,1.9429654648927213,0.05759017914533615,0.5721814036369324,0.08201545476913454,1.0444444444444445,0.04680651053786278,0.00039613351263212415,0.00032588993794480103,0.0,0.0,4.972489414667436e-07,-0.0006409289699894627,8.844570047461531e-07,0.00021232968468720692,-0.0002235402819588117,15040.png,1.0,20.0,1,0,0.20859023477198843,low_mean_prob,0.30303030303030304,0.696969696969697,R239-gtfree-bg-channel-seam-prob-editor,0.18083395132259888,0.9448108566299024,val
0.0,0.25,1.0,1.0,1.0,0.0,2.0,2.0,135.10366390294527,0.7730401170552949,1.1518505275249482,0.44051099275159183,0.28247136767500386,1.0,-1.0,0.9396112196770449,bg_seed,0.19069521942391796,0.8861006803475177,0.9265822417990032,0.9530118327322583,27090.0,1.0,2.0,0.0001159017153453871,8.0,54.0,51.0,0.36181353767560664,4.0,0.002904865649963689,0.5,0.5,2.0,1.426776695296637,0.05928138643503189,0.5627450942993164,0.09486891701817513,1.0588235294117647,0.04870487377047539,-9.635471044894262e-05,-7.924377294599161e-05,0.0,0.0,-3.548993157798108e-06,-0.00015080681646811867,-6.3125722723489375e-06,4.9441613560463615e-05,-5.961074185567572e-05,15040.png,1.0,20.0,1,0,0.9003070292227331,low_mean_prob,0.421875,0.578125,R239-gtfree-bg-channel-seam-prob-editor,0.0010843329380683994,0.0025536494594836086,val
0.0,0.25,1.0,1.0,1.0,-1.0,2.0,3.0,145.24806367039804,1.4280474130117484,2.252652445953476,0.44753123378437715,0.2882706844243328,2.0,-2.0,0.9371898104952839,bg_seed,0.1919960809435882,0.881803561680216,0.9203547999630417,0.9546521843303251,26272.0,2.0,2.0,0.0008308714918759232,54.0,142.0,22.0,0.2996900426191399,2.0,0.017285531370038413,0.8888888888888888,0.1111111111111111,3.0,1.815910455274683,0.06468437612056732,0.5602033138275146,0.09035003185272218,6.454545454545454,0.07118847966194153,-0.0011087662156228362,-0.0009207347175814173,0.0,0.0,-0.0003557430835620101,-0.0002260994083732315,-0.0006300868747314281,2.614412847745662e-05,-0.0007667119239677112,15067.png,1.0,20.0,1,0,0.001833602098067737,low_mean_prob,0.30392156862745096,0.696078431372549,R239-gtfree-bg-channel-seam-prob-editor,0.16640279295128554,0.9578892926632221,val
0.0,0.25,1.0,1.0,1.0,-1.0,2.0,3.0,145.24806367039804,0.9096782524024665,1.2140472368952082,0.4485981308411215,0.2891566265060241,2.0,-2.0,0.9373780129335685,bg_seed,0.19218449711723254,0.8821368504912809,0.9203170694166538,0.9550834597875569,26272.0,1.0,2.0,0.00033850320039389466,22.0,140.0,20.0,0.3015422077922078,2.0,0.007857142857142858,0.9545454545454546,0.045454545454545456,2.8284271247461903,1.6558887856471693,0.0698554664850235,0.5491978526115417,0.09517963379621508,7.0,0.06572128087282181,-4.186915887849363e-05,-3.4792635890124046e-05,0.0,0.0,-0.00016754064527746415,-3.7683234728885795e-05,-0.00029679806366655903,-1.1586417910436353e-05,-0.00033543646673583893,15067.png,1.0,20.0,1,0,0.0033130455864053498,low_mean_prob,0.2357142857142857,0.7642857142857142,R239-gtfree-bg-channel-seam-prob-editor,0.17077268392622735,0.9233598632045813,val
0.0,0.25,36755.0,1.0,0.0,-1.0,2.0,3.0,89.72597270705411,3.0214983674153264,3.5202252318983076,0.44855028994201157,0.28911687374336237,2.0,-2.0,0.9375205730676991,bg_component,0.19222218035196142,0.8823893896699763,0.9203249780732123,0.9553709767590448,26272.0,2.0,2.0,4.615952732644018e-05,3.0,2.0,2.0,0.05193905817174515,1.0,0.75,1.0,0.0,1.4142135623730951,1.1380711874576983,0.05983547866344452,0.4732026159763336,0.06873391196131706,1.0,0.017634950578212738,-8.971005798841247e-05,-7.454539855183961e-05,0.0,0.0,-2.4980511146854845e-05,0.0,-4.425888497117114e-05,-3.677761351905673e-06,-4.791949524796113e-05,15067.png,1.0,20.0,1,0,0.05758323536511141,low_mean_prob,0.15625,0.84375,R239-gtfree-bg-channel-seam-prob-editor,0.0012379286764224186,0.0012645834622263493,val
0.0,0.25,1.0,1.0,1.0,0.0,1.0,1.0,51.15662224971465,0.8551657430940548,1.3405821323394775,0.31835408770979967,0.18931101094655506,2.0,2.0,0.8296010677739878,bg_seed,0.23840206185567012,0.7088190572731881,0.7438829787234043,0.9376466644317801,1821.0,1.0,1.0,0.0021231422505307855,8.0,50.0,5.0,0.5374361883153715,4.0,0.032,0.75,0.25,2.0,1.426776695296637,0.0037994906306266785,0.7803921699523926,0.006490305066108704,10.0,0.00480292085558176,0.0022777934318705118,0.001608745574386783,0.0,0.0,-0.0007944291894250721,-0.0012886597938144284,-0.0011606793022932438,-1.2987306319711678e-05,-0.002011397921555469,1518.png,1.0,4.0,1,0,0.9880208723895193,low_mean_prob,0.359375,0.640625,R239-gtfree-bg-channel-seam-prob-editor,0.00039865686878010065,0.00047972439967489274,val
0.0,0.25,1.0,1.0,1.0,0.0,1.0,1.0,51.15662224971465,0.9819772905201656,1.3718552947044371,0.3194369247428262,0.19007731958762886,2.0,2.0,0.8298472036789794,bg_seed,0.23711340206185566,0.7091784989858012,0.7442788717402874,0.9376466644317801,1821.0,2.0,1.0,0.002653927813163482,10.0,50.0,6.0,0.5395902547065338,4.0,0.03333333333333333,0.6,0.4,2.0,1.4414213562373095,0.0046064904890954494,0.7788234949111938,0.006759142223745584,8.333333333333334,0.005601120181381702,0.003360630464897041,0.0023750542154605814,0.0,0.0,-0.0005482932844335098,-0.0025773195876288846,-0.0008012375896800927,0.00038290571056343037,-0.002011397921555469,1518.png,1.0,4.0,1,0,0.987213705216419,low_mean_prob,0.36764705882352944,0.6323529411764706,R239-gtfree-bg-channel-seam-prob-editor,0.0003906246273998434,0.0004769570303126298,val
0.0,0.25,1.0,1.0,1.0,0.0,1.0,1.0,50.59644256269407,1.2870619908201058,1.808763678137124,0.3133841131664853,0.18580645161290324,2.0,2.0,0.8297020898176968,bg_seed,0.23969072164948454,0.708966565349544,0.7436238044633369,0.9383171304056319,1821.0,2.0,1.0,0.0010615711252653928,4.0,2.0,2.0,0.6038781163434903,4.0,1.0,1.0,0.0,2.0,1.3535533905932737,0.009962629526853561,0.7882353067398071,0.011373744066804648,1.0,0.006200544070452452,-0.00269218111144387,-0.001895813759265036,0.0,0.0,-0.0006934071457160851,0.0,-0.0010131712259372483,-0.0002721615663870969,-0.001340931947703683,1518.png,1.0,4.0,1,0,0.9844272730217285,low_mean_prob,0.40625,0.59375,R239-gtfree-bg-channel-seam-prob-editor,0.0004184382839139082,0.0004614575105368652,val
0.0,0.25,1.0,1.0,1.0,0.0,1.0,1.0,50.59644256269407,0.7634025108994928,0.94454893832859,0.3217768147345612,0.19173660426081343,2.0,2.0,0.8304180254965906,bg_seed,0.23775773195876287,0.7100126742712294,0.744352909912304,0.9389875963794837,1821.0,1.0,1.0,0.001326963906581741,5.0,47.0,17.0,0.587178904296431,4.0,0.006257822277847309,0.4,0.6,2.0,1.282842712474619,0.008192815817892551,0.7803922295570374,0.011060163006186485,2.764705882352941,0.009920869953930378,0.005700520456632052,0.004034338888645156,0.0,0.0,2.2528533177745835e-05,-0.0019329896907216704,3.293769574808092e-05,0.0004569438825799965,-0.000670465973851897,1518.png,1.0,4.0,1,0,0.9856860705201332,low_mean_prob,0.31666666666666665,0.6833333333333333,R239-gtfree-bg-channel-seam-prob-editor,0.0003928131669113593,0.0004537755646094002,val
0.0,0.25,1.0,1.0,1.0,0.0,1.0,1.0,47.51841748206689,0.8205852121265305,1.0694694817066193,0.35980413029593356,0.21936656282450676,2.0,2.0,0.8036248887450441,bg_seed,0.09696119682094437,0.6717164885702692,0.8122342165521753,0.7951961569255405,1818.0,1.0,1.0,0.0004904364884747426,6.0,45.0,8.0,0.5460157126823794,4.0,0.016666666666666666,0.5,0.5,2.0,1.4023689270621826,0.009279522113502026,0.6771242022514343,0.011433239094913006,5.625,0.004335456993430853,0.0003158573748248128,0.00023477181852807338,0.0,0.0,-4.765615060386974e-05,-0.00028050490883591017,-6.659345015136431e-05,0.0001531310527475016,-0.00024019215372295122,1522.png,1.0,18.0,1,0,0.11385630524049456,low_mean_prob,0.328125,0.671875,R239-gtfree-bg-channel-seam-prob-editor,0.0004245914359759354,0.00048497042565212296,val
0.0,0.25,1.0,1.0,1.0,0.0,1.0,1.0,48.27007354458868,1.1885914427222695,1.9797941303343518,0.36119689063997445,0.22040285899935022,2.0,2.0,0.8039977340778506,bg_seed,0.09630668536699392,0.6722376344813586,0.8127454188481675,0.7954363490792634,1818.0,2.0,1.0,0.0008173941474579042,10.0,46.0,14.0,0.5739024390243902,4.0,0.015527950310559006,0.0,1.0,2.0,1.1828427124746193,0.00983051210641861,0.6764706373214722,0.011976645607501266,3.2857142857142856,0.004018411505967379,0.0017086177188657126,0.0012710679933715385,0.0,0.0,0.00032518918220258985,-0.0009350163627863534,0.00045455246093806245,0.0006643333487397207,0.0,1522.png,0.0,18.0,0,1,0.17074128408545686,low_mean_prob,0.4125,0.5875,R239-gtfree-bg-channel-seam-prob-editor,0.0004140199287783903,0.0004561789653741017,val
0.0,0.25,1.0,1.0,1.0,0.0,1.0,1.0,48.27007354458868,0.7513538849534479,0.9958251714706421,0.36028550122509856,0.21972453222453223,2.0,2.0,0.8038351065981634,bg_seed,0.0967741935483871,0.6720102813852814,0.8124131163627443,0.7954363490792634,1818.0,1.0,1.0,0.0004086970737289521,5.0,46.0,12.0,0.5604674796747967,4.0,0.009057971014492754,0.0,1.0,1.4142135623730951,1.082842712474619,0.009547599591314793,0.6768628358840942,0.010859174095094204,3.8333333333333335,0.003999230917543173,0.0007972283039898165,0.0005927412185535441,0.0,0.0,0.0001625617025153847,-0.0004675081813931836,0.00022719936486081949,0.00033203086331645704,0.0,1522.png,0.0,18.0,0,1,0.1958341672121428,low_mean_prob,0.4,0.6,R239-gtfree-bg-channel-seam-prob-editor,0.000421282511571687,0.00044917762364524665,val
0.0,0.25,1.0,1.0,1.0,0.0,1.0,1.0,47.51841748206689,1.1407142023345875,1.9629982233047485,0.3591601833102419,0.21888802286308132,2.0,2.0,0.8036415132510621,bg_seed,0.0967741935483871,0.6717397186147186,0.8123517382413088,0.7951160928742994,1818.0,2.0,1.0,0.0007356547327121138,9.0,46.0,10.0,0.5617709437963945,4.0,0.01956521739130435,0.4444444444444444,0.5555555555555556,1.4142135623730951,1.0460237291525663,0.00781168881803751,0.6758170127868652,0.010285109095275403,4.6,0.0036972900852560997,-0.00032808961086683297,-0.00024376814289736592,0.0,0.0,-3.103164458584384e-05,-0.0004675081813931836,-4.336340570199049e-05,0.00027065274188098343,-0.00032025620496400897,1522.png,1.0,18.0,1,0,0.2175320713414456,low_mean_prob,0.4605263157894737,0.5394736842105263,R239-gtfree-bg-channel-seam-prob-editor,0.00041740512781586323,0.00044217628191639156,val
0.0,0.25,1.0,1.0,1.0,0.0,1.0,1.0,50.32891812864648,0.8690210217119754,1.2513426423524536,0.38797245752216775,0.24067359105156413,0.0,0.0,0.9111958405545927,bg_seed,0.045071928027435086,0.8368776263848211,0.9749054317996391,0.8553022579875497,6037.0,1.0,1.0,0.00014832027290930216,6.0,3.0,2.0,0.18353576248313092,2.0,1.0,1.0,0.0,2.23606797749979,1.608380256645481,0.03002496063709259,0.4189542531967163,0.03808733820915222,1.5,0.009173639118671417,-0.00021152344531838452,-0.0001628173125195198,0.0,0.0,-7.547512542949164e-05,0.0,-0.0001273398701132633,-3.722033203978903e-06,-0.0001301433746176972,15274.png,1.0,20.0,1,0,0.4515348483210839,low_mean_prob,0.3055555555555556,0.6944444444444444,R239-gtfree-bg-channel-seam-prob-editor,0.011557360512860826,0.017712294148795812,val
0.0,0.25,1.0,1.0,1.0,0.0,1.0,1.0,50.32891812864648,1.3463472181538767,2.1510621953281595,0.38741951461119367,0.24024817249216782,0.0,0.0,0.9110448589059141,bg_seed,0.045071928027435086,0.8366229466445945,0.9748979844194386,0.8550419712383142,6037.0,2.0,1.0,0.0004449608187279065,18.0,7.0,3.0,0.19141323792486584,2.0,0.8571428571428571,1.0,0.0,3.605551275463989,1.9811528423680298,0.03006933443248272,0.4189542531967163,0.03901274502277374,2.3333333333333335,0.013600424863398075,-0.0007644663562924592,-0.0005882358719158376,0.0,0.0,-0.00022645677410804144,0.0,-0.00038201961033990095,-1.1169413404399364e-05,-0.00039043012385320264,15274.png,1.0,20.0,1,0,0.0976817324199809,low_mean_prob,0.35714285714285715,0.6428571428571429,R239-gtfree-bg-channel-seam-prob-editor,0.011480099678347002,0.017410529123532196,val
0.0,0.25,1.0,1.0,1.0,0.0,2.0,2.0,72.00694410957877,1.302266380243698,2.0163141155604296,0.3872053872053872,0.24008350730688935,0.0,0.0,0.9110322752117591,bg_seed,0.045071928027435086,0.8366017233329088,0.974897363604887,0.8550202806758779,6037.0,2.0,2.0,0.00046968086421279013,19.0,15.0,70.0,0.24824269330373658,3.0,0.018095238095238095,1.0,0.0,3.0,1.8146688770852146,0.03414064645767212,0.4301341772079468,0.04513782635331154,4.666666666666667,0.020635703578591347,-0.0009785937620989116,-0.0007529010571943051,0.0,0.0,-0.00023904046826306313,0.0,-0.00040324292202553735,-1.1790227956054444e-05,-0.0004121206862894855,15274.png,1.0,20.0,1,0,0.24330666943181428,low_mean_prob,0.38095238095238093,0.6190476190476191,R239-gtfree-bg-channel-seam-prob-editor,0.005670470140914056,0.016796025307365105,val
0.0,0.25,1.0,1.0,1.0,0.0,2.0,2.0,72.00694410957877,0.8157968928567144,1.0276809334754944,0.38789559704818977,0.24061443932411675,0.0,0.0,0.9111958405545927,bg_seed,0.045071928027435086,0.8368776263848211,0.9749054317996391,0.8553022579875497,6037.0,1.0,2.0,0.00014832027290930216,6.0,13.0,69.0,0.2478134110787172,3.0,0.006688963210702341,1.0,0.0,2.0,1.4023689270621826,0.03481605276465416,0.4320261478424072,0.04315492697060108,5.3076923076923075,0.0171560849994421,-0.0002883839192963644,-0.0002219690399669072,0.0,0.0,-7.547512542949164e-05,0.0,-0.0001273398701132633,-3.722033203978903e-06,-0.0001301433746176972,15274.png,1.0,20.0,1,0,0.6998253753558886,low_mean_prob,0.328125,0.671875,R239-gtfree-bg-channel-seam-prob-editor,0.0038389655127128134,0.008769822876175464,val
0.0,0.25,1.0,1.0,1.0,0.0,1.0,1.0,67.60177512462228,0.8113675527274609,1.0995247662067413,0.49313005834744966,0.32725455908068946,0.0,0.0,0.931253893387915,bg_seed,0.11311750290210242,0.8713518464548898,0.9398055636633064,0.9228564499415746,6298.0,1.0,1.0,8.980086657836248e-05,4.0,2.0,2.0,0.40304709141274236,3.0,1.0,1.0,0.0,2.0,1.5,0.031918495893478394,0.7892156839370728,0.03620886951684952,1.0,0.0227611493319273,-0.00018570139647805517,-0.0001635863829446138,0.0,0.0,-4.7552663252958816e-05,0.0,-8.326741329789389e-05,-5.405512546130531e-06,-8.8189254139448e-05,15369.png,1.0,19.0,1,0,0.8438384193768116,low_mean_prob,0.34375,0.65625,R239-gtfree-bg-channel-seam-prob-editor,0.001385051861959606,0.0015771069180618134,val
0.0,0.25,1.0,1.0,1.0,0.0,1.0,1.0,67.60177512462228,1.2261708151018025,2.012650623448015,0.4928981281158875,0.32705030582948447,0.0,0.0,0.9311231017411137,bg_seed,0.11311750290210242,0.8711228610683209,0.9397906934962271,0.9226139294926913,6298.0,2.0,1.0,0.0003367532496688593,15.0,7.0,3.0,0.38878950506857485,3.0,0.7142857142857143,1.0,0.0,3.605551275463989,1.8831025066834295,0.028777997940778732,0.7916339635848999,0.03808392360806465,2.3333333333333335,0.025043513625860214,-0.0004176316280402048,-0.00036783963414960263,0.0,0.0,-0.000178344310054257,0.0,-0.00031225279986679677,-2.0275679625370024e-05,-0.0003307097030227357,15369.png,1.0,19.0,1,0,0.3654289513011327,low_mean_prob,0.2857142857142857,0.7142857142857143,R239-gtfree-bg-channel-seam-prob-editor,0.001155980614421139,0.0015525395455627839,val
0.0,0.25,1.0,1.0,1.0,0.0,1.0,1.0,18.027756377319946,1.4057446519533794,1.9809711456298829,0.49315326337584114,0.3272749984385735,0.0,0.0,0.9312657819504544,bg_seed,0.11311750290210242,0.8713726633082143,0.9398069151324652,0.9228784972551095,6298.0,2.0,1.0,6.735064993377186e-05,3.0,2.0,2.0,0.5013850415512465,3.0,0.75,1.0,0.0,2.0,1.3333333333333333,0.020106520503759384,0.7490196228027344,0.023453235253691675,1.0,0.013956964015960693,-0.0001624963680865732,-0.00014314702506057486,0.0,0.0,-3.5664100713539426e-05,0.0,-6.245055997344817e-05,-4.054043387324846e-06,-6.614194060450274e-05,15369.png,1.0,19.0,1,0,0.6946914397804801,low_mean_prob,0.375,0.625,R239-gtfree-bg-channel-seam-prob-editor,0.0005001781131058668,0.0005878740281223132,val
0.0,0.25,1.0,1.0,1.0,0.0,1.0,1.0,47.80167361086848,1.3651479901830277,2.0739853024482726,0.3590401368179146,0.2187988535695675,1.0,-1.0,0.9018956588060179,bg_seed,0.059227225721538025,0.821320547576905,0.9667703992826626,0.8451801812187305,6590.0,2.0,1.0,0.0005271759186040382,20.0,38.0,30.0,0.40438165438165435,4.0,0.017543859649122806,0.35,0.65,3.0,1.653224755112299,0.03636551648378372,0.522549033164978,0.04993403404951096,1.2666666666666666,0.020672103390097618,0.0011521573603636148,0.0008551475492390992,0.0,0.0,4.9660109654459106e-05,-0.0006110745510952351,8.236274511719266e-05,0.00032514650180959226,-0.0001613907269499837,15446.png,1.0,21.0,1,0,0.12401751191578378,low_mean_prob,0.391304347826087,0.6086956521739131,R239-gtfree-bg-channel-seam-prob-editor,0.0004180588967071364,0.000676508158665666,val
0.0,0.25,1.0,1.0,1.0,0.0,2.0,2.0,90.21086409075129,1.0525069026039457,1.678843080997467,0.3603314621758888,0.21975872187805673,1.0,-1.0,0.9020678795930669,bg_seed,0.05889818557864059,0.8216062385156635,0.9669550081755367,0.8453415719456805,6590.0,2.0,1.0,0.0005271759186040382,20.0,69.0,51.0,0.32162014230979746,4.0,0.005683432793407218,0.0,1.0,2.0,1.4121320343559642,0.04787754639983177,0.5354903340339661,0.06342775076627732,1.3529411764705883,0.04531873017549515,0.0024434827183378305,0.001815015857728336,0.0,0.0,0.00022188089670349687,-0.0009401146939926677,0.00036805368387571313,0.0005097553946836753,0.0,15446.png,0.0,21.0,0,1,0.05018514916842955,low_mean_prob,0.4166666666666667,0.5833333333333334,R239-gtfree-bg-channel-seam-prob-editor,0.0005399833703297371,0.0006172673546202262,val
0.0,0.25,1.0,1.0,1.0,0.0,1.0,1.0,90.21086409075129,0.8128609713166952,1.0943073868751525,0.35850267379679146,0.218399791503779,1.0,-1.0,0.9018903661431366,bg_seed,0.059650277333834725,0.8213117691859684,0.9665471608583329,0.8453415719456805,6590.0,1.0,1.0,0.00010543518372080763,4.0,2.0,2.0,0.16620498614958448,3.0,1.0,0.0,1.0,2.0,1.5,0.060331739485263824,0.5215686559677124,0.07166358679533005,1.0,0.0177556574344635,0.0006146943392404958,0.00045608548345060784,0.0,0.0,4.436744677316362e-05,-0.00018802293879853493,7.358435418058917e-05,0.00010190807747989528,0.0,15446.png,0.0,21.0,0,1,0.8567501228112215,low_mean_prob,0.34375,0.65625,R239-gtfree-bg-channel-seam-prob-editor,0.0005757663019809856,0.0005766407519163236,val
0.0,0.25,1.0,1.0,1.0,0.0,1.0,1.0,47.80167361086848,0.8666005432605743,1.1387736797332764,0.3581626650981231,0.21814747264200104,1.0,-1.0,0.9018411698869716,bg_seed,0.05974428880323399,0.8212301765074814,0.9664944377075974,0.845295460309409,6590.0,1.0,1.0,0.00010543518372080763,4.0,2.0,2.0,0.5166204986149584,3.0,1.0,0.5,0.5,2.0,1.5,0.03495815768837929,0.5382353067398071,0.04623577333986759,1.0,0.007530534639954567,0.0002746856405721476,0.00020376662167265192,0.0,0.0,-4.8288093917880914e-06,-9.401146939926747e-05,-8.008324306363335e-06,4.918492674432784e-05,-4.611163627143977e-05,15446.png,1.0,21.0,1,0,0.7350855710709784,low_mean_prob,0.375,0.625,R239-gtfree-bg-channel-seam-prob-editor,0.00035503548428435965,0.0003558038677625897,val
0.0,0.25,1.0,1.0,0.0,0.0,4.0,4.0,93.53608929178085,1.3384601494928592,2.135551796493425,0.2503514245551479,0.1430866907038721,1.0,-1.0,0.8760931535971397,bg_seed,0.3823267473694627,0.779506910560368,0.8305373930767557,0.9269364959678965,15390.0,2.0,2.0,0.0002518574486840448,22.0,47.0,82.0,0.10976107821114968,3.0,0.005708354955889984,0.4090909090909091,0.18181818181818182,3.605551275463989,2.0007506422514028,0.014750710688531399,0.7709446549415588,0.02242902405560017,1.7446808510638299,0.010284756310284138,-0.00023196597333524638,-0.0001515689375418683,0.0,0.0,7.693627816385273e-06,-0.0001319391760398192,1.2181410043998753e-05,0.00010614443621348446,-0.00011502038416810745,1560.png,1.0,20.0,1,0,0.5063112033468795,low_mean_prob,0.23863636363636365,0.7613636363636364,R239-gtfree-bg-channel-seam-prob-editor,0.1526109025206558,0.37527307653788133,val
0.0,0.25,1.0,1.0,0.0,0.0,4.0,4.0,93.53608929178085,0.8581001502672637,1.3596567226088645,0.25047164957294277,0.1431652419418085,1.0,-1.0,0.8760794733981521,bg_seed,0.3824586865455025,0.7794852506582128,0.8304615138019075,0.9270003961813232,15390.0,1.0,2.0,9.158452679419812e-05,8.0,46.0,81.0,0.10829685219929122,3.0,0.0021470746108427268,0.5,0.0,2.23606797749979,1.5080618877807475,0.015989022329449654,0.7651960849761963,0.02183218449354172,1.7608695652173914,0.0053474074229598045,-0.00011174095554039587,-7.301769960546545e-05,0.0,0.0,-5.9865711712348e-06,0.0,-9.478492111192338e-06,3.0265161365283788e-05,-5.112017074138109e-05,1560.png,1.0,20.0,1,0,0.9210780511295849,low_mean_prob,0.25,0.75,R239-gtfree-bg-channel-seam-prob-editor,0.14396431663594733,0.3066509692547948,val
0.0,0.25,15892.0,5.0,0.0,-1.0,2.0,3.0,43.48447752334263,3.0214983674153264,3.5202252318983076,0.2505661931233272,0.14322702130163587,1.0,-1.0,0.8761013315619433,bg_component,0.3824586865455025,0.7795198590096286,0.8304597701149425,0.9270515163520646,15390.0,2.0,2.0,3.434419754782429e-05,3.0,2.0,2.0,0.12742382271468145,1.0,0.75,0.0,0.0,1.4142135623730951,1.1380711874576983,0.011745926924049854,0.7450981140136719,0.014459778741002082,1.0,0.0055459351278841496,-1.7197405155988665e-05,-1.12383397780913e-05,0.0,0.0,1.5871592619953745e-05,0.0,2.5129859304584556e-05,2.8521474400355906e-05,0.0,1560.png,0.0,20.0,1,0,0.6805053937655489,low_mean_prob,0.375,0.625,R239-gtfree-bg-channel-seam-prob-editor,0.11045750063142656,0.21033695661951038,val
0.0,0.25,1.0,1.0,1.0,0.0,1.0,1.0,26.0,0.8383883476483185,1.25,0.22972206466250708,0.12976610060877924,2.0,-2.0,0.8976396960214573,bg_seed,0.3229448823690538,0.8142888425696884,0.88480858714044,0.9108484232681351,51249.0,1.0,1.0,3.5249744439352814e-05,4.0,2.0,2.0,0.28601108033240996,2.0,1.0,0.0,0.0,2.0,1.3535533905932737,0.035325098782777786,0.6372548937797546,0.043901880457997325,1.0,0.004384446889162064,-2.8959604747885725e-05,-1.8481908578782402e-05,0.0,0.0,1.6050489861973993e-05,0.0,2.6415864742057593e-05,3.118927657452808e-05,0.0,1572.png,0.0,19.0,1,0,0.6244152927332427,low_mean_prob,0.40625,0.59375,R239-gtfree-bg-channel-seam-prob-editor,0.00907395908594509,0.020458847185843572,val
0.0,0.25,1.0,1.0,1.0,0.0,1.0,1.0,47.095647357266465,1.0761915428362392,1.5862401843070983,0.23014647976059222,0.13003702121600455,1.0,-1.0,0.8976798247574769,bg_seed,0.32270140304957845,0.8143548897306329,0.8848865699529358,0.9108484232681351,51249.0,2.0,1.0,0.00012337410553773484,14.0,5.0,29.0,0.37223264540337714,2.0,0.09655172413793103,0.0,0.5714285714285714,2.0,1.3867295401695068,0.0307630468159914,0.6411765217781067,0.047221940010786057,5.8,0.004384446889162064,0.00039545549333724894,0.00025243869864652324,-1.0,1.0,5.617922588152524e-05,-0.00024347931947532597,9.246302568655107e-05,0.00010917208907035292,0.0,1572.png,0.0,19.0,0,0,0.34589692780102516,low_mean_prob,0.39,0.61,R239-gtfree-bg-channel-seam-prob-editor,0.006734952933593453,0.019476899297239107,val
0.0,0.25,1.0,1.0,1.0,0.0,1.0,1.0,26.0,1.7794117647058822,2.25,0.22979232975136293,0.12981094456510128,2.0,-2.0,0.8976918640779303,bg_seed,0.3228231427093161,0.8143747059682365,0.8849099674772385,0.9108484232681351,51249.0,2.0,1.0,0.00014981141386724946,17.0,3.0,20.0,0.3956043956043956,2.0,0.2833333333333333,0.0,0.23529411764705882,1.0,1.0,0.044275421649217606,0.6341407299041748,0.05545935407280922,6.666666666666667,0.005340639501810074,4.1305484107967416e-05,2.636204774325579e-05,0.0,0.0,6.821854633498603e-05,-0.00012173965973766299,0.00011227926329016036,0.00013256961337304585,0.0,1572.png,0.0,19.0,0,0,0.520441201500935,low_mean_prob,0.4956521739130435,0.5043478260869565,R239-gtfree-bg-channel-seam-prob-editor,0.00393877554647351,0.003732371736604821,val
0.0,0.25,1.0,1.0,0.0,2.0,3.0,1.0,47.095647357266465,1.076091143534056,1.2890613163782365,0.23011748401524457,0.13001850797266515,2.0,-2.0,0.8976396960214573,bg_seed,0.32285357762425054,0.8142888425696884,0.88480858714044,0.9108484232681351,51249.0,1.0,0.0,3.5249744439352814e-05,4.0,3.0,15.0,0.002011060834590246,0.0,0.08888888888888889,0.0,0.75,3.0,2.4571067811865475,0.02038891240954399,0.6431372761726379,0.02324387598782778,5.0,0.0027729675639420748,0.00036645974798960035,0.00023392545530712128,0.0,0.0,1.6050489861973993e-05,-9.130474480323336e-05,2.6415864742057593e-05,3.118927657452808e-05,0.0,1572.png,0.0,19.0,0,1,0.19055182909007393,low_mean_prob,0.08928571428571429,0.9107142857142857,R239-gtfree-bg-channel-seam-prob-editor,0.006700284370641111,0.007900471267999738,val
0.0,0.25,1.0,1.0,1.0,1.0,2.0,1.0,56.4003546088143,0.9521329295821488,1.3214670360088348,0.5298649506027372,0.36041923551171395,1.0,-1.0,0.9197415167706381,bg_seed,0.18038928251486278,0.8514087424901595,0.8809281388993088,0.9621327402551797,6835.0,1.0,1.0,0.00042851786383844875,8.0,42.0,32.0,0.3759426847662142,4.0,0.005952380952380952,1.0,0.0,3.0,2.0,0.019723227247595787,0.7245098352432251,0.028854420967400072,1.3125,0.032441943883895874,-0.00023583937274629374,-0.0002182737544090818,0.0,0.0,-0.00024170235955345287,0.0,-0.00041433602651752555,-5.1024419562062384e-05,-0.00046821959498999366,1590.png,1.0,18.0,1,0,0.3029767099331431,low_mean_prob,0.28125,0.71875,R239-gtfree-bg-channel-seam-prob-editor,0.0005916939860423628,0.0010165501961131626,val
0.0,0.25,1.0,1.0,1.0,0.0,1.0,1.0,53.0,1.0479518473148346,1.6542525529861452,0.5306492564381574,0.3611453961984695,1.0,-1.0,0.9199004000783371,bg_seed,0.1799820832315335,0.851681085841579,0.8811706062067857,0.9621912677045534,6835.0,2.0,1.0,0.0006427767957576731,12.0,43.0,26.0,0.48999591670069415,4.0,0.01073345259391771,0.5833333333333334,0.4166666666666667,2.0,1.5,0.0422179251909256,0.7545751929283142,0.06450174860656262,1.6538461538461537,0.021625492721796036,0.0005484664626739244,0.0005078869323464907,0.0,0.0,-8.281905185447691e-05,-0.0004071992833292737,-0.00014199267509806823,0.00019144288791483888,-0.00040969214561625833,1590.png,1.0,18.0,1,0,0.20269149603953707,low_mean_prob,0.3472222222222222,0.6527777777777778,R239-gtfree-bg-channel-seam-prob-editor,0.000392624977746872,0.0005227566923331582,val
0.0,0.25,1.0,1.0,1.0,0.0,1.0,1.0,53.0,0.687063312545575,0.9386700391769409,0.5302865433442148,0.3608094768015795,1.0,-1.0,0.919913843743881,bg_seed,0.18022640280153107,0.8517041334300217,0.8810480630123775,0.9623668500526747,6835.0,1.0,1.0,0.0003213883978788366,6.0,42.0,27.0,0.4863654863654864,4.0,0.005291005291005291,0.6666666666666666,0.3333333333333333,2.0,1.4023689270621826,0.04348982498049736,0.7509804368019104,0.056689122691750526,1.5555555555555556,0.017935192212462425,0.00018575336873127846,0.00017196753545645205,0.0,0.0,-6.937538631057727e-05,-0.00016287971333170392,-0.00011894508665533099,6.889969350665215e-05,-0.00023410979749494132,1590.png,1.0,18.0,1,0,0.23232434608105218,low_mean_prob,0.3125,0.6875,R239-gtfree-bg-channel-seam-prob-editor,0.0004015152290593545,0.0004959352407795668,val
0.0,0.25,1.0,1.0,0.0,0.0,2.0,2.0,56.4003546088143,1.2166741583496332,1.9203946352005006,0.5303236333967909,0.36084381939304216,1.0,-1.0,0.9197929780388866,bg_seed,0.18022640280153107,0.8514969439552471,0.8810225628383086,0.9621327402551797,6835.0,2.0,1.0,0.0005356473297980609,10.0,4.0,3.0,0.1346153846153846,2.0,0.8333333333333334,0.8,0.2,3.0,2.2,0.02337540313601494,0.6937254667282104,0.03081126231700182,1.3333333333333333,0.013292902149260044,0.00022284342130740598,0.0002063101269191292,0.0,0.0,-0.0001902410913049435,-0.00016287971333170392,-0.000326134561429936,4.3399519437770095e-05,-0.00046821959498999366,1590.png,1.0,18.0,1,0,0.30924745913519264,low_mean_prob,0.2727272727272727,0.7272727272727273,R239-gtfree-bg-channel-seam-prob-editor,0.0009262998542958411,0.0011661041807975658,val
0.0,0.25,1.0,1.0,1.0,0.0,2.0,2.0,83.43860018001261,0.9947261589219075,1.7892135381698608,0.41735252647801424,0.2637052997969585,2.0,-2.0,0.9323804658421706,bg_seed,0.1944470412265121,0.8733265325438808,0.9271495081894001,0.9376707843092974,29656.0,2.0,2.0,0.00017860531574070973,16.0,25.0,23.0,0.26340650180605724,4.0,0.02782608695652174,0.0,1.0,2.23606797749979,1.5040309438903738,0.02194969542324543,0.3710784316062927,0.02808757871389389,1.0869565217391304,0.011338267475366592,0.0008034270981133185,0.0006411913886870124,0.0,0.0,8.3741263877668e-05,-0.0004985821569910565,0.00014692727380516413,0.00016559383064906896,0.0,1620.png,0.0,20.0,0,1,0.3912823863100059,low_mean_prob,0.34523809523809523,0.6547619047619048,R239-gtfree-bg-channel-seam-prob-editor,0.13407512000225236,0.5026800594449206,val
0.0,0.25,1.0,1.0,1.0,0.0,2.0,2.0,83.43860018001261,0.7488746826634929,1.2071067690849304,0.4169727177334732,0.2634021045654155,2.0,-2.0,0.9323385933298529,bg_seed,0.19469633230500763,0.873253062726747,0.9270667038794307,0.9376707843092974,29656.0,1.0,2.0,8.930265787035486e-05,8.0,22.0,22.0,0.26040428061831156,4.0,0.01652892561983471,0.0,1.0,2.23606797749979,1.5812851924841107,0.01864495314657688,0.3696078658103943,0.027260757982730865,1.0,0.009352344088256359,0.00042361835357229705,0.0003379961571440271,0.0,0.0,4.1868751559981376e-05,-0.00024929107849552823,7.345745667131087e-05,8.278952067963807e-05,0.0,1620.png,0.0,20.0,0,1,0.6904323973161514,low_mean_prob,0.28125,0.71875,R239-gtfree-bg-channel-seam-prob-editor,0.03510335832451711,0.08496519650863152,val
0.0,0.25,1.0,1.0,1.0,0.0,1.0,1.0,104.29285689825551,1.3756989432804017,2.181668257713318,0.41621036755303453,0.2627939715137463,2.0,-2.0,0.9322913157717443,bg_seed,0.19447820261132404,0.8731701161029783,0.927127766487259,0.9375127029651543,29656.0,2.0,1.0,0.0003237221347800364,29.0,62.0,86.0,0.3256105720976915,4.0,0.005438859714928732,0.4827586206896552,0.5172413793103449,2.8284271247461903,1.578822222551184,0.060656044632196426,0.36876264214515686,0.0852112278342247,1.3870967741935485,0.015464378520846367,-0.0003387318268663897,-0.00027013689452520806,0.0,0.0,-5.408806548645728e-06,-0.00046742077217912237,-9.489167097309625e-06,0.0001438521285079819,-0.0001580813441430795,1620.png,1.0,20.0,1,0,0.11715976284585437,low_mean_prob,0.42424242424242425,0.5757575757575758,R239-gtfree-bg-channel-seam-prob-editor,0.004079287339819038,0.011134866641155962,val
0.0,0.25,1.0,1.0,1.0,0.0,1.0,1.0,104.29285689825551,0.9753059835306236,1.280383348464966,0.4166857967402355,0.2631731565865783,2.0,-2.0,0.9323333595302519,bg_seed,0.19472749368981956,0.8732438798687642,0.9270563543806377,0.9376707843092974,29656.0,1.0,1.0,7.813982563656051e-05,7.0,3.0,3.0,0.3057199211045365,2.0,0.7777777777777778,0.0,1.0,3.0,2.0,0.07958625257015228,0.3691876530647278,0.09039415568113326,1.0,0.01656217873096466,0.00013669736033455893,0.00010904817830681424,0.0,0.0,3.663495195893596e-05,-0.00021812969368359414,6.427459868851848e-05,7.24400218866661e-05,0.0,1620.png,0.0,20.0,0,1,0.14634171694316786,low_mean_prob,0.325,0.675,R239-gtfree-bg-channel-seam-prob-editor,0.0015166500647842485,0.0024680256862112046,val
0.0,0.25,1.0,1.0,0.0,0.0,3.0,3.0,44.598206241955516,1.3993354586997309,2.0998419523239136,0.21271910763436186,0.11901828556607444,2.0,-2.0,0.9039556881392076,bg_seed,0.19723747892761978,0.8247437428916817,0.9314988810702947,0.8779945477528518,39193.0,2.0,2.0,0.00012924593077264833,16.0,12.0,4.0,0.09635416666666667,2.0,0.3333333333333333,1.0,0.0,2.0,1.426776695296637,0.03930198401212692,0.4154411554336548,0.05879891291260719,3.0,0.008372887037694454,-8.631829532132484e-05,-5.404657794112755e-05,0.0,0.0,-6.873986833411116e-05,0.0,-0.00011444839450358568,-8.853490874982661e-06,-0.00012183792510012115,1736.png,1.0,20.0,1,0,0.5758991316180072,low_mean_prob,0.27380952380952384,0.7261904761904762,R239-gtfree-bg-channel-seam-prob-editor,0.0003260373490065119,0.0003260602198945014,val
0.0,0.25,35753.0,14.0,0.0,0.0,3.0,3.0,81.50734351279996,5.857051822864122,6.079215610874227,0.2127807564121142,0.11905688525653499,2.0,-2.0,0.9040115399390076,bg_component,0.19723747892761978,0.824836732212216,0.9315060747059584,0.8780935410669957,39193.0,1.0,1.0,2.4233612019871563e-05,3.0,2.0,3.0,0.011470985155195682,0.0,0.5,1.0,0.0,1.0,1.0,0.0361211858689785,0.41960784792900085,0.04731201156973839,1.5,0.006403894163668156,-2.4669517568992605e-05,-1.544688748057743e-05,0.0,0.0,-1.2888068534055996e-05,0.0,-2.145907396933211e-05,-1.659855211277872e-06,-2.28446109562519e-05,1736.png,1.0,20.0,1,0,0.6736485603564656,low_mean_prob,0.19444444444444445,0.8055555555555556,R239-gtfree-bg-channel-seam-prob-editor,0.000326029725377182,0.000326029725377182,val
0.0,0.25,35753.0,14.0,0.0,0.0,3.0,3.0,81.50734351279996,5.77711866414578,6.0693136595149495,0.21277458992638962,0.11905302416085617,2.0,-2.0,0.9040072438488043,bg_component,0.19723747892761978,0.8248295791875595,0.9315055214030099,0.8780859261966769,39193.0,2.0,1.0,3.231148269316208e-05,4.0,2.0,3.0,0.012145748987854251,0.0,0.6666666666666666,1.0,0.0,1.4142135623730951,1.1035533905932737,0.038283586502075195,0.41862747073173523,0.04883053116500378,1.5,0.0058000776916742325,-3.083600329356617e-05,-1.9307983159397302e-05,0.0,0.0,-1.7184158737415522e-05,0.0,-2.8612098625813154e-05,-2.213158159736217e-06,-3.045948127500253e-05,1736.png,1.0,20.0,1,0,0.4286463281042946,low_mean_prob,0.19444444444444445,0.8055555555555556,R239-gtfree-bg-channel-seam-prob-editor,0.000326029725377182,0.000326029725377182,val
0.0,0.25,1.0,1.0,0.0,0.0,3.0,3.0,44.598206241955516,0.943655994762938,1.2105514978581537,0.2126882966396292,0.1189989951051898,2.0,-2.0,0.9039900591511864,bg_seed,0.19723747892761978,0.8248009670889336,0.93150330810182,0.8780554667154018,39193.0,1.0,2.0,6.462296538632416e-05,8.0,10.0,5.0,0.08377518557794274,1.0,0.16,1.0,0.0,2.8284271247461903,1.891123775561495,0.041696615517139435,0.41862744092941284,0.05355674661695957,2.0,0.0054585919715464115,-0.00011712929005397443,-7.33370388257687e-05,0.0,0.0,-3.436885635532683e-05,0.0,-5.722419725173733e-05,-4.426459349615719e-06,-6.0918962550116085e-05,1736.png,1.0,20.0,1,0,0.5548434236799736,low_mean_prob,0.171875,0.828125,R239-gtfree-bg-channel-seam-prob-editor,0.000326029725377182,0.000326029725377182,val
0.0,0.25,1.0,1.0,1.0,0.0,2.0,2.0,74.33034373659252,0.8483690058342191,1.063920944929123,0.3190961375645929,0.18983604279560928,3.0,3.0,0.9234971209556815,bg_seed,0.23155530600786076,0.8578677669450637,0.92386941876299,0.9231251230821562,14256.0,1.0,1.0,5.374899220639613e-05,6.0,3.0,2.0,0.2388663967611336,2.0,1.0,0.5,0.5,2.0,1.4023689270621826,0.04565437138080597,0.40392157435417175,0.054334981366992,1.5,0.006792355794459581,0.00013791980641014723,9.76192016258759e-05,0.0,0.0,-2.0552030691733947e-06,-8.422234699606568e-05,-3.546950872679311e-06,2.2782554085609696e-05,-2.6854288629918344e-05,1828.png,1.0,19.0,1,0,0.6951345513200412,low_mean_prob,0.4166666666666667,0.5833333333333334,R239-gtfree-bg-channel-seam-prob-editor,0.0003348536760760198,0.0003348536760760198,val
0.0,0.25,1.0,1.0,1.0,0.0,3.0,3.0,100.0,1.6521863517949744,2.523606797749979,0.3188676492047279,0.18967432817165475,3.0,3.0,0.9234496254203666,bg_seed,0.23138686131386862,0.8577858010415453,0.9239088554967161,0.9229908516390067,14256.0,2.0,2.0,0.00024187046492878258,27.0,5.0,100.0,0.16230272596843615,3.0,0.054,0.6666666666666666,0.3333333333333333,3.0,1.7198565182910084,0.05104520544409752,0.4078431725502014,0.07687545418739321,20.0,0.011740473099052906,-9.05685534548506e-05,-6.409542232865828e-05,0.0,0.0,-4.955073838408541e-05,-0.00025266704098819703,-8.55128543910677e-05,6.221928781169339e-05,-0.00016112573177939904,1828.png,1.0,19.0,1,0,0.28281140082181805,low_mean_prob,0.4,0.6,R239-gtfree-bg-channel-seam-prob-editor,0.00033485367607601974,0.0003348536760760198,val
0.0,0.25,1.0,1.0,1.0,0.0,2.0,2.0,74.33034373659252,1.0638563969082802,1.7204847693443301,0.31931350515163015,0.18998992740787052,3.0,3.0,0.923509551230958,bg_seed,0.23127456485120718,0.8578892198133142,0.9239481040785607,0.9230714145048964,14256.0,2.0,1.0,0.00019707963809011914,22.0,62.0,9.0,0.28095238095238095,3.0,0.03942652329749104,0.4090909090909091,0.5909090909090909,2.0,1.3934933749769263,0.05437338724732399,0.408556193113327,0.06706009805202484,6.888888888888889,0.010215007700026035,0.0003552873934474232,0.00025150381388711063,0.0,0.0,1.0375072207358116e-05,-0.0003649635036496457,1.7905917377825098e-05,0.00010146786965625765,-8.056286588975503e-05,1828.png,1.0,19.0,1,0,0.2731041431757137,low_mean_prob,0.43478260869565216,0.5652173913043478,R239-gtfree-bg-channel-seam-prob-editor,0.0003348536760760197,0.0003348536760760198,val
0.0,0.25,1.0,1.0,1.0,0.0,3.0,3.0,100.0,1.223642227277973,1.7865124735378857,0.31894288547926025,0.18972757244490718,3.0,3.0,0.9234289501258273,bg_seed,0.2315272318921954,0.8577501227009175,0.9238674646978711,0.9229908516390067,14256.0,1.0,2.0,0.00019707963809011914,22.0,3.0,99.0,0.16049382716049382,3.0,0.07407407407407407,0.8181818181818182,0.18181818181818182,4.0,2.3491143636573466,0.04901767149567604,0.4167557954788208,0.0692396342754364,33.0,0.01404924038797617,-1.533227892247524e-05,-1.0851149076229749e-05,0.0,0.0,-7.02260329233928e-05,-0.0001122964626614209,-0.00012119119501885489,2.082848896667322e-05,-0.00016112573177939904,1828.png,1.0,19.0,1,0,0.11062085442719197,low_mean_prob,0.29545454545454547,0.7045454545454546,R239-gtfree-bg-channel-seam-prob-editor,0.0003347613283049582,0.0003348536760760198,val
0.0,0.25,1.0,1.0,1.0,0.0,3.0,3.0,117.17081547894082,1.35875429978062,2.1523333668708804,0.3308714918759232,0.19823008849557522,1.0,-1.0,0.9119019186370512,bg_seed,0.1559633027522936,0.8380695952471539,0.9319642653735375,0.8926851317860872,17412.0,2.0,2.0,0.00045542525333029714,28.0,104.0,53.0,0.2337881219903692,3.0,0.0050798258345428155,1.0,0.0,3.0,1.9285714285714286,0.00840084906667471,0.5694677829742432,0.014296942111104728,1.9622641509433962,0.008276350796222687,-0.0005599776308601312,-0.00040213034940958514,-1.0,1.0,-0.00024249626926697854,0.0,-0.0004097281161286048,-3.098519167776814e-05,-0.00043642938416699195,1880.png,1.0,19.0,1,0,0.28165857854261317,low_mean_prob,0.31683168316831684,0.6831683168316832,R239-gtfree-bg-channel-seam-prob-editor,0.0014424553458973058,0.002407346190065204,val
0.0,0.25,1.0,1.0,1.0,1.0,4.0,3.0,117.17081547894082,1.0755001944489777,1.5717898219823838,0.33096986578880727,0.1983007130936125,2.0,-2.0,0.9120231802840222,bg_seed,0.1559633027522936,0.8382744593052182,0.9319797614980396,0.8929033464781707,17412.0,1.0,1.0,0.00022771262666514857,14.0,101.0,51.0,0.233492742679755,3.0,0.0027179188507086,1.0,0.0,4.0,2.5,0.008011065423488617,0.5719887614250183,0.013238781038671734,1.9803921568627452,0.006263495422899723,-0.0004616037179760446,-0.0003315057513723074,0.0,0.0,-0.0001212346222959626,0.0,-0.0002048640580643024,-1.5489067175633586e-05,-0.00021821469208349598,1880.png,1.0,19.0,1,0,0.30712166865430807,low_mean_prob,0.225,0.775,R239-gtfree-bg-channel-seam-prob-editor,0.0012264040657388542,0.0015028264897031087,val
0.0,0.25,17631.0,31.0,0.0,0.0,2.0,2.0,20.433015336926868,10.236367661030288,10.441906131441804,0.33123548046462514,0.19849144477067934,2.0,-2.0,0.9120924605196128,bg_component,0.1559633027522936,0.838391524481255,0.9319886132574217,0.8930280405879327,17412.0,1.0,1.0,9.759112571363511e-05,6.0,2.0,3.0,0.02496626180836707,0.0,1.0,1.0,0.0,2.23606797749979,1.7167605132909618,0.005866544786840677,0.5627450942993164,0.00624936493113637,1.5,0.00375461601652205,-0.00019598904215817337,-0.00014077407430546085,0.0,0.0,-5.195438670535513e-05,0.0,-8.779888202747888e-05,-6.637307793599945e-06,-9.352058232148242e-05,1880.png,1.0,19.0,1,0,0.21314677673278073,low_mean_prob,0.05555555555555555,0.9444444444444444,R239-gtfree-bg-channel-seam-prob-editor,0.0022097053181461004,0.0026885294964959098,val
0.0,0.25,1.0,1.0,1.0,0.0,1.0,1.0,42.5205832509386,1.2896122207561376,2.0260136604760803,0.25578666666666666,0.14664872798434442,6.0,-6.0,0.7643060276062981,bg_seed,0.11858308012154166,0.6185237159696885,0.8790586358197048,0.6760537456285661,2743.0,2.0,1.0,0.0012747988208110907,16.0,31.0,25.0,0.4692928798629802,4.0,0.02064516129032258,1.0,0.0,3.0,1.842419291538692,0.007832719013094902,0.4857843220233917,0.0101010762155056,1.24,0.005524228792637587,-0.0010293282012901472,-0.0006770816329274287,0.0,0.0,-0.0006853068824367314,0.0,-0.0008981195621666771,-0.00015417590844435392,-0.0009816553162771413,1884.png,1.0,13.0,1,0,0.5174333667968922,low_mean_prob,0.325,0.675,R239-gtfree-bg-channel-seam-prob-editor,0.010625851672956184,0.01827983895979296,val
0.0,0.25,1.0,1.0,1.0,0.0,1.0,1.0,39.824615503479755,1.1321478138371621,1.8114362239837647,0.2544056392181993,0.14574155653450807,6.0,-6.0,0.7639895923677363,bg_seed,0.11850311850311851,0.6181093521949029,0.8790515727287243,0.6755629179704277,2743.0,2.0,1.0,0.0019918731575173294,25.0,35.0,19.0,0.3772087067861716,4.0,0.03759398496240601,0.96,0.04,2.23606797749979,1.459148346584763,0.007439625449478626,0.4817255437374115,0.008768893778324127,1.8421052631578947,0.004793947096914053,-0.0024103556497575007,-0.0015842530827637757,0.0,0.0,-0.0010017421209984612,-7.996161842314942e-05,-0.0013124833369522193,-0.00016123899942488418,-0.001472482974415601,1884.png,1.0,13.0,1,0,0.9161614097076622,low_mean_prob,0.4423076923076923,0.5576923076923077,R239-gtfree-bg-channel-seam-prob-editor,0.010266058728834767,0.014803600872798802,val
0.0,0.25,1.0,1.0,1.0,0.0,1.0,1.0,42.5205832509386,0.9837927381907191,1.4842615246772768,0.2564321554393082,0.14707323046779328,6.0,-6.0,0.7646916062822868,bg_seed,0.11858308012154166,0.6190289082234073,0.8791454081632653,0.676605926743972,2743.0,1.0,1.0,0.0005577244841048522,7.0,3.0,3.0,0.3622616699539776,3.0,0.7777777777777778,1.0,0.0,3.0,2.0,0.009005428291857243,0.48683473467826843,0.011433239094913006,1.0,0.006085590925067663,-0.00038383942864861353,-0.0002525791494785712,0.0,0.0,-0.00029972820644796894,0.0,-0.0003929273084478657,-6.740356488388333e-05,-0.0004294742008712493,1884.png,1.0,13.0,1,0,0.641629889532471,low_mean_prob,0.325,0.675,R239-gtfree-bg-channel-seam-prob-editor,0.00981105138484273,0.013835813787558316,val
0.0,0.25,1.0,1.0,1.0,0.0,1.0,1.0,39.824615503479755,0.8144102301448584,1.1603744089603425,0.25681016985364813,0.14732197573232014,6.0,-6.0,0.7648200790404216,bg_seed,0.11858308012154166,0.6191973056413135,0.879174304614649,0.676789987115774,2743.0,1.0,1.0,0.0003186997052027727,4.0,2.0,2.0,0.33102493074792244,3.0,1.0,1.0,0.0,2.0,1.5,0.008318902924656868,0.47843137383461,0.008318902924656868,1.0,0.003921568393707275,-5.82501430868021e-06,-3.833884951703892e-06,0.0,0.0,-0.00017125544831320116,0.0,-0.00022452989054166927,-3.850711350017466e-05,-0.00024541382906928533,1884.png,1.0,13.0,1,0,0.9016727723037588,low_mean_prob,0.375,0.625,R239-gtfree-bg-channel-seam-prob-editor,0.007024776175966153,0.013389112230036273,val
0.0,0.25,1.0,1.0,1.0,0.0,2.0,2.0,51.0,1.0558748250802135,1.5413118960624632,0.43649026659816176,0.2791733605958814,1.0,-1.0,0.9099027555102713,bg_seed,0.21952540903673204,0.83469870244117,0.8807507106805128,0.9410506741050674,9816.0,1.0,2.0,0.0004059382973787984,14.0,3.0,50.0,0.3035181872391175,4.0,0.09333333333333334,0.7857142857142857,0.21428571428571427,2.8284271247461903,1.652070728892283,0.004377678502351046,0.19439776241779327,0.007838256657123566,16.666666666666668,0.0038407028187066317,9.753600037915033e-05,7.979334441937658e-05,0.0,0.0,-0.00013874075206898873,-0.0001625311518040906,-0.00023353868695341617,3.857892453973388e-05,-0.0003409267007593586,2024.png,1.0,19.0,1,0,0.1958511194143294,low_mean_prob,0.35526315789473684,0.6447368421052632,R239-gtfree-bg-channel-seam-prob-editor,0.043941842423429744,0.11052928945714888,val
0.0,0.25,1.0,1.0,1.0,0.0,2.0,2.0,51.0,1.5231411978749128,2.5,0.4358798675345438,0.27867416222530483,1.0,-1.0,0.9098456466356961,bg_seed,0.21936287788492795,0.834602589833118,0.8808066154069346,0.9408647140864714,9816.0,2.0,2.0,0.000666898631408026,23.0,5.0,51.0,0.311466218110457,4.0,0.09019607843137255,0.7391304347826086,0.2608695652173913,2.8284271247461903,1.5708256610648679,0.0050610508769750595,0.19352087378501892,0.007838256657123566,10.2,0.004568716511130333,-0.0005128630632388331,-0.00041940502615717135,0.0,0.0,-0.0001958496266442067,-0.0003250623036081812,-0.00032965129500539536,9.448365096154099e-05,-0.0005268867193553017,2024.png,1.0,19.0,1,0,0.23023454439068675,low_mean_prob,0.4166666666666667,0.5833333333333334,R239-gtfree-bg-channel-seam-prob-editor,0.03579738073289997,0.06932419741646728,val
0.0,0.25,1.0,1.0,1.0,0.0,1.0,1.0,78.77182237323191,1.2394524911382185,1.8707845468014264,0.436093660765277,0.2788489628980427,1.0,-1.0,0.9099899605915759,bg_seed,0.21930870083432658,0.8348454855383262,0.8808598282664192,0.9411126607779328,9816.0,2.0,1.0,0.00046392948271862676,16.0,25.0,36.0,0.3936703096539162,4.0,0.017777777777777778,0.5625,0.4375,2.8284271247461903,1.688869526967758,0.004290696699172258,0.18995098769664764,0.00619668560102582,1.44,0.004152223933488131,-0.00029906983250560515,-0.00024460435341933096,0.0,0.0,-5.153567076443544e-05,-0.000379239354209554,-8.675558979720499e-05,0.00014769651044610477,-0.0002789400278939702,2024.png,1.0,19.0,1,0,0.10336545170980743,low_mean_prob,0.375,0.625,R239-gtfree-bg-channel-seam-prob-editor,0.00033695091686089453,0.00040442501151089145,val
0.0,0.25,1.0,1.0,1.0,0.0,1.0,1.0,78.77182237323191,0.7979657547970225,1.0530279279658628,0.43672513283437125,0.2793655434544258,1.0,-1.0,0.9100960314012195,bg_seed,0.21947123198613067,0.8350240549828178,0.8808142906855353,0.9413916008058267,9816.0,1.0,1.0,0.00011598237067965669,4.0,2.0,2.0,0.3684210526315789,3.0,1.0,0.0,1.0,2.23606797749979,1.516123775561495,0.0030188444070518017,0.1931372582912445,0.004925549170002342,1.0,0.0016980889486148953,0.000332402236588647,0.0002719762029638195,0.0,0.0,5.4535138879208134e-05,-0.0002167082024054634,9.1813854694478e-05,0.00010215892956222383,0.0,2024.png,0.0,19.0,0,1,0.5136949641249534,low_mean_prob,0.34375,0.65625,R239-gtfree-bg-channel-seam-prob-editor,0.0003076571712664656,0.0003094195538553267,val
0.0,0.25,35883.0,191.0,1.0,0.0,2.0,2.0,40.68832353538262,5.896967862986848,6.319655347739002,0.35905715208266065,0.21881149153876425,0.0,0.0,0.9139836099417462,bg_component,0.22216645373243293,0.8415928325839724,0.9077990157620712,0.9202530501581564,28869.0,2.0,2.0,7.13165026387106e-05,4.0,5.0,2.0,0.27150192554557123,3.0,0.4,1.0,0.0,1.4142135623730951,1.3106601717798214,0.006670351140201092,0.20686274766921997,0.009248561179265381,2.5,0.0058000776916742325,-0.0001988593633170943,-0.00014772083816963488,0.0,0.0,-3.899065243939681e-05,0.0,-6.612007405448761e-05,-6.575451735657545e-06,-7.230004518743449e-05,2044.png,1.0,18.0,1,0,0.12333031140094039,low_mean_prob,0.17391304347826086,0.8260869565217391,R239-gtfree-bg-channel-seam-prob-editor,0.0007176896801264799,0.0008656249795088433,val
0.0,0.25,35883.0,191.0,1.0,0.0,2.0,2.0,40.68832353538262,5.490994671216559,5.5373191879907555,0.3591068462816018,0.21884840305892939,0.0,0.0,0.9139933578673368,bg_component,0.22216645373243293,0.8416093626024861,0.9078006597129358,0.9202711251694532,28869.0,1.0,2.0,5.348737697903295e-05,3.0,4.0,1.0,0.26756756756756755,3.0,0.75,1.0,0.0,2.23606797749979,1.6881650340819931,0.005882988218218088,0.2078431397676468,0.00689363582059741,4.0,0.0055459351278841496,-0.00014916516437596394,-0.00011080931800450111,0.0,0.0,-2.924272684878826e-05,0.0,-4.959005554083795e-05,-4.931500871108163e-06,-5.422503389063138e-05,2044.png,1.0,18.0,1,0,0.03461681927684888,low_mean_prob,0.16216216216216217,0.8378378378378378,R239-gtfree-bg-channel-seam-prob-editor,0.0006018863628650485,0.0006365883710039544,val
0.0,0.25,35883.0,371.0,0.0,0.0,4.0,4.0,27.441425646733663,25.512942826533052,25.847319317591726,0.36074783569718183,0.22006854317658295,0.0,0.0,0.913927619116023,bg_component,0.22166453732432925,0.8414978920393485,0.9079524777908594,0.9199819249887031,28869.0,1.0,3.0,0.0005348737697903295,30.0,54.0,47.0,0.13012048192771083,4.0,0.01182033096926714,0.6333333333333333,0.36666666666666664,3.605551275463989,2.1651971980139013,0.006672536488622427,0.21986931562423706,0.01018765810877085,1.148936170212766,0.014913422055542469,0.001491824251204088,0.001109330799649061,0.0,0.0,-9.498147816255909e-05,-0.0005019164081036809,-0.00016106061867837695,0.0001468865770525296,-0.0003434252146407024,2044.png,1.0,18.0,1,0,0.0047459700526414385,low_mean_prob,0.19696969696969696,0.803030303030303,R239-gtfree-bg-channel-seam-prob-editor,0.0014312914416938216,0.005695842047824143,val
0.0,0.25,35883.0,371.0,0.0,0.0,4.0,4.0,27.441425646733663,25.82652273165858,26.55271399254692,0.3603661621969732,0.21978453596678263,0.0,0.0,0.9138649425287356,bg_component,0.2212538784449717,0.8413916264303195,0.9080753100740608,0.9197288748305468,28869.0,2.0,3.0,0.0009449436599629154,53.0,56.0,50.0,0.1295500505561173,3.0,0.01892857142857143,0.6226415094339622,0.37735849056603776,3.605551275463989,2.060340158956529,0.006265003699809313,0.219903826713562,0.009994830004870892,1.12,0.012514032423496246,0.0011101507509954645,0.0008253235898487421,0.0,0.0,-0.00015765806544998373,-0.0009125752874612203,-0.00026732622770742065,0.00026971886025395353,-0.0005964753727970562,2044.png,1.0,18.0,1,0,0.0026455991729750273,low_mean_prob,0.19306930693069307,0.806930693069307,R239-gtfree-bg-channel-seam-prob-editor,0.0013130895420161623,0.004218773883710902,val
0.0,0.25,1.0,1.0,1.0,2.0,6.0,4.0,150.2165104108067,1.0720882928845683,1.62741039292385,0.17274560645347162,0.09453834510595359,17.0,17.0,0.662448107694168,bg_seed,0.32213944178805737,0.49526908937503766,0.5124959074538906,0.936444178560237,24593.0,1.0,3.0,0.0004207704774965715,27.0,139.0,49.0,0.24699159663865547,3.0,0.0039641755982968725,0.6296296296296297,0.37037037037037035,4.242640687119285,2.3109622508639145,0.015636220574378967,0.12461873888969421,0.02372498288750649,2.836734693877551,0.010475658811628819,0.0010792287874407391,0.0006460841044361315,0.0,0.0,-0.00016232234078683572,-0.0011119759813187913,-0.00018148457573213816,-4.928641221091379e-05,-0.0004842890921004095,2246.png,1.0,18.0,1,0,0.40202757074100925,low_mean_prob,0.2360248447204969,0.7639751552795031,R239-gtfree-bg-channel-seam-prob-editor,0.10941956267868881,0.328651060734763,val
0.0,0.25,1.0,1.0,1.0,1.0,5.0,4.0,150.2165104108067,1.5275659141999312,2.420923113822937,0.17218161938194165,0.09420061708960394,17.0,17.0,0.6623463011489619,bg_seed,0.3209162682086067,0.49515528699085304,0.5124849883806167,0.9360738398427485,24593.0,2.0,3.0,0.0007947886797157462,51.0,139.0,50.0,0.24943521594684384,3.0,0.007338129496402878,0.5882352941176471,0.4117647058823529,4.123105625617661,2.378667464491224,0.016622306779026985,0.12133795768022537,0.025182951241731644,2.78,0.012435371987521648,0.0005152417159107747,0.0003083560880864783,0.0,0.0,-0.0002641288859929203,-0.0023351495607694672,-0.0002952869599167629,-6.020548548479887e-05,-0.0008546278095888926,2246.png,1.0,18.0,1,0,0.04970677829733131,low_mean_prob,0.25925925925925924,0.7407407407407407,R239-gtfree-bg-channel-seam-prob-editor,0.06554962863406023,0.06587514778179503,val
0.0,0.25,20405.0,255.0,0.0,0.0,2.0,2.0,43.31909625516883,17.48953884841684,18.075842126947048,0.17302475904657472,0.09470558503917109,17.0,17.0,0.6625023927783431,bg_component,0.3228066273768487,0.4953297779384736,0.5125011690619447,0.9366435917158078,24593.0,2.0,2.0,0.0002181772846278519,14.0,8.0,16.0,0.13155594405594406,3.0,0.109375,0.7142857142857143,0.2857142857142857,2.8284271247461903,1.8459833461864876,0.022498205304145813,0.12997201085090637,0.041116988286376006,2.0,0.015393426641821861,0.0013583813805438383,0.0008133240376536344,0.0,0.0,-0.00010803725661168162,-0.0004447903925274832,-0.00012079601229619819,-4.402480415688359e-05,-0.00028487593652959387,2246.png,1.0,18.0,1,0,0.05954509703425691,low_mean_prob,0.19736842105263158,0.8026315789473685,R239-gtfree-bg-channel-seam-prob-editor,0.05407865351870587,0.22826839568675478,val
0.0,0.25,20405.0,255.0,0.0,1.0,3.0,2.0,43.31909625516883,17.254625147255947,17.554621619899823,0.1735064935064935,0.0949943117178612,17.0,17.0,0.662576439890793,bg_component,0.3226954297787168,0.49541256760624913,0.5125471492253499,0.9367860296840725,24593.0,1.0,1.0,0.00015584091759132277,10.0,8.0,14.0,0.08954545454545454,1.0,0.08928571428571429,0.5,0.5,3.1622776601683795,2.152733584216013,0.024547791108489037,0.12509804964065552,0.04349611178040504,1.75,0.012941177934408188,0.0018401158404626194,0.0011020507163437415,0.0,0.0,-3.399014416183288e-05,-0.0005559879906593679,-3.800634452066909e-05,1.9553592484067295e-06,-0.00014243796826485244,2246.png,1.0,18.0,1,0,0.02835144224001238,low_mean_prob,0.14705882352941177,0.8529411764705882,R239-gtfree-bg-channel-seam-prob-editor,0.035836113554692385,0.04139037230905157,val
0.0,0.25,1.0,1.0,1.0,0.0,4.0,4.0,100.60318086422517,1.3712219771960694,2.110733211040497,0.3866785172792388,0.2396785274483116,3.0,-3.0,0.9039572435751649,bg_seed,0.2962238913468464,0.8247463324549208,0.8576884899227483,0.9555026683975191,28625.0,2.0,3.0,0.00125,58.0,80.0,61.0,0.2553323853537149,4.0,0.011885245901639344,0.3620689655172414,0.6379310344827587,3.0,1.8200882103163654,0.008662097156047821,0.26572006940841675,0.019238768890500076,1.3114754098360655,0.007887311279773712,0.0015469245351892869,0.001187520370849099,0.0,0.0,0.00011851996781020446,-0.0019034880131700849,0.0001972965851302355,0.0006195244055068327,-0.0005048319630751585,2248.png,1.0,20.0,1,0,0.03468277958319361,low_mean_prob,0.34375,0.65625,R239-gtfree-bg-channel-seam-prob-editor,0.0003442749704647157,0.0003905178304346323,val
0.0,0.25,1.0,1.0,1.0,0.0,3.0,3.0,100.60318086422517,0.9517131650808198,1.334329468011856,0.38610806004498144,0.2392403422348976,3.0,-3.0,0.9039056106210784,bg_seed,0.2973556950303529,0.8246603754018459,0.8573245935572901,0.9558392230395693,28625.0,1.0,3.0,0.00047413793103448276,22.0,73.0,56.0,0.2594734742720383,4.0,0.0053816046966731895,0.3181818181818182,0.6818181818181818,3.1622776601683795,1.9489570137403296,0.007137133274227381,0.2657753825187683,0.020379994250833994,1.3035714285714286,0.00765658775344491,0.0009764673009319269,0.0007493351574350826,0.0,0.0,6.688701372370431e-05,-0.0007716843296635689,0.00011133953205533231,0.0002556280400486388,-0.00016827732102497883,2248.png,1.0,20.0,1,0,0.1368590697513826,low_mean_prob,0.2847222222222222,0.7152777777777778,R239-gtfree-bg-channel-seam-prob-editor,0.00034301523065609314,0.0003905178304346323,val
0.0,0.25,1.0,1.0,1.0,0.0,1.0,1.0,49.24428900898052,1.1008593566941578,1.611177103546543,0.4252918798373344,0.2700766411196268,3.0,-3.0,0.7930189834660135,bg_seed,0.1088828117087005,0.6570268899036023,0.8546726504751848,0.7396618688599498,1381.0,2.0,1.0,0.0010548523206751054,8.0,42.0,26.0,0.6509511993382961,4.0,0.007326007326007326,0.375,0.625,1.4142135623730951,1.1035533905932737,0.009021775797009468,0.2617647349834442,0.011189674772322177,1.6153846153846154,0.005094266962260008,0.0012960804149138028,0.001044490528255837,0.0,0.0,2.106450408423388e-05,-0.0005064316823660542,2.8918301168134875e-05,0.0005059838085181845,-0.0003427004797805777,2709.png,1.0,18.0,1,0,0.2152962358171657,low_mean_prob,0.4027777777777778,0.5972222222222222,R239-gtfree-bg-channel-seam-prob-editor,0.0005827334537732825,0.0008505909118262799,val
0.0,0.25,1.0,1.0,1.0,0.0,1.0,1.0,49.24428900898052,0.6866059824824333,0.7373734802007675,0.4248786248523816,0.2697434188603799,3.0,-3.0,0.7930696706256888,bg_seed,0.10908538438164692,0.6570964796591255,0.854485488126649,0.7398903358464702,1381.0,1.0,1.0,0.0005274261603375527,4.0,42.0,25.0,0.6513240857503153,4.0,0.0038095238095238095,0.25,0.75,1.0,1.0,0.008902504108846188,0.2617647051811218,0.010738109238445759,1.68,0.0016980889486148953,0.0008828254299609872,0.0007112682690089134,0.0,0.0,7.17516637595006e-05,-0.0003038590094196353,9.850805669142648e-05,0.0003188214599824102,-0.00011423349326011856,2709.png,1.0,18.0,1,0,0.34148719326964533,low_mean_prob,0.42857142857142855,0.5714285714285714,R239-gtfree-bg-channel-seam-prob-editor,0.0005577890125259926,0.0007894001265815231,val
0.0,0.25,1.0,1.0,1.0,0.0,1.0,1.0,41.30375285612676,0.8347131289767582,1.0367130470908288,0.42482288113356076,0.2696984840912877,2.0,-2.0,0.793192114607567,bg_seed,0.1089840980451737,0.6572646103896104,0.8546174142480211,0.7400045693397304,1381.0,1.0,1.0,0.0005274261603375527,4.0,2.0,2.0,0.5173130193905817,4.0,1.0,0.0,1.0,2.0,1.3535533905932737,0.007398166228085756,0.25784313678741455,0.009001016663387418,1.0,0.0016980889486148953,0.000827081711140154,0.0006663334999167381,-1.0,1.0,0.00019419564563771807,-0.00040514534589285167,0.00026663878717625433,0.00045074758135443815,0.0,2709.png,0.0,18.0,0,1,0.2314768963617043,low_mean_prob,0.3125,0.6875,R239-gtfree-bg-channel-seam-prob-editor,0.0003348536760760198,0.0003348536760760198,val
0.0,0.25,1.0,1.0,1.0,0.0,1.0,1.0,41.30375285612676,1.0868291734237603,1.7022347021373938,0.4261006289308176,0.2707292707292707,2.0,-2.0,0.7933104631217839,bg_seed,0.10827509368986124,0.6574271499644634,0.8553500660501981,0.7396618688599498,1381.0,2.0,1.0,0.0018459915611814346,14.0,39.0,7.0,0.5587596899224806,4.0,0.05128205128205128,0.21428571428571427,0.7857142857142857,2.23606797749979,1.4627649046156483,0.00743886549025774,0.2607843279838562,0.010398013517260553,5.571428571428571,0.004384446889162064,0.0021048295083970214,0.0016971201378997436,-1.0,1.0,0.0003125441598545997,-0.0011141497012053109,0.00042917836202926996,0.0011833993835315137,-0.0003427004797805777,2709.png,1.0,18.0,1,0,0.14119203638019281,low_mean_prob,0.3375,0.6625,R239-gtfree-bg-channel-seam-prob-editor,0.00033485367607601974,0.0003348536760760198,val
0.0,0.25,1.0,1.0,1.0,0.0,1.0,1.0,48.010415536631214,1.3224866410397633,2.2865227843144034,0.42374570827334146,0.2688308038223721,0.0,0.0,0.864241580367244,bg_seed,0.05522197962154294,0.7609378591678798,0.9423989371797304,0.798055287688846,2236.0,2.0,1.0,0.001137440758293839,12.0,31.0,39.0,0.4945273631840796,4.0,0.009925558312655087,0.16666666666666666,0.8333333333333334,2.0,1.2214045207910318,0.015049626119434834,0.10784313827753067,0.02072868924587965,1.2580645161290323,0.0060963258147239685,0.0024129662842073962,0.001939386488476913,0.0,0.0,0.00027706788572701146,-0.00090975254730713,0.00042947543003435396,0.0008823495020052752,-0.00016072002571521082,2853.png,1.0,20.0,1,0,0.11092209329893599,low_mean_prob,0.4117647058823529,0.5882352941176471,R239-gtfree-bg-channel-seam-prob-editor,0.0003348536760760198,0.0003348536760760198,val
0.0,0.25,1.0,1.0,1.0,0.0,1.0,1.0,40.01249804748511,1.2639619305002405,2.229378032684326,0.422966082908446,0.2682035423109362,0.0,0.0,0.8643028061779421,bg_seed,0.055312954876273655,0.761032791909286,0.9423204629541789,0.7982160077145612,2236.0,2.0,1.0,0.0008530805687203792,9.0,4.0,40.0,0.5299342105263158,4.0,0.05625,0.0,1.0,1.4142135623730951,1.0460237291525663,0.01658976450562477,0.10936819016933441,0.019180473685264588,10.0,0.005681221839040518,0.001633340919311943,0.0013121249770409738,0.0,0.0,0.0003382936964251293,-0.0008187772925764142,0.0005244081714405047,0.0008038752764537582,0.0,2853.png,0.0,20.0,0,1,0.13445152467560362,low_mean_prob,0.4605263157894737,0.5394736842105263,R239-gtfree-bg-channel-seam-prob-editor,0.0003348536760760198,0.0003348536760760198,val
0.0,0.25,1.0,1.0,1.0,0.0,1.0,1.0,40.01249804748511,0.7305675101460901,1.2868015504425425,0.42236987818383165,0.26772427348027517,0.0,0.0,0.8640654225934142,bg_seed,0.05576783114992722,0.7606647775139772,0.9418681839734472,0.7981356477017036,2236.0,1.0,1.0,0.00047393364928909954,5.0,2.0,39.0,0.5235087719298246,4.0,0.0641025641025641,0.2,0.8,2.0,1.282842712474619,0.017573833465576172,0.1129411831498146,0.019680536538362502,19.5,0.003842336591333151,0.0010371361946975854,0.0008328561463799566,0.0,0.0,0.00010091011189727883,-0.0003639010189228492,0.00015639377613174688,0.000351596295722012,-8.036001285760541e-05,2853.png,1.0,20.0,1,0,0.09815741240604316,low_mean_prob,0.35,0.65,R239-gtfree-bg-channel-seam-prob-editor,0.0003348536760760198,0.0003348536760760198,val
0.0,0.25,1.0,1.0,0.0,2.0,3.0,1.0,48.010415536631214,0.9281682516058,0.9964376009881066,0.42302158273381296,0.26824817518248173,0.0,0.0,0.8639032664955852,bg_seed,0.05604075691411936,0.7604134762633997,0.9415947662842514,0.798055287688846,2236.0,1.0,0.0,0.00028436018957345974,3.0,27.0,36.0,0.0006613756613756613,0.0,0.0030864197530864196,0.6666666666666666,0.3333333333333333,2.23606797749979,2.1573786516665265,0.014717028476297855,0.11372549086809158,0.02021503187716007,1.3333333333333333,0.0055459351278841496,0.0016888407446788989,0.0013567578485865206,0.0,0.0,-6.124598593171271e-05,-9.097525473070883e-05,-9.490747444573788e-05,7.817860652625797e-05,-0.00016072002571521082,2853.png,1.0,20.0,1,0,0.23942354743990488,low_mean_prob,0.09615384615384616,0.9038461538461539,R239-gtfree-bg-channel-seam-prob-editor,0.0003348536760760198,0.0003348536760760198,val
0.0,0.25,1.0,1.0,1.0,0.0,3.0,3.0,143.024473430249,1.5200815208966934,2.2657143481784088,0.35865114411882776,0.21851000342415497,2.0,2.0,0.9265497154786356,bg_seed,0.20188484173691745,0.8631510269632753,0.9272428294155705,0.9258576369729351,45777.0,2.0,2.0,0.0004041928269246315,30.0,134.0,53.0,0.16715135492399208,3.0,0.00422416220782878,0.4,0.23333333333333334,3.605551275463989,2.116435840016763,0.01627975143492222,0.11464054137468338,0.02512263432145119,2.5283018867924527,0.01126081682741642,-0.0005499168464899173,-0.00040838591649361433,0.0,0.0,2.556129583808353e-05,-0.00027835215524096846,4.436481247060975e-05,0.00021310776969729606,-0.00016150088152566688,3058.png,1.0,19.0,1,0,0.0006592929157579984,recall_drop,0.33,0.67,R239-gtfree-bg-channel-seam-prob-editor,0.27845021405317044,0.9476818532704312,val
0.0,0.25,1.0,1.0,1.0,0.0,3.0,3.0,143.024473430249,0.9364279981294517,1.2493671122336023,0.35896406344107606,0.21874235380474677,2.0,2.0,0.9265451509295483,bg_seed,0.2020836647049467,0.8631431044648794,0.927125724295917,0.9259653042272856,45777.0,1.0,2.0,0.0001616771307698526,12.0,133.0,51.0,0.16731279330748827,4.0,0.0017691287041132243,0.3333333333333333,0.16666666666666666,3.1622776601683795,1.8719033949928459,0.01860196143388748,0.11503268033266068,0.028282709047198297,2.607843137254902,0.007219190243631601,-0.00023699752424161113,-0.00017603553590181398,0.0,0.0,2.099674675071217e-05,-7.95291872117132e-05,3.644231407473608e-05,9.600265004383601e-05,-5.383362717514828e-05,3058.png,1.0,19.0,1,0,0.002698854468776551,recall_drop,0.3026315789473684,0.6973684210526315,R239-gtfree-bg-channel-seam-prob-editor,0.28320044176456266,0.9275735762049241,val
0.0,0.25,50136.0,150.0,1.0,0.0,3.0,3.0,52.21697136963047,23.709895492876317,24.74931080509128,0.36070698569195625,0.220038139944257,2.0,2.0,0.9266538249121058,bg_component,0.20069190392874184,0.8633317436811325,0.9274783945207695,0.9258307201593475,45777.0,2.0,3.0,0.0006871278057718735,51.0,50.0,33.0,0.18284462419952816,4.0,0.03090909090909091,0.27450980392156865,0.7254901960784313,4.123105625617661,2.3741015979203843,0.01838568225502968,0.10126874595880508,0.03026631660759449,1.5151515151515151,0.0143133495002985,0.0015059247266385745,0.001119750603608416,0.0,0.0,0.00012967072930825108,-0.0014712899634165832,0.00022508153032785305,0.0004486728748963609,-0.00018841769511324102,3058.png,1.0,19.0,1,0,0.00039916538395598814,recall_drop,0.19393939393939394,0.806060606060606,R239-gtfree-bg-channel-seam-prob-editor,0.23389263464744497,0.6708739193763232,val
0.0,0.25,50136.0,150.0,1.0,2.0,4.0,2.0,52.21697136963047,23.213325560557728,23.61536375393089,0.3598316295850872,0.21938700689250623,2.0,2.0,0.9265549659240901,bg_component,0.20136790202004134,0.863160140026851,0.9272668454892234,0.9258441785661413,45777.0,1.0,1.0,0.00044461210961709464,33.0,21.0,8.0,0.18660287081339713,2.0,0.19642857142857142,0.3939393939393939,0.6060606060606061,4.47213595499958,2.879141946854247,0.01654725894331932,0.10231729596853256,0.025789089500904083,2.625,0.01727982982993126,0.0006305686197695115,0.0004686175518576474,0.0,0.0,3.0811741292602335e-05,-0.0007952918721170765,5.3477876046370554e-05,0.00023712384335028425,-0.00017495928831945395,3058.png,1.0,19.0,1,0,0.0005394604000950046,low_mean_prob,0.11016949152542373,0.8898305084745762,R239-gtfree-bg-channel-seam-prob-editor,0.1530571969651853,0.5171778868521771,val
0.0,0.25,33725.0,3.0,0.0,-1.0,1.0,2.0,98.6917401002194,3.6309740756640565,4.076955262170047,0.26289897510980964,0.15134351505343718,1.0,1.0,0.9196585705941098,bg_component,0.11989116104238548,0.8512665955056964,0.9637006966054307,0.8794660554558494,41130.0,2.0,2.0,2.3693500872710615e-05,3.0,2.0,2.0,0.13781163434903046,1.0,0.75,0.0,1.0,1.4142135623730951,1.2761423749153968,0.015226834453642368,0.683660089969635,0.01913417726755142,1.0,0.012122375890612602,-3.079704505476455e-05,-2.041251846826575e-05,0.0,0.0,1.0397183095256501e-05,-8.415383320710401e-05,1.781637914410883e-05,2.283344329601089e-05,0.0,3249.png,0.0,20.0,1,0,0.3754338156862449,low_mean_prob,0.3125,0.6875,R239-gtfree-bg-channel-seam-prob-editor,0.02080064514395787,0.0464372021242999,val
0.0,0.25,1.0,1.0,1.0,0.0,2.0,2.0,97.9081201943945,1.129300828702505,1.8691730022430422,0.4823395797842135,0.3178178552720198,2.0,-2.0,0.9189360737494333,bg_seed,0.1126643368280912,0.8500293566695557,0.9368894641151274,0.9016578190337792,7053.0,2.0,1.0,0.0009236168837166343,30.0,54.0,82.0,0.4231638418079096,4.0,0.006775067750677507,0.5,0.5,2.23606797749979,1.443571192978842,0.00532336812466383,0.20444443821907043,0.009993160143494606,1.5185185185185186,0.006541173439472914,0.0010476430163299244,0.0009090638986484767,0.0,0.0,-3.673591824038258e-05,-0.0008320852055250516,-6.286847157666031e-05,0.0004035184853746765,-0.00044485305020913746,3269.png,1.0,20.0,1,0,0.20353370445807858,low_mean_prob,0.3355263157894737,0.6644736842105263,R239-gtfree-bg-channel-seam-prob-editor,0.012391627508183936,0.04090840603823858,val
0.0,0.25,1.0,1.0,1.0,0.0,1.0,1.0,91.92388155425118,0.869986604899168,1.2071154117584229,0.481790807340492,0.31734151635356633,2.0,-2.0,0.9190234469422287,bg_seed,0.11316358795140623,0.8501788908765653,0.9366550672866689,0.9020433583439604,7053.0,1.0,1.0,0.00024629783565776914,8.0,90.0,14.0,0.3306349206349206,4.0,0.006349206349206349,0.25,0.75,2.0,1.5,0.004969462752342224,0.20588235557079315,0.007911659590899945,6.428571428571429,0.004384446889162064,0.0004988705726084453,0.0004327249801950317,0.0,0.0,5.063727455500988e-05,-0.00033283408221002064,8.666573543292255e-05,0.00016912165691618242,-5.931374002787759e-05,3269.png,1.0,20.0,1,0,0.21685286899169795,low_mean_prob,0.390625,0.609375,R239-gtfree-bg-channel-seam-prob-editor,0.007809922338262755,0.02926712472095642,val
0.0,0.25,1.0,1.0,1.0,0.0,1.0,1.0,91.92388155425118,1.3776361020632797,2.1210546135902404,0.4823315532325872,0.3178108856779217,2.0,-2.0,0.9191018705992566,bg_seed,0.1127198091751262,0.8503131290539029,0.9368819887256261,0.9019840446039326,7053.0,2.0,1.0,0.0005541701302299807,18.0,90.0,16.0,0.33821733821733824,4.0,0.0125,0.2222222222222222,0.7777777777777778,2.8284271247461903,1.5821504813677265,0.004441095516085625,0.20675382018089294,0.007911659590899945,5.625,0.005515899043530226,0.00103961646470363,0.0009020943045504048,0.0,0.0,0.00012906093158293608,-0.0007766128584900528,0.00022090391277052035,0.0003960430958733774,-0.00011862748005575519,3269.png,1.0,20.0,1,0,0.07999274892845477,low_mean_prob,0.40476190476190477,0.5952380952380952,R239-gtfree-bg-channel-seam-prob-editor,0.006979359153575341,0.02926712472095642,val
0.0,0.25,1.0,1.0,1.0,0.0,1.0,1.0,97.9081201943945,0.7886447845958173,1.1603751242160798,0.4816414686825054,0.31721194879089615,2.0,-2.0,0.9189679134690918,bg_seed,0.11338547733954624,0.8500838457238681,0.9365397050220156,0.9020433583439604,7053.0,1.0,1.0,0.00012314891782888457,4.0,2.0,2.0,0.5048476454293629,3.0,1.0,0.5,0.5,2.0,1.5,0.0038278023712337017,0.20980392396450043,0.005652933707460762,1.0,0.0019607841968536377,0.00034953191462183675,0.0003031574175248464,0.0,0.0,-4.8961985819051534e-06,-0.00011094469407001151,-8.379417264281486e-06,5.3759392262819894e-05,-5.931374002787759e-05,3269.png,1.0,20.0,1,0,0.4420351889393682,low_mean_prob,0.34375,0.65625,R239-gtfree-bg-channel-seam-prob-editor,0.0003348536760760198,0.0003348536760760198,val
0.0,0.25,1.0,1.0,1.0,0.0,1.0,1.0,18.973665961010276,1.2619317412376403,1.8311388492584229,0.607671138630891,0.43644224830142064,1.0,1.0,0.929897278788971,bg_seed,0.05263157894736842,0.868979454361738,0.9530259188573539,0.9078646413700077,2570.0,2.0,1.0,0.0006152710268873438,10.0,6.0,18.0,0.6194885361552028,4.0,0.09259259259259259,0.7,0.3,1.0,1.0,0.018988853320479393,0.10235293954610825,0.023504059389233587,3.0,0.010143150575459003,-0.00024624519010729706,-0.0002540919557504906,0.0,0.0,-0.00014115503279210628,-0.00022270061613837572,-0.00024656573143144733,0.00015567951692441184,-0.0004105331065625828,3352.png,1.0,20.0,1,0,0.12231056069250486,low_mean_prob,0.48214285714285715,0.5178571428571429,R239-gtfree-bg-channel-seam-prob-editor,0.00043490523353755304,0.0004460049523108465,val
0.0,0.25,1.0,1.0,1.0,0.0,1.0,1.0,18.973665961010276,0.8180906570499797,1.1136173868540697,0.608052305574673,0.43683559950556244,1.0,1.0,0.9299978978347698,bg_seed,0.052705812486081215,0.869155206286837,0.9529788281634662,0.9080992317166149,2570.0,1.0,1.0,0.0003076355134436719,5.0,3.0,3.0,0.5950032873109796,4.0,0.5555555555555556,0.6,0.4,1.4142135623730951,1.248528137423857,0.020915556699037552,0.09568627178668976,0.024061333015561105,1.0,0.006371794268488884,0.0001349217536747993,0.0001392592483913102,0.0,0.0,-4.05359869932731e-05,-0.00014846707742557919,-7.081380633244816e-05,0.00010858882303677042,-0.0001759427599553609,3352.png,1.0,20.0,1,0,0.20427355079606338,low_mean_prob,0.375,0.625,R239-gtfree-bg-channel-seam-prob-editor,0.0003809790483503413,0.00043625139425470193,val
0.0,0.25,1.0,1.0,1.0,0.0,1.0,1.0,65.80273550544841,1.3708612770218582,2.147084024033794,0.609271523178808,0.4380952380952381,1.0,1.0,0.9301333653730626,bg_seed,0.05226041125380447,0.8693918805098546,0.953327997044517,0.908040584129963,2570.0,2.0,1.0,0.0007383252322648126,12.0,63.0,22.0,0.5522466039707419,4.0,0.008658008658008658,0.3333333333333333,0.6666666666666666,1.4142135623730951,1.172588984322123,0.01535681914538145,0.09738562256097794,0.02179450336843729,2.8636363636363638,0.005269449204206467,0.0013541393578097027,0.0013988978380669592,0.0,0.0,9.493155129947084e-05,-0.0005938683097023237,0.00016586041668520402,0.0004577577040875136,-0.0002345903466072219,3352.png,1.0,20.0,1,0,0.09362173464723075,low_mean_prob,0.42045454545454547,0.5795454545454546,R239-gtfree-bg-channel-seam-prob-editor,0.0003491746704830008,0.0003501127834569602,val
0.0,0.25,1.0,1.0,1.0,0.0,1.0,1.0,65.80273550544841,0.7317916840540726,0.9273242545760277,0.608516129032258,0.43731454005934717,1.0,1.0,0.9300900900900901,bg_seed,0.05263157894736842,0.8693162681037386,0.9530432642008739,0.9082165268899185,2570.0,1.0,1.0,0.00024610841075493753,4.0,62.0,20.0,0.5324344023323615,4.0,0.0032258064516129032,0.25,0.75,1.4142135623730951,1.1035533905932737,0.015111557208001614,0.09803921729326248,0.020456985384225846,3.1,0.0027729675639420748,0.0005987452112597991,0.0006181998021760338,0.0,0.0,5.165626832703829e-05,-0.00022270061613837572,9.024801056922716e-05,0.00017302486044445953,-5.864758665174996e-05,3352.png,1.0,20.0,1,0,0.16210636090326253,low_mean_prob,0.4107142857142857,0.5892857142857143,R239-gtfree-bg-channel-seam-prob-editor,0.0003421663916649864,0.00034973257773515584,val
0.0,0.25,1.0,1.0,1.0,0.0,1.0,1.0,77.00649323271382,0.915600734223649,1.3898576498031616,0.5252064938763885,0.3561220548474314,0.0,0.0,0.9259196972882069,bg_seed,0.047937082579114915,0.8620581672994873,0.9663024878241411,0.8887767867952702,3409.0,1.0,1.0,0.0001754770783066462,4.0,2.0,2.0,0.5422437673130194,4.0,1.0,0.25,0.75,2.23606797749979,1.6625703849682212,0.015093808993697166,0.136274516582489,0.01856185756623745,1.0,0.0058000776916742325,0.0008032163559039684,0.0007381823220813377,0.0,0.0,3.581113190298524e-05,-0.00018725422882466536,6.208119381212462e-05,0.00012569466774714488,-4.035675370273051e-05,3353.png,1.0,20.0,1,0,0.640039741674901,low_mean_prob,0.25,0.75,R239-gtfree-bg-channel-seam-prob-editor,0.01239494096752835,0.01716725036527019,val
0.0,0.25,1.0,1.0,1.0,0.0,2.0,2.0,77.00649323271382,1.4017058690589763,2.2549479913892236,0.5253863134657837,0.3562874251497006,0.0,0.0,0.9259749816041207,bg_seed,0.04768741027401535,0.8621540147985749,0.9664706398665848,0.8887364300415674,3409.0,2.0,2.0,0.0003948234261899539,9.0,76.0,4.0,0.40736607142857145,4.0,0.029605263157894735,0.2222222222222222,0.7777777777777778,2.0,1.2031585694162432,0.01622783951461315,0.13028323650360107,0.02130684666335583,19.0,0.004443589597940445,0.0009830359452991377,0.0009035526243504899,0.0,0.0,9.109544781682466e-05,-0.0004369265339242284,0.00015792869289976696,0.0002938467101908371,-8.071350740546102e-05,3353.png,1.0,20.0,1,0,0.34443267860745036,low_mean_prob,0.42105263157894735,0.5789473684210527,R239-gtfree-bg-channel-seam-prob-editor,0.005225237757257377,0.017156191733052186,val
0.0,0.25,1.0,1.0,1.0,0.0,1.0,1.0,21.02379604162864,0.6305220384771625,0.9587001025676728,0.5246882793017457,0.3556457065584855,0.0,0.0,0.92590723686977,bg_seed,0.04768741027401535,0.8620365657910191,0.9664662248167494,0.8886153597804592,3409.0,2.0,1.0,0.0005264312349199386,12.0,2.0,19.0,0.6435406698564593,4.0,0.3157894736842105,0.4166666666666667,0.5833333333333334,1.0,1.0,0.017187394201755524,0.13431373238563538,0.02422194890677929,9.5,0.006625207141041756,0.0002850017812611183,0.00026183403313539966,0.0,0.0,2.335071346604156e-05,-0.0004369265339242284,4.047968534393043e-05,0.00028943166035544365,-0.00020178376851365254,3353.png,1.0,20.0,1,0,0.3648965580885378,low_mean_prob,0.4782608695652174,0.5217391304347826,R239-gtfree-bg-channel-seam-prob-editor,0.006842165427980498,0.0012184174720002666,val
0.0,0.25,1.0,1.0,1.0,0.0,1.0,1.0,21.02379604162864,0.6067422479391098,0.8540959656238556,0.5245691496937758,0.3555362486726518,0.0,0.0,0.9258356106789993,bg_seed,0.04806191873166469,0.86191240361658,0.9662147338861832,0.8886960732878647,3409.0,1.0,1.0,0.0001754770783066462,4.0,1.0,12.0,0.6182432432432432,4.0,0.3333333333333333,0.75,0.25,1.0,1.0,0.017279675230383873,0.13431373238563538,0.02261443678289652,12.0,0.008931796997785568,0.00016587217329122605,0.000152376147301736,0.0,0.0,-4.827547730457127e-05,-6.241807627489077e-05,-8.368248909518261e-05,3.794072978924312e-05,-0.00012107026110819152,3353.png,1.0,20.0,1,0,0.48067438930483725,low_mean_prob,0.4107142857142857,0.5892857142857143,R239-gtfree-bg-channel-seam-prob-editor,0.0011649300981286604,0.001217905932509109,val
0.0,0.25,1.0,1.0,1.0,0.0,1.0,1.0,35.0,1.4617033428766568,2.397487373415292,0.4878720474526004,0.32263939478845616,2.0,-2.0,0.92826801517067,bg_seed,0.12509846396218985,0.8661382027508434,0.9328437849374936,0.9237369162640902,12442.0,2.0,1.0,0.00045715446741504545,18.0,5.0,34.0,0.28222996515679444,3.0,0.10588235294117647,0.5,0.5,2.0,1.4023689270621824,0.02323867380619049,0.1331154853105545,0.032269541546702384,6.8,0.010496027767658234,0.0004574960244831394,0.0004000450126713795,0.0,0.0,-1.6319620401494817e-05,-0.00044308782985424955,-2.8416741561509973e-05,0.000197876469977043,-0.00022644927536230597,3354.png,1.0,19.0,1,0,0.20477116591437047,low_mean_prob,0.41304347826086957,0.5869565217391305,R239-gtfree-bg-channel-seam-prob-editor,0.0030370119421090614,0.0056337100219148095,val
0.0,0.25,1.0,1.0,1.0,0.0,2.0,2.0,35.0,0.8383883476483185,1.5,0.4880555114147995,0.3227998878923767,2.0,-2.0,0.9282770825432941,bg_seed,0.12534462386766443,0.8661539913191169,0.9327338312249149,0.9238627214170693,12442.0,1.0,2.0,0.00020317976329557575,8.0,2.0,34.0,0.2725563909774436,3.0,0.11764705882352941,0.5,0.5,2.0,1.3535533905932737,0.024317186325788498,0.13186275959014893,0.032269541546702384,17.0,0.012391399592161179,0.0006409599866822879,0.0005605381165919021,0.0,0.0,-7.252247777422838e-06,-0.00019692792437966955,-1.2628173288065092e-05,8.792275739832878e-05,-0.00010064412238319775,3354.png,1.0,19.0,1,0,0.37616129586524555,low_mean_prob,0.390625,0.609375,R239-gtfree-bg-channel-seam-prob-editor,0.002657965697606337,0.005633710021914808,val
0.0,0.25,1.0,1.0,0.0,0.0,2.0,2.0,66.70832032063167,1.3080010335808823,2.1339717626571653,0.4872338171416464,0.32208137824777644,2.0,-2.0,0.9281822434041692,bg_seed,0.12534462386766443,0.8659888658237404,0.9327218679336365,0.9236865942028986,12442.0,2.0,1.0,0.00038096205617920456,15.0,7.0,3.0,0.14013118664281454,1.0,0.7142857142857143,0.7333333333333333,0.26666666666666666,2.23606797749979,1.5143184428079244,0.023279594257473946,0.13202615082263947,0.03254778385162353,2.3333333333333335,0.011515147052705288,-0.00018073428647086276,-0.00015797152800833825,0.0,0.0,-0.00010209138690231434,-0.00019692792437966955,-0.00017775366866457087,7.595946611993476e-05,-0.00027677133655390485,3354.png,1.0,19.0,1,0,0.39236640918678395,low_mean_prob,0.39285714285714285,0.6071428571428571,R239-gtfree-bg-channel-seam-prob-editor,0.009114616211883945,0.023393214747462976,val
0.0,0.25,1.0,1.0,0.0,1.0,4.0,3.0,66.70832032063167,1.1159162945691399,1.387591187719664,0.4870356651497513,0.3219082260772244,2.0,-2.0,0.9281488597866209,bg_seed,0.1255415517920441,0.8659307481837909,0.9326287978863936,0.9237117552334944,12442.0,1.0,1.0,0.0002539747041194697,10.0,59.0,15.0,0.0348813209494324,1.0,0.011299435028248588,1.0,0.0,3.605551275463989,2.5148755042329043,0.010720930062234402,0.13411766290664673,0.018034658581018447,3.933333333333333,0.008555851876735687,-0.0003788862783659641,-0.00033112369856036494,0.0,0.0,-0.00013547500445065808,0.0,-0.00023587130861402184,-1.7110581122969926e-05,-0.0002516103059581054,3354.png,1.0,19.0,1,0,0.046583389458266254,low_mean_prob,0.16176470588235295,0.8382352941176471,R239-gtfree-bg-channel-seam-prob-editor,0.0024211820755444514,0.005726951066752391,val
0.0,0.25,1.0,1.0,1.0,0.0,1.0,1.0,77.92945527847606,1.4314047725982226,2.196846270561218,0.44603277741679304,0.28702843337669576,0.0,0.0,0.8968496849684968,bg_seed,0.0465778237805667,0.8129895561357703,0.9650363196125908,0.8376628835645229,5625.0,2.0,1.0,0.0010642414860681114,22.0,76.0,15.0,0.38235294117647056,4.0,0.01929824561403509,1.0,0.0,3.1622776601683795,1.9599861358821151,0.009132279083132744,0.1042780876159668,0.014638495072722437,5.066666666666666,0.008661340922117233,-0.0010958208762779642,-0.0009082224220932633,0.0,0.0,-0.000545843797640555,0.0,-0.0008975195822453763,-3.7209799173876235e-05,-0.0009247583018074934,3366.png,1.0,19.0,1,0,0.025945073042817544,low_mean_prob,0.34375,0.65625,R239-gtfree-bg-channel-seam-prob-editor,0.005606331734333302,0.012963653521997015,val
0.0,0.25,1.0,1.0,1.0,0.0,1.0,1.0,26.0,0.85,1.25,0.4470316002603225,0.28785621158502517,0.0,0.0,0.8972715207953753,bg_seed,0.0465778237805667,0.8136830939947781,0.9650650795954904,0.8383774695250105,5625.0,2.0,1.0,0.00024187306501547988,5.0,2.0,9.0,0.5812865497076023,4.0,0.2777777777777778,1.0,0.0,1.0,1.0,0.008011381141841412,0.09254901856184006,0.00981513038277626,4.5,0.0019211682956665754,-9.69980327484854e-05,-8.04442137638528e-05,0.0,0.0,-0.00012400797076206338,0.0,-0.00020398172323754515,-8.449816274347377e-06,-0.00021017234131992524,3366.png,1.0,19.0,1,0,0.43854813152971983,low_mean_prob,0.484375,0.515625,R239-gtfree-bg-channel-seam-prob-editor,0.0003680501445149015,0.0004053872357711491,val
0.0,0.25,1.0,1.0,1.0,0.0,1.0,1.0,26.0,0.617851130197758,1.132842712474619,0.44706392826149843,0.2878830213281177,0.0,0.0,0.8973211273307992,bg_seed,0.0465778237805667,0.8137646866840731,0.9650684600125792,0.8384615384615385,5625.0,1.0,1.0,0.00014512383900928792,3.0,2.0,2.0,0.5872576177285319,4.0,0.75,1.0,0.0,1.4142135623730951,1.1380711874576983,0.005858223885297775,0.0954248383641243,0.007189146429300308,1.0,0.0018486451590433717,-6.467003157256679e-05,-5.3634470671304335e-05,0.0,0.0,-7.440143533821164e-05,0.0,-0.0001223890339425715,-5.069399185542167e-06,-0.00012610340479191073,3366.png,1.0,19.0,1,0,0.4097221010773178,low_mean_prob,0.46875,0.53125,R239-gtfree-bg-channel-seam-prob-editor,0.0003442197388798985,0.0003454570719040508,val
0.0,0.25,1.0,1.0,0.0,1.0,2.0,1.0,77.92945527847606,1.5613902414065937,1.8987230837345124,0.44661176130616964,0.28750813877778814,0.0,0.0,0.8972963246209906,bg_seed,0.0465778237805667,0.8137238903394256,0.9650667698858139,0.8384195039932745,5625.0,1.0,0.0,0.0001934984520123839,4.0,2.0,2.0,0.002770083102493075,0.0,1.0,1.0,0.0,5.0,4.269421807615892,0.012628301046788692,0.10098039358854294,0.015280167106539011,1.0,0.0058000776916742325,-0.0005168369869013589,-0.00042851702100088485,0.0,0.0,-9.920414514674736e-05,0.0,-0.00016318537859005833,-6.759525950861267e-06,-0.00016813787305591799,3366.png,1.0,19.0,1,0,0.00032033532461689244,low_mean_prob,0.0,1.0,R239-gtfree-bg-channel-seam-prob-editor,0.15135378295741006,0.19613093823184408,val
0.0,0.25,1.0,1.0,1.0,0.0,2.0,2.0,43.0,1.2763958752943507,1.9506939094329987,0.429418420457117,0.27341363610166564,4.0,-4.0,0.9189280677009873,bg_seed,0.2027667812241702,0.8500156559858052,0.9054589926991068,0.9328039095907147,29460.0,1.0,2.0,0.0004815528226403912,26.0,3.0,42.0,0.30933596318211704,4.0,0.20634920634920634,0.9615384615384616,0.038461538461538464,4.242640687119285,2.490198885792789,0.012023215182125568,0.12911011278629303,0.016027523204684258,14.0,0.006145264953374863,-0.0007524693484222134,-0.0006103879223584019,0.0,0.0,-0.0002454300804671794,-4.350284943663296e-05,-0.000420094705655516,-2.700522651177817e-05,-0.0004772449602932216,3392.png,1.0,19.0,1,0,0.03607335015191931,low_mean_prob,0.2391304347826087,0.7608695652173914,R239-gtfree-bg-channel-seam-prob-editor,0.059390243567544646,0.1674605201559945,val
0.0,0.25,1.0,1.0,1.0,0.0,2.0,2.0,43.0,1.637310758431264,2.6626798451430673,0.42925681180410974,0.27328261871830334,4.0,-4.0,0.9189031614978089,bg_seed,0.20263627267586026,0.8499730355061497,0.9055005745209237,0.9327084605986561,29460.0,2.0,2.0,0.0006297229219143577,34.0,5.0,43.0,0.3047236801481939,4.0,0.15813953488372093,0.8823529411764706,0.11764705882352941,4.123105625617661,2.3139489160779982,0.01260740589350462,0.1282583773136139,0.017351777479052543,8.6,0.007214071694761515,-0.0009140780014294525,-0.0007414053057206993,0.0,0.0,-0.00027033628364558915,-0.0001740113977465596,-0.0004627151853110467,1.4576595305126894e-05,-0.0005726939523518215,3392.png,1.0,19.0,1,0,0.050657567207133124,low_mean_prob,0.28703703703703703,0.7129629629629629,R239-gtfree-bg-channel-seam-prob-editor,0.06020978723579396,0.13690616543162878,val
0.0,0.25,39359.0,980.0,0.0,0.0,2.0,2.0,54.41941223150004,16.47597916964122,17.080809306761807,0.3430006115814208,0.20700104899180233,4.0,-4.0,0.9337635988386329,bg_component,0.23871088626569234,0.8757566312888568,0.9241381697954804,0.9435916470037204,51885.0,2.0,2.0,0.0001557672836781848,18.0,7.0,16.0,0.14221824686940965,2.0,0.16071428571428573,1.0,0.0,3.1622776601683795,1.8662128302447836,0.01316035632044077,0.45185184478759766,0.01686730422079563,2.2857142857142856,0.007572177331894636,-0.0003868594162589889,-0.00028186417346379167,0.0,0.0,-8.391377537408928e-05,0.0,-0.00014763537343542854,-1.1816791225749412e-05,-0.00015907102521284244,3460.png,1.0,18.0,1,0,0.04905448044297478,low_p90_prob,0.13541666666666666,0.8645833333333334,R239-gtfree-bg-channel-seam-prob-editor,0.30209138562256155,0.4597752501148566,val
0.0,0.25,39359.0,980.0,0.0,0.0,2.0,2.0,54.41941223150004,16.31567076253972,16.758080336692053,0.34308895972181974,0.20706540748513466,4.0,-4.0,0.9337915715647437,bg_component,0.23871088626569234,0.875805843080002,0.9241421091349691,0.9436446706787914,51885.0,1.0,2.0,0.00010384485578545653,12.0,6.0,15.0,0.13912231559290383,2.0,0.13333333333333333,1.0,0.0,2.23606797749979,1.6625703849682214,0.012998051010072231,0.44967326521873474,0.01686730422079563,2.5,0.007039431016892195,-0.0002985112758600583,-0.00021750568013145788,0.0,0.0,-5.594104926331944e-05,0.0,-9.84235822902857e-05,-7.877451737026142e-06,-0.00010604735014185795,3460.png,1.0,18.0,1,0,0.1465743855947538,low_p90_prob,0.11904761904761904,0.8809523809523809,R239-gtfree-bg-channel-seam-prob-editor,0.3180044230772035,0.4554586947940141,val
0.0,0.25,1.0,1.0,1.0,0.0,2.0,2.0,119.06720791217035,1.429723116869463,2.378175647323916,0.4937376400791035,0.3277899343544858,1.0,-1.0,0.9198067059974504,bg_seed,0.12217484008528785,0.8515204742562301,0.9301474997002038,0.9096933090951739,10332.0,2.0,2.0,0.0010781025395304265,36.0,7.0,118.0,0.360918151615826,4.0,0.043583535108958835,0.9722222222222222,0.027777777777777776,3.1622776601683795,1.7864772304484573,0.009176264517009258,0.21045753359794617,0.01578409131616354,16.857142857142858,0.007278123404830694,-0.0017479357852435706,-0.0015426183387226566,0.0,0.0,-0.0005464896527911378,-5.3304904051171276e-05,-0.0009371924012883115,-4.536086520101623e-05,-0.001026212396645798,3468.png,1.0,19.0,1,0,0.19365892076981528,low_mean_prob,0.34523809523809523,0.6547619047619048,R239-gtfree-bg-channel-seam-prob-editor,0.035398878348975746,0.08432023625554703,val
0.0,0.25,1.0,1.0,1.0,0.0,2.0,2.0,119.06720791217035,0.9042748299925244,1.3297149849570398,0.4948612256114317,0.3287811290440371,1.0,-1.0,0.9200948429164196,bg_seed,0.12217484008528785,0.8520144911625864,0.9301851740876131,0.9102210754705917,10332.0,1.0,2.0,0.0005390512697652132,18.0,5.0,118.0,0.352549889135255,4.0,0.030508474576271188,0.9444444444444444,0.05555555555555555,2.8284271247461903,1.6182772335828866,0.009726723656058311,0.20893245935440063,0.017226141877472404,23.6,0.006104107014834881,-0.0006243502529153511,-0.0005514236491713231,0.0,0.0,-0.0002583527338219094,-5.3304904051171276e-05,-0.00044317549493200215,-7.68647779170184e-06,-0.0004984460212279496,3468.png,1.0,19.0,1,0,0.2637106323583207,low_mean_prob,0.32575757575757575,0.6742424242424242,R239-gtfree-bg-channel-seam-prob-editor,0.028340093111753856,0.0793649986464361,val
0.0,0.25,1.0,1.0,1.0,0.0,1.0,1.0,47.853944456021594,1.0440752506256104,1.1945374011993408,0.49537546795859944,0.3292352725942188,1.0,-1.0,0.9203052077931698,bg_seed,0.12222814498933902,0.8523753327661443,0.9301865883973763,0.91063156042925,10332.0,2.0,1.0,8.98418782942022e-05,3.0,3.0,1.0,0.544005544005544,4.0,1.0,1.0,0.0,1.0,1.0,0.0086740180850029,0.20915032923221588,0.009612496010959148,3.0,0.0018486451590433717,-0.00011010790574761398,-9.72800989896272e-05,0.0,0.0,-4.798785707171849e-05,0.0,-8.233389137413116e-05,-6.272168028509384e-06,-8.796106256969694e-05,3468.png,1.0,19.0,1,0,0.5467178407835097,low_mean_prob,0.5625,0.4375,R239-gtfree-bg-channel-seam-prob-editor,0.0003631184706254195,0.00036311847062541955,val
0.0,0.25,1.0,1.0,1.0,0.0,1.0,1.0,93.00537618869137,1.2151422078754714,1.9579998882813712,0.49205290652439704,0.326306478956291,0.0,0.0,0.9215922798552473,bg_seed,0.06654526534859521,0.854586129753915,0.9598291403624486,0.8862852005452279,5464.0,2.0,1.0,0.0005963965095109548,19.0,49.0,16.0,0.3210407239819005,4.0,0.02423469387755102,0.8947368421052632,0.10526315789473684,2.23606797749979,1.5421348989339878,0.009821819141507149,0.2018575817346573,0.018363656476140022,3.0625,0.005147559568285942,-0.0010764397899284406,-0.0009474529642583551,0.0,0.0,-0.00024856791152638724,-0.00010405827263267053,-0.000427571940621041,3.882081947670368e-05,-0.0004930251442822886,3567.png,1.0,20.0,1,0,0.745071433371669,recall_drop,0.375,0.625,R239-gtfree-bg-channel-seam-prob-editor,0.5040307486229617,0.9410684278861257,val
0.0,0.25,1.0,1.0,1.0,0.0,1.0,1.0,36.05551275463989,1.1515749096870422,1.7617445588111877,0.49268753823055106,0.3268649007599793,0.0,0.0,0.9217433253433435,bg_seed,0.06664932362122789,0.8548459258430736,0.959782745196534,0.8866042168150575,5464.0,2.0,1.0,0.0001883357398455647,6.0,2.0,3.0,0.1970310391363023,2.0,1.0,1.0,0.0,2.0,1.5,0.012450807727873325,0.20065359771251678,0.01396113121882081,1.5,0.0047582415863871574,-0.0004418080837744198,-0.0003890311605700414,0.0,0.0,-9.752242343019635e-05,0.0,-0.00016777585146243723,-7.5743464379440795e-06,-0.0001740088744526247,3567.png,1.0,20.0,1,0,0.5705739945787814,low_mean_prob,0.3888888888888889,0.6111111111111112,R239-gtfree-bg-channel-seam-prob-editor,0.0674187722398041,0.09787761511245972,val
0.0,0.25,1.0,1.0,1.0,0.0,1.0,1.0,36.05551275463989,0.7976745486560608,0.9914535344550444,0.49316134771488934,0.3272821194007822,0.0,0.0,0.9217734762486244,bg_seed,0.06659729448491156,0.8548977936858589,0.959814140399347,0.886633218294133,5464.0,1.0,1.0,0.0001883357398455647,6.0,33.0,13.0,0.3797692990239574,4.0,0.013986013986013986,0.8333333333333334,0.16666666666666666,2.0,1.304737854124365,0.009129028767347336,0.20065359771251678,0.012619215995073318,2.5384615384615383,0.0035197152756154537,3.200140056386358e-05,2.8187480232866324e-05,0.0,0.0,-6.737151814928399e-05,-5.202913631632833e-05,-0.00011590800867711248,2.3820856375089683e-05,-0.00014500739537715024,3567.png,1.0,20.0,1,0,0.5054061024595998,low_mean_prob,0.34375,0.65625,R239-gtfree-bg-channel-seam-prob-editor,0.03093945211287144,0.07029989649911653,val
0.0,0.25,1.0,1.0,0.0,0.0,1.0,1.0,93.00537618869137,0.8433960947048239,1.1047868132591248,0.492574670448857,0.32676555235775956,0.0,0.0,0.9217433253433435,bg_seed,0.06664932362122789,0.8548459258430736,0.959782745196534,0.8866042168150575,5464.0,1.0,1.0,0.0001883357398455647,6.0,3.0,2.0,0.13765182186234817,2.0,1.0,1.0,0.0,2.0,1.4023689270621826,0.011896959505975246,0.1980392187833786,0.016152210533618927,1.5,0.0054291654378175735,-0.0005546758654684791,-0.000488379562789798,0.0,0.0,-9.752242343019635e-05,0.0,-0.00016777585146243723,-7.5743464379440795e-06,-0.0001740088744526247,3567.png,1.0,20.0,1,0,0.9464026529103386,recall_drop,0.4166666666666667,0.5833333333333334,R239-gtfree-bg-channel-seam-prob-editor,0.8757364341376072,0.9312479055097911,val
0.0,0.25,1.0,1.0,1.0,0.0,2.0,2.0,66.06814663663572,0.856179846275715,1.4081643223762512,0.5262277252572576,0.35706176203451406,0.0,0.0,0.9119869651936962,bg_seed,0.041043180846515606,0.8382132713658662,0.96573060447406,0.863909734419075,2508.0,1.0,2.0,0.0004757373929590866,8.0,65.0,4.0,0.42004950495049503,4.0,0.03076923076923077,1.0,0.0,2.0,1.426776695296637,0.007095119915902615,0.22696077823638916,0.008960018865764141,16.25,0.004974946845322847,-0.0008638081151567389,-0.0007958681678966739,0.0,0.0,-0.00024446297650471127,0.0,-0.0004131164471985471,-1.630323288570601e-05,-0.0004257810420990049,3595.png,1.0,19.0,1,0,0.13275570839983988,low_mean_prob,0.390625,0.609375,R239-gtfree-bg-channel-seam-prob-editor,0.0007141348968474862,0.0010911751083677447,val
0.0,0.25,1.0,1.0,1.0,0.0,2.0,2.0,66.06814663663572,0.9733598812014801,1.4263257205486297,0.5262277252572576,0.35706176203451406,0.0,0.0,0.9119258322798146,bg_seed,0.041043180846515606,0.8381099922540666,0.9657265262406284,0.8638032891585502,2508.0,2.0,2.0,0.0005946717411988582,10.0,65.0,5.0,0.4216372856797875,4.0,0.03076923076923077,1.0,0.0,2.0,1.4414213562373095,0.0063601406291127205,0.22705884277820587,0.008960018865764141,13.0,0.004454045556485653,-0.0008638081151567389,-0.0007958681678966739,0.0,0.0,-0.00030559589038625656,0.0,-0.0005163955589981839,-2.0381466317331842e-05,-0.0005322263026238394,3595.png,1.0,19.0,1,0,0.14142888676250442,low_mean_prob,0.39705882352941174,0.6029411764705882,R239-gtfree-bg-channel-seam-prob-editor,0.0006880635055401968,0.0010856443596819457,val
0.0,0.25,1.0,1.0,1.0,0.0,1.0,1.0,20.024984394500787,0.7743459840615591,0.8742224872112274,0.5262981574539364,0.35712661968629233,0.0,0.0,0.9121042725919267,bg_seed,0.04097192532421263,0.8384114852303243,0.9657941701368233,0.8640694023098622,2508.0,2.0,1.0,0.00035680304471931494,6.0,2.0,6.0,0.6234335839598998,4.0,0.5,0.8333333333333334,0.16666666666666666,1.0,1.0,0.010523926466703415,0.21960784494876862,0.011508032213896513,3.0,0.0022641185205429792,-0.0007933759184779454,-0.0007310105161184022,0.0,0.0,-0.0001271555782741407,-7.125552230297788e-05,-0.0002149025827404838,4.7262429877625856e-05,-0.0002661131513118642,3595.png,1.0,19.0,1,0,0.2100020665734363,low_mean_prob,0.5,0.5,R239-gtfree-bg-channel-seam-prob-editor,0.00037290600841259603,0.0004490106730857485,val
0.0,0.25,1.0,1.0,1.0,0.0,1.0,1.0,20.024984394500787,0.6994334657986959,0.7394041895866394,0.5267565530525081,0.35754888585720784,0.0,0.0,0.9121397674287961,bg_seed,0.041043180846515606,0.8384714691453653,0.965740795812764,0.8641758475703869,2508.0,1.0,1.0,0.00017840152235965747,3.0,1.0,3.0,0.6202356202356203,4.0,1.0,1.0,0.0,1.0,1.0,0.010658693499863148,0.21830065548419952,0.011612674966454507,3.0,0.0018486450426280499,-0.00033498031990619737,-0.00030874434520289373,0.0,0.0,-9.166074140476432e-05,0.0,-0.00015491866769945517,-6.111894181759503e-06,-0.00015966789078714072,3595.png,1.0,19.0,1,0,0.2824318840105768,low_mean_prob,0.5,0.5,R239-gtfree-bg-channel-seam-prob-editor,0.0003348536760760198,0.0003348536760760198,val
0.0,0.25,1.0,1.0,1.0,0.0,2.0,2.0,82.00609733428362,0.8952971538161114,1.4932407890969386,0.3573610953943646,0.2175530449159548,1.0,1.0,0.9069588804339999,bg_seed,0.04836239687793311,0.8297573295267376,0.974542171782306,0.8481413306994703,8511.0,1.0,2.0,0.00020630254267883853,8.0,2.0,81.0,0.2332433648223122,3.0,0.04938271604938271,1.0,0.0,2.23606797749979,1.5812851924841107,0.05629238486289978,0.5215686559677124,0.0660904511809349,40.5,0.013298692181706429,-0.0003440640324915978,-0.00025507978230024375,0.0,0.0,-0.00010494118230242044,0.0,-0.00017568903041620398,-5.252014692369578e-06,-0.0001795815749303653,3596.png,1.0,20.0,1,0,0.16389526253102635,low_mean_prob,0.328125,0.671875,R239-gtfree-bg-channel-seam-prob-editor,0.0004973650122846354,0.0006260191272456507,val
0.0,0.25,1.0,1.0,1.0,0.0,2.0,2.0,82.00609733428362,1.4324476745758292,2.4767090916633605,0.3568680696990269,0.2171877151907451,1.0,1.0,0.9068014308693252,bg_seed,0.04836239687793311,0.8294937959811134,0.9745342896950308,0.8478719583370746,8511.0,2.0,2.0,0.0005157563566970963,20.0,4.0,82.0,0.23516949152542374,3.0,0.06097560975609756,1.0,0.0,3.0,1.7153567894682635,0.055862344801425934,0.5192157030105591,0.06693749204277993,20.5,0.014641696587204933,-0.0008370897278293099,-0.0006204095075099669,0.0,0.0,-0.0002623907469770925,0.0,-0.00043922257604045445,-1.3134101967571254e-05,-0.0004489539373260243,3596.png,1.0,20.0,1,0,0.17113416138696436,low_mean_prob,0.375,0.625,R239-gtfree-bg-channel-seam-prob-editor,0.00047191004102050354,0.000537080248326851,val
0.0,0.25,1.0,1.0,1.0,0.0,1.0,1.0,66.21933252457322,0.9894187149726452,1.5653221253818768,0.35708222511459453,0.21734637641223478,1.0,1.0,0.9069326419895338,bg_seed,0.04836239687793311,0.8297134072691337,0.9745408584399504,0.8480964353057376,8511.0,1.0,1.0,0.00025787817834854813,10.0,5.0,3.0,0.23702313946216386,2.0,0.6666666666666666,1.0,0.0,3.605551275463989,2.024653760025145,0.05561348795890808,0.5066666603088379,0.07153040766716004,1.6666666666666667,0.013562062755227089,-0.0006229343122616804,-0.00046174828602027485,0.0,0.0,-0.00013117962676845174,0.0,-0.0002196112880201717,-6.565357047905174e-06,-0.00022447696866301214,3596.png,1.0,20.0,1,0,0.23382979897571243,low_mean_prob,0.2916666666666667,0.7083333333333334,R239-gtfree-bg-channel-seam-prob-editor,0.0004330017673343114,0.00047402110065601177,val
0.0,0.25,1.0,1.0,1.0,0.0,1.0,1.0,66.21933252457322,1.3776133958321843,2.148355813913644,0.35660580021482274,0.2169934640522876,1.0,1.0,0.9066833139248712,bg_seed,0.04836239687793311,0.8292961458218953,0.9745283749258046,0.8476699290652779,8511.0,2.0,1.0,0.0007478467172107896,29.0,63.0,17.0,0.36058700209643607,4.0,0.02707749766573296,1.0,0.0,4.0,2.2319050436162247,0.05335960164666176,0.5133197903633118,0.07839605212211609,3.7058823529411766,0.014793566428124905,-0.0010993592120334683,-0.0008146606459674688,0.0,0.0,-0.00038050769143105345,0.0,-0.0006368727352585868,-1.904887119374976e-05,-0.000650983209122713,3596.png,1.0,20.0,1,0,0.016259205855454675,low_mean_prob,0.2916666666666667,0.7083333333333334,R239-gtfree-bg-channel-seam-prob-editor,0.00043661696611273535,0.0004728592541440006,val
0.0,0.25,1.0,1.0,1.0,0.0,1.0,1.0,75.43208866258443,0.7294694039730836,1.0101905036243628,0.4589863440564568,0.2978470322350422,1.0,-1.0,0.9289115511289234,bg_seed,0.15688912809472552,0.8672594239140502,0.9284878532473971,0.9293356358800294,14292.0,1.0,1.0,7.931943921156477e-05,4.0,2.0,2.0,0.19736842105263158,3.0,1.0,0.0,1.0,2.0,1.3535533905932737,0.010936100035905838,0.19019608199596405,0.013795924372971058,1.0,0.004384446889162064,0.0002118814321385165,0.00017842274295226668,0.0,0.0,3.6858644199999624e-05,-0.00017940437746680193,6.425452769376339e-05,7.364713583435378e-05,0.0,3602.png,0.0,19.0,0,1,0.5392049284680903,low_mean_prob,0.40625,0.59375,R239-gtfree-bg-channel-seam-prob-editor,0.009511405340251744,0.01529526060693208,val
0.0,0.25,1.0,1.0,0.0,0.0,3.0,3.0,75.43208866258443,1.099540190704471,1.7566342783154931,0.4592205889087329,0.2980443440527849,1.0,-1.0,0.9288952825040925,bg_seed,0.1567097237172587,0.867231062781349,0.928554427165979,0.9292363881776137,14292.0,2.0,2.0,0.0002577881774375855,13.0,53.0,42.0,0.12085854220685681,2.0,0.005840071877807727,0.38461538461538464,0.6153846153846154,3.1622776601683795,1.791635989589257,0.008424325846135616,0.19788837432861328,0.013795924372971058,1.2619047619047619,0.006078262813389301,0.00044612628441464963,0.00037573456069495137,0.0,0.0,2.0590019369048917e-05,-0.0003588087549336316,3.5893394992547734e-05,0.00014022105441624522,-9.92477024157612e-05,3602.png,1.0,19.0,1,0,0.04758006986125351,low_mean_prob,0.3333333333333333,0.6666666666666666,R239-gtfree-bg-channel-seam-prob-editor,0.005433823887910446,0.009212756790413792,val
0.0,0.25,15900.0,39.0,0.0,0.0,2.0,2.0,25.198266802355768,10.193470425572013,10.574988004001645,0.45911402263044576,0.2979545724818647,1.0,-1.0,0.9289207662470363,bg_component,0.1568442770003588,0.8672754890337878,0.9285062668570522,0.9293356358800294,14292.0,1.0,2.0,9.914929901445597e-05,5.0,9.0,5.0,0.06395663956639566,1.0,0.1111111111111111,0.0,1.0,1.4142135623730951,1.1656854249492379,0.007962717674672604,0.19607843458652496,0.010163700580596924,1.8,0.003507557325065136,0.0003395600061275039,0.0002859629897747351,0.0,0.0,4.607376231291482e-05,-0.00022425547183352323,8.031964743138165e-05,9.206074548939736e-05,0.0,3602.png,0.0,19.0,0,1,0.22016733649067693,low_mean_prob,0.2,0.8,R239-gtfree-bg-channel-seam-prob-editor,0.003178578806406967,0.003599897550997803,val
0.0,0.25,15900.0,39.0,0.0,0.0,2.0,2.0,25.198266802355768,10.24250778986086,10.698089022095097,0.459565894312666,0.29833531510107014,1.0,-1.0,0.9289484126984127,bg_component,0.1567097237172587,0.8673236879642837,0.9285615120683842,0.9293356358800294,14292.0,2.0,2.0,0.00015863887842312955,8.0,9.0,6.0,0.06402116402116402,1.0,0.14814814814814814,0.0,1.0,2.0,1.4053300858899105,0.008357641287147999,0.19558823108673096,0.011122629046440125,1.5,0.00306127336807549,0.0007914316883477213,0.0006667056089801893,0.0,0.0,7.372021368923232e-05,-0.0003588087549336316,0.0001285185779272835,0.00014730595682144187,0.0,3602.png,0.0,19.0,0,1,0.07846578343683103,low_mean_prob,0.16666666666666666,0.8333333333333334,R239-gtfree-bg-channel-seam-prob-editor,0.0028734509056379826,0.0033746154594048753,val
0.0,0.25,1.0,1.0,1.0,0.0,3.0,3.0,50.0,1.5196462088080105,2.5,0.4773685690188361,0.3135155096011817,0.0,0.0,0.9123886790693337,bg_seed,0.09619586531458345,0.8388922232701707,0.9417351129363449,0.884815964790643,6389.0,2.0,2.0,0.0006733143095322069,21.0,5.0,48.0,0.20209059233449478,4.0,0.0875,0.9523809523809523,0.047619047619047616,2.23606797749979,1.5071562638034708,0.009173012338578701,0.24220357835292816,0.022214336320757866,9.6,0.007645005360245705,-0.0013033499457108522,-0.001125313066570044,0.0,0.0,-0.0003237910217137596,-5.602554764973233e-05,-0.0005476166841019703,-7.167996035062352e-06,-0.0006028999487535103,3678.png,1.0,19.0,1,0,0.18901943372116928,low_mean_prob,0.358695652173913,0.6413043478260869,R239-gtfree-bg-channel-seam-prob-editor,0.06034180375635741,0.12785479781707632,val
0.0,0.25,1.0,1.0,1.0,0.0,3.0,3.0,50.0,0.9603553390593274,1.5,0.478236418850523,0.31426459719142646,0.0,0.0,0.9125745897563401,bg_seed,0.09619586531458345,0.8392066077910201,0.9417556688796946,0.8851475597624574,6389.0,1.0,2.0,0.00032062586168200326,10.0,3.0,48.0,0.18925518925518925,3.0,0.06944444444444445,0.9,0.1,2.0,1.4414213562373095,0.005991330835968256,0.239215686917305,0.019185974821448324,16.0,0.0024802174884825945,-0.00043550011402399,-0.0003762254763252648,0.0,0.0,-0.00013788033470740757,-5.602554764973233e-05,-0.00023323216325255025,1.3387947314646986e-05,-0.0002713049769390574,3678.png,1.0,19.0,1,0,0.25128605415040917,low_mean_prob,0.36764705882352944,0.6323529411764706,R239-gtfree-bg-channel-seam-prob-editor,0.07233820895120333,0.12578398916671651,val
0.0,0.25,1.0,1.0,1.0,0.0,3.0,3.0,54.08326913195984,1.3323572850619636,2.233180153369904,0.4798155852918025,0.3156298542791627,0.0,0.0,0.9128434663682705,bg_seed,0.09546753319513698,0.8396614821591949,0.942157774854833,0.8852982847496458,6389.0,2.0,1.0,0.0005771265510276059,18.0,6.0,53.0,0.3464419475655431,3.0,0.05660377358490566,0.2222222222222222,0.7777777777777778,2.8284271247461903,1.5821504813677265,0.003791075199842453,0.23681919276714325,0.006283159833401442,8.833333333333334,0.0037292467895895243,0.0011436663272555436,0.000989031611410951,0.0,0.0,0.00013099627722301666,-0.0007843576670961971,0.00022164220492226772,0.0004154939224529919,-0.00012057998975067985,3678.png,1.0,19.0,1,0,0.02865222386121972,low_mean_prob,0.38095238095238093,0.6190476190476191,R239-gtfree-bg-channel-seam-prob-editor,0.04139246180763011,0.11279067951874426,val
0.0,0.25,1.0,1.0,0.0,0.0,2.0,2.0,54.08326913195984,0.9358351402416473,1.3160688121263684,0.47899206929523597,0.3149175356852304,0.0,0.0,0.9127354092858475,bg_seed,0.09602778867163426,0.839478648602298,0.9418593464387647,0.8853585747445212,6389.0,1.0,1.0,0.00019237551700920197,6.0,2.0,3.0,0.08367071524966262,1.0,1.0,0.3333333333333333,0.6666666666666666,2.8284271247461903,1.7464514441031793,0.004188773222267628,0.239215686917305,0.006283159833401442,1.5,0.003201947081834078,0.00032015033068899523,0.00027671301747866917,0.0,0.0,2.2939194800009055e-05,-0.00022410219059891545,3.8808648025412396e-05,0.00011706550638468372,-6.0289994875284414e-05,3678.png,1.0,19.0,1,0,0.19783378884837494,low_mean_prob,0.3611111111111111,0.6388888888888888,R239-gtfree-bg-channel-seam-prob-editor,0.07586206610098427,0.12234311839436912,val
0.0,0.25,1.0,1.0,1.0,0.0,3.0,3.0,252.79438284898657,0.9246568787804009,1.3151993309670558,0.2817439508577422,0.16397087674935693,6.0,-6.0,0.8787768698854085,bg_seed,0.22861170883727833,0.7837662694272063,0.8815615541417011,0.8760097228019348,46477.0,1.0,2.0,0.00022232377752800663,18.0,50.0,246.0,0.1744186046511628,2.0,0.0014634146341463415,0.8888888888888888,0.1111111111111111,2.8284271247461903,1.7365544671657736,0.013569885864853859,0.20217865705490112,0.027406366169452676,4.92,0.009263742715120316,-0.00022080354795711576,-0.0001495946605077625,0.0,0.0,-9.963007457203243e-05,-7.420048972323068e-05,-0.00015851667228083954,-1.6290407401919893e-06,-0.00019642024110577694,3700.png,1.0,16.0,1,0,0.25301390933068507,low_mean_prob,0.3055555555555556,0.6944444444444444,R239-gtfree-bg-channel-seam-prob-editor,0.0008745748723183538,0.002120508631562795,val
0.0,0.25,1.0,1.0,1.0,0.0,5.0,5.0,252.79438284898657,1.424552327698642,2.3154620649581847,0.2810851262862488,0.16352475075101222,6.0,-6.0,0.878552907918481,bg_seed,0.2285375083475551,0.7834100370154762,0.8815335747568256,0.8755923297895848,46477.0,2.0,2.0,0.0006669713325840198,54.0,52.0,248.0,0.18385883482714468,2.0,0.004187344913151364,0.9259259259259259,0.07407407407407407,3.605551275463989,2.02635647371933,0.012408215552568436,0.20457513630390167,0.03406554572284222,4.769230769230769,0.009388434700667858,-0.0008796281194504707,-0.0005957206588524666,0.0,0.0,-0.0003235920414995652,-0.00014840097944646136,-0.0005147490840109459,-2.9608425615723633e-05,-0.000613813253455775,3700.png,1.0,16.0,1,0,0.0233132128757477,low_mean_prob,0.3163265306122449,0.6836734693877551,R239-gtfree-bg-channel-seam-prob-editor,0.0008607198658750404,0.0020633620462863025,val
0.0,0.25,57017.0,65.0,1.0,0.0,2.0,2.0,123.86378117749527,11.602365321638691,11.809593708032555,0.2819878569822352,0.16413612565445027,6.0,-6.0,0.8788350829664747,bg_component,0.22868590932700156,0.7838588860698321,0.8815544054251022,0.8761324854526259,46477.0,1.0,1.0,7.410792584266888e-05,6.0,3.0,2.0,0.23954116059379219,2.0,1.0,1.0,0.0,2.23606797749979,1.608380256645481,0.006854549050331116,0.21307189762592316,0.007693531457334757,1.5,0.0029229645151644945,2.3102576535927177e-05,1.5654244585577848e-05,0.0,0.0,-4.1416993505793975e-05,0.0,-6.59000296550083e-05,-8.777757339095693e-06,-7.365759041466635e-05,3700.png,1.0,16.0,1,0,0.017006798922240135,low_mean_prob,0.16666666666666666,0.8333333333333334,R239-gtfree-bg-channel-seam-prob-editor,0.0003267785380767923,0.0003281846799240547,val
0.0,0.25,1.0,1.0,1.0,0.0,1.0,1.0,20.0,1.2247546895706427,2.3121320343559644,0.509374636077792,0.34171875,0.0,0.0,0.9276305689459302,bg_seed,0.07778331395670708,0.8650289182843727,0.9555316591814789,0.9013126491646778,7234.0,2.0,1.0,0.00047418834761167133,15.0,5.0,20.0,0.26480836236933797,2.0,0.15,0.26666666666666666,0.7333333333333333,1.4142135623730951,1.165685424949238,0.010719874873757362,0.23633986711502075,0.01553317867219448,4.0,0.003912844229489565,0.0010461561709778078,0.0009409895751991137,0.0,0.0,9.077799232870554e-05,-0.000608979682223329,0.00015786467358758216,0.0003266517525281065,-0.00011933174224343368,3725.png,1.0,19.0,1,0,0.7816162088785406,low_mean_prob,0.45,0.55,R239-gtfree-bg-channel-seam-prob-editor,0.010729683958104108,0.03990057143733228,val
0.0,0.25,1.0,1.0,1.0,0.0,1.0,1.0,20.0,0.728962241308869,1.2707106781186548,0.5091120815138283,0.34148246504725455,0.0,0.0,0.9276065332187154,bg_seed,0.0780047611138792,0.8649871170913255,0.9554136099165191,0.9013723150357995,7234.0,1.0,1.0,0.0002845130085670028,9.0,3.0,19.0,0.2662004662004662,2.0,0.15789473684210525,0.2222222222222222,0.7777777777777778,1.4142135623730951,1.1380711874576983,0.010490029118955135,0.2357298582792282,0.0147297952324152,6.333333333333333,0.003897286020219326,0.0007836016070140728,0.0007047046224536446,0.0,0.0,6.674226511393933e-05,-0.00038753252505120683,0.00011606348054038484,0.00020860248756837674,-5.966587112171684e-05,3725.png,1.0,19.0,1,0,0.8381956013449445,low_mean_prob,0.40789473684210525,0.5921052631578947,R239-gtfree-bg-channel-seam-prob-editor,0.011372455140074046,0.03305622476936677,val
0.0,0.25,1.0,1.0,1.0,0.0,2.0,2.0,69.6419413859206,1.4383930409799153,2.13854246510859,0.5079051383399209,0.3403973509933775,0.0,0.0,0.9272554197629429,bg_seed,0.07828157006034435,0.8643766995849435,0.9552385170188537,0.900865155131265,7234.0,2.0,2.0,0.0006638636866563399,21.0,59.0,26.0,0.24125636672325976,4.0,0.013689700130378096,0.9047619047619048,0.09523809523809523,3.1622776601683795,1.9654952352359718,0.007916395552456379,0.2362278252840042,0.011551685631275177,2.269230769230769,0.0045128087513148785,-0.00042334156689327607,-0.000380409431423423,0.0,0.0,-0.0002843711906586055,-0.00011072357858606108,-0.0004943540258416368,3.3509589902891435e-05,-0.0005668257756562545,3725.png,1.0,19.0,1,0,0.07529867013566886,low_mean_prob,0.20454545454545456,0.7954545454545454,R239-gtfree-bg-channel-seam-prob-editor,0.00033065179479085894,0.0003348536760760198,val
0.0,0.25,1.0,1.0,1.0,0.0,2.0,2.0,69.6419413859206,0.8416656777262688,1.167694526910782,0.5085534737577098,0.340980024968789,0.0,0.0,0.92746949113516,bg_seed,0.07828157006034435,0.8647488192357234,0.9552569169960474,0.9012529832935561,7234.0,1.0,2.0,0.00025290045205955805,8.0,59.0,24.0,0.23824561403508773,4.0,0.005649717514124294,0.75,0.25,2.0,1.5,0.00714945187792182,0.2348039150238037,0.011551685631275177,2.4583333333333335,0.0053474074229598045,0.00022499385089558288,0.00020226454398808436,0.0,0.0,-7.029981844153266e-05,-0.00011072357858606108,-0.00012223437506164725,5.1909567096664055e-05,-0.00017899761336515052,3725.png,1.0,19.0,1,0,0.4062112074975021,low_mean_prob,0.234375,0.765625,R239-gtfree-bg-channel-seam-prob-editor,0.0003304417007266009,0.0003348536760760198,val
0.0,0.25,1.0,1.0,1.0,0.0,1.0,1.0,50.00999900019995,0.7444278667671625,0.9745748293580498,0.308742836239483,0.1825522710886806,0.0,0.0,0.8284952141848423,bg_seed,0.004541501594356943,0.7072060005357621,0.9941006652441321,0.7101865136298422,1499.0,1.0,1.0,0.0003764115432873275,3.0,2.0,2.0,0.5796398891966759,4.0,0.75,1.0,0.0,1.4142135623730951,1.1380711874576983,0.04240332171320915,0.8470588326454163,0.04819617941975594,1.0,0.008471556007862091,-0.0006009061367063251,-0.0004203118839023745,0.0,0.0,-0.00018379428707482326,0.0,-0.0002678810608089943,-2.2205776997186177e-06,-0.00026901004304158427,3732.png,1.0,20.0,1,0,0.9690343317322136,low_mean_prob,0.375,0.625,R239-gtfree-bg-channel-seam-prob-editor,0.0007109688830851565,0.0007128007806215651,val
0.0,0.25,1.0,1.0,1.0,0.0,1.0,1.0,50.00999900019995,0.8282934330629665,1.0648781478404998,0.30870519385515727,0.18252595155709342,0.0,0.0,0.8284339366042474,bg_seed,0.004541501594356943,0.7071167068488258,0.9940999246798895,0.710096843615495,1499.0,2.0,1.0,0.0005018820577164366,4.0,2.0,2.0,0.5803324099722992,4.0,1.0,1.0,0.0,2.0,1.3535533905932737,0.03688103333115578,0.8500000238418579,0.04797919318079948,1.0,0.008931796997785568,-0.0006385485210320674,-0.0004466314154895623,0.0,0.0,-0.00024507186766975497,0.0,-0.00035717474774532576,-2.9611419423147822e-06,-0.00035868005738881603,3732.png,1.0,20.0,1,0,0.9173081215547313,low_mean_prob,0.375,0.625,R239-gtfree-bg-channel-seam-prob-editor,0.0007089815502564374,0.0007124082311494775,val
0.0,0.25,1.0,1.0,1.0,0.0,1.0,1.0,50.80354318352215,1.014672050658965,1.4620811510357092,0.3076923076923077,0.18181818181818182,0.0,0.0,0.828188762163859,bg_seed,0.004541501594356943,0.7067595321010804,0.9940969605626727,0.7097381635581061,1499.0,2.0,1.0,0.0010037641154328732,8.0,41.0,31.0,0.6481876332622601,4.0,0.006294256490952006,1.0,0.0,1.4142135623730951,1.1553300858899105,0.034153051674366,0.8475490212440491,0.04711124822497368,1.3225806451612903,0.008419393561780453,-0.0016514346838816252,-0.0011544011544011579,0.0,0.0,-0.000490246308058162,0.0,-0.0007143494954906515,-5.925259159100804e-06,-0.0007173601147776321,3732.png,1.0,20.0,1,0,0.8358051826714763,low_mean_prob,0.4027777777777778,0.5972222222222222,R239-gtfree-bg-channel-seam-prob-editor,0.0005590110150735957,0.0007108380332611275,val
0.0,0.25,1.0,1.0,0.0,1.0,2.0,1.0,50.80354318352215,0.9380354921311965,0.9832735751670836,0.3089292240224144,0.1826826105748451,0.0,0.0,0.8284952141848423,bg_seed,0.004541501594356943,0.7072060005357621,0.9941006652441321,0.7101865136298422,1499.0,1.0,0.0,0.0003764115432873275,3.0,2.0,2.0,0.002077562326869806,0.0,0.75,1.0,0.0,3.1622776601683795,2.4661152125560566,0.017167378216981888,0.8588235378265381,0.020235274732112885,1.0,0.003201947081834078,-0.00041451835377492863,-0.00028997239773786987,0.0,0.0,-0.00018379428707482326,0.0,-0.0002678810608089943,-2.2205776997186177e-06,-0.00026901004304158427,3732.png,1.0,20.0,1,0,0.8201742603776659,low_mean_prob,0.125,0.875,R239-gtfree-bg-channel-seam-prob-editor,0.09139114347923573,0.21795279551465868,val
0.0,0.25,30376.0,181.0,0.0,1.0,3.0,2.0,59.95298853481679,23.05648296747926,23.431000809681255,0.33799524404498005,0.2033659908817538,3.0,-3.0,0.9111031614720744,bg_component,0.233773837403814,0.8367212845468358,0.9062940173474683,0.9159636162018792,35781.0,1.0,1.0,0.00023717407094469398,16.0,7.0,20.0,0.057724252491694356,1.0,0.11428571428571428,0.125,0.875,4.47213595499958,3.1177926067150215,0.05966503173112869,0.7470588684082031,0.07893675193190575,2.857142857142857,0.024174172431230545,0.0016205972948791225,0.0011722420951104373,0.0,0.0,7.882357321153943e-05,-0.0005854800936768156,0.00013294781479533668,0.00018530268269900674,-2.9970179671212627e-05,3777.png,1.0,20.0,1,0,0.16151239329024705,low_bg_channel_frac,0.0375,0.9625,R239-gtfree-bg-channel-seam-prob-editor,0.44644845276713785,0.8682792743783421,val
0.0,0.25,30376.0,181.0,0.0,0.0,2.0,2.0,59.95298853481679,23.438303165767266,24.372283724524507,0.3382086304847093,0.20352051207448357,3.0,-3.0,0.9111263490549162,bg_component,0.2334810973569756,0.8367603975577034,0.9063839252613628,0.9159186609323723,35781.0,2.0,2.0,0.0003854078652851277,26.0,8.0,23.0,0.13020030816640987,2.0,0.14130434782608695,0.19230769230769232,0.8076923076923077,4.47213595499958,2.77453046220428,0.056514494121074677,0.7553545236587524,0.07603413611650467,2.875,0.02594619058072567,0.0018339837346083576,0.0013267632878402047,0.0,0.0,0.00010201115605334987,-0.0008782201405152235,0.00017206082566290082,0.00027521059659352254,-7.492544917808708e-05,3777.png,1.0,20.0,1,0,0.08154183232326362,recall_drop,0.16,0.84,R239-gtfree-bg-channel-seam-prob-editor,0.3838132730363633,0.8595029963480358,val
0.0,0.25,30376.0,156.0,0.0,0.0,2.0,2.0,37.965233905130674,29.05921407073559,29.513065301193855,0.3360077409990727,0.2019286683465788,3.0,-3.0,0.9109026002578645,bg_component,0.2343593174974908,0.8363830456977842,0.9060878332295466,0.9157688100340161,35781.0,1.0,2.0,0.0002223506915106506,15.0,15.0,25.0,0.10125361620057859,2.0,0.04,1.0,0.0,3.1622776601683795,2.2004029671186136,0.050541460514068604,0.762614369392395,0.07622838914394378,1.6666666666666667,0.029166439548134804,-0.00036690575102821255,-0.000265080440064569,0.0,0.0,-0.00012173764099832063,0.0,-0.00020529103425626083,-2.0881435222719347e-05,-0.00022477634753426123,3777.png,1.0,20.0,1,0,0.5029680637876743,low_p90_prob,0.1375,0.8625,R239-gtfree-bg-channel-seam-prob-editor,0.2071249832327667,0.36021317145647996,val
0.0,0.25,30376.0,156.0,0.0,0.0,2.0,2.0,37.965233905130674,29.27847641032855,30.233461527261944,0.3362089816979763,0.20207404535762744,3.0,-3.0,0.9108620149954537,bg_component,0.2343593174974908,0.8363146153530322,0.9060808706869709,0.9156938845848381,35781.0,2.0,2.0,0.00029646758868086747,20.0,16.0,26.0,0.09925558312655088,2.0,0.04807692307692308,1.0,0.0,3.1622776601683795,2.0328163023326042,0.05272390693426132,0.7545098066329956,0.07606439217925072,1.625,0.029798759147524834,-0.00016566505212461946,-0.00011970342901593267,0.0,0.0,-0.00016232290340911781,0.0,-0.00027372137900827376,-2.784397779842518e-05,-0.0002997017967122373,3777.png,1.0,20.0,1,0,0.39251957506757934,low_p90_prob,0.19101123595505617,0.8089887640449438,R239-gtfree-bg-channel-seam-prob-editor,0.2018155114338752,0.36021317145647996,val
0.0,0.25,44552.0,35.0,1.0,0.0,2.0,2.0,95.65897016174063,14.314919723245529,14.78540887276057,0.3611111111111111,0.22033898305084745,5.0,-5.0,0.9098302812180233,bg_component,0.21582488714760242,0.8345767319922969,0.9087561014291001,0.9109070034443169,34507.0,1.0,1.0,0.0001409517768733372,8.0,2.0,4.0,0.16907894736842105,2.0,1.0,1.0,0.0,2.8284271247461903,1.9206322727489686,0.002972939983010292,0.21274510025978088,0.0032548101386055345,2.0,0.002593873767182231,-0.00018147449857014442,-0.0001351433471832586,0.0,0.0,-7.69269109679449e-05,0.0,-0.00012946450245177044,-1.2860989632379471e-05,-0.0001413053077806703,3840.png,1.0,18.0,1,0,0.03222664246821732,low_mean_prob,0.075,0.925,R239-gtfree-bg-channel-seam-prob-editor,0.0003225253883997019,0.00043750308236387104,val
0.0,0.25,44552.0,324.0,0.0,0.0,2.0,2.0,41.5096856285538,10.374148108587718,10.526852515873813,0.3616042077580539,0.22070626003210272,5.0,-5.0,0.9099216710182768,bg_component,0.2156971297163785,0.8347305389221557,0.9088153930188713,0.9110306455886249,34507.0,1.0,1.0,7.04758884366686e-05,4.0,2.0,2.0,0.05609418282548476,1.0,1.0,0.25,0.75,2.0,1.5,0.006221893709152937,0.21470588445663452,0.00799445570446551,1.0,0.003251592628657818,0.0003116221483726589,0.0002321336340720126,0.0,0.0,1.446288928552697e-05,-0.0001277574312239238,2.4342427407009204e-05,4.6430600138758216e-05,-1.766316347262542e-05,3840.png,1.0,18.0,1,0,0.023215551515499838,low_mean_prob,0.125,0.875,R239-gtfree-bg-channel-seam-prob-editor,0.15297331753192833,0.19601793953788998,val
0.0,0.25,44552.0,35.0,0.0,0.0,2.0,2.0,95.65897016174063,14.43998623134064,15.141317379745113,0.3610648918469218,0.22030456852791877,5.0,-5.0,0.9097725789092962,bg_component,0.21582488714760242,0.8344796336154581,0.9087464533070159,0.9108010244634814,34507.0,2.0,2.0,0.0002466656095283401,14.0,12.0,9.0,0.13796296296296295,2.0,0.12962962962962962,1.0,0.0,3.1622776601683795,2.0126869558595013,0.0035594296641647816,0.2114846259355545,0.005194933013990523,1.3333333333333333,0.0027587837539613247,-0.00022769376275943998,-0.00016955787011194157,0.0,0.0,-0.00013462921969509267,0.0,-0.0002265628792905705,-2.250911171663983e-05,-0.00024728428861608975,3840.png,1.0,18.0,1,0,0.06511316335766291,low_mean_prob,0.09210526315789473,0.9078947368421053,R239-gtfree-bg-channel-seam-prob-editor,0.00031868128698571717,0.00043750308236387104,val
0.0,0.25,1.0,1.0,1.0,1.0,4.0,3.0,118.81077392223317,0.8620191872458693,1.0976087571093869,0.25754069743839564,0.14780299147290435,0.0,0.0,0.8991157352845481,bg_seed,0.08274040930096091,0.8167213976093525,0.9641638754496961,0.8422899253579702,16291.0,1.0,1.0,0.00012403870007442322,8.0,67.0,91.0,0.2358382386667686,3.0,0.0013121207151057896,0.5,0.5,2.0,1.6553300858899105,0.049812719225883484,0.6833333969116211,0.06477999836206436,1.3582089552238805,0.04559613764286041,0.001120021235534785,0.0007373130130153005,0.0,0.0,-5.835044049606886e-06,-0.00014670285337049782,-9.629264317689845e-06,5.75742837323201e-05,-5.4186591527893846e-05,4047.png,1.0,20.0,1,0,0.4580089408135109,low_mean_prob,0.23636363636363636,0.7636363636363637,R239-gtfree-bg-channel-seam-prob-editor,0.0005333518346060211,0.0006541871376224366,val
0.0,0.25,1.0,1.0,1.0,0.0,1.0,1.0,26.019223662515376,0.36529514715075495,0.426766562461853,0.25682704811443435,0.14733308466989928,0.0,0.0,0.8991540741811872,bg_seed,0.08270373358761827,0.8167846681290967,0.9641810485183979,0.8423441119494981,16291.0,1.0,1.0,7.752418754651452e-05,5.0,1.0,5.0,0.5491100856954515,3.0,1.0,0.0,1.0,1.0,1.0,0.041708096861839294,0.6745098233222961,0.05147161707282066,5.0,0.02232195809483528,0.00040637191157349983,0.00026740621001022924,0.0,0.0,3.2503852589460536e-05,-0.00018337856671313268,5.364125542650644e-05,7.474735243417907e-05,0.0,4047.png,0.0,20.0,0,1,0.8003300785973771,low_mean_prob,0.45,0.55,R239-gtfree-bg-channel-seam-prob-editor,0.0005430203068703901,0.0005882436005254595,val
0.0,0.25,1.0,1.0,1.0,0.0,3.0,3.0,118.81077392223317,1.0940361380915877,1.6858773827552795,0.25793086640399693,0.14806006342100356,0.0,0.0,0.8992197612281349,bg_seed,0.0821535978874789,0.8168930814304859,0.9644031517558009,0.8422899253579702,16291.0,2.0,2.0,0.00037211610022326965,24.0,69.0,93.0,0.29767441860465116,4.0,0.0037400654511453952,0.16666666666666666,0.8333333333333334,1.4142135623730951,1.1553300858899107,0.05249977111816406,0.6756536364555359,0.0686449721455574,1.3478260869565217,0.04055678844451904,0.0015101902011360746,0.0009943849611145084,0.0,0.0,9.819089953710947e-05,-0.000733514266852503,0.00016205455681572722,0.00029685058983719426,-5.4186591527893846e-05,4047.png,1.0,20.0,1,0,0.5269787131389767,low_mean_prob,0.4431818181818182,0.5568181818181818,R239-gtfree-bg-channel-seam-prob-editor,0.0004867055828959755,0.000547375815095879,val
0.0,0.25,1.0,1.0,1.0,0.0,1.0,1.0,26.019223662515376,0.9866282092407346,1.7335304975509644,0.25752467606320323,0.14779243787589166,0.0,0.0,0.8991851225208419,bg_seed,0.08248367930756254,0.8168359103030621,0.9642702065628683,0.8423305653016161,16291.0,2.0,1.0,0.00018605805011163483,12.0,3.0,22.0,0.5822281167108754,3.0,0.18181818181818182,0.08333333333333333,0.9166666666666666,1.0,1.0,0.04068545624613762,0.6937909126281738,0.054333463311195374,7.333333333333333,0.023932190611958504,0.001103999860342375,0.0007267594160026147,0.0,0.0,6.355219224418729e-05,-0.0004034328467688725,0.00010488342939196649,0.0001639053969045845,-1.3546647882001217e-05,4047.png,1.0,20.0,1,0,0.6376727664920235,low_mean_prob,0.453781512605042,0.5462184873949579,R239-gtfree-bg-channel-seam-prob-editor,0.0005270325950663088,0.0005204086600428554,val
0.0,0.25,27516.0,31.0,0.0,-1.0,2.0,3.0,41.45854504507245,3.0214983674153264,3.5202252318983076,0.2803596302393314,0.1630338733431517,4.0,-4.0,0.8650185087255421,bg_component,0.2339890548735394,0.7621432731508445,0.8917273649620667,0.8398630820794409,23751.0,2.0,2.0,4.542701393095094e-05,3.0,2.0,2.0,0.08379501385041552,1.0,0.75,0.0,1.0,1.4142135623730951,1.1380711874576983,0.037006255239248276,0.6915032863616943,0.045199574530124666,1.0,0.012940514832735062,0.00019413163255949106,0.00013128104150206266,0.0,0.0,1.9059568331591947e-05,-0.00011093033574915978,2.9590902048126644e-05,4.050851143078127e-05,0.0,4193.png,0.0,18.0,0,1,0.18623234377110853,low_bg_channel_frac,0.1875,0.8125,R239-gtfree-bg-channel-seam-prob-editor,0.9603196578902294,0.9905574535951658,val
0.0,0.25,27516.0,19.0,0.0,0.0,2.0,2.0,53.20300647677512,15.06934381927173,15.311740413607257,0.28062774215322306,0.1632152321130631,4.0,-4.0,0.8649474465100223,bg_component,0.23406300843070552,0.7620329506775209,0.8916888781196995,0.8397632460957,23751.0,1.0,1.0,0.00012113870381586917,8.0,3.0,3.0,0.12163050624589086,2.0,0.8888888888888888,0.875,0.125,3.1622776601683795,2.2346317877859057,0.049499593675136566,0.6387255191802979,0.06706109344959259,1.0,0.03476938232779503,0.0004622435464511354,0.00031263981141346764,0.0,0.0,-5.200264718818737e-05,-3.697677858305326e-05,-8.073157127552744e-05,2.021669063601017e-06,-9.983598374097014e-05,4193.png,1.0,18.0,1,0,0.09614355420928986,recall_drop,0.075,0.925,R239-gtfree-bg-channel-seam-prob-editor,0.9563177080741128,0.9904128617560485,val
0.0,0.25,27516.0,19.0,0.0,0.0,3.0,3.0,53.20300647677512,15.192668234832887,15.575980815319616,0.2807135928472017,0.1632733159986263,4.0,-4.0,0.8648994072409159,bg_component,0.23409998520928857,0.7619583786302221,0.8916671715029987,0.839691934678742,23751.0,2.0,2.0,0.00018170805572380376,12.0,14.0,6.0,0.10857142857142857,2.0,0.14285714285714285,1.0,0.0,2.8284271247461903,1.780421515165979,0.04376697912812233,0.6673202514648438,0.06451227515935898,2.3333333333333335,0.03930816799402237,0.0005480942404297862,0.0003707236969766603,0.0,0.0,-0.00010004191629464643,0.0,-0.00015530361857429842,-1.9684947637266248e-05,-0.0001711474006989011,4193.png,1.0,18.0,1,0,0.189931462019535,recall_drop,0.1111111111111111,0.8888888888888888,R239-gtfree-bg-channel-seam-prob-editor,0.9585820415721847,0.9896345832233024,val
0.0,0.25,1.0,1.0,1.0,0.0,1.0,1.0,57.38466694161429,0.8600350817044576,1.2201803922653198,0.2625745950554135,0.15112855740922473,1.0,-1.0,0.8269200530134555,bg_seed,0.22116416309012876,0.7049136379303742,0.8325116468406532,0.8214030703320243,4396.0,1.0,1.0,0.00027130906624463035,6.0,3.0,2.0,0.300944669365722,3.0,1.0,1.0,0.0,2.0,1.5,0.09253203123807907,0.5568627715110779,0.11250338703393936,1.5,0.02934633009135723,-0.0003179989732798316,-0.00021072830506096984,0.0,0.0,-0.00015808637517511492,0.0,-0.000229788211864701,-4.544110870252638e-05,-0.0002677615137450795,5825.png,1.0,21.0,1,0,0.8742300757260236,low_mean_prob,0.3888888888888889,0.6111111111111112,R239-gtfree-bg-channel-seam-prob-editor,0.003001037850869945,0.004484679539176148,val
0.0,0.25,1.0,1.0,1.0,0.0,1.0,1.0,57.38466694161429,1.2079823342593092,1.973036003112793,0.2616778991401348,0.15053475935828878,1.0,-1.0,0.8265773863023549,bg_seed,0.22116416309012876,0.7044157634713339,0.8324131064446053,0.8208229203855766,4396.0,2.0,1.0,0.0008591453764413295,19.0,9.0,3.0,0.3071225071225071,3.0,0.7037037037037037,1.0,0.0,3.0,1.6842105263157894,0.09316376596689224,0.5702787041664124,0.11903390139341354,3.0,0.038239993155002594,-0.0012146948885585207,-0.0008045263559969262,0.0,0.0,-0.0005007530862757292,0.0,-0.0007276626709049605,-0.00014398150475036786,-0.0008479114601928073,5825.png,1.0,21.0,1,0,0.7668143398220711,low_mean_prob,0.359375,0.640625,R239-gtfree-bg-channel-seam-prob-editor,0.002856621808032865,0.004442643078606579,val
0.0,0.25,1.0,1.0,1.0,0.0,1.0,1.0,43.266615305567875,0.8316761994930357,1.1042221905952392,0.26272959776796095,0.15123126338329765,1.0,-1.0,0.8269727532064961,bg_seed,0.22116416309012876,0.7049902340009957,0.8325267966170684,0.8214923241699393,4396.0,1.0,1.0,0.00018087271082975356,4.0,2.0,2.0,0.34418282548476453,3.0,1.0,1.0,0.0,2.23606797749979,1.6625703849682212,0.09613025188446045,0.574509859085083,0.11332334876060486,1.0,0.029411762952804565,-0.00016299626073235096,-0.00010802233098805569,0.0,0.0,-0.00010538618213451478,0.0,-0.000153192141243208,-3.029133228726888e-05,-0.000178507675830053,5825.png,1.0,21.0,1,0,0.7834071734736577,low_mean_prob,0.3125,0.6875,R239-gtfree-bg-channel-seam-prob-editor,0.001704589614735099,0.0023289343746294663,val
0.0,0.25,1.0,1.0,1.0,0.0,1.0,1.0,43.266615305567875,1.2639899399552599,1.9695571184158323,0.26164457878012864,0.1505127061970575,1.0,-1.0,0.8266828435337468,bg_seed,0.22116416309012876,0.704568955612577,0.8324434389140272,0.8210014280614066,4396.0,2.0,1.0,0.0006782726656115759,15.0,35.0,26.0,0.45933666515220356,4.0,0.016483516483516484,1.0,0.0,2.23606797749979,1.4319139109746049,0.07757552713155746,0.5717647075653076,0.11881492584943772,1.3461538461538463,0.03603293374180794,-0.00124801524856466,-0.0008265795172281987,0.0,0.0,-0.0003952958548838481,0.0,-0.0005744705296618635,-0.00011364903532851134,-0.0006694037843627543,5825.png,1.0,21.0,1,0,0.4290292936616276,low_mean_prob,0.45,0.55,R239-gtfree-bg-channel-seam-prob-editor,0.00137699837848997,0.002321051170270777,val
0.0,0.25,1.0,1.0,1.0,0.0,1.0,1.0,48.30113870293329,1.2282438442336876,1.726137089729309,0.28646481404673024,0.1671776666128772,1.0,1.0,0.7834463888730547,bg_seed,0.2960591133004926,0.6439883797207384,0.6908615663013974,0.9046866771985256,2075.0,2.0,1.0,0.0008036162732295329,8.0,25.0,43.0,0.5416061423531853,4.0,0.0074418604651162795,0.0,0.625,1.4142135623730951,1.1035533905932737,0.052002470940351486,0.727450966835022,0.061222370341420175,1.72,0.036208201199769974,0.001145871193540815,0.0007799906929288336,0.0,0.0,0.0003571062110981904,-0.0006157635467980427,0.0004824334710895606,0.0005551875972286124,0.0,5882.png,0.0,18.0,0,0,0.5013980675991029,low_mean_prob,0.4444444444444444,0.5555555555555556,R239-gtfree-bg-channel-seam-prob-editor,0.0018907687995022464,0.0033470914403977126,val
0.0,0.25,1.0,1.0,1.0,0.0,1.0,1.0,41.012193308819754,0.7757317080388326,1.2978137922919395,0.2858722698368814,0.1667741935483871,1.0,1.0,0.7832677950646835,bg_seed,0.2961822660098522,0.6437470725995316,0.6905838609185007,0.9046866771985256,2075.0,1.0,1.0,0.00040180813661476645,4.0,2.0,40.0,0.534972299168975,4.0,0.05,0.0,1.0,1.4142135623730951,1.1035533905932737,0.04716578871011734,0.7441176176071167,0.052584567293524745,20.0,0.016492746770381927,0.0005533269836919819,0.00037651762843873837,0.0,0.0,0.00017851240272692692,-0.0004926108374384564,0.0002411263498827143,0.00027748221433188114,0.0,5882.png,0.0,18.0,0,1,0.24428361428156461,low_mean_prob,0.375,0.625,R239-gtfree-bg-channel-seam-prob-editor,0.0018839802475103195,0.0031304416498577395,val
0.0,0.25,1.0,1.0,1.0,0.0,1.0,1.0,41.012193308819754,1.2880854183333943,2.22745566368103,0.2862278761061947,0.16701629820881073,1.0,1.0,0.7835357163217604,bg_seed,0.2954433497536946,0.6441091011341269,0.6910005027652086,0.9046866771985256,2075.0,2.0,1.0,0.0010045203415369162,10.0,4.0,41.0,0.5441558441558442,4.0,0.06097560975609756,0.0,1.0,1.4142135623730951,1.1242640687119285,0.045891858637332916,0.7321568727493286,0.05450327023863792,10.25,0.025897201150655746,0.000908933253005284,0.0006186222888623638,0.0,0.0,0.00044643365980390204,-0.0012315270935960854,0.000603154884478041,0.000694124061039858,0.0,5882.png,0.0,18.0,0,1,0.4651502139365303,low_mean_prob,0.4375,0.5625,R239-gtfree-bg-channel-seam-prob-editor,0.0013187867389688093,0.0030516621438877313,val
0.0,0.25,1.0,1.0,1.0,0.0,1.0,1.0,48.30113870293329,0.6911925343436996,0.7717825520761357,0.28693849343469247,0.16750040342101016,1.0,1.0,0.7832231593343971,bg_seed,0.29630541871921184,0.6436867740726864,0.6905144694533762,0.9046866771985256,2075.0,1.0,1.0,0.00030135610246107485,3.0,2.0,2.0,0.53601108033241,4.0,0.75,0.0,1.0,2.23606797749979,1.5500938466242948,0.03398389741778374,0.7699346542358398,0.0395602785050869,1.0,0.0018486450426280499,0.0016195505815030375,0.001102727501061801,0.0,0.0,0.00013387667244058044,-0.0003694581280788145,0.00018082782303752154,0.00020809074920746795,0.0,5882.png,0.0,18.0,0,1,0.35857997859823654,low_mean_prob,0.28125,0.71875,R239-gtfree-bg-channel-seam-prob-editor,0.0014207222837953218,0.002651582337796117,val
0.0,0.25,1.0,1.0,1.0,0.0,1.0,1.0,63.63961030678928,0.8333825074362118,1.0871884513172339,0.2790004384042087,0.1621153454249032,0.0,0.0,0.8288417431192661,bg_seed,0.23957694665849172,0.7077111383108935,0.8104395604395604,0.8480990377845576,3248.0,1.0,1.0,0.0002242152466367713,4.0,2.0,2.0,0.5373961218836565,4.0,1.0,1.0,0.0,2.0,1.3535533905932737,0.07176176458597183,0.574509859085083,0.10008771270513535,1.0,0.017863593995571136,-0.00044873272113121754,-0.0003030885065813116,0.0,0.0,-0.00013429173912171688,0.0,-0.0001958384332925167,-4.2502340708572284e-05,-0.0002346866932644298,6503.png,1.0,20.0,1,0,0.6858817846086523,low_mean_prob,0.375,0.625,R239-gtfree-bg-channel-seam-prob-editor,0.0004102232879602092,0.0004931689429755156,val
0.0,0.25,1.0,1.0,1.0,0.0,1.0,1.0,63.63961030678928,1.010154876508053,1.5652323842048645,0.27857643758765777,0.16182910683368978,0.0,0.0,0.8287074205757541,bg_seed,0.23957694665849172,0.707515299877601,0.8103970390309556,0.8478643510912931,3248.0,2.0,1.0,0.0004484304932735426,8.0,61.0,11.0,0.4895810484755429,4.0,0.011922503725782414,1.0,0.0,2.0,1.3535533905932737,0.05670170485973358,0.5691176652908325,0.09136447757482528,5.545454545454546,0.015243442729115486,-0.0008727335376821355,-0.0005893270977947174,0.0,0.0,-0.0002686142826336946,0.0,-0.0003916768665850334,-8.50237493134065e-05,-0.00046937338652897065,6503.png,1.0,20.0,1,0,0.21410111497859907,low_mean_prob,0.375,0.625,R239-gtfree-bg-channel-seam-prob-editor,0.0003848875020224356,0.00043587199788148296,val
0.0,0.25,1.0,1.0,1.0,0.0,1.0,1.0,29.0,0.8383883476483185,1.3224873734152915,0.2790249035426166,0.16213186589218384,0.0,0.0,0.8288417431192661,bg_seed,0.23957694665849172,0.7077111383108935,0.8104395604395604,0.8480990377845576,3248.0,1.0,1.0,0.0002242152466367713,4.0,2.0,2.0,0.646814404432133,4.0,1.0,1.0,0.0,2.0,1.3535533905932737,0.04515332728624344,0.5333333611488342,0.049111099913716316,1.0,0.011091870255768299,-0.00042426758272329224,-0.0002865680393006609,0.0,0.0,-0.00013429173912171688,0.0,-0.0001958384332925167,-4.2502340708572284e-05,-0.0002346866932644298,6503.png,1.0,20.0,1,0,0.3547594585217539,low_mean_prob,0.4375,0.5625,R239-gtfree-bg-channel-seam-prob-editor,0.0003577817367883421,0.0003585404873960693,val
0.0,0.25,33630.0,645.0,1.0,0.0,2.0,2.0,67.7096416448464,43.44278652782595,44.0,0.42706323078669545,0.2715069284064665,2.0,2.0,0.9433038813134581,bg_component,0.16541353383458646,0.8926917253050681,0.9449158534860699,0.9416973996382514,44567.0,1.0,2.0,0.000683076198327641,58.0,54.0,33.0,0.29484702093397747,4.0,0.03254769921436588,1.0,0.0,3.605551275463989,1.9292555024159368,0.07211174815893173,0.5672752261161804,0.10887506157159807,1.6363636363636365,0.038108453154563904,-0.0007556056734144834,-0.000611098689623335,0.0,0.0,-0.00036040960931849053,0.0,-0.0006457646744455481,-3.762666938889048e-05,-0.0006812149115594801,6605.png,1.0,20.0,1,0,0.20958593168069917,recall_drop,0.3313953488372093,0.6686046511627907,R239-gtfree-bg-channel-seam-prob-editor,0.21670580122219235,0.8518467088765438,val
0.0,0.25,33630.0,645.0,1.0,0.0,3.0,3.0,67.7096416448464,43.74664366713736,44.59145971936882,0.4265739551054342,0.27111153809203575,3.0,3.0,0.9430822550559881,bg_component,0.16519239274657233,0.8922948446720855,0.9449560757030836,0.9412158511662869,44567.0,2.0,3.0,0.001236603462489695,105.0,60.0,77.0,0.24262536873156343,4.0,0.022727272727272728,0.9428571428571428,0.05714285714285714,4.123105625617661,2.1571669556523165,0.07182192802429199,0.5731092691421509,0.11692137420177467,1.2833333333333334,0.05328945815563202,-0.0012448813546757087,-0.0010064890040540897,1.0,1.0,-0.0005820358667885106,-0.0002211410880141318,-0.0010426453074281472,2.595547624828498e-06,-0.001162763383523946,6605.png,1.0,20.0,1,0,0.05731786151439139,low_mean_prob,0.31095406360424027,0.6890459363957597,R239-gtfree-bg-channel-seam-prob-editor,0.14739075483153682,0.6192491916767124,val
0.0,0.25,1.0,1.0,1.0,0.0,1.0,1.0,122.11470017978998,0.867017172925976,1.2183801412582398,0.4030015145256781,0.25234934046038454,2.0,-2.0,0.9355064155064156,bg_seed,0.19658723747980614,0.8788276689816477,0.9344349912739965,0.9365802995517656,39583.0,1.0,1.0,0.00013087292239235702,12.0,33.0,52.0,0.2368247694334651,2.0,0.006993006993006993,0.0,1.0,2.8284271247461903,1.67741585037433,0.04558694362640381,0.536928117275238,0.07271703705191612,1.5757575757575757,0.015804976224899292,0.00028689415913546457,0.00022493895928460406,0.0,0.0,6.129042588576272e-05,-0.0004038772213247055,0.00010817117154848788,0.00012229223809367973,0.0,6606.png,0.0,20.0,0,1,0.5623081731051787,low_mean_prob,0.24731182795698925,0.7526881720430108,R239-gtfree-bg-channel-seam-prob-editor,0.11820815537800584,0.1367142288249896,val
0.0,0.25,1.0,1.0,1.0,0.0,2.0,2.0,122.11470017978998,1.069336300885101,1.7233107805252077,0.40373098368555105,0.2529216438828755,2.0,-2.0,0.9356239112746891,bg_seed,0.19581313947226708,0.8790350715179872,0.9346694742354649,0.9365802995517656,39583.0,2.0,2.0,0.00038171269031104133,35.0,64.0,101.0,0.19532846715328467,3.0,0.005414603960396039,0.0,1.0,2.23606797749979,1.4322568629854844,0.06203713268041611,0.538935661315918,0.09118794053792953,1.578125,0.031278371810913086,0.0010163633190083954,0.0007972423817755869,0.0,0.0,0.0001787861941593416,-0.001177975228863759,0.0003155737078880394,0.0003567751995620094,0.0,6606.png,0.0,20.0,0,1,0.18355806075856473,low_mean_prob,0.3979591836734694,0.6020408163265306,R239-gtfree-bg-channel-seam-prob-editor,0.0647446858818944,0.11160360773566338,val
0.0,0.25,32196.0,1213.0,1.0,0.0,2.0,2.0,49.72000886063603,33.74166481809605,34.65270463709572,0.4040181643043897,0.25314709432660804,2.0,-2.0,0.9355088845931216,bg_component,0.19614970382337102,0.8788320269216563,0.9345596578510954,0.9364600415436756,39583.0,2.0,2.0,0.00039261876717707107,36.0,16.0,32.0,0.15865384615384615,3.0,0.0703125,0.3055555555555556,0.6944444444444444,5.0,2.620304374117761,0.06359001994132996,0.5373637676239014,0.108290646225214,2.0,0.04532467946410179,0.0013035439378470404,0.001022692825508098,0.0,0.0,6.375951259185442e-05,-0.0008414108777598239,0.00011252911155712475,0.0002469588151925439,-0.00012025800809001286,6606.png,1.0,20.0,1,0,0.008560640002818677,low_mean_prob,0.22115384615384615,0.7788461538461539,R239-gtfree-bg-channel-seam-prob-editor,0.020258286413526408,0.08093225409274696,val
0.0,0.25,32196.0,1213.0,0.0,0.0,2.0,2.0,49.72000886063603,33.261096808788494,33.7465244779023,0.40393478709499897,0.25308163089388847,2.0,-2.0,0.9354854562431404,bg_component,0.19641895530425418,0.8787906766793877,0.9344802382536791,0.9364928391822456,39583.0,1.0,2.0,0.0002726519216507438,25.0,14.0,30.0,0.14393939393939395,3.0,0.05952380952380952,0.32,0.68,5.830951894845301,3.2759211834406687,0.05994371324777603,0.5563921928405762,0.10084594339132313,2.142857142857143,0.040804218500852585,0.0012201667284563178,0.0009572293927885278,0.0,0.0,4.0331162610596216e-05,-0.0005721593968766592,7.117886928853512e-05,0.00016753921777623582,-8.746036952000935e-05,6606.png,1.0,20.0,1,0,0.001623819048514762,low_mean_prob,0.14130434782608695,0.8586956521739131,R239-gtfree-bg-channel-seam-prob-editor,0.009946427208041503,0.0036826032476625793,val
0.0,0.25,1.0,1.0,1.0,0.0,1.0,1.0,91.0823802938856,1.448208737547074,2.1531451439947826,0.47469962238242364,0.31121714079942386,0.0,0.0,0.9075616853350341,bg_seed,0.19186332350049165,0.8307669853316791,0.8754229467856044,0.9421501282794008,4619.0,2.0,1.0,0.00038434929664078716,10.0,4.0,4.0,0.5825,4.0,0.625,0.0,1.0,2.23606797749979,1.4714776642118863,0.047119610011577606,0.47333335876464844,0.05212615802884102,1.0,0.01312993559986353,-9.779555467293033e-05,-8.407486919387308e-05,0.0,0.0,0.0001808468207665781,-0.0006145526057030337,0.00030302268213144856,0.00033646819386023985,0.0,6698.png,0.0,20.0,1,0,0.5991693500691442,low_mean_prob,0.4375,0.5625,R239-gtfree-bg-channel-seam-prob-editor,0.00042426171827516563,0.0007818938870717496,val
0.0,0.25,1.0,1.0,1.0,0.0,1.0,1.0,25.495097567963924,0.603018605709076,0.7598971366882324,0.47479741793709657,0.31130121566861774,0.0,0.0,0.9074712529145659,bg_seed,0.19235496558505408,0.8306154463536537,0.8752546803521316,0.9421501282794008,4619.0,1.0,1.0,0.00019217464832039358,5.0,5.0,22.0,0.5685449957947856,4.0,0.045454545454545456,0.0,0.4,1.0,1.0,0.05458659678697586,0.4682353138923645,0.06360766440629959,4.4,0.009476898238062859,0.0,0.0,0.0,0.0,9.041440029833314e-05,-0.00012291052114060674,0.00015148370410600354,0.00016820176038745416,0.0,6698.png,0.0,20.0,0,0,0.5537256051026744,low_mean_prob,0.4666666666666667,0.5333333333333333,R239-gtfree-bg-channel-seam-prob-editor,0.0005700810081507899,0.0007268992295339701,val
0.0,0.25,1.0,1.0,1.0,0.0,1.0,1.0,25.495097567963924,0.854703369239966,1.2305926084518433,0.47460186710598573,0.3111331113311133,0.0,0.0,0.9075978633500758,bg_seed,0.19198623402163226,0.830827616406364,0.8754902714758133,0.9421501282794008,4619.0,2.0,1.0,0.0004612191559689446,12.0,6.0,24.0,0.5746031746031746,4.0,0.08333333333333333,0.0,0.6666666666666666,1.0,1.0,0.052470188587903976,0.47026142477989197,0.06487464979290962,4.0,0.012550890445709229,-0.0001955508311108356,-0.00016810433750441556,0.0,0.0,0.00021702483580821053,-0.000491642084562427,0.00036365375681635115,0.0004037928840691096,0.0,6698.png,0.0,20.0,1,0,0.45131406900904514,low_mean_prob,0.4690265486725664,0.5309734513274337,R239-gtfree-bg-channel-seam-prob-editor,0.00046553552722866995,0.0007268992295339701,val
0.0,0.25,1.0,1.0,1.0,0.0,2.0,2.0,91.0823802938856,0.8215657866543193,1.0123218060443235,0.4745041520829044,0.311049127226921,0.0,0.0,0.9073915382929114,bg_seed,0.19229351032448377,0.8304818881552548,0.8751777957175259,0.9420673673756518,4619.0,1.0,1.0,0.00019217464832039358,5.0,84.0,31.0,0.4310945273631841,4.0,0.0019201228878648233,0.4,0.6,1.4142135623730951,1.248528137423857,0.039130378514528275,0.4627451002597809,0.05101825073361397,2.7096774193548385,0.011091870255768299,-0.00029326585419214846,-0.0002520884416967184,0.0,0.0,1.0699778643874502e-05,-0.00018436578171091011,1.792550570711704e-05,9.131712578169804e-05,-8.276090374903511e-05,6698.png,1.0,20.0,1,0,0.29533415429455334,low_mean_prob,0.3333333333333333,0.6666666666666666,R239-gtfree-bg-channel-seam-prob-editor,0.0003348536760760198,0.0003348536760760198,val
0.0,0.25,1.0,1.0,1.0,0.0,2.0,2.0,57.97413216254298,0.803052856061959,0.9571887850761414,0.46392621609560175,0.30202078894699463,0.0,0.0,0.9092921135349588,bg_seed,0.14711009789459567,0.833671530955876,0.9208154506437768,0.8980536241657558,5565.0,2.0,2.0,0.00019071231047964145,8.0,16.0,55.0,0.3626373626373626,4.0,0.00909090909090909,0.375,0.625,2.0,1.2803300858899105,0.05500389263033867,0.5593137145042419,0.0597789715975523,3.4375,0.014664974994957447,0.00040392278607437326,0.0003422866874723818,0.0,0.0,1.5000846467772e-05,-0.00022350364310938509,2.521871084582017e-05,0.00010409372568775943,-6.976257470414637e-05,6918.png,1.0,20.0,1,0,0.6849350606898085,low_mean_prob,0.4375,0.5625,R239-gtfree-bg-channel-seam-prob-editor,0.0008211487917885593,0.0017230992545445034,val
0.0,0.25,1.0,1.0,1.0,0.0,2.0,2.0,57.97413216254298,0.7674783041380987,0.9571887850761414,0.4638730473592859,0.30197572314049587,0.0,0.0,0.9093177938666196,bg_seed,0.14711009789459567,0.8337147051204559,0.9208192265509513,0.898100132548892,5565.0,1.0,2.0,0.0001430342328597311,6.0,16.0,55.0,0.3622147083685545,4.0,0.006818181818181818,0.16666666666666666,0.8333333333333334,1.4142135623730951,1.1380711874576983,0.05525924637913704,0.555555522441864,0.06141487695276737,3.4375,0.014078861102461815,0.0003507540497585393,0.0002972208809736143,0.0,0.0,4.068117812860983e-05,-0.00022350364310938509,6.83928754257046e-05,0.00010786963286224527,-2.3254191568011784e-05,6918.png,1.0,20.0,1,0,0.8540342672169666,low_mean_prob,0.4375,0.5625,R239-gtfree-bg-channel-seam-prob-editor,0.0006823711343533394,0.0011295067275334436,val
0.0,0.25,1.0,1.0,1.0,-1.0,2.0,3.0,120.0,1.0338566333350527,1.6747932047085212,0.4819939347990902,0.31751779248345613,1.0,-1.0,0.9375641981027573,bg_seed,0.10734215035810009,0.882466683096055,0.9499234771962045,0.9255223969620454,15529.0,1.0,2.0,0.00012242149721491093,6.0,3.0,2.0,0.199055330634278,2.0,1.0,0.8333333333333334,0.16666666666666666,3.1622776601683795,2.135426533340211,0.02881755866110325,0.7496731877326965,0.03690770082175732,1.5,0.020802391692996025,0.00010506698190831942,9.118411368724821e-05,0.0,0.0,-4.405098090165538e-05,-4.393866162837046e-05,-7.805454422404878e-05,1.4273139972265092e-05,-9.940950752529432e-05,6947.png,1.0,19.0,1,0,0.4387284562975002,low_p90_prob,0.1111111111111111,0.8888888888888888,R239-gtfree-bg-channel-seam-prob-editor,0.21595823276924483,0.35160741524558164,val
0.0,0.25,1.0,1.0,1.0,-1.0,3.0,4.0,120.0,1.6878666255898547,2.625,0.4818216246922931,0.31736825693794823,1.0,-1.0,0.9374571969544374,bg_seed,0.10734215035810009,0.882277113230081,0.9499132564547402,0.9253235779469948,15529.0,2.0,3.0,0.00032645732590642917,16.0,118.0,4.0,0.16964285714285715,4.0,0.03389830508474576,0.9375,0.0625,3.1622776601683795,2.2514665023594187,0.02743469923734665,0.7433823347091675,0.04013620316982269,29.5,0.02178892493247986,-6.724312488876061e-05,-5.835143182064684e-05,0.0,0.0,-0.00015105212922150724,-4.393866162837046e-05,-0.00026762441019811956,4.052398507981003e-06,-0.00029822852257588295,6947.png,1.0,19.0,1,0,0.0025700366255607594,low_mean_prob,0.175,0.825,R239-gtfree-bg-channel-seam-prob-editor,0.11598064918358209,0.24570066170407048,val
0.0,0.25,1.0,1.0,1.0,0.0,1.0,1.0,103.58571330062848,1.3134150743710358,1.743430733680725,0.3490281798310392,0.2114077148786946,1.0,1.0,0.8733368722067159,bg_seed,0.15186127407715072,0.7751535047723266,0.8924234470691164,0.8550496244635193,3926.0,2.0,1.0,0.00013996290982889534,4.0,2.0,2.0,0.5083102493074793,3.0,1.0,1.0,0.0,2.0,1.3535533905932737,0.03028133325278759,0.5627450942993164,0.04403233304619789,1.0,0.008985442109405994,-0.00018004517486958083,-0.00013212333449172387,0.0,0.0,-7.716474344077184e-05,0.0,-0.00012158793847649729,-1.5056727377560364e-05,-0.00013412017167380164,7253.png,1.0,25.0,1,0,0.9440713887226394,low_mean_prob,0.4375,0.5625,R239-gtfree-bg-channel-seam-prob-editor,0.0031924092729549696,0.0068687563192631335,val
0.0,0.25,1.0,1.0,1.0,0.0,2.0,2.0,19.4164878389476,0.7306775053342184,0.9813183605670929,0.34920822500590876,0.21153983821318634,1.0,1.0,0.8733561643835617,bg_seed,0.15186127407715072,0.7751839017569457,0.8924272116461366,0.8550831545064378,3926.0,2.0,1.0,0.00010497218237167151,3.0,8.0,12.0,0.5440340909090909,4.0,0.03125,1.0,0.0,1.0,1.0,0.04595658555626869,0.5372549891471863,0.05284476950764656,1.5,0.0055459351278841496,0.0,0.0,0.0,0.0,-5.787256659495199e-05,0.0,-9.119095385734521e-05,-1.1292150357333774e-05,-0.00010059012875529572,7253.png,1.0,25.0,1,0,0.7895670861585994,low_mean_prob,0.5,0.5,R239-gtfree-bg-channel-seam-prob-editor,0.0008305149265361705,0.0009834326223957719,val
0.0,0.25,1.0,1.0,1.0,0.0,1.0,1.0,103.58571330062848,0.9337783099894369,1.332405424208386,0.3495363534345284,0.21178070426567422,1.0,1.0,0.873366782540199,bg_seed,0.15175743730855096,0.7752006322957199,0.8924859132747699,0.8550496244635193,3926.0,1.0,1.0,0.00020994436474334303,6.0,2.0,3.0,0.5978407557354926,4.0,1.0,0.6666666666666666,0.3333333333333333,2.8284271247461903,1.7464514441031793,0.02722048945724964,0.4098038971424103,0.03271309286355972,1.5,0.013725489377975464,0.0003281284286196229,0.0002408660524878814,0.0,0.0,-4.725440995767549e-05,-0.00010383676859976321,-7.446041508318846e-05,4.740947827597264e-05,-0.00013412017167380164,7253.png,1.0,25.0,1,0,0.7915664236392276,low_mean_prob,0.4166666666666667,0.5833333333333334,R239-gtfree-bg-channel-seam-prob-editor,0.0003256136961118845,0.0003594934973298178,val
0.0,0.25,1.0,1.0,1.0,0.0,1.0,1.0,69.00724599634447,0.8627468600944465,1.4114904284477234,0.3589495447147319,0.21873157132900875,0.0,0.0,0.9100026537092449,bg_seed,0.16985138004246284,0.8348668524799355,0.9202679942995687,0.8999638009049774,7987.0,1.0,1.0,0.00022204540828599448,12.0,6.0,2.0,0.2449874686716792,2.0,1.0,0.0,1.0,2.0,1.4511844635310913,0.04606827720999718,0.48464056849479675,0.060390603914856913,3.0,0.018701843917369843,0.0011687360561899451,0.0008673479994261435,0.0,0.0,9.991519900187651e-05,-0.0004899559039686641,0.0001681786508269667,0.00020434128252677652,0.0,7259.png,0.0,21.0,0,1,0.565912355103723,low_mean_prob,0.4166666666666667,0.5833333333333334,R239-gtfree-bg-channel-seam-prob-editor,0.042981584536796215,0.1514749629711508,val
0.0,0.25,1.0,1.0,1.0,0.0,1.0,1.0,69.00724599634447,1.1639159252358704,2.4577674865722656,0.36,0.21951219512195122,0.0,0.0,0.9100427409095485,bg_seed,0.1693614241384942,0.8349343364793604,0.9204635920981986,0.8998552036199094,7987.0,2.0,1.0,0.0005551135207149862,30.0,69.0,4.0,0.35095238095238096,4.0,0.10869565217391304,0.2,0.8,2.23606797749979,1.5042996734830651,0.04100024327635765,0.484836608171463,0.06364205628633499,17.25,0.0161843653768301,0.0022191913414580378,0.0016479717923686132,0.0,0.0,0.00014000239930545,-0.0009799118079373004,0.00023566265025187771,0.0003999390811566528,-0.0001085972850679573,7259.png,1.0,21.0,1,0,0.12975234362875168,low_mean_prob,0.4132231404958678,0.5867768595041323,R239-gtfree-bg-channel-seam-prob-editor,0.024410917984987842,0.03293595034209734,val
0.0,0.25,1.0,1.0,1.0,0.0,2.0,2.0,71.11258679024411,1.3551008587816038,2.2874500155448914,0.3582706601574526,0.2182276039434205,0.0,0.0,0.9098895467481721,bg_seed,0.17001469867711905,0.8346764715758369,0.9201880541210876,0.8998190045248868,7987.0,2.0,2.0,0.000296060544381326,16.0,7.0,70.0,0.2612988152698552,3.0,0.0326530612244898,0.5,0.5,2.0,1.426776695296637,0.049625951796770096,0.4850490093231201,0.061521830037236214,10.0,0.017412319779396057,0.0004898514989106761,0.00036338061383789366,0.0,0.0,-1.3191762070929869e-05,-0.00032663726931245196,-2.2202253271652594e-05,0.00012440110404565718,-0.00014479638009057272,7259.png,1.0,21.0,1,0,0.6099560468858942,low_mean_prob,0.4375,0.5625,R239-gtfree-bg-channel-seam-prob-editor,0.0040518010046998116,0.013214166800320143,val
0.0,0.25,1.0,1.0,1.0,0.0,2.0,2.0,71.11258679024411,0.7036301468809446,1.1921645402908325,0.35794380194362607,0.21798511059932515,0.0,0.0,0.9098977920521196,bg_seed,0.17021884697043932,0.8346903486829956,0.9201102947980088,0.8999095022624435,7987.0,1.0,2.0,0.00011102270414299724,6.0,5.0,70.0,0.26023930050621263,3.0,0.017142857142857144,0.5,0.5,2.0,1.3333333333333333,0.05001808702945709,0.4843137264251709,0.06000142730772495,14.0,0.018358923494815826,0.00016299328508412314,0.00012088726974254782,0.0,0.0,-4.94645812343375e-06,-0.0001224889759921799,-8.325146112930781e-06,4.664178096680516e-05,-5.4298642533923136e-05,7259.png,1.0,21.0,1,0,0.7709700303742936,low_mean_prob,0.40625,0.59375,R239-gtfree-bg-channel-seam-prob-editor,0.0035135127992712476,0.008826141356345471,val
0.0,0.25,1.0,1.0,1.0,0.0,2.0,2.0,115.87061750072795,1.4617291359698883,2.3184052467346192,0.41879592060532955,0.26485886677300785,0.0,0.0,0.9132444854187286,bg_seed,0.11875335840945728,0.8403403278524914,0.9326797928609011,0.8946026349341266,10781.0,2.0,1.0,0.0008300821781356355,30.0,49.0,104.0,0.4073109243697479,4.0,0.005886970172684459,0.8666666666666667,0.13333333333333333,4.242640687119285,2.181914096016133,0.04017443209886551,0.5334640741348267,0.05471858829259873,2.122448979591837,0.07135017216205597,-0.0008567503113554586,-0.0006857152272703448,0.0,0.0,-0.00033341914699258624,-0.00019539836842362435,-0.0005647940196240597,5.4796319576833064e-05,-0.0006906077348066697,7269.png,1.0,21.0,1,0,0.04402176683481525,low_mean_prob,0.30985915492957744,0.6901408450704225,R239-gtfree-bg-channel-seam-prob-editor,0.008916879668348919,0.02555549334729207,val
0.0,0.25,1.0,1.0,1.0,0.0,2.0,2.0,115.87061750072795,0.9448933013309958,1.3457261279392025,0.4192379488305699,0.26521255904417895,0.0,0.0,0.9134306509982515,bg_seed,0.1189487567778809,0.840655639547938,0.9326063491184855,0.8950276243093923,10781.0,1.0,1.0,0.0002766940593785451,10.0,34.0,72.0,0.42235449735449737,4.0,0.004084967320261438,1.0,0.0,3.1622776601683795,1.8705481427033432,0.037061095237731934,0.5250980854034424,0.05416638255119323,2.1176470588235294,0.06693028658628464,-0.00041472208611509354,-0.0003320229560992427,0.0,0.0,-0.0001472535674696962,0.0,-0.0002494823241774302,-1.8647422838746763e-05,-0.00026561835954097557,7269.png,1.0,21.0,1,0,0.2868003907522988,low_mean_prob,0.27941176470588236,0.7205882352941176,R239-gtfree-bg-channel-seam-prob-editor,0.003167803063625014,0.006006931464366867,val
0.0,0.25,1.0,1.0,1.0,0.0,1.0,1.0,22.0,0.25,0.25,0.4196933897466894,0.26557719054242,0.0,0.0,0.9135584950666811,bg_seed,0.1188510575936691,0.8408722337267034,0.9326710205888864,0.895213557161071,10781.0,1.0,1.0,0.00013834702968927256,5.0,1.0,16.0,0.5831600831600832,3.0,0.3125,0.6,0.4,1.0,1.0,0.05285989120602608,0.6172548532485962,0.05715617388486862,16.0,0.007684673182666302,4.071883000439369e-05,3.260854214182096e-05,0.0,0.0,-1.94094990401128e-05,-9.769918421180523e-05,-3.288814541202445e-05,4.602404756215428e-05,-7.968550786230377e-05,7269.png,1.0,21.0,1,0,0.464834010905992,low_mean_prob,0.43333333333333335,0.5666666666666667,R239-gtfree-bg-channel-seam-prob-editor,0.0014435049150151402,0.0019518243637547995,val
0.0,0.25,1.0,1.0,1.0,0.0,1.0,1.0,22.0,0.25,0.25,0.4193583827730169,0.26530895947730593,0.0,0.0,0.9134825216530897,bg_seed,0.11880220800156319,0.8407435129740519,0.9326856541836198,0.8950541861453464,10781.0,2.0,1.0,0.0003320328712542542,12.0,1.0,20.0,0.6003861003861004,3.0,0.6,0.75,0.25,1.0,1.0,0.04945021867752075,0.6228758096694946,0.05441619679331779,20.0,0.012383852154016495,-0.00029428814366810885,-0.0002356225229722675,0.0,0.0,-9.53829126314476e-05,-0.0001465487763177148,-0.0001616088980634922,6.065764229556958e-05,-0.00023905652358691132,7269.png,1.0,21.0,1,0,0.2860477999101517,low_mean_prob,0.4537037037037037,0.5462962962962963,R239-gtfree-bg-channel-seam-prob-editor,0.0008455096634564326,0.0017360403287077773,val
0.0,0.25,1.0,1.0,1.0,0.0,1.0,1.0,56.08029957123981,1.1274360172676403,1.678588557243347,0.3783406113537118,0.23330461008186126,2.0,2.0,0.9048351118345692,bg_seed,0.13922880295861206,0.8262090225977815,0.9213603855244176,0.8888921792176256,8269.0,2.0,1.0,0.000245496670451407,8.0,7.0,8.0,0.2299154334038055,3.0,0.14285714285714285,1.0,0.0,2.0,1.3535533905932737,0.07106146216392517,0.4745098054409027,0.09757873862981796,1.1428571428571428,0.022356389090418816,-0.0005981736658001169,-0.0004550909816627424,0.0,0.0,-0.00013203507000614234,0.0,-0.00022019762737057746,-1.9305763519383845e-05,-0.00023690366904560722,7312.png,1.0,21.0,1,0,0.8378714088837227,low_mean_prob,0.375,0.625,R239-gtfree-bg-channel-seam-prob-editor,0.18945912871485532,0.5659662467004872,val
0.0,0.25,1.0,1.0,1.0,0.0,1.0,1.0,39.20459156782532,1.2288213055497235,1.844738459587097,0.3790956177617413,0.2338790751113026,2.0,2.0,0.9048702913733588,bg_seed,0.13895687170283352,0.8262676870561031,0.9214969912808547,0.8888329533003643,8269.0,2.0,1.0,0.00046030625709638813,15.0,7.0,32.0,0.2777017783857729,3.0,0.06696428571428571,0.6666666666666666,0.3333333333333333,2.23606797749979,1.5143184428079244,0.06562403589487076,0.5233986377716064,0.08221166133880616,4.571428571428571,0.02768774889409542,0.0001568327422293847,0.00011937404777859206,0.0,0.0,-9.685553121652202e-05,-0.00027193125577854027,-0.0001615331690489885,0.00011729999291776316,-0.0002961295863069813,7312.png,1.0,21.0,1,0,0.5906316381998894,low_mean_prob,0.375,0.625,R239-gtfree-bg-channel-seam-prob-editor,0.021404471928432204,0.0643623681394001,val
0.0,0.25,1.0,1.0,1.0,0.0,1.0,1.0,39.20459156782532,0.8744073552290405,1.3262749885731806,0.37923408217902455,0.23398448721631715,2.0,2.0,0.9048954000120576,bg_seed,0.13912003045630064,0.8263095598557626,0.9214217747628841,0.888951405134887,8269.0,1.0,1.0,0.000245496670451407,8.0,5.0,32.0,0.2783357245337159,3.0,0.05,0.75,0.25,2.23606797749979,1.5080618877807475,0.06241248920559883,0.520098090171814,0.07661579623818397,6.4,0.023195138201117516,0.000295297159512653,0.00022478615279314385,0.0,0.0,-7.174689251776556e-05,-0.00010877250231142166,-0.00011966036938948488,4.2083474947163246e-05,-0.00017767775178423317,7312.png,1.0,21.0,1,0,0.5996439001170099,low_mean_prob,0.34375,0.65625,R239-gtfree-bg-channel-seam-prob-editor,0.018824889661972138,0.04719304765336829,val
0.0,0.25,1.0,1.0,1.0,0.0,1.0,1.0,56.08029957123981,0.9149263868304343,1.164745548885452,0.3787622984223089,0.23362539500143636,2.0,2.0,0.9049011333494092,bg_seed,0.13922880295861206,0.8263191214114668,0.9213700395911979,0.8890106310521484,8269.0,1.0,1.0,0.0001227483352257035,4.0,2.0,2.0,0.2389196675900277,3.0,1.0,1.0,0.0,2.23606797749979,1.6625703849682212,0.09345938265323639,0.5049019455909729,0.10564647167921067,1.0,0.027919678017497063,-0.00017648659720298498,-0.0001343060620876413,0.0,0.0,-6.601355516611118e-05,0.0,-0.00011009881368528873,-9.65169673905475e-06,-0.00011845183452285912,7312.png,1.0,21.0,1,0,0.8887795249604792,low_mean_prob,0.25,0.75,R239-gtfree-bg-channel-seam-prob-editor,0.008143210823721287,0.01516419700424,val
0.0,0.25,1.0,1.0,1.0,0.0,1.0,1.0,54.037024344425184,0.33142746314406396,0.4054525911808014,0.4726566833056018,0.3094632870941971,0.0,0.0,0.9210068301815044,bg_seed,0.13411035703747418,0.8535798519803725,0.9195946143286895,0.9224233901681608,5368.0,2.0,1.0,0.00014601098002569793,5.0,6.0,1.0,0.25418275418275416,3.0,0.8333333333333334,1.0,0.0,1.0,1.0,0.04644603282213211,0.498039186000824,0.0662185087800026,6.0,0.00784314889460802,-0.0004961900025854948,-0.00042554528246491197,0.0,0.0,-7.8899146642053e-05,0.0,-0.00013554910944235665,-1.1740069161270128e-05,-0.00014648151403295895,7654.png,1.0,20.0,1,0,0.8123206757317125,low_mean_prob,0.4888888888888889,0.5111111111111111,R239-gtfree-bg-channel-seam-prob-editor,0.0039020480862253766,0.010763788908449572,val
0.0,0.25,1.0,1.0,1.0,0.0,1.0,1.0,63.34824385884742,1.353715144097805,2.015646994113922,0.4727212242182302,0.30951862339359615,0.0,0.0,0.9209594851543075,bg_seed,0.13411035703747418,0.853498522514707,0.9195875686411964,0.9223355012597411,5368.0,2.0,1.0,0.0002336175680411167,8.0,4.0,2.0,0.16052631578947368,2.0,1.0,1.0,0.0,2.0,1.5,0.03255285322666168,0.5093137621879578,0.04585941135883331,2.0,0.03115350753068924,-0.00043164908995707574,-0.00037020898306588945,0.0,0.0,-0.00012624417383899633,0.0,-0.00021687857510777064,-1.8785756654371433e-05,-0.0002343704224526677,7654.png,1.0,20.0,1,0,0.7265570539649996,low_mean_prob,0.4,0.6,R239-gtfree-bg-channel-seam-prob-editor,0.0013832273295563214,0.002168344851642887,val
0.0,0.25,1.0,1.0,1.0,0.0,1.0,1.0,54.037024344425184,0.5831038256486257,0.7681528747081756,0.4729954530331596,0.3097537947563367,0.0,0.0,0.9210383912248629,bg_seed,0.13411035703747418,0.8536340716241494,0.919599310767793,0.9224819827737739,5368.0,1.0,1.0,8.760658801541876e-05,3.0,12.0,1.0,0.3885135135135135,3.0,0.25,1.0,0.0,1.0,1.0,0.054831430315971375,0.5568627715110779,0.05592547133564949,12.0,0.04539545252919197,-0.00015742027502768652,-0.00013503762032535116,0.0,0.0,-4.7338103283611765e-05,0.0,-8.132946566541399e-05,-7.043630057768091e-06,-8.788890841981978e-05,7654.png,1.0,20.0,1,0,0.8390935064262589,low_mean_prob,0.4423076923076923,0.5576923076923077,R239-gtfree-bg-channel-seam-prob-editor,0.0006145840389109985,0.0006909115006529028,val
0.0,0.25,1.0,1.0,0.0,1.0,3.0,2.0,63.34824385884742,0.8735683917999267,1.0503786087036133,0.4727595189270077,0.30955145884743795,0.0,0.0,0.9210068301815044,bg_seed,0.13411035703747418,0.8535798519803725,0.9195946143286895,0.9224233901681608,5368.0,1.0,1.0,0.00014601098002569793,5.0,14.0,60.0,0.06416666666666666,2.0,0.005952380952380952,1.0,0.0,2.0,1.6,0.04052475467324257,0.5066666603088379,0.051549161225557326,4.285714285714286,0.03640095517039299,-0.0003933543811796003,-0.00033737352922408315,0.0,0.0,-7.8899146642053e-05,0.0,-0.00013554910944235665,-1.1740069161270128e-05,-0.00014648151403295895,7654.png,1.0,20.0,1,0,0.427012972236396,low_mean_prob,0.3,0.7,R239-gtfree-bg-channel-seam-prob-editor,0.003636524932375828,0.0072841308823147,val
0.0,0.25,1.0,1.0,1.0,1.0,2.0,1.0,60.53924347066124,1.3364605945412324,2.062083724907107,0.3561043047146875,0.2166222016007424,2.0,-2.0,0.9079917149435922,bg_seed,0.14550717010919617,0.8314879359149641,0.9270670073212101,0.8896855812420159,11718.0,1.0,1.0,0.00017172909734893205,8.0,41.0,25.0,0.2846497764530551,3.0,0.007804878048780488,0.5,0.5,6.324555320336759,3.611437771420283,0.0504646897315979,0.6000000238418579,0.06011515110731125,1.64,0.026452424004673958,0.0003557245591012115,0.0002632093796811896,0.0,0.0,-7.738372779897418e-06,-0.0001754155155023196,-1.2978689830411838e-05,7.333983167479019e-05,-8.241645032347478e-05,8253.png,1.0,19.0,1,0,0.015127313882256051,recall_drop,0.1875,0.8125,R239-gtfree-bg-channel-seam-prob-editor,0.3558002626411016,0.998950244452375,val
0.0,0.25,1.0,1.0,1.0,0.0,2.0,2.0,47.0,0.8972433787413425,1.5,0.3562807117981012,0.21675277181169095,2.0,-2.0,0.908020355806031,bg_seed,0.1453756084725694,0.8315359728855338,0.9271267230643707,0.8896855812420159,11718.0,1.0,2.0,0.0002361275088547816,11.0,3.0,46.0,0.191682301438399,3.0,0.07971014492753623,0.36363636363636365,0.6363636363636364,2.23606797749979,1.4071553331471887,0.0586392879486084,0.5679144263267517,0.07745055854320526,15.333333333333334,0.02026134915649891,0.0005321316425149214,0.0003937795906297503,0.0,0.0,2.0902489658913836e-05,-0.00030697715212910093,3.505828073935291e-05,0.00013305557483545005,-8.241645032347478e-05,8253.png,1.0,19.0,1,0,0.8223324997993352,recall_drop,0.375,0.625,R239-gtfree-bg-channel-seam-prob-editor,0.5106230830904636,0.9735093379898468,val
0.0,0.25,1.0,1.0,1.0,0.0,2.0,2.0,47.0,1.4713688302017127,2.5,0.35617222142754973,0.2166724678036895,2.0,-2.0,0.9079341710920659,bg_seed,0.14524404683594264,0.831391429947039,0.9271708081871094,0.8894795401162072,11718.0,2.0,2.0,0.0005151872920467962,24.0,5.0,46.0,0.1942296252230815,3.0,0.10434782608695652,0.5833333333333334,0.4166666666666667,2.23606797749979,1.5521419874735178,0.0559116005897522,0.5771241784095764,0.07896032482385636,9.2,0.022289400920271873,0.0004236412719634264,0.0003134755826283142,0.0,0.0,-6.528222430624009e-05,-0.0004385387887558545,-0.00010948465775550975,0.00017714069757412965,-0.0002884575761321617,8253.png,1.0,19.0,1,0,0.8156416373343656,recall_drop,0.33653846153846156,0.6634615384615384,R239-gtfree-bg-channel-seam-prob-editor,0.3521001707394225,0.9459632734240023,val
0.0,0.25,1.0,1.0,1.0,1.0,2.0,1.0,60.53924347066124,1.3486663100303113,2.1848464012145996,0.3572177227251072,0.21744678382924423,2.0,-2.0,0.9079379101463907,bg_seed,0.1450686313204403,0.8313977003524585,0.9272457790952442,0.8894177277784646,11718.0,2.0,1.0,0.0006654502522271117,31.0,49.0,30.0,0.28288770053475937,3.0,0.02108843537414966,0.5483870967741935,0.45161290322580644,4.0,1.886409956923196,0.04128493741154671,0.602150559425354,0.05647864565253258,1.6333333333333333,0.023547086864709854,0.0014691425695209093,0.0010877916081830363,0.0,0.0,-6.154316998141507e-05,-0.0006139543042582019,-0.00010321425233594805,0.00025211160570892677,-0.0003502699138747678,8253.png,1.0,19.0,1,0,0.33390980952906346,low_mean_prob,0.3203125,0.6796875,R239-gtfree-bg-channel-seam-prob-editor,0.06279126205418915,0.1531228642300102,val
