background_connected_by_cut,candidate_boundary_f1,candidate_boundary_iou,candidate_component_count_mae,candidate_component_delta_mean,candidate_dice,candidate_gap_region_fp_rate,candidate_gt_instance_count,candidate_gt_instances_covered,candidate_gt_instances_multi_covered,candidate_iou,candidate_merged_pred_components,candidate_precision,candidate_pred_component_count_instance_match,candidate_rank,candidate_recall,component_area,component_bbox_h,component_bbox_w,component_fill,component_slenderness,cut_adjacent_bg_components_before,cut_anchor_area_frac,cut_area,cut_bbox_h,cut_bbox_w,cut_bg_channel_area_after,cut_bg_channel_border_contacts_after,cut_bg_channel_frac_after,cut_fill,cut_gt_fg_frac,cut_gt_gap_frac,cut_max_dist_in,cut_mean_dist_in,cut_mean_grad,cut_mean_image,cut_p90_grad,cut_slenderness,cut_std_image,delta_boundary_f1,delta_boundary_iou,delta_component_count_mae,delta_component_delta_mean,delta_dice,delta_gap_region_fp_rate,delta_gt_instance_count,delta_gt_instances_covered,delta_gt_instances_multi_covered,delta_iou,delta_merged_pred_components,delta_precision,delta_pred_component_count_instance_match,delta_recall,dist_percentile,image,local_bg_component_delta,local_bg_components_after,local_bg_components_before,pred_component_id,ring_bg_frac,ring_fg_frac,risk_label,run_id,safe_useful_label,split
1.0,0.43580284245539763,0.2786111970306217,1.0,-1.0,0.9023420074349442,0.13879296168393357,29.0,29.0,0.0,0.8220611643580452,2.0,0.9048648648648648,27.0,1.0,0.8998331788693235,4195.0,92.0,60.0,0.759963768115942,1.5333333333333334,1.0,0.0003726476616359232,10.0,5.0,2.0,671.0,3.0,0.2532075471698113,1.0,0.9,0.1,2.0,1.5,0.03563666343688965,0.7454901933670044,0.04858293086290359,2.5,0.02679610811173916,-0.0005739954462178898,-0.0004693694889975064,0.0,0.0,-0.00016681992056588602,-5.4815545688757794e-05,0.0,0.0,0.0,-0.00027695539269978475,0.0,1.812880516038895e-06,0.0,-0.0003336422613531287,8.0,10375.png,0.0,1.0,1.0,19.0,0.38636363636363635,0.6136363636363636,1.0,R244-F0-gtfree-merge-targeted-candidates,0.0,val
1.0,0.43554533905994797,0.27840074240197976,1.0,-1.0,0.9023456377086354,0.13884777722962233,29.0,29.0,0.0,0.8220671904632891,2.0,0.9048346814776158,27.0,2.0,0.899870250231696,4195.0,92.0,60.0,0.759963768115942,1.5333333333333334,1.0,0.00029811812930873857,8.0,4.0,2.0,664.0,3.0,0.2553846153846154,1.0,1.0,0.0,2.0,1.426776695296637,0.04393275827169418,0.7382352948188782,0.055115704983472825,2.0,0.033376555889844894,-0.0008314988416675551,-0.0006798241176394493,0.0,0.0,-0.00016318964687467297,0.0,0.0,0.0,0.0,-0.00027092928745586775,0.0,-2.8370506732988687e-05,0.0,-0.0002965708989806082,8.0,10375.png,0.0,1.0,1.0,19.0,0.425,0.575,1.0,R244-F0-gtfree-merge-targeted-candidates,0.0,val
1.0,0.4394168531849253,0.28157221490037987,1.0,-1.0,0.9029415045926146,0.13736775749602587,29.0,29.0,0.0,0.8230568455306599,2.0,0.9057708807401051,27.0,1.0,0.900129749768304,2718.0,58.0,72.0,0.6508620689655172,1.2413793103448276,1.0,0.001043413452580585,28.0,14.0,6.0,1626.0,4.0,0.48566308243727596,0.3333333333333333,0.03571428571428571,0.9642857142857143,2.0,1.3953952789951956,0.048849862068891525,0.7418767809867859,0.05789775438606739,2.3333333333333335,0.034682746976614,0.0030400152833097716,0.002491648380760658,0.0,0.0,0.0004326772371044951,-0.0014800197335964604,0.0,0.0,0.0,0.0007187257799149416,0.0,0.0009078287557563458,0.0,-3.707136237263153e-05,12.0,10375.png,0.0,2.0,2.0,21.0,0.4583333333333333,0.5416666666666666,1.0,R244-F0-gtfree-merge-targeted-candidates,0.0,val
1.0,0.4385317772268247,0.2808457904112772,1.0,-1.0,0.9026907413950201,0.1375870196787809,29.0,29.0,0.0,0.8226402304694119,2.0,0.9056040593985524,27.0,2.0,0.8997961075069508,4195.0,92.0,60.0,0.759963768115942,1.5333333333333334,1.0,0.0012297372833985467,33.0,13.0,11.0,1763.0,4.0,0.48985829397054736,0.23076923076923078,0.30303030303030304,0.696969696969697,2.23606797749979,1.5357866964727924,0.06833039969205856,0.7950088381767273,0.10683183073997497,1.1818181818181819,0.06023091450333595,0.0021549393252091598,0.0017652238916580076,0.0,0.0,0.00018191403951006713,-0.0012607575508414293,0.0,0.0,0.0,0.00030211071866692585,0.0,0.0007410074142035761,0.0,-0.0003707136237257602,12.0,10375.png,0.0,1.0,1.0,19.0,0.4375,0.5625,1.0,R244-F0-gtfree-merge-targeted-candidates,0.0,val
1.0,0.43554533905994797,0.27840074240197976,1.0,-1.0,0.9022640246849325,0.13884777722962233,29.0,29.0,0.0,0.8219317258195611,2.0,0.9048204898780897,27.0,3.0,0.8997219647822058,2161.0,60.0,50.0,0.7203333333333334,1.2,1.0,0.0004471771939631079,12.0,6.0,2.0,699.0,4.0,0.2588888888888889,1.0,1.0,0.0,2.0,1.4511844635310913,0.04417138919234276,0.7264705300331116,0.055425625294446945,3.0,0.04340749979019165,-0.0008314988416675551,-0.0006798241176394493,0.0,0.0,-0.00024480267057758187,0.0,0.0,0.0,0.0,-0.00040639393118391265,0.0,-4.2562106259080856e-05,0.0,-0.00044485634847080124,12.0,10375.png,0.0,1.0,1.0,20.0,0.4583333333333333,0.5416666666666666,1.0,R244-F0-gtfree-merge-targeted-candidates,0.0,val
1.0,0.4350613997943258,0.27800541167375337,1.0,-1.0,0.9021751254880089,0.1387381461382448,29.0,29.0,0.0,0.8217841902052428,2.0,0.90486667909752,27.0,4.0,0.8994995366079703,1468.0,40.0,47.0,0.7808510638297872,1.175,1.0,0.0007452953232718465,20.0,6.0,10.0,1957.0,4.0,0.6248403575989783,0.3333333333333333,0.9,0.1,2.0,1.3535533905932737,0.05543829873204231,0.7098039388656616,0.07237214073538781,1.6666666666666667,0.04336836189031601,-0.0013154381072897348,-0.0010751548458658444,0.0,0.0,-0.00033370186750114605,-0.00010963109137751559,0.0,0.0,0.0,-0.000553929545502152,0.0,3.627113171256191e-06,0.0,-0.0006672845227062574,12.0,10375.png,0.0,2.0,2.0,11.0,0.45,0.55,1.0,R244-F0-gtfree-merge-targeted-candidates,0.0,val
1.0,0.43824845772347887,0.2806134304081791,1.0,-1.0,0.9027736466389054,0.13791591295291344,29.0,29.0,0.0,0.8227779472061265,2.0,0.9054331207815938,27.0,5.0,0.900129749768304,2563.0,39.0,96.0,0.6845619658119658,2.4615384615384617,1.0,0.0006707657909446618,18.0,5.0,9.0,1442.0,3.0,0.47732538894405824,0.4,0.05555555555555555,0.9444444444444444,2.0,1.4023689270621824,0.07039789855480194,0.7769063115119934,0.08522369489073753,1.8,0.04469152167439461,0.0018716198218633462,0.0015328638885598878,0.0,0.0,0.00026481928339527894,-0.0009318642767088825,0.0,0.0,0.0,0.000439827455381514,0.0,0.0005700687972449714,0.0,-3.707136237263153e-05,12.0,10375.png,0.0,1.0,1.0,26.0,0.4305555555555556,0.5694444444444444,1.0,R244-F0-gtfree-merge-targeted-candidates,0.0,val
1.0,0.43675518722400336,0.279390140082037,1.0,-1.0,0.9026765799256505,0.13829962177273475,29.0,29.0,0.0,0.822616708449082,2.0,0.9052003727865797,27.0,7.0,0.9001668211306766,2563.0,39.0,96.0,0.6845619658119658,2.4615384615384617,1.0,0.0003726476616359232,10.0,2.0,5.0,1237.0,3.0,0.46679245283018866,1.0,0.0,1.0,2.0,1.4414213562373095,0.05744081735610962,0.7458823919296265,0.08504315540194511,2.5,0.03760618716478348,0.0003783493223878387,0.00030957356241778644,0.0,0.0,0.00016775257014045586,-0.0005481554568875779,0.0,0.0,0.0,0.00027858869833696787,0.0,0.00033732080223092265,0.0,0.0,12.0,10375.png,0.0,2.0,2.0,26.0,0.4090909090909091,0.5909090909090909,0.0,R244-F0-gtfree-merge-targeted-candidates,1.0,val
1.0,0.4056633194037298,0.25444018464908846,0.0,0.0,0.8976411876638064,0.19581738503356078,26.0,26.0,0.0,0.8142912975508078,0.0,0.8749606299212599,26.0,1.0,0.9215288784047768,5134.0,99.0,65.0,0.7978243978243978,1.523076923076923,1.0,0.00034983382893125764,10.0,5.0,2.0,648.0,3.0,0.24452830188679245,1.0,1.0,0.0,2.0,1.4414213562373095,0.025935178622603416,0.7078431844711304,0.028597849048674105,2.5,0.016001729294657707,-0.0010994231254360942,-0.0008656341307690107,0.0,0.0,-0.0001978531862186772,0.0,0.0,0.0,0.0,-0.0003256904637831681,0.0,-4.3743001601703746e-05,0.0,-0.0003685820647967297,8.0,10520.png,0.0,1.0,1.0,20.0,0.45454545454545453,0.5454545454545454,1.0,R244-F0-gtfree-merge-targeted-candidates,0.0,val
1.0,0.4060375475581613,0.2547347002660823,0.0,0.0,0.8976411876638064,0.19581738503356078,26.0,26.0,0.0,0.8142912975508078,0.0,0.8749606299212599,26.0,2.0,0.9215288784047768,5134.0,99.0,65.0,0.7978243978243978,1.523076923076923,1.0,0.00034983382893125764,10.0,5.0,2.0,867.0,3.0,0.32716981132075473,1.0,1.0,0.0,2.0,1.4414213562373095,0.03267371281981468,0.7078431844711304,0.03479824662208557,2.5,0.02549019455909729,-0.0007251949710045946,-0.0005711185137751706,0.0,0.0,-0.0001978531862186772,0.0,0.0,0.0,0.0,-0.0003256904637831681,0.0,-4.3743001601703746e-05,0.0,-0.0003685820647967297,8.0,10520.png,0.0,1.0,1.0,20.0,0.45454545454545453,0.5454545454545454,1.0,R244-F0-gtfree-merge-targeted-candidates,0.0,val
1.0,0.40730810001870676,0.2557356510844883,0.0,0.0,0.897808908045977,0.1947634104398957,26.0,26.0,0.0,0.8145673781978165,0.0,0.875512277137553,26.0,1.0,0.9212708709594191,3314.0,38.0,110.0,0.792822966507177,2.8947368421052633,1.0,0.0012594017841525275,36.0,3.0,18.0,1630.0,3.0,0.48425430778371953,0.6666666666666666,0.4722222222222222,0.5277777777777778,2.0,1.4837281545103638,0.039524830877780914,0.7453160285949707,0.05058889277279377,6.0,0.02877219393849373,0.0005453574895408764,0.00042983230463083943,0.0,0.0,-3.0132804048066397e-05,-0.0010539745936650746,0.0,0.0,0.0,-4.960981677437637e-05,0.0,0.0005079042146913793,0.0,-0.0006265895101544849,10.0,10520.png,0.0,1.0,1.0,26.0,0.45,0.55,1.0,R244-F0-gtfree-merge-targeted-candidates,0.0,val
1.0,0.4080563696451955,0.2563258911084998,0.0,0.0,0.8979679758742012,0.19537360625728076,26.0,26.0,0.0,0.8148292937190513,0.0,0.8752493263813557,26.0,4.0,0.9218974604695735,3314.0,38.0,110.0,0.792822966507177,2.8947368421052633,1.0,0.00027986706314500615,8.0,2.0,4.0,1246.0,3.0,0.47923076923076924,1.0,0.0,1.0,2.0,1.5,0.021666351705789566,0.7857843637466431,0.02271398138254881,2.0,0.01674577407538891,0.0012936271160295942,0.0010200723286423186,0.0,0.0,0.00012893502417610225,-0.00044377877628001827,0.0,0.0,0.0,0.00021230570446040264,0.0,0.00024495345849406824,0.0,0.0,10.0,10520.png,0.0,2.0,2.0,26.0,0.35,0.65,0.0,R244-F0-gtfree-merge-targeted-candidates,1.0,val
1.0,0.4075575232275363,0.2559323361265565,0.0,0.0,0.8979679758742012,0.19537360625728076,26.0,26.0,0.0,0.8148292937190513,0.0,0.8752493263813557,26.0,5.0,0.9218974604695735,3314.0,38.0,110.0,0.792822966507177,2.8947368421052633,1.0,0.00027986706314500615,8.0,2.0,4.0,1344.0,3.0,0.5169230769230769,1.0,0.0,1.0,2.0,1.5,0.021546728909015656,0.7078431844711304,0.023546839691698553,2.0,0.011433239094913006,0.000794780698370412,0.0006265173466990515,0.0,0.0,0.00012893502417610225,-0.00044377877628001827,0.0,0.0,0.0,0.00021230570446040264,0.0,0.00024495345849406824,0.0,0.0,10.0,10520.png,0.0,1.0,1.0,26.0,0.4,0.6,0.0,R244-F0-gtfree-merge-targeted-candidates,1.0,val
1.0,0.4064604639560988,0.2550676997730297,0.0,0.0,0.8976213984382012,0.19581738503356078,26.0,26.0,0.0,0.8142587285044294,0.0,0.8749562539371457,26.0,6.0,0.9214920201982971,5134.0,99.0,65.0,0.7978243978243978,1.523076923076923,1.0,0.0003848172118243834,11.0,5.0,5.0,1515.0,4.0,0.5393378426486294,0.44,1.0,0.0,2.23606797749979,1.4662718367719962,0.04008151963353157,0.7433155179023743,0.05261433869600296,1.0,0.02270471677184105,-0.00030227857306708295,-0.00023811900682779719,0.0,0.0,-0.00021764241182387067,0.0,0.0,0.0,0.0,-0.00035825951016155155,0.0,-4.811898571588369e-05,0.0,-0.0004054402712764249,10.0,10520.png,0.0,1.0,1.0,20.0,0.42857142857142855,0.5714285714285714,1.0,R244-F0-gtfree-merge-targeted-candidates,0.0,val
1.0,0.40750904328302356,0.2558941019816715,0.0,0.0,0.8979679758742012,0.19537360625728076,26.0,26.0,0.0,0.8148292937190513,0.0,0.8752493263813557,26.0,7.0,0.9218974604695735,3314.0,38.0,110.0,0.792822966507177,2.8947368421052633,1.0,0.00027986706314500615,8.0,4.0,4.0,2081.0,4.0,0.7696005917159763,0.5,0.0,1.0,2.0,1.3535533905932737,0.025648299604654312,0.7161765098571777,0.03909882679581642,1.0,0.021828865632414818,0.000746300753857676,0.0005882832018140327,0.0,0.0,0.00012893502417610225,-0.00044377877628001827,0.0,0.0,0.0,0.00021230570446040264,0.0,0.00024495345849406824,0.0,0.0,10.0,10520.png,0.0,1.0,1.0,26.0,0.5208333333333334,0.4791666666666667,0.0,R244-F0-gtfree-merge-targeted-candidates,1.0,val
1.0,0.40561447286338115,0.2544017528758119,0.0,0.0,0.8976016085020825,0.19581738503356078,26.0,26.0,0.0,0.8142261594580511,0.0,0.8749518776467294,26.0,2.0,0.9214551619918174,1595.0,45.0,44.0,0.8055555555555556,1.0227272727272727,1.0,0.0004198005947175092,12.0,6.0,2.0,1763.0,4.0,0.652962962962963,1.0,1.0,0.0,2.0,1.4023689270621826,0.032111674547195435,0.6045752167701721,0.03865030109882355,3.0,0.016234956681728363,-0.0011482696657847402,-0.0009040659040455701,0.0,0.0,-0.00023743234794260104,0.0,0.0,0.0,0.0,-0.00039082855653982396,0.0,-5.249527613215843e-05,0.0,-0.0004422984777561201,12.0,10520.png,0.0,1.0,1.0,12.0,0.4791666666666667,0.5208333333333334,1.0,R244-F0-gtfree-merge-targeted-candidates,0.0,val
1.0,0.4093063872255489,0.25731315190965415,0.0,0.0,0.8981218802743564,0.19470793809286072,26.0,26.0,0.0,0.8150827792986572,0.0,0.8756083044498127,26.0,3.0,0.9218237440566142,1581.0,41.0,48.0,0.8033536585365854,1.170731707317073,1.0,0.0007696344236487668,22.0,7.0,11.0,1268.0,4.0,0.3907550077041603,0.2857142857142857,0.09090909090909091,0.9090909090909091,2.0,1.3480388295223809,0.03754555806517601,0.7098039388656616,0.048708378151059155,1.5714285714285714,0.02446162700653076,0.0025436446963830184,0.0020073331297966734,0.0,0.0,0.0002828394243312715,-0.0011094469407000596,0.0,0.0,0.0,0.0004657912840663192,0.0,0.0006039315269511514,0.0,-7.371641295939035e-05,12.0,10520.png,0.0,1.0,1.0,25.0,0.4772727272727273,0.5227272727272727,1.0,R244-F0-gtfree-merge-targeted-candidates,0.0,val
1.0,0.4065131948343627,0.2551092318534179,0.0,0.0,0.8975818178554117,0.19581738503356078,26.0,26.0,0.0,0.8141935904116727,0.0,0.874947501049979,26.0,6.0,0.9214183037853378,1581.0,41.0,48.0,0.8033536585365854,1.170731707317073,1.0,0.00045478397761063497,13.0,6.0,4.0,1802.0,4.0,0.6417378917378918,0.5416666666666666,1.0,0.0,2.0,1.3714174711343223,0.039105210453271866,0.732729971408844,0.04438799396157265,1.5,0.026944085955619812,-0.00024954769480317607,-0.0001965869264395903,0.0,0.0,-0.00025722299461339304,0.0,0.0,0.0,0.0,-0.0004233976029182074,0.0,-5.687187288261342e-05,0.0,-0.00047915668423570423,12.0,10520.png,0.0,1.0,1.0,25.0,0.5178571428571429,0.48214285714285715,1.0,R244-F0-gtfree-merge-targeted-candidates,0.0,val
1.0,0.40628703299444896,0.25493112085159675,0.0,0.0,0.8977093206951027,0.19565096799245577,26.0,26.0,0.0,0.8144034396273737,0.0,0.8750568718720471,26.0,7.0,0.9215657366112565,1595.0,45.0,44.0,0.8055555555555556,1.0227272727272727,1.0,0.0004198005947175092,12.0,4.0,6.0,1459.0,4.0,0.5195868945868946,0.5,0.75,0.25,2.0,1.3535533905932737,0.03519485890865326,0.6222222447395325,0.04144986383616924,1.5,0.022087248042225838,-0.00047570953471692823,-0.00037469792826072545,0.0,0.0,-0.00012972015492240807,-0.00016641704110501032,0.0,0.0,0.0,-0.0002135483872172106,0.0,5.249894918546438e-05,0.0,-0.00033172385831703455,12.0,10520.png,0.0,1.0,1.0,12.0,0.4642857142857143,0.5357142857142857,1.0,R244-F0-gtfree-merge-targeted-candidates,0.0,val
1.0,0.4064077790936857,0.2550262066807479,0.0,0.0,0.897680763983629,0.19581738503356078,26.0,26.0,0.0,0.8143564356435643,0.0,0.8749693809707108,26.0,8.0,0.9216025948177362,5134.0,99.0,65.0,0.7978243978243978,1.523076923076923,1.0,0.00027986706314500615,8.0,4.0,2.0,1135.0,3.0,0.43653846153846154,1.0,1.0,0.0,2.8284271247461903,1.8098385830773842,0.028302408754825592,0.7107843160629272,0.03484468162059784,2.0,0.02044769749045372,-0.0003549634354801934,-0.00027961209910959406,0.0,0.0,-0.00015827686639613425,0.0,0.0,0.0,0.0,-0.0002605523710266233,0.0,-3.499195215084239e-05,0.0,-0.00029486565183733937,12.0,10520.png,0.0,1.0,1.0,20.0,0.3,0.7,1.0,R244-F0-gtfree-merge-targeted-candidates,0.0,val
1.0,0.4057627541474367,0.2545184257882795,0.0,0.0,0.8976016085020825,0.19581738503356078,26.0,26.0,0.0,0.8142261594580511,0.0,0.8749518776467294,26.0,11.0,0.9214551619918174,1595.0,45.0,44.0,0.8055555555555556,1.0227272727272727,1.0,0.0004198005947175092,12.0,5.0,6.0,1790.0,4.0,0.6254367575122292,0.4,1.0,0.0,2.0,1.3535533905932737,0.037091828882694244,0.6666666865348816,0.0521837167441845,1.2,0.024542462080717087,-0.000999988381729211,-0.0007873929915779843,0.0,0.0,-0.00023743234794260104,0.0,0.0,0.0,0.0,-0.00039082855653982396,0.0,-5.249527613215843e-05,0.0,-0.0004422984777561201,12.0,10520.png,0.0,1.0,1.0,12.0,0.45,0.55,1.0,R244-F0-gtfree-merge-targeted-candidates,0.0,val
1.0,0.32138114209827356,0.19145569620253164,1.0,1.0,0.8873383395911556,0.1942885855455992,27.0,27.0,0.0,0.797491610580979,0.0,0.8967472647933048,27.0,1.0,0.8781248064735875,6579.0,117.0,65.0,0.8650887573964497,1.8,1.0,0.00033717573177670536,16.0,8.0,2.0,526.0,2.0,0.18785714285714286,1.0,1.0,0.0,2.0,1.5,0.07665477693080902,0.7747549414634705,0.09869125857949257,4.0,0.03203853964805603,-0.0007591300168027226,-0.0005390616197803733,0.0,0.0,-0.0001856447251871174,0.0,0.0,0.0,0.0,-0.00029995688119832664,0.0,-3.481431655127931e-05,0.0,-0.00033028507730736845,6.0,10618.png,0.0,1.0,1.0,19.0,0.42857142857142855,0.5714285714285714,1.0,R244-F0-gtfree-merge-targeted-candidates,0.0,val
1.0,0.3221728576008794,0.19201790784013978,1.0,1.0,0.8876535741849356,0.19374424252575162,27.0,27.0,0.0,0.7980010126202487,0.0,0.8970467337001201,27.0,2.0,0.8784550915508949,6579.0,117.0,65.0,0.8650887573964497,1.8,1.0,0.0002950287653046172,14.0,7.0,4.0,995.0,4.0,0.3479020979020979,0.5,0.0,0.9285714285714286,2.0,1.3744743347942348,0.07365365326404572,0.8058823943138123,0.08540292009711266,1.75,0.029261987656354904,3.258548580309384e-05,2.31500178277666e-05,0.0,0.0,0.00012958986859290533,-0.0005443430198475707,0.0,0.0,0.0,0.0002094451580714196,0.0,0.00026465459026403515,0.0,0.0,6.0,10618.png,0.0,1.0,1.0,19.0,0.45,0.55,0.0,R244-F0-gtfree-merge-targeted-candidates,1.0,val
1.0,0.3216559051151715,0.19165075034106413,1.0,1.0,0.887431169697981,0.1942885855455992,27.0,27.0,0.0,0.7976415890215781,0.0,0.896764674886711,27.0,3.0,0.8782899490122412,6579.0,117.0,65.0,0.8650887573964497,1.8,1.0,0.00016858786588835268,8.0,4.0,2.0,471.0,2.0,0.18115384615384617,1.0,1.0,0.0,2.0,1.5,0.05711952969431877,0.7779411673545837,0.06108074374496937,2.0,0.02102135308086872,-0.00048436699990478393,-0.00034400748124788216,0.0,0.0,-9.281461836174731e-05,0.0,0.0,0.0,0.0,-0.00014997844059916332,0.0,-1.740422314511214e-05,0.0,-0.0001651425386536287,6.0,10618.png,0.0,1.0,1.0,19.0,0.4,0.6,1.0,R244-F0-gtfree-merge-targeted-candidates,0.0,val
1.0,0.322081253148903,0.19195283070371785,1.0,1.0,0.887431169697981,0.1942885855455992,27.0,27.0,0.0,0.7976415890215781,0.0,0.896764674886711,27.0,4.0,0.8782899490122412,6579.0,117.0,65.0,0.8650887573964497,1.8,1.0,0.00016858786588835268,8.0,4.0,2.0,623.0,3.0,0.23961538461538462,1.0,1.0,0.0,2.0,1.426776695296637,0.06272168457508087,0.781862735748291,0.06900121569633484,2.0,0.02772534266114235,-5.901896617327429e-05,-4.192711859415943e-05,0.0,0.0,-9.281461836174731e-05,0.0,0.0,0.0,0.0,-0.00014997844059916332,0.0,-1.740422314511214e-05,0.0,-0.0001651425386536287,6.0,10618.png,0.0,1.0,1.0,19.0,0.4,0.6,1.0,R244-F0-gtfree-merge-targeted-candidates,0.0,val
1.0,0.3220222558043687,0.19191092189290979,1.0,1.0,0.887431169697981,0.1942885855455992,27.0,27.0,0.0,0.7976415890215781,0.0,0.896764674886711,27.0,5.0,0.8782899490122412,6579.0,117.0,65.0,0.8650887573964497,1.8,1.0,0.00016858786588835268,8.0,4.0,2.0,753.0,3.0,0.2896153846153846,1.0,1.0,0.0,2.0,1.5,0.06682035326957703,0.7750000357627869,0.07459960654377937,2.0,0.025409940630197525,-0.00011801631070756935,-8.383592940222617e-05,0.0,0.0,-9.281461836174731e-05,0.0,0.0,0.0,0.0,-0.00014997844059916332,0.0,-1.740422314511214e-05,0.0,-0.0001651425386536287,6.0,10618.png,0.0,1.0,1.0,19.0,0.4,0.6,1.0,R244-F0-gtfree-merge-targeted-candidates,0.0,val
1.0,0.32319530963722976,0.19274475524475523,1.0,1.0,0.8876163057537447,0.19345113474583367,27.0,27.0,0.0,0.7979407738039421,0.0,0.8971428571428571,27.0,1.0,0.8782899490122412,3765.0,78.0,68.0,0.709841628959276,1.1470588235294117,1.0,0.0005900575306092345,28.0,14.0,6.0,1188.0,3.0,0.3548387096774194,0.3333333333333333,0.2857142857142857,0.7142857142857143,2.0,1.3953952789951956,0.0838976576924324,0.7820728421211243,0.10755486637353898,2.3333333333333335,0.038982897996902466,0.001055037522153468,0.0007499974224432215,0.0,0.0,9.232143740200982e-05,-0.0008374507997655212,0.0,0.0,0.0,0.00014920634176485148,0.0,0.0003607780330010524,0.0,-0.0001651425386536287,8.0,10618.png,0.0,1.0,1.0,20.0,0.4791666666666667,0.5208333333333334,1.0,R244-F0-gtfree-merge-targeted-candidates,0.0,val
1.0,0.3212895544259743,0.19139069234546346,1.0,1.0,0.8872848649212475,0.19416296792563437,27.0,27.0,0.0,0.7974052270426337,0.0,0.8967887490248171,27.0,3.0,0.8779803067522656,5033.0,56.0,139.0,0.6465827338129496,2.482142857142857,1.0,0.0005479105641371463,26.0,6.0,13.0,1513.0,3.0,0.4593199757134183,0.3333333333333333,0.8846153846153846,0.11538461538461539,2.0,1.4098790095958609,0.09031732380390167,0.7874811887741089,0.12068340927362442,2.1666666666666665,0.03625341132283211,-0.0008507176891019985,-0.0006040654768485476,0.0,0.0,-0.00023911939509524416,-0.000125617619964824,0.0,0.0,0.0,-0.0003863404195435516,0.0,6.669914961010548e-06,0.0,-0.0004747847986292797,8.0,10618.png,0.0,1.0,1.0,27.0,0.42391304347826086,0.5760869565217391,1.0,R244-F0-gtfree-merge-targeted-candidates,0.0,val
1.0,0.322081253148903,0.19195283070371785,1.0,1.0,0.887431169697981,0.1942885855455992,27.0,27.0,0.0,0.7976415890215781,0.0,0.896764674886711,27.0,8.0,0.8782899490122412,5033.0,56.0,139.0,0.6465827338129496,2.482142857142857,1.0,0.00016858786588835268,8.0,2.0,4.0,1318.0,3.0,0.5069230769230769,1.0,1.0,0.0,2.0,1.426776695296637,0.05211057513952255,0.7514705657958984,0.056766852736473083,2.0,0.019796881824731827,-5.901896617327429e-05,-4.192711859415943e-05,0.0,0.0,-9.281461836174731e-05,0.0,0.0,0.0,0.0,-0.00014997844059916332,0.0,-1.740422314511214e-05,0.0,-0.0001651425386536287,8.0,10618.png,0.0,1.0,1.0,27.0,0.45,0.55,1.0,R244-F0-gtfree-merge-targeted-candidates,0.0,val
1.0,0.322081253148903,0.19195283070371785,1.0,1.0,0.887431169697981,0.1942885855455992,27.0,27.0,0.0,0.7976415890215781,0.0,0.896764674886711,27.0,9.0,0.8782899490122412,5033.0,56.0,139.0,0.6465827338129496,2.482142857142857,1.0,0.00016858786588835268,8.0,2.0,4.0,1379.0,3.0,0.5303846153846153,1.0,1.0,0.0,2.0,1.426776695296637,0.056442223489284515,0.7661764621734619,0.06896987110376358,2.0,0.017748888581991196,-5.901896617327429e-05,-4.192711859415943e-05,0.0,0.0,-9.281461836174731e-05,0.0,0.0,0.0,0.0,-0.00014997844059916332,0.0,-1.740422314511214e-05,0.0,-0.0001651425386536287,8.0,10618.png,0.0,1.0,1.0,27.0,0.45,0.55,1.0,R244-F0-gtfree-merge-targeted-candidates,0.0,val
1.0,0.3208100430679007,0.19105047748976808,1.0,1.0,0.8872687068444,0.1942885855455992,27.0,27.0,0.0,0.7973791267505296,0.0,0.8967342033691046,27.0,1.0,0.8780009495695973,2353.0,58.0,51.0,0.7954699121027722,1.1372549019607843,1.0,0.0004636166311929699,22.0,11.0,2.0,1563.0,4.0,0.5298305084745762,1.0,1.0,0.0,2.0,1.4279187982896862,0.06694649904966354,0.8172906637191772,0.07847000882029534,5.5,0.02792208641767502,-0.0013302290471756129,-0.0009442803325439286,0.0,0.0,-0.00025527747194276085,0.0,0.0,0.0,0.0,-0.00041244071164769913,0.0,-4.78757407514907e-05,0.0,-0.0004541419812975622,10.0,10618.png,0.0,1.0,1.0,24.0,0.5147058823529411,0.4852941176470588,1.0,R244-F0-gtfree-merge-targeted-candidates,0.0,val
1.0,0.32333134820651427,0.1928415300546448,1.0,1.0,0.8876512307050479,0.19366049744577507,27.0,27.0,0.0,0.7979972246183851,0.0,0.8970634736598014,27.0,4.0,0.8784344487335631,2872.0,53.0,72.0,0.7526205450733753,1.3584905660377358,1.0,0.00033717573177670536,16.0,2.0,8.0,781.0,2.0,0.2789285714285714,1.0,0.0625,0.9375,2.0,1.426776695296637,0.0633203461766243,0.7901960611343384,0.08068770542740822,4.0,0.026270117610692978,0.0011910760914379814,0.0008467722323327875,0.0,0.0,0.00012724638870520444,-0.0006280880998241201,0.0,0.0,0.0,0.00020565715620779468,0.0,0.0002813945499453574,0.0,-2.0642817331717467e-05,10.0,10618.png,0.0,1.0,1.0,25.0,0.5,0.5,1.0,R244-F0-gtfree-merge-targeted-candidates,0.0,val
1.0,0.3232869182850861,0.19280992187073157,1.0,1.0,0.8876001335113485,0.19357675236579852,27.0,27.0,0.0,0.7979146350611357,0.0,0.8970882793227772,27.0,6.0,0.8783105918295729,2872.0,53.0,72.0,0.7526205450733753,1.3584905660377358,1.0,0.0005057635976650581,24.0,7.0,12.0,1130.0,3.0,0.3424242424242424,0.2857142857142857,0.2916666666666667,0.7083333333333334,2.0,1.3535533905932737,0.09253686666488647,0.7949346899986267,0.11865969449281692,1.7142857142857142,0.035339098423719406,0.001146646170009813,0.0008151640484195533,0.0,0.0,7.614919500575912e-05,-0.0007118331798006694,0.0,0.0,0.0,0.00012306759895841513,0.0,0.0003062002129211594,0.0,-0.00014449972132191125,10.0,10618.png,0.0,1.0,1.0,25.0,0.4782608695652174,0.5217391304347826,1.0,R244-F0-gtfree-merge-targeted-candidates,0.0,val
1.0,0.3221728576008794,0.19201790784013978,1.0,1.0,0.8877091242855355,0.19357675236579852,27.0,27.0,0.0,0.7980908084994655,0.0,0.8971602049206249,27.0,7.0,0.8784550915508949,6579.0,117.0,65.0,0.8650887573964497,1.8,1.0,0.0004214696647208817,20.0,10.0,5.0,1086.0,4.0,0.35328562134027325,0.4,0.0,0.85,2.0,1.382842712474619,0.07030431181192398,0.8023529052734375,0.08377103284001351,2.0,0.02809879742562771,3.258548580309384e-05,2.31500178277666e-05,0.0,0.0,0.00018513996919278242,-0.0007118331798006694,0.0,0.0,0.0,0.0002992410372881782,0.0,0.00037812581076879237,0.0,0.0,10.0,10618.png,0.0,1.0,1.0,19.0,0.4605263157894737,0.5394736842105263,0.0,R244-F0-gtfree-merge-targeted-candidates,1.0,val
1.0,0.322066501786205,0.1919423517851294,1.0,1.0,0.8873847565808686,0.1942885855455992,27.0,27.0,0.0,0.7975665998012785,0.0,0.896755970573976,27.0,8.0,0.8782073777429144,2430.0,53.0,59.0,0.7771026543012473,1.1132075471698113,1.0,0.00025288179883252904,12.0,6.0,2.0,1688.0,4.0,0.6251851851851852,1.0,1.0,0.0,2.0,1.4511844635310913,0.09739720076322556,0.714379072189331,0.14464331269264222,3.0,0.04274429753422737,-7.377032887129209e-05,-5.240603718262293e-05,0.0,0.0,-0.00013922773547414558,0.0,0.0,0.0,0.0,-0.00022496766089874498,0.0,-2.6108535880031702e-05,0.0,-0.0002477138079804986,10.0,10618.png,0.0,1.0,1.0,12.0,0.4375,0.5625,1.0,R244-F0-gtfree-merge-targeted-candidates,0.0,val
1.0,0.32189804424495033,0.1918226977455101,1.0,1.0,0.8873847565808686,0.1942885855455992,27.0,27.0,0.0,0.7975665998012785,0.0,0.896755970573976,27.0,9.0,0.8782073777429144,2430.0,53.0,59.0,0.7771026543012473,1.1132075471698113,1.0,0.00025288179883252904,12.0,6.0,2.0,1710.0,4.0,0.6333333333333333,1.0,1.0,0.0,2.0,1.4511844635310913,0.10737067461013794,0.704901933670044,0.1483505919575691,3.0,0.04958174005150795,-0.00024222787012595504,-0.00017206007680189983,0.0,0.0,-0.00013922773547414558,0.0,0.0,0.0,0.0,-0.00022496766089874498,0.0,-2.6108535880031702e-05,0.0,-0.0002477138079804986,10.0,10618.png,0.0,1.0,1.0,12.0,0.4583333333333333,0.5416666666666666,1.0,R244-F0-gtfree-merge-targeted-candidates,0.0,val
1.0,0.322081253148903,0.19195283070371785,1.0,1.0,0.8873615485701174,0.1942885855455992,27.0,27.0,0.0,0.7975291051911287,0.0,0.8967516178671557,27.0,10.0,0.8781660921082509,2343.0,52.0,57.0,0.7904858299595142,1.0961538461538463,1.0,0.0002950287653046172,14.0,7.0,3.0,1633.0,4.0,0.582174688057041,0.6666666666666666,1.0,0.0,2.0,1.4163162231961566,0.06533890217542648,0.5938376188278198,0.08062800019979477,2.3333333333333335,0.030148174613714218,-5.901896617327429e-05,-4.192711859415943e-05,0.0,0.0,-0.0001624357462253201,0.0,0.0,0.0,0.0,-0.0002624622710485358,0.0,-3.046124270034145e-05,0.0,-0.0002889994426439335,10.0,10618.png,0.0,1.0,1.0,11.0,0.42857142857142855,0.5714285714285714,1.0,R244-F0-gtfree-merge-targeted-candidates,0.0,val
1.0,0.32253927540878485,0.1922782874617737,1.0,1.0,0.887526074259491,0.19391173268570472,27.0,27.0,0.0,0.7977949448736218,0.0,0.8969369901132028,27.0,11.0,0.8783105918295729,2353.0,58.0,51.0,0.7954699121027722,1.1372549019607843,1.0,0.00033717573177670536,16.0,5.0,8.0,1795.0,4.0,0.6047843665768194,0.4,0.4375,0.5625,2.0,1.3535533905932737,0.0728500559926033,0.7061274647712708,0.09168419241905212,1.6,0.027745919302105904,0.00039900329370856635,0.00028352963946168264,0.0,0.0,2.089943148320117e-06,-0.00037685285989447204,0.0,0.0,0.0,3.3774114445161985e-06,0.0,0.00015491100334674712,0.0,-0.00014449972132191125,10.0,10618.png,0.0,1.0,1.0,24.0,0.45588235294117646,0.5441176470588235,1.0,R244-F0-gtfree-merge-targeted-candidates,0.0,val
1.0,0.3213631366801026,0.19144291639380048,1.0,1.0,0.8873800584063413,0.19420484046562264,27.0,27.0,0.0,0.797559009355256,0.0,0.8967894259755044,27.0,12.0,0.8781660921082509,2872.0,53.0,72.0,0.7526205450733753,1.3584905660377358,1.0,0.00033717573177670536,16.0,5.0,8.0,1484.0,4.0,0.5,0.4,0.875,0.125,2.0,1.3535533905932737,0.06605313718318939,0.7590686082839966,0.08460649847984314,1.6,0.027097467333078384,-0.0007771354349737081,-0.0005518414285115292,0.0,0.0,-0.00014392591000145227,-8.374507997654934e-05,0.0,0.0,0.0,-0.00023255810692124346,0.0,7.346865648294454e-06,0.0,-0.0002889994426439335,10.0,10618.png,0.0,1.0,1.0,25.0,0.4852941176470588,0.5147058823529411,1.0,R244-F0-gtfree-merge-targeted-candidates,0.0,val
1.0,0.3214727297705729,0.19152070715338027,1.0,1.0,0.8874079636234695,0.1942885855455992,27.0,27.0,0.0,0.7976040944114283,0.0,0.8967603229138124,27.0,13.0,0.8782486633775778,6579.0,117.0,65.0,0.8650887573964497,1.8,1.0,0.00021073483236044085,10.0,5.0,2.0,481.0,2.0,0.18150943396226416,1.0,1.0,0.0,2.0,1.5,0.056793950498104095,0.772549033164978,0.06398921459913254,2.5,0.023067358881235123,-0.0006675423445033912,-0.00047405066893174697,0.0,0.0,-0.00011602069287319772,0.0,0.0,0.0,0.0,-0.00018747305074895415,0.0,-2.17561960437207e-05,0.0,-0.00020642817331706365,10.0,10618.png,0.0,1.0,1.0,19.0,0.4090909090909091,0.5909090909090909,1.0,R244-F0-gtfree-merge-targeted-candidates,0.0,val
1.0,0.3220370031141235,0.19192139737991265,1.0,1.0,0.8874079636234695,0.1942885855455992,27.0,27.0,0.0,0.7976040944114283,0.0,0.8967603229138124,27.0,14.0,0.8782486633775778,6579.0,117.0,65.0,0.8650887573964497,1.8,1.0,0.00021073483236044085,10.0,5.0,2.0,647.0,3.0,0.24415094339622642,1.0,1.0,0.0,2.23606797749979,1.506449510224598,0.06096624583005905,0.7815686464309692,0.06890379488468171,2.5,0.026309603825211525,-0.00010326900095281033,-7.336044239936168e-05,0.0,0.0,-0.00011602069287319772,0.0,0.0,0.0,0.0,-0.00018747305074895415,0.0,-2.17561960437207e-05,0.0,-0.00020642817331706365,10.0,10618.png,0.0,1.0,1.0,19.0,0.38636363636363635,0.6136363636363636,1.0,R244-F0-gtfree-merge-targeted-candidates,0.0,val
1.0,0.32347013558079885,0.19294027648762363,1.0,1.0,0.8876535741849356,0.19370236998576335,27.0,27.0,0.0,0.7980010126202487,0.0,0.8970467337001201,27.0,15.0,0.8784550915508949,3230.0,75.0,65.0,0.6625641025641026,1.1538461538461537,1.0,0.0002950287653046172,14.0,7.0,4.0,1641.0,4.0,0.5737762237762237,0.5,0.0,1.0,2.0,1.3744743347942345,0.09197451919317245,0.7549020051956177,0.10795437321066856,1.75,0.03125854209065437,0.0013298634657225583,0.0009455186653116177,0.0,0.0,0.00012958986859290533,-0.0005862155598358454,0.0,0.0,0.0,0.0002094451580714196,0.0,0.00026465459026403515,0.0,0.0,10.0,10618.png,0.0,1.0,1.0,21.0,0.48333333333333334,0.5166666666666667,0.0,R244-F0-gtfree-merge-targeted-candidates,1.0,val
1.0,0.3220370031141235,0.19192139737991265,1.0,1.0,0.887431169697981,0.1942885855455992,27.0,27.0,0.0,0.7976415890215781,0.0,0.896764674886711,27.0,16.0,0.8782899490122412,2343.0,52.0,57.0,0.7904858299595142,1.0961538461538463,1.0,0.00016858786588835268,8.0,4.0,2.0,1583.0,4.0,0.6088461538461538,1.0,1.0,0.0,2.0,1.5,0.06467732042074203,0.5936274528503418,0.077135219424963,2.0,0.026592852547764778,-0.00010326900095281033,-7.336044239936168e-05,0.0,0.0,-9.281461836174731e-05,0.0,0.0,0.0,0.0,-0.00014997844059916332,0.0,-1.740422314511214e-05,0.0,-0.0001651425386536287,10.0,10618.png,0.0,1.0,1.0,11.0,0.425,0.575,1.0,R244-F0-gtfree-merge-targeted-candidates,0.0,val
1.0,0.3220222558043687,0.19191092189290979,1.0,1.0,0.8875980310362089,0.19403735030566954,27.0,27.0,0.0,0.7979112369452309,0.0,0.8969332911792602,27.0,17.0,0.8784550915508949,2430.0,53.0,59.0,0.7771026543012473,1.1132075471698113,1.0,0.00016858786588835268,8.0,2.0,4.0,1696.0,4.0,0.6523076923076923,1.0,0.0,0.75,2.0,1.5,0.09800005704164505,0.7250000238418579,0.13170887678861617,2.0,0.05704626813530922,-0.00011801631070756935,-8.383592940222617e-05,0.0,0.0,7.404671986621647e-05,-0.000251235239929648,0.0,0.0,0.0,0.00011966948305364156,0.0,0.00015121206940416076,0.0,0.0,10.0,10618.png,0.0,1.0,1.0,12.0,0.4,0.6,1.0,R244-F0-gtfree-merge-targeted-candidates,1.0,val
1.0,0.322081253148903,0.19195283070371785,1.0,1.0,0.887472885032538,0.19420484046562264,27.0,27.0,0.0,0.7977089934194492,0.0,0.8968068289598482,27.0,19.0,0.8783312346469047,3230.0,75.0,65.0,0.6625641025641026,1.1538461538461537,1.0,0.00016858786588835268,8.0,4.0,2.0,1314.0,3.0,0.5053846153846154,1.0,0.75,0.25,2.0,1.426776695296637,0.09055028110742569,0.7779411673545837,0.11016071811318398,2.0,0.04304524138569832,-5.901896617327429e-05,-4.192711859415943e-05,0.0,0.0,-5.109928380475637e-05,-8.374507997654934e-05,0.0,0.0,0.0,-8.257404272804525e-05,0.0,2.474984999212282e-05,0.0,-0.00012385690399019378,10.0,10618.png,0.0,1.0,1.0,21.0,0.4,0.6,1.0,R244-F0-gtfree-merge-targeted-candidates,0.0,val
1.0,0.3227993038380507,0.19246313489896233,1.0,1.0,0.8875771733689304,0.19399547776568127,27.0,27.0,0.0,0.7978775265309184,0.0,0.8969122141426915,27.0,22.0,0.8784344487335631,2872.0,53.0,72.0,0.7526205450733753,1.3584905660377358,1.0,0.00016858786588835268,8.0,4.0,4.0,1401.0,3.0,0.5181213017751479,0.5,0.125,0.875,2.0,1.3535533905932737,0.0754517912864685,0.7789216041564941,0.09112381562590599,1.0,0.026880448684096336,0.0006590317229744347,0.000468377076650317,0.0,0.0,5.3189052587665486e-05,-0.0002931077799179227,0.0,0.0,0.0,8.595906874109271e-05,0.0,0.00013013503283543226,0.0,-2.0642817331717467e-05,10.0,10618.png,0.0,1.0,1.0,25.0,0.4375,0.5625,1.0,R244-F0-gtfree-merge-targeted-candidates,0.0,val
1.0,0.32250675706628795,0.19225517505052162,1.0,1.0,0.8875534689619197,0.19315802696591575,27.0,27.0,0.0,0.7978392167160596,0.0,0.8972514607547408,27.0,1.0,0.8780628780215924,1808.0,49.0,46.0,0.8021295474711624,1.065217391304348,1.0,0.000969380228858028,46.0,23.0,7.0,2638.0,4.0,0.6755441741357234,0.2857142857142857,0.41304347826086957,0.5869565217391305,2.0,1.4108585855785143,0.0911378413438797,0.6133845448493958,0.11389856413006783,3.2857142857142856,0.039636075496673584,0.00036648495121166524,0.0002604172282096029,0.0,0.0,2.9484645576949298e-05,-0.0011305585796834439,0.0,0.0,0.0,4.7649253882342535e-05,0.0,0.00046938164488474765,0.0,-0.0003922135293024098,12.0,10618.png,0.0,1.0,1.0,14.0,0.5,0.5,1.0,R244-F0-gtfree-merge-targeted-candidates,0.0,val
1.0,0.3217928195746627,0.19174796969531804,2.0,2.0,0.8872571005392551,0.1942885855455992,27.0,27.0,0.0,0.7973603794454547,0.0,0.8967320261437909,28.0,3.0,0.8779803067522656,6579.0,117.0,65.0,0.8650887573964497,1.8,1.0,0.000484690114429014,23.0,10.0,3.0,1263.0,3.0,0.42697768762677485,0.7666666666666667,1.0,0.0,3.0,2.179521313238781,0.054668065160512924,0.7621483206748962,0.07657788842916488,3.3333333333333335,0.028947368264198303,-0.0003474525404135731,-0.0002467881269939687,1.0,1.0,-0.000266883777087612,0.0,0.0,0.0,0.0,-0.00043118801672259455,0.0,-5.005296606519494e-05,1.0,-0.0004747847986292797,12.0,10618.png,0.0,1.0,1.0,19.0,0.28169014084507044,0.7183098591549296,1.0,R244-F0-gtfree-merge-targeted-candidates,0.0,val
1.0,0.32292048369366066,0.1925492980827006,1.0,1.0,0.8875813720580872,0.1932417720458923,27.0,27.0,0.0,0.7978843124015305,0.0,0.8972222808090609,27.0,4.0,0.8781454492909192,3765.0,78.0,68.0,0.709841628959276,1.1470588235294117,1.0,0.0008429393294417634,40.0,17.0,9.0,1406.0,3.0,0.37948717948717947,0.26143790849673204,0.375,0.625,2.23606797749979,1.4932529090995874,0.0789303183555603,0.7892156839370728,0.1034784160554409,1.8888888888888888,0.040363114327192307,0.0007802115785843777,0.0005545402603885918,0.0,0.0,5.738774174446348e-05,-0.0010468134997068945,0.0,0.0,0.0,9.274493935318429e-05,0.0,0.0004402016992047786,0.0,-0.000309642259975651,12.0,10618.png,0.0,1.0,1.0,20.0,0.5,0.5,1.0,R244-F0-gtfree-merge-targeted-candidates,0.0,val
1.0,0.32043237301332844,0.1907826561221707,1.0,1.0,0.8872663551401869,0.19424671300561092,27.0,27.0,0.0,0.7973753280839895,0.0,0.8967509329734972,27.0,5.0,0.8779803067522656,1395.0,40.0,45.0,0.775,1.125,1.0,0.0005057635976650581,24.0,12.0,4.0,1922.0,4.0,0.6160256410256411,0.5,0.9583333333333334,0.041666666666666664,2.0,1.4267766952966372,0.09438532590866089,0.6192810535430908,0.12020080536603928,3.0,0.048532433807849884,-0.001707899101747845,-0.0012121017001412993,0.0,0.0,-0.0002576291761557936,-4.187253998827467e-05,0.0,0.0,0.0,-0.0004162393781877993,0.0,-3.114613635890606e-05,0.0,-0.0004747847986292797,12.0,10618.png,0.0,2.0,2.0,16.0,0.475,0.525,1.0,R244-F0-gtfree-merge-targeted-candidates,0.0,val
1.0,0.3219570296394704,0.19186459186459187,1.0,1.0,0.8873383395911556,0.1942885855455992,27.0,27.0,0.0,0.797491610580979,0.0,0.8967472647933048,27.0,6.0,0.8781248064735875,6579.0,117.0,65.0,0.8650887573964497,1.8,1.0,0.00033717573177670536,16.0,2.0,8.0,1154.0,3.0,0.41214285714285714,1.0,1.0,0.0,2.0,1.426776695296637,0.053626351058483124,0.7774510383605957,0.07383725419640541,4.0,0.02580871805548668,-0.00018324247560586038,-0.00013016595772014083,0.0,0.0,-0.0001856447251871174,0.0,0.0,0.0,0.0,-0.00029995688119832664,0.0,-3.481431655127931e-05,0.0,-0.00033028507730736845,12.0,10618.png,0.0,1.0,1.0,19.0,0.5,0.5,1.0,R244-F0-gtfree-merge-targeted-candidates,0.0,val
1.0,0.32132228377821526,0.19141392101243726,1.0,1.0,0.8873035243071853,0.1942885855455992,27.0,27.0,0.0,0.7974353686657543,0.0,0.8967407344942446,27.0,9.0,0.8780628780215924,6579.0,117.0,65.0,0.8650887573964497,1.8,1.0,0.00040039618148483765,19.0,8.0,3.0,529.0,2.0,0.18522408963585435,0.7916666666666666,1.0,0.0,3.0,1.736842105263158,0.07207006216049194,0.7849329113960266,0.09790197610855102,2.6666666666666665,0.037641532719135284,-0.0008179883368610308,-0.0005808368098747518,0.0,0.0,-0.00022046000915743047,0.0,0.0,0.0,0.0,-0.0003561987964230129,0.0,-4.134461561144942e-05,0.0,-0.0003922135293024098,12.0,10618.png,0.0,1.0,1.0,19.0,0.4,0.6,1.0,R244-F0-gtfree-merge-targeted-candidates,0.0,val
1.0,0.32142857142857145,0.19148936170212766,1.0,1.0,0.8870597563011183,0.1942885855455992,27.0,27.0,0.0,0.7970416752591815,0.0,0.8966949992618058,27.0,10.0,0.8776293788576265,3765.0,78.0,68.0,0.709841628959276,1.1470588235294117,1.0,0.0008429393294417634,40.0,16.0,13.0,1216.0,4.0,0.3114754098360656,0.19230769230769232,1.0,0.0,2.23606797749979,1.5186364021462033,0.07321436703205109,0.7614706158638,0.09589243456721307,1.2307692307692308,0.03425358608365059,-0.0007117006865048348,-0.0005053961201843538,0.0,0.0,-0.0004642280152243883,0.0,0.0,0.0,0.0,-0.0007498922029958166,0.0,-8.707984805023106e-05,0.0,-0.0008257126932683656,12.0,10618.png,0.0,1.0,1.0,20.0,0.44696969696969696,0.553030303030303,1.0,R244-F0-gtfree-merge-targeted-candidates,0.0,val
1.0,0.3223560665048321,0.1921480834334389,1.0,1.0,0.8877461615487316,0.1934092622058454,27.0,27.0,0.0,0.7981506836468668,0.0,0.8972358683505872,27.0,11.0,0.8784550915508949,6579.0,117.0,65.0,0.8650887573964497,1.8,1.0,0.0005057635976650581,24.0,12.0,6.0,1162.0,4.0,0.358641975308642,0.3333333333333333,0.0,0.875,2.0,1.377961158827728,0.06737304478883743,0.8042483329772949,0.0827091947197914,2.0,0.02702556923031807,0.0002157943897558301,0.00015332561112688103,0.0,0.0,0.0002221772323889315,-0.0008793233397537958,0.0,0.0,0.0,0.0003591161846895341,0.0,0.00045378924073113946,0.0,0.0,12.0,10618.png,0.0,1.0,1.0,19.0,0.4659090909090909,0.5340909090909091,0.0,R244-F0-gtfree-merge-targeted-candidates,1.0,val
1.0,0.3240965510923831,0.1933861710849959,1.0,1.0,0.8877461615487316,0.19328364458588057,27.0,27.0,0.0,0.7981506836468668,0.0,0.8972358683505872,27.0,12.0,0.8784550915508949,2555.0,69.0,62.0,0.5972417017297803,1.1129032258064515,1.0,0.0005057635976650581,24.0,12.0,6.0,1359.0,3.0,0.41944444444444445,0.3333333333333333,0.0,1.0,2.0,1.377961158827728,0.0733637586236,0.7934640049934387,0.08667583763599396,2.0,0.03156936913728714,0.0019562789773068245,0.0013914132626838827,0.0,0.0,0.0002221772323889315,-0.0010049409597186199,0.0,0.0,0.0,0.0003591161846895341,0.0,0.00045378924073113946,0.0,0.0,12.0,10618.png,0.0,2.0,2.0,23.0,0.4772727272727273,0.5227272727272727,0.0,R244-F0-gtfree-merge-targeted-candidates,1.0,val
1.0,0.32179804083127345,0.1917516774862255,2.0,2.0,0.8873035243071853,0.1942885855455992,27.0,27.0,0.0,0.7974353686657543,0.0,0.8967407344942446,28.0,13.0,0.8780628780215924,6579.0,117.0,65.0,0.8650887573964497,1.8,1.0,0.00040039618148483765,19.0,4.0,9.0,970.0,4.0,0.3272604588394062,0.5277777777777778,1.0,0.0,2.8284271247461903,1.6759877287689908,0.053629204630851746,0.7933952212333679,0.06593621671199798,2.25,0.022974275052547455,-0.00034223128380284074,-0.0002430803360864986,1.0,1.0,-0.00022046000915743047,0.0,0.0,0.0,0.0,-0.0003561987964230129,0.0,-4.134461561144942e-05,1.0,-0.0003922135293024098,12.0,10618.png,0.0,1.0,1.0,19.0,0.4264705882352941,0.5735294117647058,1.0,R244-F0-gtfree-merge-targeted-candidates,0.0,val
1.0,0.3213255824598343,0.19141626220210503,1.0,1.0,0.8873383395911556,0.1942885855455992,27.0,27.0,0.0,0.797491610580979,0.0,0.8967472647933048,27.0,15.0,0.8781248064735875,6579.0,117.0,65.0,0.8650887573964497,1.8,1.0,0.00033717573177670536,16.0,7.0,3.0,505.0,2.0,0.1800356506238859,0.7619047619047619,1.0,0.0,3.0,1.9375,0.055606648325920105,0.7808823585510254,0.06297705136239529,2.3333333333333335,0.025334173813462257,-0.0008146896552420069,-0.0005784956202069813,0.0,0.0,-0.0001856447251871174,0.0,0.0,0.0,0.0,-0.00029995688119832664,0.0,-3.481431655127931e-05,0.0,-0.00033028507730736845,12.0,10618.png,0.0,1.0,1.0,19.0,0.35714285714285715,0.6428571428571429,1.0,R244-F0-gtfree-merge-targeted-candidates,0.0,val
1.0,0.3225865543139769,0.1923118925412253,1.0,1.0,0.8876350590296609,0.1937861150657399,27.0,27.0,0.0,0.7979710851506685,0.0,0.8970089163381885,27.0,18.0,0.8784550915508949,3765.0,78.0,68.0,0.709841628959276,1.1470588235294117,1.0,0.00025288179883252904,12.0,6.0,2.0,492.0,2.0,0.18222222222222223,1.0,0.0,1.0,2.0,1.5,0.05129467323422432,0.7790849804878235,0.054095470905303956,3.0,0.02052329108119011,0.00044628219890063825,0.0003171347189132867,0.0,0.0,0.00011107471331817109,-0.000502470479859296,0.0,0.0,0.0,0.0001795176884912264,0.0,0.00022683722833238829,0.0,0.0,12.0,10618.png,0.0,1.0,1.0,20.0,0.4375,0.5625,0.0,R244-F0-gtfree-merge-targeted-candidates,1.0,val
1.0,0.32351998534865617,0.19297574830675115,2.0,2.0,0.8878202453475758,0.19294866426597437,27.0,27.0,0.0,0.7982704608977846,0.0,0.8973872335041437,28.0,19.0,0.8784550915508949,6579.0,117.0,65.0,0.8650887573964497,1.8,1.0,0.0006743514635534107,32.0,12.0,11.0,1465.0,4.0,0.4138418079096045,0.24242424242424243,0.0,1.0,2.8284271247461903,1.5672157073742528,0.06453817337751389,0.785171627998352,0.08767840638756752,1.0909090909090908,0.0317491814494133,0.0013797132335798823,0.0009809904844391426,1.0,1.0,0.00029626103123303604,-0.0013399212796248172,0.0,0.0,0.0,0.00047889343560736375,0.0,0.0006051543942876547,1.0,0.0,12.0,10618.png,0.0,1.0,1.0,19.0,0.49074074074074076,0.5092592592592593,0.0,R244-F0-gtfree-merge-targeted-candidates,0.0,val
1.0,0.322081253148903,0.19195283070371785,1.0,1.0,0.8873615485701174,0.1942885855455992,27.0,27.0,0.0,0.7975291051911287,0.0,0.8967516178671557,27.0,21.0,0.8781660921082509,6579.0,117.0,65.0,0.8650887573964497,1.8,1.0,0.0002950287653046172,14.0,6.0,3.0,684.0,3.0,0.24836601307189543,0.7777777777777778,1.0,0.0,2.8284271247461903,1.5637801590708695,0.0554535910487175,0.7750700116157532,0.06793369203805924,2.0,0.028107674792408943,-5.901896617327429e-05,-4.192711859415943e-05,0.0,0.0,-0.0001624357462253201,0.0,0.0,0.0,0.0,-0.0002624622710485358,0.0,-3.046124270034145e-05,0.0,-0.0002889994426439335,12.0,10618.png,0.0,1.0,1.0,19.0,0.46153846153846156,0.5384615384615384,1.0,R244-F0-gtfree-merge-targeted-candidates,0.0,val
1.0,0.3220222558043687,0.19191092189290979,1.0,1.0,0.8874079636234695,0.1942885855455992,27.0,27.0,0.0,0.7976040944114283,0.0,0.8967603229138124,27.0,24.0,0.8782486633775778,6579.0,117.0,65.0,0.8650887573964497,1.8,1.0,0.00021073483236044085,10.0,5.0,2.0,763.0,3.0,0.2879245283018868,1.0,1.0,0.0,2.0,1.5,0.06205035001039505,0.7745097875595093,0.07448376640677452,2.5,0.023805566132068634,-0.00011801631070756935,-8.383592940222617e-05,0.0,0.0,-0.00011602069287319772,0.0,0.0,0.0,0.0,-0.00018747305074895415,0.0,-2.17561960437207e-05,0.0,-0.00020642817331706365,12.0,10618.png,0.0,1.0,1.0,19.0,0.4090909090909091,0.5909090909090909,1.0,R244-F0-gtfree-merge-targeted-candidates,0.0,val
1.0,0.3226308798607612,0.19234340014199117,1.0,1.0,0.8875980310362089,0.193953605225693,27.0,27.0,0.0,0.7979112369452309,0.0,0.8969332911792602,27.0,28.0,0.8784550915508949,6579.0,117.0,65.0,0.8650887573964497,1.8,1.0,0.00016858786588835268,8.0,4.0,2.0,1133.0,3.0,0.43576923076923074,1.0,0.0,1.0,2.0,1.426776695296637,0.05158844590187073,0.7544118165969849,0.06020216830074787,2.0,0.024563664570450783,0.0004906077456849345,0.0003486423196791544,0.0,0.0,7.404671986621647e-05,-0.00033498031990619737,0.0,0.0,0.0,0.00011966948305364156,0.0,0.00015121206940416076,0.0,0.0,12.0,10618.png,0.0,1.0,1.0,19.0,0.45,0.55,0.0,R244-F0-gtfree-merge-targeted-candidates,1.0,val
1.0,0.3220222558043687,0.19191092189290979,1.0,1.0,0.8875980310362089,0.1941210953856461,27.0,27.0,0.0,0.7979112369452309,0.0,0.8969332911792602,27.0,29.0,0.8784550915508949,6579.0,117.0,65.0,0.8650887573964497,1.8,1.0,0.00016858786588835268,8.0,4.0,2.0,938.0,3.0,0.3607692307692308,1.0,0.0,0.5,2.0,1.5,0.05018641799688339,0.7965686321258545,0.06628034189343453,2.0,0.014467013068497181,-0.00011801631070756935,-8.383592940222617e-05,0.0,0.0,7.404671986621647e-05,-0.00016749015995309868,0.0,0.0,0.0,0.00011966948305364156,0.0,0.00015121206940416076,0.0,0.0,12.0,10618.png,0.0,1.0,1.0,19.0,0.35,0.65,1.0,R244-F0-gtfree-merge-targeted-candidates,0.0,val
1.0,0.3224476709568085,0.19221318189264458,1.0,1.0,0.8875980310362089,0.193953605225693,27.0,27.0,0.0,0.7979112369452309,0.0,0.8969332911792602,27.0,31.0,0.8784550915508949,2555.0,69.0,62.0,0.5972417017297803,1.1129032258064515,1.0,0.00016858786588835268,8.0,4.0,2.0,1354.0,4.0,0.5207692307692308,1.0,0.0,1.0,2.0,1.426776695296637,0.06250827014446259,0.813235342502594,0.08302190750837325,2.0,0.03233436495065689,0.0003073988417321982,0.00021842407033256794,0.0,0.0,7.404671986621647e-05,-0.00033498031990619737,0.0,0.0,0.0,0.00011966948305364156,0.0,0.00015121206940416076,0.0,0.0,12.0,10618.png,0.0,1.0,1.0,23.0,0.45,0.55,0.0,R244-F0-gtfree-merge-targeted-candidates,1.0,val
1.0,0.3220222558043687,0.19191092189290979,1.0,1.0,0.887431169697981,0.1942885855455992,27.0,27.0,0.0,0.7976415890215781,0.0,0.896764674886711,27.0,32.0,0.8782899490122412,2555.0,69.0,62.0,0.5972417017297803,1.1129032258064515,1.0,0.00016858786588835268,8.0,2.0,4.0,1305.0,4.0,0.5019230769230769,1.0,1.0,0.0,2.0,1.5,0.05951564013957977,0.8029412031173706,0.07022982612252235,2.0,0.026867037639021873,-0.00011801631070756935,-8.383592940222617e-05,0.0,0.0,-9.281461836174731e-05,0.0,0.0,0.0,0.0,-0.00014997844059916332,0.0,-1.740422314511214e-05,0.0,-0.0001651425386536287,12.0,10618.png,0.0,2.0,2.0,23.0,0.3,0.7,1.0,R244-F0-gtfree-merge-targeted-candidates,0.0,val
1.0,0.254218000098956,0.14561841061104183,3.0,-3.0,0.8545875347452403,0.36287563569116965,27.0,27.0,0.0,0.7460958918018805,2.0,0.8012911386883601,26.0,1.0,0.915478919565434,6458.0,111.0,68.0,0.8555908850026497,1.6323529411764706,1.0,0.00047958494103285154,22.0,11.0,5.0,1489.0,4.0,0.4761752478413815,0.4,0.0,0.8636363636363636,2.0,1.3934933749769263,0.07528423517942429,0.5702317953109741,0.08601216524839402,2.2,0.02611088752746582,-5.032275945937581e-05,-3.3023791951691805e-05,0.0,0.0,0.0002186027064053908,-0.0008784096162737232,0.0,0.0,0.0,0.00033317993747372654,0.0,0.0003842871634980316,0.0,0.0,6.0,10624.png,0.0,1.0,1.0,20.0,0.4625,0.5375,1.0,R244-F0-gtfree-merge-targeted-candidates,1.0,val
1.0,0.254167697254514,0.14558540179077412,3.0,-3.0,0.8542357113785686,0.3637540453074434,27.0,27.0,0.0,0.7455597280016238,2.0,0.8008634411181126,26.0,2.0,0.9152297418518888,6458.0,111.0,68.0,0.8555908850026497,1.6323529411764706,1.0,0.00021799315501493254,10.0,5.0,2.0,562.0,3.0,0.2120754716981132,1.0,1.0,0.0,2.0,1.5,0.07975467294454575,0.5713725686073303,0.10898399725556374,2.5,0.024743201211094856,-0.00010062560390139419,-6.60326122194077e-05,0.0,0.0,-0.00013322066026633106,0.0,0.0,0.0,0.0,-0.0002029838627829461,0.0,-4.341040674948893e-05,0.0,-0.00024917771354526774,6.0,10624.png,0.0,1.0,1.0,20.0,0.4090909090909091,0.5909090909090909,1.0,R244-F0-gtfree-merge-targeted-candidates,0.0,val
1.0,0.254218000098956,0.14561841061104183,3.0,-3.0,0.8542357113785686,0.3637540453074434,27.0,27.0,0.0,0.7455597280016238,2.0,0.8008634411181126,26.0,3.0,0.9152297418518888,6458.0,111.0,68.0,0.8555908850026497,1.6323529411764706,1.0,0.00021799315501493254,10.0,5.0,2.0,821.0,3.0,0.30981132075471696,1.0,1.0,0.0,2.0,1.4414213562373095,0.08728288114070892,0.5862745642662048,0.10131469368934631,2.5,0.028183501213788986,-5.032275945937581e-05,-3.3023791951691805e-05,0.0,0.0,-0.00013322066026633106,0.0,0.0,0.0,0.0,-0.0002029838627829461,0.0,-4.341040674948893e-05,0.0,-0.00024917771354526774,6.0,10624.png,0.0,1.0,1.0,20.0,0.4090909090909091,0.5909090909090909,1.0,R244-F0-gtfree-merge-targeted-candidates,0.0,val
1.0,0.253822176042749,0.1453587215232914,3.0,-3.0,0.8542623579892322,0.3637540453074434,27.0,27.0,0.0,0.7456003247741805,2.0,0.8008721247138341,26.0,4.0,0.9152795773945979,6458.0,111.0,68.0,0.8555908850026497,1.6323529411764706,1.0,0.00017439452401194603,8.0,4.0,2.0,483.0,2.0,0.18576923076923077,1.0,1.0,0.0,2.0,1.426776695296637,0.07748892158269882,0.5715686082839966,0.09336335584521294,2.0,0.03672219440340996,-0.0004461468156664039,-0.00029271287970211723,0.0,0.0,-0.00010657404960268124,0.0,0.0,0.0,0.0,-0.00016238709022631248,0.0,-3.4726811028007454e-05,0.0,-0.00019934217083616979,6.0,10624.png,0.0,1.0,1.0,20.0,0.45,0.55,1.0,R244-F0-gtfree-merge-targeted-candidates,0.0,val
1.0,0.254167697254514,0.14558540179077412,3.0,-3.0,0.8542623579892322,0.3637540453074434,27.0,27.0,0.0,0.7456003247741805,2.0,0.8008721247138341,26.0,5.0,0.9152795773945979,6458.0,111.0,68.0,0.8555908850026497,1.6323529411764706,1.0,0.00017439452401194603,8.0,4.0,2.0,450.0,2.0,0.17307692307692307,1.0,1.0,0.0,2.0,1.5,0.08977601677179337,0.5892157554626465,0.10156247839331627,2.0,0.04078949615359306,-0.00010062560390139419,-6.60326122194077e-05,0.0,0.0,-0.00010657404960268124,0.0,0.0,0.0,0.0,-0.00016238709022631248,0.0,-3.4726811028007454e-05,0.0,-0.00019934217083616979,6.0,10624.png,0.0,1.0,1.0,20.0,0.35,0.65,1.0,R244-F0-gtfree-merge-targeted-candidates,0.0,val
1.0,0.2527336598881797,0.14464518321345643,3.0,-3.0,0.8536758461019395,0.3637540453074434,27.0,27.0,0.0,0.7447071957779356,2.0,0.8006809104995526,26.0,1.0,0.9141831954549985,7709.0,103.0,147.0,0.5091473482596922,1.4271844660194175,1.0,0.0011335644060776493,52.0,11.0,26.0,2156.0,3.0,0.49381584974805315,0.18181818181818182,1.0,0.0,2.0,1.3873487619948257,0.12633444368839264,0.646304726600647,0.1624365881085396,2.3636363636363638,0.043533340096473694,-0.0015346629702356895,-0.001006251189537094,0.0,0.0,-0.0006930859368954323,0.0,0.0,0.0,0.0,-0.0010555160864711421,0.0,-0.000225941025309484,0.0,-0.0012957241104355477,8.0,10624.png,0.0,1.0,1.0,25.0,0.4817073170731707,0.5182926829268293,1.0,R244-F0-gtfree-merge-targeted-candidates,0.0,val
1.0,0.25527071166980103,0.14630963862256766,3.0,-3.0,0.8545875347452403,0.3627369394359686,27.0,27.0,0.0,0.7460958918018805,2.0,0.8012911386883601,26.0,2.0,0.915478919565434,7709.0,103.0,147.0,0.5091473482596922,1.4271844660194175,1.0,0.00047958494103285154,22.0,2.0,11.0,1582.0,4.0,0.536271186440678,1.0,0.0,1.0,2.0,1.4467466874884634,0.08530017733573914,0.6224599480628967,0.09756161794066429,5.5,0.02426600456237793,0.001002388811385646,0.0006582042195741322,0.0,0.0,0.0002186027064053908,-0.0010171058714747994,0.0,0.0,0.0,0.00033317993747372654,0.0,0.0003842871634980316,0.0,0.0,8.0,10624.png,0.0,1.0,1.0,25.0,0.5147058823529411,0.4852941176470588,0.0,R244-F0-gtfree-merge-targeted-candidates,1.0,val
1.0,0.25594855305466235,0.1467551622418879,3.0,-3.0,0.8545080299101069,0.36310679611650487,27.0,27.0,0.0,0.745974701021299,2.0,0.801151355241065,26.0,3.0,0.915478919565434,7345.0,125.0,86.0,0.6832558139534883,1.4534883720930232,1.0,0.00030519041702090554,14.0,7.0,2.0,952.0,4.0,0.3461818181818182,1.0,0.0,1.0,2.0,1.5,0.08065705001354218,0.5635854601860046,0.1048463799059391,3.5,0.0270246434956789,0.001680230196246968,0.0011037278388943694,0.0,0.0,0.00013909787127197593,-0.0006472491909385036,0.0,0.0,0.0,0.00021198915689224496,0.0,0.0002445037162028818,0.0,0.0,8.0,10624.png,0.0,1.0,1.0,21.0,0.40384615384615385,0.5961538461538461,0.0,R244-F0-gtfree-merge-targeted-candidates,1.0,val
1.0,0.25520756023947355,0.14626814882032668,3.0,-3.0,0.8544382551662383,0.36324549237170595,27.0,27.0,0.0,0.745868355869574,2.0,0.8010859373296408,26.0,4.0,0.9154041662513704,7345.0,125.0,86.0,0.6832558139534883,1.4534883720930232,1.0,0.00030519041702090554,14.0,7.0,2.0,856.0,3.0,0.31127272727272726,1.0,0.21428571428571427,0.7857142857142857,2.0,1.4581581115980782,0.09083105623722076,0.6221288442611694,0.11512739583849907,3.5,0.03733905032277107,0.0009392373810581667,0.0006167144173331585,0.0,0.0,6.932312740337565e-05,-0.0005085529357374274,0.0,0.0,0.0,0.00010564400516721584,0.0,0.0001790858047787669,0.0,-7.475331406359143e-05,8.0,10624.png,0.0,1.0,1.0,21.0,0.46153846153846156,0.5384615384615384,1.0,R244-F0-gtfree-merge-targeted-candidates,0.0,val
1.0,0.254218000098956,0.14561841061104183,3.0,-3.0,0.8546074132657215,0.3634304207119741,27.0,27.0,0.0,0.7461261956499665,2.0,0.8013260921721302,26.0,6.0,0.915478919565434,7345.0,125.0,86.0,0.6832558139534883,1.4534883720930232,1.0,0.0005231835720358381,24.0,12.0,7.0,866.0,2.0,0.26242424242424245,0.2857142857142857,0.0,0.2916666666666667,2.0,1.3535533905932737,0.07396434247493744,0.5946078896522522,0.08966163620352745,1.7142857142857142,0.02255079336464405,-5.032275945937581e-05,-3.3023791951691805e-05,0.0,0.0,0.0002384812268866332,-0.0003236245954692518,0.0,0.0,0.0,0.00036348378555972616,0.0,0.0004192406472681709,0.0,0.0,8.0,10624.png,0.0,1.0,1.0,21.0,0.45652173913043476,0.5434782608695652,1.0,R244-F0-gtfree-merge-targeted-candidates,0.0,val
1.0,0.2549233052944087,0.14608143359419304,3.0,-3.0,0.8544513577949643,0.3630605640314378,27.0,27.0,0.0,0.7458883248730964,2.0,0.8011471441345168,26.0,7.0,0.9153543307086615,7709.0,103.0,147.0,0.5091473482596922,1.4271844660194175,1.0,0.0004359863100298651,20.0,6.0,10.0,1506.0,4.0,0.48084291187739464,0.3333333333333333,0.25,0.75,2.0,1.3535533905932737,0.09127024561166763,0.6160784959793091,0.11013582497835159,1.6666666666666667,0.02965649403631687,0.0006549824359933232,0.0004299991911995149,0.0,0.0,8.242575612937841e-05,-0.0006934812760055475,0.0,0.0,0.0,0.000125613008689629,0.0,0.00024029260965474641,0.0,-0.00012458885677257836,8.0,10624.png,0.0,1.0,1.0,25.0,0.475,0.525,1.0,R244-F0-gtfree-merge-targeted-candidates,0.0,val
1.0,0.25461382415516304,0.14587821748497562,3.0,-3.0,0.8544682830397116,0.363291724456773,27.0,27.0,0.0,0.7459141203938686,2.0,0.8010814818045047,26.0,10.0,0.915478919565434,7345.0,125.0,86.0,0.6832558139534883,1.4534883720930232,1.0,0.00021799315501493254,10.0,5.0,2.0,1108.0,4.0,0.4181132075471698,1.0,0.0,1.0,2.0,1.4414213562373095,0.07405300438404083,0.6109803915023804,0.09272235110402108,2.5,0.02491353638470173,0.0003455012967476523,0.00022678308198209596,0.0,0.0,9.935100087665738e-05,-0.00046232085067038353,0.0,0.0,0.0,0.00015140852946182726,0.0,0.0001746302796425958,0.0,0.0,8.0,10624.png,0.0,1.0,1.0,21.0,0.45454545454545453,0.5454545454545454,0.0,R244-F0-gtfree-merge-targeted-candidates,1.0,val
1.0,0.2528451261751608,0.1447182101387709,3.0,-3.0,0.8541252282746508,0.36333795654184003,27.0,27.0,0.0,0.7453914243949976,2.0,0.8009555182268374,26.0,3.0,0.9148559752815708,2148.0,49.0,54.0,0.8117913832199547,1.1020408163265305,1.0,0.0007411767270507706,34.0,17.0,6.0,2296.0,4.0,0.6541310541310541,0.3333333333333333,0.7352941176470589,0.2647058823529412,2.0,1.4138549356431023,0.0679827332496643,0.3689734637737274,0.08486303389072418,2.8333333333333335,0.0213179849088192,-0.0014231966832545795,-0.0009332242642226263,0.0,0.0,-0.0002437037641841444,-0.00041608876560333963,0.0,0.0,0.0,-0.0003712874694091761,0.0,4.866670197534173e-05,0.0,-0.0006229442838632249,10.0,10624.png,0.0,1.0,1.0,14.0,0.49074074074074076,0.5092592592592593,1.0,R244-F0-gtfree-merge-targeted-candidates,0.0,val
1.0,0.2540797151617051,0.14552767235030872,3.0,-3.0,0.8541557641093628,0.3637540453074434,27.0,27.0,0.0,0.7454379376839542,2.0,0.8008373857862485,26.0,4.0,0.9150802352237616,6458.0,111.0,68.0,0.8555908850026497,1.6323529411764706,1.0,0.00034878904802389206,16.0,8.0,2.0,496.0,2.0,0.17714285714285713,1.0,1.0,0.0,2.8284271247461903,1.6955618877807475,0.08800755441188812,0.5914216041564941,0.10196897760033607,4.0,0.039659708738327026,-0.00018860769671030786,-0.00012376205268480045,0.0,0.0,-0.00021316792947212448,0.0,0.0,0.0,0.0,-0.00032477418045262496,0.0,-6.946573861354999e-05,0.0,-0.0003986843416724506,10.0,10624.png,0.0,1.0,1.0,20.0,0.35714285714285715,0.6428571428571429,1.0,R244-F0-gtfree-merge-targeted-candidates,0.0,val
1.0,0.25418027109923813,0.1455936525928025,3.0,-3.0,0.8546173528727611,0.3627831715210356,27.0,27.0,0.0,0.7461413484971567,2.0,0.8013435700575816,26.0,5.0,0.915478919565434,6458.0,111.0,68.0,0.8555908850026497,1.6323529411764706,1.0,0.0005449828875373313,25.0,12.0,6.0,1552.0,4.0,0.47901234567901235,0.3472222222222222,0.0,0.84,2.23606797749979,1.4357168890796868,0.07439526170492172,0.5701960921287537,0.0858407586812973,2.0,0.02570348046720028,-8.80517591772545e-05,-5.7781810191032124e-05,0.0,0.0,0.0002484208339261773,-0.0009708737864077555,0.0,0.0,0.0,0.0003786366327499513,0.0,0.00043671853271953776,0.0,0.0,10.0,10624.png,0.0,1.0,1.0,20.0,0.45454545454545453,0.5454545454545454,1.0,R244-F0-gtfree-merge-targeted-candidates,1.0,val
1.0,0.254167697254514,0.14558540179077412,3.0,-3.0,0.8545080299101069,0.3637540453074434,27.0,27.0,0.0,0.745974701021299,2.0,0.801151355241065,26.0,6.0,0.915478919565434,2515.0,53.0,59.0,0.8042852574352415,1.1132075471698113,1.0,0.00030519041702090554,14.0,7.0,2.0,1701.0,4.0,0.6185454545454545,1.0,0.0,0.0,2.0,1.5,0.055479876697063446,0.3501400649547577,0.07071903124451638,3.5,0.020879153162240982,-0.00010062560390139419,-6.60326122194077e-05,0.0,0.0,0.00013909787127197593,0.0,0.0,0.0,0.0,0.00021198915689224496,0.0,0.0002445037162028818,0.0,0.0,10.0,10624.png,0.0,1.0,1.0,12.0,0.4230769230769231,0.5769230769230769,1.0,R244-F0-gtfree-merge-targeted-candidates,0.0,val
1.0,0.25414255329673047,0.14556890299184044,3.0,-3.0,0.8541824144387203,0.3637540453074434,27.0,27.0,0.0,0.7454785344565107,2.0,0.800846071654419,26.0,7.0,0.9151300707664707,6458.0,111.0,68.0,0.8555908850026497,1.6323529411764706,1.0,0.00030519041702090554,14.0,7.0,2.0,839.0,3.0,0.3050909090909091,1.0,1.0,0.0,2.8284271247461903,1.6352087304994407,0.08881644159555435,0.5854342579841614,0.10640507116913796,3.5,0.028871925547719002,-0.0001257695616849186,-8.25314111530806e-05,0.0,0.0,-0.0001865176001145663,0.0,0.0,0.0,0.0,-0.00028417740789610235,0.0,-6.077987044306177e-05,0.0,-0.00034884879896335264,10.0,10624.png,0.0,1.0,1.0,20.0,0.38461538461538464,0.6153846153846154,1.0,R244-F0-gtfree-merge-targeted-candidates,0.0,val
1.0,0.2529440870856012,0.14478305199954686,3.0,-3.0,0.8540224938647809,0.3637540453074434,27.0,27.0,0.0,0.7452349538211712,2.0,0.8007939450781949,26.0,10.0,0.9148310575102163,2447.0,51.0,68.0,0.705594002306805,1.3333333333333333,1.0,0.0005667822030388246,26.0,13.0,7.0,1592.0,4.0,0.47451564828614007,0.2857142857142857,1.0,0.0,2.0,1.364818514393791,0.10080456733703613,0.5505279302597046,0.12140259519219398,1.8571428571428572,0.036238037049770355,-0.0013242357728142085,-0.0008683824034466658,0.0,0.0,-0.0003464381740539979,0.0,0.0,0.0,0.0,-0.0005277580432355711,0.0,-0.00011290644666717142,0.0,-0.0006478620552177183,10.0,10624.png,0.0,2.0,2.0,22.0,0.4791666666666667,0.5208333333333334,1.0,R244-F0-gtfree-merge-targeted-candidates,0.0,val
1.0,0.25418027109923813,0.1455936525928025,3.0,-3.0,0.8544881560126987,0.36347665279704117,27.0,27.0,0.0,0.7459444094775953,2.0,0.8011164169991932,26.0,12.0,0.915478919565434,2461.0,57.0,59.0,0.7317870948557835,1.0350877192982457,1.0,0.00026159178601791903,12.0,2.0,6.0,1813.0,4.0,0.6714814814814815,1.0,0.0,0.5,2.0,1.5,0.07727181911468506,0.4202614724636078,0.0902274876832962,3.0,0.04155855253338814,-8.80517591772545e-05,-5.7781810191032124e-05,0.0,0.0,0.00011922397386376904,-0.0002773925104022079,0.0,0.0,0.0,0.00018169761318853617,0.0,0.00020956547433115258,0.0,0.0,10.0,10624.png,0.0,1.0,1.0,13.0,0.4375,0.5625,1.0,R244-F0-gtfree-merge-targeted-candidates,0.0,val
1.0,0.25426663368785557,0.14565032587135165,3.0,-3.0,0.8544881560126987,0.363291724456773,27.0,27.0,0.0,0.7459444094775953,2.0,0.8011164169991932,26.0,16.0,0.915478919565434,2515.0,53.0,59.0,0.8042852574352415,1.1132075471698113,1.0,0.00026159178601791903,12.0,6.0,3.0,1560.0,4.0,0.5664488017429193,0.6666666666666666,0.0,0.8333333333333334,2.0,1.4511844635310913,0.058698948472738266,0.3477124273777008,0.07425487190485,2.0,0.02371026948094368,-1.6891705598154338e-06,-1.1085316418690816e-06,0.0,0.0,0.00011922397386376904,-0.00046232085067038353,0.0,0.0,0.0,0.00018169761318853617,0.0,0.00020956547433115258,0.0,0.0,10.0,10624.png,0.0,1.0,1.0,12.0,0.38461538461538464,0.6153846153846154,1.0,R244-F0-gtfree-merge-targeted-candidates,1.0,val
1.0,0.254218000098956,0.14561841061104183,3.0,-3.0,0.8544881560126987,0.3637540453074434,27.0,27.0,0.0,0.7459444094775953,2.0,0.8011164169991932,26.0,17.0,0.915478919565434,2461.0,57.0,59.0,0.7317870948557835,1.0350877192982457,1.0,0.00026159178601791903,12.0,6.0,3.0,1749.0,4.0,0.6350762527233116,0.6666666666666666,0.0,0.0,2.0,1.4023689270621826,0.06775849312543869,0.4006536304950714,0.07938285171985626,2.0,0.021765783429145813,-5.032275945937581e-05,-3.3023791951691805e-05,0.0,0.0,0.00011922397386376904,0.0,0.0,0.0,0.0,0.00018169761318853617,0.0,0.00020956547433115258,0.0,0.0,10.0,10624.png,0.0,1.0,1.0,13.0,0.46153846153846156,0.5384615384615384,1.0,R244-F0-gtfree-merge-targeted-candidates,0.0,val
1.0,0.25366046695686584,0.14525266258780875,2.0,-2.0,0.8540491503936917,0.3637540453074434,27.0,27.0,0.0,0.7452755505937279,2.0,0.8008026347357631,27.0,18.0,0.9148808930529253,6458.0,111.0,68.0,0.8555908850026497,1.6323529411764706,1.0,0.0005231835720358381,24.0,8.0,8.0,1403.0,4.0,0.4473852040816326,0.375,1.0,0.0,2.8284271247461903,1.638436479634579,0.06938020139932632,0.578104555606842,0.07711902484297753,1.0,0.02927892841398716,-0.0006078559015495477,-0.000398771815184773,-1.0,1.0,-0.0003197816451432356,0.0,0.0,0.0,0.0,-0.00048716127067893744,0.0,-0.00010421678909899867,1.0,-0.0005980265125087314,10.0,10624.png,0.0,1.0,1.0,20.0,0.45,0.55,1.0,R244-F0-gtfree-merge-targeted-candidates,0.0,val
1.0,0.25410484668644906,0.14554416180386381,2.0,-2.0,0.8545875347452403,0.3634304207119741,27.0,27.0,0.0,0.7460958918018805,2.0,0.8012911386883601,27.0,19.0,0.915478919565434,6458.0,111.0,68.0,0.8555908850026497,1.6323529411764706,1.0,0.00047958494103285154,22.0,7.0,7.0,1825.0,4.0,0.6033057851239669,0.4489795918367347,0.0,0.3181818181818182,2.8284271247461903,1.7876840100386084,0.0790000855922699,0.5925134420394897,0.10511306971311571,1.0,0.03556853532791138,-0.0001634761719663258,-0.00010727259912970966,-1.0,1.0,0.0002186027064053908,-0.0003236245954692518,0.0,0.0,0.0,0.00033317993747372654,0.0,0.0003842871634980316,1.0,0.0,10.0,10624.png,0.0,1.0,1.0,20.0,0.4583333333333333,0.5416666666666666,1.0,R244-F0-gtfree-merge-targeted-candidates,0.0,val
1.0,0.25363681345868383,0.14523715079050264,3.0,-3.0,0.8542090635284267,0.3637540453074434,27.0,27.0,0.0,0.7455191312290673,2.0,0.8008547567650073,26.0,20.0,0.9151799063091797,2148.0,49.0,54.0,0.8117913832199547,1.1020408163265305,1.0,0.00026159178601791903,12.0,6.0,4.0,1745.0,4.0,0.6214387464387464,0.5,1.0,0.0,2.0,1.3535533905932737,0.06880667060613632,0.3709150552749634,0.07829094380140304,1.5,0.019108565524220467,-0.0006315093997315557,-0.00041428361249087886,0.0,0.0,-0.00015986851040816763,0.0,0.0,0.0,0.0,-0.00024358063533946872,0.0,-5.209475985479273e-05,0.0,-0.0002990132562543657,10.0,10624.png,0.0,1.0,1.0,14.0,0.44642857142857145,0.5535714285714286,1.0,R244-F0-gtfree-merge-targeted-candidates,0.0,val
1.0,0.25380961804868396,0.145350484501615,3.0,-3.0,0.8541690894290034,0.3637540453074434,27.0,27.0,0.0,0.7454582360702324,2.0,0.8008417288150377,26.0,21.0,0.9151051529951161,6458.0,111.0,68.0,0.8555908850026497,1.6323529411764706,1.0,0.0003269897325223988,15.0,6.0,7.0,1333.0,4.0,0.44882154882154884,0.35714285714285715,1.0,0.0,2.23606797749979,1.392861481799478,0.07720039039850235,0.5573856234550476,0.08732915073633193,1.1666666666666667,0.024463659152388573,-0.000458704809731425,-0.0003009499013785222,0.0,0.0,-0.00019984260983152424,0.0,0.0,0.0,0.0,-0.00030447579417436366,0.0,-6.51227098243945e-05,0.0,-0.0003737665703179571,10.0,10624.png,0.0,1.0,1.0,20.0,0.4852941176470588,0.5147058823529411,1.0,R244-F0-gtfree-merge-targeted-candidates,0.0,val
1.0,0.254218000098956,0.14561841061104183,3.0,-3.0,0.854448410991081,0.3635691169671752,27.0,27.0,0.0,0.7458838337698195,2.0,0.8010465496566009,26.0,22.0,0.915478919565434,2461.0,57.0,59.0,0.7317870948557835,1.0350877192982457,1.0,0.00017439452401194603,8.0,4.0,2.0,1435.0,3.0,0.551923076923077,1.0,0.0,0.5,2.0,1.426776695296637,0.06398221105337143,0.3294117748737335,0.07172732576727867,2.0,0.022527694702148438,-5.032275945937581e-05,-3.3023791951691805e-05,0.0,0.0,7.947895224613699e-05,-0.00018492834026817562,0.0,0.0,0.0,0.00012112190541269108,0.0,0.00013969813173886347,0.0,0.0,10.0,10624.png,0.0,2.0,2.0,13.0,0.425,0.575,1.0,R244-F0-gtfree-merge-targeted-candidates,0.0,val
1.0,0.254167697254514,0.14558540179077412,3.0,-3.0,0.8542623579892322,0.3637540453074434,27.0,27.0,0.0,0.7456003247741805,2.0,0.8008721247138341,26.0,24.0,0.9152795773945979,6458.0,111.0,68.0,0.8555908850026497,1.6323529411764706,1.0,0.00017439452401194603,8.0,4.0,2.0,450.0,2.0,0.17307692307692307,1.0,1.0,0.0,2.0,1.5,0.07192014157772064,0.5549019575119019,0.09468539357185364,2.0,0.023365439847111702,-0.00010062560390139419,-6.60326122194077e-05,0.0,0.0,-0.00010657404960268124,0.0,0.0,0.0,0.0,-0.00016238709022631248,0.0,-3.4726811028007454e-05,0.0,-0.00019934217083616979,10.0,10624.png,0.0,1.0,1.0,20.0,0.4,0.6,1.0,R244-F0-gtfree-merge-targeted-candidates,0.0,val
1.0,0.25361567698306925,0.14522328999434708,1.0,-1.0,0.853409051237592,0.3637540453074434,27.0,27.0,0.0,0.7443012280523699,2.0,0.8005938734962119,28.0,1.0,0.913684840027908,6458.0,111.0,68.0,0.8555908850026497,1.6323529411764706,1.0,0.0015695507161075143,72.0,32.0,3.0,1127.0,3.0,0.27622549019607845,0.75,1.0,0.0,3.0,1.9652864041125444,0.08324512839317322,0.5935730338096619,0.10876060947775841,10.666666666666666,0.036014821380376816,-0.0006526458753461362,-0.00042814440864644143,-2.0,2.0,-0.0009598808012428739,0.0,0.0,0.0,0.0,-0.0014614838120369233,0.0,-0.0003129780286501571,2.0,-0.0017940795375260832,12.0,10624.png,0.0,1.0,1.0,20.0,0.38461538461538464,0.6153846153846154,1.0,R244-F0-gtfree-merge-targeted-candidates,0.0,val
1.0,0.25258471432104873,0.14454761635148908,3.0,-3.0,0.8535424641913827,0.3637540453074434,27.0,27.0,0.0,0.7445042119151527,2.0,0.800637401497457,26.0,2.0,0.9139340177414532,7709.0,103.0,147.0,0.5091473482596922,1.4271844660194175,1.0,0.0013515575610925817,62.0,12.0,27.0,2206.0,3.0,0.4902222222222222,0.19135802469135801,1.0,0.0,2.23606797749979,1.5004948297375689,0.12444359064102173,0.6577483415603638,0.16202199161052705,2.25,0.049289170652627945,-0.0016836085373666543,-0.001103818051504446,0.0,0.0,-0.0008264678474522169,0.0,0.0,0.0,0.0,-0.0012584999492540883,0.0,-0.0002694500274050826,0.0,-0.0015449018239808154,12.0,10624.png,0.0,1.0,1.0,25.0,0.47093023255813954,0.5290697674418605,1.0,R244-F0-gtfree-merge-targeted-candidates,0.0,val
1.0,0.2556539812936111,0.14656150703586018,3.0,-3.0,0.8546173528727611,0.36259824318076744,27.0,27.0,0.0,0.7461413484971567,2.0,0.8013435700575816,26.0,3.0,0.915478919565434,7709.0,103.0,147.0,0.5091473482596922,1.4271844660194175,1.0,0.0005449828875373313,25.0,3.0,12.0,1624.0,4.0,0.530718954248366,0.6944444444444444,0.0,1.0,2.23606797749979,1.459148346584763,0.08567095547914505,0.6274510025978088,0.09749696999788285,4.0,0.0279726330190897,0.0013856584351957246,0.0009100726328666597,0.0,0.0,0.0002484208339261773,-0.001155802126675931,0.0,0.0,0.0,0.0003786366327499513,0.0,0.00043671853271953776,0.0,0.0,12.0,10624.png,0.0,1.0,1.0,25.0,0.5,0.5,0.0,R244-F0-gtfree-merge-targeted-candidates,1.0,val
1.0,0.25644323522137025,0.14708051977529366,3.0,-3.0,0.8545509525249471,0.3627831715210356,27.0,27.0,0.0,0.7460401267159451,2.0,0.8012649945474373,26.0,5.0,0.915429084022725,7345.0,125.0,86.0,0.6832558139534883,1.4534883720930232,1.0,0.0005013842565343448,23.0,11.0,3.0,1173.0,4.0,0.3898305084745763,0.696969696969697,0.08695652173913043,0.9130434782608695,2.23606797749979,1.5065339799944732,0.07743620127439499,0.5606138110160828,0.103318352997303,3.6666666666666665,0.031721800565719604,0.0021749123629548617,0.0014290853723001318,0.0,0.0,0.0001820204861121555,-0.0009708737864077555,0.0,0.0,0.0,0.0002774148515383157,0.0,0.0003581430225751969,0.0,-4.9835542708986935e-05,12.0,10624.png,0.0,1.0,1.0,21.0,0.4305555555555556,0.5694444444444444,1.0,R244-F0-gtfree-merge-targeted-candidates,0.0,val
1.0,0.25410484668644906,0.14554416180386381,3.0,-3.0,0.8547068197415407,0.36259824318076744,27.0,27.0,0.0,0.7462777518230383,2.0,0.8015009053426122,26.0,6.0,0.915478919565434,6458.0,111.0,68.0,0.8555908850026497,1.6323529411764706,1.0,0.0007411767270507706,34.0,15.0,8.0,1743.0,4.0,0.49404761904761907,0.2833333333333333,0.0,0.7352941176470589,2.8284271247461903,1.5907766921685327,0.06977975368499756,0.5724337100982666,0.08547336757183074,1.875,0.0262116901576519,-0.0001634761719663258,-0.00010727259912970966,0.0,0.0,0.00033788770270581914,-0.001155802126675931,0.0,0.0,0.0,0.0005150399586315579,0.0,0.0005940538177501287,0.0,0.0,12.0,10624.png,0.0,1.0,1.0,20.0,0.4444444444444444,0.5555555555555556,1.0,R244-F0-gtfree-merge-targeted-candidates,0.0,val
1.0,0.2541928461880968,0.14560190433008388,3.0,-3.0,0.8547267038118391,0.3637540453074434,27.0,27.0,0.0,0.7463080704462817,2.0,0.8015358771298297,26.0,7.0,0.915478919565434,7709.0,103.0,147.0,0.5091473482596922,1.4271844660194175,1.0,0.0007847753580537571,36.0,9.0,15.0,2394.0,4.0,0.6666666666666666,0.26666666666666666,0.0,0.0,2.23606797749979,1.510566608440455,0.10579930990934372,0.6482570767402649,0.1422506868839264,1.6666666666666667,0.0413660891354084,-7.547667031859717e-05,-4.953007290964262e-05,0.0,0.0,0.0003577717730042229,0.0,0.0,0.0,0.0,0.0005453585818748774,0.0,0.0006290256049675813,0.0,0.0,12.0,10624.png,0.0,1.0,1.0,25.0,0.45535714285714285,0.5446428571428571,1.0,R244-F0-gtfree-merge-targeted-candidates,0.0,val
1.0,0.25276898734177217,0.1446683269187231,1.0,-1.0,0.8539825067460687,0.3637540453074434,27.0,27.0,0.0,0.7451740586623363,2.0,0.8007809091702295,28.0,11.0,0.9147563041961527,7345.0,125.0,86.0,0.6832558139534883,1.4534883720930232,1.0,0.0006321801495433044,29.0,8.0,13.0,1788.0,4.0,0.5234192037470726,0.27884615384615385,1.0,0.0,2.23606797749979,1.5199943042796762,0.06981699168682098,0.5844489932060242,0.08246088773012161,1.625,0.02926458977162838,-0.0014993355166432187,-0.0009831074842704124,-2.0,2.0,-0.0003864252927662237,0.0,0.0,0.0,0.0,-0.000588653202070466,0.0,-0.00012594235463259107,2.0,-0.0007226153692813098,12.0,10624.png,0.0,1.0,1.0,21.0,0.48,0.52,1.0,R244-F0-gtfree-merge-targeted-candidates,0.0,val
1.0,0.25274616526472043,0.14465337562301767,3.0,-3.0,0.8539691770863623,0.3637540453074434,27.0,27.0,0.0,0.7451537602760581,2.0,0.8007765634884279,26.0,12.0,0.9147313864247981,6458.0,111.0,68.0,0.8555908850026497,1.6323529411764706,1.0,0.0006539794650447975,30.0,14.0,9.0,1370.0,4.0,0.3876627051499717,0.23809523809523808,1.0,0.0,2.23606797749979,1.3928614817994776,0.06899066269397736,0.5658823847770691,0.08421819731593132,1.5555555555555556,0.024639394134283066,-0.0015221575936949505,-0.0009980587799758578,0.0,0.0,-0.0003997549524725752,0.0,0.0,0.0,0.0,-0.0006089515883487273,0.0,-0.00013028803643422293,0.0,-0.0007475331406359143,12.0,10624.png,0.0,1.0,1.0,20.0,0.4722222222222222,0.5277777777777778,1.0,R244-F0-gtfree-merge-targeted-candidates,0.0,val
1.0,0.254218000098956,0.14561841061104183,3.0,-3.0,0.8546173528727611,0.3634304207119741,27.0,27.0,0.0,0.7461413484971567,2.0,0.8013435700575816,26.0,13.0,0.915478919565434,7345.0,125.0,86.0,0.6832558139534883,1.4534883720930232,1.0,0.0005449828875373313,25.0,12.0,7.0,867.0,2.0,0.26272727272727275,0.2976190476190476,0.0,0.28,2.23606797749979,1.3888539740695345,0.0731332078576088,0.5965490937232971,0.08937872052192689,1.7142857142857142,0.024054786190390587,-5.032275945937581e-05,-3.3023791951691805e-05,0.0,0.0,0.0002484208339261773,-0.0003236245954692518,0.0,0.0,0.0,0.0003786366327499513,0.0,0.00043671853271953776,0.0,0.0,12.0,10624.png,0.0,1.0,1.0,21.0,0.45652173913043476,0.5434782608695652,1.0,R244-F0-gtfree-merge-targeted-candidates,0.0,val
1.0,0.255573681348559,0.14650872817955113,2.0,-2.0,0.8546471730811729,0.36245954692556637,27.0,27.0,0.0,0.7461868107317667,2.0,0.8013960082887992,27.0,14.0,0.915478919565434,7345.0,125.0,86.0,0.6832558139534883,1.4534883720930232,1.0,0.0006103808340418111,28.0,12.0,8.0,1883.0,4.0,0.5604166666666667,0.2916666666666667,0.0,1.0,2.23606797749979,1.5911418135396498,0.08197057247161865,0.571288526058197,0.1065956622362137,1.5,0.030395383015275,0.0013053584901436266,0.000857293776557605,-1.0,1.0,0.00027824104233797886,-0.0012944983818770073,0.0,0.0,0.0,0.0004240988673599455,0.0,0.0004891567639371264,1.0,0.0,12.0,10624.png,0.0,1.0,1.0,21.0,0.4166666666666667,0.5833333333333334,0.0,R244-F0-gtfree-merge-targeted-candidates,1.0,val
1.0,0.25515910328104124,0.1462363151625163,3.0,-3.0,0.8545408020843026,0.3626444752658345,27.0,27.0,0.0,0.7460246542515383,2.0,0.8013044236977576,26.0,15.0,0.9153543307086615,7709.0,103.0,147.0,0.5091473482596922,1.4271844660194175,1.0,0.0006321801495433044,29.0,9.0,13.0,1678.0,4.0,0.48259994247914867,0.24786324786324787,0.1724137931034483,0.8275862068965517,2.23606797749979,1.3921252031590086,0.09022117406129837,0.6154158115386963,0.10779115706682205,1.4444444444444444,0.02972215786576271,0.0008907804226258587,0.0005848807595227878,0.0,0.0,0.00017187004546770357,-0.0011095700416088872,0.0,0.0,0.0,0.0002619423871315085,0.0,0.0003975721728954884,0.0,-0.00012458885677257836,12.0,10624.png,0.0,1.0,1.0,25.0,0.5096153846153846,0.49038461538461536,1.0,R244-F0-gtfree-merge-targeted-candidates,0.0,val
1.0,0.2529440870856012,0.14478305199954686,3.0,-3.0,0.8539558471165701,0.3637540453074434,27.0,27.0,0.0,0.7451334618897798,2.0,0.8007722176170324,26.0,16.0,0.9147064686534436,6458.0,111.0,68.0,0.8555908850026497,1.6323529411764706,1.0,0.0006757787805462908,31.0,9.0,11.0,1494.0,4.0,0.44424620874219445,0.31313131313131315,1.0,0.0,2.8284271247461903,1.5721512604388062,0.0677647739648819,0.5777356624603271,0.0771462693810463,1.2222222222222223,0.02805669605731964,-0.0013242357728142085,-0.0008683824034466658,0.0,0.0,-0.00041308492226477256,0.0,0.0,0.0,0.0,-0.0006292499746269886,0.0,-0.0001346339078296399,0.0,-0.0007724509119904077,12.0,10624.png,0.0,1.0,1.0,20.0,0.4791666666666667,0.5208333333333334,1.0,R244-F0-gtfree-merge-targeted-candidates,0.0,val
1.0,0.2532772693544398,0.1450014160294534,3.0,-3.0,0.8541557641093628,0.3637540453074434,27.0,27.0,0.0,0.7454379376839542,2.0,0.8008373857862485,26.0,18.0,0.9150802352237616,2149.0,54.0,54.0,0.7369684499314129,1.0,1.0,0.00034878904802389206,16.0,8.0,4.0,1094.0,4.0,0.3756868131868132,0.5,1.0,0.0,2.0,1.426776695296637,0.06937868893146515,0.5534313917160034,0.09257997572422028,2.0,0.021696366369724274,-0.000991053503975603,-0.0006500183735401177,0.0,0.0,-0.00021316792947212448,0.0,0.0,0.0,0.0,-0.00032477418045262496,0.0,-6.946573861354999e-05,0.0,-0.0003986843416724506,12.0,10624.png,0.0,2.0,2.0,23.0,0.4375,0.5625,1.0,R244-F0-gtfree-merge-targeted-candidates,0.0,val
1.0,0.254129983183302,0.14556065499461726,2.0,-2.0,0.8546272927110108,0.3634304207119741,27.0,27.0,0.0,0.7461565019598286,2.0,0.8013610487054769,27.0,19.0,0.915478919565434,6458.0,111.0,68.0,0.8555908850026497,1.6323529411764706,1.0,0.0005667822030388246,26.0,8.0,8.0,1878.0,4.0,0.5988520408163265,0.40625,0.0,0.2692307692307692,2.8284271247461903,1.7299742215662415,0.07605994492769241,0.5868778824806213,0.10192560404539108,1.0,0.036722272634506226,-0.00013833967511339695,-9.077940837626253e-05,-1.0,1.0,0.00025836067217588354,-0.0003236245954692518,0.0,0.0,0.0,0.00039379009542184207,0.0,0.0004541971806147904,1.0,0.0,12.0,10624.png,0.0,1.0,1.0,20.0,0.4875,0.5125,1.0,R244-F0-gtfree-merge-targeted-candidates,0.0,val
1.0,0.2536242640146455,0.1452289211242067,3.0,-3.0,0.8542357113785686,0.3637540453074434,27.0,27.0,0.0,0.7455597280016238,2.0,0.8008634411181126,26.0,20.0,0.9152297418518888,6458.0,111.0,68.0,0.8555908850026497,1.6323529411764706,1.0,0.00021799315501493254,10.0,5.0,2.0,501.0,2.0,0.1890566037735849,1.0,1.0,0.0,2.0,1.4414213562373095,0.07602588087320328,0.5760784149169922,0.09228097274899483,2.5,0.03651272878050804,-0.0006440588437698902,-0.00042251327878681244,0.0,0.0,-0.00013322066026633106,0.0,0.0,0.0,0.0,-0.0002029838627829461,0.0,-4.341040674948893e-05,0.0,-0.00024917771354526774,12.0,10624.png,0.0,1.0,1.0,20.0,0.45454545454545453,0.5454545454545454,1.0,R244-F0-gtfree-merge-targeted-candidates,0.0,val
1.0,0.254167697254514,0.14558540179077412,3.0,-3.0,0.8544881560126987,0.3637540453074434,27.0,27.0,0.0,0.7459444094775953,2.0,0.8011164169991932,26.0,24.0,0.915478919565434,7709.0,103.0,147.0,0.5091473482596922,1.4271844660194175,1.0,0.00026159178601791903,12.0,6.0,3.0,1614.0,4.0,0.5860566448801743,0.6666666666666666,0.0,0.0,2.0,1.4511844635310913,0.10440992563962936,0.5013071894645691,0.13259022831916809,2.0,0.03992282971739769,-0.00010062560390139419,-6.60326122194077e-05,0.0,0.0,0.00011922397386376904,0.0,0.0,0.0,0.0,0.00018169761318853617,0.0,0.00020956547433115258,0.0,0.0,12.0,10624.png,0.0,1.0,1.0,25.0,0.4230769230769231,0.5769230769230769,1.0,R244-F0-gtfree-merge-targeted-candidates,0.0,val
1.0,0.2537734448458455,0.14532675848778553,3.0,-3.0,0.8541424384797879,0.3637540453074434,27.0,27.0,0.0,0.7454176392976758,2.0,0.8008330425680391,26.0,25.0,0.9150553174524071,6458.0,111.0,68.0,0.8555908850026497,1.6323529411764706,1.0,0.0003705883635253853,17.0,6.0,7.0,1335.0,4.0,0.4494949494949495,0.40476190476190477,1.0,0.0,2.23606797749979,1.4193523649701152,0.075421042740345,0.5577855110168457,0.08731311410665513,1.1666666666666667,0.024380210787057877,-0.000494878012569866,-0.0003246759152079892,0.0,0.0,-0.00022649355904702517,0.0,0.0,0.0,0.0,-0.0003450725667309973,0.0,-7.380895682296273e-05,0.0,-0.00042360211302694406,12.0,10624.png,0.0,1.0,1.0,20.0,0.5,0.5,1.0,R244-F0-gtfree-merge-targeted-candidates,0.0,val
1.0,0.25363681345868383,0.14523715079050264,3.0,-3.0,0.8542090635284267,0.3637540453074434,27.0,27.0,0.0,0.7455191312290673,2.0,0.8008547567650073,26.0,27.0,0.9151799063091797,2149.0,54.0,54.0,0.7369684499314129,1.0,1.0,0.00026159178601791903,12.0,4.0,6.0,1568.0,4.0,0.5584045584045584,0.5,1.0,0.0,2.0,1.3535533905932737,0.07848571240901947,0.4856209456920624,0.09629390016198158,1.5,0.022631758823990822,-0.0006315093997315557,-0.00041428361249087886,0.0,0.0,-0.00015986851040816763,0.0,0.0,0.0,0.0,-0.00024358063533946872,0.0,-5.209475985479273e-05,0.0,-0.0002990132562543657,12.0,10624.png,0.0,2.0,2.0,23.0,0.4642857142857143,0.5357142857142857,1.0,R244-F0-gtfree-merge-targeted-candidates,0.0,val
1.0,0.2539211320568007,0.145423632757155,3.0,-3.0,0.8542856146144633,0.36370781322237633,27.0,27.0,0.0,0.7456357583631049,2.0,0.8008939278316799,26.0,29.0,0.9153044951659524,6458.0,111.0,68.0,0.8555908850026497,1.6323529411764706,1.0,0.00017439452401194603,8.0,4.0,2.0,1155.0,4.0,0.4442307692307692,1.0,0.875,0.125,2.0,1.426776695296637,0.058611057698726654,0.5862745046615601,0.06397859901189804,2.0,0.017427830025553703,-0.00034719080161466076,-0.00022780164583852125,0.0,0.0,-8.33174243716206e-05,-4.6232085067043904e-05,0.0,0.0,0.0,-0.0001269535013018741,0.0,-1.2923693182176343e-05,0.0,-0.00017442439948167632,12.0,10624.png,0.0,1.0,1.0,20.0,0.425,0.575,1.0,R244-F0-gtfree-merge-targeted-candidates,0.0,val
1.0,0.2544645065545387,0.14578019611177237,3.0,-3.0,0.8542987056785012,0.3635228848821082,27.0,27.0,0.0,0.7456557044254973,2.0,0.8009551015067926,26.0,30.0,0.9152546596232433,7345.0,125.0,86.0,0.6832558139534883,1.4534883720930232,1.0,0.00030519041702090554,14.0,6.0,6.0,717.0,2.0,0.24588477366255143,0.3888888888888889,0.6428571428571429,0.35714285714285715,2.23606797749979,1.4842336960260603,0.07895558327436447,0.6117647886276245,0.09679488018155098,1.0,0.025371408089995384,0.00019618369612334208,0.00012876170877884618,0.0,0.0,-7.022636033371388e-05,-0.000231160425335164,0.0,0.0,0.0,-0.00010700743890945663,0.0,4.824998193053709e-05,0.0,-0.00022425994219077428,12.0,10624.png,0.0,2.0,2.0,21.0,0.4375,0.5625,1.0,R244-F0-gtfree-merge-targeted-candidates,0.0,val
1.0,0.25518230841537626,0.14625155948735397,3.0,-3.0,0.8544782194106566,0.36324549237170595,27.0,27.0,0.0,0.7459292646282536,2.0,0.801098949020976,26.0,31.0,0.915478919565434,7345.0,125.0,86.0,0.6832558139534883,1.4534883720930232,1.0,0.00023979247051642577,11.0,5.0,4.0,1402.0,3.0,0.5087082728592163,0.55,0.0,1.0,2.23606797749979,1.4662718367719962,0.09413344413042068,0.5942959189414978,0.11886829882860184,1.25,0.03252618759870529,0.0009139855569608724,0.0006001250843604422,0.0,0.0,0.00010928737182169801,-0.0005085529357374274,0.0,0.0,0.0,0.00016655276384680562,0.0,0.0001920974961139299,0.0,0.0,12.0,10624.png,0.0,1.0,1.0,21.0,0.40384615384615385,0.5961538461538461,0.0,R244-F0-gtfree-merge-targeted-candidates,1.0,val
1.0,0.4117728981941414,0.25926575470595115,1.0,1.0,0.8746696549470048,0.1930944625407166,26.0,26.0,0.0,0.7772559042703268,1.0,0.8576189865768125,24.0,1.0,0.8924120583863714,17815.0,180.0,175.0,0.5655555555555556,1.0285714285714285,1.0,0.0011706389127691097,64.0,32.0,6.0,961.0,2.0,0.2224537037037037,0.3333333333333333,0.03125,0.96875,2.0,1.4450825214724778,0.07783068716526031,0.4902573525905609,0.10245652869343758,5.333333333333333,0.029716504737734795,0.004138459631867819,0.0032727538310605153,0.0,0.0,0.0004851081943518798,-0.002692725298588494,0.0,0.0,0.0,0.0007658105954532202,0.0,0.0009673796919923427,0.0,-3.8111208506497185e-05,6.0,11852.png,0.0,1.0,1.0,19.0,0.48554913294797686,0.5144508670520231,1.0,R244-F0-gtfree-merge-targeted-candidates,0.0,val
1.0,0.4077805115825635,0.25610822788500787,1.0,1.0,0.8741634074170875,0.19539630836047775,26.0,26.0,0.0,0.776456737306404,1.0,0.8567690703163596,24.0,2.0,0.8922786691565989,17815.0,180.0,175.0,0.5655555555555556,1.0285714285714285,1.0,0.00032924219421631213,18.0,9.0,2.0,584.0,2.0,0.20491228070175438,1.0,0.5,0.5,2.0,1.5,0.09288995712995529,0.5045751929283142,0.11654387190937995,4.5,0.027975091710686684,0.0001460730202899052,0.0001152270101172359,0.0,0.0,-2.1139335565356632e-05,-0.0003908794788273495,0.0,0.0,0.0,-3.335636846957257e-05,0.0,0.00011746343153951067,0.0,-0.00017150043827895978,6.0,11852.png,0.0,1.0,1.0,19.0,0.4166666666666667,0.5833333333333334,1.0,R244-F0-gtfree-merge-targeted-candidates,0.0,val
1.0,0.40941591605534405,0.25739973144958844,1.0,1.0,0.8743314260111452,0.19500542888165037,26.0,26.0,0.0,0.7767218932948571,1.0,0.8569337456315298,24.0,3.0,0.8924501695948779,17815.0,180.0,175.0,0.5655555555555556,1.0285714285714285,1.0,0.00032924219421631213,18.0,9.0,2.0,757.0,3.0,0.2656140350877193,1.0,0.0,1.0,2.0,1.4674563090207275,0.09935583174228668,0.5464052557945251,0.11848181635141374,4.5,0.042518846690654755,0.0017814774930704491,0.001406730574697812,0.0,0.0,0.0001468792584923273,-0.0007817589576547268,0.0,0.0,0.0,0.00023179961998354148,0.0,0.0002821387467096814,0.0,0.0,6.0,11852.png,0.0,1.0,1.0,19.0,0.4666666666666667,0.5333333333333333,0.0,R244-F0-gtfree-merge-targeted-candidates,1.0,val
1.0,0.4083016064629956,0.25651945627442974,1.0,1.0,0.8742987819106735,0.19517915309446254,26.0,26.0,0.0,0.7766703703089501,1.0,0.8568710320727446,24.0,4.0,0.8924501695948779,17815.0,180.0,175.0,0.5655555555555556,1.0285714285714285,1.0,0.00025607726216824274,14.0,7.0,2.0,802.0,3.0,0.29163636363636364,1.0,0.0,1.0,2.0,1.4581581115980782,0.047418273985385895,0.483753502368927,0.05033879354596138,3.5,0.014108868315815926,0.000667167900722021,0.0005264553995391053,0.0,0.0,0.00011423515802055917,-0.000608034744842556,0.0,0.0,0.0,0.00018027663407660377,0.0,0.0002194251879245046,0.0,0.0,6.0,11852.png,0.0,1.0,1.0,19.0,0.46153846153846156,0.5384615384615384,0.0,R244-F0-gtfree-merge-targeted-candidates,1.0,val
1.0,0.40802302906490856,0.25629958002799813,1.0,1.0,0.8742661402477155,0.1953528773072747,26.0,26.0,0.0,0.77661885415803,1.0,0.8568083276925047,24.0,5.0,0.8924501695948779,17815.0,180.0,175.0,0.5655555555555556,1.0285714285714285,1.0,0.0001829123301201734,10.0,5.0,2.0,1104.0,3.0,0.41660377358490563,1.0,0.0,1.0,2.0,1.4414213562373095,0.05788130685687065,0.5047058463096619,0.06983084976673126,2.5,0.019135499373078346,0.00038859050263495565,0.00030657915310750017,0.0,0.0,8.159349506264846e-05,-0.0004343105320303853,0.0,0.0,0.0,0.00012876048315646482,0.0,0.00015672080768458496,0.0,0.0,6.0,11852.png,0.0,1.0,1.0,19.0,0.45454545454545453,0.5454545454545454,0.0,R244-F0-gtfree-merge-targeted-candidates,1.0,val
1.0,0.4080401076965927,0.2563130576777279,1.0,1.0,0.874249820330219,0.19543973941368079,26.0,26.0,0.0,0.776593098645265,1.0,0.8567769789437096,24.0,6.0,0.8924501695948779,17815.0,180.0,175.0,0.5655555555555556,1.0285714285714285,1.0,0.00014632986409613872,8.0,4.0,2.0,898.0,3.0,0.3453846153846154,1.0,0.0,1.0,2.0,1.5,0.05267373472452164,0.49166667461395264,0.05785079635679722,2.0,0.018387267366051674,0.0004056691343191088,0.00032005680283725413,0.0,0.0,6.527357756613839e-05,-0.00034744842562431377,0.0,0.0,0.0,0.00010300497039150702,0.0,0.00012537205888951686,0.0,0.0,6.0,11852.png,0.0,1.0,1.0,19.0,0.4,0.6,0.0,R244-F0-gtfree-merge-targeted-candidates,1.0,val
1.0,0.4076344385622736,0.25599300087489063,1.0,1.0,0.874249820330219,0.19543973941368079,26.0,26.0,0.0,0.776593098645265,1.0,0.8567769789437096,24.0,7.0,0.8924501695948779,17815.0,180.0,175.0,0.5655555555555556,1.0285714285714285,1.0,0.00014632986409613872,8.0,4.0,2.0,727.0,3.0,0.2796153846153846,1.0,0.0,1.0,2.0,1.3535533905932737,0.09920518100261688,0.551960825920105,0.11017148941755295,2.0,0.037293579429388046,0.0,0.0,0.0,0.0,6.527357756613839e-05,-0.00034744842562431377,0.0,0.0,0.0,0.00010300497039150702,0.0,0.00012537205888951686,0.0,0.0,6.0,11852.png,0.0,1.0,1.0,19.0,0.5,0.5,0.0,R244-F0-gtfree-merge-targeted-candidates,1.0,val
1.0,0.40833758878417903,0.25654786210114916,1.0,1.0,0.874249820330219,0.19543973941368079,26.0,26.0,0.0,0.776593098645265,1.0,0.8567769789437096,24.0,8.0,0.8924501695948779,17815.0,180.0,175.0,0.5655555555555556,1.0285714285714285,1.0,0.00014632986409613872,8.0,4.0,4.0,903.0,2.0,0.33394970414201186,0.5,0.0,1.0,2.0,1.3535533905932737,0.0733686089515686,0.5784313678741455,0.09119515642523765,1.0,0.026233503594994545,0.0007031502219054242,0.0005548612262585295,0.0,0.0,6.527357756613839e-05,-0.00034744842562431377,0.0,0.0,0.0,0.00010300497039150702,0.0,0.00012537205888951686,0.0,0.0,6.0,11852.png,0.0,1.0,1.0,19.0,0.3541666666666667,0.6458333333333334,0.0,R244-F0-gtfree-merge-targeted-candidates,1.0,val
1.0,0.41285170396508497,0.2601216943599345,1.0,1.0,0.8747173478350245,0.19144408251900108,26.0,26.0,0.0,0.7773312297600266,1.0,0.8581512173657965,24.0,1.0,0.8919356682800411,17815.0,180.0,175.0,0.5655555555555556,1.0285714285714285,1.0,0.002322986592526202,127.0,56.0,8.0,1492.0,3.0,0.25618131868131866,0.28348214285714285,0.2125984251968504,0.7874015748031497,2.8284271247461903,1.57341020950656,0.08416963368654251,0.5115639567375183,0.11241255700588226,7.0,0.042307376861572266,0.005217265402811366,0.004128693485043855,0.0,0.0,0.0005328010823716367,-0.004343105320304019,0.0,0.0,0.0,0.0008411360851530159,0.0,0.0014996104809763544,0.0,-0.0005145013148367683,8.0,11852.png,0.0,1.0,1.0,19.0,0.4910394265232975,0.5089605734767025,1.0,R244-F0-gtfree-merge-targeted-candidates,0.0,val
1.0,0.4091542103797233,0.2571928800700321,1.0,1.0,0.8742729640659864,0.1947014115092291,26.0,26.0,0.0,0.776629623486482,1.0,0.857014734144779,24.0,2.0,0.8922405579480925,5358.0,94.0,84.0,0.6785714285714286,1.119047619047619,1.0,0.0006584843884326243,36.0,18.0,3.0,875.0,3.0,0.2599524658348188,0.6666666666666666,0.3055555555555556,0.6944444444444444,2.0,1.4837281545103638,0.09708081930875778,0.4572984278202057,0.12835774570703506,6.0,0.03538209944963455,0.0015197718174497221,0.0011998791951414733,0.0,0.0,8.841731333353309e-05,-0.0010857763300760048,0.0,0.0,0.0,0.00013952981160847422,0.0,0.0003631272599589064,0.0,-0.00020961164678534594,8.0,11852.png,0.0,1.0,1.0,20.0,0.44,0.56,1.0,R244-F0-gtfree-merge-targeted-candidates,0.0,val
1.0,0.4091542103797233,0.2571928800700321,1.0,1.0,0.8742798987890161,0.19444082519001085,26.0,26.0,0.0,0.7766405679782363,1.0,0.8570983981693364,24.0,3.0,0.8921643355310797,5358.0,94.0,84.0,0.6785714285714286,1.119047619047619,1.0,0.0008413967185527977,46.0,23.0,6.0,752.0,2.0,0.1961398017736046,0.3333333333333333,0.32608695652173914,0.6739130434782609,2.0,1.4490620489020083,0.11658657342195511,0.4965899884700775,0.15203260630369186,3.8333333333333335,0.04499123618006706,0.0015197718174497221,0.0011998791951414733,0.0,0.0,9.535203636323875e-05,-0.001346362649294247,0.0,0.0,0.0,0.00015047430336279088,0.0,0.00044679128451630135,0.0,-0.0002858340637982293,8.0,11852.png,0.0,1.0,1.0,20.0,0.4696969696969697,0.5303030303030303,1.0,R244-F0-gtfree-merge-targeted-candidates,0.0,val
1.0,0.40774445166682144,0.2560797807196594,1.0,1.0,0.874158708822239,0.19530944625407165,26.0,26.0,0.0,0.776449323427965,1.0,0.8567951838094018,24.0,4.0,0.8922405579480925,5358.0,94.0,84.0,0.6785714285714286,1.119047619047619,1.0,0.00040240712626438146,22.0,11.0,3.0,885.0,3.0,0.29411764705882354,0.6666666666666666,0.5,0.5,2.0,1.4467466874884634,0.08599670231342316,0.5163993239402771,0.11555886864662171,3.6666666666666665,0.03474290668964386,0.00011001310454783475,8.677984476879175e-05,0.0,0.0,-2.58379304138856e-05,-0.0004777415852334488,0.0,0.0,0.0,-4.077024690851694e-05,0.0,0.0001435769245816676,0.0,-0.00020961164678534594,8.0,11852.png,0.0,1.0,1.0,20.0,0.4722222222222222,0.5277777777777778,1.0,R244-F0-gtfree-merge-targeted-candidates,0.0,val
1.0,0.40581325161350235,0.2545581639191472,1.0,1.0,0.8734801367176557,0.1957871878393051,26.0,26.0,0.0,0.7753792588908232,1.0,0.8564757160647571,24.0,5.0,0.8911734441099127,17815.0,180.0,175.0,0.5655555555555556,1.0285714285714285,1.0,0.0012255126118051619,67.0,19.0,20.0,2333.0,4.0,0.512071992976295,0.1763157894736842,1.0,0.0,2.8284271247461903,1.7365019423122454,0.09602132439613342,0.5003804564476013,0.13226251304149628,1.0526315789473684,0.04668204113841057,-0.0018211869487712584,-0.0014348369557434237,0.0,0.0,-0.000704410034997216,0.0,0.0,0.0,0.0,-0.0011108347840503852,0.0,-0.00017589082006297385,0.0,-0.0012767254849651577,8.0,11852.png,0.0,1.0,1.0,19.0,0.47674418604651164,0.5232558139534884,1.0,R244-F0-gtfree-merge-targeted-candidates,0.0,val
1.0,0.4099897873920713,0.2578535559967301,1.0,1.0,0.8743722345649049,0.19478827361563517,26.0,26.0,0.0,0.7767863066410138,1.0,0.8570121504904114,24.0,7.0,0.8924501695948779,17815.0,180.0,175.0,0.5655555555555556,1.0285714285714285,1.0,0.00042069835927639884,23.0,10.0,6.0,873.0,2.0,0.27873563218390807,0.38333333333333336,0.0,1.0,2.23606797749979,1.494132964434424,0.05308760702610016,0.5508952140808105,0.06715696901082993,1.6666666666666667,0.019241923466324806,0.00235534882979771,0.001860555121839469,0.0,0.0,0.00018768781225197984,-0.0009989142236699333,0.0,0.0,0.0,0.0002962129661402413,0.0,0.00036054360559123477,0.0,0.0,8.0,11852.png,0.0,1.0,1.0,19.0,0.4375,0.5625,0.0,R244-F0-gtfree-merge-targeted-candidates,1.0,val
1.0,0.40811588819760425,0.25637286355947037,1.0,1.0,0.8742824607745223,0.19526601520086861,26.0,26.0,0.0,0.7766446113792017,1.0,0.8568396787354324,24.0,8.0,0.8924501695948779,17815.0,180.0,175.0,0.5655555555555556,1.0285714285714285,1.0,0.00021949479614420808,12.0,6.0,2.0,1111.0,3.0,0.4114814814814815,1.0,0.0,1.0,2.0,1.4511844635310913,0.055115845054388046,0.5049019455909729,0.06924612149596214,3.0,0.018121805042028427,0.0004814496353306441,0.0003798626845797348,0.0,0.0,9.791402186942744e-05,-0.0005211726384364845,0.0,0.0,0.0,0.00015451770432817202,0.0,0.00018807185061231468,0.0,0.0,8.0,11852.png,0.0,1.0,1.0,19.0,0.4375,0.5625,0.0,R244-F0-gtfree-merge-targeted-candidates,1.0,val
1.0,0.4080401076965927,0.2563130576777279,1.0,1.0,0.8742661402477155,0.1953528773072747,26.0,26.0,0.0,0.77661885415803,1.0,0.8568083276925047,24.0,9.0,0.8924501695948779,17815.0,180.0,175.0,0.5655555555555556,1.0285714285714285,1.0,0.0001829123301201734,10.0,5.0,2.0,929.0,3.0,0.35056603773584905,1.0,0.0,1.0,2.0,1.5,0.051887087523937225,0.4909803867340088,0.056993999704718586,2.5,0.018293196335434914,0.0004056691343191088,0.00032005680283725413,0.0,0.0,8.159349506264846e-05,-0.0004343105320303853,0.0,0.0,0.0,0.00012876048315646482,0.0,0.00015672080768458496,0.0,0.0,8.0,11852.png,0.0,1.0,1.0,19.0,0.4090909090909091,0.5909090909090909,0.0,R244-F0-gtfree-merge-targeted-candidates,1.0,val
1.0,0.4075776570553002,0.2559482155353394,1.0,1.0,0.8742987819106735,0.1957871878393051,26.0,26.0,0.0,0.7766703703089501,1.0,0.8568710320727446,24.0,10.0,0.8924501695948779,17815.0,180.0,175.0,0.5655555555555556,1.0285714285714285,1.0,0.00025607726216824274,14.0,5.0,6.0,1385.0,4.0,0.48392732354996504,0.4666666666666667,0.0,0.0,2.23606797749979,1.4377850146065685,0.04538430646061897,0.5759103894233704,0.05067593604326248,1.2,0.014511858113110065,-5.678150697341344e-05,-4.478533955121211e-05,0.0,0.0,0.00011423515802055917,0.0,0.0,0.0,0.0,0.00018027663407660377,0.0,0.0002194251879245046,0.0,0.0,8.0,11852.png,0.0,1.0,1.0,19.0,0.48333333333333334,0.5166666666666667,1.0,R244-F0-gtfree-merge-targeted-candidates,0.0,val
1.0,0.4126218097447796,0.25993919550982225,1.0,1.0,0.8746203093602505,0.1910097719869707,26.0,26.0,0.0,0.777177975251225,1.0,0.8582643945925125,24.0,1.0,0.8916117230077366,17815.0,180.0,175.0,0.5655555555555556,1.0285714285714285,1.0,0.0028168498838506703,154.0,56.0,9.0,1519.0,3.0,0.25624156545209176,0.3055555555555556,0.2857142857142857,0.7142857142857143,3.0,1.8224124917667486,0.0810568630695343,0.5229437947273254,0.11174971759319308,6.222222222222222,0.047631558030843735,0.004987371182505973,0.003946194634931621,0.0,0.0,0.00043576260759758956,-0.004777415852334405,0.0,0.0,0.0,0.0006878815763514678,0.0,0.0016127877076923536,0.0,-0.0008384465871412727,10.0,11852.png,0.0,1.0,1.0,19.0,0.47079037800687284,0.5292096219931272,1.0,R244-F0-gtfree-merge-targeted-candidates,0.0,val
1.0,0.40913733865725693,0.2571795470464628,1.0,1.0,0.8742528392109982,0.19374592833876222,26.0,26.0,0.0,0.7765978628791398,1.0,0.8573103271421768,24.0,2.0,0.8918785014672815,5358.0,94.0,84.0,0.6785714285714286,1.119047619047619,1.0,0.0014084249419253352,77.0,36.0,6.0,1221.0,3.0,0.2691798941798942,0.35648148148148145,0.38961038961038963,0.6103896103896104,2.23606797749979,1.5021509254771106,0.10377394407987595,0.5066462755203247,0.14096559286117555,6.0,0.04668402299284935,0.0015029000949833282,0.001186546171572156,0.0,0.0,6.829245834527597e-05,-0.0020412595005428746,0.0,0.0,0.0,0.00010776920426625036,0.0,0.000658720257356693,0.0,-0.0005716681275963476,10.0,11852.png,0.0,1.0,1.0,20.0,0.48936170212765956,0.5106382978723404,1.0,R244-F0-gtfree-merge-targeted-candidates,0.0,val
1.0,0.4096374355879486,0.25757487302235976,1.0,1.0,0.8743230625583567,0.1942671009771987,26.0,26.0,0.0,0.7767086927670869,1.0,0.8571637801618396,24.0,3.0,0.8921833911353328,5358.0,94.0,84.0,0.6785714285714286,1.119047619047619,1.0,0.0008962704175888497,49.0,24.0,3.0,1152.0,4.0,0.3137254901960784,0.6805555555555556,0.2857142857142857,0.7142857142857143,2.23606797749979,1.504383196777936,0.08970513939857483,0.456662654876709,0.12348791062831879,8.0,0.03422470763325691,0.0020029970256749685,0.0015818721474691322,0.0,0.0,0.0001385158057037872,-0.00152008686210639,0.0,0.0,0.0,0.00021859909221333407,0.0,0.0005121732770194676,0.0,-0.0002667784595450362,10.0,11852.png,0.0,1.0,1.0,20.0,0.4596774193548387,0.5403225806451613,1.0,R244-F0-gtfree-merge-targeted-candidates,0.0,val
1.0,0.4053125290238692,0.2541642399534071,1.0,1.0,0.8739671543409862,0.19526601520086861,26.0,26.0,0.0,0.776147123692022,1.0,0.8567610609749401,24.0,4.0,0.8918785014672815,2953.0,52.0,70.0,0.8112637362637363,1.3461538461538463,1.0,0.0007682317865047283,42.0,21.0,3.0,2490.0,4.0,0.7075873827791986,0.6666666666666666,0.7142857142857143,0.2857142857142857,2.0,1.4442108154641045,0.059153102338314056,0.32922500371932983,0.08032828271389007,7.0,0.020519468933343887,-0.0023219095384043875,-0.001828760921483541,0.0,0.0,-0.00021739241166673917,-0.0005211726384364845,0.0,0.0,0.0,-0.00034296998285154867,0.0,0.00010945409011997587,0.0,-0.0005716681275963476,10.0,11852.png,0.0,1.0,1.0,11.0,0.5,0.5,1.0,R244-F0-gtfree-merge-targeted-candidates,0.0,val
1.0,0.4077633839439105,0.25609471596873906,1.0,1.0,0.8741119689317488,0.19522258414766558,26.0,26.0,0.0,0.7763755762661272,1.0,0.8568108197141341,24.0,5.0,0.8921262243225733,2303.0,47.0,61.0,0.8032786885245902,1.297872340425532,1.0,0.0005487369903605202,30.0,15.0,4.0,2206.0,4.0,0.6733821733821734,0.5,0.5666666666666667,0.43333333333333335,2.0,1.4414213562373095,0.07276376336812973,0.3023529350757599,0.0869162067770958,3.75,0.025841718539595604,0.00012894538163688019,0.00010171509384843125,0.0,0.0,-7.257782090408504e-05,-0.0005646036916395203,0.0,0.0,0.0,-0.00011451740874635075,0.0,0.00015921282931397052,0.0,-0.00032394527230461545,10.0,11852.png,0.0,1.0,1.0,14.0,0.4891304347826087,0.5108695652173914,1.0,R244-F0-gtfree-merge-targeted-candidates,0.0,val
1.0,0.4095445893876793,0.25750145942790426,1.0,1.0,0.8743267336899194,0.1949185667752443,26.0,26.0,0.0,0.7767144871050667,1.0,0.8569598711778806,24.0,6.0,0.8924120583863714,2957.0,58.0,72.0,0.7080938697318008,1.2413793103448276,1.0,0.00040240712626438146,22.0,11.0,3.0,1866.0,4.0,0.6201395812562313,0.6666666666666666,0.09090909090909091,0.9090909090909091,2.0,1.4733733437442316,0.04441190883517265,0.27254900336265564,0.04873701520264149,3.6666666666666665,0.014708851464092731,0.0019101508254056876,0.0015084585530136252,0.0,0.0,0.00014218693726653076,-0.0008686210640607983,0.0,0.0,0.0,0.0002243934301932038,0.0,0.00030826429306052283,0.0,-3.8111208506497185e-05,10.0,11852.png,0.0,1.0,1.0,12.0,0.4583333333333333,0.5416666666666666,1.0,R244-F0-gtfree-merge-targeted-candidates,0.0,val
1.0,0.41056099484942693,0.2583055993460618,1.0,1.0,0.874421209858103,0.19452768729641695,26.0,26.0,0.0,0.7768636167601102,1.0,0.8571062552615204,24.0,8.0,0.8924501695948779,17815.0,180.0,175.0,0.5655555555555556,1.0285714285714285,1.0,0.0005304457573485029,29.0,13.0,7.0,879.0,2.0,0.26199701937406855,0.31868131868131866,0.0,1.0,3.0,1.6497850636762352,0.05248422548174858,0.5529411435127258,0.06646685451269149,1.8571428571428572,0.020128317177295685,0.0029265562871533257,0.0023125984711711567,0.0,0.0,0.00023666310545011893,-0.0012595005428881478,0.0,0.0,0.0,0.0003735230852366378,0.0,0.000454648376700284,0.0,0.0,10.0,11852.png,0.0,1.0,1.0,19.0,0.4166666666666667,0.5833333333333334,0.0,R244-F0-gtfree-merge-targeted-candidates,1.0,val
1.0,0.40811588819760425,0.25637286355947037,1.0,1.0,0.8742987819106735,0.19517915309446254,26.0,26.0,0.0,0.7766703703089501,1.0,0.8568710320727446,24.0,10.0,0.8924501695948779,17815.0,180.0,175.0,0.5655555555555556,1.0285714285714285,1.0,0.00025607726216824274,14.0,7.0,2.0,992.0,3.0,0.36072727272727273,1.0,0.0,1.0,2.0,1.4581581115980782,0.04869591444730759,0.4907562732696533,0.05645408071577549,3.5,0.01675998605787754,0.0004814496353306441,0.0003798626845797348,0.0,0.0,0.00011423515802055917,-0.000608034744842556,0.0,0.0,0.0,0.00018027663407660377,0.0,0.0002194251879245046,0.0,0.0,10.0,11852.png,0.0,1.0,1.0,19.0,0.46153846153846156,0.5384615384615384,0.0,R244-F0-gtfree-merge-targeted-candidates,1.0,val
1.0,0.4075208913649025,0.25590344586321495,1.0,1.0,0.8744048841507813,0.19539630836047775,26.0,26.0,0.0,0.7768378450106157,1.0,0.8570748847082936,24.0,11.0,0.8924501695948779,17815.0,180.0,175.0,0.5655555555555556,1.0285714285714285,1.0,0.0004938632913244682,27.0,7.0,12.0,1644.0,4.0,0.49818181818181817,0.32142857142857145,0.0,0.3333333333333333,2.23606797749979,1.4756950683929932,0.04813050478696823,0.571968138217926,0.06258658096194268,1.7142857142857142,0.018291428685188293,-0.00011354719737111107,-8.955501167567936e-05,0.0,0.0,0.000220337398128434,-0.0003908794788273495,0.0,0.0,0.0,0.00034775133574216355,0.0,0.0004232778234735113,0.0,0.0,10.0,11852.png,0.0,1.0,1.0,19.0,0.4673913043478261,0.532608695652174,1.0,R244-F0-gtfree-merge-targeted-candidates,0.0,val
1.0,0.4067592033796017,0.2553030303030303,1.0,1.0,0.8740164095096749,0.1957871878393051,26.0,26.0,0.0,0.7762248196965928,1.0,0.8566096423017108,24.0,12.0,0.8921452799268265,2957.0,58.0,72.0,0.7080938697318008,1.2413793103448276,1.0,0.00029265972819227744,16.0,3.0,8.0,1875.0,4.0,0.6565126050420168,0.6666666666666666,1.0,0.0,2.0,1.4633883476483185,0.07453252375125885,0.3338235318660736,0.09188473224639893,2.6666666666666665,0.03429621085524559,-0.0008752351826719074,-0.0006899705718603211,0.0,0.0,-0.00016813724297803923,0.0,0.0,0.0,0.0,-0.000265273978280689,0.0,-4.1964583109344034e-05,0.0,-0.00030488966805142237,10.0,11852.png,0.0,1.0,1.0,12.0,0.45,0.55,1.0,R244-F0-gtfree-merge-targeted-candidates,0.0,val
1.0,0.40801558586139713,0.2562937062937063,1.0,1.0,0.874192584848598,0.1953528773072747,26.0,26.0,0.0,0.776502777547467,1.0,0.8567899879240312,24.0,13.0,0.8923167803651054,17815.0,180.0,175.0,0.5655555555555556,1.0285714285714285,1.0,0.00031095096120429476,17.0,3.0,7.0,1532.0,3.0,0.5461675579322638,0.8095238095238095,0.4117647058823529,0.5882352941176471,3.0,2.235294117647059,0.05784020572900772,0.6410611271858215,0.07836365848779678,2.3333333333333335,0.038166292011737823,0.00038114729912352985,0.00030070541881566104,0.0,0.0,8.03809594507321e-06,-0.0004343105320303853,0.0,0.0,0.0,1.268387259345527e-05,0.0,0.00013838103921104405,0.0,-0.0001333892297724626,10.0,11852.png,0.0,1.0,1.0,19.0,0.30357142857142855,0.6964285714285714,1.0,R244-F0-gtfree-merge-targeted-candidates,0.0,val
1.0,0.40754156218073745,0.25591974804619155,1.0,1.0,0.874157597028021,0.19548317046688382,26.0,26.0,0.0,0.7764475691450554,1.0,0.8567403395784543,24.0,15.0,0.8922977247608521,2663.0,62.0,59.0,0.7279934390377255,1.0508474576271187,1.0,0.0002743684951802601,15.0,6.0,7.0,854.0,4.0,0.28754208754208754,0.35714285714285715,0.5333333333333333,0.4666666666666667,2.0,1.3218951416497462,0.07543937116861343,0.5312418937683105,0.0952967882156372,1.1666666666666667,0.0261647030711174,-9.287638153615552e-05,-7.325282869907745e-05,0.0,0.0,-2.6949724631908367e-05,-0.000304017372421278,0.0,0.0,0.0,-4.252452981812205e-05,0.0,8.87326936341859e-05,0.0,-0.0001524448340257667,10.0,11852.png,0.0,1.0,1.0,23.0,0.47058823529411764,0.5294117647058824,1.0,R244-F0-gtfree-merge-targeted-candidates,0.0,val
1.0,0.4079491108325208,0.25624125058329444,1.0,1.0,0.8742124863497635,0.19552660152008686,26.0,26.0,0.0,0.7765341822945165,1.0,0.8567403911237949,24.0,16.0,0.8924120583863714,2957.0,58.0,72.0,0.7080938697318008,1.2413793103448276,1.0,0.00014632986409613872,8.0,2.0,4.0,1716.0,4.0,0.66,1.0,0.25,0.75,2.0,1.426776695296637,0.06619948148727417,0.32107844948768616,0.07630393877625466,2.0,0.02712959423661232,0.0003146722702471738,0.0002482497084038138,0.0,0.0,2.7939597110560044e-05,-0.00026058631921824227,0.0,0.0,0.0,4.408861964300126e-05,0.0,8.87842389747373e-05,0.0,-3.8111208506497185e-05,10.0,11852.png,0.0,1.0,1.0,12.0,0.4,0.6,1.0,R244-F0-gtfree-merge-targeted-candidates,0.0,val
1.0,0.40728015600334294,0.2557136194029851,1.0,1.0,0.8741191513986243,0.19574375678610206,26.0,26.0,0.0,0.7763869085121199,1.0,0.856648921574008,24.0,18.0,0.8923167803651054,5358.0,94.0,84.0,0.6785714285714286,1.119047619047619,1.0,0.00014632986409613872,8.0,4.0,2.0,910.0,3.0,0.35,1.0,0.875,0.125,2.0,1.426776695296637,0.06421074271202087,0.5323529243469238,0.07340480163693427,2.0,0.0223348718136549,-0.00035428255893066307,-0.00027938147190553764,0.0,0.0,-6.539535402860785e-05,-4.343105320303575e-05,0.0,0.0,0.0,-0.00010318516275364953,0.0,-2.685310812156061e-06,0.0,-0.0001333892297724626,10.0,11852.png,0.0,1.0,1.0,20.0,0.425,0.575,1.0,R244-F0-gtfree-merge-targeted-candidates,0.0,val
1.0,0.40887774527557225,0.2569744367923427,1.0,1.0,0.8742906212664278,0.19522258414766558,26.0,26.0,0.0,0.7766574906304932,1.0,0.8568553551172747,24.0,19.0,0.8924501695948779,5358.0,94.0,84.0,0.6785714285714286,1.119047619047619,1.0,0.00023778602915622542,13.0,5.0,5.0,747.0,2.0,0.2659309362762549,0.52,0.0,1.0,2.23606797749979,1.4896198601532118,0.08771148324012756,0.49984925985336304,0.10530927628278733,1.0,0.031881824135780334,0.001243306713298642,0.0009814359174520892,0.0,0.0,0.00010607451377486754,-0.0005646036916395203,0.0,0.0,0.0,0.0001673969556196253,0.0,0.0002037482324546147,0.0,0.0,10.0,11852.png,0.0,1.0,1.0,20.0,0.42857142857142855,0.5714285714285714,0.0,R244-F0-gtfree-merge-targeted-candidates,1.0,val
1.0,0.41208128421638673,0.25951031379652895,1.0,1.0,0.8745314676163503,0.1909229098805646,26.0,26.0,0.0,0.7770376891517035,1.0,0.8582698834969269,24.0,1.0,0.8914211669652045,17815.0,180.0,175.0,0.5655555555555556,1.0285714285714285,1.0,0.0030363446799948784,166.0,56.0,9.0,1531.0,3.0,0.2582658569500675,0.32936507936507936,0.3253012048192771,0.6746987951807228,3.605551275463989,1.9289739304524935,0.08062692731618881,0.5271202921867371,0.11144882440567017,6.222222222222222,0.04868282750248909,0.00444684565411313,0.003517312921638316,0.0,0.0,0.0003469208636973642,-0.004864277958740504,0.0,0.0,0.0,0.0005475954768299207,0.0,0.0016182766121067838,0.0,-0.0010290026296734256,12.0,11852.png,0.0,1.0,1.0,19.0,0.46757679180887374,0.5324232081911263,1.0,R244-F0-gtfree-merge-targeted-candidates,0.0,val
1.0,0.4109728926847382,0.2586317695857919,2.0,2.0,0.8743552366001346,0.19213897937024974,26.0,26.0,0.0,0.7767594760173333,1.0,0.8578422384392533,25.0,2.0,0.8915164449864705,5358.0,94.0,84.0,0.6785714285714286,1.119047619047619,1.0,0.0024327339905983064,133.0,62.0,8.0,1986.0,4.0,0.3224025974025974,0.26814516129032256,0.3684210526315789,0.631578947368421,2.8284271247461903,1.5465722285927908,0.09765877574682236,0.48819106817245483,0.1345031201839447,7.75,0.04973383992910385,0.0033384541224645847,0.002638768710901296,1.0,1.0,0.00017068984748169758,-0.003648208469055364,0.0,0.0,0.0,0.00026938234245976744,0.0,0.001190631554433219,1.0,-0.0009337246084073492,12.0,11852.png,0.0,1.0,1.0,20.0,0.49333333333333335,0.5066666666666667,1.0,R244-F0-gtfree-merge-targeted-candidates,0.0,val
1.0,0.40562752472489205,0.25441202166695787,1.0,1.0,0.8733854473116472,0.1957871878393051,26.0,26.0,0.0,0.7752300422780403,1.0,0.8564520560490887,24.0,6.0,0.8910019436716339,17815.0,180.0,175.0,0.5655555555555556,1.0285714285714285,1.0,0.0013901337089133178,76.0,20.0,21.0,2386.0,4.0,0.5085251491901108,0.18095238095238095,1.0,0.0,3.605551275463989,1.8767002543102278,0.09074875712394714,0.5070691108703613,0.1315455511212349,1.05,0.049350883811712265,-0.002006913837381552,-0.0015809792079327645,0.0,0.0,-0.0007990994410056462,0.0,0.0,0.0,0.0,-0.0012600513968332727,0.0,-0.0001995508357314213,0.0,-0.0014482259232440065,12.0,11852.png,0.0,1.0,1.0,19.0,0.4777777777777778,0.5222222222222223,1.0,R244-F0-gtfree-merge-targeted-candidates,0.0,val
1.0,0.4079020589872009,0.2562041244320168,2.0,2.0,0.8742415473367809,0.19509229098805647,26.0,26.0,0.0,0.7765800427867792,1.0,0.8568840579710145,25.0,7.0,0.8923167803651054,17815.0,180.0,175.0,0.5655555555555556,1.0285714285714285,1.0,0.00042069835927639884,23.0,3.0,10.0,1644.0,4.0,0.5557809330628803,0.7666666666666667,0.30434782608695654,0.6956521739130435,3.0,2.1615120279182114,0.05413534864783287,0.6187554001808167,0.07563991248607636,3.3333333333333335,0.050445832312107086,0.000267620424927284,0.00021112355712615827,1.0,1.0,5.700058412805298e-05,-0.0006948968512486275,0.0,0.0,0.0,8.994911190562949e-05,0.0,0.00023245108619440735,1.0,-0.0001333892297724626,12.0,11852.png,0.0,1.0,1.0,19.0,0.3382352941176471,0.6617647058823529,1.0,R244-F0-gtfree-merge-targeted-candidates,0.0,val
1.0,0.4057944098802117,0.2545433364398882,1.0,1.0,0.8739439315154174,0.19561346362649296,26.0,26.0,0.0,0.7761104939397456,1.0,0.8566461082337439,24.0,8.0,0.8919547238842944,1732.0,42.0,53.0,0.7780772686433064,1.2619047619047619,1.0,0.0005487369903605202,30.0,7.0,15.0,2096.0,4.0,0.604906204906205,0.2857142857142857,0.8666666666666667,0.13333333333333333,2.0,1.382842712474619,0.048060379922389984,0.31986933946609497,0.06391329690814018,2.142857142857143,0.017233597114682198,-0.0018400286820619005,-0.0014496644350024401,0.0,0.0,-0.0002406152372355086,-0.000173724212812143,0.0,0.0,0.0,-0.00037959973512791123,0.0,-5.4986510762411456e-06,0.0,-0.0004954457105834642,12.0,11852.png,0.0,1.0,1.0,17.0,0.47115384615384615,0.5288461538461539,1.0,R244-F0-gtfree-merge-targeted-candidates,0.0,val
1.0,0.40820874733029994,0.2564461556411154,1.0,1.0,0.874315103656203,0.19509229098805647,26.0,26.0,0.0,0.7766961309474453,1.0,0.8569023877046931,24.0,9.0,0.8924501695948779,17815.0,180.0,175.0,0.5655555555555556,1.0285714285714285,1.0,0.00029265972819227744,16.0,8.0,2.0,999.0,3.0,0.35678571428571426,1.0,0.0,1.0,2.0,1.4633883476483185,0.04849151521921158,0.49215686321258545,0.05841919779777527,4.0,0.017037412151694298,0.0005743087680263326,0.0004531547662247615,0.0,0.0,0.0001305569035501275,-0.0006948968512486275,0.0,0.0,0.0,0.0002060372725717352,0.0,0.0002507808198729533,0.0,0.0,12.0,11852.png,0.0,1.0,1.0,19.0,0.4642857142857143,0.5357142857142857,0.0,R244-F0-gtfree-merge-targeted-candidates,1.0,val
1.0,0.41085594989561586,0.2585391487125591,1.0,1.0,0.8744351917547332,0.19439739413680782,26.0,26.0,0.0,0.7768856891660999,1.0,0.8571507009773418,24.0,10.0,0.8924311139906247,17815.0,180.0,175.0,0.5655555555555556,1.0285714285714285,1.0,0.0006036106893965722,33.0,14.0,8.0,883.0,2.0,0.25432027649769584,0.29464285714285715,0.030303030303030304,0.9696969696969697,3.1622776601683795,1.7274558941448244,0.05189942568540573,0.5540106892585754,0.06578616052865982,1.75,0.020779551938176155,0.003221511333342253,0.0025461478376684887,0.0,0.0,0.0002506450020802742,-0.0013897937024972828,0.0,0.0,0.0,0.0003955954912263637,0.0,0.0004990940925216902,0.0,-1.905560425319308e-05,12.0,11852.png,0.0,1.0,1.0,19.0,0.3942307692307692,0.6057692307692307,1.0,R244-F0-gtfree-merge-targeted-candidates,0.0,val
1.0,0.404977480614756,0.2539007918025151,1.0,1.0,0.873743079350556,0.1957871878393051,26.0,26.0,0.0,0.7757937494818867,1.0,0.8565413974262754,24.0,11.0,0.891649834216243,4188.0,78.0,95.0,0.5651821862348179,1.2179487179487178,1.0,0.0007682317865047283,42.0,17.0,13.0,1560.0,3.0,0.39344262295081966,0.19004524886877827,1.0,0.0,2.23606797749979,1.472835870677987,0.06887279450893402,0.5145658850669861,0.08673944100737571,1.3076923076923077,0.02542239800095558,-0.0026569579475175797,-0.002092209072375506,0.0,0.0,-0.00044146740209694,0.0,0.0,0.0,0.0,-0.0006963441929868086,0.0,-0.00011020945854467445,0.0,-0.0008003353786348866,12.0,11852.png,0.0,2.0,2.0,21.0,0.47058823529411764,0.5294117647058824,1.0,R244-F0-gtfree-merge-targeted-candidates,0.0,val
1.0,0.4075776570553002,0.2559482155353394,1.0,1.0,0.8742987819106735,0.1957871878393051,26.0,26.0,0.0,0.7766703703089501,1.0,0.8568710320727446,24.0,16.0,0.8924501695948779,2105.0,43.0,75.0,0.6527131782945736,1.744186046511628,1.0,0.00025607726216824274,14.0,4.0,7.0,1295.0,4.0,0.4527972027972028,0.5,0.0,0.0,2.0,1.3744743347942348,0.038171324878931046,0.5901960730552673,0.049854528903961186,1.75,0.013725489377975464,-5.678150697341344e-05,-4.478533955121211e-05,0.0,0.0,0.00011423515802055917,0.0,0.0,0.0,0.0,0.00018027663407660377,0.0,0.0002194251879245046,0.0,0.0,12.0,11852.png,0.0,2.0,2.0,24.0,0.43333333333333335,0.5666666666666667,1.0,R244-F0-gtfree-merge-targeted-candidates,0.0,val
1.0,0.40731288571296,0.255739424309521,2.0,2.0,0.8740479390681004,0.1957871878393051,26.0,26.0,0.0,0.7762745585675205,1.0,0.8566175125324746,25.0,17.0,0.8922024467395862,17815.0,180.0,175.0,0.5655555555555556,1.0285714285714285,1.0,0.00023778602915622542,13.0,4.0,6.0,1419.0,3.0,0.5053418803418803,0.5416666666666666,1.0,0.0,2.23606797749979,1.6066422705671288,0.04326143115758896,0.6814480423927307,0.055037332326173784,1.5,0.017069747671484947,-0.00032155284931362216,-0.0002535765653696176,1.0,1.0,-0.00013660768455248107,0.0,0.0,0.0,0.0,-0.0002155351073530598,0.0,-3.4094352345470647e-05,1.0,-0.0002477228552917321,12.0,11852.png,0.0,1.0,1.0,19.0,0.375,0.625,1.0,R244-F0-gtfree-merge-targeted-candidates,0.0,val
1.0,0.4079491108325208,0.25624125058329444,1.0,1.0,0.8741891223386878,0.19548317046688382,26.0,26.0,0.0,0.7764973137892154,1.0,0.8567482024918128,24.0,18.0,0.8923548915736118,1599.0,47.0,49.0,0.6943117672600956,1.0425531914893618,1.0,0.00021949479614420808,12.0,6.0,4.0,1588.0,4.0,0.5655270655270656,0.5,0.4166666666666667,0.5833333333333334,2.0,1.3535533905932737,0.10591906309127808,0.4297385513782501,0.13037919551134108,1.5,0.03827158361673355,0.0003146722702471738,0.0002482497084038138,0.0,0.0,4.575586034949453e-06,-0.000304017372421278,0.0,0.0,0.0,7.220114341843775e-06,0.0,9.659560699271097e-05,0.0,-9.527802126607643e-05,12.0,11852.png,0.0,1.0,1.0,22.0,0.48214285714285715,0.5178571428571429,1.0,R244-F0-gtfree-merge-targeted-candidates,0.0,val
1.0,0.4076344385622736,0.25599300087489063,1.0,1.0,0.874249820330219,0.19543973941368079,26.0,26.0,0.0,0.776593098645265,1.0,0.8567769789437096,24.0,22.0,0.8924501695948779,17815.0,180.0,175.0,0.5655555555555556,1.0285714285714285,1.0,0.00014632986409613872,8.0,4.0,2.0,1163.0,3.0,0.4473076923076923,1.0,0.0,1.0,2.0,1.3535533905932737,0.05250432714819908,0.6039215922355652,0.06292530745267869,2.0,0.0156862735748291,0.0,0.0,0.0,0.0,6.527357756613839e-05,-0.00034744842562431377,0.0,0.0,0.0,0.00010300497039150702,0.0,0.00012537205888951686,0.0,0.0,12.0,11852.png,0.0,2.0,2.0,19.0,0.5,0.5,0.0,R244-F0-gtfree-merge-targeted-candidates,1.0,val
1.0,0.40724233983286906,0.25568380552640785,1.0,1.0,0.8741004844083964,0.1957871878393051,26.0,26.0,0.0,0.7763574566857332,1.0,0.8566306276640506,24.0,24.0,0.8922977247608521,4188.0,78.0,95.0,0.5651821862348179,1.2179487179487178,1.0,0.00014632986409613872,8.0,2.0,4.0,1427.0,4.0,0.5488461538461539,1.0,1.0,0.0,2.23606797749979,1.5080618877807475,0.05894527584314346,0.522549033164978,0.06973841935396194,2.0,0.020447706803679466,-0.00039209872940454416,-0.0003091953484827825,0.0,0.0,-8.406234425650805e-05,0.0,0.0,0.0,0.0,-0.0001326369891403445,0.0,-2.0979220769490325e-05,0.0,-0.0001524448340257667,12.0,11852.png,0.0,1.0,1.0,21.0,0.375,0.625,1.0,R244-F0-gtfree-merge-targeted-candidates,0.0,val
1.0,0.40705663881151344,0.25553742131032875,1.0,1.0,0.8740479390681004,0.1957871878393051,26.0,26.0,0.0,0.7762745585675205,1.0,0.8566175125324746,24.0,26.0,0.8922024467395862,4188.0,78.0,95.0,0.5651821862348179,1.2179487179487178,1.0,0.00023778602915622542,13.0,5.0,5.0,1488.0,4.0,0.5297258810964756,0.52,1.0,0.0,2.23606797749979,1.5396415170665103,0.07016795128583908,0.4651584029197693,0.09110143333673477,1.0,0.023151233792304993,-0.0005777997507601662,-0.000455579564561881,0.0,0.0,-0.00013660768455248107,0.0,0.0,0.0,0.0,-0.0002155351073530598,0.0,-3.4094352345470647e-05,0.0,-0.0002477228552917321,12.0,11852.png,0.0,1.0,1.0,21.0,0.39285714285714285,0.6071428571428571,1.0,R244-F0-gtfree-merge-targeted-candidates,0.0,val
1.0,0.4757942857142857,0.3121588387019375,1.0,-1.0,0.9387955708462228,0.1471175495985386,26.0,26.0,0.0,0.8846510107339399,1.0,0.9334968760780405,25.0,1.0,0.9441547616740003,13046.0,126.0,154.0,0.6723356009070295,1.2222222222222223,1.0,0.0003831564427755853,20.0,10.0,4.0,773.0,2.0,0.2562997347480106,0.5,0.05,0.95,2.0,1.4414213562373095,0.08754078298807144,0.7382352948188782,0.12058800533413888,2.5,0.03261922299861908,0.0017683116883117078,0.0015205408295970724,0.0,0.0,0.00016163788737433293,-0.000807171077785801,0.0,0.0,0.0,0.00028701785111917566,0.0,0.00033851752024138815,0.0,-1.938397720446794e-05,6.0,11945.png,0.0,1.0,1.0,19.0,0.4305555555555556,0.5694444444444444,1.0,R244-F0-gtfree-merge-targeted-candidates,0.0,val
1.0,0.47371308402669837,0.3103696160067094,1.0,-1.0,0.9385521155532429,0.1479247206763244,26.0,26.0,0.0,0.8842187443262283,1.0,0.9331481126652615,25.0,2.0,0.9440190738335692,13046.0,126.0,154.0,0.6723356009070295,1.2222222222222223,1.0,0.0001532625771102341,8.0,4.0,4.0,774.0,3.0,0.28624260355029585,0.5,1.0,0.0,2.0,1.3535533905932737,0.07779797911643982,0.7098039388656616,0.09064517095685005,1.0,0.026160122826695442,-0.0003128899992756451,-0.00026868186563100416,0.0,0.0,-8.181740560553319e-05,0.0,0.0,0.0,0.0,-0.00014524855659248104,0.0,-1.0245892537619206e-05,0.0,-0.00015507181763552147,6.0,11945.png,0.0,1.0,1.0,19.0,0.375,0.625,1.0,R244-F0-gtfree-merge-targeted-candidates,0.0,val
1.0,0.47695610469099714,0.3131597888675624,1.0,1.0,0.9389222480313822,0.14652279196227538,26.0,26.0,0.0,0.8848760105368335,1.0,0.9337474120082816,27.0,1.0,0.9441547616740003,13046.0,126.0,154.0,0.6723356009070295,1.2222222222222223,1.0,0.0006513659527184949,34.0,17.0,6.0,930.0,2.0,0.26495726495726496,0.3333333333333333,0.029411764705882353,0.9705882352941176,2.23606797749979,1.5229197571872015,0.08385549485683441,0.7394464015960693,0.11906904578208924,2.8333333333333335,0.03187587857246399,0.002930130665023123,0.0025214909952219755,0.0,2.0,0.00028831507253379574,-0.001401928714049011,0.0,0.0,0.0,0.0005120176540127641,0.0,0.0005890534504824352,2.0,-1.938397720446794e-05,8.0,11945.png,0.0,1.0,1.0,19.0,0.4166666666666667,0.5833333333333334,1.0,R244-F0-gtfree-merge-targeted-candidates,0.0,val
1.0,0.47616,0.3124737505249895,1.0,-1.0,0.9389053268695124,0.14665024002718893,26.0,26.0,0.0,0.8848459526231652,1.0,0.9336949854316823,25.0,2.0,0.9441741456512047,6307.0,63.0,151.0,0.6629874908020603,2.3968253968253967,1.0,0.0005747346641633779,30.0,7.0,15.0,1661.0,3.0,0.4793650793650794,0.2857142857142857,0.0,1.0,2.0,1.4023689270621824,0.09556134790182114,0.7615686058998108,0.13468420356512073,2.142857142857143,0.03818783536553383,0.0021340259740260104,0.001835452652649061,0.0,0.0,0.0002713939106639973,-0.001274480649135462,0.0,0.0,0.0,0.0004819597403444842,0.0,0.000536626873883117,0.0,0.0,8.0,11945.png,0.0,1.0,1.0,25.0,0.4519230769230769,0.5480769230769231,0.0,R244-F0-gtfree-merge-targeted-candidates,1.0,val
1.0,0.4717446964155084,0.30868186441692097,1.0,-1.0,0.9383270526325934,0.1479247206763244,26.0,26.0,0.0,0.883819310795599,1.0,0.9331199202576292,25.0,3.0,0.9435926263350715,13046.0,126.0,154.0,0.6723356009070295,1.2222222222222223,1.0,0.0005747346641633779,30.0,12.0,9.0,1907.0,4.0,0.5576023391812865,0.2777777777777778,1.0,0.0,2.23606797749979,1.49100387879945,0.09143621474504471,0.7639214992523193,0.11958355382084847,1.3333333333333333,0.03345077112317085,-0.002281277610465593,-0.0019564334554194596,0.0,0.0,-0.00030688032625503237,0.0,0.0,0.0,0.0,-0.0005446820872218039,0.0,-3.843830016991845e-05,0.0,-0.000581519316133261,8.0,11945.png,0.0,1.0,1.0,19.0,0.45,0.55,1.0,R244-F0-gtfree-merge-targeted-candidates,0.0,val
1.0,0.47412216532553036,0.31072092047701805,1.0,-1.0,0.9386280196960791,0.14771230723480183,26.0,26.0,0.0,0.8843534944528172,1.0,0.9332413581666283,25.0,4.0,0.9440772257651825,6307.0,63.0,151.0,0.6629874908020603,2.3968253968253967,1.0,0.00019157822138779265,10.0,2.0,5.0,1387.0,3.0,0.5233962264150943,1.0,0.5,0.5,2.0,1.4414213562373095,0.07662563025951385,0.7400000095367432,0.0931443989276886,2.5,0.02461858093738556,9.619129955634742e-05,8.262260467761795e-05,0.0,0.0,-5.913262769330352e-06,-0.00021241344152256314,0.0,0.0,0.0,-1.0498430003558212e-05,0.0,8.299960882918178e-05,0.0,-9.691988602222867e-05,8.0,11945.png,0.0,1.0,1.0,25.0,0.45454545454545453,0.5454545454545454,1.0,R244-F0-gtfree-merge-targeted-candidates,0.0,val
1.0,0.4742136064374543,0.3107994726117703,1.0,-1.0,0.9386472917891248,0.1476698245464973,26.0,26.0,0.0,0.8843877106333528,1.0,0.9332605196596919,25.0,5.0,0.944096609742387,6307.0,63.0,151.0,0.6629874908020603,2.3968253968253967,1.0,0.00019157822138779265,10.0,5.0,2.0,1984.0,4.0,0.7486792452830189,1.0,0.4,0.6,2.0,1.4414213562373095,0.08144238591194153,0.7576470971107483,0.10773040652275084,2.5,0.027994615957140923,0.00018763241148028742,0.00016117473942989236,0.0,0.0,1.3358830276311018e-05,-0.00025489612982709797,0.0,0.0,0.0,2.371775053200409e-05,0.0,0.00010216110189276151,0.0,-7.753590881776073e-05,8.0,11945.png,0.0,1.0,1.0,25.0,0.45454545454545453,0.5454545454545454,1.0,R244-F0-gtfree-merge-targeted-candidates,0.0,val
1.0,0.47311631309436725,0.3098574679602348,1.0,-1.0,0.9384907442205583,0.1479247206763244,26.0,26.0,0.0,0.8841098079087839,1.0,0.9331404261842711,25.0,6.0,0.9439027699703425,4174.0,75.0,87.0,0.6396934865900383,1.16,1.0,0.00026820950994290967,14.0,4.0,7.0,1660.0,4.0,0.5804195804195804,0.5,1.0,0.0,2.0,1.3744743347942345,0.07237716764211655,0.7341736555099487,0.08720918968319893,1.75,0.02339731901884079,-0.0009096609316067705,-0.0007808299121056517,0.0,0.0,-0.00014318873829011203,0.0,0.0,0.0,0.0,-0.0002541849740368418,0.0,-1.7932373528095624e-05,0.0,-0.0002713756808622181,8.0,11945.png,0.0,1.0,1.0,20.0,0.43333333333333335,0.5666666666666667,1.0,R244-F0-gtfree-merge-targeted-candidates,0.0,val
1.0,0.47325592027064095,0.3099772427835669,1.0,-1.0,0.9384293657906656,0.1479247206763244,26.0,26.0,0.0,0.8840008714913395,1.0,0.9331327379355284,25.0,7.0,0.9437864661071158,13046.0,126.0,154.0,0.6723356009070295,1.2222222222222223,1.0,0.0003831564427755853,20.0,8.0,8.0,847.0,3.0,0.2700892857142857,0.3125,1.0,0.0,2.23606797749979,1.4714776642118865,0.07788391411304474,0.7005882263183594,0.09380808621644975,1.0,0.028150059282779694,-0.0007700537553330666,-0.00066105508877351,0.0,0.0,-0.00020456716818284537,0.0,0.0,0.0,0.0,-0.0003631213914812026,0.0,-2.5620622270738913e-05,0.0,-0.0003876795440889147,8.0,11945.png,0.0,1.0,1.0,19.0,0.425,0.575,1.0,R244-F0-gtfree-merge-targeted-candidates,0.0,val
1.0,0.47457937088514995,0.3111137753266994,1.0,-1.0,0.9386846543001687,0.14754237648158375,26.0,26.0,0.0,0.8844540485572645,1.0,0.9333154485877438,25.0,8.0,0.9441159937195914,6307.0,63.0,151.0,0.6629874908020603,2.3968253968253967,1.0,0.00022989386566535117,12.0,6.0,4.0,1671.0,4.0,0.5950854700854701,0.5,0.25,0.75,2.0,1.3535533905932737,0.061331186443567276,0.6264706254005432,0.07198794111609459,1.5,0.018541250377893448,0.0005533968591759364,0.0004754774543589968,0.0,0.0,5.0721341320225655e-05,-0.00038234419474064696,0.0,0.0,0.0,9.00556744437564e-05,0.0,0.00015709002994468424,0.0,-5.8151931613292795e-05,8.0,11945.png,0.0,1.0,1.0,25.0,0.42857142857142855,0.5714285714285714,1.0,R244-F0-gtfree-merge-targeted-candidates,0.0,val
1.0,0.47457937088514995,0.3111137753266994,1.0,-1.0,0.938706289326357,0.14758485916988828,26.0,26.0,0.0,0.8844924641365535,1.0,0.93330139873539,25.0,9.0,0.9441741456512047,13046.0,126.0,154.0,0.6723356009070295,1.2222222222222223,1.0,0.0001532625771102341,8.0,4.0,2.0,1390.0,4.0,0.5346153846153846,1.0,0.0,1.0,2.0,1.426776695296637,0.05945556238293648,0.7299019694328308,0.06668438985943795,2.0,0.019748270511627197,0.0005533968591759364,0.0004754774543589968,0.0,0.0,7.235636750857477e-05,-0.0003398615064361121,0.0,0.0,0.0,0.0001284712537327204,0.0,0.0001430401775908141,0.0,0.0,8.0,11945.png,0.0,1.0,1.0,19.0,0.4,0.6,0.0,R244-F0-gtfree-merge-targeted-candidates,1.0,val
1.0,0.47385262388005117,0.3104894267058048,1.0,-1.0,0.9385521155532429,0.1479247206763244,26.0,26.0,0.0,0.8842187443262283,1.0,0.9331481126652615,25.0,10.0,0.9440190738335692,4174.0,75.0,87.0,0.6396934865900383,1.16,1.0,0.0001532625771102341,8.0,4.0,2.0,1123.0,3.0,0.4319230769230769,1.0,1.0,0.0,2.0,1.5,0.08228213340044022,0.823039174079895,0.11219230368733406,2.0,0.01885184645652771,-0.00017335014592284592,-0.0001488711665356135,0.0,0.0,-8.181740560553319e-05,0.0,0.0,0.0,0.0,-0.00014524855659248104,0.0,-1.0245892537619206e-05,0.0,-0.00015507181763552147,8.0,11945.png,0.0,1.0,1.0,20.0,0.35,0.65,1.0,R244-F0-gtfree-merge-targeted-candidates,0.0,val
1.0,0.4731477672654143,0.3098844518948692,1.0,-1.0,0.9384805149751378,0.1479247206763244,26.0,26.0,0.0,0.8840916518392099,1.0,0.9331391449322576,25.0,11.0,0.943883385993138,13046.0,126.0,154.0,0.6723356009070295,1.2222222222222223,1.0,0.00028736733208168893,15.0,7.0,7.0,1019.0,4.0,0.3368595041322314,0.30612244897959184,1.0,0.0,2.23606797749979,1.4795656871158627,0.08907478302717209,0.7320261597633362,0.11583309471607209,1.0,0.028662942349910736,-0.0008782067605597188,-0.0007538459774712458,0.0,0.0,-0.000153417983710602,0.0,0.0,0.0,0.0,-0.00027234104361084643,0.0,-1.9213625541580903e-05,0.0,-0.000290759658066686,8.0,11945.png,0.0,1.0,1.0,19.0,0.4166666666666667,0.5833333333333334,1.0,R244-F0-gtfree-merge-targeted-candidates,0.0,val
1.0,0.4782310749691626,0.3142599819873912,1.0,1.0,0.9390828199863107,0.14567313819618505,26.0,26.0,0.0,0.8851612903225806,1.0,0.9341030263511181,27.0,1.0,0.9441159937195914,13046.0,126.0,154.0,0.6723356009070295,1.2222222222222223,1.0,0.0010728380397716387,56.0,26.0,9.0,1416.0,3.0,0.3357041251778094,0.23931623931623933,0.05357142857142857,0.9464285714285714,2.8284271247461903,1.5562661184995734,0.07564502209424973,0.7359244227409363,0.10992346704006195,2.888888888888889,0.029189417138695717,0.0042051009431886,0.0036216841150507606,0.0,2.0,0.0004488870274622636,-0.002251582480139347,0.0,0.0,0.0,0.0007972974397598698,0.0,0.0009446677933189207,2.0,-5.8151931613292795e-05,10.0,11945.png,0.0,1.0,1.0,19.0,0.47435897435897434,0.5256410256410257,1.0,R244-F0-gtfree-merge-targeted-candidates,0.0,val
1.0,0.4728419897585955,0.3096221783126759,1.0,-1.0,0.9383679802623336,0.1479247206763244,26.0,26.0,0.0,0.8838919350738952,1.0,0.9331250479184237,25.0,2.0,0.9436701622438892,2373.0,51.0,57.0,0.8163054695562435,1.1176470588235294,1.0,0.0004981033756082608,26.0,13.0,4.0,1964.0,4.0,0.6191677175283733,0.5,1.0,0.0,2.0,1.4324092571968956,0.09548628330230713,0.5843137502670288,0.11228208988904953,3.25,0.031840402632951736,-0.001183984267378535,-0.001016119559664519,0.0,0.0,-0.00026595269651485953,0.0,0.0,0.0,0.0,-0.00047205780892556337,0.0,-3.33106393755056e-05,0.0,-0.0005039834073155003,10.0,11945.png,0.0,1.0,1.0,15.0,0.47619047619047616,0.5238095238095238,1.0,R244-F0-gtfree-merge-targeted-candidates,0.0,val
1.0,0.4726309056017545,0.3094411870288381,0.0,0.0,0.9382349539268227,0.1479247206763244,26.0,26.0,0.0,0.8836559061694325,1.0,0.9331083801453248,26.0,4.0,0.9434181705402315,13046.0,126.0,154.0,0.6723356009070295,1.2222222222222223,1.0,0.0007471550634123913,39.0,12.0,13.0,951.0,4.0,0.2598360655737705,0.25,1.0,0.0,2.8284271247461903,1.7648633158192972,0.07885290682315826,0.7182503938674927,0.10904319137334825,1.0833333333333333,0.03501411899924278,-0.0013950684242194922,-0.0011971108435023248,-1.0,1.0,-0.00039897903202579243,0.0,0.0,0.0,0.0,-0.0007080867133882895,0.0,-4.997841247433854e-05,1.0,-0.0007559751109732504,10.0,11945.png,0.0,1.0,1.0,19.0,0.43103448275862066,0.5689655172413793,1.0,R244-F0-gtfree-merge-targeted-candidates,0.0,val
1.0,0.4717446964155084,0.30868186441692097,1.0,-1.0,0.938316820232083,0.1479247206763244,26.0,26.0,0.0,0.8838011547260249,1.0,0.9331186382195641,25.0,5.0,0.943573242357867,13046.0,126.0,154.0,0.6723356009070295,1.2222222222222223,1.0,0.0005938924863021571,31.0,12.0,9.0,1908.0,4.0,0.5578947368421052,0.28703703703703703,1.0,0.0,2.8284271247461903,1.5341465641525704,0.09013907611370087,0.7653383612632751,0.1193314641714096,1.3333333333333333,0.03380947187542915,-0.002281277610465593,-0.0019564334554194596,0.0,0.0,-0.0003171127267654894,0.0,0.0,0.0,0.0,-0.0005628381567958085,0.0,-3.972033823507193e-05,0.0,-0.000600903293337729,10.0,11945.png,0.0,1.0,1.0,19.0,0.45,0.55,1.0,R244-F0-gtfree-merge-targeted-candidates,0.0,val
1.0,0.4750982363154528,0.3115598969257506,0.0,0.0,0.9386834725795727,0.14749989379327924,26.0,26.0,0.0,0.884451950315973,1.0,0.9333320558025449,26.0,6.0,0.944096609742387,13046.0,126.0,154.0,0.6723356009070295,1.2222222222222223,1.0,0.00026820950994290967,14.0,7.0,3.0,1088.0,3.0,0.3878787878787879,0.6666666666666666,0.2857142857142857,0.7142857142857143,2.8284271247461903,1.6770506189013628,0.08386169373989105,0.7277311086654663,0.11205750256776811,2.3333333333333335,0.0335947647690773,0.0010722622894787648,0.0009215990534101604,-1.0,1.0,4.953962072429263e-05,-0.00042482688304515404,0.0,0.0,0.0,8.795743315226368e-05,0.0,0.00017369724474569637,1.0,-7.753590881776073e-05,10.0,11945.png,0.0,1.0,1.0,19.0,0.375,0.625,1.0,R244-F0-gtfree-merge-targeted-candidates,0.0,val
1.0,0.47341714285714287,0.3101155896268791,1.0,-1.0,0.9385316592308508,0.1479247206763244,26.0,26.0,0.0,0.8841824321870801,1.0,0.9331455507013107,25.0,7.0,0.9439803058791603,13046.0,126.0,154.0,0.6723356009070295,1.2222222222222223,1.0,0.00019157822138779265,10.0,5.0,2.0,733.0,3.0,0.2766037735849057,1.0,1.0,0.0,2.23606797749979,1.506449510224598,0.057140052318573,0.7082353234291077,0.06938994377851486,2.5,0.01815817505121231,-0.0006088311688311476,-0.0005227082454613563,0.0,0.0,-0.00010227372799764822,0.0,0.0,0.0,0.0,-0.0001815606957406013,0.0,-1.2807856488494807e-05,0.0,-0.00019383977204445735,10.0,11945.png,0.0,1.0,1.0,19.0,0.38636363636363635,0.6136363636363636,1.0,R244-F0-gtfree-merge-targeted-candidates,0.0,val
1.0,0.4730248719824433,0.30977902868435236,1.0,-1.0,0.9385112021199711,0.1479247206763244,26.0,26.0,0.0,0.884146120047932,1.0,0.933142988540988,25.0,11.0,0.9439415379247514,2988.0,60.0,66.0,0.7545454545454545,1.1,1.0,0.00022989386566535117,12.0,6.0,4.0,1462.0,4.0,0.5206552706552706,0.5,1.0,0.0,2.0,1.3535533905932737,0.06833899766206741,0.5839869379997253,0.09173107519745828,1.5,0.02518460899591446,-0.0010011020435307105,-0.0008592691879880654,0.0,0.0,-0.0001227308388773718,0.0,0.0,0.0,0.0,-0.00021787283488872156,0.0,-1.537001681117811e-05,0.0,-0.0002326077264532822,10.0,11945.png,0.0,1.0,1.0,11.0,0.44642857142857145,0.5535714285714286,1.0,R244-F0-gtfree-merge-targeted-candidates,0.0,val
1.0,0.4731045199031123,0.3098473510924873,0.0,0.0,0.93846005589284,0.1479247206763244,26.0,26.0,0.0,0.8840553397000618,1.0,0.9331365822809068,26.0,13.0,0.9438446180387292,13046.0,126.0,154.0,0.6723356009070295,1.2222222222222223,1.0,0.00032568297635924746,17.0,7.0,7.0,1021.0,4.0,0.3375206611570248,0.3469387755102041,1.0,0.0,2.8284271247461903,1.603410612293172,0.08566886931657791,0.7388697266578674,0.11561187505722045,1.0,0.032976824790239334,-0.000921454122861709,-0.0007909467798531411,-1.0,1.0,-0.00017387706600846542,0.0,0.0,0.0,0.0,-0.0003086531827589667,0.0,-2.177627689237127e-05,1.0,-0.0003295276124755109,10.0,11945.png,0.0,1.0,1.0,19.0,0.4166666666666667,0.5833333333333334,1.0,R244-F0-gtfree-merge-targeted-candidates,0.0,val
1.0,0.4736649597659108,0.3103283009825066,1.0,-1.0,0.9385713872748822,0.1478822379880199,26.0,26.0,0.0,0.8842529549539735,1.0,0.9331672734240276,25.0,14.0,0.9440384578107737,2988.0,60.0,66.0,0.7545454545454545,1.1,1.0,0.0001532625771102341,8.0,4.0,2.0,1520.0,4.0,0.5846153846153846,1.0,0.875,0.125,2.0,1.426776695296637,0.10141262412071228,0.6367647647857666,0.14751947224140166,2.0,0.03945697471499443,-0.00036101426006324155,-0.0003099968898338523,0.0,0.0,-6.254568396624194e-05,-4.248268830450708e-05,0.0,0.0,0.0,-0.00011103792884725738,0.0,8.914866228448837e-06,0.0,-0.00013568784043105353,10.0,11945.png,0.0,1.0,1.0,11.0,0.4,0.6,1.0,R244-F0-gtfree-merge-targeted-candidates,0.0,val
1.0,0.4742352887385122,0.31081810008990113,1.0,-1.0,0.9386370644465002,0.1476698245464973,26.0,26.0,0.0,0.8843695525857059,1.0,0.9332592408070975,25.0,17.0,0.9440772257651825,13046.0,126.0,154.0,0.6723356009070295,1.2222222222222223,1.0,0.0002107360435265719,11.0,4.0,5.0,1411.0,4.0,0.5119738751814223,0.55,0.45454545454545453,0.5454545454545454,2.23606797749979,1.4071553331471884,0.06327077746391296,0.753297746181488,0.07375635206699371,1.25,0.01842830330133438,0.0002093147125381556,0.00017980221756069836,0.0,0.0,3.131487651741871e-06,-0.00025489612982709797,0.0,0.0,0.0,5.559702885182816e-06,0.0,0.00010088224929838407,0.0,-9.691988602222867e-05,10.0,11945.png,0.0,1.0,1.0,19.0,0.46153846153846156,0.5384615384615384,1.0,R244-F0-gtfree-merge-targeted-candidates,0.0,val
1.0,0.4790287983204783,0.31494928884354556,2.0,2.0,0.9392312067951524,0.14512086324822634,26.0,26.0,0.0,0.8854249981822148,1.0,0.9343397529348577,28.0,1.0,0.9441741456512047,6307.0,63.0,151.0,0.6629874908020603,2.3968253968253967,1.0,0.0012644162611594313,66.0,11.0,28.0,2141.0,3.0,0.47747546833184656,0.21428571428571427,0.0,1.0,2.8284271247461903,1.725669157866645,0.09656071662902832,0.7658942341804504,0.13398420810699463,2.5454545454545454,0.04379644989967346,0.005002824294504271,0.004310990971205131,1.0,3.0,0.0005972738363039243,-0.00280385742809805,0.0,0.0,0.0,0.0010610052993940133,0.0,0.0011813943770585533,3.0,0.0,12.0,11945.png,0.0,1.0,1.0,25.0,0.4186046511627907,0.5813953488372093,0.0,R244-F0-gtfree-merge-targeted-candidates,0.0,val
1.0,0.47811786203746004,0.31416221408416883,1.0,1.0,0.9390623644303907,0.14567313819618505,26.0,26.0,0.0,0.8851249432076329,1.0,0.9341004986574607,27.0,2.0,0.9440772257651825,13046.0,126.0,154.0,0.6723356009070295,1.2222222222222223,1.0,0.0011111536840491972,58.0,26.0,9.0,1418.0,3.0,0.3361782835467046,0.24786324786324787,0.08620689655172414,0.9137931034482759,3.0,1.5928788036806187,0.07483281195163727,0.7382015585899353,0.10724523961544043,2.888888888888889,0.031163180246949196,0.004091888011486022,0.003523916211828404,0.0,2.0,0.0004284314715422566,-0.002251582480139347,0.0,0.0,0.0,0.0007609503248121596,0.0,0.000942140099661537,2.0,-9.691988602222867e-05,12.0,11945.png,0.0,1.0,1.0,19.0,0.47435897435897434,0.5256410256410257,1.0,R244-F0-gtfree-merge-targeted-candidates,0.0,val
1.0,0.475407590080833,0.31182602444284685,1.0,1.0,0.9386866097415238,0.14724499766345214,26.0,26.0,0.0,0.884457520613127,1.0,0.9334330017441972,27.0,4.0,0.9439996898563647,13046.0,126.0,154.0,0.6723356009070295,1.2222222222222223,1.0,0.0004789455534694816,25.0,11.0,4.0,1224.0,3.0,0.39895697522816165,0.5681818181818182,0.36,0.64,3.0,1.9157168890796867,0.07600148022174835,0.7353726029396057,0.0984409883618355,2.75,0.034333236515522,0.0013816160548589806,0.00118772657050642,0.0,2.0,5.2676782675398215e-05,-0.000679723012872252,0.0,0.0,0.0,9.352773030624206e-05,0.0,0.000274643186398027,2.0,-0.0001744557948399894,12.0,11945.png,0.0,1.0,1.0,19.0,0.3974358974358974,0.6025641025641025,1.0,R244-F0-gtfree-merge-targeted-candidates,0.0,val
1.0,0.47535066477817883,0.31177704525022476,0.0,0.0,0.9387727566233941,0.14703258422192955,26.0,26.0,0.0,0.8846104945783461,1.0,0.9335275626772982,26.0,7.0,0.9440772257651825,6307.0,63.0,151.0,0.6629874908020603,2.3968253968253967,1.0,0.0004981033756082608,26.0,11.0,7.0,1955.0,4.0,0.6024653312788906,0.33766233766233766,0.19230769230769232,0.8076923076923077,2.8284271247461903,1.6640212737924391,0.062121231108903885,0.6325792074203491,0.07369872182607651,1.5714285714285714,0.023040911182761192,0.0013246907522048157,0.0011387473778843304,-1.0,1.0,0.00013882366454565087,-0.0008921364543948429,0.0,0.0,0.0,0.0002465016955253141,0.0,0.00036920411949903365,1.0,-9.691988602222867e-05,12.0,11945.png,0.0,1.0,1.0,25.0,0.4431818181818182,0.5568181818181818,1.0,R244-F0-gtfree-merge-targeted-candidates,0.0,val
1.0,0.47268571428571426,0.30948817719245736,1.0,-1.0,0.9384191353622574,0.1479247206763244,26.0,26.0,0.0,0.8839827154217655,1.0,0.9331314563888303,25.0,8.0,0.9437670821299114,4174.0,75.0,87.0,0.6396934865900383,1.16,1.0,0.00040231426491436456,21.0,6.0,10.0,1800.0,4.0,0.5747126436781609,0.35,1.0,0.0,2.23606797749979,1.4234724869996274,0.0689108744263649,0.7325863838195801,0.08409518003463745,1.6666666666666667,0.0235175509005785,-0.0013402597402597527,-0.001150120679883071,0.0,0.0,-0.00021479759659104314,0.0,0.0,0.0,0.0,-0.0003812774610552072,0.0,-2.690216896883424e-05,0.0,-0.0004070635212932716,12.0,11945.png,0.0,1.0,1.0,20.0,0.4625,0.5375,1.0,R244-F0-gtfree-merge-targeted-candidates,0.0,val
1.0,0.4740063956144358,0.31062148245719073,1.0,-1.0,0.9385324107091229,0.14758485916988828,26.0,26.0,0.0,0.8841837661158526,1.0,0.9332796657274836,25.0,9.0,0.9438446180387292,6307.0,63.0,151.0,0.6629874908020603,2.3968253968253967,1.0,0.0004789455534694816,25.0,11.0,8.0,2455.0,4.0,0.7430387409200968,0.2840909090909091,0.68,0.32,2.8284271247461903,1.7468877588542808,0.06769143044948578,0.7419608235359192,0.09616456776857377,1.375,0.02868916280567646,-1.9578411538212492e-05,-1.6815415149695756e-05,0.0,0.0,-0.0001015222497255941,-0.0003398615064361121,0.0,0.0,0.0,-0.0001802267669681612,0.0,0.00012130716968439259,0.0,-0.0003295276124755109,12.0,11945.png,0.0,1.0,1.0,25.0,0.44565217391304346,0.5543478260869565,1.0,R244-F0-gtfree-merge-targeted-candidates,0.0,val
1.0,0.4749200548195523,0.3114066618739516,1.0,1.0,0.9386323336674119,0.14749989379327924,26.0,26.0,0.0,0.8843611534829665,1.0,0.9333256674140938,27.0,10.0,0.9439996898563647,6307.0,63.0,151.0,0.6629874908020603,2.3968253968253967,1.0,0.00036399862063680603,19.0,5.0,9.0,1593.0,3.0,0.5273088381330685,0.4222222222222222,0.47368421052631576,0.5263157894736842,2.8284271247461903,1.7037700469269077,0.06740400940179825,0.7052631974220276,0.08099382370710373,1.8,0.02266249991953373,0.000894080793578278,0.000768364001611177,0.0,2.0,-1.599291436504835e-06,-0.00042482688304515404,0.0,0.0,0.0,-2.8393998542375343e-06,0.0,0.00016730885629467895,2.0,-0.0001744557948399894,12.0,11945.png,0.0,1.0,1.0,25.0,0.4027777777777778,0.5972222222222222,1.0,R244-F0-gtfree-merge-targeted-candidates,0.0,val
1.0,0.47534696859021186,0.31177386513354893,0.0,0.0,0.9387920316882066,0.14699010153362504,26.0,26.0,0.0,0.8846447253705318,1.0,0.9335467300467684,26.0,11.0,0.944096609742387,6307.0,63.0,151.0,0.6629874908020603,2.3968253968253967,1.0,0.0004981033756082608,26.0,9.0,9.0,1888.0,4.0,0.5811018775007695,0.32098765432098764,0.15384615384615385,0.8461538461538461,2.8284271247461903,1.9907154425033509,0.05693274736404419,0.64751136302948,0.0699840635061264,1.0,0.021515823900699615,0.001320994564237843,0.0011355672612085033,-1.0,1.0,0.00015809872935812486,-0.00093461914269935,0.0,0.0,0.0,0.0002807324877110995,0.0,0.00038837148896919693,1.0,-7.753590881776073e-05,12.0,11945.png,0.0,1.0,1.0,25.0,0.3181818181818182,0.6818181818181818,1.0,R244-F0-gtfree-merge-targeted-candidates,0.0,val
1.0,0.4734820775420629,0.3101713190367797,1.0,-1.0,0.9385316592308508,0.1479247206763244,26.0,26.0,0.0,0.8841824321870801,1.0,0.9331455507013107,25.0,13.0,0.9439803058791603,1606.0,39.0,52.0,0.7919132149901381,1.3333333333333333,1.0,0.00019157822138779265,10.0,2.0,5.0,1397.0,4.0,0.5271698113207547,1.0,1.0,0.0,2.0,1.4414213562373095,0.08930331468582153,0.7933332920074463,0.11149152889847755,2.5,0.028172587975859642,-0.0005438964839111216,-0.0004669788355607385,0.0,0.0,-0.00010227372799764822,0.0,0.0,0.0,0.0,-0.0001815606957406013,0.0,-1.2807856488494807e-05,0.0,-0.00019383977204445735,12.0,11945.png,0.0,1.0,1.0,24.0,0.45454545454545453,0.5454545454545454,1.0,R244-F0-gtfree-merge-targeted-candidates,0.0,val
1.0,0.47341714285714287,0.3101155896268791,1.0,-1.0,0.9385292898923612,0.14783975529971535,26.0,26.0,0.0,0.8841782264507226,1.0,0.9331787521079258,25.0,15.0,0.9439415379247514,1714.0,47.0,48.0,0.7597517730496454,1.0212765957446808,1.0,0.00026820950994290967,14.0,7.0,4.0,1807.0,4.0,0.6318181818181818,0.5,0.8571428571428571,0.14285714285714285,2.0,1.4163162231961566,0.08806468546390533,0.5918768048286438,0.12096398025751115,1.75,0.035556577146053314,-0.0006088311688311476,-0.0005227082454613563,0.0,0.0,-0.0001046430664872755,-8.496537660904191e-05,0.0,0.0,0.0,-0.00018576643209811117,0.0,2.0393550126618365e-05,0.0,-0.0002326077264532822,12.0,11945.png,0.0,1.0,1.0,17.0,0.45,0.55,1.0,R244-F0-gtfree-merge-targeted-candidates,0.0,val
1.0,0.473082899186546,0.3098288040225069,0.0,0.0,0.9384498260559512,0.1479247206763244,26.0,26.0,0.0,0.8840371836304877,1.0,0.9331353008815638,26.0,17.0,0.9438252340615247,13046.0,126.0,154.0,0.6723356009070295,1.2222222222222223,1.0,0.0003448407984980267,18.0,7.0,7.0,1022.0,4.0,0.3378512396694215,0.3673469387755102,1.0,0.0,2.8284271247461903,1.6714670852072284,0.08336400985717773,0.741176426410675,0.11550126522779465,1.0,0.033429309725761414,-0.0009430748394280153,-0.0008094938498335313,-1.0,1.0,-0.00018410690289727416,0.0,0.0,0.0,0.0,-0.00032680925233308233,0.0,-2.3057676235338498e-05,1.0,-0.0003489115896799788,12.0,11945.png,0.0,1.0,1.0,19.0,0.4166666666666667,0.5833333333333334,1.0,R244-F0-gtfree-merge-targeted-candidates,0.0,val
1.0,0.47448792977322607,0.31103518551819215,1.0,-1.0,0.938706289326357,0.14758485916988828,26.0,26.0,0.0,0.8844924641365535,1.0,0.93330139873539,25.0,20.0,0.9441741456512047,13046.0,126.0,154.0,0.6723356009070295,1.2222222222222223,1.0,0.0001532625771102341,8.0,2.0,4.0,1307.0,3.0,0.5026923076923077,1.0,0.0,1.0,2.0,1.426776695296637,0.07052570581436157,0.7357842922210693,0.10418714582920074,2.0,0.026228923350572586,0.0004619557472520519,0.0003968876458517179,0.0,0.0,7.235636750857477e-05,-0.0003398615064361121,0.0,0.0,0.0,0.0001284712537327204,0.0,0.0001430401775908141,0.0,0.0,12.0,11945.png,0.0,1.0,1.0,19.0,0.45,0.55,0.0,R244-F0-gtfree-merge-targeted-candidates,1.0,val
1.0,0.4749108856594461,0.3113987774181949,1.0,-1.0,0.9386870176047177,0.1476273418581928,26.0,26.0,0.0,0.8844582448112437,1.0,0.9332822379766239,25.0,22.0,0.9441547616740003,6307.0,63.0,151.0,0.6629874908020603,2.3968253968253967,1.0,0.0001532625771102341,8.0,2.0,4.0,1184.0,3.0,0.4553846153846154,1.0,0.125,0.875,2.8284271247461903,1.8098385830773842,0.08157873153686523,0.7382352948188782,0.1086261324584484,2.0,0.03036051243543625,0.0008849116334720963,0.0007604795458544533,0.0,0.0,5.308464586928352e-05,-0.00029737881813160505,0.0,0.0,0.0,9.425192842293928e-05,0.0,0.00012387941882474607,0.0,-1.938397720446794e-05,12.0,11945.png,0.0,1.0,1.0,25.0,0.3,0.7,1.0,R244-F0-gtfree-merge-targeted-candidates,0.0,val
1.0,0.4752330469749589,0.31167585710860707,1.0,-1.0,0.9387220182513756,0.1474149284166702,26.0,26.0,0.0,0.884520393709367,1.0,0.9333703817261996,25.0,23.0,0.9441353776967958,4174.0,75.0,87.0,0.6396934865900383,1.16,1.0,0.00026820950994290967,14.0,6.0,6.0,1591.0,3.0,0.5456104252400549,0.3888888888888889,0.14285714285714285,0.8571428571428571,2.23606797749979,1.6097593612318257,0.06905043870210648,0.7201680541038513,0.08903788328170777,1.0,0.023276280611753464,0.0012070729489848664,0.0010375592362666386,0.0,0.0,8.808529252712916e-05,-0.0005097922596541959,0.0,0.0,0.0,0.00015640082654622134,0.0,0.00021202316840041036,0.0,-3.876795440893588e-05,12.0,11945.png,0.0,1.0,1.0,20.0,0.390625,0.609375,1.0,R244-F0-gtfree-merge-targeted-candidates,0.0,val
1.0,0.47341228110283023,0.3101114172756679,1.0,-1.0,0.9385521155532429,0.1479247206763244,26.0,26.0,0.0,0.8842187443262283,1.0,0.9331481126652615,25.0,25.0,0.9440190738335692,13046.0,126.0,154.0,0.6723356009070295,1.2222222222222223,1.0,0.0001532625771102341,8.0,4.0,4.0,706.0,3.0,0.261094674556213,0.5,1.0,0.0,2.0,1.301776695296637,0.08612115681171417,0.7357843518257141,0.10112976506352424,1.0,0.030498703941702843,-0.0006136929231437827,-0.000526880596672552,0.0,0.0,-8.181740560553319e-05,0.0,0.0,0.0,0.0,-0.00014524855659248104,0.0,-1.0245892537619206e-05,0.0,-0.00015507181763552147,12.0,11945.png,0.0,1.0,1.0,19.0,0.4166666666666667,0.5833333333333334,1.0,R244-F0-gtfree-merge-targeted-candidates,0.0,val
1.0,0.46251794060280427,0.30082818708411124,0.0,0.0,0.9495515966061544,0.11873434689054288,27.0,27.0,0.0,0.90394882179676,1.0,0.9588693338540777,24.0,1.0,0.9404132053338441,30585.0,252.0,260.0,0.4668040293040293,1.0317460317460319,1.0,0.0003660143477624323,30.0,3.0,15.0,1632.0,3.0,0.5079365079365079,0.6666666666666666,0.6,0.4,2.0,1.4804737854124363,0.08150742948055267,0.5943790674209595,0.11621814072132111,5.0,0.031982362270355225,-0.00020983410730063268,-0.000177560042325553,0.0,0.0,-4.5396856318213885e-05,-0.0004232953543334833,0.0,0.0,0.0,-8.228583749525509e-05,0.0,0.0001313513251625098,0.0,-0.00021546048694065512,6.0,12498.png,0.0,1.0,1.0,19.0,0.45454545454545453,0.5454545454545454,1.0,R244-F0-gtfree-merge-targeted-candidates,0.0,val
1.0,0.4638427851175799,0.30195007426572756,0.0,0.0,0.9497921098433572,0.11795830540759815,27.0,27.0,0.0,0.9043848544136264,1.0,0.9591358476748444,24.0,2.0,0.9406286658207847,30585.0,252.0,260.0,0.4668040293040293,1.0317460317460319,1.0,0.00041481626079742324,34.0,4.0,17.0,1658.0,3.0,0.4905325443786982,0.5,0.0,1.0,2.0,1.4655419742572409,0.07196560502052307,0.6974625587463379,0.08754760697484017,4.25,0.024859236553311348,0.0011150104074750256,0.0009443271392907682,0.0,0.0,0.0001951163808845413,-0.0011993368372782143,0.0,0.0,0.0,0.00035374677937116683,0.0,0.0003978651459292104,0.0,0.0,6.0,12498.png,0.0,1.0,1.0,19.0,0.46,0.54,0.0,R244-F0-gtfree-merge-targeted-candidates,1.0,val
1.0,0.4624332781152218,0.3007565600459682,0.0,0.0,0.9495902927171207,0.118769621503404,27.0,27.0,0.0,0.9040189614902259,1.0,0.9588611456884137,24.0,3.0,0.9404969955232099,30585.0,252.0,260.0,0.4668040293040293,1.0317460317460319,1.0,0.0002684105216924503,22.0,11.0,2.0,697.0,3.0,0.23627118644067796,1.0,0.5,0.5,2.0,1.4467466874884634,0.05617847293615341,0.5661319494247437,0.06181100383400917,5.5,0.016018996015191078,-0.0002944965948831202,-0.0002491870804686158,0.0,0.0,-6.700745351917448e-06,-0.00038802074147235854,0.0,0.0,0.0,-1.2146144029334671e-05,0.0,0.0001231631594985627,0.0,-0.0001316702975748818,6.0,12498.png,0.0,1.0,1.0,19.0,0.5,0.5,1.0,R244-F0-gtfree-merge-targeted-candidates,0.0,val
1.0,0.4600831830394935,0.29877145179023856,0.0,0.0,0.9493557666739189,0.11915764224487636,27.0,27.0,0.0,0.9035939441351065,1.0,0.9587188438346801,24.0,4.0,0.9401738047927989,7998.0,91.0,131.0,0.6709168693901518,1.4395604395604396,1.0,0.00046361817383241423,38.0,9.0,19.0,1577.0,3.0,0.4129353233830846,0.2222222222222222,1.0,0.0,2.0,1.376676539446967,0.10168197751045227,0.5730649828910828,0.1271671548485756,2.111111111111111,0.029168875887989998,-0.0026445916706113737,-0.002234295336198233,0.0,0.0,-0.00024122678855376112,0.0,0.0,0.0,0.0,-0.000437163499148685,0.0,-1.913869423508796e-05,0.0,-0.0004548610279858645,6.0,12498.png,0.0,1.0,1.0,20.0,0.4609375,0.5390625,1.0,R244-F0-gtfree-merge-targeted-candidates,0.0,val
1.0,0.46061542991755006,0.29922050595380423,0.0,0.0,0.9493811641848772,0.11915764224487636,27.0,27.0,0.0,0.9036399613455433,1.0,0.9587208592701086,24.0,5.0,0.9402216849010079,7998.0,91.0,131.0,0.6709168693901518,1.4395604395604396,1.0,0.00041481626079742324,34.0,8.0,17.0,1387.0,3.0,0.381043956043956,0.25,1.0,0.0,2.0,1.379396909900343,0.09511473774909973,0.5657439231872559,0.10781711712479591,2.125,0.028283771127462387,-0.0021123447925548433,-0.0017852411726325679,0.0,0.0,-0.00021582927759544734,0.0,0.0,0.0,0.0,-0.0003911462887119521,0.0,-1.7123258806539532e-05,0.0,-0.000406980919776867,6.0,12498.png,0.0,1.0,1.0,20.0,0.47413793103448276,0.5258620689655172,1.0,R244-F0-gtfree-merge-targeted-candidates,0.0,val
1.0,0.46310132872023263,0.30132196570552733,0.0,0.0,0.9496162910145628,0.11880489611626513,27.0,27.0,0.0,0.9040660883171872,1.0,0.9588519548982282,24.0,6.0,0.9405568456584712,30585.0,252.0,260.0,0.4668040293040293,1.0317460317460319,1.0,0.0001952076521399639,16.0,8.0,2.0,1545.0,3.0,0.5517857142857143,1.0,0.375,0.625,2.0,1.4633883476483185,0.06972800195217133,0.4330882430076599,0.07908833026885986,4.0,0.01984991319477558,0.00037355401012773015,0.0003162185790905325,0.0,0.0,1.929755209018058e-05,-0.0003527461286112338,0.0,0.0,0.0,3.4980682931951e-05,0.0,0.00011397236931298682,0.0,-7.18201623135517e-05,6.0,12498.png,0.0,1.0,1.0,19.0,0.4642857142857143,0.5357142857142857,1.0,R244-F0-gtfree-merge-targeted-candidates,0.0,val
1.0,0.46405830174095475,0.30213275820752455,0.0,0.0,0.949746192893401,0.11824050231048715,27.0,27.0,0.0,0.9043015949734171,1.0,0.9590422026410212,24.0,7.0,0.9406286658207847,30585.0,252.0,260.0,0.4668040293040293,1.0317460317460319,1.0,0.0003172124347274413,26.0,13.0,6.0,1902.0,4.0,0.5774134790528234,0.3333333333333333,0.0,1.0,2.0,1.387348761994826,0.07907427102327347,0.4423830807209015,0.0894143395125866,2.1666666666666665,0.025204787030816078,0.0013305270308498485,0.0011270110810877587,0.0,0.0,0.00014919943092839283,-0.0009171399343892161,0.0,0.0,0.0,0.0002704873391619067,0.0,0.00030422011210606836,0.0,0.0,6.0,12498.png,0.0,1.0,1.0,19.0,0.4673913043478261,0.532608695652174,0.0,R244-F0-gtfree-merge-targeted-candidates,1.0,val
1.0,0.4618499024623652,0.30026322086623597,0.0,0.0,0.9495069128879435,0.11908709301915411,27.0,27.0,0.0,0.9038678355307057,1.0,0.9587533253606033,24.0,8.0,0.9404371453879485,7998.0,91.0,131.0,0.6709168693901518,1.4395604395604396,1.0,0.00021960860865745938,18.0,3.0,9.0,1529.0,3.0,0.5259717922256621,0.6666666666666666,0.8888888888888888,0.1111111111111111,2.0,1.434912618041455,0.07821598649024963,0.48191723227500916,0.09938700422644615,3.0,0.02919716015458107,-0.0008778722477397194,-0.0007425262602008265,0.0,0.0,-9.008057452908336e-05,-7.054922572224953e-05,0.0,0.0,0.0,-0.0001632721035494944,0.0,1.534283168813655e-05,0.0,-0.0001915204328362119,6.0,12498.png,0.0,1.0,1.0,20.0,0.453125,0.546875,1.0,R244-F0-gtfree-merge-targeted-candidates,0.0,val
1.0,0.46214435569951046,0.3005121822794505,0.0,0.0,0.949495437790803,0.11915764224487636,27.0,27.0,0.0,0.9038470387925084,1.0,0.9587299262947235,24.0,9.0,0.9404371453879485,30585.0,252.0,260.0,0.4668040293040293,1.0317460317460319,1.0,0.0001952076521399639,16.0,8.0,3.0,811.0,3.0,0.28396358543417366,0.6666666666666666,1.0,0.0,2.0,1.426776695296637,0.08269230276346207,0.5299019813537598,0.12575411051511765,2.6666666666666665,0.026556693017482758,-0.0005834190105944437,-0.0004935648469863163,0.0,0.0,-0.00010155567166958424,0.0,0.0,0.0,0.0,-0.0001840688417468206,0.0,-8.056234191644585e-06,0.0,-0.0001915204328362119,6.0,12498.png,0.0,1.0,1.0,19.0,0.4666666666666667,0.5333333333333333,1.0,R244-F0-gtfree-merge-targeted-candidates,0.0,val
1.0,0.46213878152033866,0.30050746840291076,0.0,0.0,0.9494827419510781,0.11915764224487636,27.0,27.0,0.0,0.9038240301872901,1.0,0.9587289190442486,24.0,10.0,0.9404132053338441,30585.0,252.0,260.0,0.4668040293040293,1.0317460317460319,1.0,0.00021960860865745938,18.0,9.0,4.0,2047.0,4.0,0.6906207827260459,0.5,1.0,0.0,2.0,1.36982523608291,0.10648642480373383,0.6383442878723145,0.1359373390674591,2.25,0.03374867141246796,-0.0005889931897662404,-0.0004982787235260355,0.0,0.0,-0.00011425151139454748,0.0,0.0,0.0,0.0,-0.00020707744696513153,0.0,-9.063484666560484e-06,0.0,-0.00021546048694065512,6.0,12498.png,0.0,1.0,1.0,19.0,0.5,0.5,1.0,R244-F0-gtfree-merge-targeted-candidates,0.0,val
1.0,0.4625915430758473,0.30089046342397546,0.0,0.0,0.9495335234688451,0.11915764224487636,27.0,27.0,0.0,0.9039160646081634,1.0,0.9587329477511775,24.0,11.0,0.9405089655502621,30585.0,252.0,260.0,0.4668040293040293,1.0317460317460319,1.0,0.00012200478258747743,10.0,2.0,5.0,1446.0,4.0,0.5456603773584906,1.0,1.0,0.0,2.0,1.5,0.0811925083398819,0.677647054195404,0.1030870959162712,2.5,0.04171634465456009,-0.00013623163425757756,-0.0001152837024613329,0.0,0.0,-6.346999362749628e-05,0.0,0.0,0.0,0.0,-0.00011504302609177675,0.0,-5.034777737722429e-06,0.0,-0.00011970027052266019,6.0,12498.png,0.0,1.0,1.0,19.0,0.4090909090909091,0.5909090909090909,1.0,R244-F0-gtfree-merge-targeted-candidates,0.0,val
1.0,0.4633446194612101,0.30152799731762225,0.0,0.0,0.9496289850868924,0.11880489611626513,27.0,27.0,0.0,0.9040890995696895,1.0,0.9588529591214155,24.0,12.0,0.9405807857125758,7998.0,91.0,131.0,0.6709168693901518,1.4395604395604396,1.0,0.0001708066956224684,14.0,4.0,7.0,1666.0,4.0,0.5825174825174825,0.5,0.2857142857142857,0.7142857142857143,2.0,1.4163162231961566,0.08081042021512985,0.44565823674201965,0.09637304171919824,1.75,0.026909714564681053,0.0006168447511051833,0.0005222501911854582,0.0,0.0,3.199162441980263e-05,-0.0003527461286112338,0.0,0.0,0.0,5.7991935434320574e-05,0.0,0.00011497659250037096,0.0,-4.788010820899746e-05,6.0,12498.png,0.0,1.0,1.0,20.0,0.43333333333333335,0.5666666666666667,1.0,R244-F0-gtfree-merge-targeted-candidates,0.0,val
1.0,0.4619405182567727,0.30033982673622744,0.0,0.0,0.9495208285496756,0.11915764224487636,27.0,27.0,0.0,0.9038930560029451,1.0,0.9587319406481843,24.0,13.0,0.9404850254961576,30585.0,252.0,260.0,0.4668040293040293,1.0317460317460319,1.0,0.00014640573910497292,12.0,6.0,4.0,605.0,2.0,0.21545584045584046,0.5,1.0,0.0,2.0,1.3535533905932737,0.0732194110751152,0.5761438012123108,0.0899701587855816,1.5,0.023003840819001198,-0.000787256453332219,-0.0006659203902093513,0.0,0.0,-7.616491279704984e-05,0.0,0.0,0.0,0.0,-0.00013805163131008769,0.0,-6.041880730833782e-06,0.0,-0.0001436403246271034,6.0,12498.png,0.0,1.0,1.0,19.0,0.44642857142857145,0.5535714285714286,1.0,R244-F0-gtfree-merge-targeted-candidates,0.0,val
1.0,0.462297133183675,0.30064139383496075,0.0,0.0,0.9495462180811852,0.11915764224487636,27.0,27.0,0.0,0.9039390732133818,1.0,0.9587339548050173,24.0,14.0,0.9405329056043666,30585.0,252.0,260.0,0.4668040293040293,1.0317460317460319,1.0,9.760382606998194e-05,8.0,4.0,2.0,855.0,3.0,0.32884615384615384,1.0,1.0,0.0,2.0,1.5,0.06882231682538986,0.5661765336990356,0.08067575618624687,2.0,0.019893746823072433,-0.00043064152642990905,-0.00036435329147604945,0.0,0.0,-5.077538128739345e-05,0.0,0.0,0.0,0.0,-9.203442087335478e-05,0.0,-4.027723897848112e-06,0.0,-9.576021641810595e-05,6.0,12498.png,0.0,1.0,1.0,19.0,0.4,0.6,1.0,R244-F0-gtfree-merge-targeted-candidates,0.0,val
1.0,0.46236519562736944,0.30069896591344314,0.0,0.0,0.9495583028193694,0.11912236763201524,27.0,27.0,0.0,0.9039609769566168,1.0,0.9587461564742057,24.0,15.0,0.940544875631419,7998.0,91.0,131.0,0.6709168693901518,1.4395604395604396,1.0,9.760382606998194e-05,8.0,4.0,2.0,786.0,3.0,0.30230769230769233,1.0,0.875,0.125,2.0,1.426776695296637,0.0845436304807663,0.5676470994949341,0.10149367600679397,2.0,0.024233737960457802,-0.00036257908273545914,-0.00030678121299365646,0.0,0.0,-3.8690643103245215e-05,-3.5274612861124766e-05,0.0,0.0,0.0,-7.013067763839143e-05,0.0,8.17394529051274e-06,0.0,-8.379018936577332e-05,6.0,12498.png,0.0,1.0,1.0,20.0,0.45,0.55,1.0,R244-F0-gtfree-merge-targeted-candidates,0.0,val
1.0,0.46264811952601753,0.30093833780160856,0.0,0.0,0.9495583028193694,0.11912236763201524,27.0,27.0,0.0,0.9039609769566168,1.0,0.9587461564742057,24.0,16.0,0.940544875631419,30585.0,252.0,260.0,0.4668040293040293,1.0317460317460319,1.0,9.760382606998194e-05,8.0,4.0,4.0,744.0,2.0,0.27514792899408286,0.5,0.875,0.125,2.0,1.426776695296637,0.11305825412273407,0.5279412269592285,0.13646749258041382,1.0,0.03167365491390228,-7.965518408736827e-05,-6.740932482823814e-05,0.0,0.0,-3.8690643103245215e-05,-3.5274612861124766e-05,0.0,0.0,0.0,-7.013067763839143e-05,0.0,8.17394529051274e-06,0.0,-8.379018936577332e-05,6.0,12498.png,0.0,1.0,1.0,19.0,0.3541666666666667,0.6458333333333334,1.0,R244-F0-gtfree-merge-targeted-candidates,0.0,val
1.0,0.4631578947368421,0.3013698630136986,0.0,0.0,0.9496187265102901,0.11894599456770961,27.0,27.0,0.0,0.9040705032329321,1.0,0.9588071648201474,24.0,17.0,0.9406047257666802,30585.0,252.0,260.0,0.4668040293040293,1.0317460317460319,1.0,9.760382606998194e-05,8.0,4.0,4.0,954.0,3.0,0.35281065088757396,0.5,0.25,0.75,2.0,1.3535533905932737,0.10209942609071732,0.5598039627075195,0.11566314697265624,1.0,0.028125464916229248,0.00043012002673720184,0.00036411588726181776,0.0,0.0,2.1733047817495965e-05,-0.0002116476771667486,0.0,0.0,0.0,3.939559867693898e-05,0.0,6.918229123220598e-05,0.0,-2.3940054104554243e-05,6.0,12498.png,0.0,1.0,1.0,19.0,0.4375,0.5625,1.0,R244-F0-gtfree-merge-targeted-candidates,0.0,val
1.0,0.4608250837228131,0.2993974751338944,0.0,0.0,0.9493805523659878,0.11912236763201524,27.0,27.0,0.0,0.9036388527777458,1.0,0.958732057416268,24.0,1.0,0.9402097148739557,4176.0,66.0,77.0,0.8217237308146399,1.1666666666666667,1.0,0.00043921721731491877,36.0,18.0,2.0,1872.0,4.0,0.5672727272727273,1.0,0.9722222222222222,0.027777777777777776,2.0,1.5,0.10267578810453415,0.39095860719680786,0.13237182796001434,9.0,0.031573690474033356,-0.0019026909872917885,-0.001608271992542376,0.0,0.0,-0.00021644109648477627,-3.5274612861124766e-05,0.0,0.0,0.0,-0.00039225485650939973,0.0,-5.925112647187092e-06,0.0,-0.0004189509468290886,8.0,12498.png,0.0,1.0,1.0,13.0,0.4583333333333333,0.5416666666666666,1.0,R244-F0-gtfree-merge-targeted-candidates,0.0,val
1.0,0.4662522529149961,0.3039953954626121,2.0,2.0,0.949855503561021,0.11647677166743095,27.0,27.0,0.0,0.9044998157700811,1.0,0.9596139750794038,26.0,2.0,0.9402935050633214,30585.0,252.0,260.0,0.4668040293040293,1.0317460317460319,1.0,0.0012688497389097653,104.0,41.0,16.0,3589.0,4.0,0.6300912921348315,0.15853658536585366,0.2692307692307692,0.7307692307692307,2.8284271247461903,1.6729533140629633,0.06559082120656967,0.4529412090778351,0.08476294353604316,2.5625,0.030954990535974503,0.0035244782048912127,0.0029896483361753212,2.0,2.0,0.00025851009854838125,-0.002680870577445413,0.0,0.0,0.0,0.00046870813582589044,0.0,0.0008759925504886468,2.0,-0.0003351607574633153,8.0,12498.png,0.0,1.0,1.0,19.0,0.48770491803278687,0.5122950819672131,1.0,R244-F0-gtfree-merge-targeted-candidates,0.0,val
1.0,0.4623644052215481,0.30069829730246794,1.0,1.0,0.9494735824197077,0.1186285230519595,27.0,27.0,0.0,0.9038074307609109,1.0,0.958896918794863,25.0,3.0,0.9402336549280601,30585.0,252.0,260.0,0.4668040293040293,1.0317460317460319,1.0,0.0005856229564198917,48.0,4.0,21.0,1800.0,3.0,0.5016722408026756,0.5714285714285714,0.6875,0.3125,3.0,1.8002961158827728,0.0732661634683609,0.5945261716842651,0.11049674078822139,5.25,0.032106801867485046,-0.0003633694885568084,-0.0003074498239688528,1.0,1.0,-0.00012341104276492043,-0.0005291191929168576,0.0,0.0,0.0,-0.00022367687334434727,0.0,0.00015893626594787325,1.0,-0.0003950108927246454,8.0,12498.png,0.0,1.0,1.0,19.0,0.42276422764227645,0.5772357723577236,1.0,R244-F0-gtfree-merge-targeted-candidates,0.0,val
1.0,0.4640965273690406,0.30216516574056335,0.0,0.0,0.9498005560256255,0.11771138311757029,27.0,27.0,0.0,0.9044001703440259,1.0,0.9592153128738494,24.0,4.0,0.9405688156855234,30585.0,252.0,260.0,0.4668040293040293,1.0317460317460319,1.0,0.0005612219999023962,46.0,5.0,19.0,1719.0,3.0,0.4840889890171783,0.4842105263157895,0.10869565217391304,0.8913043478260869,3.0,1.745664414777082,0.06572077423334122,0.7034100294113159,0.08658800646662712,3.8,0.027890268713235855,0.0013687526589357124,0.0011594186141265506,0.0,0.0,0.00020356256315290366,-0.0014462591273060738,0.0,0.0,0.0,0.00036906270977066225,0.0,0.00047733034493424586,0.0,-5.9850135261330095e-05,8.0,12498.png,0.0,1.0,1.0,19.0,0.4224137931034483,0.5775862068965517,1.0,R244-F0-gtfree-merge-targeted-candidates,0.0,val
1.0,0.46164595131278957,0.3000908352058135,1.0,1.0,0.9493240180584179,0.11915764224487636,27.0,27.0,0.0,0.9035364226220607,1.0,0.9587163242636199,25.0,5.0,0.9401139546575376,30585.0,252.0,260.0,0.4668040293040293,1.0317460317460319,1.0,0.000524620565126153,43.0,16.0,4.0,987.0,3.0,0.2965745192307692,0.671875,1.0,0.0,3.0,2.0455213332380966,0.07559794932603836,0.542818009853363,0.10570907592773438,4.0,0.038032617419958115,-0.001081823397315329,-0.000914911920623318,1.0,1.0,-0.00027297540405468723,0.0,0.0,0.0,0.0,-0.0004946850121945179,0.0,-2.1658265295321222e-05,1.0,-0.0005147111632471946,8.0,12498.png,0.0,1.0,1.0,19.0,0.3917525773195876,0.6082474226804123,1.0,R244-F0-gtfree-merge-targeted-candidates,0.0,val
1.0,0.4606720895137841,0.29926832767442973,0.0,0.0,0.9493875133707614,0.11915764224487636,27.0,27.0,0.0,0.9036514656481525,1.0,0.9587213630982168,24.0,6.0,0.9402336549280601,30585.0,252.0,260.0,0.4668040293040293,1.0317460317460319,1.0,0.0004026157825386755,33.0,16.0,4.0,1045.0,3.0,0.31400240384615385,0.515625,1.0,0.0,2.23606797749979,1.4690517777157297,0.06694383174180984,0.5603090524673462,0.08632383346557618,4.0,0.025810547173023224,-0.0020556851963208223,-0.0017374194520070607,0.0,0.0,-0.00020948009171117832,0.0,0.0,0.0,0.0,-0.00037964198610274114,0.0,-1.661943069841687e-05,0.0,-0.0003950108927246454,8.0,12498.png,0.0,1.0,1.0,19.0,0.4791666666666667,0.5208333333333334,1.0,R244-F0-gtfree-merge-targeted-candidates,0.0,val
1.0,0.4595797917356588,0.29834702847315114,1.0,1.0,0.9492662930111915,0.1180288546333204,27.0,27.0,0.0,0.9034318464300511,1.0,0.959071972242245,25.0,7.0,0.9396590936295516,30585.0,252.0,260.0,0.4668040293040293,1.0317460317460319,1.0,0.001378654043238495,113.0,33.0,37.0,1830.0,4.0,0.2657952069716776,0.09254709254709255,0.7168141592920354,0.2831858407079646,3.0,1.6158642427193897,0.08448886126279831,0.5379490256309509,0.11342374980449677,1.121212121212121,0.04197877272963524,-0.003147982974446073,-0.002658718653285652,1.0,1.0,-0.00033070045128114067,-0.0011287876115559647,0.0,0.0,0.0,-0.0005992612042040601,0.0,0.00033398971332987415,1.0,-0.0009695721912331701,8.0,12498.png,0.0,1.0,1.0,19.0,0.4864864864864865,0.5135135135135135,1.0,R244-F0-gtfree-merge-targeted-candidates,0.0,val
1.0,0.4633931196706851,0.3015690776884807,0.0,0.0,0.9494917753417372,0.11894599456770961,27.0,27.0,0.0,0.9038404012977749,1.0,0.958797109939465,24.0,8.0,0.940365325225635,30585.0,252.0,260.0,0.4668040293040293,1.0317460317460319,1.0,0.0003416133912449368,28.0,3.0,13.0,1448.0,3.0,0.4654451944712311,0.717948717948718,0.7857142857142857,0.21428571428571427,3.0,2.3214285714285716,0.0649510994553566,0.7212885618209839,0.09250592961907388,4.333333333333333,0.02708699367940426,0.0006653449605801831,0.0005633305620438844,0.0,0.0,-0.00010521812073538417,-0.0002116476771667486,0.0,0.0,0.0,-0.00019070633648032853,0.0,5.9127410549808523e-05,0.0,-0.0002633405951497636,8.0,12498.png,0.0,1.0,1.0,19.0,0.2716049382716049,0.7283950617283951,1.0,R244-F0-gtfree-merge-targeted-candidates,0.0,val
1.0,0.4596702973211657,0.29842331581462017,0.0,0.0,0.9492224095934045,0.11915764224487636,27.0,27.0,0.0,0.9033523537803139,1.0,0.9587082595690128,24.0,12.0,0.9399224342247013,30585.0,252.0,260.0,0.4668040293040293,1.0317460317460319,1.0,0.0007198282172661168,59.0,18.0,21.0,845.0,2.0,0.18555116381203338,0.15608465608465608,1.0,0.0,2.8284271247461903,1.6093574035902551,0.06527692824602127,0.5826520323753357,0.08468311578035355,1.1666666666666667,0.025159064680337906,-0.0030574773889391893,-0.0025824313118166242,0.0,0.0,-0.00037458386906807917,0.0,0.0,0.0,0.0,-0.0006787538539413385,0.0,-2.972295990233409e-05,0.0,-0.0007062315960834065,8.0,12498.png,0.0,1.0,1.0,19.0,0.45930232558139533,0.5406976744186046,1.0,R244-F0-gtfree-merge-targeted-candidates,0.0,val
1.0,0.46258603555522837,0.30088580320804403,0.0,0.0,0.9495667307204235,0.11887544534198737,27.0,27.0,0.0,0.9039762529338672,1.0,0.958825539392756,24.0,13.0,0.9404850254961576,5368.0,101.0,74.0,0.7182231736687182,1.364864864864865,1.0,0.00024400956517495485,20.0,10.0,3.0,1666.0,3.0,0.5632183908045977,0.6666666666666666,0.6,0.4,2.0,1.4414213562373095,0.0980754941701889,0.5498039126396179,0.11783145889639854,3.3333333333333335,0.029829708859324455,-0.0001417391548765301,-0.00011994391839276197,0.0,0.0,-3.0262742049091962e-05,-0.0002821969028889981,0.0,0.0,0.0,-5.485470038801843e-05,0.0,8.755686384087635e-05,0.0,-0.0001436403246271034,8.0,12498.png,0.0,1.0,1.0,22.0,0.47058823529411764,0.5294117647058824,1.0,R244-F0-gtfree-merge-targeted-candidates,0.0,val
1.0,0.4622235307106319,0.3005791413392045,0.0,0.0,0.949531693757931,0.11905181840629299,27.0,27.0,0.0,0.9039127483577041,1.0,0.9587665348757749,24.0,14.0,0.9404730554691053,4176.0,66.0,77.0,0.8217237308146399,1.1666666666666667,1.0,0.0001952076521399639,16.0,8.0,2.0,1773.0,4.0,0.6332142857142857,1.0,0.8125,0.1875,2.0,1.5,0.06670176237821579,0.32058823108673096,0.07412304729223251,4.0,0.02104991115629673,-0.0005042439994730197,-0.0004266057872323037,0.0,0.0,-6.529970454161038e-05,-0.0001058238385833743,0.0,0.0,0.0,-0.00011835927655112766,0.0,2.8552346859722633e-05,0.0,-0.00015561035167943604,8.0,12498.png,0.0,1.0,1.0,13.0,0.42857142857142855,0.5714285714285714,1.0,R244-F0-gtfree-merge-targeted-candidates,0.0,val
1.0,0.46213878152033866,0.30050746840291076,0.0,0.0,0.9494446525906141,0.11915764224487636,27.0,27.0,0.0,0.903755004371635,1.0,0.9587258969978033,24.0,15.0,0.9403413851715305,30585.0,252.0,260.0,0.4668040293040293,1.0317460317460319,1.0,0.00029281147820994584,24.0,9.0,4.0,2053.0,4.0,0.6926450742240216,0.6666666666666666,1.0,0.0,3.0,1.7065590553849228,0.09338703006505966,0.6560457348823547,0.1341351717710495,2.25,0.04283134266734123,-0.0005889931897662404,-0.0004982787235260355,0.0,0.0,-0.00015234087185855838,0.0,0.0,0.0,0.0,-0.00027610326262017537,0.0,-1.2085531111871717e-05,0.0,-0.0002872806492542068,8.0,12498.png,0.0,1.0,1.0,19.0,0.5,0.5,1.0,R244-F0-gtfree-merge-targeted-candidates,0.0,val
1.0,0.46356543500662445,0.3017150522180703,0.0,0.0,0.9496392444073819,0.11866379766482063,27.0,27.0,0.0,0.9041076976182257,1.0,0.9588987601288685,24.0,17.0,0.9405568456584712,3790.0,65.0,76.0,0.7672064777327935,1.1692307692307693,1.0,0.00024400956517495485,20.0,10.0,4.0,1605.0,3.0,0.5321618037135278,0.5,0.3,0.7,2.0,1.4414213562373095,0.08367230743169785,0.32509806752204895,0.1127721205353737,2.5,0.029940346255898476,0.000837660296519549,0.0007093050916335275,0.0,0.0,4.225094490928338e-05,-0.0004938445800557328,0.0,0.0,0.0,7.658998397053196e-05,0.0,0.0001607775999533656,0.0,-7.18201623135517e-05,8.0,12498.png,0.0,1.0,1.0,12.0,0.4305555555555556,0.5694444444444444,1.0,R244-F0-gtfree-merge-targeted-candidates,0.0,val
1.0,0.46340566384700255,0.30157970320727623,1.0,1.0,0.9497289751817407,0.11834632614907051,27.0,27.0,0.0,0.9042703766354817,1.0,0.9590070904675315,25.0,18.0,0.9406286658207847,30585.0,252.0,260.0,0.4668040293040293,1.0317460317460319,1.0,0.0002806109999511981,23.0,8.0,4.0,649.0,2.0,0.22287087912087913,0.71875,0.0,1.0,3.0,1.9394651682222188,0.059223663061857224,0.5662405490875244,0.06999194622039795,2.0,0.025799527764320374,0.000677889136897647,0.0005739560808394328,1.0,1.0,0.00013198171926809277,-0.0008113160958058557,0.0,0.0,0.0,0.0002392690012265053,0.0,0.00026910793861634197,1.0,0.0,8.0,12498.png,0.0,1.0,1.0,19.0,0.3088235294117647,0.6911764705882353,0.0,R244-F0-gtfree-merge-targeted-candidates,0.0,val
1.0,0.4611364640070661,0.29966040082269096,0.0,0.0,0.9494065604679832,0.11915764224487636,27.0,27.0,0.0,0.90368597855598,1.0,0.9587228745087509,24.0,19.0,0.9402695650092169,30585.0,252.0,260.0,0.4668040293040293,1.0317460317460319,1.0,0.0003660143477624323,30.0,10.0,7.0,1108.0,4.0,0.34733542319749217,0.42857142857142855,1.0,0.0,2.8284271247461903,1.748601280844712,0.09659119695425034,0.5564706325531006,0.13375051468610763,1.4285714285714286,0.043165173381567,-0.0015913107030388063,-0.0013453463037458313,0.0,0.0,-0.00019043299448939788,0.0,0.0,0.0,0.0,-0.0003451290782752192,0.0,-1.5108020164245062e-05,0.0,-0.00035910081156786955,8.0,12498.png,0.0,1.0,1.0,19.0,0.42857142857142855,0.5714285714285714,1.0,R244-F0-gtfree-merge-targeted-candidates,0.0,val
1.0,0.4625064390315696,0.3008184559421816,0.0,0.0,0.949495437790803,0.11915764224487636,27.0,27.0,0.0,0.9038470387925084,1.0,0.9587299262947235,24.0,20.0,0.9404371453879485,30585.0,252.0,260.0,0.4668040293040293,1.0317460317460319,1.0,0.0001952076521399639,16.0,3.0,7.0,2025.0,4.0,0.7219251336898396,0.7619047619047619,1.0,0.0,3.0,1.9008883476483185,0.06685624271631241,0.6490195989608765,0.09158112853765488,2.3333333333333335,0.024014603346586227,-0.0002213356785352727,-0.00018729118425520053,0.0,0.0,-0.00010155567166958424,0.0,0.0,0.0,0.0,-0.0001840688417468206,0.0,-8.056234191644585e-06,0.0,-0.0001915204328362119,8.0,12498.png,0.0,1.0,1.0,19.0,0.44642857142857145,0.5535714285714286,1.0,R244-F0-gtfree-merge-targeted-candidates,0.0,val
1.0,0.46242136629511094,0.30074648291702555,0.0,0.0,0.949495437790803,0.11915764224487636,27.0,27.0,0.0,0.9038470387925084,1.0,0.9587299262947235,24.0,21.0,0.9404371453879485,30585.0,252.0,260.0,0.4668040293040293,1.0317460317460319,1.0,0.0001952076521399639,16.0,3.0,7.0,1511.0,4.0,0.538680926916221,0.7619047619047619,1.0,0.0,3.0,1.9375,0.07276400923728943,0.6850490570068359,0.0970977284014225,2.3333333333333335,0.03770926967263222,-0.0003064084149939639,-0.0002592642094112474,0.0,0.0,-0.00010155567166958424,0.0,0.0,0.0,0.0,-0.0001840688417468206,0.0,-8.056234191644585e-06,0.0,-0.0001915204328362119,8.0,12498.png,0.0,1.0,1.0,19.0,0.35714285714285715,0.6428571428571429,1.0,R244-F0-gtfree-merge-targeted-candidates,0.0,val
1.0,0.46266514554889043,0.30095274572700725,0.0,0.0,0.9495570836404945,0.11905181840629299,27.0,27.0,0.0,0.9039587671563833,1.0,0.9587685474424054,24.0,22.0,0.9405209355773144,3790.0,65.0,76.0,0.7672064777327935,1.1692307692307693,1.0,0.00014640573910497292,12.0,6.0,2.0,1628.0,4.0,0.6029629629629629,1.0,0.75,0.25,2.0,1.5,0.06271078437566757,0.3104575574398041,0.07781809195876122,3.0,0.01534208282828331,-6.262916121446693e-05,-5.300139942954196e-05,0.0,0.0,-3.9909821978101334e-05,-0.0001058238385833743,0.0,0.0,0.0,-7.234047787185727e-05,0.0,3.056491349018309e-05,0.0,-0.00010773024347032756,8.0,12498.png,0.0,1.0,1.0,12.0,0.4166666666666667,0.5833333333333334,1.0,R244-F0-gtfree-merge-targeted-candidates,0.0,val
1.0,0.4619405182567727,0.30033982673622744,0.0,0.0,0.9495183882624512,0.11901654379343186,27.0,27.0,0.0,0.9038886332259549,1.0,0.9587767255686811,24.0,23.0,0.9404371453879485,3790.0,65.0,76.0,0.7672064777327935,1.1692307692307693,1.0,0.00024400956517495485,20.0,10.0,6.0,1484.0,4.0,0.47381864623243936,0.3333333333333333,0.8,0.2,2.0,1.3535533905932737,0.09580089896917343,0.3137255012989044,0.11717373132705688,1.6666666666666667,0.02671276032924652,-0.000787256453332219,-0.0006659203902093513,0.0,0.0,-7.860520002145321e-05,-0.00014109845144449906,0.0,0.0,0.0,-0.00014247440830028602,0.0,3.874303976592053e-05,0.0,-0.0001915204328362119,8.0,12498.png,0.0,1.0,1.0,12.0,0.4625,0.5375,1.0,R244-F0-gtfree-merge-targeted-candidates,0.0,val
1.0,0.4615837503679717,0.30003827018752394,1.0,1.0,0.9494573493509947,0.11915764224487636,27.0,27.0,0.0,0.9037780129768533,1.0,0.9587269043957921,25.0,24.0,0.940365325225635,30585.0,252.0,260.0,0.4668040293040293,1.0317460317460319,1.0,0.0002684105216924503,22.0,9.0,6.0,1976.0,4.0,0.6419753086419753,0.4074074074074074,1.0,0.0,2.8284271247461903,1.5838075839368555,0.059316717088222504,0.45240649580955505,0.07285785675048828,1.5,0.023545609787106514,-0.0011440243421331764,-0.000967476938912859,1.0,1.0,-0.00013964411147793232,0.0,0.0,0.0,0.0,-0.00025309465740186443,0.0,-1.1078133123065825e-05,1.0,-0.0002633405951497636,8.0,12498.png,0.0,1.0,1.0,19.0,0.47368421052631576,0.5263157894736842,1.0,R244-F0-gtfree-merge-targeted-candidates,0.0,val
1.0,0.46258603555522837,0.30088580320804403,0.0,0.0,0.9494827419510781,0.11915764224487636,27.0,27.0,0.0,0.9038240301872901,1.0,0.9587289190442486,24.0,25.0,0.9404132053338441,5368.0,101.0,74.0,0.7182231736687182,1.364864864864865,1.0,0.00021960860865745938,18.0,5.0,9.0,1272.0,4.0,0.42105263157894735,0.4,1.0,0.0,2.0,1.36982523608291,0.10541176050901413,0.6126362085342407,0.1264000862836838,1.8,0.029938792809844017,-0.0001417391548765301,-0.00011994391839276197,0.0,0.0,-0.00011425151139454748,0.0,0.0,0.0,0.0,-0.00020707744696513153,0.0,-9.063484666560484e-06,0.0,-0.00021546048694065512,8.0,12498.png,0.0,1.0,1.0,22.0,0.4305555555555556,0.5694444444444444,1.0,R244-F0-gtfree-merge-targeted-candidates,0.0,val
1.0,0.4632477374733279,0.30144594465191993,0.0,0.0,0.9496773257921833,0.11866379766482063,27.0,27.0,0.0,0.9041767345529859,1.0,0.958901769371568,24.0,26.0,0.9406286658207847,30585.0,252.0,260.0,0.4668040293040293,1.0317460317460319,1.0,0.0001708066956224684,14.0,3.0,6.0,718.0,2.0,0.2607116920842411,0.7777777777777778,0.0,1.0,3.0,1.9255298092312965,0.067266546189785,0.596358597278595,0.09866698011755945,2.0,0.033455509692430496,0.0005199627632230253,0.0004401975254831325,0.0,0.0,8.033232971071946e-05,-0.0004938445800557328,0.0,0.0,0.0,0.00014562691873065692,0.0,0.0001637868426528355,0.0,0.0,8.0,12498.png,0.0,1.0,1.0,19.0,0.28846153846153844,0.7115384615384616,0.0,R244-F0-gtfree-merge-targeted-candidates,1.0,val
1.0,0.4619915332228971,0.3003829583532791,0.0,0.0,0.9495335234688451,0.11915764224487636,27.0,27.0,0.0,0.9039160646081634,1.0,0.9587329477511775,24.0,27.0,0.9405089655502621,4176.0,66.0,77.0,0.8217237308146399,1.1666666666666667,1.0,0.00012200478258747743,10.0,2.0,5.0,1396.0,3.0,0.5267924528301887,1.0,1.0,0.0,2.0,1.382842712474619,0.10257025808095932,0.4396078586578369,0.12748633772134782,2.5,0.030348481610417366,-0.0007362414872078005,-0.0006227887731576898,0.0,0.0,-6.346999362749628e-05,0.0,0.0,0.0,0.0,-0.00011504302609177675,0.0,-5.034777737722429e-06,0.0,-0.00011970027052266019,8.0,12498.png,0.0,1.0,1.0,13.0,0.5,0.5,1.0,R244-F0-gtfree-merge-targeted-candidates,0.0,val
1.0,0.4627277747101049,0.3010057471264368,0.0,0.0,0.9495902927171207,0.118769621503404,27.0,27.0,0.0,0.9040189614902259,1.0,0.9588611456884137,24.0,28.0,0.9404969955232099,30585.0,252.0,260.0,0.4668040293040293,1.0317460317460319,1.0,0.0002684105216924503,22.0,9.0,8.0,1917.0,4.0,0.6005639097744361,0.3055555555555556,0.5,0.5,2.23606797749979,1.4256844628178067,0.07699543982744217,0.5880570411682129,0.09902060031890869,1.125,0.026923300698399544,0.0,0.0,0.0,0.0,-6.700745351917448e-06,-0.00038802074147235854,0.0,0.0,0.0,-1.2146144029334671e-05,0.0,0.0001231631594985627,0.0,-0.0001316702975748818,8.0,12498.png,0.0,2.0,2.0,19.0,0.5,0.5,1.0,R244-F0-gtfree-merge-targeted-candidates,0.0,val
1.0,0.46207074239022417,0.3004499329887038,0.0,0.0,0.9495329135799485,0.11912236763201524,27.0,27.0,0.0,0.9039149592167781,1.0,0.9587441429129246,24.0,30.0,0.9404969955232099,5368.0,101.0,74.0,0.7182231736687182,1.364864864864865,1.0,0.00014640573910497292,12.0,3.0,6.0,724.0,3.0,0.26289034132171385,0.6666666666666666,0.9166666666666666,0.08333333333333333,2.0,1.4023689270621826,0.07353004068136215,0.5617647171020508,0.07932269275188446,2.0,0.021605730056762695,-0.0006570323198807348,-0.0005558141377329795,0.0,0.0,-6.407988252410401e-05,-3.5274612861124766e-05,0.0,0.0,0.0,-0.00011614841747709104,0.0,6.160384009468167e-06,0.0,-0.0001316702975748818,8.0,12498.png,0.0,1.0,1.0,22.0,0.46153846153846156,0.5384615384615384,1.0,R244-F0-gtfree-merge-targeted-candidates,0.0,val
1.0,0.4623085983510012,0.30065109153581004,0.0,0.0,0.9495208285496756,0.11915764224487636,27.0,27.0,0.0,0.9038930560029451,1.0,0.9587319406481843,24.0,31.0,0.9404850254961576,3790.0,65.0,76.0,0.7672064777327935,1.1692307692307693,1.0,0.00014640573910497292,12.0,4.0,6.0,1086.0,4.0,0.38675213675213677,0.5,1.0,0.0,2.0,1.3535533905932737,0.08950591832399368,0.33366015553474426,0.1260612666606903,1.5,0.03298387676477432,-0.0004191763591037123,-0.0003546555906267512,0.0,0.0,-7.616491279704984e-05,0.0,0.0,0.0,0.0,-0.00013805163131008769,0.0,-6.041880730833782e-06,0.0,-0.0001436403246271034,8.0,12498.png,0.0,1.0,1.0,12.0,0.44642857142857145,0.5535714285714286,1.0,R244-F0-gtfree-merge-targeted-candidates,0.0,val
1.0,0.46207074239022417,0.3004499329887038,0.0,0.0,0.9495208285496756,0.11915764224487636,27.0,27.0,0.0,0.9038930560029451,1.0,0.9587319406481843,24.0,32.0,0.9404850254961576,4318.0,85.0,82.0,0.6195121951219512,1.0365853658536586,1.0,0.00014640573910497292,12.0,4.0,6.0,1569.0,4.0,0.5587606837606838,0.5,1.0,0.0,2.0,1.3535533905932737,0.08417713642120361,0.5741830468177795,0.10027554705739021,1.5,0.028480160981416702,-0.0006570323198807348,-0.0005558141377329795,0.0,0.0,-7.616491279704984e-05,0.0,0.0,0.0,0.0,-0.00013805163131008769,0.0,-6.041880730833782e-06,0.0,-0.0001436403246271034,8.0,12498.png,0.0,1.0,1.0,23.0,0.42857142857142855,0.5714285714285714,1.0,R244-F0-gtfree-merge-targeted-candidates,0.0,val
1.0,0.4625915430758473,0.30089046342397546,0.0,0.0,0.9496428959866584,0.11887544534198737,27.0,27.0,0.0,0.9041143172718487,1.0,0.9588315681585241,24.0,33.0,0.9406286658207847,30585.0,252.0,260.0,0.4668040293040293,1.0317460317460319,1.0,9.760382606998194e-05,8.0,4.0,2.0,1020.0,3.0,0.3923076923076923,1.0,0.0,1.0,2.0,1.5,0.04536896571516991,0.5808823704719543,0.05503623485565186,2.0,0.014333520084619522,-0.00013623163425757756,-0.0001152837024613329,0.0,0.0,4.590252418579244e-05,-0.0002821969028889981,0.0,0.0,0.0,8.320963759345101e-05,0.0,9.358562960892769e-05,0.0,0.0,8.0,12498.png,0.0,1.0,1.0,19.0,0.4,0.6,1.0,R244-F0-gtfree-merge-targeted-candidates,1.0,val
1.0,0.4625915430758473,0.30089046342397546,0.0,0.0,0.9495703875575535,0.11908709301915411,27.0,27.0,0.0,0.903982881203838,1.0,0.958758358143394,24.0,34.0,0.9405568456584712,30585.0,252.0,260.0,0.4668040293040293,1.0317460317460319,1.0,9.760382606998194e-05,8.0,2.0,4.0,1199.0,3.0,0.46115384615384614,1.0,0.75,0.25,2.0,1.5,0.054891861975193024,0.6524510383605957,0.06568594723939895,2.0,0.019205428659915924,-0.00013623163425757756,-0.0001152837024613329,0.0,0.0,-2.660590491909698e-05,-7.054922572224953e-05,0.0,0.0,0.0,-4.822643041724195e-05,0.0,2.0375614478873594e-05,0.0,-7.18201623135517e-05,8.0,12498.png,0.0,1.0,1.0,19.0,0.35,0.65,1.0,R244-F0-gtfree-merge-targeted-candidates,0.0,val
1.0,0.4631183745583039,0.30133639890788905,0.0,0.0,0.9496428959866584,0.11887544534198737,27.0,27.0,0.0,0.9041143172718487,1.0,0.9588315681585241,24.0,36.0,0.9406286658207847,4318.0,85.0,82.0,0.6195121951219512,1.0365853658536586,1.0,9.760382606998194e-05,8.0,4.0,2.0,1364.0,4.0,0.5246153846153846,1.0,0.0,1.0,2.0,1.426776695296637,0.08734167367219925,0.6480392217636108,0.09914836958050728,2.0,0.028125464916229248,0.0003905998481990025,0.0003306517814522514,0.0,0.0,4.590252418579244e-05,-0.0002821969028889981,0.0,0.0,0.0,8.320963759345101e-05,0.0,9.358562960892769e-05,0.0,0.0,8.0,12498.png,0.0,1.0,1.0,23.0,0.475,0.525,0.0,R244-F0-gtfree-merge-targeted-candidates,1.0,val
1.0,0.46361662188523683,0.30175842077523835,0.0,0.0,0.9496601105773589,0.118769621503404,27.0,27.0,0.0,0.90414552483518,1.0,0.958866667480141,24.0,37.0,0.9406286658207847,30585.0,252.0,260.0,0.4668040293040293,1.0317460317460319,1.0,0.00013420526084622516,11.0,4.0,5.0,1424.0,3.0,0.5166908563134979,0.55,0.0,1.0,2.23606797749979,1.4071553331471884,0.06359844654798508,0.6081996560096741,0.0855569913983345,1.25,0.017811045050621033,0.0008888471751319349,0.0007526736488015495,0.0,0.0,6.311711488626859e-05,-0.00038802074147235854,0.0,0.0,0.0,0.0001144172009247546,0.0,0.00012868495122586587,0.0,0.0,8.0,12498.png,0.0,1.0,1.0,19.0,0.4423076923076923,0.5576923076923077,0.0,R244-F0-gtfree-merge-targeted-candidates,1.0,val
1.0,0.4605984762044978,0.2992061973986228,0.0,0.0,0.9493998331862632,0.118769621503404,27.0,27.0,0.0,0.90367378873126,1.0,0.9588460787186248,24.0,1.0,0.940137894711642,3004.0,52.0,79.0,0.7312560856864654,1.5192307692307692,1.0,0.0006344248694548826,52.0,2.0,26.0,2362.0,4.0,0.6383783783783784,1.0,0.7884615384615384,0.21153846153846154,2.0,1.4887348761994825,0.13776259124279022,0.5291101932525635,0.1640584036707878,13.0,0.04580950736999512,-0.0021292985056071134,-0.0017995497278139871,0.0,0.0,-0.00019716027620941823,-0.00038802074147235854,0.0,0.0,0.0,-0.000357318902995174,0.0,0.00010809618970963886,0.0,-0.0004907711091427513,10.0,12498.png,0.0,1.0,1.0,21.0,0.484375,0.515625,1.0,R244-F0-gtfree-merge-targeted-candidates,0.0,val
1.0,0.4662743655755793,0.3040141959618244,2.0,2.0,0.9498479416192555,0.1164062224417087,27.0,27.0,0.0,0.9044861018354329,1.0,0.959635941604056,26.0,3.0,0.9402575949821647,30585.0,252.0,260.0,0.4668040293040293,1.0317460317460319,1.0,0.001329852130203504,109.0,41.0,16.0,3594.0,4.0,0.6309691011235955,0.16615853658536586,0.28440366972477066,0.7155963302752294,3.1622776601683795,1.7412709446182577,0.06570897996425629,0.45522576570510864,0.08476293981075286,2.5625,0.0322512723505497,0.003546590865474375,0.0030084488353875893,2.0,2.0,0.00025094815678283755,-0.0027514198031676623,0.0,0.0,0.0,0.000454994201177672,0.0,0.0008979590751407862,2.0,-0.00037107083862009116,10.0,12498.png,0.0,1.0,1.0,19.0,0.48770491803278687,0.5122950819672131,1.0,R244-F0-gtfree-merge-targeted-candidates,0.0,val
1.0,0.45611452544805503,0.29543287566742943,1.0,1.0,0.9486695694242864,0.11915764224487636,27.0,27.0,0.0,0.9023514794533155,1.0,0.9586643525874502,25.0,4.0,0.9388810418711546,7998.0,91.0,131.0,0.6709168693901518,1.4395604395604396,1.0,0.0017812698257771704,146.0,30.0,53.0,2317.0,3.0,0.2941101802487941,0.09182389937106918,1.0,0.0,2.8284271247461903,1.648165038938411,0.09521470963954926,0.5820574760437012,0.12585558742284775,1.7666666666666666,0.03597057983279228,-0.0066132492620498695,-0.005572871459007367,1.0,1.0,-0.000927424038186242,0.0,0.0,0.0,0.0,-0.0016796281809396962,0.0,-7.362994146498103e-05,1.0,-0.0017476239496301282,10.0,12498.png,0.0,1.0,1.0,20.0,0.4942528735632184,0.5057471264367817,1.0,R244-F0-gtfree-merge-targeted-candidates,0.0,val
1.0,0.4614762534921335,0.2999474363262771,1.0,1.0,0.9492732162823728,0.11915764224487636,27.0,27.0,0.0,0.9034443882011872,1.0,0.9587122923101339,25.0,5.0,0.9400181944411194,30585.0,252.0,260.0,0.4668040293040293,1.0317460317460319,1.0,0.0006222243911961348,51.0,20.0,4.0,1054.0,3.0,0.2980769230769231,0.6375,1.0,0.0,3.1622776601683795,2.0820429429735787,0.0716080442070961,0.5420223474502563,0.10570907592773438,5.0,0.03730294108390808,-0.0012515212179713964,-0.001058310800159723,1.0,1.0,-0.0003237771800997935,0.0,0.0,0.0,0.0,-0.0005867194330679837,0.0,-2.5690218781293517e-05,1.0,-0.0006104713796653005,10.0,12498.png,0.0,1.0,1.0,19.0,0.38461538461538464,0.6153846153846154,1.0,R244-F0-gtfree-merge-targeted-candidates,0.0,val
1.0,0.4631919905771496,0.30139873538992146,0.0,0.0,0.9496247235282032,0.11855797382623726,27.0,27.0,0.0,0.9040813743426882,1.0,0.9589313610622925,24.0,9.0,0.9404969955232099,2792.0,56.0,64.0,0.7790178571428571,1.1428571428571428,1.0,0.0003416133912449368,28.0,14.0,3.0,1928.0,4.0,0.6097406704617331,0.6666666666666666,0.39285714285714285,0.6071428571428571,2.0,1.4372371673971174,0.08303774893283844,0.3733893930912018,0.12017479464411736,4.666666666666667,0.030777927488088608,0.00046421586704470386,0.00039298826348466154,0.0,0.0,2.7730065730535713e-05,-0.0005996684186391071,0.0,0.0,0.0,5.026670843299996e-05,0.0,0.0001933785333773086,0.0,-0.0001316702975748818,10.0,12498.png,0.0,1.0,1.0,15.0,0.4942528735632184,0.5057471264367817,1.0,R244-F0-gtfree-merge-targeted-candidates,0.0,val
1.0,0.46333664130554636,0.30152123995407576,0.0,0.0,0.9494854269777673,0.11894599456770961,27.0,27.0,0.0,0.903828896201017,1.0,0.9587966070665772,24.0,11.0,0.9403533551985828,30585.0,252.0,260.0,0.4668040293040293,1.0317460317460319,1.0,0.00035381386950368457,29.0,3.0,13.0,1449.0,3.0,0.46576663452266154,0.7435897435897436,0.7931034482758621,0.20689655172413793,3.0,2.3448275862068964,0.06399527192115784,0.7227857112884521,0.09200871586799621,4.333333333333333,0.027769871056079865,0.0006088665954414596,0.0005154928276389636,0.0,0.0,-0.00011156648470533881,-0.0002116476771667486,0.0,0.0,0.0,-0.00020221143323817525,0.0,5.862453766203313e-05,0.0,-0.0002753106222019852,10.0,12498.png,0.0,1.0,1.0,19.0,0.275,0.725,1.0,R244-F0-gtfree-merge-targeted-candidates,0.0,val
1.0,0.46215520411916144,0.30052135648347444,3.0,3.0,0.9494475739187196,0.11859324843909838,27.0,27.0,0.0,0.9037602982464215,1.0,0.9589061164692956,27.0,13.0,0.9401738047927989,5368.0,101.0,74.0,0.7182231736687182,1.364864864864865,1.0,0.0006588258259723781,54.0,24.0,11.0,2409.0,4.0,0.567090395480226,0.20454545454545456,0.7037037037037037,0.2962962962962963,2.23606797749979,1.5419768040968345,0.09877807646989822,0.5477850437164307,0.1280980095267296,2.1818181818181817,0.03445152938365936,-0.0005725705909434553,-0.00048439064296235124,3.0,3.0,-0.00014941954375302657,-0.0005643938057779824,0.0,0.0,0.0,-0.0002708093878337481,0.0,0.00016813394038039942,3.0,-0.0004548610279858645,10.0,12498.png,0.0,1.0,1.0,22.0,0.46794871794871795,0.532051282051282,1.0,R244-F0-gtfree-merge-targeted-candidates,0.0,val
1.0,0.4627892432770482,0.30105777054515864,1.0,1.0,0.9495147273891971,0.11880489611626513,27.0,27.0,0.0,0.9038819982971673,1.0,0.9588439193477518,25.0,14.0,0.940365325225635,7998.0,91.0,131.0,0.6709168693901518,1.4395604395604396,1.0,0.0003904153042799278,32.0,15.0,5.0,1652.0,4.0,0.4947589098532495,0.4266666666666667,0.6875,0.3125,2.8284271247461903,1.6073789373080383,0.07924619317054749,0.49289217591285706,0.09998041465878486,3.0,0.027212517336010933,6.146856694327907e-05,5.2023418721847126e-05,1.0,1.0,-8.22660732755498e-05,-0.0003527461286112338,0.0,0.0,0.0,-0.00014910933708789376,0.0,0.0001059368188366383,1.0,-0.0002633405951497636,10.0,12498.png,0.0,1.0,1.0,20.0,0.4166666666666667,0.5833333333333334,1.0,R244-F0-gtfree-merge-targeted-candidates,0.0,val
1.0,0.4595688323155029,0.29833779136415745,0.0,0.0,0.949203355818283,0.11915764224487636,27.0,27.0,0.0,0.9033178408724863,1.0,0.9587067470879832,24.0,15.0,0.9398865241435446,30585.0,252.0,260.0,0.4668040293040293,1.0317460317460319,1.0,0.0007564296520423601,62.0,19.0,22.0,864.0,2.0,0.18422174840085287,0.14832535885167464,1.0,0.0,3.1622776601683795,1.6631349108386038,0.06469842046499252,0.5817835927009583,0.08452221304178238,1.1578947368421053,0.02512112259864807,-0.0031589423946020156,-0.0026679557622793504,0.0,0.0,-0.0003936376441896483,0.0,0.0,0.0,0.0,-0.0007132667617688604,0.0,-3.1235440931975944e-05,0.0,-0.0007421416772401823,10.0,12498.png,0.0,1.0,1.0,19.0,0.4444444444444444,0.5555555555555556,1.0,R244-F0-gtfree-merge-targeted-candidates,0.0,val
1.0,0.46162906253450625,0.30007656235046415,0.0,0.0,0.9494878689911472,0.11908709301915411,27.0,27.0,0.0,0.903833321828766,1.0,0.9587518152862355,24.0,16.0,0.9404012353067918,7998.0,91.0,131.0,0.6709168693901518,1.4395604395604396,1.0,0.0002562100434337026,21.0,3.0,10.0,1556.0,3.0,0.5260311020960108,0.7,0.9047619047619048,0.09523809523809523,2.23606797749979,1.479261671535523,0.07534632086753845,0.4870215058326721,0.09936149418354034,3.3333333333333335,0.030463475733995438,-0.0010987121755986484,-0.0009291847759726468,0.0,0.0,-0.00010912447132538361,-7.054922572224953e-05,0.0,0.0,0.0,-0.00019778580548923674,0.0,1.3832757320364486e-05,0.0,-0.00022743051399298775,10.0,12498.png,0.0,1.0,1.0,20.0,0.4411764705882353,0.5588235294117647,1.0,R244-F0-gtfree-merge-targeted-candidates,0.0,val
1.0,0.4625349624613573,0.3008425890463424,0.0,0.0,0.9494256068745883,0.11915764224487636,27.0,27.0,0.0,0.9037204914638075,1.0,0.9587243858086091,24.0,18.0,0.9403054750903737,5368.0,101.0,74.0,0.7182231736687182,1.364864864864865,1.0,0.00032941291298618905,27.0,7.0,13.0,1428.0,4.0,0.4256333830104322,0.2967032967032967,1.0,0.0,2.23606797749979,1.4211715145041202,0.09892802685499191,0.6151053309440613,0.1211880311369896,1.8571428571428572,0.028930040076375008,-0.00019281224874762026,-0.00016315808009437216,0.0,0.0,-0.0001713865878842924,0.0,0.0,0.0,0.0,-0.0003106161704476973,0.0,-1.3596720306097154e-05,0.0,-0.0003231907304110937,10.0,12498.png,0.0,1.0,1.0,22.0,0.4375,0.5625,1.0,R244-F0-gtfree-merge-targeted-candidates,0.0,val
1.0,0.46347922030158145,0.30164201254248646,1.0,1.0,0.9497404535868166,0.11827577692334827,27.0,27.0,0.0,0.904291188621273,1.0,0.959030498297514,25.0,20.0,0.9406286658207847,30585.0,252.0,260.0,0.4668040293040293,1.0317460317460319,1.0,0.0003050119564686936,25.0,8.0,4.0,651.0,2.0,0.22355769230769232,0.78125,0.0,1.0,3.1622776601683795,2.0372901675779116,0.05811765044927597,0.5687843561172485,0.06972473114728928,2.0,0.0262594036757946,0.0007514455914765517,0.0006362654160496639,1.0,1.0,0.0001434601243439637,-0.0008818653215280914,0.0,0.0,0.0,0.0002600809870177967,0.0,0.0002925157685987889,1.0,0.0,10.0,12498.png,0.0,1.0,1.0,19.0,0.3088235294117647,0.6911764705882353,0.0,R244-F0-gtfree-merge-targeted-candidates,0.0,val
1.0,0.46207074239022417,0.3004499329887038,0.0,0.0,0.9494256068745883,0.11915764224487636,27.0,27.0,0.0,0.9037204914638075,1.0,0.9587243858086091,24.0,21.0,0.9403054750903737,30585.0,252.0,260.0,0.4668040293040293,1.0317460317460319,1.0,0.00032941291298618905,27.0,9.0,5.0,2076.0,4.0,0.6871896722939425,0.6,1.0,0.0,3.1622776601683795,1.8559407323822625,0.087798111140728,0.6602759957313538,0.13264963030815125,1.8,0.042279016226530075,-0.0006570323198807348,-0.0005558141377329795,0.0,0.0,-0.0001713865878842924,0.0,0.0,0.0,0.0,-0.0003106161704476973,0.0,-1.3596720306097154e-05,0.0,-0.0003231907304110937,10.0,12498.png,0.0,1.0,1.0,19.0,0.4722222222222222,0.5277777777777778,1.0,R244-F0-gtfree-merge-targeted-candidates,0.0,val
1.0,0.4610685899322932,0.2996030797188083,0.0,0.0,0.9493811641848772,0.11915764224487636,27.0,27.0,0.0,0.9036399613455433,1.0,0.9587208592701086,24.0,22.0,0.9402216849010079,30585.0,252.0,260.0,0.4668040293040293,1.0317460317460319,1.0,0.00041481626079742324,34.0,10.0,8.0,1113.0,4.0,0.3426724137931034,0.425,1.0,0.0,3.1622776601683795,1.9050970156056672,0.09187726676464081,0.5615917444229126,0.132797771692276,1.25,0.04608546942472458,-0.0016591847778116842,-0.0014026674076285106,0.0,0.0,-0.00021582927759544734,0.0,0.0,0.0,0.0,-0.0003911462887119521,0.0,-1.7123258806539532e-05,0.0,-0.000406980919776867,10.0,12498.png,0.0,1.0,1.0,19.0,0.4090909090909091,0.5909090909090909,1.0,R244-F0-gtfree-merge-targeted-candidates,0.0,val
1.0,0.46363803568144196,0.3017765646698271,1.0,1.0,0.9496189848862998,0.11859324843909838,27.0,27.0,0.0,0.904070971602154,1.0,0.9589196577858599,25.0,23.0,0.9404969955232099,7998.0,91.0,131.0,0.6709168693901518,1.4395604395604396,1.0,0.00032941291298618905,27.0,7.0,11.0,1936.0,4.0,0.5966101694915255,0.35064935064935066,0.4074074074074074,0.5925925925925926,2.8284271247461903,1.7309884842075183,0.07252483069896698,0.44691357016563416,0.09212175309658051,1.5714285714285714,0.027221394702792168,0.0009102609713370624,0.0007708175433903119,1.0,1.0,2.1991423827194545e-05,-0.0005643938057779824,0.0,0.0,0.0,3.986396789878999e-05,0.0,0.00018167525694468,1.0,-0.0001316702975748818,10.0,12498.png,0.0,1.0,1.0,20.0,0.42045454545454547,0.5795454545454546,1.0,R244-F0-gtfree-merge-targeted-candidates,0.0,val
1.0,0.46135159010600707,0.29984211281756856,0.0,0.0,0.9494573493509947,0.11915764224487636,27.0,27.0,0.0,0.9037780129768533,1.0,0.9587269043957921,24.0,24.0,0.940365325225635,2792.0,56.0,64.0,0.7790178571428571,1.1428571428571428,1.0,0.0002684105216924503,22.0,11.0,6.0,1961.0,4.0,0.6155053358443189,0.3333333333333333,1.0,0.0,2.0,1.366866718721158,0.07425888627767563,0.32602497935295105,0.09118068739771844,1.8333333333333333,0.02158629521727562,-0.0013761846040978298,-0.0011636343088682333,0.0,0.0,-0.00013964411147793232,0.0,0.0,0.0,0.0,-0.00025309465740186443,0.0,-1.1078133123065825e-05,0.0,-0.0002633405951497636,10.0,12498.png,0.0,1.0,1.0,15.0,0.4642857142857143,0.5357142857142857,1.0,R244-F0-gtfree-merge-targeted-candidates,0.0,val
1.0,0.4613234266377313,0.29981832090265825,0.0,0.0,0.9493983767352193,0.11905181840629299,27.0,27.0,0.0,0.903671149664638,1.0,0.958755965676761,24.0,25.0,0.9402216849010079,7998.0,91.0,131.0,0.6709168693901518,1.4395604395604396,1.0,0.0004514176955736665,37.0,13.0,12.0,1074.0,3.0,0.2934426229508197,0.23717948717948717,0.918918918918919,0.08108108108108109,2.8284271247461903,1.7741878654718863,0.08963503688573837,0.49613142013549805,0.10817472487688065,1.0833333333333333,0.03104790300130844,-0.0014043480723736068,-0.0011874262237785427,0.0,0.0,-0.00019861672725329793,-0.0001058238385833743,0.0,0.0,0.0,-0.0003599579696171862,0.0,1.798314784584587e-05,0.0,-0.000406980919776867,10.0,12498.png,0.0,1.0,1.0,20.0,0.4051724137931034,0.5948275862068966,1.0,R244-F0-gtfree-merge-targeted-candidates,0.0,val
1.0,0.4620877502944641,0.3004643147766981,0.0,0.0,0.9494700458044789,0.11915764224487636,27.0,27.0,0.0,0.9038010215820717,1.0,0.958727911744606,24.0,26.0,0.9403892652797395,3004.0,52.0,79.0,0.7312560856864654,1.5192307692307692,1.0,0.00024400956517495485,20.0,10.0,5.0,1346.0,4.0,0.4378659726740403,0.4,1.0,0.0,2.0,1.382842712474619,0.11422695964574814,0.5482353568077087,0.1427015870809555,2.0,0.041234321892261505,-0.0006400244156408164,-0.0005414323497386908,0.0,0.0,-0.00012694765799370344,0.0,0.0,0.0,0.0,-0.0002300860521835535,0.0,-1.0070784309146319e-05,0.0,-0.00023940054104520936,10.0,12498.png,0.0,1.0,1.0,21.0,0.4868421052631579,0.5131578947368421,1.0,R244-F0-gtfree-merge-targeted-candidates,0.0,val
1.0,0.4625064390315696,0.3008184559421816,0.0,0.0,0.9494890899092991,0.11915764224487636,27.0,27.0,0.0,0.9038355344898992,1.0,0.9587294226756318,24.0,27.0,0.9404251753608963,30585.0,252.0,260.0,0.4668040293040293,1.0317460317460319,1.0,0.00020740813039871162,17.0,3.0,7.0,2026.0,4.0,0.7222816399286988,0.8095238095238095,1.0,0.0,3.0,1.9655419742572406,0.06511364877223969,0.6502884030342102,0.08958751559257508,2.3333333333333335,0.023843927308917046,-0.0002213356785352727,-0.00018729118425520053,0.0,0.0,-0.00010790355317347178,0.0,0.0,0.0,0.0,-0.00019557314435603157,0.0,-8.55985328340747e-06,0.0,-0.0002034904598884335,10.0,12498.png,0.0,1.0,1.0,19.0,0.44642857142857145,0.5535714285714286,1.0,R244-F0-gtfree-merge-targeted-candidates,0.0,val
1.0,0.4632531450011035,0.3014505241993394,0.0,0.0,0.9496888029488186,0.11859324843909838,27.0,27.0,0.0,0.9041975422285635,1.0,0.9589251720603309,24.0,28.0,0.9406286658207847,30585.0,252.0,260.0,0.4668040293040293,1.0317460317460319,1.0,0.0001952076521399639,16.0,3.0,7.0,720.0,2.0,0.25668449197860965,0.7619047619047619,0.0,1.0,3.1622776601683795,2.022235185431645,0.06695540994405746,0.5914216041564941,0.09683365374803543,2.3333333333333335,0.03416546806693077,0.0005253702909985836,0.00044477707290258017,0.0,0.0,9.180948634601727e-05,-0.0005643938057779824,0.0,0.0,0.0,0.00016643459430831786,0.0,0.00018718953141572126,0.0,0.0,10.0,12498.png,0.0,1.0,1.0,19.0,0.26785714285714285,0.7321428571428571,0.0,R244-F0-gtfree-merge-targeted-candidates,1.0,val
1.0,0.46151015602001766,0.29997608227696726,1.0,1.0,0.9494510010091671,0.11915764224487636,27.0,27.0,0.0,0.9037665086742441,1.0,0.9587264007029448,25.0,31.0,0.9403533551985828,30585.0,252.0,260.0,0.4668040293040293,1.0317460317460319,1.0,0.0002806109999511981,23.0,9.0,6.0,1977.0,4.0,0.6423001949317739,0.42592592592592593,1.0,0.0,2.8284271247461903,1.637921477015522,0.058356523513793945,0.4537085294723511,0.07285785675048828,1.5,0.023824090138077736,-0.001217618690087241,-0.001029664849469536,1.0,1.0,-0.00014599245330548793,0.0,0.0,0.0,0.0,-0.0002645989600110754,0.0,-1.1581825970385928e-05,1.0,-0.0002753106222019852,10.0,12498.png,0.0,1.0,1.0,19.0,0.47368421052631576,0.5263157894736842,1.0,R244-F0-gtfree-merge-targeted-candidates,0.0,val
1.0,0.46207074239022417,0.3004499329887038,0.0,0.0,0.9495259560942891,0.11908709301915411,27.0,27.0,0.0,0.9039023492326453,1.0,0.9587548353244091,24.0,33.0,0.9404730554691053,5368.0,101.0,74.0,0.7182231736687182,1.364864864864865,1.0,0.00018300717388121615,15.0,4.0,7.0,725.0,2.0,0.2534965034965035,0.5357142857142857,0.8666666666666667,0.13333333333333333,2.23606797749979,1.4319139109746049,0.0778491273522377,0.5626144409179688,0.08766173869371414,1.75,0.026553649455308914,-0.0006570323198807348,-0.0005558141377329795,0.0,0.0,-7.103736818347972e-05,-7.054922572224953e-05,0.0,0.0,0.0,-0.00012875840160986307,0.0,1.6852795493904615e-05,0.0,-0.00015561035167943604,10.0,12498.png,0.0,1.0,1.0,22.0,0.45,0.55,1.0,R244-F0-gtfree-merge-targeted-candidates,0.0,val
1.0,0.46265415056138415,0.30094344140606294,0.0,0.0,0.9495839451786589,0.118769621503404,27.0,27.0,0.0,0.9040074557315937,1.0,0.958860643633834,24.0,34.0,0.9404850254961576,30585.0,252.0,260.0,0.4668040293040293,1.0317460317460319,1.0,0.0002806109999511981,23.0,9.0,8.0,1918.0,4.0,0.6008771929824561,0.3194444444444444,0.5217391304347826,0.4782608695652174,2.8284271247461903,1.4866732742059974,0.07526660710573196,0.5895993113517761,0.09902060031890869,1.125,0.02730710431933403,-7.362414872075229e-05,-6.23057203738564e-05,0.0,0.0,-1.304828381376577e-05,-0.00038802074147235854,0.0,0.0,0.0,-2.3651902661514512e-05,0.0,0.00012266110491887527,0.0,-0.0001436403246271034,10.0,12498.png,0.0,2.0,2.0,19.0,0.5,0.5,1.0,R244-F0-gtfree-merge-targeted-candidates,0.0,val
1.0,0.4622179690087968,0.30057443752991864,0.0,0.0,0.949545608353072,0.11912236763201524,27.0,27.0,0.0,0.9039379680866975,1.0,0.9587451497181345,24.0,36.0,0.9405209355773144,7998.0,91.0,131.0,0.6709168693901518,1.4395604395604396,1.0,0.00012200478258747743,10.0,5.0,2.0,810.0,3.0,0.30566037735849055,1.0,0.9,0.1,2.0,1.4414213562373095,0.08291544765233994,0.5713726282119751,0.10102941244840621,2.5,0.02486719749867916,-0.000509805701308097,-0.00043130959651815903,0.0,0.0,-5.138510940061458e-05,-3.5274612861124766e-05,0.0,0.0,0.0,-9.313954755774123e-05,0.0,7.167189219337011e-06,0.0,-0.00010773024347032756,10.0,12498.png,0.0,1.0,1.0,20.0,0.45454545454545453,0.5454545454545454,1.0,R244-F0-gtfree-merge-targeted-candidates,0.0,val
1.0,0.46231969384751254,0.3006604766918733,1.0,1.0,0.9495208285496756,0.11915764224487636,27.0,27.0,0.0,0.9038930560029451,1.0,0.9587319406481843,25.0,37.0,0.9404850254961576,5368.0,101.0,74.0,0.7182231736687182,1.364864864864865,1.0,0.00014640573910497292,12.0,3.0,6.0,926.0,3.0,0.33623819898329704,0.6666666666666666,1.0,0.0,2.23606797749979,1.5053745918538315,0.07604748010635376,0.5696079134941101,0.0825689636170864,2.0,0.023040952160954475,-0.00040808086259236376,-0.0003452704345635049,1.0,1.0,-7.616491279704984e-05,0.0,0.0,0.0,0.0,-0.00013805163131008769,0.0,-6.041880730833782e-06,1.0,-0.0001436403246271034,10.0,12498.png,0.0,1.0,1.0,22.0,0.4423076923076923,0.5576923076923077,1.0,R244-F0-gtfree-merge-targeted-candidates,0.0,val
1.0,0.4626596488645147,0.30094809423482094,0.0,0.0,0.9495208285496756,0.11915764224487636,27.0,27.0,0.0,0.9038930560029451,1.0,0.9587319406481843,24.0,40.0,0.9404850254961576,2199.0,53.0,56.0,0.7409029649595688,1.0566037735849056,1.0,0.00014640573910497292,12.0,4.0,6.0,1596.0,4.0,0.5683760683760684,0.5,1.0,0.0,2.0,1.3535533905932737,0.07470100373029709,0.39150330424308777,0.09122078567743301,1.5,0.02158842235803604,-6.812584559018342e-05,-5.765289161585585e-05,0.0,0.0,-7.616491279704984e-05,0.0,0.0,0.0,0.0,-0.00013805163131008769,0.0,-6.041880730833782e-06,0.0,-0.0001436403246271034,10.0,12498.png,0.0,1.0,1.0,17.0,0.42857142857142855,0.5714285714285714,1.0,R244-F0-gtfree-merge-targeted-candidates,0.0,val
1.0,0.4627442322552158,0.3010196754272584,1.0,1.0,0.949556474028956,0.11901654379343186,27.0,27.0,0.0,0.9039576622181316,1.0,0.9587797437461867,25.0,42.0,0.9405089655502621,5368.0,101.0,74.0,0.7182231736687182,1.364864864864865,1.0,0.0001708066956224684,14.0,5.0,6.0,1071.0,3.0,0.3742138364779874,0.4666666666666667,0.7142857142857143,0.2857142857142857,2.23606797749979,1.5725242658474738,0.07976996898651123,0.5453781485557556,0.09424287974834443,1.2,0.02552095614373684,1.645754511092612e-05,1.3928300821586248e-05,1.0,1.0,-4.051943351657261e-05,-0.00014109845144449906,0.0,0.0,0.0,-7.344541612364086e-05,0.0,4.176121727150761e-05,1.0,-0.00011970027052266019,10.0,12498.png,0.0,1.0,1.0,22.0,0.38333333333333336,0.6166666666666667,1.0,R244-F0-gtfree-merge-targeted-candidates,0.0,val
1.0,0.4624103035878565,0.30073712425808924,0.0,0.0,0.949519608435555,0.11908709301915411,27.0,27.0,0.0,0.9038908446653321,1.0,0.9587543320154244,24.0,45.0,0.9404610854420531,7998.0,91.0,131.0,0.6709168693901518,1.4395604395604396,1.0,0.0001952076521399639,16.0,6.0,6.0,1723.0,4.0,0.590877914951989,0.4444444444444444,0.875,0.125,2.23606797749979,1.5782129812102763,0.06719966232776642,0.4416666626930237,0.07686518877744675,1.0,0.01925540901720524,-0.0003174711222483917,-0.00026862286834755666,0.0,0.0,-7.738502691756466e-05,-7.054922572224953e-05,0.0,0.0,0.0,-0.00014026296892311052,0.0,1.634948650919288e-05,0.0,-0.00016758037873165765,10.0,12498.png,0.0,1.0,1.0,20.0,0.390625,0.609375,1.0,R244-F0-gtfree-merge-targeted-candidates,0.0,val
1.0,0.46224020599595367,0.30059324466558224,0.0,0.0,0.9495144809750261,0.11915764224487636,27.0,27.0,0.0,0.9038815517003359,1.0,0.958731437078254,24.0,48.0,0.9404730554691053,30585.0,252.0,260.0,0.4668040293040293,1.0317460317460319,1.0,0.00015860621736372066,13.0,5.0,5.0,1521.0,3.0,0.5414738341046635,0.52,1.0,0.0,3.1622776601683795,2.2073989393806155,0.05179329589009285,0.5613876581192017,0.06485323905944824,1.0,0.014251597225666046,-0.00048756871415123193,-0.000412502460854558,0.0,0.0,-8.251248744650663e-05,0.0,0.0,0.0,0.0,-0.00014955593391929867,0.0,-6.545450661143981e-06,0.0,-0.00015561035167943604,10.0,12498.png,0.0,1.0,1.0,19.0,0.3392857142857143,0.6607142857142857,1.0,R244-F0-gtfree-merge-targeted-candidates,0.0,val
1.0,0.46234817813765183,0.30068457082675093,0.0,0.0,0.9495462180811852,0.11915764224487636,27.0,27.0,0.0,0.9039390732133818,1.0,0.9587339548050173,24.0,49.0,0.9405329056043666,2199.0,53.0,56.0,0.7409029649595688,1.0566037735849056,1.0,9.760382606998194e-05,8.0,4.0,4.0,1700.0,4.0,0.628698224852071,0.5,1.0,0.0,2.0,1.3535533905932737,0.09210637956857681,0.322549045085907,0.10482581704854965,1.0,0.025167642161250114,-0.000379596572453067,-0.0003211762996858658,0.0,0.0,-5.077538128739345e-05,0.0,0.0,0.0,0.0,-9.203442087335478e-05,0.0,-4.027723897848112e-06,0.0,-9.576021641810595e-05,10.0,12498.png,0.0,1.0,1.0,17.0,0.4166666666666667,0.5833333333333334,1.0,R244-F0-gtfree-merge-targeted-candidates,0.0,val
1.0,0.4625349624613573,0.3008425890463424,1.0,1.0,0.9495462180811852,0.11915764224487636,27.0,27.0,0.0,0.9039390732133818,1.0,0.9587339548050173,25.0,50.0,0.9405329056043666,2199.0,53.0,56.0,0.7409029649595688,1.0566037735849056,1.0,9.760382606998194e-05,8.0,4.0,4.0,1784.0,4.0,0.6597633136094675,0.5,1.0,0.0,2.0,1.3535533905932737,0.06829451024532318,0.32009804248809814,0.08573847860097886,1.0,0.022776979953050613,-0.00019281224874762026,-0.00016315808009437216,1.0,1.0,-5.077538128739345e-05,0.0,0.0,0.0,0.0,-9.203442087335478e-05,0.0,-4.027723897848112e-06,1.0,-9.576021641810595e-05,10.0,12498.png,0.0,1.0,1.0,17.0,0.4791666666666667,0.5208333333333334,1.0,R244-F0-gtfree-merge-targeted-candidates,0.0,val
1.0,0.46459235341601235,0.3025856712708503,2.0,2.0,0.9495659113443448,0.11735863698895904,27.0,27.0,0.0,0.9039747677644377,1.0,0.9593095697637487,26.0,1.0,0.9400181944411194,30585.0,252.0,260.0,0.4668040293040293,1.0317460317460319,1.0,0.0012444487823922697,102.0,6.0,40.0,2299.0,3.0,0.4837962962962963,0.425,0.5,0.5,4.0,2.3362800301935858,0.06689119338989258,0.7114569544792175,0.0969323068857193,6.666666666666667,0.03225141391158104,0.0018645787059074492,0.0015799241444134915,2.0,2.0,-3.108211812785644e-05,-0.0017990052559173214,0.0,0.0,0.0,-5.6339869817456645e-05,0.0,0.000571587234833526,2.0,-0.0006104713796653005,12.0,12498.png,0.0,1.0,1.0,19.0,0.3598130841121495,0.6401869158878505,1.0,R244-F0-gtfree-merge-targeted-candidates,0.0,val
1.0,0.4617363816805117,0.3001672640382318,1.0,1.0,0.9493562231759657,0.11845214998765388,27.0,27.0,0.0,0.9035947712418301,1.0,0.9589439234075811,25.0,3.0,0.9399583443058581,30585.0,252.0,260.0,0.4668040293040293,1.0317460317460319,1.0,0.0009272363476648285,76.0,5.0,28.0,2003.0,3.0,0.49726911618669317,0.5428571428571428,0.7368421052631579,0.2631578947368421,4.0,2.089847725325608,0.06520569324493408,0.6077399253845215,0.09428006783127785,5.6,0.03387810289859772,-0.0009913930295932238,-0.0008384830882049998,1.0,1.0,-0.00024077028650693055,-0.0007054922572224814,0.0,0.0,0.0,-0.00043633639242512956,0.0,0.00020594087866587785,1.0,-0.0006703215149266306,12.0,12498.png,0.0,1.0,1.0,19.0,0.4171779141104294,0.5828220858895705,1.0,R244-F0-gtfree-merge-targeted-candidates,0.0,val
1.0,0.46075148124977,0.29933534165351694,0.0,0.0,0.9493678536031136,0.11912236763201524,27.0,27.0,0.0,0.9036158439078265,1.0,0.9587310499719259,24.0,4.0,0.9401857748198511,4176.0,66.0,77.0,0.8217237308146399,1.1666666666666667,1.0,0.00046361817383241423,38.0,19.0,2.0,1924.0,4.0,0.5743283582089552,1.0,0.9736842105263158,0.02631578947368421,2.0,1.5,0.10107157379388809,0.3892672657966614,0.13228242695331574,9.5,0.03181682527065277,-0.001976293460334899,-0.0016704054729198559,0.0,0.0,-0.0002291398593590177,-3.5274612861124766e-05,0.0,0.0,0.0,-0.00041526372642874954,0.0,-6.932556989247551e-06,0.0,-0.00044289100093364286,12.0,12498.png,0.0,1.0,1.0,13.0,0.46,0.54,1.0,R244-F0-gtfree-merge-targeted-candidates,0.0,val
1.0,0.46101271404424193,0.29955589513394776,1.0,1.0,0.9491144290636523,0.11915764224487636,27.0,27.0,0.0,0.9031567806359578,1.0,0.958699687377882,25.0,5.0,0.9397189437648129,30585.0,252.0,260.0,0.4668040293040293,1.0317460317460319,1.0,0.0009272363476648285,76.0,26.0,7.0,1183.0,3.0,0.29066339066339064,0.4175824175824176,1.0,0.0,4.0,2.2667414071693126,0.0687737688422203,0.5442208051681519,0.09754998609423637,3.7142857142857144,0.038305215537548065,-0.0017150606658629663,-0.0014498519924890374,1.0,1.0,-0.00048256439882032875,0.0,0.0,0.0,0.0,-0.00087432699829737,0.0,-3.829515103315195e-05,1.0,-0.00090972205597184,12.0,12498.png,0.0,1.0,1.0,19.0,0.391025641025641,0.6089743589743589,1.0,R244-F0-gtfree-merge-targeted-candidates,0.0,val
1.0,0.456040922975012,0.29537112075129907,1.0,1.0,0.9486123458582046,0.11915764224487636,27.0,27.0,0.0,0.9022479407298329,1.0,0.958659805155912,25.0,6.0,0.9387733116276843,7998.0,91.0,131.0,0.6709168693901518,1.4395604395604396,1.0,0.0018910741301059002,155.0,30.0,53.0,2326.0,3.0,0.29525260218329524,0.09748427672955975,1.0,0.0,3.0,1.7195162445935495,0.09405851364135742,0.5854016542434692,0.12496847212314606,1.7666666666666666,0.037586748600006104,-0.006686851735092925,-0.00563462637513773,1.0,1.0,-0.0009846476042679742,0.0,0.0,0.0,0.0,-0.001783166904422262,0.0,-7.817737300319649e-05,1.0,-0.0018553541931004558,12.0,12498.png,0.0,1.0,1.0,20.0,0.4942528735632184,0.5057471264367817,1.0,R244-F0-gtfree-merge-targeted-candidates,0.0,val
1.0,0.46588235294117647,0.30368098159509205,3.0,3.0,0.9497877589522186,0.11622984937740308,27.0,27.0,0.0,0.9043769647977338,1.0,0.9596876680189648,27.0,7.0,0.940090014603433,30585.0,252.0,260.0,0.4668040293040293,1.0317460317460319,1.0,0.001561661217119711,128.0,42.0,20.0,3799.0,4.0,0.6207516339869281,0.1523809523809524,0.3515625,0.6484375,3.605551275463989,1.890387860008483,0.06368626654148102,0.46332719922065735,0.08358654901385307,2.1,0.03678787499666214,0.0031545782310715698,0.002675234468655252,3.0,3.0,0.00019076548974594765,-0.002927792867473286,0.0,0.0,0.0,0.000345857163478569,0.0,0.0009496854900495899,3.0,-0.0005386512173517488,12.0,12498.png,0.0,1.0,1.0,19.0,0.4734848484848485,0.5265151515151515,1.0,R244-F0-gtfree-merge-targeted-candidates,0.0,val
1.0,0.4625680247095161,0.3008705634746006,2.0,2.0,0.9494385417799858,0.11880489611626513,27.0,27.0,0.0,0.9037439307821524,1.0,0.958837890625,26.0,8.0,0.9402216849010079,7998.0,91.0,131.0,0.6709168693901518,1.4395604395604396,1.0,0.0005368210433849006,44.0,19.0,6.0,1723.0,4.0,0.47622996130458817,0.38596491228070173,0.7727272727272727,0.22727272727272727,3.0,1.8123468587096019,0.07761987298727036,0.4963458776473999,0.09864529818296433,3.1666666666666665,0.03092821314930916,-0.00015975000058882083,-0.0001351836518361793,2.0,2.0,-0.0001584516824868487,-0.0003527461286112338,0.0,0.0,0.0,-0.0002871768521027773,0.0,9.990809608484419e-05,2.0,-0.000406980919776867,12.0,12498.png,0.0,1.0,1.0,20.0,0.39655172413793105,0.603448275862069,1.0,R244-F0-gtfree-merge-targeted-candidates,0.0,val
1.0,0.46012879484820607,0.2988099220953018,1.0,1.0,0.9492984481830987,0.11841687537479276,27.0,27.0,0.0,0.9034900981554147,1.0,0.9589506210535316,25.0,9.0,0.9398386440353356,3790.0,65.0,76.0,0.7672064777327935,1.1692307692307693,1.0,0.0010614416085110536,87.0,34.0,22.0,2313.0,4.0,0.4029616724738676,0.1163101604278075,0.7586206896551724,0.2413793103448276,2.23606797749979,1.5131855784492583,0.08796434849500656,0.3270227611064911,0.1145756021142006,1.5454545454545454,0.03238918259739876,-0.0025989798618988313,-0.002195825031134968,1.0,1.0,-0.0002985452793738963,-0.0007407668700836062,0.0,0.0,0.0,-0.000541009478840504,0.0,0.0002126385246163931,1.0,-0.0007900217854491798,12.0,12498.png,0.0,3.0,3.0,12.0,0.49166666666666664,0.5083333333333333,1.0,R244-F0-gtfree-merge-targeted-candidates,0.0,val
1.0,0.46157807614493285,0.30003347520443785,2.0,2.0,0.9494152135150654,0.11855797382623726,27.0,27.0,0.0,0.9037016580942847,1.0,0.958914813865182,26.0,10.0,0.9401019846304852,5368.0,101.0,74.0,0.7182231736687182,1.364864864864865,1.0,0.0007442291737836123,61.0,24.0,11.0,2416.0,4.0,0.568738229755179,0.23106060606060605,0.7213114754098361,0.2786885245901639,2.8284271247461903,1.6596280355689539,0.09564173966646194,0.5533269047737122,0.1266615092754364,2.1818181818181817,0.0391172356903553,-0.0011496985651720526,-0.0009722719219989462,2.0,2.0,-0.00018177994740720127,-0.0005996684186391071,0.0,0.0,0.0,-0.0003294495399704944,0.0,0.0001768313362667806,2.0,-0.0005266811902995272,12.0,12498.png,0.0,1.0,1.0,22.0,0.47435897435897434,0.5256410256410257,1.0,R244-F0-gtfree-merge-targeted-candidates,0.0,val
1.0,0.464247637954487,0.30229329247857517,2.0,2.0,0.9498322908167891,0.11771138311757029,27.0,27.0,0.0,0.9044577190014157,1.0,0.9592178020824432,26.0,15.0,0.9406286658207847,30585.0,252.0,260.0,0.4668040293040293,1.0317460317460319,1.0,0.0005002196086086575,41.0,14.0,5.0,779.0,2.0,0.23706634205721241,0.5857142857142857,0.0,1.0,3.605551275463989,2.0162633090098474,0.05435461550951004,0.5714969038963318,0.06781035661697388,2.8,0.024482902139425278,0.0015198632443820803,0.001287545352138375,2.0,2.0,0.00023529735431648824,-0.0014462591273060738,0.0,0.0,0.0,0.00042661136716048986,0.0,0.00047981955352804917,2.0,0.0,12.0,12498.png,0.0,1.0,1.0,19.0,0.32989690721649484,0.6701030927835051,0.0,R244-F0-gtfree-merge-targeted-candidates,0.0,val
1.0,0.4594733745219182,0.29825734065409404,0.0,0.0,0.9491080765766583,0.11915764224487636,27.0,27.0,0.0,0.9031452763333486,1.0,0.9586991830205038,24.0,16.0,0.9397069737377607,30585.0,252.0,260.0,0.4668040293040293,1.0317460317460319,1.0,0.0009394368259235763,77.0,22.0,23.0,932.0,2.0,0.1875251509054326,0.15217391304347827,1.0,0.0,4.0,1.8833828419117302,0.06059165298938751,0.5822255611419678,0.08264075517654419,1.0454545454545454,0.02571609988808632,-0.003254400188186679,-0.002748406472342757,0.0,0.0,-0.0004889168858143167,0.0,0.0,0.0,0.0,-0.000885831300906581,0.0,-3.879950841134683e-05,0.0,-0.0009216920830240616,12.0,12498.png,0.0,1.0,1.0,19.0,0.43147208121827413,0.5685279187817259,1.0,R244-F0-gtfree-merge-targeted-candidates,0.0,val
1.0,0.46071757129714813,0.2993067176667464,1.0,1.0,0.9493637984706985,0.11852269921337613,27.0,27.0,0.0,0.9036084965364877,1.0,0.9589220079860306,25.0,17.0,0.9399942543870149,4318.0,85.0,82.0,0.6195121951219512,1.0365853658536586,1.0,0.0008662339563710897,71.0,25.0,23.0,1938.0,3.0,0.37391472120393593,0.12347826086956522,0.7464788732394366,0.2535211267605634,2.23606797749979,1.541124568448321,0.11705222725868225,0.6217067241668701,0.1695258766412735,1.0869565217391304,0.042127884924411774,-0.002010203412956768,-0.0016990294596904154,1.0,1.0,-0.00023319499177409941,-0.0006349430315002319,0.0,0.0,0.0,-0.00042261109776753347,0.0,0.00018402545711537766,1.0,-0.0006344114337698548,12.0,12498.png,0.0,2.0,2.0,23.0,0.49038461538461536,0.5096153846153846,1.0,R244-F0-gtfree-merge-targeted-candidates,0.0,val
1.0,0.46119880781543215,0.2997130559540889,2.0,2.0,0.9494080175993135,0.11887544534198737,27.0,27.0,0.0,0.9036886188964057,1.0,0.958812973791184,26.0,18.0,0.9401857748198511,4176.0,66.0,77.0,0.8217237308146399,1.1666666666666667,1.0,0.0005490215216436484,45.0,19.0,12.0,2004.0,4.0,0.49850746268656715,0.19736842105263158,0.8222222222222222,0.17777777777777778,2.23606797749979,1.5117928765273172,0.07743264734745026,0.3229629695415497,0.09466674476861954,1.5833333333333333,0.027620460838079453,-0.0015289668946727453,-0.0012926911723478707,2.0,2.0,-0.0001889758631591354,-0.0002821969028889981,0.0,0.0,0.0,-0.00034248873784947786,0.0,7.499126226884201e-05,2.0,-0.00044289100093364286,12.0,12498.png,0.0,1.0,1.0,13.0,0.4785714285714286,0.5214285714285715,1.0,R244-F0-gtfree-merge-targeted-candidates,0.0,val
1.0,0.46466431095406363,0.30264672036823936,0.0,0.0,0.949952854137956,0.11697061624748668,27.0,27.0,0.0,0.9046763832285695,1.0,0.95946374935899,24.0,20.0,0.9406286658207847,4318.0,85.0,82.0,0.6195121951219512,1.0365853658536586,1.0,0.0007564296520423601,62.0,21.0,20.0,2264.0,4.0,0.4825234441602728,0.14761904761904762,0.0,1.0,2.23606797749979,1.5293341645216008,0.09353267401456833,0.6275773644447327,0.1223468966782093,1.05,0.03721638396382332,0.0019365362439587308,0.001640973241802568,0.0,0.0,0.0003558606754834326,-0.00218702599738968,0.0,0.0,0.0,0.0006452755943142652,0.0,0.0007257668300748588,0.0,0.0,12.0,12498.png,0.0,1.0,1.0,23.0,0.5055555555555555,0.49444444444444446,0.0,R244-F0-gtfree-merge-targeted-candidates,1.0,val
1.0,0.4629867980730335,0.30122499760742655,1.0,1.0,0.9495276718422309,0.11845214998765388,27.0,27.0,0.0,0.9039054588971739,1.0,0.958957455899408,25.0,22.0,0.9402815350362692,7998.0,91.0,131.0,0.6709168693901518,1.4395604395604396,1.0,0.0005978234346786394,49.0,15.0,19.0,2489.0,4.0,0.5896706941483061,0.17192982456140352,0.5918367346938775,0.40816326530612246,2.8284271247461903,1.6829960293385,0.06939779967069626,0.44385749101638794,0.09039815217256546,1.2666666666666666,0.02522468753159046,0.00025902336292860095,0.0002192504809897522,1.0,1.0,-6.932162024175792e-05,-0.0007054922572224814,0.0,0.0,0.0,-0.00012564873708131863,0.0,0.00021947337049277316,1.0,-0.0003471307845155369,12.0,12498.png,0.0,1.0,1.0,20.0,0.45394736842105265,0.5460526315789473,1.0,R244-F0-gtfree-merge-targeted-candidates,0.0,val
1.0,0.46231932031336204,0.3006601607347876,0.0,0.0,0.9494383040953343,0.11915764224487636,27.0,27.0,0.0,0.9037435000690258,1.0,0.9587253932803671,24.0,23.0,0.9403294151444782,30585.0,252.0,260.0,0.4668040293040293,1.0317460317460319,1.0,0.0003050119564686936,25.0,4.0,9.0,2114.0,4.0,0.713225371120108,0.6944444444444444,1.0,0.0,4.0,2.5139276785033307,0.0691329836845398,0.6602352857589722,0.10425509065389633,2.25,0.03375064954161644,-0.0004084543967428633,-0.0003455863916492219,0.0,0.0,-0.0001586893671383649,0.0,0.0,0.0,0.0,-0.00028760756522938635,0.0,-1.2589248548078302e-05,0.0,-0.00029925067630653945,12.0,12498.png,0.0,1.0,1.0,19.0,0.38235294117647056,0.6176470588235294,1.0,R244-F0-gtfree-merge-targeted-candidates,0.0,val
1.0,0.4622173193601765,0.3005738880918221,0.0,0.0,0.9494383040953343,0.11915764224487636,27.0,27.0,0.0,0.9037435000690258,1.0,0.9587253932803671,24.0,24.0,0.9403294151444782,30585.0,252.0,260.0,0.4668040293040293,1.0317460317460319,1.0,0.0003050119564686936,25.0,4.0,9.0,1581.0,4.0,0.5334008097165992,0.6944444444444444,1.0,0.0,4.0,2.56,0.06450246274471283,0.6848628520965576,0.09086480587720872,2.25,0.03656752407550812,-0.0005104553499283848,-0.0004318590346146789,0.0,0.0,-0.0001586893671383649,0.0,0.0,0.0,0.0,-0.00028760756522938635,0.0,-1.2589248548078302e-05,0.0,-0.00029925067630653945,12.0,12498.png,0.0,1.0,1.0,19.0,0.29411764705882354,0.7058823529411765,1.0,R244-F0-gtfree-merge-targeted-candidates,0.0,val
1.0,0.4625349624613573,0.3008425890463424,0.0,0.0,0.9494129093469184,0.11915764224487636,27.0,27.0,0.0,0.9036974828585891,1.0,0.9587233782876671,24.0,25.0,0.9402815350362692,5368.0,101.0,74.0,0.7182231736687182,1.364864864864865,1.0,0.00035381386950368457,29.0,7.0,13.0,1430.0,4.0,0.4262295081967213,0.31868131868131866,1.0,0.0,2.23606797749979,1.4773712705727868,0.09619972854852676,0.6182555556297302,0.12035391926765442,1.8571428571428572,0.030433474108576775,-0.00019281224874762026,-0.00016315808009437216,0.0,0.0,-0.00018408411555426163,0.0,0.0,0.0,0.0,-0.00033362477566611926,0.0,-1.460424124810622e-05,0.0,-0.0003471307845155369,12.0,12498.png,0.0,1.0,1.0,22.0,0.4375,0.5625,1.0,R244-F0-gtfree-merge-targeted-candidates,0.0,val
1.0,0.4604570713575976,0.2990868671415595,1.0,1.0,0.9493494171043169,0.11915764224487636,27.0,27.0,0.0,0.9035824398324973,1.0,0.9587183399450717,25.0,26.0,0.9401618347657466,30585.0,252.0,260.0,0.4668040293040293,1.0317460317460319,1.0,0.00047581865209116197,39.0,15.0,11.0,2410.0,4.0,0.6483723432875975,0.23636363636363636,1.0,0.0,2.8284271247461903,1.5423308368198996,0.05750065669417381,0.4634489417076111,0.07973400503396989,1.3636363636363635,0.02549014613032341,-0.002270703352507286,-0.0019188799848772753,1.0,1.0,-0.0002475763581557544,0.0,0.0,0.0,0.0,-0.000448667801757896,0.0,-1.964258384345996e-05,1.0,-0.0004668310550381971,12.0,12498.png,0.0,1.0,1.0,19.0,0.5083333333333333,0.49166666666666664,1.0,R244-F0-gtfree-merge-targeted-candidates,0.0,val
1.0,0.4606778787767269,0.29927321411494695,0.0,0.0,0.9493303679350191,0.11915764224487636,27.0,27.0,0.0,0.9035479269246698,1.0,0.9587168282024364,24.0,27.0,0.9401259246845898,30585.0,252.0,260.0,0.4668040293040293,1.0317460317460319,1.0,0.0005124200868674052,42.0,11.0,9.0,1155.0,4.0,0.3434433541480821,0.42424242424242425,1.0,0.0,3.605551275463989,2.048188827552258,0.08477434515953064,0.568814218044281,0.13009596318006514,1.2222222222222223,0.04705067351460457,-0.00204989593337801,-0.0017325330114898452,0.0,0.0,-0.0002666255274534901,0.0,0.0,0.0,0.0,-0.0004831807095854179,0.0,-2.1154326478756147e-05,0.0,-0.000502741136194973,12.0,12498.png,0.0,1.0,1.0,19.0,0.4375,0.5625,1.0,R244-F0-gtfree-merge-targeted-candidates,0.0,val
1.0,0.46207023349880494,0.3004495026778883,1.0,1.0,0.9494065604679832,0.11915764224487636,27.0,27.0,0.0,0.90368597855598,1.0,0.9587228745087509,25.0,29.0,0.9402695650092169,30585.0,252.0,260.0,0.4668040293040293,1.0317460317460319,1.0,0.0003660143477624323,30.0,7.0,11.0,1759.0,3.0,0.5420647149460709,0.38961038961038963,1.0,0.0,3.605551275463989,2.148479648095773,0.05655350163578987,0.5594771504402161,0.08256769105792046,1.5714285714285714,0.02232961170375347,-0.0006575412112999612,-0.0005562444485485152,1.0,1.0,-0.00019043299448939788,0.0,0.0,0.0,0.0,-0.0003451290782752192,0.0,-1.5108020164245062e-05,1.0,-0.00035910081156786955,12.0,12498.png,0.0,1.0,1.0,19.0,0.4111111111111111,0.5888888888888889,1.0,R244-F0-gtfree-merge-targeted-candidates,0.0,val
1.0,0.46338235294117647,0.3015599578907072,1.0,1.0,0.9496265499987914,0.11866379766482063,27.0,27.0,0.0,0.9040846853066391,1.0,0.9588977569500379,25.0,30.0,0.9405329056043666,30585.0,252.0,260.0,0.4668040293040293,1.0317460317460319,1.0,0.0002684105216924503,22.0,4.0,8.0,1084.0,3.0,0.37225274725274726,0.6875,0.36363636363636365,0.6363636363636364,4.0,2.4914799636382394,0.051239658147096634,0.4752228856086731,0.08027156293392186,2.0,0.024735476821660995,0.0006545782310715675,0.0005542107642704241,1.0,1.0,2.9556536318753324e-05,-0.0004938445800557328,0.0,0.0,0.0,5.3577672383897657e-05,0.0,0.0001597744211226937,1.0,-9.576021641810595e-05,12.0,12498.png,0.0,1.0,1.0,19.0,0.2753623188405797,0.7246376811594203,1.0,R244-F0-gtfree-merge-targeted-candidates,0.0,val
1.0,0.46168561233123645,0.30012435431413814,2.0,2.0,0.9494065604679832,0.11915764224487636,27.0,27.0,0.0,0.90368597855598,1.0,0.9587228745087509,26.0,31.0,0.9402695650092169,4318.0,85.0,82.0,0.6195121951219512,1.0365853658536586,1.0,0.0003660143477624323,30.0,9.0,13.0,1980.0,4.0,0.5694564279551337,0.2564102564102564,1.0,0.0,2.23606797749979,1.5221873753912507,0.08238104730844498,0.5762091279029846,0.09946302250027657,1.4444444444444444,0.028259487822651863,-0.0010421623788684498,-0.0008813928122986536,2.0,2.0,-0.00019043299448939788,0.0,0.0,0.0,0.0,-0.0003451290782752192,0.0,-1.5108020164245062e-05,2.0,-0.00035910081156786955,12.0,12498.png,0.0,1.0,1.0,23.0,0.4423076923076923,0.5576923076923077,1.0,R244-F0-gtfree-merge-targeted-candidates,0.0,val
1.0,0.4613234266377313,0.29981832090265825,1.0,1.0,0.9493856781110432,0.11905181840629299,27.0,27.0,0.0,0.9036481402652984,1.0,0.9587549588037839,25.0,32.0,0.9401977448469033,7998.0,91.0,131.0,0.6709168693901518,1.4395604395604396,1.0,0.00047581865209116197,39.0,13.0,12.0,1076.0,3.0,0.2939890710382514,0.25,0.9230769230769231,0.07692307692307693,2.8284271247461903,1.7813686704411789,0.08761214464902878,0.49663153290748596,0.108049775660038,1.0833333333333333,0.03244142234325409,-0.0014043480723736068,-0.0011874262237785427,1.0,1.0,-0.0002113153514293753,-0.0001058238385833743,0.0,0.0,0.0,-0.0003829673689568214,0.0,1.697627486874076e-05,1.0,-0.00043092097388142125,12.0,12498.png,0.0,1.0,1.0,20.0,0.41379310344827586,0.5862068965517241,1.0,R244-F0-gtfree-merge-targeted-candidates,0.0,val
1.0,0.46340027955565366,0.30157514243309236,0.0,0.0,0.9497002803828677,0.11852269921337613,27.0,27.0,0.0,0.9042183508618508,1.0,0.9589485758914407,24.0,33.0,0.9406286658207847,30585.0,252.0,260.0,0.4668040293040293,1.0317460317460319,1.0,0.00021960860865745938,18.0,3.0,7.0,722.0,2.0,0.257397504456328,0.8571428571428571,0.0,1.0,4.0,2.220073013465017,0.0705261379480362,0.5969499349594116,0.10324127972126007,2.3333333333333335,0.03581211343407631,0.0006725048455487603,0.0005693953066555624,0.0,0.0,0.0001032869203950737,-0.0006349430315002319,0.0,0.0,0.0,0.00018724322759555712,0.0,0.00021059336252549077,0.0,0.0,12.0,12498.png,0.0,1.0,1.0,19.0,0.26785714285714285,0.7321428571428571,0.0,R244-F0-gtfree-merge-targeted-candidates,1.0,val
1.0,0.46187251582511407,0.3002823371775853,0.0,0.0,0.9494993443435278,0.11901654379343186,27.0,27.0,0.0,0.9038541187298665,1.0,0.9587752163141773,24.0,36.0,0.9404012353067918,5368.0,101.0,74.0,0.7182231736687182,1.364864864864865,1.0,0.0002806109999511981,23.0,6.0,10.0,815.0,2.0,0.2602171136653895,0.38333333333333336,0.8260869565217391,0.17391304347826086,2.8284271247461903,1.5198877099668764,0.07689160108566284,0.5626598596572876,0.0879708394408226,1.6666666666666667,0.027870848774909973,-0.0008552588849908282,-0.0007234099488515056,0.0,0.0,-9.764911894483141e-05,-0.00014109845144449906,0.0,0.0,0.0,-0.0001769889043886641,0.0,3.723378526210297e-05,0.0,-0.00022743051399298775,12.0,12498.png,0.0,1.0,1.0,22.0,0.45,0.55,1.0,R244-F0-gtfree-merge-targeted-candidates,0.0,val
1.0,0.4625294464075383,0.3008379219535552,0.0,0.0,0.9495649021029732,0.118769621503404,27.0,27.0,0.0,0.903972938455697,1.0,0.9588591373965681,24.0,38.0,0.9404491154150009,30585.0,252.0,260.0,0.4668040293040293,1.0317460317460319,1.0,0.0003172124347274413,26.0,10.0,8.0,1950.0,4.0,0.6003694581280788,0.325,0.5769230769230769,0.4230769230769231,2.8284271247461903,1.5643151527445007,0.07171953469514847,0.5935143232345581,0.09902060031890869,1.25,0.028277624398469925,-0.00019832830256660827,-0.00016782517288160825,0.0,0.0,-3.2091359499442085e-05,-0.00038802074147235854,0.0,0.0,0.0,-5.816917855816506e-05,0.0,0.00012115486765296168,0.0,-0.00017955040578387926,12.0,12498.png,0.0,1.0,1.0,19.0,0.48863636363636365,0.5113636363636364,1.0,R244-F0-gtfree-merge-targeted-candidates,0.0,val
1.0,0.46278376687884026,0.30105313547151746,1.0,1.0,0.94954829742877,0.11891071995484849,27.0,27.0,0.0,0.9039428420216988,1.0,0.95881283331096,25.0,39.0,0.9404610854420531,5368.0,101.0,74.0,0.7182231736687182,1.364864864864865,1.0,0.0002562100434337026,21.0,7.0,9.0,1102.0,3.0,0.3515151515151515,0.3333333333333333,0.6666666666666666,0.3333333333333333,2.23606797749979,1.5276111821005054,0.0767899602651596,0.5484593510627747,0.09017457067966461,1.2857142857142858,0.024632874876260757,5.599216873536372e-05,4.7388345080667804e-05,1.0,1.0,-4.8696033702611e-05,-0.00024692229002787336,0.0,0.0,0.0,-8.826561255637078e-05,0.0,7.485078204483298e-05,1.0,-0.00016758037873165765,12.0,12498.png,0.0,1.0,1.0,22.0,0.4125,0.5875,1.0,R244-F0-gtfree-merge-targeted-candidates,0.0,val
1.0,0.46214435569951046,0.3005121822794505,0.0,0.0,0.9495144809750261,0.11915764224487636,27.0,27.0,0.0,0.9038815517003359,1.0,0.958731437078254,24.0,40.0,0.9404730554691053,5368.0,101.0,74.0,0.7182231736687182,1.364864864864865,1.0,0.00015860621736372066,13.0,3.0,6.0,927.0,3.0,0.3366013071895425,0.7222222222222222,1.0,0.0,2.23606797749979,1.4664996232496905,0.07472607493400574,0.5668175220489502,0.0823934406042099,2.0,0.02415534295141697,-0.0005834190105944437,-0.0004935648469863163,0.0,0.0,-8.251248744650663e-05,0.0,0.0,0.0,0.0,-0.00014955593391929867,0.0,-6.545450661143981e-06,0.0,-0.00015561035167943604,12.0,12498.png,0.0,1.0,1.0,22.0,0.46153846153846156,0.5384615384615384,1.0,R244-F0-gtfree-merge-targeted-candidates,0.0,val
1.0,0.4632477374733279,0.30144594465191993,1.0,1.0,0.9495933387313136,0.11894599456770961,27.0,27.0,0.0,0.9040244828459008,1.0,0.9588051542366263,25.0,43.0,0.9405568456584712,3790.0,65.0,76.0,0.7672064777327935,1.1692307692307693,1.0,0.00014640573910497292,12.0,6.0,3.0,1757.0,4.0,0.6379811183732752,0.6666666666666666,0.5,0.5,2.23606797749979,1.608380256645481,0.06554064154624939,0.32777777314186096,0.07412304729223251,2.0,0.02317037247121334,0.0005199627632230253,0.0004401975254831325,1.0,1.0,-3.654731159041802e-06,-0.0002116476771667486,0.0,0.0,0.0,-6.624788354447908e-06,0.0,6.717170771108893e-05,1.0,-7.18201623135517e-05,12.0,12498.png,0.0,1.0,1.0,12.0,0.36538461538461536,0.6346153846153846,1.0,R244-F0-gtfree-merge-targeted-candidates,0.0,val
1.0,0.462188890114334,0.3005498446091322,0.0,0.0,0.9494510010091671,0.11915764224487636,27.0,27.0,0.0,0.9037665086742441,1.0,0.9587264007029448,24.0,45.0,0.9403533551985828,5368.0,101.0,74.0,0.7182231736687182,1.364864864864865,1.0,0.0002806109999511981,23.0,9.0,9.0,1546.0,4.0,0.47583871960603263,0.2839506172839506,1.0,0.0,2.8284271247461903,2.1559577665144913,0.08184210956096649,0.549190104007721,0.09682720899581909,1.0,0.0277412086725235,-0.0005388845957708943,-0.0004559025173045961,0.0,0.0,-0.00014599245330548793,0.0,0.0,0.0,0.0,-0.0002645989600110754,0.0,-1.1581825970385928e-05,0.0,-0.0002753106222019852,12.0,12498.png,0.0,1.0,1.0,22.0,0.3068181818181818,0.6931818181818182,1.0,R244-F0-gtfree-merge-targeted-candidates,0.0,val
1.0,0.4631121904551643,0.30133116261252635,2.0,2.0,0.9496054237615865,0.11891071995484849,27.0,27.0,0.0,0.9040463890838386,1.0,0.9588173565013667,26.0,46.0,0.9405688156855234,3790.0,65.0,76.0,0.7672064777327935,1.1692307692307693,1.0,0.00014640573910497292,12.0,6.0,4.0,1890.0,4.0,0.6730769230769231,0.5,0.4166666666666667,0.5833333333333334,2.23606797749979,1.5053745918538317,0.07189303636550903,0.33267974853515625,0.08447129279375076,1.5,0.020802391692996025,0.00038441574505937437,0.00032541548608955306,2.0,2.0,8.430299113904027e-06,-0.00024692229002787336,0.0,0.0,0.0,1.528144958340416e-05,0.0,7.93739724515019e-05,2.0,-5.9850135261330095e-05,12.0,12498.png,0.0,1.0,1.0,12.0,0.4642857142857143,0.5357142857142857,1.0,R244-F0-gtfree-merge-targeted-candidates,0.0,val
1.0,0.4626596488645147,0.30094809423482094,0.0,0.0,0.9496428959866584,0.11887544534198737,27.0,27.0,0.0,0.9041143172718487,1.0,0.9588315681585241,24.0,49.0,0.9406286658207847,30585.0,252.0,260.0,0.4668040293040293,1.0317460317460319,1.0,9.760382606998194e-05,8.0,4.0,2.0,874.0,2.0,0.33615384615384614,1.0,0.0,1.0,2.0,1.426776695296637,0.04579994082450867,0.5534313917160034,0.055375390127301215,2.0,0.01780295930802822,-6.812584559018342e-05,-5.765289161585585e-05,0.0,0.0,4.590252418579244e-05,-0.0002821969028889981,0.0,0.0,0.0,8.320963759345101e-05,0.0,9.358562960892769e-05,0.0,0.0,12.0,12498.png,0.0,1.0,1.0,19.0,0.45,0.55,1.0,R244-F0-gtfree-merge-targeted-candidates,1.0,val
0.0,0.49743180002282844,0.3310543907626861,1.0,1.0,0.9167016491754123,0.12735435264977554,26.0,26.0,1.0,0.8462134632418069,1.0,0.9246589843631854,26.0,1.0,0.9088801022683355,9928.0,118.0,133.0,0.6325984452657066,1.1271186440677967,1.0,0.00036281179138321996,12.0,6.0,2.0,246.0,1.0,0.09111111111111111,1.0,0.0,1.0,2.0,1.4511844635310913,0.08679109811782837,0.5813726186752319,0.09568481966853142,3.0,0.037618622183799744,0.00099976257349349,0.0008850536831812028,0.0,0.0,0.0001648941688168204,-0.0006192269982971121,0.0,0.0,0.0,0.00028097846040131547,0.0,0.00033547718253534864,0.0,0.0,8.0,12627.png,0.0,3.0,3.0,19.0,0.3541666666666667,0.6458333333333334,0.0,R244-F0-gtfree-merge-targeted-candidates,1.0,val
1.0,0.49646118721461185,0.33019512565484777,1.0,1.0,0.9165217391304348,0.12766396614892409,26.0,26.0,1.0,0.8459069020866774,1.0,0.9244775126274083,26.0,2.0,0.9087017272646193,9928.0,118.0,133.0,0.6325984452657066,1.1271186440677967,1.0,0.00036281179138321996,12.0,6.0,2.0,979.0,3.0,0.3625925925925926,1.0,0.5,0.5,2.0,1.4511844635310913,0.08121887594461441,0.6271242499351501,0.09190874546766281,3.0,0.027796991169452667,2.9149765276903494e-05,2.5788575342855502e-05,0.0,0.0,-1.5015876160706654e-05,-0.00030961349914856995,0.0,0.0,0.0,-2.558269472818786e-05,0.0,0.00015400544675825412,0.0,-0.0001783750037162024,8.0,12627.png,0.0,1.0,1.0,19.0,0.4791666666666667,0.5208333333333334,1.0,R244-F0-gtfree-merge-targeted-candidates,0.0,val
1.0,0.49666191155492156,0.3303727321035451,1.0,1.0,0.9165242421516596,0.12771556839878218,26.0,26.0,1.0,0.8459111664591117,1.0,0.924451837290186,26.0,3.0,0.9087314564319053,9928.0,118.0,133.0,0.6325984452657066,1.1271186440677967,1.0,0.0003023431594860166,10.0,5.0,2.0,1072.0,3.0,0.40452830188679245,1.0,0.5,0.5,2.0,1.5,0.07543175667524338,0.608627438545227,0.08948323130607605,2.5,0.02646986022591591,0.0002298741055866138,0.00020339502404020937,0.0,0.0,-1.2512854935864404e-05,-0.0002580112492904796,0.0,0.0,0.0,-2.1318322293906178e-05,0.0,0.0001283301095359457,0.0,-0.00014864583643015017,8.0,12627.png,0.0,1.0,1.0,19.0,0.4090909090909091,0.5909090909090909,1.0,R244-F0-gtfree-merge-targeted-candidates,0.0,val
1.0,0.49563381085554475,0.32946354048106835,1.0,1.0,0.9163418290854572,0.12797357964807266,26.0,26.0,1.0,0.8456004427227449,1.0,0.9242960408916311,26.0,4.0,0.9085233522609032,9928.0,118.0,133.0,0.6325984452657066,1.1271186440677967,1.0,0.00036281179138321996,12.0,6.0,3.0,333.0,2.0,0.12091503267973856,0.6666666666666666,1.0,0.0,2.0,1.4023689270621826,0.07542809098958969,0.5777778029441833,0.08035137951374054,2.0,0.02685311995446682,-0.0007982265937901967,-0.0007057965984365588,0.0,0.0,-0.0001949259211382337,0.0,0.0,0.0,0.0,-0.0003320420586606643,0.0,-2.746628901895143e-05,0.0,-0.0003567500074322938,8.0,12627.png,0.0,2.0,2.0,19.0,0.4423076923076923,0.5576923076923077,1.0,R244-F0-gtfree-merge-targeted-candidates,0.0,val
1.0,0.4978031383737518,0.33138342323178605,1.0,1.0,0.9167016491754123,0.12735435264977554,26.0,26.0,1.0,0.8462134632418069,1.0,0.9246589843631854,26.0,5.0,0.9088801022683355,9928.0,118.0,133.0,0.6325984452657066,1.1271186440677967,1.0,0.00036281179138321996,12.0,6.0,3.0,557.0,2.0,0.20225127087872186,0.6666666666666666,0.0,1.0,2.0,1.4511844635310913,0.10116636008024216,0.6189542412757874,0.12363302335143089,2.0,0.03821713477373123,0.0013711009244168348,0.0012140861522811353,0.0,0.0,0.0001648941688168204,-0.0006192269982971121,0.0,0.0,0.0,0.00028097846040131547,0.0,0.00033547718253534864,0.0,0.0,8.0,12627.png,0.0,2.0,2.0,19.0,0.40384615384615385,0.5961538461538461,0.0,R244-F0-gtfree-merge-targeted-candidates,1.0,val
1.0,0.4963470319634703,0.33009413908290314,1.0,1.0,0.9164967618133845,0.12781877289849838,26.0,26.0,1.0,0.8458643495586241,1.0,0.9243959234281912,26.0,6.0,0.9087314564319053,9928.0,118.0,133.0,0.6325984452657066,1.1271186440677967,1.0,0.0002418745275888133,8.0,4.0,4.0,1389.0,4.0,0.5136834319526628,0.5,0.625,0.375,2.0,1.301776695296637,0.08978767693042755,0.5906863212585449,0.1047311194241047,1.0,0.03280653432011604,-8.500548586465317e-05,-7.51979966017724e-05,0.0,0.0,-3.9993193211018685e-05,-0.0001548067495742711,0.0,0.0,0.0,-6.813522278148465e-05,0.0,7.241624754117382e-05,0.0,-0.00014864583643015017,8.0,12627.png,0.0,1.0,1.0,19.0,0.4166666666666667,0.5833333333333334,1.0,R244-F0-gtfree-merge-targeted-candidates,0.0,val
1.0,0.49714677014380276,0.33080194410692587,1.0,1.0,0.9166466778603982,0.1275607616492079,26.0,26.0,1.0,0.8461197830178235,1.0,0.9245471315813348,26.0,7.0,0.9088801022683355,9928.0,118.0,133.0,0.6325984452657066,1.1271186440677967,1.0,0.0002418745275888133,8.0,4.0,4.0,994.0,3.0,0.367603550295858,0.5,0.0,1.0,2.0,1.3535533905932737,0.0736202672123909,0.5931373238563538,0.08603533804416656,1.0,0.02439187280833721,0.0007147326944678123,0.0006326070274209616,0.0,0.0,0.00010992285380273525,-0.0004128179988647507,0.0,0.0,0.0,0.0001872982364179432,0.0,0.0002236244006847965,0.0,0.0,8.0,12627.png,0.0,1.0,1.0,19.0,0.3958333333333333,0.6041666666666666,0.0,R244-F0-gtfree-merge-targeted-candidates,1.0,val
1.0,0.49380743108270075,0.32785145888594164,1.0,1.0,0.9161468330134357,0.12797357964807266,26.0,26.0,1.0,0.8452684006640842,1.0,0.9242685546579529,26.0,1.0,0.9081666022534709,3935.0,43.0,119.0,0.7690052765292164,2.7674418604651163,1.0,0.0007256235827664399,24.0,2.0,12.0,1559.0,3.0,0.5196666666666667,1.0,1.0,0.0,2.0,1.4755922317655454,0.0765601098537445,0.6235294342041016,0.08723997846245765,6.0,0.025084758177399635,-0.0026246063666341968,-0.002317878193563272,0.0,0.0,-0.0003899219931597919,0.0,0.0,0.0,0.0,-0.0006640841173214396,0.0,-5.495252269716033e-05,0.0,-0.0007135000148645876,10.0,12627.png,0.0,1.0,1.0,26.0,0.4722222222222222,0.5277777777777778,1.0,R244-F0-gtfree-merge-targeted-candidates,0.0,val
1.0,0.4937200274035168,0.3277744087325652,1.0,1.0,0.9161418031311859,0.12787037514835647,26.0,26.0,1.0,0.8452598372903869,1.0,0.9243199080098042,26.0,2.0,0.9081071439188988,2258.0,47.0,61.0,0.7875828392047436,1.297872340425532,1.0,0.0008465608465608466,28.0,14.0,4.0,2296.0,4.0,0.7121588089330024,0.5,0.9285714285714286,0.07142857142857142,2.0,1.4163162231961566,0.07557997852563858,0.48179271817207336,0.09427893161773682,3.5,0.02514776960015297,-0.0027120100458181695,-0.0023949283469397176,0.0,0.0,-0.0003949518754096104,-0.00010320449971618073,0.0,0.0,0.0,-0.0006726474910186964,0.0,-3.599170845802746e-06,0.0,-0.0007729583494366921,10.0,12627.png,0.0,1.0,1.0,13.0,0.5113636363636364,0.48863636363636365,1.0,R244-F0-gtfree-merge-targeted-candidates,0.0,val
1.0,0.49871582672221904,0.3321928223844282,1.0,1.0,0.9168666026871402,0.1267351256514784,26.0,26.0,1.0,0.846494628419537,1.0,0.9249947051526429,26.0,3.0,0.9088801022683355,3935.0,43.0,119.0,0.7690052765292164,2.7674418604651163,1.0,0.0007256235827664399,24.0,3.0,12.0,1581.0,3.0,0.5166666666666667,0.6666666666666666,0.0,1.0,2.0,1.4511844635310913,0.0903266966342926,0.6604575514793396,0.11398877426981925,4.0,0.04585772007703781,0.0022837892728840847,0.0020234853049233004,0.0,0.0,0.0003298476805446704,-0.001238453996594252,0.0,0.0,0.0,0.0005621436381314515,0.0,0.0006711979719928873,0.0,0.0,10.0,12627.png,0.0,2.0,2.0,26.0,0.47368421052631576,0.5263157894736842,0.0,R244-F0-gtfree-merge-targeted-candidates,1.0,val
0.0,0.49777473467990413,0.33135824977210576,1.0,1.0,0.9167291373054665,0.12725114815005933,26.0,26.0,1.0,0.8462603111332558,1.0,0.9247149209037839,26.0,4.0,0.9088801022683355,9928.0,118.0,133.0,0.6325984452657066,1.1271186440677967,1.0,0.0004232804232804233,14.0,7.0,2.0,248.0,1.0,0.09018181818181818,1.0,0.0,1.0,2.23606797749979,1.5046067930175702,0.08523069322109222,0.5784314274787903,0.09567067995667458,3.5,0.03749004006385803,0.0013426972305691787,0.001188912692600852,0.0,0.0,0.00019238229887097447,-0.0007224314980133206,0.0,0.0,0.0,0.00032782635185024667,0.0,0.0003914137231338932,0.0,0.0,10.0,12627.png,0.0,3.0,3.0,19.0,0.3269230769230769,0.6730769230769231,0.0,R244-F0-gtfree-merge-targeted-candidates,1.0,val
1.0,0.49643203744933495,0.3301693370795049,1.0,1.0,0.9165192359590992,0.127612363899066,26.0,26.0,1.0,0.8459026374782055,1.0,0.9245031910710505,26.0,5.0,0.9086719980973333,9928.0,118.0,133.0,0.6325984452657066,1.1271186440677967,1.0,0.0004232804232804233,14.0,7.0,2.0,1016.0,3.0,0.3694545454545455,1.0,0.5,0.5,2.0,1.4163162231961566,0.0802059918642044,0.6291317343711853,0.0924933172762394,3.5,0.027915801852941513,0.0,0.0,0.0,0.0,-1.751904749625055e-05,-0.0003612157490066603,0.0,0.0,0.0,-2.9847303200103426e-05,0.0,0.00017968389040046162,0.0,-0.00020810417100214362,10.0,12627.png,0.0,1.0,1.0,19.0,0.5,0.5,1.0,R244-F0-gtfree-merge-targeted-candidates,0.0,val
1.0,0.49620455453455853,0.3299681190223167,1.0,1.0,0.9164354178229109,0.12688993240105267,26.0,26.0,1.0,0.8457598493867493,1.0,0.924856191341205,26.0,6.0,0.9081666022534709,9928.0,118.0,133.0,0.6325984452657066,1.1271186440677967,1.0,0.0013605442176870747,45.0,16.0,15.0,2096.0,4.0,0.5198412698412699,0.1875,0.5333333333333333,0.4666666666666667,2.23606797749979,1.5303971906826799,0.09553191810846329,0.5341176986694336,0.12444675713777542,1.0666666666666667,0.03930795565247536,-0.00022748291477642235,-0.00020121805718820163,0.0,0.0,-0.0001013371836845467,-0.001083647247019981,0.0,0.0,0.0,-0.0001726353946562842,0.0,0.0005326841605549637,0.0,-0.0007135000148645876,10.0,12627.png,0.0,1.0,1.0,19.0,0.4642857142857143,0.5357142857142857,1.0,R244-F0-gtfree-merge-targeted-candidates,0.0,val
1.0,0.495519662119742,0.3293626707132018,1.0,1.0,0.9163418290854572,0.12797357964807266,26.0,26.0,1.0,0.8456004427227449,1.0,0.9242960408916311,26.0,7.0,0.9085233522609032,9928.0,118.0,133.0,0.6325984452657066,1.1271186440677967,1.0,0.00036281179138321996,12.0,6.0,2.0,618.0,3.0,0.2288888888888889,1.0,1.0,0.0,2.0,1.4511844635310913,0.07967545837163925,0.5983660817146301,0.09916184768080712,3.0,0.02936634048819542,-0.0009123753295929293,-0.0008066663663031104,0.0,0.0,-0.0001949259211382337,0.0,0.0,0.0,0.0,-0.0003320420586606643,0.0,-2.746628901895143e-05,0.0,-0.0003567500074322938,10.0,12627.png,0.0,2.0,2.0,19.0,0.4583333333333333,0.5416666666666666,1.0,R244-F0-gtfree-merge-targeted-candidates,0.0,val
1.0,0.49666191155492156,0.3303727321035451,1.0,1.0,0.9165217391304348,0.12766396614892409,26.0,26.0,1.0,0.8459069020866774,1.0,0.9244775126274083,26.0,8.0,0.9087017272646193,9928.0,118.0,133.0,0.6325984452657066,1.1271186440677967,1.0,0.00036281179138321996,12.0,6.0,2.0,1100.0,3.0,0.4074074074074074,1.0,0.5,0.5,2.0,1.5,0.07215539366006851,0.6052287220954895,0.0887585811316967,3.0,0.026127444580197334,0.0002298741055866138,0.00020339502404020937,0.0,0.0,-1.5015876160706654e-05,-0.00030961349914856995,0.0,0.0,0.0,-2.558269472818786e-05,0.0,0.00015400544675825412,0.0,-0.0001783750037162024,10.0,12627.png,0.0,1.0,1.0,19.0,0.4166666666666667,0.5833333333333334,1.0,R244-F0-gtfree-merge-targeted-candidates,0.0,val
1.0,0.49563381085554475,0.32946354048106835,1.0,1.0,0.916325582092685,0.12797357964807266,26.0,26.0,1.0,0.8455727725511898,1.0,0.9242937511342326,26.0,9.0,0.9084936230936171,9928.0,118.0,133.0,0.6325984452657066,1.1271186440677967,1.0,0.00039304610733182163,13.0,6.0,3.0,334.0,2.0,0.12127814088598403,0.7222222222222222,1.0,0.0,2.23606797749979,1.4664996232496905,0.07416120916604996,0.580995500087738,0.08004366755485536,2.0,0.028104528784751892,-0.0007982265937901967,-0.0007057965984365588,0.0,0.0,-0.00021117291391048454,0.0,0.0,0.0,0.0,-0.0003597122302158029,0.0,-2.975604641741736e-05,0.0,-0.00038647917471834603,10.0,12627.png,0.0,2.0,2.0,19.0,0.4423076923076923,0.5576923076923077,1.0,R244-F0-gtfree-merge-targeted-candidates,0.0,val
1.0,0.4949771689497717,0.3288834951456311,1.0,1.0,0.916309334612732,0.12797357964807266,26.0,26.0,1.0,0.8455451023796348,1.0,0.9242914612383171,26.0,10.0,0.9084638939263311,3935.0,43.0,119.0,0.7690052765292164,2.7674418604651163,1.0,0.0004232804232804233,14.0,7.0,4.0,1827.0,4.0,0.6388111888111888,0.5,1.0,0.0,2.0,1.3744743347942345,0.08925063163042068,0.5717086791992188,0.10818014442920686,1.75,0.031203271821141243,-0.0014548684995632777,-0.0012858419338738214,0.0,0.0,-0.00022742039386347557,0.0,0.0,0.0,0.0,-0.0003873824017708305,0.0,-3.204594233296998e-05,0.0,-0.00041620834200439827,10.0,12627.png,0.0,1.0,1.0,26.0,0.4666666666666667,0.5333333333333333,1.0,R244-F0-gtfree-merge-targeted-candidates,0.0,val
0.0,0.49674843126069596,0.3304493017607772,2.0,2.0,0.9164617691154423,0.1277671706486403,26.0,26.0,1.0,0.8458047376577374,1.0,0.9244170220488159,27.0,11.0,0.9086422689300473,9928.0,118.0,133.0,0.6325984452657066,1.1271186440677967,1.0,0.00036281179138321996,12.0,6.0,3.0,197.0,1.0,0.07153231663035585,0.6666666666666666,0.6666666666666666,0.3333333333333333,2.23606797749979,1.5595647201765723,0.07614900916814804,0.5830066204071045,0.09701112732291221,2.0,0.02680535428225994,0.0003163938113610043,0.00027996468127228225,1.0,1.0,-7.498589115317866e-05,-0.00020640899943236146,0.0,0.0,0.0,-0.00012774712366814267,0.0,9.351486816588928e-05,1.0,-0.00023783333828819586,10.0,12627.png,0.0,2.0,2.0,19.0,0.38461538461538464,0.6153846153846154,1.0,R244-F0-gtfree-merge-targeted-candidates,0.0,val
1.0,0.49577721981282813,0.32959028831562975,1.0,1.0,0.9163917711269718,0.12766396614892409,26.0,26.0,1.0,0.8456855039574915,1.0,0.924459234608985,26.0,13.0,0.9084638939263311,9928.0,118.0,133.0,0.6325984452657066,1.1271186440677967,1.0,0.0006046863189720333,20.0,9.0,8.0,1606.0,4.0,0.5031328320802005,0.2777777777777778,0.7,0.3,2.23606797749979,1.4389635872182422,0.0928778201341629,0.6005882620811462,0.11264909654855729,1.125,0.03426102176308632,-0.0006548176365068215,-0.0005790487638751562,0.0,0.0,-0.00014498387962369463,-0.00030961349914856995,0.0,0.0,0.0,-0.00024698082391405585,0.0,0.0001357274283350085,0.0,-0.00041620834200439827,10.0,12627.png,0.0,1.0,1.0,19.0,0.4523809523809524,0.5476190476190477,1.0,R244-F0-gtfree-merge-targeted-candidates,0.0,val
1.0,0.4962337365898197,0.3299939283545841,1.0,1.0,0.9167016491754123,0.12745755714949172,26.0,26.0,1.0,0.8462134632418069,1.0,0.9246589843631854,26.0,14.0,0.9088801022683355,9928.0,118.0,133.0,0.6325984452657066,1.1271186440677967,1.0,0.00036281179138321996,12.0,6.0,4.0,1545.0,4.0,0.5502136752136753,0.5,0.0,0.8333333333333334,2.0,1.4023689270621826,0.06635306030511856,0.656862735748291,0.07548417374491692,1.5,0.021568626165390015,-0.00019830085951527687,-0.0001754087249208336,0.0,0.0,0.0001648941688168204,-0.0005160224985809314,0.0,0.0,0.0,0.00028097846040131547,0.0,0.00033547718253534864,0.0,0.0,10.0,12627.png,0.0,1.0,1.0,19.0,0.42857142857142855,0.5714285714285714,1.0,R244-F0-gtfree-merge-targeted-candidates,1.0,val
1.0,0.4947194154250157,0.32865594660194175,1.0,1.0,0.9162768381911959,0.12797357964807266,26.0,26.0,1.0,0.8454897620365246,1.0,0.9242868810308842,26.0,15.0,0.9084044355917591,9928.0,118.0,133.0,0.6325984452657066,1.1271186440677967,1.0,0.0004837490551776266,16.0,6.0,6.0,1712.0,4.0,0.5871056241426612,0.4444444444444444,1.0,0.0,2.23606797749979,1.4603161363744843,0.0850662887096405,0.6242647767066956,0.09522584453225136,1.0,0.02808164432644844,-0.0017126220243192658,-0.001513390477563159,0.0,0.0,-0.00025991681539960787,0.0,0.0,0.0,0.0,-0.0004427227448809967,0.0,-3.6626149765850435e-05,0.0,-0.0004756666765763917,10.0,12627.png,0.0,1.0,1.0,19.0,0.484375,0.515625,1.0,R244-F0-gtfree-merge-targeted-candidates,0.0,val
1.0,0.4957489300998573,0.3295652833624156,1.0,1.0,0.9164068121851763,0.12797357964807266,26.0,26.0,1.0,0.8457111234089651,1.0,0.9243051985363051,26.0,16.0,0.9086422689300473,3935.0,43.0,119.0,0.7690052765292164,2.7674418604651163,1.0,0.0002418745275888133,8.0,2.0,4.0,1277.0,3.0,0.49115384615384616,1.0,1.0,0.0,2.0,1.5,0.06653857231140137,0.6303921937942505,0.07732001692056656,2.0,0.021186452358961105,-0.0006831073494776296,-0.0006040537170893256,0.0,0.0,-0.00012994282141920444,0.0,0.0,0.0,0.0,-0.00022136137244044285,0.0,-1.8308644344933178e-05,0.0,-0.00023783333828819586,10.0,12627.png,0.0,1.0,1.0,26.0,0.4,0.6,1.0,R244-F0-gtfree-merge-targeted-candidates,0.0,val
1.0,0.49631870327036126,0.3300690806953617,1.0,1.0,0.9166466778603982,0.127612363899066,26.0,26.0,1.0,0.8461197830178235,1.0,0.9245471315813348,26.0,17.0,0.9088801022683355,3935.0,43.0,119.0,0.7690052765292164,2.7674418604651163,1.0,0.0002418745275888133,8.0,2.0,4.0,1248.0,3.0,0.48,1.0,0.0,0.875,2.0,1.426776695296637,0.09823238104581833,0.698039174079895,0.1251457430422306,2.0,0.026597371324896812,-0.00011333417897368969,-0.0001002563841431825,0.0,0.0,0.00010992285380273525,-0.0003612157490066603,0.0,0.0,0.0,0.0001872982364179432,0.0,0.0002236244006847965,0.0,0.0,10.0,12627.png,0.0,1.0,1.0,26.0,0.4,0.6,1.0,R244-F0-gtfree-merge-targeted-candidates,1.0,val
1.0,0.4976038338658147,0.3312068048910154,2.0,2.0,0.9167291373054665,0.12725114815005933,26.0,26.0,1.0,0.8462603111332558,1.0,0.9247149209037839,27.0,18.0,0.9088801022683355,9928.0,118.0,133.0,0.6325984452657066,1.1271186440677967,1.0,0.0004232804232804233,14.0,6.0,6.0,1136.0,3.0,0.3895747599451303,0.3888888888888889,0.0,1.0,2.23606797749979,1.4331782215889983,0.07240380346775055,0.5977591872215271,0.08489343449473381,1.0,0.02566046454012394,0.0011717964164797423,0.001037467811510484,1.0,1.0,0.00019238229887097447,-0.0007224314980133206,0.0,0.0,0.0,0.00032782635185024667,0.0,0.0003914137231338932,1.0,0.0,10.0,12627.png,0.0,1.0,1.0,19.0,0.5,0.5,0.0,R244-F0-gtfree-merge-targeted-candidates,0.0,val
1.0,0.4998575417402701,0.3332067157942718,5.0,5.0,0.9171003884747492,0.1258578874038908,26.0,26.0,1.0,0.8468932657414333,1.0,0.925470727129624,30.0,4.0,0.9088801022683355,9928.0,118.0,133.0,0.6325984452657066,1.1271186440677967,1.0,0.0012396069538926683,41.0,18.0,10.0,1168.0,2.0,0.3051201671891327,0.22777777777777777,0.0,1.0,2.8284271247461903,1.6320691380116172,0.0839143842458725,0.6105213165283203,0.11227647215127945,1.8,0.03219205513596535,0.003425504290935133,0.003037378714766892,4.0,4.0,0.0005636334681536903,-0.0021156922441818438,0.0,0.0,0.0,0.0009607809600277184,0.0,0.001147219948973932,4.0,0.0,12.0,12627.png,0.0,2.0,2.0,19.0,0.4765625,0.5234375,0.0,R244-F0-gtfree-merge-targeted-candidates,0.0,val
1.0,0.49486418625884504,0.32878374279648165,1.0,1.0,0.9162240825756894,0.12688993240105267,26.0,26.0,1.0,0.8453999280157258,1.0,0.9248266044764818,26.0,5.0,0.9077801230787526,9928.0,118.0,133.0,0.6325984452657066,1.1271186440677967,1.0,0.0017535903250188965,58.0,16.0,16.0,2114.0,4.0,0.51611328125,0.2265625,0.6379310344827587,0.3620689655172414,2.8284271247461903,1.7867388533241648,0.09099369496107101,0.5532792806625366,0.12387426197528839,1.0,0.051054634153842926,-0.0015678511904899106,-0.0013855942830232615,0.0,0.0,-0.0003126724309060469,-0.001083647247019981,0.0,0.0,0.0,-0.0005325567656797592,0.0,0.0005030972958317559,0.0,-0.0010999791895829336,12.0,12627.png,0.0,1.0,1.0,19.0,0.4513888888888889,0.5486111111111112,1.0,R244-F0-gtfree-merge-targeted-candidates,0.0,val
1.0,0.49697730124329875,0.33065189345070956,2.0,2.0,0.9164467370441459,0.12745755714949172,26.0,26.0,1.0,0.8457791309161362,1.0,0.9245711173640737,27.0,6.0,0.9084638939263311,9928.0,118.0,133.0,0.6325984452657066,1.1271186440677967,1.0,0.0007256235827664399,24.0,12.0,5.0,342.0,2.0,0.10754716981132076,0.4,0.5833333333333334,0.4166666666666667,2.8284271247461903,1.5571512871504687,0.08462246507406235,0.6026144027709961,0.11473148688673973,2.4,0.03667708858847618,0.0005452637939638016,0.00048255637120464545,1.0,1.0,-9.001796244956228e-05,-0.0005160224985809314,0.0,0.0,0.0,-0.00015335386526937889,0.0,0.00024761018342367436,1.0,-0.00041620834200439827,12.0,12627.png,0.0,2.0,2.0,19.0,0.4166666666666667,0.5833333333333334,1.0,R244-F0-gtfree-merge-targeted-candidates,0.0,val
1.0,0.4954055133839393,0.3292618162506638,1.0,1.0,0.916309334612732,0.12797357964807266,26.0,26.0,1.0,0.8455451023796348,1.0,0.9242914612383171,26.0,7.0,0.9084638939263311,9928.0,118.0,133.0,0.6325984452657066,1.1271186440677967,1.0,0.0004232804232804233,14.0,7.0,2.0,620.0,3.0,0.22545454545454546,1.0,1.0,0.0,2.0,1.4581581115980782,0.07804515212774277,0.6008403897285461,0.09834357872605325,3.5,0.028824331238865852,-0.001026524065395662,-0.0009075208288411019,0.0,0.0,-0.00022742039386347557,0.0,0.0,0.0,0.0,-0.0003873824017708305,0.0,-3.204594233296998e-05,0.0,-0.00041620834200439827,12.0,12627.png,0.0,2.0,2.0,19.0,0.4423076923076923,0.5576923076923077,1.0,R244-F0-gtfree-merge-targeted-candidates,0.0,val
1.0,0.49563381085554475,0.32946354048106835,1.0,1.0,0.9162093267356425,0.12792197739821456,26.0,26.0,1.0,0.8453748028445723,1.0,0.9243033915227059,26.0,10.0,0.908255789755329,1755.0,42.0,56.0,0.7461734693877551,1.3333333333333333,1.0,0.0006651549508692366,22.0,6.0,11.0,1988.0,4.0,0.6239799121155053,0.3333333333333333,0.9545454545454546,0.045454545454545456,2.0,1.366866718721158,0.09512520581483841,0.46042779088020325,0.13502160757780077,1.8333333333333333,0.03636058047413826,-0.0007982265937901967,-0.0007057965984365588,0.0,0.0,-0.00032742827095300076,-5.1602249858090365e-05,0.0,0.0,0.0,-0.0005576819368332542,0.0,-2.0115657944130838e-05,0.0,-0.0006243125130065419,12.0,12627.png,0.0,1.0,1.0,15.0,0.47619047619047616,0.5238095238095238,1.0,R244-F0-gtfree-merge-targeted-candidates,0.0,val
1.0,0.49563381085554475,0.32946354048106835,1.0,1.0,0.916309334612732,0.12797357964807266,26.0,26.0,1.0,0.8455451023796348,1.0,0.9242914612383171,26.0,12.0,0.9084638939263311,9928.0,118.0,133.0,0.6325984452657066,1.1271186440677967,1.0,0.0004232804232804233,14.0,6.0,3.0,335.0,2.0,0.12164124909222948,0.7777777777777778,1.0,0.0,2.8284271247461903,1.5637801590708693,0.07283928245306015,0.5837535262107849,0.07973595559597016,2.0,0.02885017916560173,-0.0007982265937901967,-0.0007057965984365588,0.0,0.0,-0.00022742039386347557,0.0,0.0,0.0,0.0,-0.0003873824017708305,0.0,-3.204594233296998e-05,0.0,-0.00041620834200439827,12.0,12627.png,0.0,2.0,2.0,19.0,0.4423076923076923,0.5576923076923077,1.0,R244-F0-gtfree-merge-targeted-candidates,0.0,val
1.0,0.49574795959134754,0.3295644255577478,1.0,1.0,0.9163743216095469,0.12797357964807266,26.0,26.0,1.0,0.845655783065855,1.0,0.9243006199909269,26.0,13.0,0.9085828105954752,1755.0,42.0,56.0,0.7461734693877551,1.3333333333333333,1.0,0.0003023431594860166,10.0,2.0,5.0,1527.0,3.0,0.5762264150943396,1.0,1.0,0.0,2.0,1.4414213562373095,0.07583694159984589,0.50352942943573,0.09646130949258803,2.5,0.028934702277183533,-0.0006840778579874085,-0.0006049115217571233,0.0,0.0,-0.00016243339704857807,0.0,0.0,0.0,0.0,-0.0002767017155506091,0.0,-2.2887189723097556e-05,0.0,-0.00029729167286030034,12.0,12627.png,0.0,2.0,2.0,15.0,0.45454545454545453,0.5454545454545454,1.0,R244-F0-gtfree-merge-targeted-candidates,0.0,val
1.0,0.495662100456621,0.3294885415085749,1.0,1.0,0.9163892637576848,0.127612363899066,26.0,26.0,1.0,0.8456812332217087,1.0,0.9244849181617403,26.0,14.0,0.9084341647590451,9928.0,118.0,133.0,0.6325984452657066,1.1271186440677967,1.0,0.0006651549508692366,22.0,9.0,8.0,1608.0,4.0,0.5037593984962406,0.3055555555555556,0.6818181818181818,0.3181818181818182,2.23606797749979,1.4552427146302107,0.09169327467679977,0.6021390557289124,0.11250491738319397,1.125,0.03489028289914131,-0.0007699369927139377,-0.0006807955709300373,0.0,0.0,-0.00014749124891066945,-0.0003612157490066603,0.0,0.0,0.0,-0.0002512515596968523,0.0,0.00016141098109023755,0.0,-0.0004459375092903395,12.0,12627.png,0.0,1.0,1.0,19.0,0.4642857142857143,0.5357142857142857,1.0,R244-F0-gtfree-merge-targeted-candidates,0.0,val
1.0,0.4947194154250157,0.32865594660194175,1.0,1.0,0.9162443398206735,0.12797357964807266,26.0,26.0,1.0,0.8454344216934145,1.0,0.924282300269232,26.0,16.0,0.908344977257187,9928.0,118.0,133.0,0.6325984452657066,1.1271186440677967,1.0,0.0005442176870748299,18.0,6.0,6.0,1714.0,4.0,0.5877914951989026,0.5,1.0,0.0,2.8284271247461903,1.612328468415785,0.0820431336760521,0.6311547160148621,0.09481393322348595,1.0,0.03290048986673355,-0.0017126220243192658,-0.001513390477563159,0.0,0.0,-0.00029241518592193483,0.0,0.0,0.0,0.0,-0.0004980630879910519,0.0,-4.120691141806798e-05,0.0,-0.0005351250111484962,12.0,12627.png,0.0,1.0,1.0,19.0,0.484375,0.515625,1.0,R244-F0-gtfree-merge-targeted-candidates,0.0,val
1.0,0.49563381085554475,0.32946354048106835,1.0,1.0,0.9164068121851763,0.12797357964807266,26.0,26.0,1.0,0.8457111234089651,1.0,0.9243051985363051,26.0,18.0,0.9086422689300473,9928.0,118.0,133.0,0.6325984452657066,1.1271186440677967,1.0,0.0002418745275888133,8.0,4.0,2.0,675.0,3.0,0.25961538461538464,1.0,1.0,0.0,2.0,1.426776695296637,0.05803028494119644,0.5975490808486938,0.06326780468225479,2.0,0.018902763724327087,-0.0007982265937901967,-0.0007057965984365588,0.0,0.0,-0.00012994282141920444,0.0,0.0,0.0,0.0,-0.00022136137244044285,0.0,-1.8308644344933178e-05,0.0,-0.00023783333828819586,12.0,12627.png,0.0,1.0,1.0,19.0,0.45,0.55,1.0,R244-F0-gtfree-merge-targeted-candidates,0.0,val
1.0,0.37661103296201953,0.23199063231850117,2.0,2.0,0.9258614780247304,0.21685997585159708,27.0,27.0,0.0,0.8619572420902776,1.0,0.9183195826414403,24.0,1.0,0.9335282780620722,6019.0,75.0,102.0,0.7867973856209151,1.36,1.0,0.00031370498660218286,24.0,2.0,12.0,1585.0,3.0,0.5283333333333333,1.0,0.08333333333333333,0.9166666666666666,2.0,1.4755922317655454,0.10371462255716324,0.6024510264396667,0.13153793960809707,6.0,0.040260788053274155,0.0005511067290829286,0.00041809321575694836,0.0,0.0,0.00012007826197835136,-0.0008049467637481211,0.0,0.0,0.0,0.0002081254825037071,0.0,0.00026193935015217384,0.0,-2.6583372100708047e-05,6.0,12827.png,0.0,1.0,1.0,22.0,0.4722222222222222,0.5277777777777778,1.0,R244-F0-gtfree-merge-targeted-candidates,0.0,val
1.0,0.3754658148908662,0.23112213847666307,2.0,2.0,0.925735982386521,0.21693315283011966,27.0,27.0,0.0,0.8617397280447695,1.0,0.9182784730668131,24.0,2.0,0.9333156110852662,31914.0,227.0,224.0,0.6276353052234109,1.0133928571428572,1.0,0.0004966995621201229,38.0,19.0,7.0,2266.0,4.0,0.6149253731343284,0.2857142857142857,0.47368421052631576,0.5263157894736842,2.0,1.3920919720160962,0.09273480623960495,0.5519091486930847,0.11622120812535287,2.7142857142857144,0.03882868215441704,-0.0005941113420703803,-0.00045040062608114884,0.0,0.0,-5.417376231053872e-06,-0.0007317697852255445,0.0,0.0,0.0,-9.388563004364414e-06,0.0,0.00022082977552495553,0.0,-0.0002392503489067055,6.0,12827.png,0.0,1.0,1.0,20.0,0.5083333333333333,0.49166666666666664,1.0,R244-F0-gtfree-merge-targeted-candidates,0.0,val
1.0,0.37594556581898353,0.23148581593483755,2.0,2.0,0.9255997890851568,0.2176649226153452,27.0,27.0,0.0,0.8615037298782882,1.0,0.9180362162515526,24.0,3.0,0.9332890277131655,31914.0,227.0,224.0,0.6276353052234109,1.0133928571428572,1.0,0.00026142082216848575,20.0,2.0,10.0,1401.0,3.0,0.48310344827586205,1.0,1.0,0.0,2.0,1.5,0.08082102984189987,0.6594117283821106,0.11003492847085,5.0,0.025573767721652985,-0.00011436041395307406,-8.672316790667156e-05,0.0,0.0,-0.0001416106775952164,0.0,0.0,0.0,0.0,-0.00024538672948570817,0.0,-2.1427039735510967e-05,0.0,-0.00026583372100741354,6.0,12827.png,0.0,2.0,2.0,20.0,0.40625,0.59375,1.0,R244-F0-gtfree-merge-targeted-candidates,0.0,val
1.0,0.37526133728665373,0.23096719854007766,2.0,2.0,0.9256412960375419,0.21762833412608393,27.0,27.0,0.0,0.8615756475221771,1.0,0.9180535763312372,24.0,4.0,0.9333554861434173,31914.0,227.0,224.0,0.6276353052234109,1.0133928571428572,1.0,0.00020913665773478857,16.0,8.0,2.0,595.0,3.0,0.2125,1.0,0.9375,0.0625,2.0,1.5,0.10807353258132935,0.6004902124404907,0.14408206194639206,4.0,0.04774570092558861,-0.0007985889462828744,-0.000605340562666562,0.0,0.0,-0.00010010372521018773,-3.658848926127445e-05,0.0,0.0,0.0,-0.00017346908559678909,0.0,-4.066960050952417e-06,0.0,-0.0001993752907555324,6.0,12827.png,0.0,1.0,1.0,20.0,0.42857142857142855,0.5714285714285714,1.0,R244-F0-gtfree-merge-targeted-candidates,0.0,val
1.0,0.37510455478670823,0.23084842528897,2.0,2.0,0.9256373750955733,0.21748198016903883,27.0,27.0,0.0,0.8615688536055657,1.0,0.9180973052130594,24.0,5.0,0.9333023193992158,31914.0,227.0,224.0,0.6276353052234109,1.0133928571428572,1.0,0.00031370498660218286,24.0,12.0,5.0,1415.0,4.0,0.4449685534591195,0.4,0.7916666666666666,0.20833333333333334,2.0,1.4023689270621826,0.08715582638978958,0.5931373238563538,0.10865966156125069,2.4,0.027919668704271317,-0.0009553714462283702,-0.0007241138137742131,0.0,0.0,-0.00010402466717873704,-0.00018294244630637224,0.0,0.0,0.0,-0.00018026300220819191,0.0,3.966192177129457e-05,0.0,-0.0002525420349570595,6.0,12827.png,0.0,1.0,1.0,20.0,0.4880952380952381,0.5119047619047619,1.0,R244-F0-gtfree-merge-targeted-candidates,0.0,val
1.0,0.3781646772599407,0.23317082317644852,2.0,2.0,0.9259000487759864,0.21671362189455198,27.0,27.0,0.0,0.8620241046662903,1.0,0.9183697485584278,24.0,6.0,0.9335548614341729,31914.0,227.0,224.0,0.6276353052234109,1.0133928571428572,1.0,0.0003398470688190314,26.0,13.0,6.0,755.0,2.0,0.2292046144505161,0.3333333333333333,0.0,1.0,2.0,1.4098790095958609,0.08867421746253967,0.5850679278373718,0.10883929207921028,2.1666666666666665,0.030240103602409363,0.0021047510270040815,0.001598284073704298,0.0,0.0,0.00015864901323436875,-0.0009513007207932189,0.0,0.0,0.0,0.0002749880585164455,0.0,0.0003121052671396507,0.0,0.0,6.0,12827.png,0.0,3.0,3.0,20.0,0.45652173913043476,0.5434782608695652,0.0,R244-F0-gtfree-merge-targeted-candidates,1.0,val
1.0,0.37601703292525285,0.23154001030107224,2.0,2.0,0.9259000487759864,0.21678679887307453,27.0,27.0,0.0,0.8620241046662903,1.0,0.9183697485584278,24.0,7.0,0.9335548614341729,31914.0,227.0,224.0,0.6276353052234109,1.0133928571428572,1.0,0.0003398470688190314,26.0,13.0,6.0,1702.0,4.0,0.5166970248937462,0.3333333333333333,0.0,0.9230769230769231,2.0,1.387348761994826,0.12282340228557587,0.5781297087669373,0.1758304238319397,2.1666666666666665,0.05135231837630272,-4.2893307683755655e-05,-3.252880167198269e-05,0.0,0.0,0.00015864901323436875,-0.00087812374227067,0.0,0.0,0.0,0.0002749880585164455,0.0,0.0003121052671396507,0.0,0.0,6.0,12827.png,0.0,1.0,1.0,20.0,0.4782608695652174,0.5217391304347826,1.0,R244-F0-gtfree-merge-targeted-candidates,1.0,val
1.0,0.37502851494182954,0.2307908282639214,2.0,2.0,0.9256271338368859,0.21762833412608393,27.0,27.0,0.0,0.8615511085481516,1.0,0.9180514335769477,24.0,8.0,0.9333289027713165,31914.0,227.0,224.0,0.6276353052234109,1.0133928571428572,1.0,0.00023527873995163716,18.0,9.0,3.0,1927.0,4.0,0.6628826969384245,0.6666666666666666,0.9444444444444444,0.05555555555555555,2.0,1.434912618041455,0.10616635531187057,0.6267974376678467,0.12015590816736221,3.0,0.034143682569265366,-0.001031411291107065,-0.0007817108388228355,0.0,0.0,-0.0001142659258661638,-3.658848926127445e-05,0.0,0.0,0.0,-0.00019800805962222334,0.0,-6.209714340399408e-06,0.0,-0.00022595866285635147,6.0,12827.png,0.0,1.0,1.0,20.0,0.46875,0.53125,1.0,R244-F0-gtfree-merge-targeted-candidates,0.0,val
1.0,0.3757557321571162,0.23134188594437682,2.0,2.0,0.9257072051883684,0.21744539167977756,27.0,27.0,0.0,0.861689857419814,1.0,0.9181189452078077,24.0,9.0,0.9334219445736691,6019.0,75.0,102.0,0.7867973856209151,1.36,1.0,0.00020913665773478857,16.0,8.0,3.0,1055.0,4.0,0.3693977591036415,0.6666666666666666,0.625,0.375,2.0,1.4008883476483185,0.08389054238796234,0.6002451181411743,0.09591465070843697,2.6666666666666665,0.029197541996836662,-0.0003041940758203854,-0.00023065315836739986,0.0,0.0,-3.4194574383694665e-05,-0.0002195309355676467,0.0,0.0,0.0,-5.925918795990359e-05,0.0,6.130191651954053e-05,0.0,-0.00013291686050376228,6.0,12827.png,0.0,1.0,1.0,22.0,0.5,0.5,1.0,R244-F0-gtfree-merge-targeted-candidates,0.0,val
1.0,0.37577462646846366,0.23135620991526615,2.0,2.0,0.925694023358203,0.21748198016903883,27.0,27.0,0.0,0.8616670143191941,1.0,0.9181058714324936,24.0,10.0,0.9334086528876188,6019.0,75.0,102.0,0.7867973856209151,1.36,1.0,0.00020913665773478857,16.0,3.0,8.0,958.0,4.0,0.33543417366946776,0.6666666666666666,0.6875,0.3125,2.0,1.426776695296637,0.08368365466594696,0.5661765336990356,0.09993866831064224,2.6666666666666665,0.02995815873146057,-0.000285299764472946,-0.00021632918747807595,0.0,0.0,-4.737640454899328e-05,-0.00018294244630637224,0.0,0.0,0.0,-8.2102288579744e-05,0.0,4.822814120541974e-05,0.0,-0.0001462085465541163,6.0,12827.png,0.0,1.0,1.0,22.0,0.45,0.55,1.0,R244-F0-gtfree-merge-targeted-candidates,0.0,val
1.0,0.375698589514504,0.2312985675498549,2.0,2.0,0.9256422762084283,0.2176649226153452,27.0,27.0,0.0,0.8615773458971339,1.0,0.9180426455399981,24.0,11.0,0.9333687778294677,31914.0,227.0,224.0,0.6276353052234109,1.0133928571428572,1.0,0.00018299457551794002,14.0,7.0,3.0,537.0,2.0,0.19144385026737967,0.6666666666666666,1.0,0.0,2.0,1.4163162231961566,0.07391350716352463,0.593837559223175,0.08955981358885766,2.3333333333333335,0.023186780512332916,-0.0003613367184325811,-0.0002739715528893294,0.0,0.0,-9.912355432373232e-05,0.0,0.0,0.0,0.0,-0.00017177071064000682,0.0,-1.4997751289991257e-05,0.0,-0.00018608360470517837,6.0,12827.png,0.0,3.0,3.0,20.0,0.44642857142857145,0.5535714285714286,1.0,R244-F0-gtfree-merge-targeted-candidates,0.0,val
1.0,0.3765349960080599,0.23193293054189498,2.0,2.0,0.9258024121795294,0.21729903772273243,27.0,27.0,0.0,0.8618548604805262,1.0,0.9181776586705014,24.0,12.0,0.9335548614341729,31914.0,227.0,224.0,0.6276353052234109,1.0133928571428572,1.0,0.00013071041108424287,10.0,5.0,2.0,801.0,2.0,0.3022641509433962,1.0,0.0,1.0,2.0,1.4414213562373095,0.0887799859046936,0.6254902482032776,0.10771333500742912,2.5,0.03225475177168846,0.0004750697751232935,0.000360391439150759,0.0,0.0,6.10124167773618e-05,-0.00036588489261277224,0.0,0.0,0.0,0.00010574387275230634,0.0,0.00012001537921324523,0.0,0.0,6.0,12827.png,0.0,1.0,1.0,20.0,0.45454545454545453,0.5454545454545454,0.0,R244-F0-gtfree-merge-targeted-candidates,1.0,val
1.0,0.37662979435131333,0.2320048705099986,2.0,2.0,0.9258024121795294,0.21729903772273243,27.0,27.0,0.0,0.8618548604805262,1.0,0.9181776586705014,24.0,13.0,0.9335548614341729,31914.0,227.0,224.0,0.6276353052234109,1.0133928571428572,1.0,0.00013071041108424287,10.0,2.0,5.0,1222.0,3.0,0.4611320754716981,1.0,0.0,1.0,2.0,1.5,0.11484688520431519,0.6788235902786255,0.1532011777162552,2.5,0.04254314303398132,0.0005698681183767262,0.00043233140725437713,0.0,0.0,6.10124167773618e-05,-0.00036588489261277224,0.0,0.0,0.0,0.00010574387275230634,0.0,0.00012001537921324523,0.0,0.0,6.0,12827.png,0.0,1.0,1.0,20.0,0.36363636363636365,0.6363636363636364,0.0,R244-F0-gtfree-merge-targeted-candidates,1.0,val
1.0,0.37568430656934304,0.23128774048588682,2.0,2.0,0.9256705990904897,0.2176649226153452,27.0,27.0,0.0,0.8616264232430311,1.0,0.918046931171972,24.0,14.0,0.9334219445736691,31914.0,227.0,224.0,0.6276353052234109,1.0133928571428572,1.0,0.00013071041108424287,10.0,2.0,5.0,1475.0,4.0,0.5566037735849056,1.0,1.0,0.0,2.0,1.4414213562373095,0.08585788309574127,0.5003921389579773,0.10390164107084274,2.5,0.033698130398988724,-0.0003756196635935627,-0.00028479861685740127,0.0,0.0,-7.080067226239439e-05,0.0,0.0,0.0,0.0,-0.00012269336474279857,0.0,-1.071211931613636e-05,0.0,-0.00013291686050376228,6.0,12827.png,0.0,1.0,1.0,20.0,0.4318181818181818,0.5681818181818182,1.0,R244-F0-gtfree-merge-targeted-candidates,0.0,val
1.0,0.37708159075355485,0.23234784238391978,2.0,2.0,0.9258136377417187,0.2171892722549486,27.0,27.0,0.0,0.8618743174092844,1.0,0.918212600175184,24.0,15.0,0.9335415697481225,31914.0,227.0,224.0,0.6276353052234109,1.0133928571428572,1.0,0.00018299457551794002,14.0,7.0,4.0,1012.0,2.0,0.35384615384615387,0.5,0.07142857142857142,0.9285714285714286,2.0,1.3744743347942348,0.07472945749759674,0.575630247592926,0.0886811874806881,1.75,0.02520541474223137,0.0010216645206182484,0.00077530328117556,0.0,0.0,7.2237978966605e-05,-0.0004756503603965956,0.0,0.0,0.0,0.0001252008015105721,0.0,0.0001549568838958848,0.0,-1.3291686050354024e-05,6.0,12827.png,0.0,3.0,3.0,20.0,0.45,0.55,1.0,R244-F0-gtfree-merge-targeted-candidates,0.0,val
1.0,0.3751995742416179,0.2309204061578775,2.0,2.0,0.9256422762084283,0.2176649226153452,27.0,27.0,0.0,0.8615773458971339,1.0,0.9180426455399981,24.0,16.0,0.9333687778294677,31914.0,227.0,224.0,0.6276353052234109,1.0133928571428572,1.0,0.00018299457551794002,14.0,4.0,7.0,1217.0,3.0,0.42552447552447553,0.5,1.0,0.0,2.0,1.4163162231961566,0.07796575129032135,0.5756303071975708,0.09416185319423676,1.75,0.023066338151693344,-0.0008603519913187307,-0.0006521329448667124,0.0,0.0,-9.912355432373232e-05,0.0,0.0,0.0,0.0,-0.00017177071064000682,0.0,-1.4997751289991257e-05,0.0,-0.00018608360470517837,6.0,12827.png,0.0,1.0,1.0,20.0,0.45,0.55,1.0,R244-F0-gtfree-merge-targeted-candidates,0.0,val
1.0,0.37683914382389844,0.23216377008478944,2.0,2.0,0.9258014341453127,0.21726244923347116,27.0,27.0,0.0,0.8618531653025413,1.0,0.9181885924202214,24.0,17.0,0.9335415697481225,31914.0,227.0,224.0,0.6276353052234109,1.0133928571428572,1.0,0.00015685249330109143,12.0,6.0,3.0,735.0,2.0,0.2668845315904139,0.6666666666666666,0.08333333333333333,0.9166666666666666,2.0,1.4023689270621826,0.07562778890132904,0.6251634955406189,0.09991015791893006,2.0,0.0277046300470829,0.0007792175909618337,0.0005912309820452211,0.0,0.0,6.0034382560636423e-05,-0.0004024733818740467,0.0,0.0,0.0,0.0001040486947674335,0.0,0.0001309491289332998,0.0,-1.3291686050354024e-05,6.0,12827.png,0.0,1.0,1.0,20.0,0.40384615384615385,0.5961538461538461,1.0,R244-F0-gtfree-merge-targeted-candidates,0.0,val
1.0,0.376325692781389,0.2317741255794353,2.0,2.0,0.9258146156279659,0.21722586074420988,27.0,27.0,0.0,0.8618760123693123,1.0,0.9182016655118769,24.0,18.0,0.9335548614341729,6019.0,75.0,102.0,0.7867973856209151,1.36,1.0,0.00015685249330109143,12.0,3.0,6.0,792.0,3.0,0.2875816993464052,0.6666666666666666,0.0,1.0,2.0,1.4511844635310913,0.09549083560705185,0.5692810416221619,0.11846623718738555,2.0,0.03614916279911995,0.0002657665484523952,0.0002015864766910791,0.0,0.0,7.321586521380485e-05,-0.00043906187113532114,0.0,0.0,0.0,0.00012689576153845916,0.0,0.00014402222058873537,0.0,0.0,6.0,12827.png,0.0,1.0,1.0,22.0,0.36538461538461536,0.6346153846153846,0.0,R244-F0-gtfree-merge-targeted-candidates,1.0,val
1.0,0.37594556581898353,0.23148581593483755,2.0,2.0,0.9257111222418475,0.21759174563682265,27.0,27.0,0.0,0.8616966454810925,1.0,0.9180752186360249,24.0,19.0,0.9334751113178706,31914.0,227.0,224.0,0.6276353052234109,1.0133928571428572,1.0,0.00010456832886739429,8.0,4.0,2.0,1574.0,3.0,0.6053846153846154,1.0,0.75,0.25,2.0,1.5,0.057142842561006546,0.501960813999176,0.059749603271484375,2.0,0.017205825075507164,-0.00011436041395307406,-8.672316790667156e-05,0.0,0.0,-3.0277520904564703e-05,-7.31769785225489e-05,0.0,0.0,0.0,-5.247112668138598e-05,0.0,1.757534473678657e-05,0.0,-7.975011630223516e-05,6.0,12827.png,0.0,1.0,1.0,20.0,0.4,0.6,1.0,R244-F0-gtfree-merge-targeted-candidates,0.0,val
0.0,0.37560827250608275,0.23123010672158772,2.0,2.0,0.9256847599715288,0.2176649226153452,27.0,27.0,0.0,0.8616509619159796,1.0,0.9180490738198883,24.0,20.0,0.9334485279457699,31914.0,227.0,224.0,0.6276353052234109,1.0133928571428572,1.0,0.00010456832886739429,8.0,4.0,2.0,46.0,0.0,0.01769230769230769,1.0,1.0,0.0,2.0,1.426776695296637,0.07587821781635284,0.5598039627075195,0.08593093603849411,2.0,0.021812347695231438,-0.0004516537268538512,-0.0003424323811564989,0.0,0.0,-5.663979122327856e-05,0.0,0.0,0.0,0.0,-9.815469179430547e-05,0.0,-8.569471399821893e-06,0.0,-0.00010633348840294321,6.0,12827.png,0.0,3.0,3.0,20.0,0.35,0.65,1.0,R244-F0-gtfree-merge-targeted-candidates,0.0,val
1.0,0.37600273733034256,0.2315291693978837,2.0,2.0,0.9257902090528036,0.2176649226153452,27.0,27.0,0.0,0.8618337096299205,1.0,0.9181536530844346,24.0,21.0,0.9335548614341729,31914.0,227.0,224.0,0.6276353052234109,1.0133928571428572,1.0,0.00010456832886739429,8.0,4.0,2.0,1448.0,4.0,0.556923076923077,1.0,0.0,0.0,2.0,1.426776695296637,0.06528770178556442,0.48235297203063965,0.07617806866765023,2.0,0.01931149698793888,-5.718890259404086e-05,-4.336970486051861e-05,0.0,0.0,4.880929005157686e-05,0.0,0.0,0.0,0.0,8.459302214658404e-05,0.0,9.600979314650093e-05,0.0,0.0,6.0,12827.png,0.0,1.0,1.0,20.0,0.45,0.55,1.0,R244-F0-gtfree-merge-targeted-candidates,0.0,val
1.0,0.37594556581898353,0.23148581593483755,2.0,2.0,0.9256847599715288,0.2176649226153452,27.0,27.0,0.0,0.8616509619159796,1.0,0.9180490738198883,24.0,22.0,0.9334485279457699,31914.0,227.0,224.0,0.6276353052234109,1.0133928571428572,1.0,0.00010456832886739429,8.0,4.0,2.0,1566.0,4.0,0.6023076923076923,1.0,1.0,0.0,2.0,1.5,0.09890256822109222,0.6593137383460999,0.11970420330762863,2.0,0.02857889235019684,-0.00011436041395307406,-8.672316790667156e-05,0.0,0.0,-5.663979122327856e-05,0.0,0.0,0.0,0.0,-9.815469179430547e-05,0.0,-8.569471399821893e-06,0.0,-0.00010633348840294321,6.0,12827.png,0.0,1.0,1.0,20.0,0.375,0.625,1.0,R244-F0-gtfree-merge-targeted-candidates,0.0,val
1.0,0.37580780050178664,0.2313813602958386,2.0,2.0,0.9256847599715288,0.2176649226153452,27.0,27.0,0.0,0.8616509619159796,1.0,0.9180490738198883,24.0,23.0,0.9334485279457699,31914.0,227.0,224.0,0.6276353052234109,1.0133928571428572,1.0,0.00010456832886739429,8.0,2.0,4.0,1271.0,3.0,0.4888461538461538,1.0,1.0,0.0,2.0,1.5,0.10232134163379669,0.5117647647857666,0.12567420825362205,2.0,0.03906835988163948,-0.00025212573114996584,-0.00019117880690561195,0.0,0.0,-5.663979122327856e-05,0.0,0.0,0.0,0.0,-9.815469179430547e-05,0.0,-8.569471399821893e-06,0.0,-0.00010633348840294321,6.0,12827.png,0.0,1.0,1.0,20.0,0.4,0.6,1.0,R244-F0-gtfree-merge-targeted-candidates,0.0,val
1.0,0.3765493118394038,0.23194379391100703,2.0,2.0,0.9257770279176443,0.21740880319051625,27.0,27.0,0.0,0.8618108642035903,1.0,0.9181405806763664,24.0,24.0,0.9335415697481225,31914.0,227.0,224.0,0.6276353052234109,1.0133928571428572,1.0,0.00010456832886739429,8.0,4.0,4.0,543.0,2.0,0.20081360946745563,0.5,0.125,0.875,2.0,1.301776695296637,0.0886133462190628,0.5215686559677124,0.10588171184062957,1.0,0.022697726264595985,0.0004893856064672186,0.0003712548082628053,0.0,0.0,3.562815489221993e-05,-0.0002561194248289489,0.0,0.0,0.0,6.174759581645262e-05,0.0,8.293738507825221e-05,0.0,-1.3291686050354024e-05,6.0,12827.png,0.0,1.0,1.0,20.0,0.3958333333333333,0.6041666666666666,1.0,R244-F0-gtfree-merge-targeted-candidates,0.0,val
1.0,0.375698589514504,0.2312985675498549,2.0,2.0,0.9254298069823859,0.2176649226153452,27.0,27.0,0.0,0.8612092658029054,1.0,0.9180104890074678,24.0,1.0,0.9329700272479564,3002.0,55.0,64.0,0.852840909090909,1.1636363636363636,1.0,0.0005751258087706686,44.0,22.0,3.0,2104.0,4.0,0.5893557422969188,0.6666666666666666,1.0,0.0,2.0,1.4733733437442316,0.07213420420885086,0.36818182468414307,0.09100912064313889,7.333333333333333,0.025609426200389862,-0.0003613367184325811,-0.0002739715528893294,0.0,0.0,-0.00031159278036618776,0.0,0.0,0.0,0.0,-0.0005398508048685136,0.0,-4.7154283820294296e-05,0.0,-0.0005848341862164652,8.0,12827.png,0.0,1.0,1.0,15.0,0.4827586206896552,0.5172413793103449,1.0,R244-F0-gtfree-merge-targeted-candidates,0.0,val
1.0,0.3758598411431612,0.2314208161737177,2.0,2.0,0.9255431343598397,0.2176649226153452,27.0,27.0,0.0,0.861405575186494,1.0,0.9180276422976843,24.0,2.0,0.9331826942247624,31914.0,227.0,224.0,0.6276353052234109,1.0133928571428572,1.0,0.00036598915103588003,28.0,2.0,14.0,1578.0,4.0,0.5090322580645161,1.0,1.0,0.0,2.8284271247461903,1.5885253094506813,0.07935427129268646,0.6571428179740906,0.10812043771147728,7.0,0.024611633270978928,-0.00020008508977542583,-0.0001517229290265154,0.0,0.0,-0.0001982654029123454,0.0,0.0,0.0,0.0,-0.0003435414212799026,0.0,-3.0000993603840342e-05,0.0,-0.00037216720941046777,8.0,12827.png,0.0,1.0,1.0,20.0,0.4,0.6,1.0,R244-F0-gtfree-merge-targeted-candidates,0.0,val
1.0,0.37419256782430277,0.23015798822099653,3.0,3.0,0.9251449413968459,0.2168233873623358,27.0,27.0,0.0,0.8607159951399713,1.0,0.9182225248108093,25.0,3.0,0.9321725260849338,31914.0,227.0,224.0,0.6276353052234109,1.0133928571428572,1.0,0.0016600222207698843,127.0,39.0,30.0,2731.0,3.0,0.40244621279104037,0.10854700854700855,0.8188976377952756,0.18110236220472442,2.8284271247461903,1.749024756468439,0.09115074574947357,0.5522927641868591,0.1208055853843689,1.3,0.042997416108846664,-0.0018673584086338346,-0.0014145508817476893,1.0,1.0,-0.0005964583659061606,-0.0008415352530093956,0.0,0.0,0.0,-0.0010331214678025447,0.0,0.00016488151952120944,1.0,-0.0013823353492390389,8.0,12827.png,0.0,1.0,1.0,20.0,0.4847457627118644,0.5152542372881356,1.0,R244-F0-gtfree-merge-targeted-candidates,0.0,val
1.0,0.3744868481070397,0.23038069404171732,3.0,3.0,0.9255138227888152,0.21762833412608393,27.0,27.0,0.0,0.8613547967559476,1.0,0.9180342875076827,25.0,5.0,0.9331162357945105,31914.0,227.0,224.0,0.6276353052234109,1.0133928571428572,1.0,0.0004444153976864257,34.0,15.0,4.0,2149.0,4.0,0.655982905982906,0.5666666666666667,0.9705882352941176,0.029411764705882353,2.8284271247461903,1.588879777396592,0.10024578124284744,0.641637921333313,0.12197060137987137,3.75,0.037179116159677505,-0.0015730781258969095,-0.0011918450610269027,1.0,1.0,-0.0002275769739368272,-3.658848926127445e-05,0.0,0.0,0.0,-0.0003943198518262525,0.0,-2.3355783605460978e-05,1.0,-0.0004386256396623489,8.0,12827.png,0.0,1.0,1.0,20.0,0.4891304347826087,0.5108695652173914,1.0,R244-F0-gtfree-merge-targeted-candidates,0.0,val
1.0,0.37909937298118945,0.2338819336990669,3.0,3.0,0.9259662098470016,0.21627456002341663,27.0,27.0,0.0,0.8621388063732109,1.0,0.9185128030758769,25.0,6.0,0.9335415697481225,31914.0,227.0,224.0,0.6276353052234109,1.0133928571428572,1.0,0.0005097706032285472,39.0,17.0,7.0,768.0,2.0,0.21482517482517482,0.3277310924369748,0.02564102564102564,0.9743589743589743,2.8284271247461903,1.5828234965123973,0.07873041927814484,0.5936651229858398,0.10170057862997058,2.4285714285714284,0.031153272837400436,0.0030394467482528498,0.002309394596322678,1.0,1.0,0.0002248100842495715,-0.0013903625919285678,0.0,0.0,0.0,0.00038968976543707345,0.0,0.0004551597845887656,1.0,-1.3291686050354024e-05,8.0,12827.png,0.0,3.0,3.0,20.0,0.42857142857142855,0.5714285714285714,1.0,R244-F0-gtfree-merge-targeted-candidates,0.0,val
1.0,0.37266750275529203,0.22900513778608128,4.0,4.0,0.9252587855211973,0.21762833412608393,27.0,27.0,0.0,0.8609130952234887,1.0,0.917995682606136,26.0,7.0,0.932637735096697,31914.0,227.0,224.0,0.6276353052234109,1.0133928571428572,1.0,0.0009149728775897,70.0,19.0,24.0,2532.0,3.0,0.5248756218905473,0.15350877192982457,0.9857142857142858,0.014285714285714285,2.8284271247461903,1.6279808503063509,0.07420901209115982,0.561568558216095,0.09126035049557686,1.263157894736842,0.030111925676465034,-0.0033924234776445683,-0.002567401316662943,2.0,2.0,-0.000482614241554713,-3.658848926127445e-05,0.0,0.0,0.0,-0.0008360213842851794,0.0,-6.196068515218478e-05,2.0,-0.0009171263374758709,8.0,12827.png,0.0,1.0,1.0,20.0,0.5,0.5,1.0,R244-F0-gtfree-merge-targeted-candidates,0.0,val
0.0,0.3756457003950167,0.23125847635972502,3.0,3.0,0.9255836639993672,0.21759174563682265,27.0,27.0,0.0,0.8614757920051042,1.0,0.9180559369238614,25.0,8.0,0.9332358609689639,31914.0,227.0,224.0,0.6276353052234109,1.0133928571428572,1.0,0.0003398470688190314,26.0,12.0,4.0,64.0,0.0,0.020512820512820513,0.5416666666666666,0.9230769230769231,0.07692307692307693,2.8284271247461903,1.7725541359126966,0.06909000128507614,0.564856767654419,0.08416353911161423,3.0,0.030229568481445312,-0.00041422583791989043,-0.00031406274301920556,1.0,1.0,-0.00015773576338484752,-7.31769785225489e-05,0.0,0.0,0.0,-0.00027332460266971115,0.0,-1.7063674266903917e-06,1.0,-0.00031900046520894065,8.0,12827.png,0.0,3.0,3.0,20.0,0.2839506172839506,0.7160493827160493,1.0,R244-F0-gtfree-merge-targeted-candidates,0.0,val
1.0,0.3744962360276785,0.23038779997193246,2.0,2.0,0.9255807208584913,0.21748198016903883,27.0,27.0,0.0,0.8614706928919373,1.0,0.9180887372013652,24.0,9.0,0.9331959859108128,31914.0,227.0,224.0,0.6276353052234109,1.0133928571428572,1.0,0.00041827331546957715,32.0,13.0,6.0,1486.0,4.0,0.45112325440194295,0.41025641025641024,0.84375,0.15625,2.8284271247461903,1.5835060616049068,0.08610432595014572,0.6022058725357056,0.10875803455710412,2.1666666666666665,0.031933367252349854,-0.0015636902052580948,-0.0011847391308117683,0.0,0.0,-0.00016067890426074705,-0.00018294244630637224,0.0,0.0,0.0,-0.0002784237158365288,0.0,3.109391007705131e-05,0.0,-0.00035887552336011375,8.0,12827.png,0.0,1.0,1.0,20.0,0.4891304347826087,0.5108695652173914,1.0,R244-F0-gtfree-merge-targeted-candidates,0.0,val
1.0,0.37600273733034256,0.2315291693978837,2.0,2.0,0.9255997890851568,0.2176649226153452,27.0,27.0,0.0,0.8615037298782882,1.0,0.9180362162515526,24.0,10.0,0.9332890277131655,4310.0,84.0,67.0,0.7658137882018479,1.2537313432835822,1.0,0.00026142082216848575,20.0,10.0,3.0,1847.0,4.0,0.6244083840432725,0.6666666666666666,1.0,0.0,2.0,1.4414213562373095,0.09272976964712143,0.5570588111877441,0.11550449207425119,3.3333333333333335,0.03446688503026962,-5.718890259404086e-05,-4.336970486051861e-05,0.0,0.0,-0.0001416106775952164,0.0,0.0,0.0,0.0,-0.00024538672948570817,0.0,-2.1427039735510967e-05,0.0,-0.00026583372100741354,8.0,12827.png,0.0,1.0,1.0,23.0,0.47058823529411764,0.5294117647058824,1.0,R244-F0-gtfree-merge-targeted-candidates,0.0,val
1.0,0.37603588534934995,0.23155430711610486,2.0,2.0,0.9259549784120497,0.21645750246972303,27.0,27.0,0.0,0.8621193337343038,1.0,0.9184778344448803,24.0,11.0,0.9335548614341729,31914.0,227.0,224.0,0.6276353052234109,1.0133928571428572,1.0,0.00045748643879485,35.0,13.0,7.0,1719.0,4.0,0.5123695976154993,0.38461538461538464,0.0,0.9428571428571428,2.8284271247461903,1.6732890342385482,0.11619681119918823,0.5970869064331055,0.16952912211418153,1.8571428571428572,0.05565977469086647,-2.404088358665124e-05,-1.8231986639360986e-05,0.0,0.0,0.00021357864929760773,-0.0012074201456221678,0.0,0.0,0.0,0.0003702171265299592,0.0,0.0004201911535921532,0.0,0.0,8.0,12827.png,0.0,1.0,1.0,20.0,0.4583333333333333,0.5416666666666666,1.0,R244-F0-gtfree-merge-targeted-candidates,1.0,val
1.0,0.3760787742843022,0.23158683335674485,2.0,2.0,0.9257203870185337,0.21740880319051625,27.0,27.0,0.0,0.8617127010810214,1.0,0.9181320189831218,24.0,12.0,0.9334352362597196,31914.0,227.0,224.0,0.6276353052234109,1.0133928571428572,1.0,0.00020913665773478857,16.0,8.0,2.0,1745.0,3.0,0.6232142857142857,1.0,0.5625,0.4375,2.0,1.4633883476483185,0.056522395461797714,0.49264705181121826,0.059621645137667656,4.0,0.020698826760053635,1.88480513655942e-05,1.4294254000624118e-05,0.0,0.0,-2.101274421839605e-05,-0.0002561194248289489,0.0,0.0,0.0,-3.6415526752486826e-05,0.0,7.437569183366133e-05,0.0,-0.00011962517445329723,8.0,12827.png,0.0,1.0,1.0,20.0,0.4642857142857143,0.5357142857142857,1.0,R244-F0-gtfree-merge-targeted-candidates,0.0,val
1.0,0.37692395393911754,0.2322281539758359,2.0,2.0,0.9258390234900213,0.21707950678716476,27.0,27.0,0.0,0.8619183192617318,1.0,0.9182496829609487,24.0,14.0,0.9335548614341729,31914.0,227.0,224.0,0.6276353052234109,1.0133928571428572,1.0,0.00020913665773478857,16.0,2.0,8.0,1291.0,3.0,0.4610714285714286,1.0,0.0,1.0,2.8284271247461903,1.654919291538692,0.10938501358032227,0.6762255430221558,0.1449901983141899,4.0,0.040207285434007645,0.0008640277061809365,0.0006556148730916811,0.0,0.0,9.762372726929147e-05,-0.0005854158281804467,0.0,0.0,0.0,0.00016920265395792278,0.0,0.00019203966966052644,0.0,0.0,8.0,12827.png,0.0,1.0,1.0,20.0,0.3392857142857143,0.6607142857142857,0.0,R244-F0-gtfree-merge-targeted-candidates,1.0,val
1.0,0.3781503022009351,0.23315989312333005,2.0,2.0,0.9258922332529104,0.21642091398046176,27.0,27.0,0.0,0.8620105560328956,1.0,0.9184572930698508,24.0,15.0,0.9334485279457699,31914.0,227.0,224.0,0.6276353052234109,1.0133928571428572,1.0,0.00054898372655382,42.0,17.0,13.0,762.0,2.0,0.19218158890290038,0.19004524886877827,0.19047619047619047,0.8095238095238095,2.8284271247461903,1.5204549182970346,0.08874479681253433,0.5390289425849915,0.10735380873084067,1.3076923076923077,0.03354087844491005,0.0020903759679984923,0.0015873540205858239,0.0,0.0,0.0001508334901583197,-0.0012440086348834423,0.0,0.0,0.0,0.00026143942512169005,0.0,0.0003996497785626607,0.0,-0.00010633348840294321,8.0,12827.png,0.0,1.0,1.0,20.0,0.45588235294117646,0.5441176470588235,1.0,R244-F0-gtfree-merge-targeted-candidates,0.0,val
1.0,0.37417785043531154,0.2301468524927509,2.0,2.0,0.9255572986013156,0.2176649226153452,27.0,27.0,0.0,0.8614301138594425,1.0,0.9180297859543143,24.0,16.0,0.9332092775968631,4310.0,84.0,67.0,0.7658137882018479,1.2537313432835822,1.0,0.0003398470688190314,26.0,13.0,7.0,868.0,4.0,0.2587183308494784,0.2857142857142857,1.0,0.0,2.0,1.364818514393791,0.13049226999282837,0.5553544759750366,0.16841580718755722,1.8571428571428572,0.04287700355052948,-0.0018820757976250602,-0.0014256866099933152,0.0,0.0,-0.00018410116143641186,0.0,0.0,0.0,0.0,-0.0003190027483314095,0.0,-2.7857336973857727e-05,0.0,-0.0003455838373097597,8.0,12827.png,0.0,1.0,1.0,23.0,0.4479166666666667,0.5520833333333334,1.0,R244-F0-gtfree-merge-targeted-candidates,0.0,val
1.0,0.3758027130751985,0.2313775032753135,3.0,3.0,0.9259061517470487,0.21744539167977756,27.0,27.0,0.0,0.8620346846349276,1.0,0.9183817568451058,25.0,17.0,0.9335548614341729,31914.0,227.0,224.0,0.6276353052234109,1.0133928571428572,1.0,0.0003529181099274557,27.0,12.0,7.0,1999.0,4.0,0.6057575757575757,0.32142857142857145,0.0,0.2222222222222222,2.8284271247461903,1.608745407179897,0.06735498458147049,0.4592592716217041,0.08172500878572464,1.7142857142857142,0.023416172713041306,-0.00025721315773807873,-0.00019503582743071735,1.0,1.0,0.0001647519842966627,-0.0002195309355676467,0.0,0.0,0.0,0.0002855680271537375,0.0,0.00032411355381767315,1.0,0.0,8.0,12827.png,0.0,1.0,1.0,20.0,0.42391304347826086,0.5760869565217391,1.0,R244-F0-gtfree-merge-targeted-candidates,0.0,val
1.0,0.37716197209868096,0.2324088822261782,2.0,2.0,0.9258148502125696,0.21696974131938093,27.0,27.0,0.0,0.8618764189728171,1.0,0.9182792887029289,24.0,20.0,0.9334751113178706,31914.0,227.0,224.0,0.6276353052234109,1.0133928571428572,1.0,0.00032677602771060717,25.0,9.0,6.0,802.0,2.0,0.2605588044184535,0.46296296296296297,0.24,0.76,2.8284271247461903,1.6834563013492043,0.06852146983146667,0.6238431334495544,0.08408645540475847,1.5,0.02870888076722622,0.001102045865744361,0.0008363431234339747,0.0,0.0,7.3450449817547e-05,-0.00069518129596427,0.0,0.0,0.0,0.00012730236504321368,0.0,0.00022164541164071405,0.0,-7.975011630223516e-05,8.0,12827.png,0.0,1.0,1.0,20.0,0.42105263157894735,0.5789473684210527,1.0,R244-F0-gtfree-merge-targeted-candidates,0.0,val
1.0,0.37594556581898353,0.23148581593483755,2.0,2.0,0.9258146156279659,0.21744539167977756,27.0,27.0,0.0,0.8618760123693123,1.0,0.9182016655118769,24.0,21.0,0.9335548614341729,4388.0,68.0,82.0,0.7869440459110474,1.2058823529411764,1.0,0.00015685249330109143,12.0,2.0,6.0,1297.0,3.0,0.4803703703703704,1.0,0.0,0.5,2.0,1.5,0.06601345539093018,0.4297385513782501,0.08651471287012101,3.0,0.027750849723815918,-0.00011436041395307406,-8.672316790667156e-05,0.0,0.0,7.321586521380485e-05,-0.0002195309355676467,0.0,0.0,0.0,0.00012689576153845916,0.0,0.00014402222058873537,0.0,0.0,8.0,12827.png,0.0,1.0,1.0,11.0,0.4166666666666667,0.5833333333333334,1.0,R244-F0-gtfree-merge-targeted-candidates,0.0,val
1.0,0.3773513205396162,0.23255269320843092,3.0,3.0,0.9258116818918812,0.21711609527642603,27.0,27.0,0.0,0.8618709273644296,1.0,0.918234471217331,25.0,22.0,0.9335149863760218,31914.0,227.0,224.0,0.6276353052234109,1.0133928571428572,1.0,0.00023527873995163716,18.0,8.0,4.0,584.0,2.0,0.20054945054945056,0.5625,0.16666666666666666,0.8333333333333334,2.8284271247461903,1.6182772335828866,0.08109025657176971,0.5662310123443604,0.10251067653298379,2.0,0.030688034370541573,0.0012913943066795719,0.0009801541056866925,1.0,1.0,7.028212912918441e-05,-0.0005488273389191722,0.0,0.0,0.0,0.00012181075665573804,0.0,0.00017682792604289954,1.0,-3.987505815106207e-05,8.0,12827.png,0.0,1.0,1.0,20.0,0.390625,0.609375,1.0,R244-F0-gtfree-merge-targeted-candidates,0.0,val
1.0,0.37547980085889104,0.23113273756608804,2.0,2.0,0.9255572986013156,0.2176649226153452,27.0,27.0,0.0,0.8614301138594425,1.0,0.9180297859543143,24.0,23.0,0.9332092775968631,31914.0,227.0,224.0,0.6276353052234109,1.0133928571428572,1.0,0.0003398470688190314,26.0,7.0,9.0,1196.0,3.0,0.3814992025518341,0.4126984126984127,1.0,0.0,2.8284271247461903,1.7775152976239257,0.0761052817106247,0.5641025900840759,0.09971880912780762,1.2857142857142858,0.03214899078011513,-0.0005801253740455592,-0.0004398015366561814,0.0,0.0,-0.00018410116143641186,0.0,0.0,0.0,0.0,-0.0003190027483314095,0.0,-2.7857336973857727e-05,0.0,-0.0003455838373097597,8.0,12827.png,0.0,1.0,1.0,20.0,0.4,0.6,1.0,R244-F0-gtfree-merge-targeted-candidates,0.0,val
1.0,0.3766441116095187,0.23201573623079805,2.0,2.0,0.9258390234900213,0.21707950678716476,27.0,27.0,0.0,0.8619183192617318,1.0,0.9182496829609487,24.0,25.0,0.9335548614341729,4310.0,84.0,67.0,0.7658137882018479,1.2537313432835822,1.0,0.00020913665773478857,16.0,4.0,8.0,1288.0,3.0,0.4423076923076923,0.5,0.0,1.0,2.0,1.426776695296637,0.06877344846725464,0.5588235855102539,0.07446945086121559,2.0,0.023529410362243652,0.0005841853765821137,0.00044319712805382383,0.0,0.0,9.762372726929147e-05,-0.0005854158281804467,0.0,0.0,0.0,0.00016920265395792278,0.0,0.00019203966966052644,0.0,0.0,8.0,12827.png,0.0,1.0,1.0,23.0,0.453125,0.546875,0.0,R244-F0-gtfree-merge-targeted-candidates,1.0,val
1.0,0.3768578705287566,0.23217798594847774,2.0,2.0,0.9258268193981256,0.2171526837656873,27.0,27.0,0.0,0.8618971652963554,1.0,0.9182256736086598,24.0,26.0,0.9335548614341729,31914.0,227.0,224.0,0.6276353052234109,1.0133928571428572,1.0,0.00018299457551794002,14.0,6.0,3.0,806.0,2.0,0.2926652142338417,0.7777777777777778,0.0,1.0,2.8284271247461903,1.605622047472791,0.08404461294412613,0.6330532431602478,0.10437227487564088,2.0,0.03129241243004799,0.0007979442958199745,0.0006054468457335205,0.0,0.0,8.541963537356256e-05,-0.0005122388496578978,0.0,0.0,0.0,0.00014804868858153686,0.0,0.00016803031737167018,0.0,0.0,8.0,12827.png,0.0,1.0,1.0,20.0,0.4230769230769231,0.5769230769230769,0.0,R244-F0-gtfree-merge-targeted-candidates,1.0,val
1.0,0.3751995742416179,0.2309204061578775,2.0,2.0,0.9256422762084283,0.2176649226153452,27.0,27.0,0.0,0.8615773458971339,1.0,0.9180426455399981,24.0,28.0,0.9333687778294677,4388.0,68.0,82.0,0.7869440459110474,1.2058823529411764,1.0,0.00018299457551794002,14.0,7.0,4.0,1545.0,4.0,0.5402097902097902,0.5,1.0,0.0,2.0,1.4163162231961566,0.05984610691666603,0.35462185740470886,0.08200982958078386,1.75,0.020841538906097412,-0.0008603519913187307,-0.0006521329448667124,0.0,0.0,-9.912355432373232e-05,0.0,0.0,0.0,0.0,-0.00017177071064000682,0.0,-1.4997751289991257e-05,0.0,-0.00018608360470517837,8.0,12827.png,0.0,1.0,1.0,11.0,0.45,0.55,1.0,R244-F0-gtfree-merge-targeted-candidates,0.0,val
1.0,0.37594556581898353,0.23148581593483755,2.0,2.0,0.9256564378361278,0.2176649226153452,27.0,27.0,0.0,0.8616018845700825,1.0,0.9180447884120115,24.0,30.0,0.9333953612015684,4388.0,68.0,82.0,0.7869440459110474,1.2058823529411764,1.0,0.00015685249330109143,12.0,6.0,3.0,1439.0,3.0,0.5225127087872186,0.6666666666666666,1.0,0.0,2.0,1.4511844635310913,0.058960068970918655,0.35686275362968445,0.07800200134515763,2.0,0.017168529331684113,-0.00011436041395307406,-8.672316790667156e-05,0.0,0.0,-8.496192662421631e-05,0.0,0.0,0.0,0.0,-0.0001472320376914027,0.0,-1.285487927660256e-05,0.0,-0.00015950023260447033,8.0,12827.png,0.0,1.0,1.0,11.0,0.36538461538461536,0.6346153846153846,1.0,R244-F0-gtfree-merge-targeted-candidates,0.0,val
1.0,0.3757078250294531,0.23130556855404774,3.0,3.0,0.9256564378361278,0.2176649226153452,27.0,27.0,0.0,0.8616018845700825,1.0,0.9180447884120115,25.0,31.0,0.9333953612015684,31914.0,227.0,224.0,0.6276353052234109,1.0133928571428572,1.0,0.00015685249330109143,12.0,3.0,6.0,1331.0,3.0,0.4832970225127088,0.6666666666666666,1.0,0.0,2.8284271247461903,1.6577435189160143,0.05908772349357605,0.5336601138114929,0.06285927966237068,2.0,0.01930871792137623,-0.0003521012034835014,-0.0002669705486964824,1.0,1.0,-8.496192662421631e-05,0.0,0.0,0.0,0.0,-0.0001472320376914027,0.0,-1.285487927660256e-05,1.0,-0.00015950023260447033,8.0,12827.png,0.0,1.0,1.0,20.0,0.38461538461538464,0.6153846153846154,1.0,R244-F0-gtfree-merge-targeted-candidates,0.0,val
1.0,0.37567927037811133,0.2312839228897623,2.0,2.0,0.9256564378361278,0.2176649226153452,27.0,27.0,0.0,0.8616018845700825,1.0,0.9180447884120115,24.0,32.0,0.9333953612015684,31914.0,227.0,224.0,0.6276353052234109,1.0133928571428572,1.0,0.00015685249330109143,12.0,3.0,6.0,706.0,2.0,0.25635439360929557,0.6666666666666666,1.0,0.0,2.8284271247461903,1.8643025743009372,0.08465857058763504,0.5709151029586792,0.09831048995256424,2.0,0.030268914997577667,-0.00038065585482527364,-0.0002886162129819292,0.0,0.0,-8.496192662421631e-05,0.0,0.0,0.0,0.0,-0.0001472320376914027,0.0,-1.285487927660256e-05,0.0,-0.00015950023260447033,8.0,12827.png,0.0,1.0,1.0,20.0,0.3076923076923077,0.6923076923076923,1.0,R244-F0-gtfree-merge-targeted-candidates,0.0,val
1.0,0.3753326743213444,0.23102124871290836,2.0,2.0,0.9256564378361278,0.2176649226153452,27.0,27.0,0.0,0.8616018845700825,1.0,0.9180447884120115,24.0,34.0,0.9333953612015684,4388.0,68.0,82.0,0.7869440459110474,1.2058823529411764,1.0,0.00015685249330109143,12.0,6.0,4.0,1403.0,4.0,0.49964387464387466,0.5,1.0,0.0,2.0,1.3535533905932737,0.059104036539793015,0.36045753955841064,0.0665712371468544,1.5,0.01835600659251213,-0.0007272519115922305,-0.0005512903898358679,0.0,0.0,-8.496192662421631e-05,0.0,0.0,0.0,0.0,-0.0001472320376914027,0.0,-1.285487927660256e-05,0.0,-0.00015950023260447033,8.0,12827.png,0.0,1.0,1.0,11.0,0.44642857142857145,0.5535714285714286,1.0,R244-F0-gtfree-merge-targeted-candidates,0.0,val
1.0,0.37579351503402136,0.2313705298633215,2.0,2.0,0.9256847599715288,0.2176649226153452,27.0,27.0,0.0,0.8616509619159796,1.0,0.9180490738198883,24.0,35.0,0.9334485279457699,4388.0,68.0,82.0,0.7869440459110474,1.2058823529411764,1.0,0.00010456832886739429,8.0,4.0,2.0,1318.0,3.0,0.5069230769230769,1.0,1.0,0.0,2.0,1.5,0.04340766742825508,0.3651960790157318,0.05099489912390709,2.0,0.012773346155881882,-0.00026641119891523957,-0.00020200923942273463,0.0,0.0,-5.663979122327856e-05,0.0,0.0,0.0,0.0,-9.815469179430547e-05,0.0,-8.569471399821893e-06,0.0,-0.00010633348840294321,8.0,12827.png,0.0,1.0,1.0,11.0,0.35,0.65,1.0,R244-F0-gtfree-merge-targeted-candidates,0.0,val
1.0,0.37580780050178664,0.2313813602958386,2.0,2.0,0.9256847599715288,0.2176649226153452,27.0,27.0,0.0,0.8616509619159796,1.0,0.9180490738198883,24.0,36.0,0.9334485279457699,4388.0,68.0,82.0,0.7869440459110474,1.2058823529411764,1.0,0.00010456832886739429,8.0,4.0,2.0,1321.0,3.0,0.5080769230769231,1.0,1.0,0.0,2.0,1.5,0.050229936838150024,0.36225491762161255,0.058041779696941374,2.0,0.01950339786708355,-0.00025212573114996584,-0.00019117880690561195,0.0,0.0,-5.663979122327856e-05,0.0,0.0,0.0,0.0,-9.815469179430547e-05,0.0,-8.569471399821893e-06,0.0,-0.00010633348840294321,8.0,12827.png,0.0,1.0,1.0,11.0,0.425,0.575,1.0,R244-F0-gtfree-merge-targeted-candidates,0.0,val
1.0,0.3766959297685555,0.232055063913471,2.0,2.0,0.9257770279176443,0.21740880319051625,27.0,27.0,0.0,0.8618108642035903,1.0,0.9181405806763664,24.0,38.0,0.9335415697481225,31914.0,227.0,224.0,0.6276353052234109,1.0133928571428572,1.0,0.00010456832886739429,8.0,2.0,4.0,1189.0,3.0,0.4573076923076923,1.0,0.125,0.875,2.8284271247461903,1.8098385830773842,0.0813966691493988,0.6333333253860474,0.10970626175403594,2.0,0.025186728686094284,0.0006360035356188787,0.00048252481072677544,0.0,0.0,3.562815489221993e-05,-0.0002561194248289489,0.0,0.0,0.0,6.174759581645262e-05,0.0,8.293738507825221e-05,0.0,-1.3291686050354024e-05,8.0,12827.png,0.0,1.0,1.0,20.0,0.3,0.7,1.0,R244-F0-gtfree-merge-targeted-candidates,0.0,val
1.0,0.3756414642490592,0.2312552653748947,2.0,2.0,0.9256847599715288,0.2176649226153452,27.0,27.0,0.0,0.8616509619159796,1.0,0.9180490738198883,24.0,39.0,0.9334485279457699,4310.0,84.0,67.0,0.7658137882018479,1.2537313432835822,1.0,0.00010456832886739429,8.0,4.0,2.0,1135.0,3.0,0.43653846153846154,1.0,1.0,0.0,2.0,1.5,0.08359121531248093,0.511274516582489,0.1027791254222393,2.0,0.026808852329850197,-0.0004184619838774051,-0.00031727372784953745,0.0,0.0,-5.663979122327856e-05,0.0,0.0,0.0,0.0,-9.815469179430547e-05,0.0,-8.569471399821893e-06,0.0,-0.00010633348840294321,8.0,12827.png,0.0,1.0,1.0,23.0,0.35,0.65,1.0,R244-F0-gtfree-merge-targeted-candidates,0.0,val
1.0,0.37600273733034256,0.2315291693978837,2.0,2.0,0.9257902090528036,0.21737221470125498,27.0,27.0,0.0,0.8618337096299205,1.0,0.9181536530844346,24.0,40.0,0.9335548614341729,4310.0,84.0,67.0,0.7658137882018479,1.2537313432835822,1.0,0.00010456832886739429,8.0,4.0,2.0,1026.0,4.0,0.3946153846153846,1.0,0.0,1.0,2.0,1.426776695296637,0.10154104232788086,0.665686309337616,0.14783403873443604,2.0,0.045722439885139465,-5.718890259404086e-05,-4.336970486051861e-05,0.0,0.0,4.880929005157686e-05,-0.00029270791409022334,0.0,0.0,0.0,8.459302214658404e-05,0.0,9.600979314650093e-05,0.0,0.0,8.0,12827.png,0.0,1.0,1.0,23.0,0.45,0.55,1.0,R244-F0-gtfree-merge-targeted-candidates,1.0,val
1.0,0.3768534712189187,0.23217464630375714,2.0,2.0,0.9257943543337706,0.21726244923347116,27.0,27.0,0.0,0.8618408943099407,1.0,0.9181875228782095,24.0,41.0,0.9335282780620722,31914.0,227.0,224.0,0.6276353052234109,1.0133928571428572,1.0,0.0001699235344095157,13.0,5.0,5.0,1072.0,3.0,0.3816304734781061,0.52,0.15384615384615385,0.8461538461538461,2.23606797749979,1.4896198601532118,0.08139222115278244,0.6153846383094788,0.11084156632423402,1.0,0.028959274291992188,0.0007935449859821087,0.0006021072010129191,0.0,0.0,5.2954571018504204e-05,-0.0004024733818740467,0.0,0.0,0.0,9.177770216683978e-05,0.0,0.00012987958692134427,0.0,-2.6583372100708047e-05,8.0,12827.png,0.0,1.0,1.0,20.0,0.42857142857142855,0.5714285714285714,1.0,R244-F0-gtfree-merge-targeted-candidates,0.0,val
1.0,0.37418766389237257,0.23015427769985974,3.0,3.0,0.9253688016256301,0.2154696132596685,27.0,27.0,0.0,0.8611036074752585,1.0,0.9186894952644196,25.0,2.0,0.9321459427128331,31914.0,227.0,224.0,0.6276353052234109,1.0133928571428572,1.0,0.00219593490621528,168.0,53.0,30.0,3282.0,3.0,0.4166031987814166,0.10566037735849057,0.6309523809523809,0.35714285714285715,3.0,1.7481622635109577,0.095682792365551,0.5640056133270264,0.13631153404712676,1.7666666666666666,0.051354873925447464,-0.0018722623405640348,-0.0014182614028844798,1.0,1.0,-0.0003725981371219822,-0.002195309355676689,0.0,0.0,0.0,-0.0006455091325153761,0.0,0.0006318519731314254,1.0,-0.001408918721339747,10.0,12827.png,0.0,1.0,1.0,20.0,0.4945945945945946,0.5054054054054054,1.0,R244-F0-gtfree-merge-targeted-candidates,0.0,val
1.0,0.37537013134917624,0.23104963080661745,4.0,4.0,0.9253093704467988,0.2176649226153452,27.0,27.0,0.0,0.8610006870828426,1.0,0.9179922557689288,26.0,3.0,0.9327440685851001,31914.0,227.0,224.0,0.6276353052234109,1.0133928571428572,1.0,0.0007973335076138815,61.0,5.0,24.0,2244.0,4.0,0.5880503144654088,0.5083333333333333,1.0,0.0,3.0,2.032088808676035,0.08465372025966644,0.664416491985321,0.11354165524244308,4.8,0.0415472649037838,-0.000689794883760364,-0.0005229082961267784,2.0,2.0,-0.0004320293159532085,0.0,0.0,0.0,0.0,-0.00074842952493126,0.0,-6.538752235929479e-05,2.0,-0.0008107928490728167,10.0,12827.png,0.0,2.0,2.0,20.0,0.3939393939393939,0.6060606060606061,1.0,R244-F0-gtfree-merge-targeted-candidates,0.0,val
1.0,0.378259384370137,0.2332428384197716,3.0,3.0,0.9259095673498448,0.21627456002341663,27.0,27.0,0.0,0.8620406058969386,1.0,0.9185042768578827,25.0,4.0,0.9334352362597196,31914.0,227.0,224.0,0.6276353052234109,1.0133928571428572,1.0,0.0006143389320959414,47.0,4.0,19.0,1589.0,3.0,0.4560849598163031,0.618421052631579,0.19148936170212766,0.8085106382978723,3.0,2.148030155941237,0.09565667062997818,0.6816854476928711,0.12312217950820922,4.75,0.049282193183898926,0.002199458137200405,0.0016702993170273628,1.0,1.0,0.00016816758709270463,-0.0013903625919285678,0.0,0.0,0.0,0.00029148928916478134,0.0,0.00044663356659457865,1.0,-0.00011962517445329723,10.0,12827.png,0.0,1.0,1.0,20.0,0.3148148148148148,0.6851851851851852,1.0,R244-F0-gtfree-merge-targeted-candidates,0.0,val
1.0,0.3743112293368801,0.23024777933613838,3.0,3.0,0.9254429912456492,0.21762833412608393,27.0,27.0,0.0,0.8612321018858201,1.0,0.9180235675703954,25.0,5.0,0.9329833189340068,31914.0,227.0,224.0,0.6276353052234109,1.0133928571428572,1.0,0.0005751258087706686,44.0,16.0,4.0,2175.0,4.0,0.6535456730769231,0.6875,0.9772727272727273,0.022727272727272728,3.0,1.8868616461700938,0.09369254112243652,0.6576648950576782,0.11873704642057419,4.0,0.04543837532401085,-0.0017486968960565008,-0.001324759766605843,1.0,1.0,-0.0002984085171028328,-3.658848926127445e-05,0.0,0.0,0.0,-0.0005170147219537569,0.0,-3.407572089275668e-05,1.0,-0.0005715425001661112,10.0,12827.png,0.0,1.0,1.0,20.0,0.46938775510204084,0.5306122448979592,1.0,R244-F0-gtfree-merge-targeted-candidates,0.0,val
1.0,0.37532758555205287,0.2310173929306153,3.0,3.0,0.9255472720441377,0.21755515714756138,27.0,27.0,0.0,0.8614127434019214,1.0,0.9180615127105346,25.0,6.0,0.9331561108526617,31914.0,227.0,224.0,0.6276353052234109,1.0133928571428572,1.0,0.00043134435657800146,33.0,14.0,3.0,722.0,3.0,0.22833649588867805,0.7857142857142857,0.9090909090909091,0.09090909090909091,3.0,1.9696969696969697,0.09107601642608643,0.5927510261535645,0.12262887656688691,4.666666666666667,0.04368070140480995,-0.0007323406808837363,-0.0005551461721289286,1.0,1.0,-0.0001941277186143786,-0.00010976546778382335,0.0,0.0,0.0,-0.0003363732058524471,0.0,3.869419246460559e-06,1.0,-0.0003987505815111758,10.0,12827.png,0.0,1.0,1.0,20.0,0.36470588235294116,0.6352941176470588,1.0,R244-F0-gtfree-merge-targeted-candidates,0.0,val
1.0,0.380221200258447,0.23473649631611057,3.0,3.0,0.926055827322952,0.2156525557059749,27.0,27.0,0.0,0.8622941963682795,1.0,0.9187149266812301,25.0,7.0,0.9335149863760218,31914.0,227.0,224.0,0.6276353052234109,1.0133928571428572,1.0,0.0007581203842886086,58.0,25.0,10.0,1056.0,2.0,0.24940954180444025,0.232,0.05172413793103448,0.9482758620689655,2.8284271247461903,1.5635781671245113,0.07559338212013245,0.5888437628746033,0.09624853804707528,2.5,0.030687253922224045,0.00416127402551042,0.0031639572133663474,1.0,1.0,0.000314427560199948,-0.002012366909370289,0.0,0.0,0.0,0.0005450797605056623,0.0,0.0006572833899419761,1.0,-3.987505815106207e-05,10.0,12827.png,0.0,3.0,3.0,20.0,0.46153846153846156,0.5384615384615384,1.0,R244-F0-gtfree-merge-targeted-candidates,0.0,val
0.0,0.37574054382500377,0.23133037175590368,3.0,3.0,0.9255746198313877,0.2175185686583001,27.0,27.0,0.0,0.8614601226993865,1.0,0.9180767319611894,25.0,9.0,0.9331959859108128,31914.0,227.0,224.0,0.6276353052234109,1.0133928571428572,1.0,0.00040520227436115284,31.0,13.0,4.0,69.0,0.0,0.021752837326607818,0.5961538461538461,0.8709677419354839,0.12903225806451613,3.0,1.8737550817332294,0.06723819673061371,0.565717875957489,0.08239614218473434,3.25,0.03145100176334381,-0.00031938240793283335,-0.00024216734684054386,1.0,1.0,-0.0001667799313643803,-0.0001463539570450978,0.0,0.0,0.0,-0.00028899390838732497,0.0,1.9088669901301536e-05,1.0,-0.00035887552336011375,10.0,12827.png,0.0,3.0,3.0,20.0,0.29411764705882354,0.7058823529411765,1.0,R244-F0-gtfree-merge-targeted-candidates,0.0,val
1.0,0.37210186240973014,0.22857809946299323,3.0,3.0,0.9252233541027923,0.21762833412608393,27.0,27.0,0.0,0.860851747788425,1.0,0.9179903179379825,25.0,10.0,0.9325712766664451,31914.0,227.0,224.0,0.6276353052234109,1.0133928571428572,1.0,0.0009803280831318215,75.0,20.0,25.0,2555.0,3.0,0.5147058823529411,0.15,0.9866666666666667,0.013333333333333334,2.8284271247461903,1.6214525474842327,0.07355566322803497,0.562823474407196,0.09133573770523072,1.25,0.03100014291703701,-0.003958063823206459,-0.00299443963975099,1.0,1.0,-0.0005180456599597205,-3.658848926127445e-05,0.0,0.0,0.0,-0.000897368819348876,0.0,-6.732535330566947e-05,1.0,-0.000983584767727752,10.0,12827.png,0.0,1.0,1.0,20.0,0.5,0.5,1.0,R244-F0-gtfree-merge-targeted-candidates,0.0,val
1.0,0.37434415633792106,0.2302726975068993,2.0,2.0,0.9255665563656019,0.21748198016903883,27.0,27.0,0.0,0.8614461527135302,1.0,0.9180865949183351,24.0,11.0,0.9331694025387121,31914.0,227.0,224.0,0.6276353052234109,1.0133928571428572,1.0,0.0004444153976864257,34.0,13.0,6.0,1488.0,4.0,0.4517304189435337,0.4358974358974359,0.8529411764705882,0.14705882352941177,3.0,1.6617829734148,0.08530867844820023,0.6056516766548157,0.10865966156125069,2.1666666666666665,0.033990949392318726,-0.0017157698950155398,-0.001299841595844925,0.0,0.0,-0.0001748433971501262,-0.00018294244630637224,0.0,0.0,0.0,-0.00030296389424366854,0.0,2.8951627046969186e-05,0.0,-0.0003854588954608218,10.0,12827.png,0.0,1.0,1.0,20.0,0.4891304347826087,0.5108695652173914,1.0,R244-F0-gtfree-merge-targeted-candidates,0.0,val
1.0,0.37529438577831803,0.23099223791265314,3.0,3.0,0.9255572986013156,0.2176649226153452,27.0,27.0,0.0,0.8614301138594425,1.0,0.9180297859543143,25.0,12.0,0.9332092775968631,31914.0,227.0,224.0,0.6276353052234109,1.0133928571428572,1.0,0.0003398470688190314,26.0,4.0,11.0,1466.0,3.0,0.47783572359843546,0.5909090909090909,1.0,0.0,3.0,1.9799503332545798,0.09182815998792648,0.5220211744308472,0.13172198086977005,2.75,0.03642120957374573,-0.000765540454618574,-0.000580301190091087,1.0,1.0,-0.00018410116143641186,0.0,0.0,0.0,0.0,-0.0003190027483314095,0.0,-2.7857336973857727e-05,1.0,-0.0003455838373097597,10.0,12827.png,0.0,1.0,1.0,20.0,0.3875,0.6125,1.0,R244-F0-gtfree-merge-targeted-candidates,0.0,val
1.0,0.37548911598222084,0.2311397970160423,2.0,2.0,0.9255927075712337,0.2176649226153452,27.0,27.0,0.0,0.8614914605418139,1.0,0.9180351446054077,24.0,15.0,0.933275736027115,31914.0,227.0,224.0,0.6276353052234109,1.0133928571428572,2.0,0.00027449186327691,21.0,9.0,3.0,334.0,1.0,0.11489508083935329,0.7777777777777778,1.0,0.0,3.0,2.140829396630388,0.06349562108516693,0.5609711408615112,0.07462310045957565,3.0,0.024519359692931175,-0.0005708102507157586,-0.00043274208670193715,0.0,0.0,-0.00014869219151836255,0.0,0.0,0.0,0.0,-0.0002576560659599547,0.0,-2.2498685880445457e-05,0.0,-0.0002791254070578786,10.0,12827.png,-1.0,2.0,3.0,20.0,0.328125,0.671875,1.0,R244-F0-gtfree-merge-targeted-candidates,0.0,val
1.0,0.37731402288364313,0.2325243628185907,2.0,2.0,0.9258077698828058,0.21696974131938093,27.0,27.0,0.0,0.8618641467754802,1.0,0.9182782201650126,24.0,16.0,0.9334618196318203,2621.0,73.0,52.0,0.690463645943098,1.4038461538461537,1.0,0.0003398470688190314,26.0,13.0,6.0,780.0,4.0,0.23679417122040072,0.3333333333333333,0.2692307692307692,0.7307692307692307,2.0,1.4098790095958609,0.09944416582584381,0.5120663642883301,0.11697177216410637,2.1666666666666665,0.03284936025738716,0.0012540966507065265,0.0009518237158464837,0.0,0.0,6.6370120053727e-05,-0.00069518129596427,0.0,0.0,0.0,0.00011503016770630925,0.0,0.000220576873724454,0.0,-9.304180235258919e-05,10.0,12827.png,0.0,1.0,1.0,21.0,0.44565217391304346,0.5543478260869565,1.0,R244-F0-gtfree-merge-targeted-candidates,0.0,val
1.0,0.37426811649304237,0.23021515434985967,2.0,2.0,0.9255572986013156,0.2176649226153452,27.0,27.0,0.0,0.8614301138594425,1.0,0.9180297859543143,24.0,17.0,0.9332092775968631,2621.0,73.0,52.0,0.690463645943098,1.4038461538461537,1.0,0.0003398470688190314,26.0,13.0,6.0,1706.0,3.0,0.5179113539769278,0.3333333333333333,1.0,0.0,2.0,1.387348761994826,0.13365791738033295,0.5232277512550354,0.16742303222417831,2.1666666666666665,0.04685948044061661,-0.0017918097398942345,-0.0013573847528845495,0.0,0.0,-0.00018410116143641186,0.0,0.0,0.0,0.0,-0.0003190027483314095,0.0,-2.7857336973857727e-05,0.0,-0.0003455838373097597,10.0,12827.png,0.0,1.0,1.0,21.0,0.4673913043478261,0.532608695652174,1.0,R244-F0-gtfree-merge-targeted-candidates,0.0,val
1.0,0.378074276808454,0.23310209055967002,2.0,2.0,0.9258851526398018,0.21642091398046176,27.0,27.0,0.0,0.8619982815760403,1.0,0.9184562266223745,24.0,18.0,0.9334352362597196,31914.0,227.0,224.0,0.6276353052234109,1.0133928571428572,1.0,0.0005620547676622443,43.0,17.0,13.0,763.0,2.0,0.19243379571248423,0.19457013574660634,0.20930232558139536,0.7906976744186046,2.8284271247461903,1.55087287658655,0.08777853846549988,0.5401732921600342,0.10695713460445405,1.3076923076923077,0.03396802768111229,0.0020143505755174096,0.0015295514569257929,0.0,0.0,0.00014375287704970763,-0.0012440086348834423,0.0,0.0,0.0,0.0002491649682664354,0.0,0.0003985833310863329,0.0,-0.00011962517445329723,10.0,12827.png,0.0,1.0,1.0,20.0,0.45588235294117646,0.5441176470588235,1.0,R244-F0-gtfree-merge-targeted-candidates,0.0,val
1.0,0.37745023552651574,0.23262783292751452,3.0,3.0,0.9257955653985077,0.21704291829790348,27.0,27.0,0.0,0.8618429933609042,1.0,0.9182542069272107,25.0,20.0,0.9334618196318203,31914.0,227.0,224.0,0.6276353052234109,1.0133928571428572,1.0,0.00031370498660218286,24.0,10.0,5.0,604.0,2.0,0.19648666232921275,0.48,0.2916666666666667,0.7083333333333334,3.0,1.8732257220515898,0.07998976856470108,0.5673202872276306,0.10640529617667198,2.0,0.03328844532370567,0.0013903092935791395,0.0010552938247702925,1.0,1.0,5.416563575566524e-05,-0.0006220043174417211,0.0,0.0,0.0,9.387675313032862e-05,0.0,0.0001965636359225753,1.0,-9.304180235258919e-05,10.0,12827.png,0.0,1.0,1.0,20.0,0.3684210526315789,0.631578947368421,1.0,R244-F0-gtfree-merge-targeted-candidates,0.0,val
1.0,0.3758027130751985,0.2313775032753135,3.0,3.0,0.9259122547985656,0.21744539167977756,27.0,27.0,0.0,0.8620452648632726,1.0,0.9183937654458203,25.0,21.0,0.9335548614341729,31914.0,227.0,224.0,0.6276353052234109,1.0133928571428572,1.0,0.00036598915103588003,28.0,12.0,7.0,2000.0,4.0,0.6060606060606061,0.3333333333333333,0.0,0.21428571428571427,2.8284271247461903,1.6311497846913217,0.06667495518922806,0.46036413311958313,0.08161315321922302,1.7142857142857142,0.023700110614299774,-0.00025721315773807873,-0.00019503582743071735,1.0,1.0,0.00017085503581359962,-0.0002195309355676467,0.0,0.0,0.0,0.00029614825549872936,0.0,0.0003361221545321591,1.0,0.0,10.0,12827.png,0.0,1.0,1.0,20.0,0.42391304347826086,0.5760869565217391,1.0,R244-F0-gtfree-merge-targeted-candidates,0.0,val
1.0,0.37710770165578006,0.23236766977114243,3.0,3.0,0.925724530217046,0.21729903772273243,27.0,27.0,0.0,0.8617198812182492,1.0,0.9181658909052873,25.0,22.0,0.9334086528876188,31914.0,227.0,224.0,0.6276353052234109,1.0133928571428572,1.0,0.00027449186327691,21.0,4.0,9.0,1438.0,3.0,0.4851551956815115,0.5833333333333334,0.5238095238095238,0.47619047619047616,3.0,2.213271841172337,0.08732639253139496,0.6683473587036133,0.12596316635608673,2.25,0.03915160521864891,0.0010477754228434555,0.0007951306683982029,1.0,1.0,-1.6869545706010847e-05,-0.00036588489261277224,0.0,0.0,0.0,-2.9235389524706612e-05,0.0,0.00010824761399919058,1.0,-0.0001462085465541163,10.0,12827.png,0.0,1.0,1.0,20.0,0.3235294117647059,0.6764705882352942,1.0,R244-F0-gtfree-merge-targeted-candidates,0.0,val
1.0,0.37745601033709575,0.2326322199840727,2.0,2.0,0.9258453628633577,0.21678679887307453,27.0,27.0,0.0,0.8619293078055965,1.0,0.9183393265773129,24.0,23.0,0.9334751113178706,31914.0,227.0,224.0,0.6276353052234109,1.0133928571428572,1.0,0.0003921312332527286,30.0,11.0,7.0,807.0,2.0,0.24869029275808938,0.38961038961038963,0.2,0.8,3.0,1.7695469177910037,0.06803720444440842,0.6200000643730164,0.08111711964011194,1.5714285714285714,0.028537774458527565,0.0013960841041591454,0.0010596808813284897,0.0,0.0,0.00010396310060567515,-0.00087812374227067,0.0,0.0,0.0,0.00018019119782264337,0.0,0.00028168328602473647,0.0,-7.975011630223516e-05,10.0,12827.png,0.0,1.0,1.0,20.0,0.36363636363636365,0.6363636363636364,1.0,R244-F0-gtfree-merge-targeted-candidates,0.0,val
1.0,0.3756796836381611,0.23128423615337795,2.0,2.0,0.9257001245691161,0.21744539167977756,27.0,27.0,0.0,0.8616775871800535,1.0,0.9181178746992993,24.0,24.0,0.9334086528876188,6019.0,75.0,102.0,0.7867973856209151,1.36,1.0,0.00022220769884321285,17.0,8.0,3.0,1056.0,4.0,0.3697478991596639,0.7083333333333334,0.6470588235294118,0.35294117647058826,2.23606797749979,1.4500165611689932,0.08275904506444931,0.6025375127792358,0.09588283747434616,2.6666666666666665,0.029772980138659477,-0.0003802425947754817,-0.0002883029493662703,0.0,0.0,-4.127519363594789e-05,-0.0002195309355676467,0.0,0.0,0.0,-7.152942772037374e-05,0.0,6.023140801114657e-05,0.0,-0.0001462085465541163,10.0,12827.png,0.0,1.0,1.0,22.0,0.5,0.5,1.0,R244-F0-gtfree-merge-targeted-candidates,0.0,val
1.0,0.3769338959212377,0.2322357019064125,2.0,2.0,0.9258329214038556,0.21711609527642603,27.0,27.0,0.0,0.8619077421492471,1.0,0.9182376781278598,24.0,30.0,0.9335548614341729,31914.0,227.0,224.0,0.6276353052234109,1.0133928571428572,1.0,0.0001960656166263643,15.0,6.0,3.0,807.0,2.0,0.29302832244008714,0.8333333333333334,0.0,1.0,3.0,1.6985805776412717,0.08298926800489426,0.6360784769058228,0.10341177731752395,2.0,0.03228096291422844,0.0008739696883011128,0.0006631628036682657,0.0,0.0,9.152164110359795e-05,-0.0005488273389191722,0.0,0.0,0.0,0.00015862554147327845,0.0,0.0001800348365716964,0.0,0.0,10.0,12827.png,0.0,1.0,1.0,20.0,0.4230769230769231,0.5769230769230769,0.0,R244-F0-gtfree-merge-targeted-candidates,1.0,val
1.0,0.37567927037811133,0.2312839228897623,3.0,3.0,0.9256422762084283,0.2176649226153452,27.0,27.0,0.0,0.8615773458971339,1.0,0.9180426455399981,25.0,31.0,0.9333687778294677,31914.0,227.0,224.0,0.6276353052234109,1.0133928571428572,1.0,0.00018299457551794002,14.0,3.0,6.0,1333.0,3.0,0.4840232389251997,0.7777777777777778,1.0,0.0,3.0,1.8494944447851551,0.05838698893785477,0.5389355421066284,0.06261467263102531,2.0,0.0220702663064003,-0.00038065585482527364,-0.0002886162129819292,1.0,1.0,-9.912355432373232e-05,0.0,0.0,0.0,0.0,-0.00017177071064000682,0.0,-1.4997751289991257e-05,1.0,-0.00018608360470517837,10.0,12827.png,0.0,1.0,1.0,20.0,0.38461538461538464,0.6153846153846154,1.0,R244-F0-gtfree-merge-targeted-candidates,0.0,val
1.0,0.376325692781389,0.2317741255794353,2.0,2.0,0.9258207174728295,0.2171892722549486,27.0,27.0,0.0,0.8618865887030469,1.0,0.9182136694033363,24.0,32.0,0.9335548614341729,6019.0,75.0,102.0,0.7867973856209151,1.36,1.0,0.0001699235344095157,13.0,3.0,6.0,793.0,3.0,0.2879448075526507,0.7222222222222222,0.0,1.0,2.23606797749979,1.5115601184517604,0.09557829797267914,0.5725489854812622,0.11833039224147797,2.0,0.036529410630464554,0.0002657665484523952,0.0002015864766910791,0.0,0.0,7.931771007740895e-05,-0.0004756503603965956,0.0,0.0,0.0,0.00013747209527303905,0.0,0.00015602611204812433,0.0,0.0,10.0,12827.png,0.0,1.0,1.0,22.0,0.36538461538461536,0.6346153846153846,0.0,R244-F0-gtfree-merge-targeted-candidates,1.0,val
1.0,0.3753373626791348,0.23102480112306972,2.0,2.0,0.9256564378361278,0.2176649226153452,27.0,27.0,0.0,0.8616018845700825,1.0,0.9180447884120115,24.0,36.0,0.9333953612015684,2621.0,73.0,52.0,0.690463645943098,1.4038461538461537,1.0,0.00015685249330109143,12.0,6.0,3.0,445.0,2.0,0.16158315177923022,0.6666666666666666,1.0,0.0,2.0,1.4511844635310913,0.09012764692306519,0.518627405166626,0.11642020642757415,2.0,0.033203333616256714,-0.0007225635538017916,-0.0005477379796745008,0.0,0.0,-8.496192662421631e-05,0.0,0.0,0.0,0.0,-0.0001472320376914027,0.0,-1.285487927660256e-05,0.0,-0.00015950023260447033,10.0,12827.png,0.0,1.0,1.0,21.0,0.38461538461538464,0.6153846153846154,1.0,R244-F0-gtfree-merge-targeted-candidates,0.0,val
1.0,0.3758506634224233,0.23141385767790262,2.0,2.0,0.9256564378361278,0.2176649226153452,27.0,27.0,0.0,0.8616018845700825,1.0,0.9180447884120115,24.0,37.0,0.9333953612015684,6019.0,75.0,102.0,0.7867973856209151,1.36,1.0,0.00015685249330109143,12.0,3.0,6.0,1555.0,4.0,0.5646332607116921,0.6666666666666666,1.0,0.0,2.0,1.4023689270621826,0.09873520582914352,0.5993464589118958,0.12675812765955927,2.0,0.03811639919877052,-0.00020926281051331097,-0.0001586814248416002,0.0,0.0,-8.496192662421631e-05,0.0,0.0,0.0,0.0,-0.0001472320376914027,0.0,-1.285487927660256e-05,0.0,-0.00015950023260447033,10.0,12827.png,0.0,1.0,1.0,22.0,0.4423076923076923,0.5576923076923077,1.0,R244-F0-gtfree-merge-targeted-candidates,0.0,val
1.0,0.37633019154758285,0.23177753850475166,3.0,3.0,0.9257072051883684,0.21744539167977756,27.0,27.0,0.0,0.861689857419814,1.0,0.9181189452078077,25.0,38.0,0.9334219445736691,6019.0,75.0,102.0,0.7867973856209151,1.36,1.0,0.00020913665773478857,16.0,7.0,5.0,497.0,3.0,0.1704974271012007,0.45714285714285713,0.625,0.375,2.23606797749979,1.559427788726166,0.11528325080871582,0.5193628072738647,0.15831875056028366,1.4,0.037868253886699677,0.00027026531464624526,0.0002049994020074386,1.0,1.0,-3.4194574383694665e-05,-0.0002195309355676467,0.0,0.0,0.0,-5.925918795990359e-05,0.0,6.130191651954053e-05,1.0,-0.00013291686050376228,10.0,12827.png,0.0,1.0,1.0,22.0,0.375,0.625,1.0,R244-F0-gtfree-merge-targeted-candidates,0.0,val
1.0,0.3770672546857773,0.23233695652173914,2.0,2.0,0.9258207174728295,0.2171892722549486,27.0,27.0,0.0,0.8618865887030469,1.0,0.9182136694033363,24.0,39.0,0.9335548614341729,6019.0,75.0,102.0,0.7867973856209151,1.36,1.0,0.0001699235344095157,13.0,4.0,6.0,1594.0,4.0,0.5676638176638177,0.5416666666666666,0.0,1.0,2.23606797749979,1.4214391280476213,0.07630158215761185,0.5110105872154236,0.0856640636920929,1.5,0.026211395859718323,0.0010073284528406834,0.0007644174189949116,0.0,0.0,7.931771007740895e-05,-0.0004756503603965956,0.0,0.0,0.0,0.00013747209527303905,0.0,0.00015602611204812433,0.0,0.0,10.0,12827.png,0.0,1.0,1.0,22.0,0.4642857142857143,0.5357142857142857,0.0,R244-F0-gtfree-merge-targeted-candidates,1.0,val
1.0,0.37600273733034256,0.2315291693978837,2.0,2.0,0.9256847599715288,0.2176649226153452,27.0,27.0,0.0,0.8616509619159796,1.0,0.9180490738198883,24.0,43.0,0.9334485279457699,2430.0,51.0,62.0,0.7685009487666035,1.2156862745098038,1.0,0.00010456832886739429,8.0,4.0,2.0,1666.0,4.0,0.6407692307692308,1.0,1.0,0.0,2.0,1.426776695296637,0.10838083177804947,0.4279411733150482,0.17444208562374114,2.0,0.041243523359298706,-5.718890259404086e-05,-4.336970486051861e-05,0.0,0.0,-5.663979122327856e-05,0.0,0.0,0.0,0.0,-9.815469179430547e-05,0.0,-8.569471399821893e-06,0.0,-0.00010633348840294321,10.0,12827.png,0.0,1.0,1.0,17.0,0.45,0.55,1.0,R244-F0-gtfree-merge-targeted-candidates,0.0,val
1.0,0.37600273733034256,0.2315291693978837,2.0,2.0,0.9257902090528036,0.2176649226153452,27.0,27.0,0.0,0.8618337096299205,1.0,0.9181536530844346,24.0,45.0,0.9335548614341729,31914.0,227.0,224.0,0.6276353052234109,1.0133928571428572,1.0,0.00010456832886739429,8.0,4.0,2.0,1422.0,4.0,0.546923076923077,1.0,0.0,0.0,2.0,1.426776695296637,0.06396377831697464,0.45000001788139343,0.07590813040733337,2.0,0.019681233912706375,-5.718890259404086e-05,-4.336970486051861e-05,0.0,0.0,4.880929005157686e-05,0.0,0.0,0.0,0.0,8.459302214658404e-05,0.0,9.600979314650093e-05,0.0,0.0,10.0,12827.png,0.0,1.0,1.0,20.0,0.45,0.55,1.0,R244-F0-gtfree-merge-targeted-candidates,0.0,val
1.0,0.3749952585062398,0.230765639589169,5.0,5.0,0.92515347132015,0.2176649226153452,27.0,27.0,0.0,0.8607307616804083,1.0,0.917968647771584,27.0,1.0,0.9324516514919917,31914.0,227.0,224.0,0.6276353052234109,1.0133928571428572,1.0,0.0010848964119992157,83.0,6.0,31.0,2472.0,4.0,0.5794655414908579,0.44623655913978494,1.0,0.0,3.605551275463989,2.153489310852462,0.07993601262569427,0.6712968945503235,0.1117126151919365,5.166666666666667,0.04226791113615036,-0.0010646677266967775,-0.00080689951357521,3.0,3.0,-0.0005879284426020259,0.0,0.0,0.0,0.0,-0.0010183549273655723,0.0,-8.89955197040937e-05,3.0,-0.0011032099421811603,12.0,12827.png,0.0,1.0,1.0,20.0,0.3878787878787879,0.6121212121212121,1.0,R244-F0-gtfree-merge-targeted-candidates,0.0,val
1.0,0.37425923111989057,0.23020843069445743,2.0,2.0,0.9251976297625804,0.21543302477040724,27.0,27.0,0.0,0.860807210127577,1.0,0.9186748961486548,24.0,3.0,0.9318136505615737,31914.0,227.0,224.0,0.6276353052234109,1.0133928571428572,1.0,0.0025357819750343115,194.0,56.0,34.0,3347.0,3.0,0.3924718574108818,0.10189075630252101,0.6752577319587629,0.31443298969072164,3.605551275463989,1.9188968456660915,0.09170098602771759,0.5656358003616333,0.13393189758062365,1.6470588235294117,0.05206744372844696,-0.0018006951130460358,-0.001364108408286796,0.0,0.0,-0.000543770000171695,-0.0022318978449379634,0.0,0.0,0.0,-0.0009419064801968746,0.0,0.0006172528573666902,0.0,-0.0017412108725991526,12.0,12827.png,0.0,1.0,1.0,20.0,0.4798994974874372,0.5201005025125628,1.0,R244-F0-gtfree-merge-targeted-candidates,0.0,val
1.0,0.37871258961423204,0.23358757194328764,3.0,3.0,0.9259483906697082,0.21587208664154256,27.0,27.0,0.0,0.8621079123442391,1.0,0.9186321834569549,25.0,4.0,0.933382069515518,31914.0,227.0,224.0,0.6276353052234109,1.0133928571428572,1.0,0.0008104045487223057,62.0,5.0,24.0,1768.0,3.0,0.46331236897274636,0.5166666666666667,0.20967741935483872,0.7903225806451613,3.605551275463989,2.325124568971929,0.09024680405855179,0.6777989268302917,0.12087479084730147,4.8,0.05021659657359123,0.002652663381295439,0.0020150328405434126,1.0,1.0,0.00020699090695619482,-0.0017928359738026423,0.0,0.0,0.0,0.000358795736465245,0.0,0.0005745401656667148,1.0,-0.00017279191865482435,12.0,12827.png,0.0,1.0,1.0,20.0,0.2878787878787879,0.7121212121212122,1.0,R244-F0-gtfree-merge-targeted-candidates,0.0,val
1.0,0.3765839593292359,0.23197008646880113,5.0,5.0,0.9255660016614143,0.21693315283011966,27.0,27.0,0.0,0.861445191694075,1.0,0.9182528158235548,27.0,5.0,0.9329966106200571,31914.0,227.0,224.0,0.6276353052234109,1.0133928571428572,1.0,0.0008104045487223057,62.0,25.0,6.0,803.0,2.0,0.2037037037037037,0.41333333333333333,0.6774193548387096,0.3225806451612903,3.605551275463989,2.0155050684253277,0.0842229574918747,0.5856419205665588,0.11944796964526176,4.166666666666667,0.04412611201405525,0.0005240330962992812,0.0003975473660569051,3.0,3.0,-0.00017539810133770928,-0.0007317697852255445,0.0,0.0,0.0,-0.0003039249136989053,0.0,0.00019517253226664089,3.0,-0.0005582508141157572,12.0,12827.png,0.0,1.0,1.0,20.0,0.3945578231292517,0.6054421768707483,1.0,R244-F0-gtfree-merge-targeted-candidates,0.0,val
1.0,0.3815744503094976,0.23576892392885634,3.0,3.0,0.9261708679225378,0.21492078592074934,27.0,27.0,0.0,0.8624937061734763,1.0,0.9189542825739931,25.0,6.0,0.9335016946899715,31914.0,227.0,224.0,0.6276353052234109,1.0133928571428572,2.0,0.0010326122475655187,79.0,34.0,14.0,1078.0,2.0,0.2120377655389457,0.16596638655462184,0.05063291139240506,0.9493670886075949,3.1622776601683795,1.6436618120322752,0.07028038054704666,0.5822783708572388,0.09169488996267319,2.4285714285714284,0.031328216195106506,0.005514524076561,0.004196384826112121,1.0,1.0,0.0004294681597857286,-0.002744136694595861,0.0,0.0,0.0,0.000744589565702447,0.0,0.0008966392827050029,1.0,-5.3166744201416094e-05,12.0,12827.png,-1.0,2.0,3.0,20.0,0.40865384615384615,0.5913461538461539,1.0,R244-F0-gtfree-merge-targeted-candidates,0.0,val
1.0,0.3743681350005701,0.23029084447769568,3.0,3.0,0.925421739961633,0.21762833412608393,27.0,27.0,0.0,0.861195293424782,1.0,0.9180203510424023,25.0,7.0,0.9329434438758557,31914.0,227.0,224.0,0.6276353052234109,1.0133928571428572,1.0,0.0006143389320959414,47.0,16.0,4.0,2178.0,4.0,0.6544471153846154,0.734375,0.9787234042553191,0.02127659574468085,3.1622776601683795,1.9222652713153379,0.09157177805900574,0.6608260273933411,0.11867920458316802,4.0,0.04745950549840927,-0.001691791232366513,-0.0012816946250485406,1.0,1.0,-0.00031965980111903214,-3.658848926127445e-05,0.0,0.0,0.0,-0.0005538231829919082,0.0,-3.729224888582294e-05,1.0,-0.0006114175583171733,12.0,12827.png,0.0,1.0,1.0,20.0,0.4845360824742268,0.5154639175257731,1.0,R244-F0-gtfree-merge-targeted-candidates,0.0,val
1.0,0.37640620249315904,0.23183520599250937,3.0,3.0,0.9258202097574803,0.2166404449160294,27.0,27.0,0.0,0.8618857086749472,1.0,0.9183798911906257,25.0,8.0,0.933382069515518,6019.0,75.0,102.0,0.7867973856209151,1.36,1.0,0.0005359126854453957,41.0,5.0,18.0,1125.0,4.0,0.3216123499142367,0.45555555555555555,0.3170731707317073,0.6829268292682927,3.0,1.600187777295391,0.0843568965792656,0.5699665546417236,0.10803329199552536,3.6,0.03735027089715004,0.0003462762602224334,0.0002626668897651452,1.0,1.0,7.880999472820172e-05,-0.0010244776993157956,0.0,0.0,0.0,0.0001365920671733134,0.0,0.0003222478993375466,1.0,-0.00017279191865482435,12.0,12827.png,0.0,1.0,1.0,22.0,0.44954128440366975,0.5504587155963303,1.0,R244-F0-gtfree-merge-targeted-candidates,0.0,val
1.0,0.37694266063761067,0.23224235613616145,2.0,2.0,0.9258961412205187,0.21656726793750686,27.0,27.0,0.0,0.8620173306821808,1.0,0.9184135162349126,24.0,9.0,0.9335016946899715,6019.0,75.0,102.0,0.7867973856209151,1.36,1.0,0.0004444153976864257,34.0,3.0,13.0,1620.0,3.0,0.5207328833172613,0.8717948717948718,0.11764705882352941,0.8823529411764706,3.0,1.8894894319740967,0.09614711999893188,0.6119954586029053,0.13081698566675187,4.333333333333333,0.04290533438324928,0.0008827344046740682,0.0006698170334172304,0.0,0.0,0.00015474145776661619,-0.0010976546778383445,0.0,0.0,0.0,0.0002682140744069139,0.0,0.0003558729436244912,0.0,-5.3166744201416094e-05,12.0,12827.png,0.0,1.0,1.0,22.0,0.42168674698795183,0.5783132530120482,1.0,R244-F0-gtfree-merge-targeted-candidates,0.0,val
0.0,0.37552694542554405,0.23116846682564174,2.0,2.0,0.9255250425175673,0.2175185686583001,27.0,27.0,0.0,0.8613742331288343,1.0,0.9180692324793702,24.0,10.0,0.9331029441084602,31914.0,227.0,224.0,0.6276353052234109,1.0133928571428572,1.0,0.0004966995621201229,38.0,15.0,4.0,76.0,0.0,0.0231990231990232,0.6333333333333333,0.8947368421052632,0.10526315789473684,3.605551275463989,2.0443831712431795,0.06796620041131973,0.5632611513137817,0.08593093603849411,3.75,0.032938484102487564,-0.0005329808073925579,-0.00040407227710248517,0.0,0.0,-0.00021635724518476174,-0.0001463539570450978,0.0,0.0,0.0,-0.0003748834789395472,0.0,1.1589188082083979e-05,0.0,-0.00045191732571270293,12.0,12827.png,0.0,3.0,3.0,20.0,0.27956989247311825,0.7204301075268817,1.0,R244-F0-gtfree-merge-targeted-candidates,0.0,val
1.0,0.37470565894417013,0.23054633827172033,3.0,3.0,0.9254390591213544,0.21748198016903883,27.0,27.0,0.0,0.8612252911078664,1.0,0.9180673093272991,25.0,11.0,0.9329301521898052,31914.0,227.0,224.0,0.6276353052234109,1.0133928571428572,1.0,0.0006796941376380628,52.0,7.0,17.0,1862.0,3.0,0.5208391608391608,0.4369747899159664,0.9038461538461539,0.09615384615384616,3.605551275463989,2.1222650248580193,0.07699285447597504,0.5629713535308838,0.12917940393090246,2.4285714285714284,0.048387560993433,-0.0013542672887664753,-0.0010262008310238935,1.0,1.0,-0.00030234064139766925,-0.00018294244630637224,0.0,0.0,0.0,-0.0005238254999074821,0.0,9.666036010935741e-06,1.0,-0.0006247092443676383,12.0,12827.png,0.0,1.0,1.0,20.0,0.415929203539823,0.584070796460177,1.0,R244-F0-gtfree-merge-targeted-candidates,0.0,val
1.0,0.3753137120693589,0.23100688105603145,2.0,2.0,0.9256495774944963,0.21740880319051625,27.0,27.0,0.0,0.8615899971778103,1.0,0.9181213143477295,24.0,12.0,0.9333023193992158,31914.0,227.0,224.0,0.6276353052234109,1.0133928571428572,1.0,0.0003398470688190314,26.0,13.0,3.0,1941.0,4.0,0.6239151398264223,0.6666666666666666,0.7307692307692307,0.2692307692307692,2.0,1.4324092571968956,0.05946649983525276,0.49170440435409546,0.07208351418375969,4.333333333333333,0.019939199090003967,-0.0007462141635777297,-0.0005656580467127692,0.0,0.0,-9.182226825577011e-05,-0.0002561194248289489,0.0,0.0,0.0,-0.00015911942996360562,0.0,6.367105644133897e-05,0.0,-0.0002525420349570595,12.0,12827.png,0.0,1.0,1.0,20.0,0.5125,0.4875,1.0,R244-F0-gtfree-merge-targeted-candidates,0.0,val
1.0,0.37130801687763715,0.22797927461139897,3.0,3.0,0.9251453967584106,0.21762833412608393,27.0,27.0,0.0,0.8607167834312848,1.0,0.9179785131969798,25.0,13.0,0.932425068119891,31914.0,227.0,224.0,0.6276353052234109,1.0133928571428572,1.0,0.0011241095353244886,86.0,24.0,26.0,2704.0,3.0,0.5075075075075075,0.13782051282051283,0.9883720930232558,0.011627906976744186,3.1622776601683795,1.6348796028631631,0.07212946563959122,0.5656634569168091,0.0914359986782074,1.0833333333333333,0.031212175264954567,-0.004751909355299455,-0.003593264491345255,1.0,1.0,-0.0005960030043414832,-3.658848926127445e-05,0.0,0.0,0.0,-0.0010323331764890975,0.0,-7.913009430837725e-05,1.0,-0.0011297933142818684,12.0,12827.png,0.0,1.0,1.0,20.0,0.5138888888888888,0.4861111111111111,1.0,R244-F0-gtfree-merge-targeted-candidates,0.0,val
1.0,0.3739639571135275,0.2299850355405911,2.0,2.0,0.9255169776992597,0.21748198016903883,27.0,27.0,0.0,0.8613602620891054,1.0,0.9180790960451978,24.0,14.0,0.9330763607363594,31914.0,227.0,224.0,0.6276353052234109,1.0133928571428572,1.0,0.0005359126854453957,41.0,14.0,7.0,1560.0,4.0,0.4574780058651026,0.41836734693877553,0.8780487804878049,0.12195121951219512,3.605551275463989,1.802669179427391,0.0837162435054779,0.6134864091873169,0.10880722105503082,2.0,0.03948305547237396,-0.0020959691194091246,-0.0015875035621531197,0.0,0.0,-0.00022442206349237992,-0.00018294244630637224,0.0,0.0,0.0,-0.00038885451866843557,0.0,2.1452753909634303e-05,0.0,-0.000478500697813522,12.0,12827.png,0.0,1.0,1.0,20.0,0.49,0.51,1.0,R244-F0-gtfree-merge-targeted-candidates,0.0,val
1.0,0.3758169934640523,0.23138832997987926,2.0,2.0,0.9260038102269657,0.21729903772273243,27.0,27.0,0.0,0.8622039994598643,1.0,0.9185739321493029,24.0,15.0,0.9335548614341729,31914.0,227.0,224.0,0.6276353052234109,1.0133928571428572,1.0,0.0005620547676622443,43.0,17.0,9.0,2217.0,4.0,0.5983805668016194,0.28104575163398693,0.0,0.23255813953488372,3.605551275463989,1.735396869883601,0.06447257101535797,0.4620155096054077,0.0808399721980095,1.8888888888888888,0.02748686447739601,-0.00024293276888431858,-0.00018420912286495894,0.0,0.0,0.0002624104642136027,-0.00036588489261277224,0.0,0.0,0.0,0.00045488285209038803,0.0,0.0005162888580148017,0.0,0.0,12.0,12827.png,0.0,1.0,1.0,20.0,0.44166666666666665,0.5583333333333333,1.0,R244-F0-gtfree-merge-targeted-candidates,0.0,val
1.0,0.3752658766332422,0.23097063774078921,3.0,3.0,0.9255431343598397,0.2176649226153452,27.0,27.0,0.0,0.861405575186494,1.0,0.9180276422976843,25.0,16.0,0.9331826942247624,31914.0,227.0,224.0,0.6276353052234109,1.0133928571428572,1.0,0.00036598915103588003,28.0,4.0,11.0,1468.0,3.0,0.4784876140808344,0.6363636363636364,1.0,0.0,3.605551275463989,2.080233485723266,0.09203564375638962,0.5267506837844849,0.1309691235423088,2.75,0.03914635628461838,-0.0007940495996944241,-0.0006019013619550095,1.0,1.0,-0.0001982654029123454,0.0,0.0,0.0,0.0,-0.0003435414212799026,0.0,-3.0000993603840342e-05,1.0,-0.00037216720941046777,12.0,12827.png,0.0,1.0,1.0,20.0,0.3875,0.6125,1.0,R244-F0-gtfree-merge-targeted-candidates,0.0,val
1.0,0.37546058879392213,0.23111817799186268,2.0,2.0,0.9255785442633324,0.2176649226153452,27.0,27.0,0.0,0.8614669218688653,1.0,0.9180330012290474,24.0,17.0,0.9332491526550143,31914.0,227.0,224.0,0.6276353052234109,1.0133928571428572,2.0,0.00030063394549375856,23.0,10.0,3.0,336.0,1.0,0.11359026369168357,0.7666666666666667,1.0,0.0,3.0,2.0851051012712243,0.06308312714099884,0.5589088201522827,0.07429232001304627,3.3333333333333335,0.02479865960776806,-0.000599337439014469,-0.0004543611108815404,0.0,0.0,-0.00016285549941963406,0.0,0.0,0.0,0.0,-0.00028219473890855884,0.0,-2.4642062240731732e-05,0.0,-0.00030570877915858663,12.0,12827.png,-1.0,2.0,3.0,20.0,0.3235294117647059,0.6764705882352942,1.0,R244-F0-gtfree-merge-targeted-candidates,0.0,val
1.0,0.37322283889606933,0.2294246857036033,2.0,2.0,0.9254581410678971,0.2176649226153452,27.0,27.0,0.0,0.8612583431488026,1.0,0.9180147780030079,24.0,18.0,0.9330231939921579,4310.0,84.0,67.0,0.7658137882018479,1.2537313432835822,1.0,0.0005228416443369715,40.0,17.0,9.0,968.0,4.0,0.2612685560053981,0.26143790849673204,1.0,0.0,2.23606797749979,1.5095099475964093,0.1274060755968094,0.5788235664367676,0.16982872039079666,1.8888888888888888,0.051279667764902115,-0.002837087336867272,-0.00214785339914092,0.0,0.0,-0.0002832586948549043,0.0,0.0,0.0,0.0,-0.0004907734589713053,0.0,-4.286528828023606e-05,0.0,-0.0005316674420149381,12.0,12827.png,0.0,1.0,1.0,23.0,0.44166666666666665,0.5583333333333333,1.0,R244-F0-gtfree-merge-targeted-candidates,0.0,val
1.0,0.376409827972506,0.2318379566824157,4.0,4.0,0.9256173287102345,0.21726244923347116,27.0,27.0,0.0,0.861534119494926,1.0,0.9181607752363765,26.0,19.0,0.9331959859108128,6019.0,75.0,102.0,0.7867973856209151,1.36,1.0,0.0004966995621201229,38.0,15.0,8.0,659.0,3.0,0.18679138321995464,0.31666666666666665,0.7105263157894737,0.2894736842105263,3.0,1.8597945781936054,0.11400732398033142,0.5363260507583618,0.18977004885673524,1.875,0.04441703110933304,0.0003499017395693915,0.0002654175796714675,2.0,2.0,-0.00012407105251754924,-0.0004024733818740467,0.0,0.0,0.0,-0.00021499711284789225,0.0,0.00010313194508837498,2.0,-0.00035887552336011375,12.0,12827.png,0.0,1.0,1.0,22.0,0.4,0.6,1.0,R244-F0-gtfree-merge-targeted-candidates,0.0,val
1.0,0.3753373626791348,0.23102480112306972,2.0,2.0,0.9255927075712337,0.2176649226153452,27.0,27.0,0.0,0.8614914605418139,1.0,0.9180351446054077,24.0,20.0,0.933275736027115,4388.0,68.0,82.0,0.7869440459110474,1.2058823529411764,1.0,0.00027449186327691,21.0,10.0,3.0,1533.0,3.0,0.5182555780933062,0.7,1.0,0.0,2.23606797749979,1.5071562638034708,0.047008663415908813,0.3637721538543701,0.05910777673125267,3.3333333333333335,0.01749199442565441,-0.0007225635538017916,-0.0005477379796745008,0.0,0.0,-0.00014869219151836255,0.0,0.0,0.0,0.0,-0.0002576560659599547,0.0,-2.2498685880445457e-05,0.0,-0.0002791254070578786,12.0,12827.png,0.0,1.0,1.0,11.0,0.4264705882352941,0.5735294117647058,1.0,R244-F0-gtfree-merge-targeted-candidates,0.0,val
1.0,0.37600273733034256,0.2315291693978837,2.0,2.0,0.9255927075712337,0.2176649226153452,27.0,27.0,0.0,0.8614914605418139,1.0,0.9180351446054077,24.0,21.0,0.933275736027115,4310.0,84.0,67.0,0.7658137882018479,1.2537313432835822,1.0,0.00027449186327691,21.0,10.0,3.0,1848.0,4.0,0.6247464503042597,0.7,1.0,0.0,2.23606797749979,1.479261671535523,0.09337376058101654,0.5602240562438965,0.11487749218940735,3.3333333333333335,0.036493487656116486,-5.718890259404086e-05,-4.336970486051861e-05,0.0,0.0,-0.00014869219151836255,0.0,0.0,0.0,0.0,-0.0002576560659599547,0.0,-2.2498685880445457e-05,0.0,-0.0002791254070578786,12.0,12827.png,0.0,1.0,1.0,23.0,0.47058823529411764,0.5294117647058824,1.0,R244-F0-gtfree-merge-targeted-candidates,0.0,val
1.0,0.37439659432133493,0.23031238309016086,3.0,3.0,0.9255218872973917,0.2176649226153452,27.0,27.0,0.0,0.8613687671770711,1.0,0.9180244266025054,25.0,22.0,0.9331428191666112,4388.0,68.0,82.0,0.7869440459110474,1.2058823529411764,1.0,0.00040520227436115284,31.0,14.0,7.0,1750.0,4.0,0.5131964809384164,0.3163265306122449,1.0,0.0,2.23606797749979,1.4977275252979911,0.06010865047574043,0.362175852060318,0.07202219218015671,2.0,0.02248467691242695,-0.0016633319116016732,-0.0012601560125833633,1.0,1.0,-0.00021951246536033864,0.0,0.0,0.0,0.0,-0.0003803494307027533,0.0,-3.321668878275563e-05,1.0,-0.00041204226756164086,12.0,12827.png,0.0,1.0,1.0,11.0,0.48,0.52,1.0,R244-F0-gtfree-merge-targeted-candidates,0.0,val
1.0,0.37792222602349185,0.2329865016872891,2.0,2.0,0.9258709911335246,0.21642091398046176,27.0,27.0,0.0,0.8619737326623297,1.0,0.9184540936437353,24.0,23.0,0.9334086528876188,31914.0,227.0,224.0,0.6276353052234109,1.0133928571428572,1.0,0.0005881968498790929,45.0,17.0,13.0,765.0,2.0,0.19293820933165196,0.20361990950226244,0.24444444444444444,0.7555555555555555,2.8284271247461903,1.6076530653936452,0.0858297273516655,0.5428322553634644,0.10616378635168076,1.3076923076923077,0.03542931750416756,0.001862299790555244,0.0014139625845448756,0.0,0.0,0.00012959137077250826,-0.0012440086348834423,0.0,0.0,0.0,0.00022461605455581513,0.0,0.0003964503524471752,0.0,-0.0001462085465541163,12.0,12827.png,0.0,1.0,1.0,20.0,0.45588235294117646,0.5441176470588235,1.0,R244-F0-gtfree-merge-targeted-candidates,0.0,val
0.0,0.3775506326708971,0.2327041079207457,2.0,2.0,0.9258565910379286,0.2166770334052907,27.0,27.0,0.0,0.8619487708187586,1.0,0.9183742856769233,24.0,24.0,0.9334618196318203,31914.0,227.0,224.0,0.6276353052234109,1.0133928571428572,1.0,0.0004444153976864257,34.0,12.0,7.0,811.0,1.0,0.24575757575757576,0.40476190476190477,0.20588235294117646,0.7941176470588235,3.605551275463989,1.867779941448099,0.06647899001836777,0.6235294342041016,0.0804948166012764,1.7142857142857142,0.029160788282752037,0.0014907064379605095,0.0011315688180014716,0.0,0.0,0.00011519127517656269,-0.0009878892100544934,0.0,0.0,0.0,0.00019965421098477876,0.0,0.00031664238563511304,0.0,-9.304180235258919e-05,12.0,12827.png,0.0,1.0,1.0,20.0,0.358695652173913,0.6413043478260869,1.0,R244-F0-gtfree-merge-targeted-candidates,0.0,val
1.0,0.3756796836381611,0.23128423615337795,2.0,2.0,0.9256991451414108,0.21740880319051625,27.0,27.0,0.0,0.8616758899100581,1.0,0.9181288078864106,24.0,25.0,0.9333953612015684,6019.0,75.0,102.0,0.7867973856209151,1.36,1.0,0.00024834978106006144,19.0,9.0,3.0,1067.0,4.0,0.3670450636394909,0.7037037037037037,0.631578947368421,0.3684210526315789,2.23606797749979,1.4552779757827834,0.08219626545906067,0.6055727601051331,0.09663713425397873,3.0,0.030491121113300323,-0.0003802425947754817,-0.0002883029493662703,0.0,0.0,-4.2254621341220044e-05,-0.0002561194248289489,0.0,0.0,0.0,-7.322669771581136e-05,0.0,7.116459512246376e-05,0.0,-0.00015950023260447033,12.0,12827.png,0.0,1.0,1.0,22.0,0.5,0.5,1.0,R244-F0-gtfree-merge-targeted-candidates,0.0,val
1.0,0.37701743060038734,0.23229912490055687,3.0,3.0,0.9257103686468886,0.21729903772273243,27.0,27.0,0.0,0.8616953395341989,1.0,0.9181637509479355,25.0,28.0,0.933382069515518,31914.0,227.0,224.0,0.6276353052234109,1.0133928571428572,1.0,0.00030063394549375856,23.0,4.0,9.0,1440.0,3.0,0.48582995951417,0.6388888888888888,0.5652173913043478,0.43478260869565216,3.605551275463989,2.315066852184845,0.08853485435247421,0.6649616360664368,0.125037781894207,2.25,0.039093177765607834,0.0009575043674507344,0.0007265857978126511,1.0,1.0,-3.103111586344465e-05,-0.00036588489261277224,0.0,0.0,0.0,-5.3777073575012047e-05,0.0,0.00010610765664731403,1.0,-0.00017279191865482435,12.0,12827.png,0.0,1.0,1.0,20.0,0.3235294117647059,0.6764705882352942,1.0,R244-F0-gtfree-merge-targeted-candidates,0.0,val
1.0,0.3759741494012545,0.23150749063670412,2.0,2.0,0.9258268193981256,0.21740880319051625,27.0,27.0,0.0,0.8618971652963554,1.0,0.9182256736086598,24.0,29.0,0.9335548614341729,4388.0,68.0,82.0,0.7869440459110474,1.2058823529411764,1.0,0.00018299457551794002,14.0,2.0,7.0,1327.0,3.0,0.48254545454545456,1.0,0.0,0.5,2.0,1.5,0.06361671537160873,0.4319327473640442,0.08486466556787492,3.5,0.026756199076771736,-8.577683168209393e-05,-6.504846604010739e-05,0.0,0.0,8.541963537356256e-05,-0.0002561194248289489,0.0,0.0,0.0,0.00014804868858153686,0.0,0.00016803031737167018,0.0,0.0,12.0,12827.png,0.0,1.0,1.0,11.0,0.46153846153846156,0.5384615384615384,1.0,R244-F0-gtfree-merge-targeted-candidates,0.0,val
1.0,0.37562255256054444,0.23124093058091091,2.0,2.0,0.925621033066839,0.2176649226153452,27.0,27.0,0.0,0.861540537887711,1.0,0.9180394310218596,24.0,30.0,0.9333289027713165,31914.0,227.0,224.0,0.6276353052234109,1.0133928571428572,1.0,0.00022220769884321285,17.0,8.0,3.0,562.0,2.0,0.19677871148459383,0.7083333333333334,1.0,0.0,2.23606797749979,1.4743820648379988,0.07027684152126312,0.5976932048797607,0.08894373029470444,2.6666666666666665,0.024288365617394447,-0.00043737367239216063,-0.0003316085218333098,0.0,0.0,-0.0001203666959130878,0.0,0.0,0.0,0.0,-0.0002085787200628575,0.0,-1.8212269428552474e-05,0.0,-0.00022595866285635147,12.0,12827.png,0.0,3.0,3.0,20.0,0.43333333333333335,0.5666666666666667,1.0,R244-F0-gtfree-merge-targeted-candidates,0.0,val
1.0,0.3756410743456293,0.2312549698302072,3.0,3.0,0.925621033066839,0.2176649226153452,27.0,27.0,0.0,0.861540537887711,1.0,0.9180394310218596,25.0,31.0,0.9333289027713165,31914.0,227.0,224.0,0.6276353052234109,1.0133928571428572,1.0,0.00022220769884321285,17.0,3.0,8.0,711.0,2.0,0.24894957983193278,0.7083333333333334,1.0,0.0,3.605551275463989,2.07082087820527,0.082662433385849,0.5688581466674805,0.09811620116233825,2.6666666666666665,0.03173010051250458,-0.00041885188730728107,-0.0003175692725370105,1.0,1.0,-0.0001203666959130878,0.0,0.0,0.0,0.0,-0.0002085787200628575,0.0,-1.8212269428552474e-05,1.0,-0.00022595866285635147,12.0,12827.png,0.0,1.0,1.0,20.0,0.2833333333333333,0.7166666666666667,1.0,R244-F0-gtfree-merge-targeted-candidates,0.0,val
1.0,0.37668706991597917,0.23204833950067918,2.0,2.0,0.9258512279036659,0.2170063298086422,27.0,27.0,0.0,0.861939474265518,1.0,0.9182736935688418,24.0,32.0,0.9335548614341729,4310.0,84.0,67.0,0.7658137882018479,1.2537313432835822,1.0,0.00023527873995163716,18.0,4.0,9.0,1307.0,3.0,0.4409581646423752,0.5,0.0,1.0,2.0,1.4023689270621824,0.06772538274526596,0.5590413212776184,0.07440799102187157,2.25,0.022799955680966377,0.0006271436830425636,0.0004758003979349612,0.0,0.0,0.00010982814091387016,-0.0006585928067029956,0.0,0.0,0.0,0.00019035765774411129,0.0,0.0002160502775536699,0.0,0.0,12.0,12827.png,0.0,1.0,1.0,23.0,0.47058823529411764,0.5294117647058824,0.0,R244-F0-gtfree-merge-targeted-candidates,1.0,val
1.0,0.37580730947496394,0.2313809880239521,5.0,5.0,0.9256241925703288,0.2175185686583001,27.0,27.0,0.0,0.8615460122699387,1.0,0.9180842300702136,27.0,33.0,0.9332890277131655,3624.0,70.0,74.0,0.6996138996138996,1.0571428571428572,1.0,0.00031370498660218286,24.0,11.0,7.0,1388.0,4.0,0.42773497688751927,0.3116883116883117,0.8333333333333334,0.16666666666666666,2.23606797749979,1.5964959500671003,0.057975053787231445,0.3361110985279083,0.07702361047267914,1.5714285714285714,0.020234404131770134,-0.0002526167579726679,-0.00019155107879212374,3.0,3.0,-0.00011720719242325206,-0.0001463539570450978,0.0,0.0,0.0,-0.00020310433783521376,0.0,2.6586778925419274e-05,3.0,-0.00026583372100741354,12.0,12827.png,0.0,1.0,1.0,14.0,0.42045454545454547,0.5795454545454546,1.0,R244-F0-gtfree-merge-targeted-candidates,0.0,val
1.0,0.375365677595836,0.2310462560217015,2.0,2.0,0.9254935565736132,0.2176649226153452,27.0,27.0,0.0,0.8613196898311739,1.0,0.9180201386164509,24.0,34.0,0.9330896524224098,31914.0,227.0,224.0,0.6276353052234109,1.0133928571428572,1.0,0.00045748643879485,35.0,10.0,10.0,1223.0,3.0,0.3635552913198573,0.35,1.0,0.0,3.605551275463989,2.0183993667565425,0.073262520134449,0.5682913064956665,0.0977892592549324,1.0,0.03272130712866783,-0.0006942486371006029,-0.0005262830810427166,0.0,0.0,-0.00024784318913884107,0.0,0.0,0.0,0.0,-0.00042942677659996153,0.0,-3.750467483720765e-05,0.0,-0.00046520901176305696,12.0,12827.png,0.0,1.0,1.0,20.0,0.375,0.625,1.0,R244-F0-gtfree-merge-targeted-candidates,0.0,val
1.0,0.3754323286838205,0.23109676211865993,3.0,3.0,0.9256351952545724,0.2176649226153452,27.0,27.0,0.0,0.8615650765606596,1.0,0.9180415740619688,25.0,35.0,0.9333554861434173,6019.0,75.0,102.0,0.7867973856209151,1.36,1.0,0.0001960656166263643,15.0,7.0,3.0,1243.0,4.0,0.44313725490196076,0.7142857142857143,1.0,0.0,3.0,1.6437902832994922,0.06621209532022476,0.5296732187271118,0.07627547979354858,2.3333333333333335,0.024986138567328453,-0.0006275975491161212,-0.00047577698408429736,1.0,1.0,-0.00010620450817966365,0.0,0.0,0.0,0.0,-0.00018404004711425337,0.0,-1.606922931929322e-05,1.0,-0.0001993752907555324,12.0,12827.png,0.0,1.0,1.0,22.0,0.43103448275862066,0.5689655172413793,1.0,R244-F0-gtfree-merge-targeted-candidates,0.0,val
1.0,0.3759598570668289,0.23149665277842799,2.0,2.0,0.9258268193981256,0.21759174563682265,27.0,27.0,0.0,0.8618971652963554,1.0,0.9182256736086598,24.0,36.0,0.9335548614341729,31914.0,227.0,224.0,0.6276353052234109,1.0133928571428572,1.0,0.00018299457551794002,14.0,7.0,3.0,1612.0,4.0,0.5746880570409982,0.6666666666666666,0.0,0.14285714285714285,2.0,1.4581581115980782,0.058932892978191376,0.480392187833786,0.0720788285136223,2.3333333333333335,0.01819867081940174,-0.0001000691661077191,-7.588632431623776e-05,0.0,0.0,8.541963537356256e-05,-7.31769785225489e-05,0.0,0.0,0.0,0.00014804868858153686,0.0,0.00016803031737167018,0.0,0.0,12.0,12827.png,0.0,1.0,1.0,20.0,0.44642857142857145,0.5535714285714286,1.0,R244-F0-gtfree-merge-targeted-candidates,0.0,val
1.0,0.3757598784194529,0.23134502923976608,3.0,3.0,0.9256422762084283,0.2176649226153452,27.0,27.0,0.0,0.8615773458971339,1.0,0.9180426455399981,25.0,37.0,0.9333687778294677,31914.0,227.0,224.0,0.6276353052234109,1.0133928571428572,1.0,0.00018299457551794002,14.0,3.0,6.0,1502.0,3.0,0.5453885257806826,0.7777777777777778,1.0,0.0,3.0,2.0341934760442197,0.07955091446638107,0.5655462145805359,0.11129681989550591,2.0,0.03955535218119621,-0.0003000478134836948,-0.00022750986297814801,1.0,1.0,-9.912355432373232e-05,0.0,0.0,0.0,0.0,-0.00017177071064000682,0.0,-1.4997751289991257e-05,1.0,-0.00018608360470517837,12.0,12827.png,0.0,1.0,1.0,20.0,0.36538461538461536,0.6346153846153846,1.0,R244-F0-gtfree-merge-targeted-candidates,0.0,val
1.0,0.37594556581898353,0.23148581593483755,2.0,2.0,0.9256493570689462,0.2176649226153452,27.0,27.0,0.0,0.8615896152336082,1.0,0.9180437169900121,24.0,38.0,0.933382069515518,4388.0,68.0,82.0,0.7869440459110474,1.2058823529411764,1.0,0.0001699235344095157,13.0,6.0,3.0,1440.0,3.0,0.5228758169934641,0.7222222222222222,1.0,0.0,2.23606797749979,1.5115601184517604,0.05778389796614647,0.36048266291618347,0.07691450268030167,2.0,0.02072026953101158,-0.00011436041395307406,-8.672316790667156e-05,0.0,0.0,-9.204269380580499e-05,0.0,0.0,0.0,0.0,-0.00015950137416564925,0.0,-1.3926301276057096e-05,0.0,-0.00017279191865482435,12.0,12827.png,0.0,1.0,1.0,11.0,0.36538461538461536,0.6346153846153846,1.0,R244-F0-gtfree-merge-targeted-candidates,0.0,val
1.0,0.3755986316989738,0.23122279938228274,2.0,2.0,0.9256705990904897,0.2176649226153452,27.0,27.0,0.0,0.8616264232430311,1.0,0.918046931171972,24.0,39.0,0.9334219445736691,4310.0,84.0,67.0,0.7658137882018479,1.2537313432835822,1.0,0.00013071041108424287,10.0,5.0,2.0,1159.0,3.0,0.43735849056603776,1.0,1.0,0.0,2.23606797749979,1.5650281539872886,0.0822003185749054,0.5125490427017212,0.10201295390725136,2.5,0.02630961872637272,-0.0004612945339628194,-0.00034973972046148383,0.0,0.0,-7.080067226239439e-05,0.0,0.0,0.0,0.0,-0.00012269336474279857,0.0,-1.071211931613636e-05,0.0,-0.00013291686050376228,12.0,12827.png,0.0,1.0,1.0,23.0,0.3409090909090909,0.6590909090909091,1.0,R244-F0-gtfree-merge-targeted-candidates,0.0,val
1.0,0.37719498289623715,0.23243395165823497,2.0,2.0,0.9258238861059848,0.21704291829790348,27.0,27.0,0.0,0.8618920809454269,1.0,0.9182584820553049,24.0,41.0,0.9335149863760218,31914.0,227.0,224.0,0.6276353052234109,1.0133928571428572,1.0,0.00026142082216848575,20.0,8.0,7.0,1189.0,3.0,0.386038961038961,0.35714285714285715,0.15,0.85,2.8284271247461903,1.6661237755614948,0.0708903819322586,0.6213725805282593,0.10139122903347017,1.1428571428571428,0.027239378541707993,0.0011350566633005488,0.0008614125554907426,0.0,0.0,8.248634323271276e-05,-0.0006220043174417211,0.0,0.0,0.0,0.00014296433765303984,0.0,0.00020083876401677525,0.0,-3.987505815106207e-05,12.0,12827.png,0.0,1.0,1.0,20.0,0.40789473684210525,0.5921052631578947,1.0,R244-F0-gtfree-merge-targeted-candidates,0.0,val
1.0,0.37601703292525285,0.23154001030107224,2.0,2.0,0.9256493570689462,0.2176649226153452,27.0,27.0,0.0,0.8615896152336082,1.0,0.9180437169900121,24.0,45.0,0.933382069515518,3624.0,70.0,74.0,0.6996138996138996,1.0571428571428572,1.0,0.0001699235344095157,13.0,5.0,5.0,911.0,3.0,0.324314702741189,0.52,1.0,0.0,2.23606797749979,1.4896198601532118,0.10493151098489761,0.39457014203071594,0.12655465304851532,1.0,0.03539581224322319,-4.2893307683755655e-05,-3.252880167198269e-05,0.0,0.0,-9.204269380580499e-05,0.0,0.0,0.0,0.0,-0.00015950137416564925,0.0,-1.3926301276057096e-05,0.0,-0.00017279191865482435,12.0,12827.png,0.0,1.0,1.0,14.0,0.44642857142857145,0.5535714285714286,1.0,R244-F0-gtfree-merge-targeted-candidates,0.0,val
1.0,0.37560827250608275,0.23123010672158772,2.0,2.0,0.9256766999057531,0.21762833412608393,27.0,27.0,0.0,0.8616369949572409,1.0,0.9180589327267498,24.0,46.0,0.9334219445736691,4388.0,68.0,82.0,0.7869440459110474,1.2058823529411764,1.0,0.00014378145219266715,11.0,5.0,5.0,1107.0,3.0,0.39409042363830543,0.44,0.9090909090909091,0.09090909090909091,2.23606797749979,1.4071553331471884,0.05624186992645264,0.37789660692214966,0.0695434957742691,1.0,0.01833842508494854,-0.0004516537268538512,-0.0003424323811564989,0.0,0.0,-6.469985699897318e-05,-3.658848926127445e-05,0.0,0.0,0.0,-0.0001121216505329814,0.0,1.2894354616266313e-06,0.0,-0.00013291686050376228,12.0,12827.png,0.0,1.0,1.0,11.0,0.44642857142857145,0.5535714285714286,1.0,R244-F0-gtfree-merge-targeted-candidates,0.0,val
1.0,0.5303922547160396,0.360907362129856,0.0,0.0,0.9049345626575503,0.06071578947368421,22.0,22.0,0.0,0.826374873864783,0.0,0.9478443287037037,22.0,1.0,0.8657416584076644,2217.0,57.0,49.0,0.7937701396348013,1.163265306122449,1.0,0.000578368999421631,8.0,4.0,4.0,1769.0,4.0,0.654215976331361,0.5,0.75,0.25,2.0,1.3535533905932737,0.05891955643892288,0.5735294818878174,0.07501868158578873,1.0,0.019778667017817497,-6.510498038547752e-05,-6.0292124017313764e-05,0.0,0.0,-0.00016434299370793326,-0.00016842105263158158,0.0,0.0,0.0,-0.00027413609864235244,0.0,0.00011442702643360558,0.0,-0.0003964321110009328,10.0,13220.png,0.0,1.0,1.0,21.0,0.4583333333333333,0.5416666666666666,1.0,R244-F0-gtfree-merge-targeted-candidates,0.0,val
1.0,0.5164637796846937,0.3481302125369922,0.0,0.0,0.9023233267546138,0.06029473684210526,22.0,22.0,0.0,0.8220301558261308,0.0,0.9479121198894224,22.0,1.0,0.8609184010571523,2342.0,32.0,90.0,0.8131944444444444,2.8125,1.0,0.0062174667437825334,86.0,4.0,43.0,2575.0,4.0,0.544167371090448,0.5,0.9186046511627907,0.08139534883720931,2.0,1.4863770595900718,0.10113880038261414,0.5835840702056885,0.13809485733509064,10.75,0.05270339548587799,-0.013993580011731344,-0.012837441716881115,0.0,0.0,-0.0027755788966444817,-0.0005894736842105286,0.0,0.0,0.0,-0.00461885413729457,0.0,0.00018221821215225198,0.0,-0.005219689461512966,12.0,13220.png,0.0,2.0,2.0,22.0,0.47549019607843135,0.5245098039215687,1.0,R244-F0-gtfree-merge-targeted-candidates,0.0,val
1.0,0.5354220714428258,0.365581141844938,0.0,0.0,0.9059120279188694,0.058694736842105265,22.0,22.0,0.0,0.8280065689742294,0.0,0.9495147037519919,22.0,2.0,0.8661380905186653,2342.0,32.0,90.0,0.8131944444444444,2.8125,1.0,0.0018796992481203006,26.0,2.0,13.0,1912.0,4.0,0.6268852459016393,1.0,0.0,1.0,2.0,1.5,0.08943160623311996,0.576168954372406,0.11242881044745445,6.5,0.035074278712272644,0.004964711746400785,0.004613487591064669,0.0,0.0,0.0008131222676110994,-0.002189473684210526,0.0,0.0,0.0,0.0013575590108040325,0.0,0.0017848020747217586,0.0,0.0,12.0,13220.png,0.0,1.0,1.0,22.0,0.4473684210526316,0.5526315789473685,0.0,R244-F0-gtfree-merge-targeted-candidates,1.0,val
1.0,0.36230759808925,0.22123055444754686,0.0,0.0,0.9162437967987086,0.16284825077805692,27.0,27.0,1.0,0.8454334970284181,1.0,0.9284337700617034,27.0,1.0,0.9043697744123679,16552.0,137.0,178.0,0.6787501025178381,1.2992700729927007,1.0,0.00038853183532725714,24.0,12.0,2.0,1074.0,3.0,0.358,1.0,1.0,0.0,2.0,1.4755922317655454,0.08566507697105408,0.6148692965507507,0.11524719372391701,6.0,0.027520431205630302,-0.0007942027192762713,-0.0005925259296421792,0.0,0.0,-0.00020781352719168034,0.0,0.0,0.0,0.0,-0.0003539353183205085,0.0,-2.780575866545565e-05,0.0,-0.0003786086133459321,6.0,13436.png,0.0,1.0,1.0,20.0,0.4722222222222222,0.5277777777777778,1.0,R244-F0-gtfree-merge-targeted-candidates,0.0,val
1.0,0.36486100338816996,0.22313760734971042,0.0,0.0,0.9166127266479674,0.16202332295924107,27.0,27.0,1.0,0.8460619292784752,1.0,0.928792369107192,27.0,2.0,0.9047483830257138,16552.0,137.0,178.0,0.6787501025178381,1.2992700729927007,1.0,0.000356154182383319,22.0,11.0,3.0,463.0,2.0,0.15387171817879694,0.6666666666666666,0.0,1.0,2.0,1.4733733437442316,0.09322565048933029,0.5919786691665649,0.1157493568956852,3.6666666666666665,0.02851214073598385,0.0017592025796436817,0.0013145269725213793,0.0,0.0,0.00016111632206716742,-0.0008249278188158515,0.0,0.0,0.0,0.00027449693173664524,0.0,0.0003307932868231722,0.0,0.0,6.0,13436.png,0.0,1.0,1.0,20.0,0.4305555555555556,0.5694444444444444,0.0,R244-F0-gtfree-merge-targeted-candidates,1.0,val
1.0,0.36369574980606706,0.2222665801686711,0.0,0.0,0.9164902075159612,0.1624732835876861,27.0,27.0,1.0,0.8458531836752754,1.0,0.9286072833848794,27.0,3.0,0.9046852815901562,16552.0,137.0,178.0,0.6787501025178381,1.2992700729927007,1.0,0.00022664357060756665,14.0,7.0,3.0,1320.0,3.0,0.47058823529411764,0.6666666666666666,0.2857142857142857,0.7142857142857143,2.0,1.4163162231961566,0.0720275416970253,0.5658263564109802,0.08752874433994293,2.3333333333333335,0.022105790674686432,0.000593948997540783,0.0004434997914820604,0.0,0.0,3.8597190060940534e-05,-0.00037496719037083404,0.0,0.0,0.0,6.575132853681165e-05,0.0,0.00014570756451059985,0.0,-6.310143555765535e-05,6.0,13436.png,0.0,1.0,1.0,20.0,0.44642857142857145,0.5535714285714286,1.0,R244-F0-gtfree-merge-targeted-candidates,0.0,val
1.0,0.3643489976728045,0.22275473016823924,0.0,0.0,0.9165541323403678,0.16232329671153775,27.0,27.0,1.0,0.8459620915996755,1.0,0.9286720533704681,27.0,4.0,0.9047483830257138,16552.0,137.0,178.0,0.6787501025178381,1.2992700729927007,1.0,0.00022664357060756665,14.0,7.0,3.0,849.0,3.0,0.30267379679144385,0.6666666666666666,0.0,1.0,2.0,1.4163162231961566,0.08520834892988205,0.5798319578170776,0.10441571921110154,2.3333333333333335,0.026258913800120354,0.0012471968642782105,0.0009316497910502042,0.0,0.0,0.00010252201446747655,-0.0005249540665191732,0.0,0.0,0.0,0.0001746592529369151,0.0,0.00021047755009928615,0.0,0.0,6.0,13436.png,0.0,1.0,1.0,20.0,0.42857142857142855,0.5714285714285714,0.0,R244-F0-gtfree-merge-targeted-candidates,1.0,val
0.0,0.3638590617727514,0.2223885811249189,0.0,0.0,0.9165248379957012,0.1624732835876861,27.0,27.0,1.0,0.8459121815955988,1.0,0.9286119071906219,27.0,5.0,0.9047483830257138,16552.0,137.0,178.0,0.6787501025178381,1.2992700729927007,1.0,0.00016188826471969048,10.0,5.0,2.0,247.0,1.0,0.09320754716981132,1.0,0.0,1.0,2.0,1.4414213562373095,0.09396926313638687,0.5925490260124207,0.10399626418948174,2.5,0.028894800692796707,0.000757260964225126,0.0005655007477298746,0.0,0.0,7.322766980089046e-05,-0.00037496719037083404,0.0,0.0,0.0,0.0001247492488601898,0.0,0.0001503313702531095,0.0,0.0,6.0,13436.png,0.0,1.0,1.0,20.0,0.4090909090909091,0.5909090909090909,0.0,R244-F0-gtfree-merge-targeted-candidates,1.0,val
0.0,0.36304250193932963,0.2217788197735322,0.0,0.0,0.9163650310425007,0.16284825077805692,27.0,27.0,1.0,0.8456399592974384,1.0,0.9284499927138485,27.0,6.0,0.9045906294368197,16552.0,137.0,178.0,0.6787501025178381,1.2992700729927007,1.0,0.00016188826471969048,10.0,5.0,2.0,343.0,1.0,0.12943396226415094,1.0,1.0,0.0,2.0,1.4414213562373095,0.08785341680049896,0.5796078443527222,0.09873303025960922,2.5,0.025098038837313652,-5.929886919664451e-05,-4.426060365683715e-05,0.0,0.0,-8.657928339961263e-05,0.0,0.0,0.0,0.0,-0.00014747304930018412,0.0,-1.1583106520274278e-05,0.0,-0.00015775358889413837,6.0,13436.png,0.0,1.0,1.0,20.0,0.45454545454545453,0.5454545454545454,1.0,R244-F0-gtfree-merge-targeted-candidates,0.0,val
1.0,0.36304250193932963,0.2217788197735322,0.0,0.0,0.9163650310425007,0.16284825077805692,27.0,27.0,1.0,0.8456399592974384,1.0,0.9284499927138485,27.0,7.0,0.9045906294368197,16552.0,137.0,178.0,0.6787501025178381,1.2992700729927007,1.0,0.00016188826471969048,10.0,5.0,2.0,517.0,2.0,0.1950943396226415,1.0,1.0,0.0,2.0,1.4414213562373095,0.08783169090747833,0.595294177532196,0.09833519160747528,2.5,0.026118939742445946,-5.929886919664451e-05,-4.426060365683715e-05,0.0,0.0,-8.657928339961263e-05,0.0,0.0,0.0,0.0,-0.00014747304930018412,0.0,-1.1583106520274278e-05,0.0,-0.00015775358889413837,6.0,13436.png,0.0,1.0,1.0,20.0,0.45454545454545453,0.5454545454545454,1.0,R244-F0-gtfree-merge-targeted-candidates,0.0,val
1.0,0.3637105993793892,0.22227767242239743,0.0,0.0,0.9165075230325452,0.1624732835876861,27.0,27.0,1.0,0.8458826826354371,1.0,0.9286095953626192,27.0,8.0,0.904716832307935,16552.0,137.0,178.0,0.6787501025178381,1.2992700729927007,1.0,0.00019426591766362857,12.0,6.0,4.0,951.0,3.0,0.3386752136752137,0.5,0.16666666666666666,0.8333333333333334,2.0,1.3535533905932737,0.07374241203069687,0.5241830348968506,0.08506945297122001,1.5,0.020081432536244392,0.000608798570862934,0.00045459204520839624,0.0,0.0,5.591270664495607e-05,-0.00037496719037083404,0.0,0.0,0.0,9.525028869850072e-05,0.0,0.00014801954225041047,0.0,-3.1550717778827675e-05,6.0,13436.png,0.0,1.0,1.0,20.0,0.44642857142857145,0.5535714285714286,1.0,R244-F0-gtfree-merge-targeted-candidates,0.0,val
1.0,0.3634284780922047,0.22206696940965118,0.0,0.0,0.9164755611311317,0.16254827702576025,27.0,27.0,1.0,0.8458282326219377,1.0,0.9285772114185786,27.0,9.0,0.9046852815901562,16552.0,137.0,178.0,0.6787501025178381,1.2992700729927007,1.0,0.00019426591766362857,12.0,6.0,4.0,1394.0,3.0,0.4964387464387464,0.5,0.3333333333333333,0.6666666666666666,2.0,1.3190355937288492,0.08659836649894714,0.5954248309135437,0.1098149411380291,1.5,0.023465780541300774,0.00032667728367841153,0.00024388903246214122,0.0,0.0,2.3950805231431893e-05,-0.00029997375229667833,0.0,0.0,0.0,4.080027519914875e-05,0.0,0.00011563559820981784,0.0,-6.310143555765535e-05,6.0,13436.png,0.0,1.0,1.0,20.0,0.5,0.5,1.0,R244-F0-gtfree-merge-targeted-candidates,0.0,val
1.0,0.36287918997264523,0.22165694049578533,0.0,0.0,0.9163983284459821,0.16281075405901985,27.0,27.0,1.0,0.8456966729589429,1.0,0.9284685005585869,27.0,10.0,0.9046379555134879,16552.0,137.0,178.0,0.6787501025178381,1.2992700729927007,1.0,0.00012951061177575237,8.0,2.0,4.0,1445.0,3.0,0.5557692307692308,1.0,0.875,0.125,2.0,1.426776695296637,0.07342994213104248,0.5941176414489746,0.07965586110949516,2.0,0.021657569333910942,-0.00022261083588104302,-0.0001661398814037096,0.0,0.0,-5.328187991815447e-05,-3.749671903707785e-05,0.0,0.0,0.0,-9.075938779568027e-05,0.0,6.924738218061499e-06,0.0,-0.00011042751222589686,6.0,13436.png,0.0,1.0,1.0,20.0,0.45,0.55,1.0,R244-F0-gtfree-merge-targeted-candidates,0.0,val
1.0,0.3625301155620891,0.22139650872817956,0.0,0.0,0.9163883339992009,0.16277325733998274,27.0,27.0,1.0,0.8456796495936998,1.0,0.9284812176165803,27.0,11.0,0.9046064047957091,16552.0,137.0,178.0,0.6787501025178381,1.2992700729927007,1.0,0.0001780770911916595,11.0,5.0,4.0,1464.0,4.0,0.5312046444121916,0.55,0.8181818181818182,0.18181818181818182,2.0,1.3480388295223809,0.08426595479249954,0.5561497807502747,0.09943599253892899,1.25,0.02357797510921955,-0.0005716852464371924,-0.00042657164900947175,0.0,0.0,-6.327632669933525e-05,-7.499343807418346e-05,0.0,0.0,0.0,-0.0001077827530387987,0.0,1.9641796211500306e-05,0.0,-0.00014197823000472454,6.0,13436.png,0.0,1.0,1.0,20.0,0.46153846153846156,0.5384615384615384,1.0,R244-F0-gtfree-merge-targeted-candidates,0.0,val
1.0,0.3624484462411695,0.2213355942347015,0.0,0.0,0.9163563723531762,0.16284825077805692,27.0,27.0,1.0,0.8456252119925084,1.0,0.9284488341968912,27.0,12.0,0.9045748540779303,16552.0,137.0,178.0,0.6787501025178381,1.2992700729927007,1.0,0.0001780770911916595,11.0,5.0,5.0,1716.0,4.0,0.6108935564257743,0.44,1.0,0.0,2.0,1.310383051124827,0.08009312301874161,0.6064171195030212,0.08863174170255661,1.0,0.02226380631327629,-0.0006533545673567676,-0.00048748614248753097,0.0,0.0,-9.523797272403822e-05,0.0,0.0,0.0,0.0,-0.00016222035423019143,0.0,-1.2741623477641184e-05,0.0,-0.0001735289477835522,6.0,13436.png,0.0,1.0,1.0,20.0,0.48214285714285715,0.5178571428571429,1.0,R244-F0-gtfree-merge-targeted-candidates,0.0,val
1.0,0.3637328543435663,0.22229429669178186,0.0,0.0,0.9164782306456897,0.1626232704638344,27.0,27.0,1.0,0.8458327802604605,1.0,0.9285494551754286,27.0,13.0,0.904716832307935,16552.0,137.0,178.0,0.6787501025178381,1.2992700729927007,1.0,0.00012951061177575237,8.0,4.0,4.0,1300.0,3.0,0.4807692307692308,0.5,0.25,0.75,2.0,1.3535533905932737,0.09954730421304703,0.5887255072593689,0.12075878232717514,1.0,0.021784789860248566,0.0006310535350400048,0.00047121631459282054,0.0,0.0,2.6620319789394387e-05,-0.00022498031422252263,0.0,0.0,0.0,4.534791372190483e-05,0.0,8.78793550598278e-05,0.0,-3.1550717778827675e-05,6.0,13436.png,0.0,2.0,2.0,20.0,0.3541666666666667,0.6458333333333334,1.0,R244-F0-gtfree-merge-targeted-candidates,0.0,val
1.0,0.359916697292662,0.21945025395876905,0.0,0.0,0.9160744690205357,0.1624732835876861,27.0,27.0,1.0,0.8451452086313958,1.0,0.9285517509601516,27.0,1.0,0.9039280643634643,3866.0,64.0,72.0,0.8389756944444444,1.125,1.0,0.001003707241262081,62.0,31.0,5.0,2764.0,4.0,0.660138524002866,0.4,0.8387096774193549,0.16129032258064516,2.0,1.4460782943466512,0.09291516244411469,0.39000633358955383,0.11926236003637314,6.2,0.03129875287413597,-0.0031851035158642627,-0.0023728264184199876,0.0,0.0,-0.00037714130536459223,-0.00037496719037083404,0.0,0.0,0.0,-0.0006422237153428378,0.0,9.01751397828221e-05,0.0,-0.0008203186622495195,8.0,13436.png,0.0,1.0,1.0,11.0,0.5060975609756098,0.49390243902439024,1.0,R244-F0-gtfree-merge-targeted-candidates,0.0,val
1.0,0.3627306875714519,0.22154613466334164,0.0,0.0,0.9161918309611528,0.16284825077805692,27.0,27.0,1.0,0.8453450131988379,1.0,0.9284268152443271,27.0,2.0,0.9042751222590314,6931.0,60.0,166.0,0.6958835341365461,2.7666666666666666,1.0,0.0004856647941590714,30.0,2.0,15.0,2167.0,4.0,0.687936507936508,1.0,1.0,0.0,2.0,1.4804737854124363,0.104432113468647,0.630719006061554,0.14488118886947632,7.5,0.03230768442153931,-0.00037111323707439414,-0.0002769457138473985,0.0,0.0,-0.0002597793647475255,0.0,0.0,0.0,0.0,-0.0004424191479006634,0.0,-3.476057604168137e-05,0.0,-0.0004732607666824151,8.0,13436.png,0.0,1.0,1.0,26.0,0.4880952380952381,0.5119047619047619,1.0,R244-F0-gtfree-merge-targeted-candidates,0.0,val
1.0,0.3629980404964076,0.22174563591022445,0.0,0.0,0.9161225354251417,0.16284825077805692,27.0,27.0,1.0,0.8452270347593978,1.0,0.9284175400515121,27.0,3.0,0.9041489193879161,6931.0,60.0,166.0,0.6958835341365461,2.7666666666666666,1.0,0.0006151754059348238,38.0,4.0,19.0,1690.0,3.0,0.48507462686567165,0.5,1.0,0.0,2.0,1.469169134861742,0.12898781895637512,0.6432404518127441,0.1691610530018807,4.75,0.043478213250637054,-0.00010376031211867254,-7.744446696458795e-05,0.0,0.0,-0.0003290749007586191,0.0,0.0,0.0,0.0,-0.0005603975873408329,0.0,-4.4035768856698354e-05,0.0,-0.0005994636377977258,8.0,13436.png,0.0,1.0,1.0,26.0,0.4537037037037037,0.5462962962962963,1.0,R244-F0-gtfree-merge-targeted-candidates,0.0,val
1.0,0.36405943827563686,0.2225383041373459,0.0,0.0,0.9165154990130817,0.1622108065544265,27.0,27.0,1.0,0.8458962709464244,1.0,0.9287090870811537,27.0,4.0,0.9046379555134879,3673.0,67.0,75.0,0.7309452736318408,1.1194029850746268,1.0,0.00038853183532725714,24.0,12.0,2.0,1781.0,4.0,0.5936666666666667,1.0,0.2916666666666667,0.7083333333333334,2.0,1.5,0.05398458242416382,0.36307188868522644,0.06771531030535698,6.0,0.01488632895052433,0.0009576374671105836,0.000715223760156869,0.0,0.0,6.388868718143481e-05,-0.0006374442236304345,0.0,0.0,0.0,0.00010883859968580101,0.0,0.00024751126078492725,0.0,-0.00011042751222589686,8.0,13436.png,0.0,1.0,1.0,12.0,0.4583333333333333,0.5416666666666666,1.0,R244-F0-gtfree-merge-targeted-candidates,0.0,val
1.0,0.36298322243540027,0.22173457682908584,0.0,0.0,0.9162957576532447,0.16284825077805692,27.0,27.0,1.0,0.8455219808579982,1.0,0.9284407235276019,27.0,6.0,0.9044644265657044,6931.0,60.0,166.0,0.6958835341365461,2.7666666666666666,1.0,0.00029139887649544285,18.0,2.0,9.0,1304.0,3.0,0.4575438596491228,1.0,1.0,0.0,2.0,1.5,0.10099665820598602,0.6154683828353882,0.12630311250686646,4.5,0.030078774318099022,-0.00011857837312601038,-8.85035481031915e-05,0.0,0.0,-0.00015585267265560976,0.0,0.0,0.0,0.0,-0.0002654514887403536,0.0,-2.0852292766937452e-05,0.0,-0.0002839564600094491,8.0,13436.png,0.0,1.0,1.0,26.0,0.38333333333333336,0.6166666666666667,1.0,R244-F0-gtfree-merge-targeted-candidates,0.0,val
1.0,0.3674652083418357,0.22508874556272188,0.0,0.0,0.9169078263650172,0.16033597060257226,27.0,27.0,1.0,0.8465649080334209,1.0,0.9294651539708266,27.0,8.0,0.9046852815901562,16552.0,137.0,178.0,0.6787501025178381,1.2992700729927007,1.0,0.0011494066795098023,71.0,25.0,25.0,2251.0,4.0,0.422405704635016,0.1136,0.056338028169014086,0.9436619718309859,2.23606797749979,1.5277323907072133,0.0974627286195755,0.5901132225990295,0.12107404321432114,1.0,0.03409773111343384,0.004363407533309438,0.00326566518553284,0.0,0.0,0.0004562160391169412,-0.00251228017548466,0.0,0.0,0.0,0.000777475686682294,0.0,0.0010035781504578178,0.0,-6.310143555765535e-05,8.0,13436.png,0.0,1.0,1.0,20.0,0.46296296296296297,0.5370370370370371,1.0,R244-F0-gtfree-merge-targeted-candidates,0.0,val
1.0,0.36298322243540027,0.22173457682908584,0.0,0.0,0.9162957576532447,0.16284825077805692,27.0,27.0,1.0,0.8455219808579982,1.0,0.9284407235276019,27.0,9.0,0.9044644265657044,6931.0,60.0,166.0,0.6958835341365461,2.7666666666666666,1.0,0.00029139887649544285,18.0,3.0,9.0,1379.0,3.0,0.4743722050223598,0.6666666666666666,1.0,0.0,2.0,1.4674563090207275,0.1405535191297531,0.6180827617645264,0.18772987425327303,3.0,0.04203663766384125,-0.00011857837312601038,-8.85035481031915e-05,0.0,0.0,-0.00015585267265560976,0.0,0.0,0.0,0.0,-0.0002654514887403536,0.0,-2.0852292766937452e-05,0.0,-0.0002839564600094491,8.0,13436.png,0.0,1.0,1.0,26.0,0.40625,0.59375,1.0,R244-F0-gtfree-merge-targeted-candidates,0.0,val
1.0,0.36454931417374264,0.2229044980280565,0.0,0.0,0.9165761043278143,0.1622108065544265,27.0,27.0,1.0,0.8459995279679018,1.0,0.9287171681186643,27.0,10.0,0.9047483830257138,16552.0,137.0,178.0,0.6787501025178381,1.2992700729927007,1.0,0.0002752100500234738,17.0,8.0,3.0,852.0,2.0,0.29831932773109243,0.7083333333333334,0.0,1.0,2.23606797749979,1.512633920124639,0.08573613315820694,0.5845444202423096,0.10662032961845398,2.6666666666666665,0.02832583710551262,0.0014475133652163685,0.0010814176508674722,0.0,0.0,0.00012449400191405502,-0.0006374442236304345,0.0,0.0,0.0,0.0002120956211631997,0.0,0.0002555922982955261,0.0,0.0,8.0,13436.png,0.0,1.0,1.0,20.0,0.4166666666666667,0.5833333333333334,0.0,R244-F0-gtfree-merge-targeted-candidates,1.0,val
1.0,0.36418568570612014,0.2226326561174063,0.0,0.0,0.9165394849339588,0.1623982901496119,27.0,27.0,1.0,0.8459371358614688,1.0,0.9286419793066597,27.0,11.0,0.9047483830257138,3866.0,64.0,72.0,0.8389756944444444,1.125,1.0,0.00019426591766362857,12.0,2.0,6.0,1590.0,4.0,0.5888888888888889,1.0,0.0,1.0,2.0,1.4511844635310913,0.07247533649206161,0.48562097549438477,0.08912272527813912,3.0,0.01979217492043972,0.0010838848975938675,0.0008095757402172554,0.0,0.0,8.787460805848024e-05,-0.0004499606284450175,0.0,0.0,0.0,0.00014970351473020393,0.0,0.0001804034862908921,0.0,0.0,8.0,13436.png,0.0,1.0,1.0,11.0,0.4583333333333333,0.5416666666666666,0.0,R244-F0-gtfree-merge-targeted-candidates,1.0,val
0.0,0.36397779229261923,0.22247729314302825,0.0,0.0,0.9165394849339588,0.1623982901496119,27.0,27.0,1.0,0.8459371358614688,1.0,0.9286419793066597,27.0,12.0,0.9047483830257138,16552.0,137.0,178.0,0.6787501025178381,1.2992700729927007,1.0,0.00019426591766362857,12.0,6.0,2.0,249.0,1.0,0.09222222222222222,1.0,0.0,1.0,2.23606797749979,1.5053745918538317,0.08916964381933212,0.5934640765190125,0.10298430249094963,3.0,0.027419839054346085,0.0008759914840929528,0.0006542127658392127,0.0,0.0,8.787460805848024e-05,-0.0004499606284450175,0.0,0.0,0.0,0.00014970351473020393,0.0,0.0001804034862908921,0.0,0.0,8.0,13436.png,0.0,1.0,1.0,20.0,0.3958333333333333,0.6041666666666666,0.0,R244-F0-gtfree-merge-targeted-candidates,1.0,val
0.0,0.36304250193932963,0.2217788197735322,0.0,0.0,0.9163477135254776,0.16284825077805692,27.0,27.0,1.0,0.8456104646875784,1.0,0.9284476756424165,27.0,13.0,0.9045590787190408,16552.0,137.0,178.0,0.6787501025178381,1.2992700729927007,1.0,0.00019426591766362857,12.0,6.0,2.0,345.0,1.0,0.12777777777777777,1.0,1.0,0.0,2.0,1.4511844635310913,0.08333925157785416,0.5816993117332458,0.09830747842788697,3.0,0.024244751781225204,-5.929886919664451e-05,-4.426060365683715e-05,0.0,0.0,-0.0001038968004226648,0.0,0.0,0.0,0.0,-0.00017696765916019874,0.0,-1.3900177952330672e-05,0.0,-0.00018930430667296605,8.0,13436.png,0.0,1.0,1.0,20.0,0.4375,0.5625,1.0,R244-F0-gtfree-merge-targeted-candidates,0.0,val
1.0,0.36361409382272486,0.22220558882235528,0.0,0.0,0.9164815495501255,0.1624732835876861,27.0,27.0,1.0,0.8458384341951947,1.0,0.9286061273398536,27.0,14.0,0.9046695062312667,16552.0,137.0,178.0,0.6787501025178381,1.2992700729927007,1.0,0.0002428323970795357,15.0,7.0,3.0,1321.0,3.0,0.47094474153297683,0.7142857142857143,0.3333333333333333,0.6666666666666666,2.23606797749979,1.4709663401497322,0.07124147564172745,0.5691503286361694,0.08743527233600616,2.3333333333333335,0.024713832885026932,0.0005122930141985838,0.00038250844516624083,0.0,0.0,2.9939224225228322e-05,-0.00037496719037083404,0.0,0.0,0.0,5.1001848456078136e-05,0.0,0.0001445515194847813,0.0,-7.887679444706919e-05,8.0,13436.png,0.0,1.0,1.0,20.0,0.44642857142857145,0.5535714285714286,1.0,R244-F0-gtfree-merge-targeted-candidates,0.0,val
1.0,0.3630573248407643,0.22178988326848248,0.0,0.0,0.9162784379220239,0.16284825077805692,27.0,27.0,1.0,0.8454924862481381,1.0,0.9284384058557756,27.0,15.0,0.9044328758479255,6931.0,60.0,166.0,0.6958835341365461,2.7666666666666666,1.0,0.00032377652943938097,20.0,10.0,6.0,1803.0,4.0,0.5756704980842912,0.3333333333333333,1.0,0.0,2.0,1.3535533905932737,0.0918070524930954,0.4725490212440491,0.11626600325107575,1.6666666666666667,0.028482040390372276,-4.447596776196994e-05,-3.3197108706556344e-05,0.0,0.0,-0.000173172403876376,0.0,0.0,0.0,0.0,-0.00029494609860047927,0.0,-2.3169964593172665e-05,0.0,-0.00031550717778827675,8.0,13436.png,0.0,1.0,1.0,26.0,0.4625,0.5375,1.0,R244-F0-gtfree-merge-targeted-candidates,0.0,val
1.0,0.36298322243540027,0.22173457682908584,0.0,0.0,0.916330395454945,0.16284825077805692,27.0,27.0,1.0,0.8455809700777183,1.0,0.9284453584209077,27.0,16.0,0.904527528001262,6931.0,60.0,166.0,0.6958835341365461,2.7666666666666666,1.0,0.00022664357060756665,14.0,3.0,7.0,1336.0,3.0,0.47629233511586455,0.6666666666666666,1.0,0.0,2.0,1.4581581115980782,0.09442295134067535,0.6322129368782043,0.11217807829380036,2.3333333333333335,0.029240529984235764,-0.00011857837312601038,-8.85035481031915e-05,0.0,0.0,-0.00012121487095528849,0.0,0.0,0.0,0.0,-0.00020646226902032438,0.0,-1.621739946111589e-05,0.0,-0.00022085502445179372,8.0,13436.png,0.0,1.0,1.0,26.0,0.4107142857142857,0.5892857142857143,1.0,R244-F0-gtfree-merge-targeted-candidates,0.0,val
1.0,0.3627975339893031,0.22159600997506235,0.0,0.0,0.9163130768308761,0.16284825077805692,27.0,27.0,1.0,0.8455514754678582,1.0,0.9284430410493077,27.0,17.0,0.9044959772834832,3673.0,67.0,75.0,0.7309452736318408,1.1194029850746268,1.0,0.00025902122355150474,16.0,8.0,4.0,1797.0,4.0,0.6171016483516484,0.5,1.0,0.0,2.0,1.3901650429449552,0.08799678087234497,0.4102941155433655,0.11738332360982895,2.0,0.02857889048755169,-0.00030426681922318677,-0.00022707040212668894,0.0,0.0,-0.00013853349502412904,0.0,0.0,0.0,0.0,-0.000235956878880339,0.0,-1.8534771061062827e-05,0.0,-0.0002524057422306214,8.0,13436.png,0.0,1.0,1.0,12.0,0.4375,0.5625,1.0,R244-F0-gtfree-merge-targeted-candidates,0.0,val
1.0,0.3619957537154989,0.22099805573558004,0.0,0.0,0.9163077267315023,0.16269826390190859,27.0,27.0,1.0,0.8455423641324387,1.0,0.9284985505368681,27.0,18.0,0.9044328758479255,16552.0,137.0,178.0,0.6787501025178381,1.2992700729927007,1.0,0.00038853183532725714,24.0,9.0,8.0,1665.0,3.0,0.5216165413533834,0.3333333333333333,0.8333333333333334,0.16666666666666666,2.23606797749979,1.4762313868432386,0.08300274610519409,0.568300724029541,0.10163624212145805,1.125,0.027001848444342613,-0.0011060470930273625,-0.0008250246416089957,0.0,0.0,-0.0001438835943979866,-0.00014998687614833917,0.0,0.0,0.0,-0.0002450682142999261,0.0,3.6974716499327265e-05,0.0,-0.00031550717778827675,8.0,13436.png,0.0,1.0,1.0,20.0,0.4523809523809524,0.5476190476190477,1.0,R244-F0-gtfree-merge-targeted-candidates,0.0,val
1.0,0.36382935292916924,0.22236638554818106,0.0,0.0,0.9165294935515318,0.16236079343057483,27.0,27.0,1.0,0.8459201132810196,1.0,0.9286547056156487,27.0,19.0,0.904716832307935,16552.0,137.0,178.0,0.6787501025178381,1.2992700729927007,1.0,0.0002428323970795357,15.0,7.0,4.0,954.0,3.0,0.33356643356643356,0.5357142857142857,0.13333333333333333,0.8666666666666667,2.23606797749979,1.4752660136327975,0.07421449571847916,0.5317647457122803,0.09351722598075866,1.75,0.02458629012107849,0.0007275521206429603,0.00054330517099202,0.0,0.0,7.788322563151429e-05,-0.00048745734748209535,0.0,0.0,0.0,0.00013268093428098204,0.0,0.00019312979527985608,0.0,-3.1550717778827675e-05,8.0,13436.png,0.0,1.0,1.0,20.0,0.4166666666666667,0.5833333333333334,1.0,R244-F0-gtfree-merge-targeted-candidates,0.0,val
1.0,0.362953283240771,0.22171223308720814,0.0,0.0,0.9163477135254776,0.16284825077805692,27.0,27.0,1.0,0.8456104646875784,1.0,0.9284476756424165,27.0,21.0,0.9045590787190408,6931.0,60.0,166.0,0.6958835341365461,2.7666666666666666,1.0,0.00019426591766362857,12.0,6.0,3.0,2090.0,4.0,0.7588961510530138,0.6666666666666666,1.0,0.0,2.0,1.3535533905932737,0.1164344921708107,0.6290850043296814,0.12546178475022315,2.0,0.03118646889925003,-0.0001485175677553019,-0.00011084728998089766,0.0,0.0,-0.0001038968004226648,0.0,0.0,0.0,0.0,-0.00017696765916019874,0.0,-1.3900177952330672e-05,0.0,-0.00018930430667296605,8.0,13436.png,0.0,1.0,1.0,26.0,0.5192307692307693,0.4807692307692308,1.0,R244-F0-gtfree-merge-targeted-candidates,0.0,val
1.0,0.3622407316674833,0.2211806940566414,0.0,0.0,0.9163130768308761,0.16284825077805692,27.0,27.0,1.0,0.8455514754678582,1.0,0.9284430410493077,27.0,22.0,0.9044959772834832,16552.0,137.0,178.0,0.6787501025178381,1.2992700729927007,1.0,0.00025902122355150474,16.0,6.0,7.0,1790.0,4.0,0.6026936026936027,0.38095238095238093,1.0,0.0,2.23606797749979,1.419673540132429,0.07437668740749359,0.6102941036224365,0.08822044730186462,1.1666666666666667,0.022264832630753517,-0.0008610691410430027,-0.0006423863205476388,0.0,0.0,-0.00013853349502412904,0.0,0.0,0.0,0.0,-0.000235956878880339,0.0,-1.8534771061062827e-05,0.0,-0.0002524057422306214,8.0,13436.png,0.0,1.0,1.0,20.0,0.47058823529411764,0.5294117647058824,1.0,R244-F0-gtfree-merge-targeted-candidates,0.0,val
1.0,0.3628203035743431,0.22161299970092713,1.0,1.0,0.9165394849339588,0.16269826390190859,27.0,27.0,1.0,0.8459371358614688,1.0,0.9286419793066597,28.0,23.0,0.9047483830257138,16552.0,137.0,178.0,0.6787501025178381,1.2992700729927007,1.0,0.00019426591766362857,12.0,6.0,4.0,360.0,2.0,0.1282051282051282,0.5,0.0,0.3333333333333333,2.23606797749979,1.5595647201765719,0.06899496167898178,0.5457516312599182,0.0802818961441517,1.5,0.02453375980257988,-0.0002814972341831923,-0.00021008067626190896,1.0,1.0,8.787460805848024e-05,-0.00014998687614833917,0.0,0.0,0.0,0.00014970351473020393,0.0,0.0001804034862908921,1.0,0.0,8.0,13436.png,0.0,1.0,1.0,20.0,0.19642857142857142,0.8035714285714286,1.0,R244-F0-gtfree-merge-targeted-candidates,0.0,val
0.0,0.3628199371351594,0.22161272627537026,0.0,0.0,0.9163823480060406,0.16284825077805692,27.0,27.0,1.0,0.8456694539072984,1.0,0.9284523096352185,27.0,25.0,0.9046221801545985,16552.0,137.0,178.0,0.6787501025178381,1.2992700729927007,1.0,0.00012951061177575237,8.0,4.0,2.0,221.0,1.0,0.085,1.0,1.0,0.0,2.0,1.5,0.057091642171144485,0.5671569108963013,0.061015337333083154,2.0,0.014266305603086948,-0.0002818636733668556,-0.00021035410181877157,0.0,0.0,-6.926231985970865e-05,0.0,0.0,0.0,0.0,-0.0001179784394401695,0.0,-9.266185150291761e-06,0.0,-0.0001262028711153107,8.0,13436.png,0.0,1.0,1.0,20.0,0.4,0.6,1.0,R244-F0-gtfree-merge-targeted-candidates,0.0,val
1.0,0.3682448979591837,0.22567412076642154,0.0,0.0,0.9169911178977159,0.1599985001312385,27.0,27.0,1.0,0.8467069227702892,1.0,0.9296030343799134,27.0,2.0,0.904716832307935,16552.0,137.0,178.0,0.6787501025178381,1.2992700729927007,1.0,0.0012627284648135857,78.0,32.0,7.0,913.0,2.0,0.2075,0.3482142857142857,0.02564102564102564,0.9743589743589743,3.0,1.7132001448794252,0.08194088935852051,0.5908998250961304,0.10824763923883438,4.571428571428571,0.03317766636610031,0.005143097150657416,0.0038510403892325074,0.0,0.0,0.000539507571815645,-0.0028497506468184164,0.0,0.0,0.0,0.0009194904235506618,0.0,0.001141458559544617,0.0,-3.1550717778827675e-05,10.0,13436.png,0.0,1.0,1.0,20.0,0.4476744186046512,0.5523255813953488,1.0,R244-F0-gtfree-merge-targeted-candidates,0.0,val
1.0,0.36134247917687407,0.22051128718792046,0.0,0.0,0.915983917766392,0.16284825077805692,27.0,27.0,1.0,0.8449910778805173,1.0,0.9283989824521607,27.0,4.0,0.9038965136456855,2803.0,56.0,64.0,0.7820870535714286,1.1428571428571428,1.0,0.0008741966294863286,54.0,27.0,7.0,2747.0,4.0,0.6659393939393939,0.2857142857142857,1.0,0.0,2.0,1.4349126180414549,0.11320818960666656,0.39629629254341125,0.13510269522666932,3.857142857142857,0.03682948276400566,-0.001759321631652211,-0.0013117931892685786,0.0,0.0,-0.0004676925595082926,0.0,0.0,0.0,0.0,-0.0007963544662212829,0.0,-6.259336820813033e-05,0.0,-0.0008518693800283472,10.0,13436.png,0.0,1.0,1.0,14.0,0.4868421052631579,0.5131578947368421,1.0,R244-F0-gtfree-merge-targeted-candidates,0.0,val
1.0,0.3606664488729173,0.2200079713033081,0.0,0.0,0.9161571843007504,0.16284825077805692,27.0,27.0,1.0,0.8452860239791178,1.0,0.928422177948394,27.0,8.0,0.9042120208234737,3261.0,71.0,66.0,0.6959026888604354,1.0757575757575757,1.0,0.0005504201000469476,34.0,17.0,5.0,2048.0,4.0,0.5944847605224963,0.4,1.0,0.0,2.0,1.3966259227717226,0.10186896473169327,0.6347174644470215,0.11111478582024574,3.4,0.028835292905569077,-0.0024353519356089537,-0.0018151090738809383,0.0,0.0,-0.00029442602514984095,0.0,0.0,0.0,0.0,-0.0005014083676208037,0.0,-3.939787197482225e-05,0.0,-0.0005363622022400705,10.0,13436.png,0.0,1.0,1.0,23.0,0.5092592592592593,0.49074074074074076,1.0,R244-F0-gtfree-merge-targeted-candidates,0.0,val
1.0,0.3641188959660297,0.2225827384815055,0.0,0.0,0.9165108137917806,0.16183583936405566,27.0,27.0,1.0,0.8458882889262637,1.0,0.9288491446345256,27.0,9.0,0.9044959772834832,16552.0,137.0,178.0,0.6787501025178381,1.2992700729927007,1.0,0.0006961195382946691,43.0,20.0,8.0,1891.0,4.0,0.4965861344537815,0.26875,0.37209302325581395,0.627906976744186,2.8284271247461903,1.46976879107808,0.06537380069494247,0.5734610557556152,0.07922885566949844,2.5,0.02430456317961216,0.0010170951575034226,0.0007596581043164685,0.0,0.0,5.9203465880286466e-05,-0.0010124114140012686,0.0,0.0,0.0,0.0001008565795250771,0.0,0.00038756881415680233,0.0,-0.0002524057422306214,10.0,13436.png,0.0,1.0,1.0,20.0,0.4921875,0.5078125,1.0,R244-F0-gtfree-merge-targeted-candidates,0.0,val
0.0,0.36236734693877554,0.22127511091171925,0.0,0.0,0.9162784379220239,0.16284825077805692,27.0,27.0,1.0,0.8454924862481381,1.0,0.9284384058557756,27.0,10.0,0.9044328758479255,16552.0,137.0,178.0,0.6787501025178381,1.2992700729927007,1.0,0.00032377652943938097,20.0,10.0,2.0,257.0,1.0,0.08862068965517242,1.0,1.0,0.0,2.8284271247461903,1.6064495102245977,0.058164678514003754,0.5660784840583801,0.06686369553208352,5.0,0.015202085487544537,-0.0007344538697507397,-0.0005479694654697831,0.0,0.0,-0.000173172403876376,0.0,0.0,0.0,0.0,-0.00029494609860047927,0.0,-2.3169964593172665e-05,0.0,-0.00031550717778827675,10.0,13436.png,0.0,1.0,1.0,20.0,0.359375,0.640625,1.0,R244-F0-gtfree-merge-targeted-candidates,0.0,val
1.0,0.36783673469387757,0.2253676102830849,1.0,1.0,0.9169518083847654,0.16011099028834977,27.0,27.0,1.0,0.846639896067084,1.0,0.9295555483515415,28.0,12.0,0.9046852815901562,16552.0,137.0,178.0,0.6787501025178381,1.2992700729927007,1.0,0.0012465396383416166,77.0,25.0,25.0,2257.0,4.0,0.42353161944079565,0.1232,0.05194805194805195,0.948051948051948,2.8284271247461903,1.5869730104099997,0.09564545750617981,0.5899668335914612,0.12080381959676743,1.0,0.03621574863791466,0.004734933885351289,0.003544529905895877,1.0,1.0,0.0005001980588651422,-0.002737260489707155,0.0,0.0,0.0,0.00085246372034542,0.0,0.0010939725311727155,1.0,-6.310143555765535e-05,10.0,13436.png,0.0,1.0,1.0,20.0,0.4722222222222222,0.5277777777777778,1.0,R244-F0-gtfree-merge-targeted-candidates,0.0,val
1.0,0.36271670405873957,0.221535701828691,3.0,3.0,0.9168545073777437,0.16138587873561064,27.0,27.0,1.0,0.8464740089146028,1.0,0.9292890012314473,30.0,13.0,0.9047483830257138,16552.0,137.0,178.0,0.6787501025178381,1.2992700729927007,1.0,0.0008903854559582975,55.0,18.0,16.0,2520.0,4.0,0.5965909090909091,0.1909722222222222,0.0,0.7090909090909091,2.8284271247461903,1.7051002533922046,0.05852200835943222,0.5766845345497131,0.07654970586299896,1.125,0.02392324060201645,-0.0003850967497867064,-0.0002873785484980296,3.0,3.0,0.0004028970518433761,-0.001462372042446286,0.0,0.0,0.0,0.0006865765678641944,0.0,0.0008274254110784973,3.0,0.0,10.0,13436.png,0.0,1.0,1.0,20.0,0.48026315789473684,0.5197368421052632,1.0,R244-F0-gtfree-merge-targeted-candidates,0.0,val
1.0,0.36304250193932963,0.2217788197735322,0.0,0.0,0.916330395454945,0.16284825077805692,27.0,27.0,1.0,0.8455809700777183,1.0,0.9284453584209077,27.0,15.0,0.904527528001262,16552.0,137.0,178.0,0.6787501025178381,1.2992700729927007,1.0,0.00022664357060756665,14.0,7.0,2.0,521.0,2.0,0.18945454545454546,1.0,1.0,0.0,2.0,1.4581581115980782,0.0838414803147316,0.599439799785614,0.0986573003232479,3.5,0.025837205350399017,-5.929886919664451e-05,-4.426060365683715e-05,0.0,0.0,-0.00012121487095528849,0.0,0.0,0.0,0.0,-0.00020646226902032438,0.0,-1.621739946111589e-05,0.0,-0.00022085502445179372,10.0,13436.png,0.0,1.0,1.0,20.0,0.4423076923076923,0.5576923076923077,1.0,R244-F0-gtfree-merge-targeted-candidates,0.0,val
1.0,0.36191409439817085,0.22093718843469592,0.0,0.0,0.91629040636113,0.16269826390190859,27.0,27.0,1.0,0.8455128677826119,1.0,0.9284962345129161,27.0,21.0,0.9044013251301467,16552.0,137.0,178.0,0.6787501025178381,1.2992700729927007,1.0,0.0004209094882711952,26.0,9.0,8.0,1667.0,3.0,0.5222431077694235,0.3611111111111111,0.8461538461538461,0.15384615384615385,2.8284271247461903,1.5574633994801428,0.08160142600536346,0.5716440677642822,0.1010075993835926,1.125,0.02841045707464218,-0.001187706410355427,-0.0008858919424931111,0.0,0.0,-0.00016120396477026233,-0.00014998687614833917,0.0,0.0,0.0,-0.00027456456412666697,0.0,3.4658692547262504e-05,0.0,-0.0003470578955671044,10.0,13436.png,0.0,1.0,1.0,20.0,0.4523809523809524,0.5476190476190477,1.0,R244-F0-gtfree-merge-targeted-candidates,0.0,val
1.0,0.3638739180140454,0.22239968057496506,0.0,0.0,0.9165514651238983,0.16224830327346357,27.0,27.0,1.0,0.8459575472393905,1.0,0.9286998202516477,27.0,22.0,0.904716832307935,16552.0,137.0,178.0,0.6787501025178381,1.2992700729927007,1.0,0.00029139887649544285,18.0,8.0,5.0,968.0,3.0,0.3261455525606469,0.45,0.1111111111111111,0.8888888888888888,2.23606797749979,1.45161056691622,0.07312797755002975,0.5298475027084351,0.08935231193900109,1.6,0.025410940870642662,0.0007721172055191183,0.0005766001977760282,0.0,0.0,9.985479799801134e-05,-0.0005999475045933567,0.0,0.0,0.0,0.00017011489265195134,0.0,0.00023824443127884454,0.0,-3.1550717778827675e-05,10.0,13436.png,0.0,1.0,1.0,20.0,0.45588235294117646,0.5441176470588235,1.0,R244-F0-gtfree-merge-targeted-candidates,0.0,val
1.0,0.3631389841580924,0.22185083561985533,0.0,0.0,0.9164222756730408,0.16251078030672317,27.0,27.0,1.0,0.8457374631268436,1.0,0.9285841524833606,27.0,23.0,0.9045748540779303,16552.0,137.0,178.0,0.6787501025178381,1.2992700729927007,1.0,0.00032377652943938097,20.0,8.0,6.0,1512.0,4.0,0.5,0.4166666666666667,0.55,0.45,2.23606797749979,1.4682529090995875,0.07656162977218628,0.6050980687141418,0.10369705483317376,1.3333333333333333,0.025174513459205627,3.718334956614999e-05,2.7755242666294144e-05,0.0,0.0,-2.933465285948067e-05,-0.0003374704713337562,0.0,0.0,0.0,-4.996921989497416e-05,0.0,0.00012257666299175796,0.0,-0.0001735289477835522,10.0,13436.png,0.0,1.0,1.0,20.0,0.4722222222222222,0.5277777777777778,1.0,R244-F0-gtfree-merge-targeted-candidates,0.0,val
1.0,0.3629387755102041,0.2217014062032512,0.0,0.0,0.916252457287155,0.16284825077805692,27.0,27.0,1.0,0.8454482443333481,1.0,0.9284349290665285,27.0,24.0,0.9043855497712573,16552.0,137.0,178.0,0.6787501025178381,1.2992700729927007,1.0,0.00037234300885528805,23.0,9.0,8.0,1814.0,3.0,0.568295739348371,0.3194444444444444,1.0,0.0,2.8284271247461903,1.550964955276392,0.07256412506103516,0.5421994924545288,0.091826531291008,1.125,0.028961429372429848,-0.0001630252983221836,-0.00012167417393782465,0.0,0.0,-0.00019915303874529222,0.0,0.0,0.0,0.0,-0.0003391880133905012,0.0,-2.664675384034254e-05,0.0,-0.00036283325445651826,10.0,13436.png,0.0,1.0,1.0,20.0,0.44047619047619047,0.5595238095238095,1.0,R244-F0-gtfree-merge-targeted-candidates,0.0,val
1.0,0.36238925407259215,0.22129144851657942,0.0,0.0,0.9163650310425007,0.16284825077805692,27.0,27.0,1.0,0.8456399592974384,1.0,0.9284499927138485,27.0,25.0,0.9045906294368197,2803.0,56.0,64.0,0.7820870535714286,1.1428571428571428,1.0,0.00016188826471969048,10.0,2.0,5.0,1386.0,3.0,0.5230188679245283,1.0,1.0,0.0,2.0,1.4414213562373095,0.07004176080226898,0.38823530077934265,0.09024664461612701,2.5,0.01897001825273037,-0.0007125467359341275,-0.000531631860609616,0.0,0.0,-8.657928339961263e-05,0.0,0.0,0.0,0.0,-0.00014747304930018412,0.0,-1.1583106520274278e-05,0.0,-0.00015775358889413837,10.0,13436.png,0.0,1.0,1.0,14.0,0.45454545454545453,0.5454545454545454,1.0,R244-F0-gtfree-merge-targeted-candidates,0.0,val
1.0,0.3639924916347017,0.22248827696298512,0.0,0.0,0.9165248379957012,0.1624732835876861,27.0,27.0,1.0,0.8459121815955988,1.0,0.9286119071906219,27.0,26.0,0.9047483830257138,16552.0,137.0,178.0,0.6787501025178381,1.2992700729927007,1.0,0.00016188826471969048,10.0,5.0,2.0,1285.0,3.0,0.4849056603773585,1.0,0.0,1.0,3.0,1.9478708664619073,0.048892974853515625,0.5619608163833618,0.05134238973259926,2.5,0.014678404666483402,0.0008906908261754332,0.0006651965857960851,0.0,0.0,7.322766980089046e-05,-0.00037496719037083404,0.0,0.0,0.0,0.0001247492488601898,0.0,0.0001503313702531095,0.0,0.0,10.0,13436.png,0.0,1.0,1.0,20.0,0.29545454545454547,0.7045454545454546,0.0,R244-F0-gtfree-merge-targeted-candidates,1.0,val
1.0,0.36402237373943575,0.22251060643873222,0.0,0.0,0.9165248379957012,0.1624732835876861,27.0,27.0,1.0,0.8459121815955988,1.0,0.9286119071906219,27.0,27.0,0.9047483830257138,16552.0,137.0,178.0,0.6787501025178381,1.2992700729927007,1.0,0.00016188826471969048,10.0,5.0,2.0,1284.0,3.0,0.48452830188679247,1.0,0.0,1.0,2.0,1.4414213562373095,0.056786082684993744,0.5729411840438843,0.06023658812046051,2.5,0.01621178537607193,0.000920572930909469,0.0006875260615431811,0.0,0.0,7.322766980089046e-05,-0.00037496719037083404,0.0,0.0,0.0,0.0001247492488601898,0.0,0.0001503313702531095,0.0,0.0,10.0,13436.png,0.0,1.0,1.0,20.0,0.4318181818181818,0.5681818181818182,0.0,R244-F0-gtfree-merge-targeted-candidates,1.0,val
1.0,0.36195843031565195,0.22097023483073241,0.0,0.0,0.9162870978568346,0.16284825077805692,27.0,27.0,1.0,0.8455072335530682,1.0,0.9284395647104547,27.0,29.0,0.904448651206815,16552.0,137.0,178.0,0.6787501025178381,1.2992700729927007,1.0,0.0003075877029674119,19.0,7.0,8.0,1846.0,4.0,0.5993506493506493,0.3392857142857143,1.0,0.0,2.23606797749979,1.4060408759009928,0.07204698771238327,0.6119710803031921,0.08797367066144943,1.1428571428571428,0.021759122610092163,-0.0011433704928743293,-0.0008528455464566209,0.0,0.0,-0.00016451246906568073,0.0,0.0,0.0,0.0,-0.00028019879367036093,0.0,-2.2011109914066296e-05,0.0,-0.0002997318188988629,10.0,13436.png,0.0,1.0,1.0,20.0,0.4868421052631579,0.5131578947368421,1.0,R244-F0-gtfree-merge-targeted-candidates,0.0,val
1.0,0.3631761583996734,0.22187858532448745,1.0,1.0,0.9165687802149507,0.16224830327346357,27.0,27.0,1.0,0.8459870488103491,1.0,0.9287021293822363,28.0,30.0,0.9047483830257138,16552.0,137.0,178.0,0.6787501025178381,1.2992700729927007,1.0,0.00025902122355150474,16.0,6.0,7.0,1307.0,3.0,0.44006734006734005,0.38095238095238093,0.0,1.0,2.23606797749979,1.4049192915386923,0.06900734454393387,0.5958333611488342,0.08780915290117264,1.1666666666666667,0.018932929262518883,7.435759114710061e-05,5.550494729841815e-05,1.0,1.0,0.00011716988905041692,-0.0005999475045933567,0.0,0.0,0.0,0.0001996164636105524,0.0,0.00024055356186747368,1.0,0.0,10.0,13436.png,0.0,1.0,1.0,20.0,0.4411764705882353,0.5588235294117647,0.0,R244-F0-gtfree-merge-targeted-candidates,0.0,val
1.0,0.3637774057894092,0.22232757760255514,0.0,0.0,0.9165101915255727,0.16254827702576025,27.0,27.0,1.0,0.8458872288019351,1.0,0.9285818370221653,27.0,31.0,0.9047483830257138,16552.0,137.0,178.0,0.6787501025178381,1.2992700729927007,1.0,0.00012951061177575237,8.0,4.0,2.0,1283.0,3.0,0.49346153846153845,1.0,0.0,1.0,2.0,1.426776695296637,0.05583939701318741,0.5799019932746887,0.06252638958394527,2.0,0.014860299415886402,0.0006756049808829268,0.0005044972253661073,0.0,0.0,5.8581199672391726e-05,-0.00029997375229667833,0.0,0.0,0.0,9.979645519653246e-05,0.0,0.00012026120179653432,0.0,0.0,10.0,13436.png,0.0,1.0,1.0,20.0,0.425,0.575,0.0,R244-F0-gtfree-merge-targeted-candidates,1.0,val
1.0,0.36369574980606706,0.2222665801686711,0.0,0.0,0.9165101915255727,0.16254827702576025,27.0,27.0,1.0,0.8458872288019351,1.0,0.9285818370221653,27.0,32.0,0.9047483830257138,16552.0,137.0,178.0,0.6787501025178381,1.2992700729927007,1.0,0.00012951061177575237,8.0,4.0,2.0,1330.0,3.0,0.5115384615384615,1.0,0.0,1.0,2.0,1.426776695296637,0.06982031464576721,0.5892156958580017,0.09382206350564956,2.0,0.019484907388687134,0.000593948997540783,0.0004434997914820604,0.0,0.0,5.8581199672391726e-05,-0.00029997375229667833,0.0,0.0,0.0,9.979645519653246e-05,0.0,0.00012026120179653432,0.0,0.0,10.0,13436.png,0.0,1.0,1.0,20.0,0.425,0.575,0.0,R244-F0-gtfree-merge-targeted-candidates,1.0,val
1.0,0.36262795155173116,0.22146948941469488,3.0,3.0,0.9156285481265891,0.16284825077805692,27.0,27.0,1.0,0.8443864383783863,1.0,0.9283513846552954,30.0,1.0,0.9032497239312194,6931.0,60.0,166.0,0.6958835341365461,2.7666666666666666,1.0,0.0015379385148370595,95.0,7.0,44.0,2437.0,3.0,0.4816205533596838,0.30844155844155846,1.0,0.0,2.8284271247461903,1.6004613143470345,0.1262962371110916,0.6364499926567078,0.17505632340908053,6.285714285714286,0.04741479828953743,-0.00047384925679511136,-0.00035359096249415467,3.0,3.0,-0.0008230621993111642,0.0,0.0,0.0,0.0,-0.0014009939683522488,0.0,-0.00011019116507338111,3.0,-0.0014986590944944256,12.0,13436.png,0.0,1.0,1.0,26.0,0.45454545454545453,0.5454545454545454,1.0,R244-F0-gtfree-merge-targeted-candidates,0.0,val
1.0,0.3682664054848188,0.22569027611044418,0.0,0.0,0.9170131116085705,0.15988600997412727,27.0,27.0,1.0,0.846744426398937,1.0,0.9296482412060302,27.0,2.0,0.904716832307935,16552.0,137.0,178.0,0.6787501025178381,1.2992700729927007,1.0,0.0013112949442294927,81.0,33.0,7.0,916.0,2.0,0.20561167227833896,0.35064935064935066,0.024691358024691357,0.9753086419753086,3.605551275463989,1.7682205847033794,0.0811375305056572,0.5907044410705566,0.10724819451570511,4.714285714285714,0.03315811976790428,0.005164604676292539,0.003867195733255141,0.0,0.0,0.0005615012826701848,-0.00296224080392965,0.0,0.0,0.0,0.0009569940521984011,0.0,0.0011866653856613674,0.0,-3.1550717778827675e-05,12.0,13436.png,0.0,1.0,1.0,20.0,0.4375,0.5625,1.0,R244-F0-gtfree-merge-targeted-candidates,0.0,val
1.0,0.3622715404699739,0.22120366679952172,0.0,0.0,0.9159405924765391,0.16284825077805692,27.0,27.0,1.0,0.8449173413558673,1.0,0.9283931812289344,27.0,3.0,0.9038176368512384,16552.0,137.0,178.0,0.6787501025178381,1.2992700729927007,1.0,0.0009551407618461738,59.0,26.0,5.0,574.0,2.0,0.1463539010708822,0.45384615384615384,1.0,0.0,3.605551275463989,1.7235925221897306,0.06782233715057373,0.586573600769043,0.09833519160747528,5.2,0.02914314717054367,-0.0008302603385523799,-0.000619413577667316,0.0,0.0,-0.0005110178493611395,0.0,0.0,0.0,0.0,-0.0008700909908713195,0.0,-6.83945914343731e-05,0.0,-0.0009307461744754164,12.0,13436.png,0.0,1.0,1.0,20.0,0.4014084507042254,0.5985915492957746,1.0,R244-F0-gtfree-merge-targeted-candidates,0.0,val
1.0,0.3593450120462248,0.21902533724924086,0.0,0.0,0.9159358186164387,0.1624732835876861,27.0,27.0,1.0,0.8449092169501025,1.0,0.9285332209488921,27.0,4.0,0.9036756586212337,3866.0,64.0,72.0,0.8389756944444444,1.125,1.0,0.0012627284648135857,78.0,35.0,9.0,3068.0,4.0,0.6484886916085394,0.24761904761904763,0.8717948717948718,0.1282051282051282,2.23606797749979,1.4912295230975694,0.08855824917554855,0.3966817259788513,0.11926236003637314,3.888888888888889,0.034002840518951416,-0.003756788762301455,-0.0027977431279481713,0.0,0.0,-0.0005157917094615883,-0.00037496719037083404,0.0,0.0,0.0,-0.0008782153966361284,0.0,7.164512852331217e-05,0.0,-0.001072724404480141,12.0,13436.png,0.0,1.0,1.0,11.0,0.5153061224489796,0.4846938775510204,1.0,R244-F0-gtfree-merge-targeted-candidates,0.0,val
1.0,0.36230759808925,0.22123055444754686,0.0,0.0,0.9162091534607179,0.16284825077805692,27.0,27.0,1.0,0.8453745078086979,1.0,0.9284291336669744,27.0,6.0,0.9043066729768102,16552.0,137.0,178.0,0.6787501025178381,1.2992700729927007,1.0,0.0004532871412151333,28.0,14.0,2.0,1086.0,3.0,0.3503225806451613,1.0,1.0,0.0,2.0,1.479079055799039,0.08404333889484406,0.6163865327835083,0.11515270546078682,7.0,0.02663974091410637,-0.0007942027192762713,-0.0005925259296421792,0.0,0.0,-0.0002424568651824277,0.0,0.0,0.0,0.0,-0.00041292453804064877,0.0,-3.2442153394374174e-05,0.0,-0.00044171004890358745,12.0,13436.png,0.0,1.0,1.0,20.0,0.475,0.525,1.0,R244-F0-gtfree-merge-targeted-candidates,0.0,val
1.0,0.3591146684090167,0.21885421332935145,0.0,0.0,0.9159912394289642,0.16281075405901985,27.0,27.0,1.0,0.8450035394053799,1.0,0.9284140255363277,27.0,7.0,0.9038965136456855,3261.0,71.0,66.0,0.6959026888604354,1.0757575757575757,1.0,0.0008903854559582975,55.0,25.0,9.0,2488.0,4.0,0.5979331891372266,0.24444444444444444,0.9818181818181818,0.01818181818181818,2.23606797749979,1.4391073206541105,0.10757545381784439,0.6449910998344421,0.13819060623645782,2.7777777777777777,0.0342516228556633,-0.003987132399509596,-0.002968867047837581,0.0,0.0,-0.0004603708969360687,-3.749671903707785e-05,0.0,0.0,0.0,-0.0007838929413587215,0.0,-4.755028404113126e-05,0.0,-0.0008518693800283472,12.0,13436.png,0.0,1.0,1.0,23.0,0.5060975609756098,0.49390243902439024,1.0,R244-F0-gtfree-merge-targeted-candidates,0.0,val
1.0,0.36399265156154315,0.2224883964665369,0.0,0.0,0.9164848339527635,0.16183583936405566,27.0,27.0,1.0,0.8458440293883331,1.0,0.9288456865127582,27.0,9.0,0.904448651206815,16552.0,137.0,178.0,0.6787501025178381,1.2992700729927007,1.0,0.0007446860177105761,46.0,20.0,8.0,1894.0,4.0,0.49737394957983194,0.2875,0.41304347826086957,0.5869565217391305,3.0,1.5621067883880395,0.06371594965457916,0.575191855430603,0.07922885566949844,2.5,0.024490930140018463,0.0008908507530168697,0.0006653160893478616,0.0,0.0,3.322362686319913e-05,-0.0010124114140012686,0.0,0.0,0.0,5.65970415945527e-05,0.0,0.00038411069238941664,0.0,-0.0002997318188988629,12.0,13436.png,0.0,1.0,1.0,20.0,0.4883720930232558,0.5116279069767442,1.0,R244-F0-gtfree-merge-targeted-candidates,0.0,val
1.0,0.36250816459830176,0.22138013562026326,0.0,0.0,0.9162264754065609,0.16284825077805692,27.0,27.0,1.0,0.845404002418558,1.0,0.9284314519394283,27.0,10.0,0.904338223694589,2245.0,68.0,47.0,0.7024405506883604,1.446808510638298,1.0,0.0004209094882711952,26.0,13.0,3.0,1784.0,4.0,0.5734490517518482,0.6666666666666666,1.0,0.0,2.0,1.477469752398965,0.11551057547330856,0.5416289567947388,0.14819864183664322,4.333333333333333,0.03612770140171051,-0.000593636210224513,-0.00044294475692577273,0.0,0.0,-0.0002251349193393981,0.0,0.0,0.0,0.0,-0.00038342992818063415,0.0,-3.012388094048024e-05,0.0,-0.0004101593311247598,12.0,13436.png,0.0,1.0,1.0,21.0,0.4625,0.5375,1.0,R244-F0-gtfree-merge-targeted-candidates,0.0,val
1.0,0.36250765774964266,0.22137975756971118,0.0,0.0,0.9160099112780753,0.16284825077805692,27.0,27.0,1.0,0.8450353197953074,1.0,0.928402462734932,27.0,11.0,0.9039438397223537,6931.0,60.0,166.0,0.6958835341365461,2.7666666666666666,1.0,0.0008256301500704214,51.0,9.0,19.0,2692.0,4.0,0.7048965697826656,0.2982456140350877,1.0,0.0,2.8284271247461903,1.5542069238941847,0.10413952171802521,0.6349096894264221,0.14055921137332916,2.111111111111111,0.034383174031972885,-0.0005941430588836116,-0.00044332280747785835,0.0,0.0,-0.0004416990478249838,0.0,0.0,0.0,0.0,-0.00075211255143115,0.0,-5.911308543682381e-05,0.0,-0.0008045433033601057,12.0,13436.png,0.0,1.0,1.0,26.0,0.546875,0.453125,1.0,R244-F0-gtfree-merge-targeted-candidates,0.0,val
1.0,0.36363636363636365,0.2222222222222222,1.0,1.0,0.9170011032409702,0.16071093779294313,27.0,27.0,1.0,0.8467239495674255,1.0,0.9295902489626556,28.0,12.0,0.9047483830257138,16552.0,137.0,178.0,0.6787501025178381,1.2992700729927007,1.0,0.0012141619853976784,75.0,24.0,19.0,2853.0,4.0,0.5914179104477612,0.16447368421052633,0.0,0.76,3.605551275463989,1.7161728778565013,0.05699698254466057,0.5784574747085571,0.0734450995922089,1.263157894736842,0.02442205138504505,0.0005345628278373704,0.00039914184503317407,1.0,1.0,0.0005494929150698935,-0.0021373129851137984,0.0,0.0,0.0,0.0009365172206868833,0.0,0.001128673142286818,1.0,0.0,12.0,13436.png,0.0,1.0,1.0,20.0,0.5053191489361702,0.4946808510638298,0.0,R244-F0-gtfree-merge-targeted-candidates,0.0,val
1.0,0.36777668952007836,0.22532253225322532,1.0,1.0,0.9169771495274798,0.15984851325509017,27.0,27.0,1.0,0.8466831047261882,1.0,0.9296576097529343,28.0,13.0,0.9046379555134879,16552.0,137.0,178.0,0.6787501025178381,1.2992700729927007,1.0,0.001408427903061307,87.0,27.0,27.0,2343.0,4.0,0.4165333333333333,0.11934156378600823,0.08045977011494253,0.9195402298850575,3.605551275463989,1.682303147924191,0.0911417305469513,0.5939598083496094,0.12062367051839828,1.0,0.03689219430088997,0.004674888711552083,0.003499451876036286,1.0,1.0,0.0005255392015794946,-0.0029997375229667556,0.0,0.0,0.0,0.0008956723794496524,0.0,0.00119603393256551,1.0,-0.00011042751222589686,12.0,13436.png,0.0,1.0,1.0,20.0,0.4698275862068966,0.5301724137931034,1.0,R244-F0-gtfree-merge-targeted-candidates,0.0,val
1.0,0.3628203035743431,0.22161299970092713,1.0,1.0,0.9160618945618466,0.16284825077805692,27.0,27.0,1.0,0.8451238036248876,1.0,0.9284094222855847,28.0,14.0,0.9040384918756902,6931.0,60.0,166.0,0.6958835341365461,2.7666666666666666,1.0,0.0007284971912386071,45.0,18.0,10.0,2248.0,4.0,0.587251828631139,0.25,1.0,0.0,2.8284271247461903,1.6376468089520253,0.08469460904598236,0.4852288067340851,0.10713500678539277,1.8,0.031841814517974854,-0.0002814972341831923,-0.00021008067626190896,1.0,1.0,-0.00038971576405366637,0.0,0.0,0.0,0.0,-0.0006636287218509951,0.0,-5.215353478416063e-05,1.0,-0.0007098911500236227,12.0,13436.png,0.0,1.0,1.0,26.0,0.4375,0.5625,1.0,R244-F0-gtfree-merge-targeted-candidates,0.0,val
1.0,0.36178115178972287,0.22083810852558672,0.0,0.0,0.916030534351145,0.16269826390190859,27.0,27.0,1.0,0.8450704225352113,1.0,0.9284614761403225,27.0,15.0,0.9039280643634643,16552.0,137.0,178.0,0.6787501025178381,1.2992700729927007,1.0,0.0009065742824302666,56.0,20.0,18.0,2522.0,3.0,0.5619429590017825,0.15555555555555556,0.9285714285714286,0.07142857142857142,2.8284271247461903,1.5661227395551123,0.07552070170640945,0.5590336322784424,0.09717526286840439,1.1111111111111112,0.031187476590275764,-0.0013206490188034103,-0.0009849718516023176,0.0,0.0,-0.0004210759747552695,-0.00014998687614833917,0.0,0.0,0.0,-0.000717009811527336,0.0,-9.968004632820993e-08,0.0,-0.0008203186622495195,12.0,13436.png,0.0,1.0,1.0,20.0,0.47619047619047616,0.5238095238095238,1.0,R244-F0-gtfree-merge-targeted-candidates,0.0,val
1.0,0.360615585581908,0.21997011952191234,0.0,0.0,0.9160445673545726,0.16284825077805692,27.0,27.0,1.0,0.8450943090150275,1.0,0.9284071025857041,27.0,16.0,0.9040069411579114,3261.0,71.0,66.0,0.6959026888604354,1.0757575757575757,1.0,0.0007608748441825452,47.0,18.0,16.0,1812.0,4.0,0.4289772727272727,0.16319444444444445,1.0,0.0,2.23606797749979,1.5116174290551891,0.11610553413629532,0.6448060870170593,0.14578482806682586,1.125,0.038216251879930496,-0.0024862152266182935,-0.0018529608552766974,0.0,0.0,-0.00040704297132765355,0.0,0.0,0.0,0.0,-0.0006931233317111207,0.0,-5.447323466467591e-05,0.0,-0.0007414418678024504,12.0,13436.png,0.0,1.0,1.0,23.0,0.46710526315789475,0.5328947368421053,1.0,R244-F0-gtfree-merge-targeted-candidates,0.0,val
1.0,0.3642673416894623,0.22269369009584664,0.0,0.0,0.9165541323403678,0.16232329671153775,27.0,27.0,1.0,0.8459620915996755,1.0,0.9286720533704681,27.0,17.0,0.9047483830257138,3866.0,64.0,72.0,0.8389756944444444,1.125,1.0,0.00022664357060756665,14.0,2.0,7.0,1617.0,4.0,0.588,1.0,0.0,1.0,2.0,1.4581581115980782,0.06914611905813217,0.48235297203063965,0.08827186450362207,3.5,0.02048461139202118,0.0011655408809360113,0.0008706097186576001,0.0,0.0,0.00010252201446747655,-0.0005249540665191732,0.0,0.0,0.0,0.0001746592529369151,0.0,0.00021047755009928615,0.0,0.0,12.0,13436.png,0.0,1.0,1.0,11.0,0.46153846153846156,0.5384615384615384,0.0,R244-F0-gtfree-merge-targeted-candidates,1.0,val
1.0,0.36275310254735466,0.2215628584251733,0.0,0.0,0.9162870978568346,0.16284825077805692,27.0,27.0,1.0,0.8455072335530682,1.0,0.9284395647104547,27.0,18.0,0.904448651206815,3673.0,67.0,75.0,0.7309452736318408,1.1194029850746268,1.0,0.0003075877029674119,19.0,9.0,4.0,1820.0,4.0,0.6140350877192983,0.5277777777777778,1.0,0.0,2.23606797749979,1.4804731686574717,0.08908836543560028,0.4119711220264435,0.11712830811738968,2.25,0.029986774548888206,-0.0003486982611716205,-0.00026022195201574894,0.0,0.0,-0.00016451246906568073,0.0,0.0,0.0,0.0,-0.00028019879367036093,0.0,-2.2011109914066296e-05,0.0,-0.0002997318188988629,12.0,13436.png,0.0,1.0,1.0,12.0,0.4264705882352941,0.5735294117647058,1.0,R244-F0-gtfree-merge-targeted-candidates,0.0,val
1.0,0.3638739180140454,0.22239968057496506,0.0,0.0,0.9165867536120701,0.16209831639731523,27.0,27.0,1.0,0.8460176730051485,1.0,0.9287889094030383,27.0,19.0,0.9047010569490456,16552.0,137.0,178.0,0.6787501025178381,1.2992700729927007,1.0,0.00040472066179922617,25.0,10.0,6.0,986.0,3.0,0.3148148148148148,0.4166666666666667,0.12,0.8,2.8284271247461903,1.553750673864433,0.0673728883266449,0.5353725552558899,0.08471561819314957,1.6666666666666667,0.025968249887228012,0.0007721172055191183,0.0005766001977760282,0.0,0.0,0.0001351432861698143,-0.0007499343807416958,0.0,0.0,0.0,0.00023024065840993035,0.0,0.00032733358266945345,0.0,-4.732607666824151e-05,12.0,13436.png,0.0,1.0,1.0,20.0,0.45,0.55,1.0,R244-F0-gtfree-merge-targeted-candidates,0.0,val
1.0,0.36298322243540027,0.22173457682908584,0.0,0.0,0.9163130768308761,0.16284825077805692,27.0,27.0,1.0,0.8455514754678582,1.0,0.9284430410493077,27.0,20.0,0.9044959772834832,6931.0,60.0,166.0,0.6958835341365461,2.7666666666666666,1.0,0.00025902122355150474,16.0,3.0,7.0,1338.0,3.0,0.4770053475935829,0.7619047619047619,1.0,0.0,2.8284271247461903,1.5924192915386923,0.0934215784072876,0.6404411792755127,0.11076954007148743,2.3333333333333335,0.03506786748766899,-0.00011857837312601038,-8.85035481031915e-05,0.0,0.0,-0.00013853349502412904,0.0,0.0,0.0,0.0,-0.000235956878880339,0.0,-1.8534771061062827e-05,0.0,-0.0002524057422306214,12.0,13436.png,0.0,1.0,1.0,26.0,0.4107142857142857,0.5892857142857143,1.0,R244-F0-gtfree-merge-targeted-candidates,0.0,val
1.0,0.36238925407259215,0.22129144851657942,0.0,0.0,0.9163636944761844,0.16281075405901985,27.0,27.0,1.0,0.845637682869278,1.0,0.9284638676144368,27.0,21.0,0.9045748540779303,1751.0,48.0,48.0,0.7599826388888888,1.0,1.0,0.00019426591766362857,12.0,6.0,2.0,1610.0,4.0,0.5962962962962963,1.0,0.9166666666666666,0.08333333333333333,2.0,1.4511844635310913,0.07472854107618332,0.6307189464569092,0.09871236309409141,3.0,0.020925240591168404,-0.0007125467359341275,-0.000531631860609616,0.0,0.0,-8.791584971590272e-05,-3.749671903707785e-05,0.0,0.0,0.0,-0.0001497494774606034,0.0,2.2917940679656468e-06,0.0,-0.0001735289477835522,12.0,13436.png,0.0,1.0,1.0,19.0,0.4583333333333333,0.5416666666666666,1.0,R244-F0-gtfree-merge-targeted-candidates,0.0,val
1.0,0.36304250193932963,0.2217788197735322,0.0,0.0,0.9164262826915547,0.1626232704638344,27.0,27.0,1.0,0.8457442886007994,1.0,0.9285425133992907,27.0,22.0,0.9046221801545985,16552.0,137.0,178.0,0.6787501025178381,1.2992700729927007,1.0,0.00022664357060756665,14.0,3.0,7.0,1598.0,4.0,0.5696969696969697,0.6666666666666666,0.5714285714285714,0.42857142857142855,2.0,1.4163162231961566,0.06749728322029114,0.5969187617301941,0.07829509377479553,2.3333333333333335,0.02017001062631607,-5.929886919664451e-05,-4.426060365683715e-05,0.0,0.0,-2.5327634345595484e-05,-0.00022498031422252263,0.0,0.0,0.0,-4.314374593916703e-05,0.0,8.093757892191356e-05,0.0,-0.0001262028711153107,12.0,13436.png,0.0,1.0,1.0,20.0,0.4642857142857143,0.5357142857142857,1.0,R244-F0-gtfree-merge-targeted-candidates,0.0,val
1.0,0.3630573248407643,0.22178988326848248,0.0,0.0,0.9164136167492408,0.16251078030672317,27.0,27.0,1.0,0.8457227138643068,1.0,0.928582995951417,27.0,23.0,0.9045590787190408,16552.0,137.0,178.0,0.6787501025178381,1.2992700729927007,1.0,0.00033996535591135,21.0,8.0,6.0,1513.0,4.0,0.5003306878306878,0.4375,0.5714285714285714,0.42857142857142855,2.23606797749979,1.504815531404359,0.07482930272817612,0.606909453868866,0.10293231904506683,1.3333333333333333,0.02586890384554863,-4.447596776196994e-05,-3.3197108706556344e-05,0.0,0.0,-3.799357665945635e-05,-0.0003374704713337562,0.0,0.0,0.0,-6.471848243183587e-05,0.0,0.00012142013104821103,0.0,-0.00018930430667296605,12.0,13436.png,0.0,1.0,1.0,20.0,0.4722222222222222,0.5277777777777778,1.0,R244-F0-gtfree-merge-targeted-candidates,0.0,val
1.0,0.36345824148910116,0.22208919485184075,1.0,1.0,0.9166054019498162,0.16206081967827815,27.0,27.0,1.0,0.8460494482799316,1.0,0.9287773279352227,28.0,24.0,0.9047483830257138,16552.0,137.0,178.0,0.6787501025178381,1.2992700729927007,1.0,0.00033996535591135,21.0,7.0,9.0,1400.0,3.0,0.44657097288676234,0.3333333333333333,0.0,1.0,2.23606797749979,1.4656796068745164,0.06459370255470276,0.6028011441230774,0.08780915290117264,1.2857142857142858,0.022613445296883583,0.00035644068057488765,0.00026611447465171856,1.0,1.0,0.00015379162391593315,-0.0007874310997787737,0.0,0.0,0.0,0.00026201593319297167,0.0,0.00031575211485390664,1.0,0.0,12.0,13436.png,0.0,1.0,1.0,20.0,0.4375,0.5625,0.0,R244-F0-gtfree-merge-targeted-candidates,0.0,val
1.0,0.36247091005593435,0.22135234865862172,0.0,0.0,0.9163650310425007,0.16284825077805692,27.0,27.0,1.0,0.8456399592974384,1.0,0.9284499927138485,27.0,28.0,0.9045906294368197,16552.0,137.0,178.0,0.6787501025178381,1.2992700729927007,1.0,0.00016188826471969048,10.0,2.0,5.0,1384.0,3.0,0.5222641509433962,1.0,1.0,0.0,2.0,1.4414213562373095,0.06492570787668228,0.6145098209381104,0.08738171160221099,2.5,0.019999997690320015,-0.0006308907525919283,-0.00047073171856731877,0.0,0.0,-8.657928339961263e-05,0.0,0.0,0.0,0.0,-0.00014747304930018412,0.0,-1.1583106520274278e-05,0.0,-0.00015775358889413837,12.0,13436.png,0.0,1.0,1.0,20.0,0.45454545454545453,0.5454545454545454,1.0,R244-F0-gtfree-merge-targeted-candidates,0.0,val
1.0,0.36354728074473297,0.2221556886227545,0.0,0.0,0.9165394849339588,0.1623982901496119,27.0,27.0,1.0,0.8459371358614688,1.0,0.9286419793066597,27.0,29.0,0.9047483830257138,1751.0,48.0,48.0,0.7599826388888888,1.0,1.0,0.00019426591766362857,12.0,6.0,3.0,1488.0,4.0,0.5403050108932462,0.6666666666666666,0.0,1.0,2.0,1.4023689270621826,0.07749217748641968,0.6124182343482971,0.0954482913017273,2.0,0.023465780541300774,0.0004454799362066941,0.00033260824556546886,0.0,0.0,8.787460805848024e-05,-0.0004499606284450175,0.0,0.0,0.0,0.00014970351473020393,0.0,0.0001804034862908921,0.0,0.0,12.0,13436.png,0.0,1.0,1.0,19.0,0.4807692307692308,0.5192307692307693,0.0,R244-F0-gtfree-merge-targeted-candidates,1.0,val
1.0,0.36195843031565195,0.22097023483073241,0.0,0.0,0.9162697778488094,0.16284825077805692,27.0,27.0,1.0,0.8454777389432081,1.0,0.9284372469635628,27.0,30.0,0.9044171004890361,16552.0,137.0,178.0,0.6787501025178381,1.2992700729927007,1.0,0.00033996535591135,21.0,7.0,8.0,1848.0,4.0,0.6,0.375,1.0,0.0,2.23606797749979,1.4459551515234168,0.07076200097799301,0.615686297416687,0.08780915290117264,1.1428571428571428,0.02377709560096264,-0.0011433704928743293,-0.0008528455464566209,0.0,0.0,-0.0001818324770909152,0.0,0.0,0.0,0.0,-0.0003096934035304866,0.0,-2.4328856806032917e-05,0.0,-0.0003312825366776906,12.0,13436.png,0.0,1.0,1.0,20.0,0.4868421052631579,0.5131578947368421,1.0,R244-F0-gtfree-merge-targeted-candidates,0.0,val
1.0,0.3628055000204007,0.22160195384538703,1.0,1.0,0.9163390545594017,0.16284825077805692,27.0,27.0,1.0,0.8455957173826483,1.0,0.9284465170504226,28.0,31.0,0.9045433033601514,6931.0,60.0,166.0,0.6958835341365461,2.7666666666666666,1.0,0.0002104547441355976,13.0,4.0,6.0,1702.0,4.0,0.6061253561253561,0.5416666666666666,1.0,0.0,2.8284271247461903,1.8428782560952424,0.08052997291088104,0.5140271782875061,0.09436117708683014,1.5,0.024536600336432457,-0.0002963007881255919,-0.00022112653180200725,1.0,1.0,-0.000112555766498601,0.0,0.0,0.0,0.0,-0.00019171496409031707,0.0,-1.5058769946230122e-05,1.0,-0.0002050796655623799,12.0,13436.png,0.0,1.0,1.0,26.0,0.375,0.625,1.0,R244-F0-gtfree-merge-targeted-candidates,0.0,val
1.0,0.36418568570612014,0.2226326561174063,0.0,0.0,0.9165394849339588,0.1623982901496119,27.0,27.0,1.0,0.8459371358614688,1.0,0.9286419793066597,27.0,32.0,0.9047483830257138,2245.0,68.0,47.0,0.7024405506883604,1.446808510638298,1.0,0.00019426591766362857,12.0,6.0,4.0,1521.0,4.0,0.5416666666666666,0.5,0.0,1.0,2.0,1.3535533905932737,0.09853949397802353,0.5235294699668884,0.11766251921653748,1.5,0.02676549181342125,0.0010838848975938675,0.0008095757402172554,0.0,0.0,8.787460805848024e-05,-0.0004499606284450175,0.0,0.0,0.0,0.00014970351473020393,0.0,0.0001804034862908921,0.0,0.0,12.0,13436.png,0.0,1.0,1.0,21.0,0.42857142857142855,0.5714285714285714,0.0,R244-F0-gtfree-merge-targeted-candidates,1.0,val
1.0,0.3637699497938691,0.2223220076834805,0.0,0.0,0.9165101915255727,0.16254827702576025,27.0,27.0,1.0,0.8458872288019351,1.0,0.9285818370221653,27.0,33.0,0.9047483830257138,16552.0,137.0,178.0,0.6787501025178381,1.2992700729927007,1.0,0.00012951061177575237,8.0,4.0,2.0,1261.0,3.0,0.485,1.0,0.0,1.0,2.8284271247461903,1.7366152783740212,0.04764541983604431,0.5632352828979492,0.05144796296954155,2.0,0.014266305603086948,0.0006681489853428424,0.0004989273062914745,0.0,0.0,5.8581199672391726e-05,-0.00029997375229667833,0.0,0.0,0.0,9.979645519653246e-05,0.0,0.00012026120179653432,0.0,0.0,12.0,13436.png,0.0,1.0,1.0,20.0,0.35,0.65,0.0,R244-F0-gtfree-merge-targeted-candidates,1.0,val
1.0,0.3629387755102041,0.2217014062032512,0.0,0.0,0.9163823480060406,0.16284825077805692,27.0,27.0,1.0,0.8456694539072984,1.0,0.9284523096352185,27.0,36.0,0.9046221801545985,6931.0,60.0,166.0,0.6958835341365461,2.7666666666666666,1.0,0.00012951061177575237,8.0,4.0,2.0,1563.0,4.0,0.6011538461538461,1.0,1.0,0.0,2.23606797749979,1.5812851924841107,0.06618769466876984,0.47647058963775635,0.08092805743217468,2.0,0.013725489377975464,-0.0001630252983221836,-0.00012167417393782465,0.0,0.0,-6.926231985970865e-05,0.0,0.0,0.0,0.0,-0.0001179784394401695,0.0,-9.266185150291761e-06,0.0,-0.0001262028711153107,12.0,13436.png,0.0,1.0,1.0,26.0,0.325,0.675,1.0,R244-F0-gtfree-merge-targeted-candidates,0.0,val
1.0,0.36298322243540027,0.22173457682908584,0.0,0.0,0.9163823480060406,0.16284825077805692,27.0,27.0,1.0,0.8456694539072984,1.0,0.9284523096352185,27.0,37.0,0.9046221801545985,6931.0,60.0,166.0,0.6958835341365461,2.7666666666666666,1.0,0.00012951061177575237,8.0,2.0,4.0,1480.0,4.0,0.5692307692307692,1.0,1.0,0.0,2.0,1.5,0.08965727686882019,0.5936274528503418,0.12392486035823821,2.0,0.022607553750276566,-0.00011857837312601038,-8.85035481031915e-05,0.0,0.0,-6.926231985970865e-05,0.0,0.0,0.0,0.0,-0.0001179784394401695,0.0,-9.266185150291761e-06,0.0,-0.0001262028711153107,12.0,13436.png,0.0,1.0,1.0,26.0,0.4,0.6,1.0,R244-F0-gtfree-merge-targeted-candidates,0.0,val
1.0,0.3638739180140454,0.22239968057496506,0.0,0.0,0.9165308275002397,0.1623982901496119,27.0,27.0,1.0,0.8459223859462808,1.0,0.9286408238608763,27.0,38.0,0.9047326076668244,3866.0,64.0,72.0,0.8389756944444444,1.125,1.0,0.0002104547441355976,13.0,5.0,5.0,1621.0,4.0,0.5770736917052331,0.52,0.07692307692307693,0.9230769230769231,2.23606797749979,1.421439128047621,0.06469955295324326,0.3610859513282776,0.08555429577827454,1.0,0.022941961884498596,0.0007721172055191183,0.0005766001977760282,0.0,0.0,7.921717433945208e-05,-0.0004499606284450175,0.0,0.0,0.0,0.00013495359954218689,0.0,0.00017924804050750698,0.0,-1.5775358889413837e-05,12.0,13436.png,0.0,1.0,1.0,11.0,0.4642857142857143,0.5357142857142857,1.0,R244-F0-gtfree-merge-targeted-candidates,0.0,val
1.0,0.3628423329660014,0.2216294375747906,0.0,0.0,0.9163823480060406,0.16284825077805692,27.0,27.0,1.0,0.8456694539072984,1.0,0.9284523096352185,27.0,39.0,0.9046221801545985,3673.0,67.0,75.0,0.7309452736318408,1.1194029850746268,1.0,0.00012951061177575237,8.0,4.0,4.0,1623.0,4.0,0.6002218934911243,0.5,1.0,0.0,2.23606797749979,1.589347080264858,0.07269858568906784,0.3950980603694916,0.08345717042684556,1.0,0.017728568986058235,-0.0002594678425248964,-0.0001936428023984471,0.0,0.0,-6.926231985970865e-05,0.0,0.0,0.0,0.0,-0.0001179784394401695,0.0,-9.266185150291761e-06,0.0,-0.0001262028711153107,12.0,13436.png,0.0,1.0,1.0,12.0,0.3125,0.6875,1.0,R244-F0-gtfree-merge-targeted-candidates,0.0,val
1.0,0.4866615265998458,0.3215814143060933,0.0,0.0,0.9164554607389495,0.06452467704537926,23.0,23.0,0.0,0.8457939914163091,0.0,0.9518450540958269,23.0,1.0,0.8836031027216069,3938.0,81.0,62.0,0.7841497411389885,1.3064516129032258,1.0,0.0004827652795210968,10.0,5.0,2.0,613.0,3.0,0.23132075471698113,1.0,0.0,1.0,2.0,1.4414213562373095,0.03648298606276512,0.7478431463241577,0.04387962147593498,2.5,0.024493325501680374,0.0015466106658645895,0.0013492587211223483,0.0,0.0,0.0002130449498428666,-0.0006624710168930126,0.0,0.0,0.0,0.0003628459851636734,0.0,0.00045951774360131203,0.0,0.0,8.0,13441.png,0.0,1.0,1.0,19.0,0.4090909090909091,0.5909090909090909,0.0,R244-F0-gtfree-merge-targeted-candidates,1.0,val
1.0,0.4865073245952197,0.3214467651553744,0.0,0.0,0.9164128438233858,0.06465717124875786,23.0,23.0,0.0,0.8457213973049523,0.0,0.9517531150391191,23.0,2.0,0.8836031027216069,3938.0,81.0,62.0,0.7841497411389885,1.3064516129032258,1.0,0.0003862122236168775,8.0,4.0,2.0,777.0,3.0,0.2988461538461539,1.0,0.0,1.0,2.0,1.426776695296637,0.03181847929954529,0.7475490570068359,0.03706932850182056,2.0,0.019699539989233017,0.00139240866123852,0.0012146095704034243,0.0,0.0,0.00017042803427924635,-0.0005299768135144101,0.0,0.0,0.0,0.00029025187380693485,0.0,0.0003675786868935216,0.0,0.0,8.0,13441.png,0.0,1.0,1.0,19.0,0.4,0.6,0.0,R244-F0-gtfree-merge-targeted-candidates,1.0,val
1.0,0.48419916756590103,0.3194345571036306,0.0,0.0,0.915940006975933,0.06518714806227227,23.0,23.0,0.0,0.8449163449163449,0.0,0.951357356777123,23.0,1.0,0.8830650585123078,3186.0,38.0,102.0,0.8219814241486069,2.6842105263157894,1.0,0.0005793183354253162,12.0,2.0,6.0,1264.0,3.0,0.46814814814814815,1.0,1.0,0.0,2.0,1.5,0.0770389661192894,0.8042483925819397,0.09604485630989075,3.0,0.06257039308547974,-0.0009157483680801715,-0.0007975984813403669,0.0,0.0,-0.0003024088131735603,0.0,0.0,0.0,0.0,-0.000514800514800462,0.0,-2.8179575102593724e-05,0.0,-0.0005380442092991489,10.0,13441.png,0.0,1.0,1.0,23.0,0.3541666666666667,0.6458333333333334,1.0,R244-F0-gtfree-merge-targeted-candidates,0.0,val
1.0,0.4843484965304549,0.3195645538711975,0.0,0.0,0.9160291142478432,0.06498840675720437,23.0,23.0,0.0,0.84506800532029,0.0,0.9514975845410628,23.0,2.0,0.8831098955297494,2616.0,59.0,62.0,0.7151448879168945,1.0508474576271187,1.0,0.0006758713913295356,14.0,7.0,3.0,1035.0,3.0,0.3689839572192513,0.6666666666666666,0.7857142857142857,0.21428571428571427,2.0,1.4163162231961566,0.045588087290525436,0.7585434317588806,0.054754343628883366,2.3333333333333335,0.03111639991402626,-0.0007664194035262861,-0.0006676017137735024,0.0,0.0,-0.00021330154126342205,-0.00019874130506790377,0.0,0.0,0.0,-0.00036314011085536446,0.0,0.00011204818883725487,0.0,-0.0004932071918575254,10.0,13441.png,0.0,1.0,1.0,20.0,0.4642857142857143,0.5357142857142857,1.0,R244-F0-gtfree-merge-targeted-candidates,0.0,val
1.0,0.4846616309542161,0.3198372329603255,0.0,0.0,0.915940006975933,0.06518714806227227,23.0,23.0,0.0,0.8449163449163449,0.0,0.951357356777123,23.0,4.0,0.8830650585123078,3186.0,38.0,102.0,0.8219814241486069,2.6842105263157894,1.0,0.0005793183354253162,12.0,3.0,6.0,1331.0,3.0,0.4832970225127088,0.6666666666666666,1.0,0.0,2.0,1.4511844635310913,0.0461244136095047,0.7777778506278992,0.05380399562418461,2.0,0.03566735237836838,-0.0004532849797651006,-0.00039492262464546624,0.0,0.0,-0.0003024088131735603,0.0,0.0,0.0,0.0,-0.000514800514800462,0.0,-2.8179575102593724e-05,0.0,-0.0005380442092991489,10.0,13441.png,0.0,1.0,1.0,23.0,0.4230769230769231,0.5769230769230769,1.0,R244-F0-gtfree-merge-targeted-candidates,0.0,val
1.0,0.48341817060003084,0.3187550854353133,0.0,0.0,0.9159652141561643,0.06518714806227227,23.0,23.0,0.0,0.8449592449592449,0.0,0.9513597063227551,23.0,6.0,0.8831098955297494,2616.0,59.0,62.0,0.7151448879168945,1.0508474576271187,1.0,0.0005310418074732066,11.0,4.0,5.0,1480.0,4.0,0.5370101596516691,0.55,1.0,0.0,2.0,1.3480388295223809,0.04226076602935791,0.7561497092247009,0.051761310547590256,1.25,0.029242204502224922,-0.0016967453339503669,-0.0014770701496577,0.0,0.0,-0.00027720163294231437,0.0,0.0,0.0,0.0,-0.00047190047190048823,0.0,-2.583002947043056e-05,0.0,-0.0004932071918575254,10.0,13441.png,0.0,1.0,1.0,20.0,0.4423076923076923,0.5576923076923077,1.0,R244-F0-gtfree-merge-targeted-candidates,0.0,val
1.0,0.4881319358816276,0.3228667550208992,1.0,1.0,0.916689924644153,0.06379595892679696,23.0,23.0,0.0,0.8461934819013268,0.0,0.9523510365824192,24.0,1.0,0.8836031027216069,3938.0,81.0,62.0,0.7841497411389885,1.3064516129032258,1.0,0.0010138070869943033,21.0,10.0,3.0,872.0,3.0,0.29479377958079783,0.7,0.0,1.0,2.23606797749979,1.5102274591485174,0.03173299506306648,0.7529411911964417,0.037712886929512024,3.3333333333333335,0.022117620334029198,0.0030170199476464155,0.0026345994359281977,1.0,1.0,0.0004475088550464079,-0.0013911891354753125,0.0,0.0,0.0,0.0007623364701814239,0.0,0.0009655002301935944,1.0,0.0,12.0,13441.png,0.0,1.0,1.0,19.0,0.463768115942029,0.5362318840579711,0.0,R244-F0-gtfree-merge-targeted-candidates,0.0,val
1.0,0.48732372659320333,0.32215995924605195,1.0,1.0,0.9166686047863805,0.06386220602848626,23.0,23.0,0.0,0.8461571489909833,0.0,0.9523050159466512,24.0,2.0,0.8836031027216069,3938.0,81.0,62.0,0.7841497411389885,1.3064516129032258,1.0,0.0009655305590421936,20.0,10.0,3.0,726.0,3.0,0.24543610547667344,0.6666666666666666,0.0,1.0,2.23606797749979,1.503224755112299,0.034374434500932693,0.7490196228027344,0.04160703681409359,3.3333333333333335,0.02362724579870701,0.002208810659222127,0.0019278036610809735,1.0,1.0,0.0004261889972738686,-0.0013249420337860113,0.0,0.0,0.0,0.0007260035598378733,0.0,0.0009194795944256207,1.0,0.0,12.0,13441.png,0.0,1.0,1.0,19.0,0.45588235294117646,0.5441176470588235,0.0,R244-F0-gtfree-merge-targeted-candidates,0.0,val
1.0,0.4843484965304549,0.3195645538711975,0.0,0.0,0.916040828663768,0.06518714806227227,23.0,23.0,0.0,0.845087945087945,0.0,0.9513667535979909,23.0,6.0,0.8832444065820741,1437.0,40.0,46.0,0.7809782608695652,1.15,1.0,0.0003862122236168775,8.0,4.0,2.0,1778.0,4.0,0.6838461538461539,1.0,1.0,0.0,2.0,1.426776695296637,0.048108767718076706,0.6828431487083435,0.05612677671015263,2.0,0.03874409943819046,-0.0007664194035262861,-0.0006676017137735024,0.0,0.0,-0.00020158712533857592,0.0,0.0,0.0,0.0,-0.000343200343200345,0.0,-1.8782754234614174e-05,0.0,-0.0003586961395327659,12.0,13441.png,0.0,1.0,1.0,12.0,0.45,0.55,1.0,R244-F0-gtfree-merge-targeted-candidates,0.0,val
1.0,0.48496530454895914,0.32010178117048343,0.0,0.0,0.9164128438233858,0.06465717124875786,23.0,23.0,0.0,0.8457213973049523,0.0,0.9517531150391191,23.0,7.0,0.8836031027216069,3938.0,81.0,62.0,0.7841497411389885,1.3064516129032258,1.0,0.0003862122236168775,8.0,4.0,2.0,711.0,3.0,0.2734615384615385,1.0,0.0,1.0,2.0,1.426776695296637,0.032347243279218674,0.7509803771972656,0.04062844738364219,2.0,0.020658142864704132,-0.00014961138502206373,-0.00013037441448754405,0.0,0.0,0.00017042803427924635,-0.0005299768135144101,0.0,0.0,0.0,0.00029025187380693485,0.0,0.0003675786868935216,0.0,0.0,12.0,13441.png,0.0,2.0,2.0,19.0,0.45,0.55,1.0,R244-F0-gtfree-merge-targeted-candidates,1.0,val
1.0,0.44630287824935533,0.2872521754732215,0.0,0.0,0.906642835865356,0.1109672646569262,25.0,25.0,0.0,0.8292284219703574,0.0,0.9263828578385618,25.0,1.0,0.8877265302947811,4349.0,87.0,60.0,0.8331417624521072,1.45,1.0,0.0005678361387142567,14.0,7.0,3.0,691.0,3.0,0.2463458110516934,0.6666666666666666,1.0,0.0,2.0,1.4581581115980782,0.04286390170454979,0.5591036677360535,0.04831857047975063,2.3333333333333335,0.01831684075295925,-0.00021783015951371,-0.0001804995716617741,0.0,0.0,-0.000303897244294804,0.0,0.0,0.0,0.0,-0.0005085730892182561,0.0,-4.1802473748076e-05,0.0,-0.0005444504938942885,8.0,13454.png,0.0,1.0,1.0,21.0,0.44642857142857145,0.5535714285714286,1.0,R244-F0-gtfree-merge-targeted-candidates,0.0,val
1.0,0.44639620800223057,0.28732950466618806,0.0,0.0,0.9067730982307738,0.1109672646569262,25.0,25.0,0.0,0.8294463818657367,0.0,0.9264007789994726,25.0,2.0,0.8879598662207357,4349.0,87.0,60.0,0.8331417624521072,1.45,1.0,0.00032447779355100387,8.0,4.0,2.0,952.0,3.0,0.36615384615384616,1.0,1.0,0.0,2.0,1.426776695296637,0.04803236573934555,0.5700980424880981,0.054505590721964835,2.0,0.020371170714497566,-0.0001245004066384725,-0.0001031703786952276,0.0,0.0,-0.0001736348788770048,0.0,0.0,0.0,0.0,-0.00029061319383894,0.0,-2.3881312837259472e-05,0.0,-0.000311114567939641,8.0,13454.png,0.0,1.0,1.0,21.0,0.45,0.55,1.0,R244-F0-gtfree-merge-targeted-candidates,0.0,val
1.0,0.4476197114379313,0.2883441091954023,0.0,0.0,0.9070908043922877,0.11047407681400653,25.0,25.0,0.0,0.8299781976744186,0.0,0.926725362113036,25.0,3.0,0.8882709807886754,4349.0,87.0,60.0,0.8331417624521072,1.45,1.0,0.00032447779355100387,8.0,4.0,4.0,1674.0,4.0,0.6190828402366864,0.5,0.0,1.0,2.0,1.3535533905932737,0.06352775543928146,0.5990196466445923,0.0748007982969284,1.0,0.025243906304240227,0.00109900302906224,0.0009114341505190304,0.0,0.0,0.00014407128263693725,-0.0004931878429196707,0.0,0.0,0.0,0.00024120261484295025,0.0,0.00030070180072616637,0.0,0.0,8.0,13454.png,0.0,1.0,1.0,21.0,0.4375,0.5625,0.0,R244-F0-gtfree-merge-targeted-candidates,1.0,val
1.0,0.4454203262233375,0.28652138821630346,0.0,0.0,0.906725976527593,0.11090561617656125,25.0,25.0,0.0,0.8293675300613943,0.0,0.9264294120034087,25.0,2.0,0.8878431982577584,2867.0,49.0,87.0,0.6725310813980765,1.7755102040816326,1.0,0.0004867166903265058,12.0,4.0,6.0,1658.0,4.0,0.5904558404558404,0.5,0.9166666666666666,0.08333333333333333,2.0,1.3535533905932737,0.056776612997055054,0.5790849924087524,0.06557054072618484,1.5,0.02327384613454342,-0.0011003821855315454,-0.000911286828579827,0.0,0.0,-0.00022075658205777948,-6.164848036495363e-05,0.0,0.0,0.0,-0.0003694649981813569,0.0,4.751691098814348e-06,0.0,-0.00042778253091702023,10.0,13454.png,0.0,1.0,1.0,24.0,0.42857142857142855,0.5714285714285714,1.0,R244-F0-gtfree-merge-targeted-candidates,0.0,val
1.0,0.4461173846368326,0.28709851067647585,0.0,0.0,0.9068525247711523,0.11084396769619628,25.0,25.0,0.0,0.8295793068371722,0.0,0.9264819247778634,25.0,4.0,0.8880376448627207,2867.0,49.0,87.0,0.6725310813980765,1.7755102040816326,1.0,0.00032447779355100387,8.0,4.0,2.0,1770.0,4.0,0.6807692307692308,1.0,0.75,0.25,2.0,1.426776695296637,0.05081668123602867,0.5323529243469238,0.06478969752788544,2.0,0.025994259864091873,-0.00040332377203644576,-0.00033416436840744135,0.0,0.0,-9.420833849849153e-05,-0.00012329696072992113,0.0,0.0,0.0,-0.0001576882224034737,0.0,5.726446555354148e-05,0.0,-0.00023333592595464747,10.0,13454.png,0.0,1.0,1.0,24.0,0.425,0.575,1.0,R244-F0-gtfree-merge-targeted-candidates,0.0,val
1.0,0.4461023567145447,0.2870860629991923,0.0,0.0,0.9068525247711523,0.11084396769619628,25.0,25.0,0.0,0.8295793068371722,0.0,0.9264819247778634,25.0,5.0,0.8880376448627207,2867.0,49.0,87.0,0.6725310813980765,1.7755102040816326,1.0,0.00032447779355100387,8.0,4.0,2.0,1810.0,4.0,0.6961538461538461,1.0,0.75,0.25,2.0,1.3535533905932737,0.0475301519036293,0.520098090171814,0.05427802689373493,2.0,0.01686018332839012,-0.00041835169432435926,-0.0003466120456909749,0.0,0.0,-9.420833849849153e-05,-0.00012329696072992113,0.0,0.0,0.0,-0.0001576882224034737,0.0,5.726446555354148e-05,0.0,-0.00023333592595464747,10.0,13454.png,0.0,1.0,1.0,24.0,0.5,0.5,1.0,R244-F0-gtfree-merge-targeted-candidates,0.0,val
1.0,0.4490137310936084,0.2895020672299119,0.0,0.0,0.9071980609143107,0.10936440416743727,25.0,25.0,0.0,0.8301578067049669,0.0,0.9273731670660872,25.0,1.0,0.8878820875787509,4349.0,87.0,60.0,0.8331417624521072,1.45,1.0,0.0014601500709795173,36.0,12.0,15.0,2388.0,4.0,0.6317460317460317,0.2,0.2777777777777778,0.7222222222222222,2.23606797749979,1.4599595413536024,0.055703792721033096,0.6082789301872253,0.07437275350093842,1.25,0.027181649580597878,0.0024930226847393877,0.0020693921850286068,0.0,0.0,0.00025132780465986215,-0.0016028604894889331,0.0,0.0,0.0,0.00042081164539120586,0.0,0.000948506753777334,0.0,-0.0003888932099245235,12.0,13454.png,0.0,1.0,1.0,21.0,0.49193548387096775,0.5080645161290323,1.0,R244-F0-gtfree-merge-targeted-candidates,0.0,val
1.0,0.4462567963195316,0.28721399730820996,0.0,0.0,0.9065994081782615,0.1109672646569262,25.0,25.0,0.0,0.8291557686718977,0.0,0.9263768821786599,25.0,2.0,0.8876487516527961,4349.0,87.0,60.0,0.8331417624521072,1.45,1.0,0.0006489555871020077,16.0,8.0,3.0,698.0,3.0,0.24439775910364145,0.6666666666666666,1.0,0.0,2.0,1.426776695296637,0.04210679605603218,0.5551470518112183,0.0482198242098093,2.6666666666666665,0.020656690001487732,-0.00026391208933745913,-0.0002186777366733339,0.0,0.0,-0.00034732493138933673,0.0,0.0,0.0,0.0,-0.0005812263876779911,0.0,-4.7778133649978294e-05,0.0,-0.000622229135879282,12.0,13454.png,0.0,1.0,1.0,21.0,0.4666666666666667,0.5333333333333333,1.0,R244-F0-gtfree-merge-targeted-candidates,0.0,val
1.0,0.44696705898739464,0.28780269058295965,2.0,2.0,0.9067938021454112,0.1102274828925467,25.0,25.0,0.0,0.8294810292193633,0.0,0.9268253065865345,27.0,3.0,0.8876098623318037,2846.0,66.0,59.0,0.7308680020544427,1.11864406779661,1.0,0.001176232001622389,29.0,12.0,9.0,1089.0,3.0,0.31842105263157894,0.26851851851851855,0.5862068965517241,0.41379310344827586,2.23606797749979,1.5505580807408028,0.0480068139731884,0.542123019695282,0.05453338399529457,1.3333333333333333,0.022270945832133293,0.00044635057852560056,0.00037001553807636256,2.0,2.0,-0.00015293096423962815,-0.000739781764379499,0.0,0.0,0.0,-0.0002559658402123688,0.0,0.0004006462742246475,2.0,-0.0006611184568716677,12.0,13454.png,0.0,1.0,1.0,20.0,0.48,0.52,1.0,R244-F0-gtfree-merge-targeted-candidates,0.0,val
1.0,0.44639620800223057,0.28732950466618806,0.0,0.0,0.906555977041171,0.1109672646569262,25.0,25.0,0.0,0.8290831153734379,0.0,0.9263709055485652,25.0,4.0,0.8875709730108112,1588.0,39.0,55.0,0.7403263403263404,1.4102564102564104,1.0,0.0007300750354897587,18.0,5.0,9.0,1793.0,4.0,0.5935120820920226,0.4,1.0,0.0,2.0,1.36982523608291,0.0700514018535614,0.5098040103912354,0.09063557758927346,1.8,0.03558342903852463,-0.0001245004066384725,-0.0001031703786952276,0.0,0.0,-0.000390756068479825,0.0,0.0,0.0,0.0,-0.0006538796861377261,0.0,-5.3754763744695566e-05,0.0,-0.0007000077778641645,12.0,13454.png,0.0,2.0,2.0,12.0,0.4583333333333333,0.5416666666666666,1.0,R244-F0-gtfree-merge-targeted-candidates,0.0,val
1.0,0.44655052264808365,0.28745738381482144,0.0,0.0,0.9068922380413416,0.11078231921583133,25.0,25.0,0.0,0.8296457765667575,0.0,0.9265224976670589,25.0,6.0,0.8880765341837131,4349.0,87.0,60.0,0.8331417624521072,1.45,1.0,0.00032447779355100387,8.0,4.0,2.0,364.0,2.0,0.14,1.0,0.625,0.375,2.0,1.5,0.038077183067798615,0.5480392575263977,0.04276885166764259,2.0,0.01672423630952835,2.981423921460946e-05,2.4708769938153186e-05,0.0,0.0,-5.4495068309234895e-05,-0.00018494544109487476,0.0,0.0,0.0,-9.121849281812366e-05,0.0,9.783735474899746e-05,0.0,-0.00019444660496226174,12.0,13454.png,0.0,1.0,1.0,21.0,0.4,0.6,1.0,R244-F0-gtfree-merge-targeted-candidates,0.0,val
1.0,0.44766550522648085,0.2883821152810199,0.0,0.0,0.9070510911220985,0.11053572529437149,25.0,25.0,0.0,0.8299117037898333,0.0,0.9266847892238407,25.0,7.0,0.888232091467683,4349.0,87.0,60.0,0.8331417624521072,1.45,1.0,0.00032447779355100387,8.0,4.0,2.0,1402.0,3.0,0.5392307692307692,1.0,0.125,0.875,2.0,1.5,0.04079543054103851,0.5833333730697632,0.04656712897121906,2.0,0.016257964074611664,0.001144796817611815,0.0009494402361366339,0.0,0.0,0.00010435801244768061,-0.00043153936255471703,0.0,0.0,0.0,0.00017470873025760003,0.0,0.0002601289115308214,0.0,-3.8889320992385734e-05,12.0,13454.png,0.0,1.0,1.0,21.0,0.4,0.6,1.0,R244-F0-gtfree-merge-targeted-candidates,0.0,val
1.0,0.4483936162798801,0.28898670499461016,0.0,0.0,0.9071988878959388,0.11010418593181678,25.0,25.0,0.0,0.8301591916842335,0.0,0.9269510165983523,25.0,11.0,0.8882709807886754,2846.0,66.0,59.0,0.7308680020544427,1.11864406779661,1.0,0.0005678361387142567,14.0,6.0,6.0,1632.0,4.0,0.5596707818930041,0.3888888888888889,0.0,1.0,2.23606797749979,1.4842336960260603,0.05431251600384712,0.5081233382225037,0.06756815537810326,1.0,0.02646133489906788,0.0018729078710110758,0.001554029949726865,0.0,0.0,0.0002521547862880391,-0.0008630787251094202,0.0,0.0,0.0,0.00042219662465781127,0.0,0.0005263562860424731,0.0,0.0,12.0,13454.png,0.0,1.0,1.0,20.0,0.453125,0.546875,0.0,R244-F0-gtfree-merge-targeted-candidates,1.0,val
1.0,0.446009062391077,0.2870087923918895,0.0,0.0,0.9068271178362921,0.11078231921583133,25.0,25.0,0.0,0.8295367847411445,0.0,0.9265135529946438,25.0,12.0,0.8879598662207357,2846.0,66.0,59.0,0.7308680020544427,1.11864406779661,1.0,0.0004461569661326303,11.0,4.0,5.0,1443.0,4.0,0.5235849056603774,0.55,0.7272727272727273,0.2727272727272727,2.23606797749979,1.4071553331471884,0.05166715756058693,0.5276292562484741,0.060942549258470535,1.25,0.024596352130174637,-0.0005116460177920223,-0.0004238826529938122,0.0,0.0,-0.00011961527335868638,-0.00018494544109487476,0.0,0.0,0.0,-0.0002002103184312043,0.0,8.889268233391867e-05,0.0,-0.000311114567939641,12.0,13454.png,0.0,1.0,1.0,20.0,0.4423076923076923,0.5576923076923077,1.0,R244-F0-gtfree-merge-targeted-candidates,0.0,val
1.0,0.446783299644525,0.28765033207682644,0.0,0.0,0.9068922380413416,0.11078231921583133,25.0,25.0,0.0,0.8296457765667575,0.0,0.9265224976670589,25.0,13.0,0.8880765341837131,1517.0,40.0,51.0,0.7436274509803922,1.275,1.0,0.00032447779355100387,8.0,4.0,4.0,1735.0,4.0,0.6416420118343196,0.5,0.625,0.375,2.0,1.3535533905932737,0.0713440328836441,0.4882352948188782,0.08782261908054352,1.0,0.036155086010694504,0.0002625912356559734,0.00021765703194315256,0.0,0.0,-5.4495068309234895e-05,-0.00018494544109487476,0.0,0.0,0.0,-9.121849281812366e-05,0.0,9.783735474899746e-05,0.0,-0.00019444660496226174,12.0,13454.png,0.0,2.0,2.0,13.0,0.4375,0.5625,1.0,R244-F0-gtfree-merge-targeted-candidates,0.0,val
1.0,0.45571056987467484,0.29509401604703867,1.0,-1.0,0.9246469728940108,0.10558419243986254,27.0,27.0,0.0,0.8598543451190521,1.0,0.9487665244092849,25.0,1.0,0.9017233533171088,13943.0,120.0,161.0,0.7216873706004141,1.3416666666666666,1.0,0.0002081382037673015,10.0,5.0,2.0,1405.0,3.0,0.530188679245283,1.0,0.8,0.2,2.0,1.3828427124746192,0.05239831656217575,0.5650980472564697,0.06108668930828571,2.5,0.018347743898630142,-0.0005675100496571606,-0.0004761083325949267,0.0,0.0,-6.850394854296393e-05,-8.59106529209619e-05,0.0,0.0,0.0,-0.00011848712002415773,0.0,3.096399717128495e-05,0.0,-0.000158287331077811,6.0,13480.png,0.0,1.0,1.0,21.0,0.5,0.5,1.0,R244-F0-gtfree-merge-targeted-candidates,0.0,val
1.0,0.45742115466452316,0.2965301618440412,1.0,-1.0,0.9248280479639661,0.10515463917525773,27.0,27.0,0.0,0.8601675724637681,1.0,0.9489725813503217,25.0,2.0,0.9018816406481867,13943.0,120.0,161.0,0.7216873706004141,1.3416666666666666,1.0,0.0002497658445207618,12.0,4.0,6.0,1599.0,4.0,0.5694444444444444,0.5,0.0,1.0,2.0,1.3535533905932737,0.06455369293689728,0.5790849328041077,0.08215886056423187,1.5,0.021970896050333977,0.0011430747401911523,0.0009600374644075926,0.0,0.0,0.0001125711214123859,-0.0005154639175257714,0.0,0.0,0.0,0.00019474022469179175,0.0,0.000237020938208099,0.0,0.0,6.0,13480.png,0.0,1.0,1.0,21.0,0.42857142857142855,0.5714285714285714,0.0,R244-F0-gtfree-merge-targeted-candidates,1.0,val
1.0,0.457137453307485,0.29629175605271224,1.0,-1.0,0.9247905212116294,0.10532646048109966,27.0,27.0,0.0,0.8601026492565477,1.0,0.9488935612132314,25.0,3.0,0.9018816406481867,13943.0,120.0,161.0,0.7216873706004141,1.3416666666666666,1.0,0.0001665105630138412,8.0,4.0,2.0,757.0,2.0,0.29115384615384615,1.0,0.0,1.0,2.0,1.426776695296637,0.05349697545170784,0.5446078777313232,0.06265904456377029,2.0,0.018749598413705826,0.0008593733831530059,0.0007216316730786487,0.0,0.0,7.504436907568302e-05,-0.0003436426116838476,0.0,0.0,0.0,0.00012981701747138974,0.0,0.00015800080111783021,0.0,0.0,6.0,13480.png,0.0,1.0,1.0,21.0,0.4,0.6,0.0,R244-F0-gtfree-merge-targeted-candidates,1.0,val
1.0,0.45571056987467484,0.29509401604703867,1.0,-1.0,0.92464850169409,0.10562714776632302,27.0,27.0,0.0,0.8598569892270249,1.0,0.9487478402065075,25.0,4.0,0.9017431392334936,13943.0,120.0,161.0,0.7216873706004141,1.3416666666666666,1.0,0.0001665105630138412,8.0,4.0,4.0,1709.0,4.0,0.6320266272189349,0.5,0.875,0.125,2.0,1.25,0.07072106003761292,0.5416667461395264,0.08439258262515067,1.0,0.02097558043897152,-0.0005675100496571606,-0.0004761083325949267,0.0,0.0,-6.697514846376595e-05,-4.295532646048095e-05,0.0,0.0,0.0,-0.00011584301205136427,0.0,1.2279794393887933e-05,0.0,-0.00013850141469307076,6.0,13480.png,0.0,1.0,1.0,21.0,0.5208333333333334,0.4791666666666667,1.0,R244-F0-gtfree-merge-targeted-candidates,0.0,val
1.0,0.45259823159487444,0.29248915235592493,1.0,-1.0,0.9240966301258627,0.1054553264604811,27.0,27.0,0.0,0.8589029981697768,1.0,0.9487692532149482,25.0,1.0,0.9006746997487188,4981.0,49.0,143.0,0.7108605680034251,2.9183673469387754,1.0,0.00137371214486419,66.0,8.0,33.0,2241.0,3.0,0.49404761904761907,0.25,0.9242424242424242,0.07575757575757576,2.0,1.437871135403207,0.12228435277938843,0.6106357574462891,0.18509957939386368,4.125,0.046514805406332016,-0.003679848329457558,-0.0030809720237086613,0.0,0.0,-0.0006188467166909906,-0.00021477663230240474,0.0,0.0,0.0,-0.0010698340692995023,0.0,3.3692802834606184e-05,0.0,-0.0012069408994678232,8.0,13480.png,0.0,2.0,2.0,24.0,0.4777777777777778,0.5222222222222223,1.0,R244-F0-gtfree-merge-targeted-candidates,0.0,val
1.0,0.45612708018154313,0.2954434100930916,1.0,-1.0,0.9241261722080136,0.1056701030927835,27.0,27.0,0.0,0.8589540412044374,1.0,0.9486778771019566,25.0,2.0,0.9008132011634119,4981.0,49.0,143.0,0.7108605680034251,2.9183673469387754,1.0,0.001123946300343428,54.0,6.0,27.0,2575.0,4.0,0.6358024691358025,0.3333333333333333,1.0,0.0,2.0,1.4566084120276368,0.12577368319034576,0.6002905368804932,0.1647323340177536,4.5,0.04878142103552818,-0.00015099974278887096,-0.00012671428654198458,0.0,0.0,-0.0005893046345400998,0.0,0.0,0.0,0.0,-0.0010187910346388662,0.0,-5.7683310156986245e-05,0.0,-0.0010684394847747525,8.0,13480.png,0.0,1.0,1.0,24.0,0.4797297297297297,0.5202702702702703,1.0,R244-F0-gtfree-merge-targeted-candidates,0.0,val
1.0,0.45610551694795065,0.29542531692081575,1.0,-1.0,0.9244972911551651,0.1056701030927835,27.0,27.0,0.0,0.859595502226247,1.0,0.9487142113482561,25.0,3.0,0.9014859223204923,4981.0,49.0,143.0,0.7108605680034251,2.9183673469387754,1.0,0.000416276407534603,20.0,3.0,10.0,1404.0,3.0,0.4746450304259635,0.6666666666666666,1.0,0.0,2.0,1.4707106781186547,0.07814580202102661,0.5509803891181946,0.10000751689076424,3.3333333333333335,0.025700490921735764,-0.00017256297638135187,-0.00014480745881784163,0.0,0.0,-0.00021818568738862787,0.0,0.0,0.0,0.0,-0.0003773300128292467,0.0,-2.1349063857534212e-05,0.0,-0.000395718327694361,8.0,13480.png,0.0,1.0,1.0,24.0,0.4411764705882353,0.5588235294117647,1.0,R244-F0-gtfree-merge-targeted-candidates,0.0,val
1.0,0.4530888122134518,0.2928990466878514,0.0,0.0,0.9242025999857925,0.1056701030927835,27.0,27.0,0.0,0.8590861067089276,1.0,0.9486853618900788,26.0,4.0,0.9009517025781049,13943.0,120.0,161.0,0.7216873706004141,1.3416666666666666,1.0,0.000978249557706317,47.0,19.0,15.0,2185.0,4.0,0.517649846008055,0.1649122807017544,1.0,0.0,2.23606797749979,1.5052224699116623,0.06461574137210846,0.5563620924949646,0.08261202573776245,1.2666666666666666,0.026233404874801636,-0.0031892677108801837,-0.0026710776917822088,-1.0,1.0,-0.0005128768567612685,0.0,0.0,0.0,0.0,-0.0008867255301486798,0.0,-5.019852203480557e-05,1.0,-0.0009299380700817927,8.0,13480.png,0.0,1.0,1.0,21.0,0.48026315789473684,0.5197368421052632,1.0,R244-F0-gtfree-merge-targeted-candidates,0.0,val
1.0,0.4547302728003404,0.29427242687553545,1.0,-1.0,0.924508202542433,0.1056701030927835,27.0,27.0,0.0,0.8596143687268886,1.0,0.9487152792237538,25.0,5.0,0.901505708236877,13943.0,120.0,161.0,0.7216873706004141,1.3416666666666666,1.0,0.00039546258715787285,19.0,5.0,9.0,1681.0,4.0,0.5564382654750083,0.4222222222222222,1.0,0.0,2.23606797749979,1.4496423035192134,0.05483929067850113,0.5550052523612976,0.06628935188055038,1.8,0.020051468163728714,-0.001547807123991607,-0.0012976975040981387,0.0,0.0,-0.0002072743001206856,0.0,0.0,0.0,0.0,-0.0003584635121877122,0.0,-2.028118835983861e-05,0.0,-0.00037593241130962074,8.0,13480.png,0.0,1.0,1.0,21.0,0.4444444444444444,0.5555555555555556,1.0,R244-F0-gtfree-merge-targeted-candidates,0.0,val
1.0,0.457356278366112,0.296475635917867,1.0,-1.0,0.9248092842071093,0.1052405498281787,27.0,27.0,0.0,0.860135109635053,1.0,0.9489330696367232,25.0,7.0,0.9018816406481867,13943.0,120.0,161.0,0.7216873706004141,1.3416666666666666,1.0,0.0002081382037673015,10.0,5.0,2.0,759.0,2.0,0.28641509433962264,1.0,0.0,1.0,2.23606797749979,1.506449510224598,0.05218448489904404,0.5462745428085327,0.0616431400179863,2.5,0.018481366336345673,0.0010781984417799761,0.0009055115382334278,0.0,0.0,9.380736455555372e-05,-0.00042955326460480947,0.0,0.0,0.0,0.00016227739597673985,0.0,0.0001975092246095933,0.0,0.0,8.0,13480.png,0.0,1.0,1.0,21.0,0.38636363636363635,0.6136363636363636,0.0,R244-F0-gtfree-merge-targeted-candidates,1.0,val
1.0,0.4557189465222942,0.2951010410287814,1.0,-1.0,0.924606395065736,0.1056701030927835,27.0,27.0,0.0,0.8597841672326617,1.0,0.9487248881024253,25.0,8.0,0.9016837814843395,4981.0,49.0,143.0,0.7108605680034251,2.9183673469387754,1.0,0.0002081382037673015,10.0,2.0,5.0,1281.0,3.0,0.48339622641509433,1.0,1.0,0.0,2.0,1.4414213562373095,0.07539455592632294,0.5909804105758667,0.09099278822541236,2.5,0.03503389656543732,-0.0005591334020377814,-0.0004690833508522174,0.0,0.0,-0.00010908177681767661,0.0,0.0,0.0,0.0,-0.00018866500641456785,0.0,-1.0672309688319892e-05,0.0,-0.0001978591638471805,8.0,13480.png,0.0,1.0,1.0,24.0,0.4318181818181818,0.5681818181818182,1.0,R244-F0-gtfree-merge-targeted-candidates,0.0,val
1.0,0.4576399394856278,0.29671407552721923,1.0,-1.0,0.9248655777619965,0.10498281786941581,27.0,27.0,0.0,0.8602325054729373,1.0,0.9490516146494826,25.0,9.0,0.9018816406481867,13943.0,120.0,161.0,0.7216873706004141,1.3416666666666666,1.0,0.0003330211260276824,16.0,5.0,7.0,1651.0,4.0,0.5663807890222985,0.45714285714285713,0.0,1.0,2.23606797749979,1.482173540132429,0.06053098291158676,0.5789215564727783,0.07783733308315277,1.4,0.02408953197300434,0.0013618595612958084,0.0011439511475856423,0.0,0.0,0.00015010091944278603,-0.0006872852233676952,0.0,0.0,0.0,0.00025967323386100194,0.0,0.0003160542373690234,0.0,0.0,8.0,13480.png,0.0,1.0,1.0,21.0,0.421875,0.578125,0.0,R244-F0-gtfree-merge-targeted-candidates,1.0,val
1.0,0.4555896951075396,0.2949926542605289,0.0,0.0,0.9245518458775908,0.1056701030927835,27.0,27.0,0.0,0.8596898347294544,1.0,0.9487195502810744,26.0,10.0,0.9015848519024159,13943.0,120.0,161.0,0.7216873706004141,1.3416666666666666,1.0,0.00031220730565095225,15.0,7.0,5.0,1344.0,4.0,0.46106346483704974,0.42857142857142855,1.0,0.0,2.23606797749979,1.4752660136327973,0.05186085030436516,0.5662745237350464,0.0597809299826622,1.4,0.015475709922611713,-0.0006883848167923978,-0.0005774701191046949,-1.0,1.0,-0.00016363096496296858,0.0,0.0,0.0,0.0,-0.0002829975096219073,0.0,-1.6010131039245756e-05,1.0,-0.00029678874577077075,8.0,13480.png,0.0,1.0,1.0,21.0,0.4375,0.5625,1.0,R244-F0-gtfree-merge-targeted-candidates,0.0,val
1.0,0.4560242103272177,0.29535709910572094,1.0,-1.0,0.924540935375875,0.1056701030927835,27.0,27.0,0.0,0.859670968228813,1.0,0.9487184825834392,25.0,11.0,0.9015650659860311,13943.0,120.0,161.0,0.7216873706004141,1.3416666666666666,1.0,0.0003330211260276824,16.0,5.0,6.0,1281.0,4.0,0.44758909853249473,0.5333333333333333,1.0,0.0,2.23606797749979,1.496927788726166,0.05643169581890106,0.6161764860153198,0.06897643953561783,1.2,0.02360587939620018,-0.0002538695971143201,-0.00021302527391264814,0.0,0.0,-0.00017454146667872372,0.0,0.0,0.0,0.0,-0.00030186401026333076,0.0,-1.7077828674438855e-05,0.0,-0.000316574662155511,8.0,13480.png,0.0,1.0,1.0,21.0,0.45,0.55,1.0,R244-F0-gtfree-merge-targeted-candidates,0.0,val
1.0,0.4559164184749208,0.2952666707488825,1.0,-1.0,0.9246282131915843,0.1056701030927835,27.0,27.0,0.0,0.8598219002339446,1.0,0.9487270229198326,25.0,12.0,0.9017233533171088,4981.0,49.0,143.0,0.7108605680034251,2.9183673469387754,1.0,0.0001665105630138412,8.0,2.0,4.0,1237.0,3.0,0.4757692307692308,1.0,1.0,0.0,2.0,1.5,0.11039356887340546,0.5588235855102539,0.1682053178548813,2.0,0.030439555644989014,-0.00036166144941118805,-0.00030345363075107157,0.0,0.0,-8.72636509694491e-05,0.0,0.0,0.0,0.0,-0.0001509320051317209,0.0,-8.537492281024406e-06,0.0,-0.000158287331077811,8.0,13480.png,0.0,1.0,1.0,24.0,0.35,0.65,1.0,R244-F0-gtfree-merge-targeted-candidates,0.0,val
1.0,0.4552545738193164,0.29471171502019833,1.0,-1.0,0.9244754677164077,0.1056701030927835,27.0,27.0,0.0,0.8595577692249642,1.0,0.9487120754638403,25.0,3.0,0.9014463504877228,2838.0,57.0,61.0,0.816220880069025,1.0701754385964912,1.0,0.0004579040482880633,22.0,11.0,2.0,1741.0,4.0,0.5901694915254238,1.0,1.0,0.0,2.0,1.5,0.07504525780677795,0.36363640427589417,0.10823798850178723,5.5,0.029398253187537193,-0.0010235061050156147,-0.0008584093594352638,0.0,0.0,-0.00024000912614607905,0.0,0.0,0.0,0.0,-0.0004150630141120937,0.0,-2.3484948273311268e-05,0.0,-0.0004352901604638415,10.0,13480.png,0.0,1.0,1.0,12.0,0.4411764705882353,0.5588235294117647,1.0,R244-F0-gtfree-merge-targeted-candidates,0.0,val
1.0,0.4524946795932845,0.29240266487378525,1.0,-1.0,0.924158928299589,0.1056701030927835,27.0,27.0,0.0,0.8590106407063618,1.0,0.948681085135642,25.0,5.0,0.900872558912566,13943.0,120.0,161.0,0.7216873706004141,1.3416666666666666,1.0,0.0010615048392132375,51.0,19.0,15.0,2189.0,4.0,0.5185974887467425,0.17894736842105263,1.0,0.0,2.8284271247461903,1.5256853174136102,0.0631009042263031,0.5565551519393921,0.08202145993709564,1.2666666666666666,0.027421778067946434,-0.003783400331047515,-0.003167459505848347,0.0,0.0,-0.0005565485429647188,0.0,0.0,0.0,0.0,-0.0009621915327144848,0.0,-5.447527647162165e-05,0.0,-0.0010090817356206427,10.0,13480.png,0.0,1.0,1.0,21.0,0.4934210526315789,0.506578947368421,1.0,R244-F0-gtfree-merge-targeted-candidates,0.0,val
0.0,0.45844161980815573,0.29738842569887197,0.0,0.0,0.9249015867862506,0.1047680412371134,27.0,27.0,0.0,0.8602948115433252,1.0,0.9491493659288258,26.0,6.0,0.9018618547318019,13943.0,120.0,161.0,0.7216873706004141,1.3416666666666666,1.0,0.0004579040482880633,22.0,11.0,4.0,864.0,1.0,0.2816166883963494,0.5,0.045454545454545456,0.9545454545454546,2.8284271247461903,1.67208383881747,0.05260173976421356,0.5509804487228394,0.06332581937313081,2.75,0.018498001620173454,0.0021635398838237285,0.0018183013192383801,-1.0,1.0,0.00018610994369683276,-0.0009020618556700999,0.0,0.0,0.0,0.0003219793042489316,0.0,0.0004138055167122179,1.0,-1.9785916384740254e-05,10.0,13480.png,0.0,1.0,1.0,21.0,0.39473684210526316,0.6052631578947368,1.0,R244-F0-gtfree-merge-targeted-candidates,0.0,val
1.0,0.45565431164901665,0.2950468376905651,1.0,-1.0,0.9246205665124584,0.1054553264604811,27.0,27.0,0.0,0.8598086756353893,1.0,0.9488204551606388,25.0,7.0,0.9016244237351853,2808.0,56.0,62.0,0.8087557603686636,1.1071428571428572,1.0,0.0003746487667811427,18.0,9.0,3.0,1763.0,4.0,0.6064671482628139,0.6666666666666666,0.7222222222222222,0.2777777777777778,2.0,1.4674563090207275,0.05162009596824646,0.3045751452445984,0.06546519920229912,3.0,0.016993463039398193,-0.0006237682753153506,-0.0005232866890684806,0.0,0.0,-9.491033009534355e-05,-0.00021477663230240474,0.0,0.0,0.0,-0.00016415660368696017,0.0,8.489474852524381e-05,0.0,-0.00025721691300140126,10.0,13480.png,0.0,1.0,1.0,11.0,0.453125,0.546875,1.0,R244-F0-gtfree-merge-targeted-candidates,0.0,val
1.0,0.45438214994800036,0.2939809150966479,1.0,-1.0,0.9244536433919767,0.1056701030927835,27.0,27.0,0.0,0.8595200362236812,1.0,0.9487099394015118,25.0,8.0,0.9014067786549534,13943.0,120.0,161.0,0.7216873706004141,1.3416666666666666,1.0,0.0004995316890415236,24.0,6.0,11.0,1745.0,4.0,0.5477087256748274,0.36363636363636365,1.0,0.0,2.8284271247461903,1.5425796846451723,0.05519089102745056,0.5576797127723694,0.06987281367182731,1.8333333333333333,0.02084278129041195,-0.001895929976331645,-0.0015892092829856708,0.0,0.0,-0.00026183345057706475,0.0,0.0,0.0,0.0,-0.00045279601539505165,0.0,-2.562101060177291e-05,0.0,-0.000474861993233211,10.0,13480.png,0.0,1.0,1.0,21.0,0.44047619047619047,0.5595238095238095,1.0,R244-F0-gtfree-merge-targeted-candidates,0.0,val
1.0,0.45526763760166444,0.29472266438104566,1.0,-1.0,0.9244754677164077,0.1056701030927835,27.0,27.0,0.0,0.8595577692249642,1.0,0.9487120754638403,25.0,9.0,0.9014463504877228,13943.0,120.0,161.0,0.7216873706004141,1.3416666666666666,1.0,0.0004579040482880633,22.0,9.0,6.0,1400.0,4.0,0.4548408057179987,0.4074074074074074,1.0,0.0,2.8284271247461903,1.5545480916526104,0.050808135420084,0.5650624632835388,0.06101646721363068,1.5,0.019244732335209846,-0.0010104423226675596,-0.0008474599985879294,0.0,0.0,-0.00024000912614607905,0.0,0.0,0.0,0.0,-0.0004150630141120937,0.0,-2.3484948273311268e-05,0.0,-0.0004352901604638415,10.0,13480.png,0.0,1.0,1.0,21.0,0.4605263157894737,0.5394736842105263,1.0,R244-F0-gtfree-merge-targeted-candidates,0.0,val
1.0,0.4587034587034587,0.297608828939301,0.0,0.0,0.9250251133907643,0.10425257731958763,27.0,27.0,0.0,0.8605085801665062,1.0,0.9493876530867283,26.0,10.0,0.9018816406481867,13943.0,120.0,161.0,0.7216873706004141,1.3416666666666666,1.0,0.000686856072432095,33.0,11.0,11.0,1861.0,4.0,0.5346164895145074,0.2727272727272727,0.0,1.0,2.8284271247461903,1.6534883696469451,0.05825097858905792,0.5768271088600159,0.07590378820896149,1.0,0.023377675563097,0.0024253787791266856,0.002038704559667426,-1.0,1.0,0.00030963654821059006,-0.0014175257731958713,0.0,0.0,0.0,0.0005357479274299415,0.0,0.000652092674614746,1.0,0.0,10.0,13480.png,0.0,1.0,1.0,21.0,0.4519230769230769,0.5480769230769231,0.0,R244-F0-gtfree-merge-targeted-candidates,1.0,val
1.0,0.4567673616035551,0.295980884695503,1.0,-1.0,0.924743836867201,0.1052405498281787,27.0,27.0,0.0,0.8600218892704834,1.0,0.9489266901247163,25.0,11.0,0.9017629251498783,2838.0,57.0,61.0,0.816220880069025,1.0701754385964912,1.0,0.0003330211260276824,16.0,4.0,8.0,1686.0,4.0,0.5789835164835165,0.5,0.375,0.625,2.0,1.426776695296637,0.09046607464551926,0.41838234663009644,0.11874592304229736,2.0,0.03358379751443863,0.0004892816792230748,0.0004107603158693962,0.0,0.0,2.836002464723375e-05,-0.00042955326460480947,0.0,0.0,0.0,4.9057031407118146e-05,0.0,0.00019112971260271117,0.0,-0.0001187154983083305,10.0,13480.png,0.0,1.0,1.0,12.0,0.4375,0.5625,1.0,R244-F0-gtfree-merge-targeted-candidates,0.0,val
1.0,0.4558350671458294,0.2951984321411073,1.0,-1.0,0.9244972911551651,0.1056701030927835,27.0,27.0,0.0,0.859595502226247,1.0,0.9487142113482561,25.0,12.0,0.9014859223204923,13943.0,120.0,161.0,0.7216873706004141,1.3416666666666666,1.0,0.000416276407534603,20.0,6.0,8.0,1337.0,4.0,0.44212962962962965,0.4166666666666667,1.0,0.0,2.23606797749979,1.4682529090995877,0.055540911853313446,0.615882396697998,0.06847626715898514,1.3333333333333333,0.021886251866817474,-0.0004430127785026161,-0.00037169223852628885,0.0,0.0,-0.00021818568738862787,0.0,0.0,0.0,0.0,-0.0003773300128292467,0.0,-2.1349063857534212e-05,0.0,-0.000395718327694361,10.0,13480.png,0.0,1.0,1.0,21.0,0.4583333333333333,0.5416666666666666,1.0,R244-F0-gtfree-merge-targeted-candidates,0.0,val
1.0,0.45600264787933237,0.29533900900349114,1.0,-1.0,0.924606395065736,0.1056701030927835,27.0,27.0,0.0,0.8597841672326617,1.0,0.9487248881024253,25.0,14.0,0.9016837814843395,2074.0,42.0,62.0,0.7964669738863287,1.4761904761904763,1.0,0.0002081382037673015,10.0,2.0,5.0,924.0,3.0,0.34867924528301886,1.0,1.0,0.0,2.0,1.4414213562373095,0.07649483531713486,0.5976470708847046,0.09099278822541236,2.5,0.028016580268740654,-0.00027543204499963503,-0.00023111537614245448,0.0,0.0,-0.00010908177681767661,0.0,0.0,0.0,0.0,-0.00018866500641456785,0.0,-1.0672309688319892e-05,0.0,-0.0001978591638471805,10.0,13480.png,0.0,2.0,2.0,23.0,0.45454545454545453,0.5454545454545454,1.0,R244-F0-gtfree-merge-targeted-candidates,0.0,val
1.0,0.4552461109272306,0.29470462197734926,1.0,-1.0,0.9245830458953861,0.10562714776632302,27.0,27.0,0.0,0.8597437880874668,1.0,0.948741437821407,25.0,16.0,0.9016244237351853,2808.0,56.0,62.0,0.8087557603686636,1.1071428571428572,1.0,0.0002913934852742221,14.0,7.0,4.0,1618.0,4.0,0.5657342657342658,0.5,0.9285714285714286,0.07142857142857142,2.0,1.3744743347942345,0.06047330051660538,0.312605082988739,0.07674277424812317,1.75,0.020984113216400146,-0.0010319689971013957,-0.000865502402284335,0.0,0.0,-0.0001324309471676388,-4.295532646048095e-05,0.0,0.0,0.0,-0.0002290441516095143,0.0,5.877409293364444e-06,0.0,-0.00025721691300140126,10.0,13480.png,0.0,1.0,1.0,11.0,0.43333333333333335,0.5666666666666667,1.0,R244-F0-gtfree-merge-targeted-candidates,0.0,val
1.0,0.45600264787933237,0.29533900900349114,1.0,-1.0,0.9246282131915843,0.1056701030927835,27.0,27.0,0.0,0.8598219002339446,1.0,0.9487270229198326,25.0,17.0,0.9017233533171088,2808.0,56.0,62.0,0.8087557603686636,1.1071428571428572,1.0,0.0001665105630138412,8.0,4.0,2.0,1523.0,4.0,0.5857692307692308,1.0,1.0,0.0,2.0,1.426776695296637,0.046519935131073,0.3803921639919281,0.05197018682956695,2.0,0.012707334011793137,-0.00027543204499963503,-0.00023111537614245448,0.0,0.0,-8.72636509694491e-05,0.0,0.0,0.0,0.0,-0.0001509320051317209,0.0,-8.537492281024406e-06,0.0,-0.000158287331077811,10.0,13480.png,0.0,1.0,1.0,11.0,0.45,0.55,1.0,R244-F0-gtfree-merge-targeted-candidates,0.0,val
1.0,0.4559164184749208,0.2952666707488825,1.0,-1.0,0.9246282131915843,0.1056701030927835,27.0,27.0,0.0,0.8598219002339446,1.0,0.9487270229198326,25.0,18.0,0.9017233533171088,2179.0,50.0,55.0,0.7923636363636364,1.1,1.0,0.0001665105630138412,8.0,4.0,2.0,1499.0,4.0,0.5765384615384616,1.0,1.0,0.0,2.0,1.5,0.05822623148560524,0.3632352948188782,0.0874552696943283,2.0,0.02092970721423626,-0.00036166144941118805,-0.00030345363075107157,0.0,0.0,-8.72636509694491e-05,0.0,0.0,0.0,0.0,-0.0001509320051317209,0.0,-8.537492281024406e-06,0.0,-0.000158287331077811,10.0,13480.png,0.0,1.0,1.0,15.0,0.4,0.6,1.0,R244-F0-gtfree-merge-targeted-candidates,0.0,val
1.0,0.4573211078551848,0.29644607843137255,0.0,0.0,0.9248280479639661,0.10515463917525773,27.0,27.0,0.0,0.8601675724637681,1.0,0.9489725813503217,26.0,20.0,0.9018816406481867,2838.0,57.0,61.0,0.816220880069025,1.0701754385964912,1.0,0.0002497658445207618,12.0,5.0,6.0,1702.0,4.0,0.5946890286512928,0.4,0.0,1.0,2.0,1.4023689270621826,0.0698523297905922,0.42908498644828796,0.10474586710333825,1.2,0.028614835813641548,0.0010430279308528134,0.0008759540517389586,-1.0,1.0,0.0001125711214123859,-0.0005154639175257714,0.0,0.0,0.0,0.00019474022469179175,0.0,0.000237020938208099,1.0,0.0,10.0,13480.png,0.0,1.0,1.0,12.0,0.38333333333333336,0.6166666666666667,0.0,R244-F0-gtfree-merge-targeted-candidates,1.0,val
0.0,0.45918511873849205,0.29801446255668584,0.0,0.0,0.9249330302784317,0.10442439862542956,27.0,27.0,0.0,0.8603492213308164,1.0,0.9493032846639312,26.0,4.0,0.9017827110662631,13943.0,120.0,161.0,0.7216873706004141,1.3416666666666666,1.0,0.0007076698928088251,34.0,16.0,5.0,876.0,1.0,0.25825471698113206,0.425,0.14705882352941177,0.8529411764705882,3.0,1.8970770910618588,0.051189009100198746,0.5561707615852356,0.06944541484117507,3.2,0.021802663803100586,0.0029070388141600456,0.002444338177052252,-1.0,1.0,0.0002175534358779263,-0.0012457044673539475,0.0,0.0,0.0,0.0003763890917400925,0.0,0.000567724251817614,1.0,-9.892958192359025e-05,12.0,13480.png,0.0,1.0,1.0,21.0,0.33,0.67,1.0,R244-F0-gtfree-merge-targeted-candidates,0.0,val
1.0,0.457137453307485,0.29629175605271224,1.0,-1.0,0.9248468124822464,0.10506872852233677,27.0,27.0,0.0,0.8602000377429704,1.0,0.9490120963544377,25.0,8.0,0.9018816406481867,13943.0,120.0,161.0,0.7216873706004141,1.3416666666666666,1.0,0.0002913934852742221,14.0,7.0,2.0,1140.0,3.0,0.41454545454545455,1.0,0.0,1.0,2.0,1.4581581115980782,0.0403965599834919,0.5661064386367798,0.0461248978972435,3.5,0.01172796543687582,0.0008593733831530059,0.0007216316730786487,0.0,0.0,0.0001313356396926979,-0.0006013745704467333,0.0,0.0,0.0,0.0002272055038941012,0.0,0.0002765359423241298,0.0,0.0,12.0,13480.png,0.0,1.0,1.0,21.0,0.46153846153846156,0.5384615384615384,0.0,R244-F0-gtfree-merge-targeted-candidates,1.0,val
1.0,0.45433919455473626,0.29394495412844035,0.0,0.0,0.9244209052445743,0.1056701030927835,27.0,27.0,0.0,0.8594634367217568,1.0,0.9487067349743846,26.0,9.0,0.9013474209057992,13943.0,120.0,161.0,0.7216873706004141,1.3416666666666666,1.0,0.000561973150171714,27.0,7.0,12.0,1807.0,4.0,0.5475757575757576,0.32142857142857145,1.0,0.0,2.8284271247461903,1.5193300900549678,0.05553518980741501,0.5583152174949646,0.07176155894994736,1.7142857142857142,0.02135026641190052,-0.0019388853695957442,-0.001625170251193242,-1.0,1.0,-0.00029457159797940946,0.0,0.0,0.0,0.0,-0.0005093955173194331,0.0,-2.882543772897428e-05,1.0,-0.0005342197423874318,12.0,13480.png,0.0,1.0,1.0,21.0,0.4782608695652174,0.5217391304347826,1.0,R244-F0-gtfree-merge-targeted-candidates,0.0,val
1.0,0.45940837349966923,0.29820256425986136,0.0,0.0,0.9251002080267898,0.10390893470790379,27.0,27.0,0.0,0.8606385589940146,1.0,0.9495458711774019,26.0,10.0,0.9018816406481867,13943.0,120.0,161.0,0.7216873706004141,1.3416666666666666,1.0,0.0008533666354459361,41.0,14.0,13.0,1945.0,4.0,0.5142781597038604,0.22527472527472528,0.0,1.0,3.1622776601683795,1.6376001809973333,0.05580177530646324,0.5768532156944275,0.0724354237318039,1.0769230769230769,0.022566040977835655,0.0031302935753372285,0.002632439880227766,-1.0,1.0,0.00038473118423609787,-0.0017611683848797188,0.0,0.0,0.0,0.0006657267549383672,0.0,0.000810310765288258,1.0,0.0,12.0,13480.png,0.0,1.0,1.0,21.0,0.47580645161290325,0.5241935483870968,0.0,R244-F0-gtfree-merge-targeted-candidates,1.0,val
1.0,0.45526763760166444,0.29472266438104566,1.0,-1.0,0.9244427308976167,0.1056701030927835,27.0,27.0,0.0,0.8595011697230398,1.0,0.9487088713036235,25.0,11.0,0.9013869927385687,13943.0,120.0,161.0,0.7216873706004141,1.3416666666666666,1.0,0.0005203455094182537,25.0,9.0,6.0,1403.0,4.0,0.4558154645873944,0.46296296296296297,1.0,0.0,3.1622776601683795,1.7104272525677593,0.049150094389915466,0.5686274766921997,0.06066030561923981,1.5,0.021074553951621056,-0.0010104423226675596,-0.0008474599985879294,0.0,0.0,-0.0002727459449369807,0.0,0.0,0.0,0.0,-0.00047166251603647513,0.0,-2.6689108490129954e-05,0.0,-0.0004946479096179512,12.0,13480.png,0.0,1.0,1.0,21.0,0.4605263157894737,0.5394736842105263,1.0,R244-F0-gtfree-merge-targeted-candidates,0.0,val
1.0,0.4556459239644411,0.29503980404164115,1.0,-1.0,0.9245784550453503,0.10549828178694158,27.0,27.0,0.0,0.8597358490566037,1.0,0.9487975013014055,25.0,12.0,0.9015650659860311,1719.0,49.0,53.0,0.6619175972275703,1.0816326530612246,1.0,0.000416276407534603,20.0,6.0,10.0,1835.0,4.0,0.5858876117496807,0.3333333333333333,0.8,0.2,2.0,1.3535533905932737,0.07855616509914398,0.43313726782798767,0.11896996274590493,1.6666666666666667,0.023772437125444412,-0.0006321559598909121,-0.0005303203379924404,0.0,0.0,-0.00013702179720342933,-0.0001718213058419238,0.0,0.0,0.0,-0.000236983182472561,0.0,6.194088929190045e-05,0.0,-0.000316574662155511,12.0,13480.png,0.0,2.0,2.0,19.0,0.4625,0.5375,1.0,R244-F0-gtfree-merge-targeted-candidates,0.0,val
1.0,0.4558350671458294,0.2951984321411073,1.0,-1.0,0.9244863795464922,0.1056701030927835,27.0,27.0,0.0,0.8595766357256056,1.0,0.9487131434282858,25.0,14.0,0.9014661364041076,13943.0,120.0,161.0,0.7216873706004141,1.3416666666666666,1.0,0.00043709022791133315,21.0,6.0,8.0,1338.0,4.0,0.44246031746031744,0.4375,1.0,0.0,2.8284271247461903,1.5330231098446638,0.05443868041038513,0.6177405118942261,0.06835122406482697,1.3333333333333333,0.02291826903820038,-0.0004430127785026161,-0.00037169223852628885,0.0,0.0,-0.00022909729606157558,0.0,0.0,0.0,0.0,-0.0003961965134706702,0.0,-2.241698382776658e-05,0.0,-0.00041550424407910125,12.0,13480.png,0.0,1.0,1.0,21.0,0.4583333333333333,0.5416666666666666,1.0,R244-F0-gtfree-merge-targeted-candidates,0.0,val
1.0,0.4569780635400908,0.29615785280960844,1.0,-1.0,0.9247671799866091,0.10528350515463918,27.0,27.0,0.0,0.8600622700254741,1.0,0.9489101242895509,25.0,19.0,0.9018222828990324,1691.0,43.0,51.0,0.7710898312813498,1.186046511627907,1.0,0.0002497658445207618,12.0,3.0,6.0,1650.0,4.0,0.599128540305011,0.6666666666666666,0.25,0.75,2.0,1.4511844635310913,0.05420609936118126,0.35424837470054626,0.07706480473279953,2.0,0.01943277008831501,0.0006999836157587924,0.0005877284299748431,0.0,0.0,5.170314405533727e-05,-0.0003865979381443285,0.0,0.0,0.0,8.943778639780575e-05,0.0,0.00017456387743730595,0.0,-5.935774915422076e-05,12.0,13480.png,0.0,2.0,2.0,17.0,0.4423076923076923,0.5576923076923077,1.0,R244-F0-gtfree-merge-targeted-candidates,0.0,val
1.0,0.45621335350860603,0.2955158049497672,1.0,-1.0,0.9245845760545377,0.1056701030927835,27.0,27.0,0.0,0.8597464342313788,1.0,0.9487227531072387,25.0,20.0,0.90164420965157,2519.0,62.0,75.0,0.5417204301075269,1.2096774193548387,1.0,0.0002497658445207618,12.0,6.0,3.0,1139.0,3.0,0.41358024691358025,0.6666666666666666,1.0,0.0,2.0,1.4023689270621826,0.06956852227449417,0.5382353067398071,0.0814199410378933,2.0,0.02511666715145111,-6.47264157259686e-05,-5.43194298663896e-05,0.0,0.0,-0.00013090078801603067,0.0,0.0,0.0,0.0,-0.00022639800769752583,0.0,-1.2807304874851155e-05,0.0,-0.000237430996616661,12.0,13480.png,0.0,2.0,2.0,20.0,0.4230769230769231,0.5769230769230769,1.0,R244-F0-gtfree-merge-targeted-candidates,0.0,val
1.0,0.4570644978248534,0.2962304627643273,1.0,-1.0,0.9248280479639661,0.10515463917525773,27.0,27.0,0.0,0.8601675724637681,1.0,0.9489725813503217,25.0,21.0,0.9018816406481867,1719.0,49.0,53.0,0.6619175972275703,1.0816326530612246,1.0,0.0002497658445207618,12.0,6.0,4.0,1671.0,4.0,0.5950854700854701,0.5,0.0,1.0,2.0,1.3535533905932737,0.10873186588287354,0.5104575753211975,0.1285439282655716,1.5,0.03579290583729744,0.0007864179005214189,0.0006603383846937039,0.0,0.0,0.0001125711214123859,-0.0005154639175257714,0.0,0.0,0.0,0.00019474022469179175,0.0,0.000237020938208099,0.0,0.0,12.0,13480.png,0.0,1.0,1.0,19.0,0.4642857142857143,0.5357142857142857,0.0,R244-F0-gtfree-merge-targeted-candidates,1.0,val
1.0,0.4561917821173578,0.2954977029096478,1.0,-1.0,0.9246687901965955,0.10558419243986254,27.0,27.0,0.0,0.8598920795441681,1.0,0.9487686574931823,25.0,24.0,0.9017629251498783,2519.0,62.0,75.0,0.5417204301075269,1.2096774193548387,1.0,0.0001665105630138412,8.0,2.0,4.0,1555.0,4.0,0.5980769230769231,1.0,0.75,0.25,2.0,1.426776695296637,0.06009962409734726,0.5514706373214722,0.06824600696563721,2.0,0.018176956102252007,-8.629780697422262e-05,-7.242146998581722e-05,0.0,0.0,-4.668664595819383e-05,-8.59106529209619e-05,0.0,0.0,0.0,-8.075269490814829e-05,0.0,3.309708106868925e-05,0.0,-0.0001187154983083305,12.0,13480.png,0.0,2.0,2.0,20.0,0.45,0.55,1.0,R244-F0-gtfree-merge-targeted-candidates,0.0,val
1.0,0.4562647754137116,0.29555895865237364,1.0,-1.0,0.9246860226834662,0.1054553264604811,27.0,27.0,0.0,0.8599218853185909,1.0,0.9488268482085233,25.0,27.0,0.9017431392334936,2519.0,62.0,75.0,0.5417204301075269,1.2096774193548387,1.0,0.0002497658445207618,12.0,6.0,5.0,1462.0,4.0,0.5108315863032844,0.4,0.5833333333333334,0.4166666666666667,2.0,1.3535533905932737,0.06715592741966248,0.5558823943138123,0.07661961168050765,1.2,0.02106512524187565,-1.330451062042659e-05,-1.1165727259954128e-05,0.0,0.0,-2.945415908750526e-05,-0.00021477663230240474,0.0,0.0,0.0,-5.0946920485350766e-05,0.0,9.12877964096559e-05,0.0,-0.00013850141469307076,12.0,13480.png,0.0,1.0,1.0,20.0,0.45,0.55,1.0,R244-F0-gtfree-merge-targeted-candidates,0.0,val
1.0,0.45588652482269504,0.2952415947088003,1.0,-1.0,0.9245845760545377,0.1056701030927835,27.0,27.0,0.0,0.8597464342313788,1.0,0.9487227531072387,25.0,28.0,0.90164420965157,2519.0,62.0,75.0,0.5417204301075269,1.2096774193548387,1.0,0.0002497658445207618,12.0,6.0,5.0,1504.0,3.0,0.5255066387141859,0.4,1.0,0.0,2.0,1.3535533905932737,0.07098393887281418,0.5241829752922058,0.09362276569008827,1.2,0.026322919875383377,-0.0003915551016369645,-0.00032852967083329965,0.0,0.0,-0.00013090078801603067,0.0,0.0,0.0,0.0,-0.00022639800769752583,0.0,-1.2807304874851155e-05,0.0,-0.000237430996616661,12.0,13480.png,0.0,2.0,2.0,20.0,0.45,0.55,1.0,R244-F0-gtfree-merge-targeted-candidates,0.0,val
1.0,0.4566564199574367,0.295887724459153,1.0,-1.0,0.9247499442066182,0.10541237113402062,27.0,27.0,0.0,0.8600324540548699,1.0,0.9488519266398817,25.0,29.0,0.9018420688154172,1719.0,49.0,53.0,0.6619175972275703,1.0816326530612246,1.0,0.0001665105630138412,8.0,4.0,4.0,1576.0,4.0,0.5828402366863905,0.5,0.25,0.75,2.0,1.25,0.12273293733596802,0.4754902124404907,0.1494938462972641,1.0,0.03949655219912529,0.0003783400331047182,0.00031760007951942004,0.0,0.0,3.446736406442774e-05,-0.0002577319587628857,0.0,0.0,0.0,5.9621815793664545e-05,0.0,0.00011636622776811656,0.0,-3.957183276948051e-05,12.0,13480.png,0.0,2.0,2.0,19.0,0.4583333333333333,0.5416666666666666,1.0,R244-F0-gtfree-merge-targeted-candidates,0.0,val
1.0,0.2628663510927586,0.15132189239332097,0.0,0.0,0.7895233422651621,0.3798724309000709,22.0,22.0,0.0,0.6522416910893558,0.0,0.6918904617012832,22.0,1.0,0.9192371913173389,3063.0,74.0,51.0,0.8116057233704292,1.4509803921568627,1.0,0.0018486729169417669,28.0,14.0,2.0,1132.0,3.0,0.36516129032258066,1.0,0.0,0.17857142857142858,2.0,1.479079055799039,0.05875469371676445,0.39621850848197937,0.06741100549697876,7.0,0.019053282216191292,-0.00010594109867717583,-7.02189755885374e-05,0.0,0.0,0.0008334270907982555,-0.00044294826364277284,0.0,0.0,0.0,0.0011368046903517115,0.0,0.0012790791580374883,0.0,0.0,10.0,13517.png,0.0,1.0,1.0,20.0,0.475,0.525,1.0,R244-F0-gtfree-merge-targeted-candidates,0.0,val
1.0,0.26379379782521145,0.15193690559035028,0.0,0.0,0.789106408660556,0.3790751240255138,22.0,22.0,0.0,0.6516727929724004,0.0,0.6912503304255881,22.0,2.0,0.9192371913173389,2070.0,54.0,49.0,0.782312925170068,1.1020408163265305,1.0,0.0009243364584708834,14.0,7.0,2.0,933.0,3.0,0.3392727272727273,1.0,0.0,1.0,2.0,1.5,0.07327872514724731,0.39971989393234253,0.08543386757373811,3.5,0.022936711087822914,0.0008215056337756987,0.0005447942214407697,0.0,0.0,0.0004164934861922154,-0.0012402551381998639,0.0,0.0,0.0,0.0005679065733963373,0.0,0.0006389478823424222,0.0,0.0,10.0,13517.png,0.0,1.0,1.0,19.0,0.40384615384615385,0.5961538461538461,0.0,R244-F0-gtfree-merge-targeted-candidates,1.0,val
1.0,0.2627604953186349,0.15125173852573018,0.0,0.0,0.7890468826613359,0.37925230333097093,22.0,22.0,0.0,0.6515916028156731,0.0,0.6911589797806265,22.0,3.0,0.9192371913173389,2070.0,54.0,49.0,0.782312925170068,1.1020408163265305,1.0,0.000792288392975043,12.0,6.0,2.0,791.0,3.0,0.292962962962963,1.0,0.0,1.0,2.0,1.5,0.06793694943189621,0.387254923582077,0.07559608668088913,3.0,0.020881813019514084,-0.00021179687280087345,-0.00014037284317933163,0.0,0.0,0.0003569674869721151,-0.0010630758327427325,0.0,0.0,0.0,0.00048671641666897525,0.0,0.000547597237380737,0.0,0.0,10.0,13517.png,0.0,2.0,2.0,19.0,0.375,0.625,1.0,R244-F0-gtfree-merge-targeted-candidates,1.0,val
1.0,0.2628398791540785,0.15130434782608695,0.0,0.0,0.7890468826613359,0.37925230333097093,22.0,22.0,0.0,0.6515916028156731,0.0,0.6911589797806265,22.0,4.0,0.9192371913173389,3063.0,74.0,51.0,0.8116057233704292,1.4509803921568627,1.0,0.000792288392975043,12.0,6.0,2.0,1125.0,4.0,0.4166666666666667,1.0,0.0,1.0,2.0,1.4511844635310913,0.05945836007595062,0.3826797306537628,0.06711389273405075,3.0,0.01963777467608452,-0.00013241303735722632,-8.776354282255538e-05,0.0,0.0,0.0003569674869721151,-0.0010630758327427325,0.0,0.0,0.0,0.00048671641666897525,0.0,0.000547597237380737,0.0,0.0,10.0,13517.png,0.0,1.0,1.0,20.0,0.4375,0.5625,1.0,R244-F0-gtfree-merge-targeted-candidates,1.0,val
1.0,0.2628663510927586,0.15132189239332097,0.0,0.0,0.7889873656420894,0.37942948263642806,22.0,22.0,0.0,0.6515104328869511,0.0,0.6910676532769556,22.0,5.0,0.9192371913173389,3063.0,74.0,51.0,0.8116057233704292,1.4509803921568627,1.0,0.0006602403274792025,10.0,5.0,2.0,813.0,4.0,0.3067924528301887,1.0,0.0,1.0,2.0,1.4414213562373095,0.06242089346051216,0.3921568691730499,0.06833448261022568,2.5,0.01921168342232704,-0.00010594109867717583,-7.02189755885374e-05,0.0,0.0,0.0002974504677255574,-0.0008858965272856012,0.0,0.0,0.0,0.000405546487946995,0.0,0.000456270733709907,0.0,0.0,10.0,13517.png,0.0,1.0,1.0,20.0,0.4090909090909091,0.5909090909090909,1.0,R244-F0-gtfree-merge-targeted-candidates,1.0,val
1.0,0.26435623614749143,0.1523101927095426,0.0,0.0,0.7889278576007844,0.3796066619418852,22.0,22.0,0.0,0.651429283178676,0.0,0.6909763509050073,22.0,6.0,0.9192371913173389,2070.0,54.0,49.0,0.782312925170068,1.1020408163265305,1.0,0.0005281922619833619,8.0,4.0,2.0,1662.0,4.0,0.6392307692307693,1.0,0.0,1.0,2.0,1.375,0.06156225875020027,0.3686274588108063,0.07001945972442628,2.0,0.02147931419312954,0.0013839439560556777,0.0009180813406330923,0.0,0.0,0.00023794242642061203,-0.0007087172218284699,0.0,0.0,0.0,0.0003243967796718872,0.0,0.0003649683617615862,0.0,0.0,10.0,13517.png,0.0,1.0,1.0,19.0,0.5,0.5,0.0,R244-F0-gtfree-merge-targeted-candidates,1.0,val
1.0,0.2656802301685162,0.15318987581761304,1.0,-1.0,0.8736319267481536,0.3171630334663801,27.0,27.0,0.0,0.7756185100541436,0.0,0.8445171849427169,27.0,1.0,0.9048258092221805,9344.0,143.0,86.0,0.75979834119369,1.6627906976744187,1.0,0.000600861234436025,36.0,18.0,3.0,1460.0,3.0,0.43374925727866903,0.6666666666666666,0.3611111111111111,0.6388888888888888,2.0,1.4674563090207275,0.06373563408851624,0.5,0.09376675263047218,6.0,0.02748986706137657,0.0009429120726517359,0.0006266236618279464,0.0,0.0,4.706996798764518e-05,-0.0008827141541296046,0.0,0.0,0.0,7.419849327272576e-05,0.0,0.0002904599702563404,0.0,-0.00023261223540360643,6.0,13840.png,0.0,1.0,1.0,20.0,0.48,0.52,1.0,R244-F0-gtfree-merge-targeted-candidates,0.0,val
1.0,0.2642114349130667,0.15221406582997868,1.0,-1.0,0.8734961091006451,0.31785385323917714,27.0,27.0,0.0,0.7754044314958215,0.0,0.8442633898757846,27.0,2.0,0.9048258092221805,9344.0,143.0,86.0,0.75979834119369,1.6627906976744187,1.0,0.0003004306172180125,18.0,9.0,5.0,1414.0,4.0,0.4680569347898047,0.4,0.7222222222222222,0.2777777777777778,2.0,1.36982523608291,0.0716189444065094,0.5130718946456909,0.10028256177902221,1.8,0.024323923513293266,-0.0005258831827977817,-0.00034918632580641096,0.0,0.0,-8.874767952082863e-05,-0.00019189438133254688,0.0,0.0,0.0,-0.00013988006504939143,0.0,3.666490332410177e-05,0.0,-0.00023261223540360643,6.0,13840.png,0.0,1.0,1.0,20.0,0.4722222222222222,0.5277777777777778,1.0,R244-F0-gtfree-merge-targeted-candidates,0.0,val
1.0,0.26462246701467385,0.15248697299857888,1.0,-1.0,0.8734292006736624,0.3180457476205097,27.0,27.0,0.0,0.7752989880404784,0.0,0.8441851146949815,27.0,3.0,0.9047721294755489,9344.0,143.0,86.0,0.75979834119369,1.6627906976744187,1.0,0.0002670494375271222,16.0,8.0,5.0,819.0,4.0,0.2759433962264151,0.4,1.0,0.0,2.0,1.3535533905932737,0.06543634831905365,0.49142158031463623,0.07865001261234283,1.6,0.020598456263542175,-0.0001148510811906367,-7.627915720620493e-05,0.0,0.0,-0.00015565610650358774,0.0,0.0,0.0,0.0,-0.00024532352039252636,0.0,-4.161027747906498e-05,0.0,-0.000286291982035225,6.0,13840.png,0.0,1.0,1.0,20.0,0.4411764705882353,0.5588235294117647,1.0,R244-F0-gtfree-merge-targeted-candidates,0.0,val
1.0,0.2643758477537096,0.1523232131861886,1.0,-1.0,0.8735177524247109,0.31789223211544365,27.0,27.0,0.0,0.7754385426889107,0.0,0.8442570951585977,27.0,4.0,0.9048794889688121,9344.0,143.0,86.0,0.75979834119369,1.6627906976744187,1.0,0.00023366825783623194,14.0,7.0,4.0,1119.0,3.0,0.39125874125874127,0.5,0.7142857142857143,0.2857142857142857,2.0,1.3744743347942345,0.05350842326879501,0.4518207013607025,0.06938431337475777,1.75,0.016583483666181564,-0.0003614703421548904,-0.0002400389695964844,0.0,0.0,-6.71043554550943e-05,-0.0001535155050660375,0.0,0.0,0.0,-0.00010576887196023232,0.0,3.0370186137163024e-05,0.0,-0.00017893248877198786,6.0,13840.png,0.0,2.0,2.0,20.0,0.45,0.55,1.0,R244-F0-gtfree-merge-targeted-candidates,0.0,val
1.0,0.2641292284927453,0.1521594999052851,1.0,-1.0,0.873468118733213,0.3180457476205097,27.0,27.0,0.0,0.7753603189205766,0.0,0.8441955193482689,27.0,5.0,0.9048437024710577,9344.0,143.0,86.0,0.75979834119369,1.6627906976744187,1.0,0.00020028707814534165,12.0,6.0,4.0,875.0,3.0,0.31160968660968663,0.5,1.0,0.0,2.0,1.3535533905932737,0.07047675549983978,0.4820261299610138,0.08053229227662087,1.5,0.019767872989177704,-0.0006080896031191996,-0.0004037522504999891,0.0,0.0,-0.00011673804695300216,0.0,0.0,0.0,0.0,-0.00018399264029433926,0.0,-3.120562419167694e-05,0.0,-0.00021471898652636323,6.0,13840.png,0.0,1.0,1.0,20.0,0.42857142857142855,0.5714285714285714,1.0,R244-F0-gtfree-merge-targeted-candidates,0.0,val
1.0,0.2646502835538752,0.15250544662309368,1.0,-1.0,0.8735070341039614,0.3180457476205097,27.0,27.0,0.0,0.7754216498006746,0.0,0.8442059226120923,27.0,6.0,0.9049152754665665,9344.0,143.0,86.0,0.75979834119369,1.6627906976744187,1.0,0.0001335247187635611,8.0,4.0,2.0,1001.0,3.0,0.385,1.0,1.0,0.0,2.0,1.5,0.03928621485829353,0.4441176652908325,0.04609561711549759,2.0,0.011048457585275173,-8.703454198927263e-05,-5.7805532691412864e-05,0.0,0.0,-7.782267620459749e-05,0.0,0.0,0.0,0.0,-0.00012266176019626318,0.0,-2.0802360368277206e-05,0.0,-0.0001431459910176125,6.0,13840.png,0.0,1.0,1.0,20.0,0.4,0.6,1.0,R244-F0-gtfree-merge-targeted-candidates,0.0,val
1.0,0.2664584531930632,0.1537075668499905,1.0,-1.0,0.8736812090105504,0.31631869818851704,27.0,27.0,0.0,0.7756962025316456,0.0,0.8447964708241428,27.0,1.0,0.9046110902356541,5520.0,50.0,147.0,0.7510204081632653,2.94,1.0,0.0011683412891811597,70.0,5.0,35.0,2145.0,3.0,0.48761082064105477,0.4,0.35714285714285715,0.6428571428571429,2.0,1.4665264892784626,0.10371042042970657,0.5219607949256897,0.1359090745449066,7.0,0.037911951541900635,0.0017211350971987338,0.0011443146942054228,0.0,0.0,9.63522303844e-05,-0.0017270494319926444,0.0,0.0,0.0,0.00015189097077472624,0.0,0.0005697458516822351,0.0,-0.00044733122192996966,8.0,13840.png,0.0,1.0,1.0,26.0,0.4666666666666667,0.5333333333333333,1.0,R244-F0-gtfree-merge-targeted-candidates,0.0,val
1.0,0.2643153697537715,0.15228306176582038,1.0,-1.0,0.8734136754351863,0.31743168560024565,27.0,27.0,0.0,0.7752745230353966,0.0,0.8443742901048974,27.0,2.0,0.9045216239912681,5143.0,72.0,91.0,0.7849511599511599,1.2638888888888888,1.0,0.0007677671328904763,46.0,23.0,3.0,1835.0,4.0,0.5067660867163767,0.6666666666666666,0.6521739130434783,0.34782608695652173,2.0,1.461796536676506,0.09271743893623352,0.4959931969642639,0.1168810985982418,7.666666666666667,0.031069938093423843,-0.0004219483420929704,-0.0002801903899647129,0.0,0.0,-0.00017118134497962068,-0.000614062020264039,0.0,0.0,0.0,-0.00026978852547432375,0.0,0.00014756513243685543,0.0,-0.0005367974663159636,8.0,13840.png,0.0,1.0,1.0,22.0,0.49166666666666664,0.5083333333333333,1.0,R244-F0-gtfree-merge-targeted-candidates,0.0,val
1.0,0.26408580939464926,0.15213068181818182,1.0,-1.0,0.8732735015418636,0.3180457476205097,27.0,27.0,0.0,0.7750536645200858,0.0,0.8441434821816238,27.0,4.0,0.9044858374935137,5520.0,50.0,147.0,0.7510204081632653,2.94,1.0,0.0005340988750542444,32.0,4.0,16.0,1663.0,3.0,0.4996995192307692,0.5,1.0,0.0,2.0,1.4633883476483185,0.06738400459289551,0.5535539388656616,0.0913296639919281,4.0,0.02063741348683834,-0.0006515087012152199,-0.0004325703376032719,0.0,0.0,-0.000311355238302391,0.0,0.0,0.0,0.0,-0.0004906470407850527,0.0,-8.324279083671282e-05,0.0,-0.000572583964070339,8.0,13840.png,0.0,1.0,1.0,26.0,0.46875,0.53125,1.0,R244-F0-gtfree-merge-targeted-candidates,0.0,val
1.0,0.2615985206492706,0.150482223903177,1.0,-1.0,0.8727671820043728,0.3180457476205097,27.0,27.0,0.0,0.7742563630788102,0.0,0.8440080227310713,27.0,5.0,0.9035553885518993,9344.0,143.0,86.0,0.75979834119369,1.6627906976744187,1.0,0.0014020095470173915,84.0,33.0,26.0,1946.0,4.0,0.324657991324658,0.0979020979020979,1.0,0.0,2.23606797749979,1.4839728337464875,0.061675649136304855,0.49220356345176697,0.08080522865056991,1.2692307692307692,0.023926736786961555,-0.0031387974465938995,-0.002081028252608086,0.0,0.0,-0.0008176747757931979,0.0,0.0,0.0,0.0,-0.0012879484820607079,0.0,-0.00021870224138920147,0.0,-0.0015030329056847647,8.0,13840.png,0.0,1.0,1.0,20.0,0.49603174603174605,0.503968253968254,1.0,R244-F0-gtfree-merge-targeted-candidates,0.0,val
1.0,0.2646611597419143,0.15251266991900725,1.0,-1.0,0.8733318937594472,0.3180457476205097,27.0,27.0,0.0,0.7751456608402331,0.0,0.8441590969810313,27.0,6.0,0.9045931969867769,5520.0,50.0,147.0,0.7510204081632653,2.94,1.0,0.0004339553359815736,26.0,4.0,13.0,2220.0,4.0,0.699873896595208,0.5,1.0,0.0,2.0,1.4549395047979305,0.07370318472385406,0.48733028769493103,0.09574031457304955,3.25,0.02326544001698494,-7.615835395019532e-05,-5.0582236777840794e-05,0.0,0.0,-0.000252963020718755,0.0,0.0,0.0,0.0,-0.0003986507206378276,0.0,-6.762799142923104e-05,0.0,-0.00046522447080721285,8.0,13840.png,0.0,1.0,1.0,26.0,0.4523809523809524,0.5476190476190477,1.0,R244-F0-gtfree-merge-targeted-candidates,0.0,val
1.0,0.26388260923178103,0.15199583313603865,1.0,-1.0,0.8734204548399077,0.31789223211544365,27.0,27.0,0.0,0.7752852060843964,0.0,0.8442310903322758,27.0,7.0,0.9047005564800401,4871.0,99.0,73.0,0.6740002767400027,1.356164383561644,1.0,0.0004005741562906833,24.0,12.0,4.0,895.0,4.0,0.28685897435897434,0.5,0.8333333333333334,0.16666666666666666,2.0,1.4267766952966368,0.05964355543255806,0.4374183118343353,0.06980515941977501,3.0,0.018288247287273407,-0.0008547088640834533,-0.0005674190197464402,0.0,0.0,-0.00016440194025824084,-0.0001535155050660375,0.0,0.0,0.0,-0.0002591054764744527,0.0,4.365359815294845e-06,0.0,-0.0003578649775439757,8.0,13840.png,0.0,1.0,1.0,19.0,0.4875,0.5125,1.0,R244-F0-gtfree-merge-targeted-candidates,0.0,val
1.0,0.2634218531612267,0.15169018085408578,1.0,-1.0,0.8733447927373867,0.31793061099171016,27.0,27.0,0.0,0.7751659843292393,0.0,0.844198784316345,27.0,8.0,0.9045753037378997,5520.0,50.0,147.0,0.7510204081632653,2.94,1.0,0.0005007176953633542,30.0,13.0,6.0,2516.0,4.0,0.76381299332119,0.38461538461538464,0.9,0.1,2.0,1.4023689270621824,0.08008374273777008,0.498039186000824,0.09858655631542206,2.1666666666666665,0.02716943435370922,-0.0013154649346378,-0.0008730713016993075,0.0,0.0,-0.0002400640427792089,-0.00011513662879952813,0.0,0.0,0.0,-0.0003783272316315589,0.0,-2.794065611555485e-05,0.0,-0.000483117719684345,8.0,13840.png,0.0,1.0,1.0,26.0,0.55,0.45,1.0,R244-F0-gtfree-merge-targeted-candidates,0.0,val
1.0,0.2646829148000493,0.15252711856378193,1.0,-1.0,0.8738112307918218,0.3169327602087811,27.0,27.0,0.0,0.7759012118423071,0.0,0.8446496560016031,27.0,9.0,0.9050584214575841,4871.0,99.0,73.0,0.6740002767400027,1.356164383561644,1.0,0.0005007176953633542,30.0,15.0,7.0,940.0,2.0,0.2712842712842713,0.2857142857142857,0.0,0.9666666666666667,2.0,1.382842712474619,0.0764911025762558,0.43882355093955994,0.10176600888371469,2.142857142857143,0.0252801813185215,-5.4403295815186326e-05,-3.613359200316246e-05,0.0,0.0,0.0002263740116558166,-0.0011129874117286054,0.0,0.0,0.0,0.000356900281436201,0.0,0.0004229310291425925,0.0,0.0,8.0,13840.png,0.0,1.0,1.0,19.0,0.4423076923076923,0.5576923076923077,1.0,R244-F0-gtfree-merge-targeted-candidates,1.0,val
1.0,0.26469379367036583,0.15253434391283752,1.0,-1.0,0.8732929662868939,0.3180457476205097,27.0,27.0,0.0,0.7750843299601349,0.0,0.8441486874624273,27.0,10.0,0.9045216239912681,5143.0,72.0,91.0,0.7849511599511599,1.2638888888888888,1.0,0.0005007176953633542,30.0,15.0,7.0,1547.0,4.0,0.44646464646464645,0.2857142857142857,1.0,0.0,2.0,1.382842712474619,0.09493603557348251,0.4317646920681,0.11551123559474945,2.142857142857143,0.028894800692796707,-4.352442549865332e-05,-2.8908242947572882e-05,0.0,0.0,-0.0002918904932720512,0.0,0.0,0.0,0.0,-0.0004599816007360147,0.0,-7.803751003321313e-05,0.0,-0.0005367974663159636,8.0,13840.png,0.0,1.0,1.0,22.0,0.46153846153846156,0.5384615384615384,1.0,R244-F0-gtfree-merge-targeted-candidates,0.0,val
1.0,0.2657733568991738,0.15325180128934396,1.0,-1.0,0.8736601166054848,0.3173165489714461,27.0,27.0,0.0,0.7756629499547553,0.0,0.8444763558642799,27.0,11.0,0.9049331687154437,4871.0,99.0,73.0,0.6740002767400027,1.356164383561644,1.0,0.0004339553359815736,26.0,13.0,7.0,1107.0,3.0,0.3299552906110283,0.2857142857142857,0.2692307692307692,0.7307692307692307,2.0,1.364818514393791,0.07083208858966827,0.46093514561653137,0.08918224275112152,1.8571428571428572,0.018845846876502037,0.0010360388033093249,0.0006885491335588689,0.0,0.0,7.5259825318863e-05,-0.0007291986490635671,0.0,0.0,0.0,0.0001186383938843738,0.0,0.0002496308918193968,0.0,-0.0001252527421403693,8.0,13840.png,0.0,1.0,1.0,19.0,0.4583333333333333,0.5416666666666666,1.0,R244-F0-gtfree-merge-targeted-candidates,0.0,val
1.0,0.26446416831032216,0.15238185434226725,1.0,-1.0,0.8734895531927758,0.31773871661037767,27.0,27.0,0.0,0.7753940992455376,0.0,0.8442978794456504,27.0,12.0,0.9047721294755489,9344.0,143.0,86.0,0.75979834119369,1.6627906976744187,1.0,0.0004005741562906833,24.0,10.0,6.0,1260.0,4.0,0.40229885057471265,0.4,0.6666666666666666,0.3333333333333333,2.23606797749979,1.5521419874735178,0.055057644844055176,0.46225491166114807,0.0774881787598133,1.6666666666666667,0.02032393217086792,-0.00027314978554232594,-0.00018139781351783624,0.0,0.0,-9.530358739018308e-05,-0.0003070310101320195,0.0,0.0,0.0,-0.00015021231533329793,0.0,7.115447318983836e-05,0.0,-0.000286291982035225,8.0,13840.png,0.0,1.0,1.0,20.0,0.425,0.575,1.0,R244-F0-gtfree-merge-targeted-candidates,0.0,val
1.0,0.2651048088779285,0.15280739161336176,1.0,-1.0,0.8736603017505679,0.31766195885784465,27.0,27.0,0.0,0.7756632418340745,0.0,0.8443676549145299,27.0,14.0,0.9050584214575841,5520.0,50.0,147.0,0.7510204081632653,2.94,1.0,0.00016690589845445137,10.0,5.0,2.0,1614.0,4.0,0.609056603773585,1.0,0.0,1.0,2.0,1.4414213562373095,0.05293072387576103,0.39411765336990356,0.0541878554970026,2.5,0.014699344523251057,0.000367490782063995,0.00024413945757667532,0.0,0.0,7.544497040190556e-05,-0.00038378876266503825,0.0,0.0,0.0,0.00011893027320364347,0.0,0.0001409299420693788,0.0,0.0,8.0,13840.png,0.0,1.0,1.0,26.0,0.45454545454545453,0.5454545454545454,0.0,R244-F0-gtfree-merge-targeted-candidates,1.0,val
1.0,0.26470467343499526,0.15254156994646834,1.0,-1.0,0.8736980291226919,0.31773871661037767,27.0,27.0,0.0,0.7757227206502569,0.0,0.8444381375315114,27.0,15.0,0.9050584214575841,9344.0,143.0,86.0,0.75979834119369,1.6627906976744187,1.0,0.0002503588476816771,15.0,6.0,5.0,1618.0,4.0,0.5653389238294899,0.5,0.0,0.5333333333333333,2.23606797749979,1.4910038787994502,0.044471025466918945,0.4410457909107208,0.052605225890874865,1.2,0.014663845300674438,-3.26446608692188e-05,-2.1682209316753465e-05,0.0,0.0,0.00011317234252594677,-0.0003070310101320195,0.0,0.0,0.0,0.0001784090893860446,0.0,0.00021141255905088308,0.0,0.0,8.0,13840.png,0.0,1.0,1.0,20.0,0.45,0.55,1.0,R244-F0-gtfree-merge-targeted-candidates,0.0,val
1.0,0.2642827784628031,0.15226142552687663,1.0,-1.0,0.8735070341039614,0.3180457476205097,27.0,27.0,0.0,0.7754216498006746,0.0,0.8442059226120923,27.0,17.0,0.9049152754665665,5143.0,72.0,91.0,0.7849511599511599,1.2638888888888888,1.0,0.0001335247187635611,8.0,4.0,4.0,1203.0,3.0,0.444896449704142,0.5,1.0,0.0,2.0,1.301776695296637,0.07677316665649414,0.45588234066963196,0.0970405824482441,1.0,0.027503449469804764,-0.00045453963306135714,-0.00030182662890845813,0.0,0.0,-7.782267620459749e-05,0.0,0.0,0.0,0.0,-0.00012266176019626318,0.0,-2.0802360368277206e-05,0.0,-0.0001431459910176125,8.0,13840.png,0.0,1.0,1.0,22.0,0.4166666666666667,0.5833333333333334,1.0,R244-F0-gtfree-merge-targeted-candidates,0.0,val
1.0,0.26423315657499896,0.15222848481977927,1.0,-1.0,0.8734039428443078,0.31743168560024565,27.0,27.0,0.0,0.7752591865529722,0.0,0.8443716905807874,27.0,2.0,0.9045037307423909,5143.0,72.0,91.0,0.7849511599511599,1.2638888888888888,1.0,0.0007844577227359215,47.0,23.0,3.0,1836.0,4.0,0.5070422535211268,0.6811594202898551,0.6595744680851063,0.3404255319148936,2.23606797749979,1.4782703971195545,0.09197796881198883,0.4967876672744751,0.11647149324417114,7.666666666666667,0.03120635449886322,-0.0005041615208655204,-0.0003347673360058201,0.0,0.0,-0.0001809139358581735,-0.000614062020264039,0.0,0.0,0.0,-0.0002851250078986789,0.0,0.00014496560832688576,0.0,-0.0005546907151932068,10.0,13840.png,0.0,1.0,1.0,22.0,0.49166666666666664,0.5083333333333333,1.0,R244-F0-gtfree-merge-targeted-candidates,0.0,val
1.0,0.26555436837346924,0.15310619343221343,1.0,-1.0,0.8735832757429164,0.3171630334663801,27.0,27.0,0.0,0.7755418194088685,0.0,0.8445042005578475,27.0,3.0,0.9047363429777945,9344.0,143.0,86.0,0.75979834119369,1.6627906976744187,1.0,0.0006843141836632506,41.0,18.0,4.0,1465.0,3.0,0.42686480186480186,0.5694444444444444,0.43902439024390244,0.5609756097560976,3.0,1.6501671768168873,0.06108090281486511,0.5013868808746338,0.09246792644262314,4.5,0.02640717849135399,0.0008170502776047583,0.0005429412764283437,0.0,0.0,-1.5810372495650427e-06,-0.0008827141541296046,0.0,0.0,0.0,-2.492152002431247e-06,0.0,0.0002774755853869326,0.0,-0.00032207847978960036,10.0,13840.png,0.0,1.0,1.0,20.0,0.46153846153846156,0.5384615384615384,1.0,R244-F0-gtfree-merge-targeted-candidates,0.0,val
1.0,0.264912641315519,0.15267971378476994,1.0,-1.0,0.8737248533743338,0.3174700644765121,27.0,27.0,0.0,0.7757650126543446,0.0,0.8445661612450738,27.0,4.0,0.9049689552131981,2789.0,58.0,70.0,0.6869458128078818,1.206896551724138,1.0,0.0005007176953633542,30.0,15.0,3.0,2262.0,4.0,0.704014939309057,0.6666666666666666,0.16666666666666666,0.5,2.0,1.421895141649746,0.0666583701968193,0.34745100140571594,0.08774184659123421,5.0,0.026953471824526787,0.0001753232196545218,0.00011646162898484858,0.0,0.0,0.00013999659416785715,-0.0005756831439975851,0.0,0.0,0.0,0.00022070109347371858,0.0,0.00033943627261323606,0.0,-8.946624438599393e-05,10.0,13840.png,0.0,1.0,1.0,13.0,0.5108695652173914,0.4891304347826087,1.0,R244-F0-gtfree-merge-targeted-candidates,0.0,val
1.0,0.2615985206492706,0.150482223903177,1.0,-1.0,0.8726502744047362,0.3180457476205097,27.0,27.0,0.0,0.7740723704385158,0.0,0.8439767294125514,27.0,6.0,0.903340669565373,9344.0,143.0,86.0,0.75979834119369,1.6627906976744187,1.0,0.0016022966251627332,96.0,33.0,26.0,1958.0,4.0,0.32665999332666,0.11188811188811189,1.0,0.0,2.8284271247461903,1.639688804553817,0.058457646518945694,0.49693629145622253,0.08073244243860245,1.2692307692307692,0.02583170495927334,-0.0031387974465938995,-0.002081028252608086,0.0,0.0,-0.00093458237542976,0.0,0.0,0.0,0.0,-0.0014719411223550471,0.0,-0.0002499955599091219,0.0,-0.001717751892211128,10.0,13840.png,0.0,1.0,1.0,20.0,0.49603174603174605,0.503968253968254,1.0,R244-F0-gtfree-merge-targeted-candidates,0.0,val
1.0,0.264476386036961,0.15238996687174633,0.0,0.0,0.8733026984072142,0.3180457476205097,27.0,27.0,0.0,0.7750996626801595,0.0,0.8441512899724471,28.0,7.0,0.9045395172401453,9344.0,143.0,86.0,0.75979834119369,1.6627906976744187,1.0,0.000484027105517909,29.0,11.0,3.0,1099.0,3.0,0.3652376204719176,0.8787878787878788,1.0,0.0,3.0,2.0,0.037614598870277405,0.448681503534317,0.04600486904382706,3.6666666666666665,0.015465561300516129,-0.0002609320589034847,-0.00017328528403875998,-1.0,1.0,-0.0002821583729517574,0.0,0.0,0.0,0.0,-0.00044464888071138464,0.0,-7.543500001339076e-05,1.0,-0.0005189042174388314,10.0,13840.png,0.0,1.0,1.0,20.0,0.40540540540540543,0.5945945945945946,1.0,R244-F0-gtfree-merge-targeted-candidates,0.0,val
1.0,0.26469379367036583,0.15253434391283752,1.0,-1.0,0.8732540361242841,0.3180457476205097,27.0,27.0,0.0,0.7750229990800368,0.0,0.8441382765531062,27.0,9.0,0.9044500509957593,5143.0,72.0,91.0,0.7849511599511599,1.2638888888888888,1.0,0.0005674800547451347,34.0,15.0,7.0,1551.0,4.0,0.44761904761904764,0.3238095238095238,1.0,0.0,2.23606797749979,1.4832221554187566,0.09173606336116791,0.43806228041648865,0.11546761393547059,2.142857142857143,0.03220534697175026,-4.352442549865332e-05,-2.8908242947572882e-05,0.0,0.0,-0.00033082065588185827,0.0,0.0,0.0,0.0,-0.0005213124808340908,0.0,-8.844841935429226e-05,0.0,-0.0006083704618248253,10.0,13840.png,0.0,1.0,1.0,22.0,0.46153846153846156,0.5384615384615384,1.0,R244-F0-gtfree-merge-targeted-candidates,0.0,val
1.0,0.2643432516850238,0.1523015722674749,1.0,-1.0,0.873468894148541,0.3175468222290451,27.0,27.0,0.0,0.7753615409388562,0.0,0.8443527781025068,27.0,11.0,0.9046647699822857,9344.0,143.0,86.0,0.75979834119369,1.6627906976744187,1.0,0.0005841706445905799,35.0,15.0,8.0,1566.0,4.0,0.44387755102040816,0.2916666666666667,0.6285714285714286,0.37142857142857144,3.0,1.5436710040315318,0.06331547349691391,0.5155181884765625,0.09504728615283967,1.875,0.021891513839364052,-0.0003940664108406655,-0.00026167988831019007,0.0,0.0,-0.00011596263162494402,-0.0004989253914645664,0.0,0.0,0.0,-0.00018277062201466077,0.0,0.00012605313004621088,0.0,-0.0003936514752983511,10.0,13840.png,0.0,1.0,1.0,20.0,0.48623853211009177,0.5137614678899083,1.0,R244-F0-gtfree-merge-targeted-candidates,0.0,val
1.0,0.26413543721236027,0.15216362086923588,1.0,-1.0,0.8734506318398936,0.31773871661037767,27.0,27.0,0.0,0.7753327608415629,0.0,0.8442874795444678,27.0,15.0,0.9047005564800401,9344.0,143.0,86.0,0.75979834119369,1.6627906976744187,1.0,0.0004673365156724639,28.0,10.0,6.0,1264.0,4.0,0.40357598978288634,0.4666666666666667,0.7142857142857143,0.2857142857142857,3.0,1.740596038342964,0.05981400981545448,0.4686274528503418,0.08588861450552941,1.6666666666666667,0.024813251569867134,-0.0006018808835042133,-0.00039963128654921243,0.0,0.0,-0.00013422494027237608,-0.0003070310101320195,0.0,0.0,0.0,-0.00021155071930800684,0.0,6.075457200727108e-05,0.0,-0.0003578649775439757,10.0,13840.png,0.0,1.0,1.0,20.0,0.425,0.575,1.0,R244-F0-gtfree-merge-targeted-candidates,0.0,val
1.0,0.26552744002628986,0.1530882910193255,0.0,0.0,0.8737206671100248,0.31735492784771263,27.0,27.0,0.0,0.7757584123186405,0.0,0.8444804327501002,28.0,16.0,0.9050584214575841,9344.0,143.0,86.0,0.75979834119369,1.6627906976744187,1.0,0.0003004306172180125,18.0,9.0,4.0,545.0,3.0,0.18387314439946018,0.5,0.0,1.0,2.23606797749979,1.539709813451048,0.03329874947667122,0.45446622371673584,0.03805058524012565,2.25,0.011160129681229591,0.0007901219304253804,0.0005250388635404113,-1.0,1.0,0.00013581032985887642,-0.0006908197727970578,0.0,0.0,0.0,0.00021410075776961968,0.0,0.0002537077776396668,1.0,0.0,10.0,13840.png,0.0,1.0,1.0,20.0,0.35294117647058826,0.6470588235294118,0.0,R244-F0-gtfree-merge-targeted-candidates,1.0,val
1.0,0.2649017512126942,0.15267247915087187,1.0,-1.0,0.8737131209839011,0.31770033773411116,27.0,27.0,0.0,0.7757465147309173,0.0,0.844466333873149,27.0,17.0,0.9050584214575841,3644.0,85.0,63.0,0.6804855275443511,1.3492063492063493,1.0,0.00028374002737256737,17.0,8.0,5.0,1520.0,4.0,0.5121293800539084,0.425,0.0,0.5294117647058824,2.0,1.3672141580658401,0.08995193243026733,0.4772779941558838,0.10989383906126023,1.6,0.0279495008289814,0.00016443311682973194,0.0001092269950867808,0.0,0.0,0.00012826420373512892,-0.0003454098863985289,0.0,0.0,0.0,0.00020220317004637778,0.0,0.000239608900688415,0.0,0.0,10.0,13840.png,0.0,1.0,1.0,23.0,0.4852941176470588,0.5147058823529411,0.0,R244-F0-gtfree-merge-targeted-candidates,0.0,val
1.0,0.2650552883627245,0.15277448703975738,1.0,-1.0,0.8736829377828446,0.3175468222290451,27.0,27.0,0.0,0.7756989280291993,0.0,0.8444099430727366,27.0,18.0,0.9050584214575841,5143.0,72.0,91.0,0.7849511599511599,1.2638888888888888,1.0,0.0002169776679907868,13.0,6.0,3.0,1224.0,3.0,0.4444444444444444,0.7222222222222222,0.0,1.0,2.23606797749979,1.421439128047621,0.07542338222265244,0.4766214191913605,0.09805455952882766,2.0,0.024495771154761314,0.0003179702668600348,0.00021123488397228884,0.0,0.0,9.80810026786072e-05,-0.0004989253914645664,0.0,0.0,0.0,0.0001546164683283724,0.0,0.00018321810027610574,0.0,0.0,10.0,13840.png,0.0,1.0,1.0,22.0,0.4807692307692308,0.5192307692307693,0.0,R244-F0-gtfree-merge-targeted-candidates,1.0,val
1.0,0.2646502835538752,0.15250544662309368,1.0,-1.0,0.8734583894704114,0.3180457476205097,27.0,27.0,0.0,0.775344986200552,0.0,0.8441929183152201,27.0,19.0,0.9048258092221805,5143.0,72.0,91.0,0.7849511599511599,1.2638888888888888,1.0,0.0002169776679907868,13.0,6.0,3.0,1521.0,4.0,0.5522875816993464,0.7222222222222222,1.0,0.0,2.23606797749979,1.5115601184517604,0.06993868947029114,0.41025641560554504,0.08302223086357118,2.0,0.022529715672135353,-8.703454198927263e-05,-5.7805532691412864e-05,0.0,0.0,-0.0001264673097545188,0.0,0.0,0.0,0.0,-0.00019932536031885828,0.0,-3.380665724039833e-05,0.0,-0.00023261223540360643,10.0,13840.png,0.0,1.0,1.0,22.0,0.4230769230769231,0.5769230769230769,1.0,R244-F0-gtfree-merge-targeted-candidates,0.0,val
1.0,0.26432152543765924,0.15228714840420493,1.0,-1.0,0.8734939238735199,0.31781547436291063,27.0,27.0,0.0,0.7754009875180176,0.0,0.844274885631282,27.0,20.0,0.9048079159733032,5143.0,72.0,91.0,0.7849511599511599,1.2638888888888888,1.0,0.00033381179690890274,20.0,7.0,9.0,1359.0,3.0,0.43349282296650715,0.31746031746031744,0.7,0.3,2.23606797749979,1.4357388321059434,0.06912176311016083,0.45058828592300415,0.07897753864526752,1.2857142857142858,0.02342788502573967,-0.0004157926582052385,-0.000276103751580159,0.0,0.0,-9.093290664607956e-05,-0.00023027325759905626,0.0,0.0,0.0,-0.00014332404285333222,0.0,4.816065882140563e-05,0.0,-0.0002505054842808496,10.0,13840.png,0.0,1.0,1.0,22.0,0.425,0.575,1.0,R244-F0-gtfree-merge-targeted-candidates,0.0,val
1.0,0.2646611597419143,0.15251266991900725,1.0,-1.0,0.8736603017505679,0.3180457476205097,27.0,27.0,0.0,0.7756632418340745,0.0,0.8443676549145299,27.0,21.0,0.9050584214575841,3436.0,78.0,61.0,0.7221521647751156,1.278688524590164,1.0,0.00016690589845445137,10.0,5.0,2.0,1452.0,3.0,0.5479245283018868,1.0,0.0,0.0,2.0,1.5,0.06639014184474945,0.4517647325992584,0.07484780102968216,2.5,0.023187050595879555,-7.615835395019532e-05,-5.0582236777840794e-05,0.0,0.0,7.544497040190556e-05,0.0,0.0,0.0,0.0,0.00011893027320364347,0.0,0.0001409299420693788,0.0,0.0,10.0,13840.png,0.0,1.0,1.0,24.0,0.4318181818181818,0.5681818181818182,1.0,R244-F0-gtfree-merge-targeted-candidates,0.0,val
1.0,0.26470467343499526,0.15254156994646834,1.0,-1.0,0.8737055749881245,0.31770033773411116,27.0,27.0,0.0,0.7757346175081283,0.0,0.8444522354669605,27.0,23.0,0.9050584214575841,9344.0,143.0,86.0,0.75979834119369,1.6627906976744187,1.0,0.0002670494375271222,16.0,6.0,5.0,1619.0,4.0,0.5656883298392732,0.5333333333333333,0.0,0.5625,2.8284271247461903,1.5745928316711213,0.043642446398735046,0.4426470696926117,0.05239683762192726,1.2,0.015493608079850674,-3.26446608692188e-05,-2.1682209316753465e-05,0.0,0.0,0.00012071820795855892,-0.0003454098863985289,0.0,0.0,0.0,0.00019030594725744088,0.0,0.00022551049449992533,0.0,0.0,10.0,13840.png,0.0,1.0,1.0,20.0,0.45,0.55,1.0,R244-F0-gtfree-merge-targeted-candidates,0.0,val
1.0,0.26469379367036583,0.15253434391283752,1.0,-1.0,0.8736753923084231,0.3180457476205097,27.0,27.0,0.0,0.7756870322659797,0.0,0.844395846549364,27.0,24.0,0.9050584214575841,3436.0,78.0,61.0,0.7221521647751156,1.278688524590164,1.0,0.00020028707814534165,12.0,6.0,4.0,1626.0,4.0,0.5790598290598291,0.5,0.0,0.0,2.0,1.3535533905932737,0.07102400809526443,0.46078431606292725,0.07676801308989525,1.5,0.017354140058159828,-4.352442549865332e-05,-2.8908242947572882e-05,0.0,0.0,9.053552825710742e-05,0.0,0.0,0.0,0.0,0.00014272070510878976,0.0,0.00016912157690340823,0.0,0.0,10.0,13840.png,0.0,1.0,1.0,24.0,0.44642857142857145,0.5535714285714286,1.0,R244-F0-gtfree-merge-targeted-candidates,0.0,val
1.0,0.2648146626119832,0.1526146267525578,1.0,-1.0,0.8736452117140069,0.31773871661037767,27.0,27.0,0.0,0.7756394528614365,0.0,0.8443394651620872,27.0,25.0,0.9050584214575841,2789.0,58.0,70.0,0.6869458128078818,1.206896551724138,1.0,0.0001335247187635611,8.0,2.0,4.0,808.0,2.0,0.31076923076923074,1.0,0.0,1.0,2.0,1.5,0.05033741891384125,0.32990196347236633,0.06308891959488391,2.0,0.015493607148528099,7.734451611873805e-05,5.1374596772707504e-05,0.0,0.0,6.035493384093371e-05,-0.0003070310101320195,0.0,0.0,0.0,9.514130056564873e-05,0.0,0.00011274018962670329,0.0,0.0,10.0,13840.png,0.0,2.0,2.0,13.0,0.4,0.6,0.0,R244-F0-gtfree-merge-targeted-candidates,1.0,val
1.0,0.265187011919441,0.1528620166793025,1.0,-1.0,0.8736452117140069,0.31773871661037767,27.0,27.0,0.0,0.7756394528614365,0.0,0.8443394651620872,27.0,26.0,0.9050584214575841,2917.0,51.0,74.0,0.7729199788023318,1.4509803921568627,1.0,0.0001335247187635611,8.0,2.0,4.0,915.0,4.0,0.35192307692307695,1.0,0.0,1.0,2.0,1.426776695296637,0.07915955781936646,0.5151960849761963,0.09309339597821235,2.0,0.022091487422585487,0.00044969382357651355,0.000298764523517403,0.0,0.0,6.035493384093371e-05,-0.0003070310101320195,0.0,0.0,0.0,9.514130056564873e-05,0.0,0.00011274018962670329,0.0,0.0,10.0,13840.png,0.0,1.0,1.0,25.0,0.425,0.575,0.0,R244-F0-gtfree-merge-targeted-candidates,1.0,val
1.0,0.26469379367036583,0.15253434391283752,1.0,-1.0,0.8736452117140069,0.31773871661037767,27.0,27.0,0.0,0.7756394528614365,0.0,0.8443394651620872,27.0,27.0,0.9050584214575841,2917.0,51.0,74.0,0.7729199788023318,1.4509803921568627,1.0,0.0001335247187635611,8.0,2.0,4.0,948.0,3.0,0.3646153846153846,1.0,0.0,1.0,2.0,1.426776695296637,0.08101610839366913,0.4941176772117615,0.08717145398259163,2.0,0.025640593841671944,-4.352442549865332e-05,-2.8908242947572882e-05,0.0,0.0,6.035493384093371e-05,-0.0003070310101320195,0.0,0.0,0.0,9.514130056564873e-05,0.0,0.00011274018962670329,0.0,0.0,10.0,13840.png,0.0,1.0,1.0,25.0,0.4,0.6,1.0,R244-F0-gtfree-merge-targeted-candidates,1.0,val
1.0,0.2648195346542794,0.15261786306562425,1.0,-1.0,0.8736452117140069,0.31773871661037767,27.0,27.0,0.0,0.7756394528614365,0.0,0.8443394651620872,27.0,28.0,0.9050584214575841,3436.0,78.0,61.0,0.7221521647751156,1.278688524590164,1.0,0.0001335247187635611,8.0,4.0,4.0,1258.0,3.0,0.46523668639053256,0.5,0.0,1.0,2.0,1.25,0.06060785427689552,0.5147058963775635,0.06764274388551712,1.0,0.02599427103996277,8.221655841489373e-05,5.461090983915895e-05,0.0,0.0,6.035493384093371e-05,-0.0003070310101320195,0.0,0.0,0.0,9.514130056564873e-05,0.0,0.00011274018962670329,0.0,0.0,10.0,13840.png,0.0,1.0,1.0,24.0,0.5,0.5,0.0,R244-F0-gtfree-merge-targeted-candidates,1.0,val
1.0,0.2664584531930632,0.1537075668499905,1.0,-1.0,0.8736768429147909,0.316241940435984,27.0,27.0,0.0,0.7756893191965998,0.0,0.8448195187165776,27.0,1.0,0.9045753037378997,5520.0,50.0,147.0,0.7510204081632653,2.94,1.0,0.0012351036485629403,74.0,5.0,35.0,2149.0,3.0,0.4885201182086838,0.4228571428571429,0.36486486486486486,0.6351351351351351,2.23606797749979,1.5081233264796154,0.10242076963186264,0.523953378200531,0.13571761250495912,7.0,0.03821086138486862,0.0017211350971987338,0.0011443146942054228,0.0,0.0,9.198613462491068e-05,-0.0018038071845256631,0.0,0.0,0.0,0.00014500763572888875,0.0,0.0005927937441170261,0.0,-0.000483117719684345,12.0,13840.png,0.0,1.0,1.0,26.0,0.4666666666666667,0.5333333333333333,1.0,R244-F0-gtfree-merge-targeted-candidates,0.0,val
1.0,0.2641509433962264,0.15217391304347827,1.0,-1.0,0.8733942100852677,0.31743168560024565,27.0,27.0,0.0,0.7752438500705479,0.0,0.8443690909698326,27.0,2.0,0.9044858374935137,5143.0,72.0,91.0,0.7849511599511599,1.2638888888888888,1.0,0.0008011483125813666,48.0,23.0,3.0,1837.0,4.0,0.5073184203258768,0.6956521739130435,0.6666666666666666,0.3333333333333333,2.8284271247461903,1.5063986622784429,0.09126023203134537,0.4976307451725006,0.1160618878901005,7.666666666666667,0.031415827572345734,-0.0005863746996380703,-0.00038933911230681906,0.0,0.0,-0.00019064669489821107,-0.000614062020264039,0.0,0.0,0.0,-0.00030046149032303404,0.0,0.00014236599737205147,0.0,-0.000572583964070339,12.0,13840.png,0.0,1.0,1.0,22.0,0.49166666666666664,0.5083333333333333,1.0,R244-F0-gtfree-merge-targeted-candidates,0.0,val
1.0,0.26407495685049726,0.1521234790019412,1.0,-1.0,0.8731859018659295,0.3180457476205097,27.0,27.0,0.0,0.7749156700398651,0.0,0.8441200541145425,27.0,4.0,0.9043247982536189,5520.0,50.0,147.0,0.7510204081632653,2.94,1.0,0.0006843141836632506,41.0,5.0,19.0,1748.0,3.0,0.49225570261898055,0.43157894736842106,1.0,0.0,2.23606797749979,1.5109962102346013,0.06670235842466354,0.5535150766372681,0.08847592771053314,3.8,0.022462014108896255,-0.0006623612453672267,-0.0004397731538438865,0.0,0.0,-0.0003989549142364712,0.0,0.0,0.0,0.0,-0.0006286415210058349,0.0,-0.00010667085791804531,0.0,-0.0007336232039651946,12.0,13840.png,0.0,2.0,2.0,26.0,0.4642857142857143,0.5357142857142857,1.0,R244-F0-gtfree-merge-targeted-candidates,0.0,val
1.0,0.26514342072819924,0.1528330490809172,1.0,-1.0,0.8735385865009894,0.31654897144611605,27.0,27.0,0.0,0.7754713796965373,0.0,0.8446858288770054,27.0,6.0,0.9044321577468821,4871.0,99.0,73.0,0.6740002767400027,1.356164383561644,1.0,0.0012351036485629403,74.0,32.0,18.0,1545.0,3.0,0.29261363636363635,0.1284722222222222,0.47297297297297297,0.527027027027027,2.23606797749979,1.4815997069302744,0.06511127948760986,0.4553259313106537,0.08575750812888147,1.7777777777777777,0.025411134585738182,0.0004061026323347594,0.00026979692513209863,0.0,0.0,-4.627027917658566e-05,-0.0014967761743936436,0.0,0.0,0.0,-7.293186433354748e-05,0.0,0.0004591039045448442,0.0,-0.0006262637107019575,12.0,13840.png,0.0,1.0,1.0,19.0,0.49537037037037035,0.5046296296296297,1.0,R244-F0-gtfree-merge-targeted-candidates,0.0,val
1.0,0.2615985206492706,0.150482223903177,1.0,-1.0,0.8726307874471708,0.3180457476205097,27.0,27.0,0.0,0.7740417049984667,0.0,0.8439715126387589,27.0,7.0,0.9033048830676186,9344.0,143.0,86.0,0.75979834119369,1.6627906976744187,1.0,0.0016356778048536235,98.0,33.0,26.0,1960.0,4.0,0.3269936603269937,0.11421911421911422,1.0,0.0,3.1622776601683795,1.6707620465051347,0.05787590146064758,0.4977991580963135,0.08073244243860245,1.2692307692307692,0.026269778609275818,-0.0031387974465938995,-0.002081028252608086,0.0,0.0,-0.0009540693329951333,0.0,0.0,0.0,0.0,-0.0015026065624041962,0.0,-0.00025521233370162655,0.0,-0.0017535383899655033,12.0,13840.png,0.0,1.0,1.0,20.0,0.49603174603174605,0.503968253968254,1.0,R244-F0-gtfree-merge-targeted-candidates,0.0,val
1.0,0.26473247308292924,0.15256003410221192,1.0,-1.0,0.8741056924618947,0.3159732883021185,27.0,27.0,0.0,0.776365673589047,0.0,0.8452001002590024,27.0,9.0,0.9050584214575841,4871.0,99.0,73.0,0.6740002767400027,1.356164383561644,1.0,0.0011516506993357145,69.0,27.0,18.0,1478.0,3.0,0.29858585858585857,0.1419753086419753,0.0,0.782608695652174,2.23606797749979,1.5122693079034732,0.07385267317295074,0.4386473298072815,0.1016600400209427,1.5,0.028726700693368912,-4.845012935239534e-06,-3.218053573172952e-06,0.0,0.0,0.0005208356817287818,-0.0020724593183911733,0.0,0.0,0.0,0.0008213620281760647,0.0,0.0009733752865418444,0.0,0.0,12.0,13840.png,0.0,1.0,1.0,19.0,0.45918367346938777,0.5408163265306123,1.0,R244-F0-gtfree-merge-targeted-candidates,1.0,val
1.0,0.2629501726689689,0.15137744958818516,0.0,0.0,0.8729651263263402,0.31793061099171016,27.0,27.0,0.0,0.7745679807412178,0.0,0.8440972512323502,28.0,10.0,0.9038774670316889,5520.0,50.0,147.0,0.7510204081632653,2.94,1.0,0.0011516506993357145,69.0,14.0,21.0,3040.0,4.0,0.7106124357176251,0.23469387755102042,0.9565217391304348,0.043478260869565216,2.23606797749979,1.4897769777714416,0.07539715617895126,0.49491333961486816,0.09872212409973145,1.5,0.026214007288217545,-0.0017871454268955644,-0.001185802567599925,-1.0,1.0,-0.0006197304538257953,-0.00011513662879952813,0.0,0.0,0.0,-0.0009763308196530929,0.0,-0.00012947374011029744,1.0,-0.0011809544258951643,12.0,13840.png,0.0,1.0,1.0,26.0,0.5397727272727273,0.4602272727272727,1.0,R244-F0-gtfree-merge-targeted-candidates,0.0,val
1.0,0.2664149704530532,0.15367862891771614,5.0,5.0,0.8739848636693507,0.316011667178385,27.0,27.0,0.0,0.7761750579280925,0.0,0.8449741902073136,33.0,11.0,0.9050584214575841,3644.0,85.0,63.0,0.6804855275443511,1.3492063492063493,1.0,0.0008846012618085923,53.0,24.0,13.0,1357.0,4.0,0.30897085610200364,0.16987179487179488,0.0,1.0,2.23606797749979,1.5890111705820322,0.09305251389741898,0.4461709260940552,0.12378035783767702,1.8461538461538463,0.030439715832471848,0.001677652357188697,0.0011153767619310473,4.0,6.0,0.00040000688918473415,-0.002034080442124664,0.0,0.0,0.0,0.0006307463672216018,0.0,0.0007474652348530286,6.0,0.0,12.0,13840.png,0.0,1.0,1.0,23.0,0.4268292682926829,0.573170731707317,0.0,R244-F0-gtfree-merge-targeted-candidates,0.0,val
1.0,0.26469379367036583,0.15253434391283752,1.0,-1.0,0.8732053696377049,0.3180457476205097,27.0,27.0,0.0,0.7749463354799141,0.0,0.844125260960334,27.0,12.0,0.9043605847513733,5143.0,72.0,91.0,0.7849511599511599,1.2638888888888888,1.0,0.0006509330039723603,39.0,17.0,8.0,1628.0,4.0,0.4472527472527473,0.2867647058823529,1.0,0.0,2.23606797749979,1.4892265339515542,0.08964067697525024,0.4394167959690094,0.1154312402009964,2.125,0.03180878609418869,-4.352442549865332e-05,-2.8908242947572882e-05,0.0,0.0,-0.00037948714246105464,0.0,0.0,0.0,0.0,-0.0005979760809567969,0.0,-0.00010146401212651757,0.0,-0.0006978367062108193,12.0,13840.png,0.0,1.0,1.0,22.0,0.46551724137931033,0.5344827586206896,1.0,R244-F0-gtfree-merge-targeted-candidates,0.0,val
1.0,0.2639681431914282,0.1520525917517972,2.0,2.0,0.8731372294933264,0.3180457476205097,27.0,27.0,0.0,0.7748390064397425,0.0,0.8441070354780517,30.0,13.0,0.9042353320092329,5143.0,72.0,91.0,0.7849511599511599,1.2638888888888888,1.0,0.0007677671328904763,46.0,18.0,11.0,2310.0,4.0,0.5932203389830508,0.23232323232323232,1.0,0.0,2.8284271247461903,1.744289351515352,0.06653343886137009,0.40861037373542786,0.07678468152880669,1.6363636363636365,0.022684747353196144,-0.0007691749044362872,-0.0005106604039878948,1.0,3.0,-0.0004476272868395581,0.0,0.0,0.0,0.0,-0.00070530512112843,0.0,-0.0001196894944088811,3.0,-0.0008230894483511886,12.0,13840.png,0.0,1.0,1.0,22.0,0.4621212121212121,0.5378787878787878,1.0,R244-F0-gtfree-merge-targeted-candidates,0.0,val
1.0,0.26380040281145956,0.15194128787878788,1.0,-1.0,0.8734107241569928,0.31789223211544365,27.0,27.0,0.0,0.7752698724239451,0.0,0.8442284893720049,27.0,14.0,0.9046826632311629,4871.0,99.0,73.0,0.6740002767400027,1.356164383561644,1.0,0.00041726474613612845,25.0,12.0,4.0,896.0,4.0,0.28717948717948716,0.5208333333333334,0.84,0.16,2.23606797749979,1.459148346584763,0.05938906595110893,0.43874508142471313,0.06948946565389634,3.0,0.019061241298913956,-0.0009369152844049267,-0.0006219642769972056,0.0,0.0,-0.00017413262317311773,-0.0001535155050660375,0.0,0.0,0.0,-0.0002744391369258192,0.0,1.7643995443572535e-06,0.0,-0.0003757582264212189,12.0,13840.png,0.0,1.0,1.0,19.0,0.4875,0.5125,1.0,R244-F0-gtfree-merge-targeted-candidates,0.0,val
1.0,0.264481143702243,0.1523931259764238,1.0,1.0,0.8734652969180656,0.3175084433527786,27.0,27.0,0.0,0.775355871886121,0.0,0.8445331818485597,29.0,16.0,0.9044500509957593,3644.0,85.0,63.0,0.6804855275443511,1.3492063492063493,1.0,0.0010348165704175986,62.0,21.0,20.0,2141.0,4.0,0.456308610400682,0.14761904761904762,0.5483870967741935,0.22580645161290322,2.23606797749979,1.5406154051708625,0.0848708301782608,0.481277734041214,0.10758254528045655,1.05,0.03082355298101902,-0.00025617439362146666,-0.00017012617936129626,0.0,2.0,-0.00011955986210032687,-0.0005373042677310758,0.0,0.0,0.0,-0.0001884396747499073,0.0,0.0003064568760992037,2.0,-0.0006083704618248253,12.0,13840.png,0.0,1.0,1.0,23.0,0.4888888888888889,0.5111111111111111,1.0,R244-F0-gtfree-merge-targeted-candidates,0.0,val
1.0,0.26470467343499526,0.15254156994646834,1.0,-1.0,0.8738791658748121,0.31773871661037767,27.0,27.0,0.0,0.7760083459903959,0.0,0.844776617954071,27.0,17.0,0.9050584214575841,3436.0,78.0,61.0,0.7221521647751156,1.278688524590164,1.0,0.0006509330039723603,39.0,11.0,15.0,1704.0,4.0,0.45843422114608556,0.23636363636363636,0.0,0.20512820512820512,2.23606797749979,1.5196601902879245,0.07051949203014374,0.46405228972435,0.08826533257961275,1.3636363636363635,0.0254818182438612,-3.26446608692188e-05,-2.1682209316753465e-05,0.0,0.0,0.0002943090946461169,-0.0003070310101320195,0.0,0.0,0.0,0.0004640344295250287,0.0,0.0005498929816104559,0.0,0.0,12.0,13840.png,0.0,1.0,1.0,24.0,0.475,0.525,1.0,R244-F0-gtfree-merge-targeted-candidates,0.0,val
1.0,0.26409202958093675,0.15213481018650005,1.0,-1.0,0.8734117077974242,0.31773871661037767,27.0,27.0,0.0,0.7752714224375882,0.0,0.8442770782538993,27.0,18.0,0.9046289834845312,9344.0,143.0,86.0,0.75979834119369,1.6627906976744187,1.0,0.0005340988750542444,32.0,10.0,7.0,1269.0,4.0,0.3978056426332288,0.45714285714285713,0.75,0.25,3.1622776601683795,1.9078734118391976,0.0607166551053524,0.4734068512916565,0.0949573822319508,1.4285714285714286,0.026817528530955315,-0.0006452885149277332,-0.00042844196928504275,0.0,0.0,-0.0001731489827417887,-0.0003070310101320195,0.0,0.0,0.0,-0.00027288912328271575,0.0,5.0353281438764164e-05,0.0,-0.0004294379730528375,12.0,13840.png,0.0,1.0,1.0,20.0,0.40476190476190477,0.5952380952380952,1.0,R244-F0-gtfree-merge-targeted-candidates,0.0,val
1.0,0.2658123870543782,0.15327775672603258,0.0,0.0,0.8737357597533274,0.3172781700951796,27.0,27.0,0.0,0.7757822085889571,0.0,0.8445086319163856,28.0,19.0,0.9050584214575841,9344.0,143.0,86.0,0.75979834119369,1.6627906976744187,1.0,0.00033381179690890274,20.0,9.0,4.0,547.0,3.0,0.18454790823211875,0.5555555555555556,0.0,1.0,3.1622776601683795,1.6938527151143625,0.03286700323224068,0.4550980031490326,0.03787480816245079,2.25,0.010915422812104225,0.0010750689585137252,0.0007145045702474928,-1.0,1.0,0.00015090297316144863,-0.0007675775253300765,0.0,0.0,0.0,0.00023789702808618696,0.0,0.00028190694392504767,1.0,0.0,12.0,13840.png,0.0,1.0,1.0,20.0,0.34285714285714286,0.6571428571428571,0.0,R244-F0-gtfree-merge-targeted-candidates,1.0,val
1.0,0.26442070665571077,0.1523529968752959,1.0,-1.0,0.8735241023692097,0.31766195885784465,27.0,27.0,0.0,0.7754485508357614,0.0,0.8443312740023377,27.0,20.0,0.9048079159733032,5143.0,72.0,91.0,0.7849511599511599,1.2638888888888888,1.0,0.0004005741562906833,24.0,8.0,11.0,1405.0,3.0,0.42524213075060535,0.2727272727272727,0.5833333333333334,0.4166666666666667,2.8284271247461903,1.5497285544474142,0.06888660788536072,0.4498366117477417,0.07828780487179757,1.375,0.02268300950527191,-0.00031661144015371345,-0.00021025528048917996,0.0,0.0,-6.0754410956209703e-05,-0.00038378876266503825,0.0,0.0,0.0,-9.576072510952827e-05,0.0,0.00010454902987711012,0.0,-0.0002505054842808496,12.0,13840.png,0.0,1.0,1.0,22.0,0.41304347826086957,0.5869565217391305,1.0,R244-F0-gtfree-merge-targeted-candidates,0.0,val
1.0,0.2645850451930978,0.15246212121212122,0.0,0.0,0.8737583996959699,0.31773871661037767,27.0,27.0,0.0,0.7758179057318588,0.0,0.8445509341971248,28.0,21.0,0.9050584214575841,3436.0,78.0,61.0,0.7221521647751156,1.278688524590164,1.0,0.00038388356644523816,23.0,10.0,7.0,1866.0,4.0,0.5849529780564263,0.32857142857142857,0.0,0.34782608695652173,2.23606797749979,1.5224060748636798,0.08216460049152374,0.46598467230796814,0.1108124926686287,1.4285714285714286,0.027600429952144623,-0.00015227290276670358,-0.0001011309436638741,-1.0,1.0,0.0001735429158039592,-0.0003070310101320195,0.0,0.0,0.0,0.00027359417098793415,0.0,0.0003242092246642514,1.0,0.0,12.0,13840.png,0.0,1.0,1.0,24.0,0.44047619047619047,0.5595238095238095,1.0,R244-F0-gtfree-merge-targeted-candidates,0.0,val
1.0,0.2646502835538752,0.15250544662309368,1.0,-1.0,0.8736603017505679,0.31796898986797667,27.0,27.0,0.0,0.7756632418340745,0.0,0.8443676549145299,27.0,22.0,0.9050584214575841,2366.0,58.0,61.0,0.6687394007914076,1.0517241379310345,1.0,0.00016690589845445137,10.0,5.0,2.0,1706.0,4.0,0.6437735849056604,1.0,0.0,0.2,2.0,1.5,0.08005039393901825,0.42941179871559143,0.1108503744006157,2.5,0.023740878328680992,-8.703454198927263e-05,-5.7805532691412864e-05,0.0,0.0,7.544497040190556e-05,-7.675775253301875e-05,0.0,0.0,0.0,0.00011893027320364347,0.0,0.0001409299420693788,0.0,0.0,12.0,13840.png,0.0,1.0,1.0,21.0,0.4090909090909091,0.5909090909090909,1.0,R244-F0-gtfree-merge-targeted-candidates,0.0,val
1.0,0.2657733568991738,0.15325180128934396,1.0,-1.0,0.8736753923084231,0.31758520110531163,27.0,27.0,0.0,0.7756870322659797,0.0,0.844395846549364,27.0,26.0,0.9050584214575841,1945.0,46.0,55.0,0.7687747035573123,1.1956521739130435,1.0,0.00020028707814534165,12.0,4.0,6.0,1410.0,4.0,0.5021367521367521,0.5,0.0,1.0,2.0,1.3535533905932737,0.06336711347103119,0.31830066442489624,0.07534008398652077,1.5,0.018382171168923378,0.0010360388033093249,0.0006885491335588689,0.0,0.0,9.053552825710742e-05,-0.000460546515198057,0.0,0.0,0.0,0.00014272070510878976,0.0,0.00016912157690340823,0.0,0.0,12.0,13840.png,0.0,1.0,1.0,15.0,0.4642857142857143,0.5357142857142857,0.0,R244-F0-gtfree-merge-targeted-candidates,1.0,val
1.0,0.2655158240854912,0.15308056872037915,1.0,-1.0,0.8736452117140069,0.31773871661037767,27.0,27.0,0.0,0.7756394528614365,0.0,0.8443394651620872,27.0,28.0,0.9050584214575841,1945.0,46.0,55.0,0.7687747035573123,1.1956521739130435,1.0,0.0001335247187635611,8.0,4.0,2.0,1643.0,4.0,0.6319230769230769,1.0,0.0,1.0,2.0,1.426776695296637,0.0885356143116951,0.33578431606292725,0.10952145680785179,2.0,0.02861250378191471,0.0007785059896266988,0.0005173165645940558,0.0,0.0,6.035493384093371e-05,-0.0003070310101320195,0.0,0.0,0.0,9.514130056564873e-05,0.0,0.00011274018962670329,0.0,0.0,12.0,13840.png,0.0,1.0,1.0,15.0,0.45,0.55,0.0,R244-F0-gtfree-merge-targeted-candidates,1.0,val
1.0,0.2651325251695089,0.15282580889667916,1.0,-1.0,0.873667846964332,0.31762357998157814,27.0,27.0,0.0,0.7756751368676102,0.0,0.8443817504966362,27.0,31.0,0.9050584214575841,4871.0,99.0,73.0,0.6740002767400027,1.356164383561644,1.0,0.0001835964882998965,11.0,5.0,5.0,1310.0,4.0,0.4663581345674617,0.44,0.0,1.0,2.23606797749979,1.4071553331471884,0.07046081870794296,0.458467036485672,0.08114749193191528,1.0,0.02091570757329464,0.0003952070736444324,0.00026255674089406544,0.0,0.0,8.299018416602078e-05,-0.00042216763893154763,0.0,0.0,0.0,0.00013082530673935722,0.0,0.00015502552417567816,0.0,0.0,12.0,13840.png,0.0,1.0,1.0,19.0,0.42857142857142855,0.5714285714285714,0.0,R244-F0-gtfree-merge-targeted-candidates,1.0,val
1.0,0.27786620583018784,0.16134995246646244,4.0,-4.0,0.8649049252530385,0.27161229878204585,27.0,27.0,0.0,0.7619669439988062,2.0,0.8492951303696927,25.0,1.0,0.8810992708917554,10541.0,111.0,149.0,0.6373420400266038,1.3423423423423424,1.0,0.0009140388051019985,44.0,22.0,3.0,844.0,3.0,0.23641456582633052,0.6666666666666666,0.38636363636363635,0.6136363636363636,2.0,1.4866866718721157,0.0793069526553154,0.6167558431625366,0.09388015419244766,7.333333333333333,0.035347193479537964,0.0011726978005258681,0.000790290375649344,0.0,0.0,4.29205120970888e-05,-0.001149816881015231,0.0,0.0,0.0,6.662143620472794e-05,0.0,0.00042313734962540206,0.0,-0.00036671124724974025,8.0,13867.png,0.0,1.0,1.0,19.0,0.4482758620689655,0.5517241379310345,1.0,R244-F0-gtfree-merge-targeted-candidates,0.0,val
1.0,0.27631997817090365,0.160308163157617,4.0,-4.0,0.8645736302819883,0.2727621156630611,27.0,27.0,0.0,0.7614528368728208,2.0,0.8487966080558673,25.0,2.0,0.880948272142888,3805.0,80.0,69.0,0.6893115942028986,1.1594202898550725,1.0,0.0004985666209647265,24.0,12.0,3.0,837.0,4.0,0.2735294117647059,0.6666666666666666,1.0,0.0,2.0,1.4755922317655454,0.0991840735077858,0.6531046032905579,0.1421090379357338,4.0,0.047478776425123215,-0.0003735298587583258,-0.0002514989331960926,0.0,0.0,-0.0002883744589531334,0.0,0.0,0.0,0.0,-0.0004474856897805912,0.0,-7.538496420000929e-05,0.0,-0.0005177099961172216,8.0,13867.png,0.0,1.0,1.0,20.0,0.42105263157894735,0.5789473684210527,1.0,R244-F0-gtfree-merge-targeted-candidates,0.0,val
1.0,0.2767341369115306,0.1605870242305865,4.0,-4.0,0.8650267787209721,0.2719955710757176,27.0,27.0,0.0,0.7621561130280705,2.0,0.8491895261845387,25.0,3.0,0.8814659821390052,3805.0,80.0,69.0,0.6893115942028986,1.1594202898550725,1.0,0.0003739249657235448,18.0,9.0,2.0,594.0,2.0,0.20842105263157895,1.0,0.0,1.0,2.0,1.4674563090207275,0.09871045500040054,0.6677560210227966,0.14342638254165652,4.5,0.04215165227651596,4.062888186862068e-05,2.7362139773390304e-05,0.0,0.0,0.00016477398003067467,-0.0007665445873434873,0.0,0.0,0.0,0.0002557904654690857,0.0,0.00031753316447136193,0.0,0.0,8.0,13867.png,0.0,2.0,2.0,20.0,0.4666666666666667,0.5333333333333333,0.0,R244-F0-gtfree-merge-targeted-candidates,1.0,val
1.0,0.27682510802820104,0.16064829479463627,4.0,-4.0,0.8648391193903472,0.2724214291797973,27.0,27.0,0.0,0.7618648018648019,2.0,0.8489879888616433,25.0,4.0,0.8812934121402994,10541.0,111.0,149.0,0.6373420400266038,1.3423423423423424,1.0,0.0003323777473098176,16.0,8.0,2.0,860.0,3.0,0.30714285714285716,1.0,0.5,0.5,2.0,1.4633883476483185,0.10174974799156189,0.6482843160629272,0.11978914588689804,4.0,0.042682960629463196,0.000131599998539067,8.863270382317157e-05,0.0,0.0,-2.2885350594248344e-05,-0.0003406864832637968,0.0,0.0,0.0,-3.552069779955147e-05,0.0,0.00011599584157595544,0.0,-0.00017256999870574052,8.0,13867.png,0.0,1.0,1.0,19.0,0.42857142857142855,0.5714285714285714,1.0,R244-F0-gtfree-merge-targeted-candidates,0.0,val
1.0,0.2765647743813683,0.16047297297297297,4.0,-4.0,0.8645495924632158,0.2727621156630611,27.0,27.0,0.0,0.7614155463986725,2.0,0.8487903225806451,25.0,5.0,0.8809051296432115,10541.0,111.0,149.0,0.6373420400266038,1.3423423423423424,1.0,0.0005401138393784536,26.0,13.0,7.0,1430.0,4.0,0.4262295081967213,0.2857142857142857,1.0,0.0,2.0,1.364818514393791,0.09504986554384232,0.5852186679840088,0.12217514216899872,1.8571428571428572,0.03816554695367813,-0.0001287336482936885,-8.668911784012745e-05,0.0,0.0,-0.0003124122777256044,0.0,0.0,0.0,0.0,-0.00048477616392894607,0.0,-8.167043942219898e-05,0.0,-0.000560852495793629,8.0,13867.png,0.0,1.0,1.0,19.0,0.46875,0.53125,1.0,R244-F0-gtfree-merge-targeted-candidates,0.0,val
1.0,0.27664316579486015,0.16052576013513514,4.0,-4.0,0.8647178358240548,0.2727621156630611,27.0,27.0,0.0,0.7616765797177111,2.0,0.848834309936417,25.0,6.0,0.8812071271409465,10541.0,111.0,149.0,0.6373420400266038,1.3423423423423424,1.0,0.0002492833104823632,12.0,6.0,2.0,618.0,3.0,0.2288888888888889,1.0,1.0,0.0,2.0,1.4511844635310913,0.06857682019472122,0.6055555939674377,0.07972907274961472,3.0,0.024039050564169884,-5.034223480182565e-05,-3.3901955677956286e-05,0.0,0.0,-0.00014416891688662226,0.0,0.0,0.0,0.0,-0.00022374284489035112,0.0,-3.768308365037498e-05,0.0,-0.0002588549980586663,8.0,13867.png,0.0,2.0,2.0,19.0,0.4166666666666667,0.5833333333333334,1.0,R244-F0-gtfree-merge-targeted-candidates,0.0,val
1.0,0.276605421138803,0.16050034306222621,4.0,-4.0,0.8650084674005081,0.27237884336938933,27.0,27.0,0.0,0.7621276833840014,2.0,0.8491542329911475,25.0,7.0,0.8814659821390052,10541.0,111.0,149.0,0.6373420400266038,1.3423423423423424,1.0,0.0003323777473098176,16.0,8.0,4.0,566.0,2.0,0.19436813186813187,0.5,0.0,0.5625,2.0,1.426776695296637,0.08112908899784088,0.6299020051956177,0.09693340212106705,2.0,0.031703975051641464,-8.808689085898491e-05,-5.931902858688498e-05,0.0,0.0,0.0001464626595666374,-0.00038327229367174365,0.0,0.0,0.0,0.00022736082139995784,0.0,0.00028223997108012266,0.0,0.0,8.0,13867.png,0.0,1.0,1.0,19.0,0.453125,0.546875,1.0,R244-F0-gtfree-merge-targeted-candidates,0.0,val
1.0,0.2771511733672912,0.16086795839712792,4.0,-4.0,0.8649352298704598,0.2724214291797973,27.0,27.0,0.0,0.7620139860139861,2.0,0.8490130895491378,25.0,8.0,0.8814659821390052,10541.0,111.0,149.0,0.6373420400266038,1.3423423423423424,1.0,0.0001661888736549088,8.0,4.0,2.0,948.0,3.0,0.3646153846153846,1.0,0.0,1.0,2.0,1.5,0.06267409026622772,0.6151961088180542,0.07237552404403687,2.0,0.021339016035199165,0.0004576653376292539,0.0003082963063148203,0.0,0.0,7.322512951835058e-05,-0.0003406864832637968,0.0,0.0,0.0,0.00011366345138463796,0.0,0.00014109652907046133,0.0,0.0,8.0,13867.png,0.0,1.0,1.0,19.0,0.35,0.65,0.0,R244-F0-gtfree-merge-targeted-candidates,1.0,val
1.0,0.2775528769615647,0.16113869229956693,4.0,-4.0,0.8649352298704598,0.2724214291797973,27.0,27.0,0.0,0.7620139860139861,2.0,0.8490130895491378,25.0,9.0,0.8814659821390052,3805.0,80.0,69.0,0.6893115942028986,1.1594202898550725,1.0,0.0001661888736549088,8.0,4.0,2.0,906.0,3.0,0.3484615384615385,1.0,0.0,1.0,2.0,1.426776695296637,0.08593352138996124,0.6573529243469238,0.09909058958292008,2.0,0.03286507725715637,0.0008593689319027487,0.0005790302087538279,0.0,0.0,7.322512951835058e-05,-0.0003406864832637968,0.0,0.0,0.0,0.00011366345138463796,0.0,0.00014109652907046133,0.0,0.0,8.0,13867.png,0.0,1.0,1.0,20.0,0.45,0.55,0.0,R244-F0-gtfree-merge-targeted-candidates,1.0,val
1.0,0.27605659433146806,0.1601308914340001,4.0,-4.0,0.8647658961984591,0.2727621156630611,27.0,27.0,0.0,0.7617511606660079,2.0,0.8488468730521505,25.0,10.0,0.8812934121402994,3805.0,80.0,69.0,0.6893115942028986,1.1594202898550725,1.0,0.0001661888736549088,8.0,4.0,4.0,646.0,3.0,0.23890532544378698,0.5,1.0,0.0,2.0,1.25,0.08158458769321442,0.5828431844711304,0.09632632657885551,1.0,0.026447882875800133,-0.0006369136981939083,-0.00042877065681298787,0.0,0.0,-9.610854248232048e-05,0.0,0.0,0.0,0.0,-0.0001491618965935304,0.0,-2.5119967916875652e-05,0.0,-0.00017256999870574052,8.0,13867.png,0.0,1.0,1.0,20.0,0.4583333333333333,0.5416666666666666,1.0,R244-F0-gtfree-merge-targeted-candidates,0.0,val
1.0,0.278010185522008,0.16144705571692633,4.0,-4.0,0.8648900464801109,0.27156971297163784,27.0,27.0,0.0,0.7619438485215931,2.0,0.8493065230500509,25.0,1.0,0.881056128392079,10541.0,111.0,149.0,0.6373420400266038,1.3423423423423424,1.0,0.0009763596327225893,47.0,23.0,3.0,857.0,3.0,0.23667495167080918,0.6811594202898551,0.40425531914893614,0.5957446808510638,2.23606797749979,1.5170332570158676,0.07880444079637527,0.618439793586731,0.09388015419244766,7.666666666666667,0.035813309252262115,0.0013166774923460411,0.0008873936261132309,0.0,0.0,2.804173916948205e-05,-0.0011924026914232333,0.0,0.0,0.0,4.352595899170808e-05,0.0,0.00043453002998361523,0.0,-0.0004098537469261476,10.0,13867.png,0.0,1.0,1.0,19.0,0.44166666666666665,0.5583333333333333,1.0,R244-F0-gtfree-merge-targeted-candidates,0.0,val
1.0,0.2773204784210287,0.16098204857444562,4.0,-4.0,0.8648757356365638,0.2722510859381654,27.0,27.0,0.0,0.7619216351802466,2.0,0.8490585643626086,25.0,2.0,0.8812934121402994,7560.0,99.0,137.0,0.557398805573988,1.3838383838383839,1.0,0.000415472184137272,20.0,2.0,10.0,1400.0,3.0,0.4827586206896552,1.0,0.4,0.6,2.0,1.5,0.10039093345403671,0.6388235688209534,0.12120164260268211,5.0,0.03546581044793129,0.0006269703913667213,0.00042238648363251974,0.0,0.0,1.3730895622399153e-05,-0.0005110297248956952,0.0,0.0,0.0,2.1312617645152798e-05,0.0,0.00018657134254129737,0.0,-0.00017256999870574052,10.0,13867.png,0.0,1.0,1.0,24.0,0.40625,0.59375,1.0,R244-F0-gtfree-merge-targeted-candidates,0.0,val
1.0,0.2762008733624454,0.16022799240025332,4.0,-4.0,0.8642971339029529,0.2727621156630611,27.0,27.0,0.0,0.7610239964201145,2.0,0.8487242935268553,25.0,4.0,0.880452133396609,10541.0,111.0,149.0,0.6373420400266038,1.3423423423423424,1.0,0.0009763596327225893,47.0,21.0,12.0,1775.0,4.0,0.428743961352657,0.1865079365079365,1.0,0.0,2.23606797749979,1.4412061505021911,0.09151926636695862,0.5942428708076477,0.12196774780750275,1.75,0.039047203958034515,-0.0004926346672165516,-0.0003316696905597827,0.0,0.0,-0.000564870837988507,0.0,0.0,0.0,0.0,-0.000876326142486894,0.0,-0.0001476994932120279,0.0,-0.001013848742396184,10.0,13867.png,0.0,1.0,1.0,19.0,0.4797297297297297,0.5202702702702703,1.0,R244-F0-gtfree-merge-targeted-candidates,0.0,val
1.0,0.27696925595779515,0.16074539407696775,4.0,-4.0,0.8648362581765067,0.27237884336938933,27.0,27.0,0.0,0.7618603610323735,2.0,0.849002493765586,25.0,5.0,0.8812718408904612,10541.0,111.0,149.0,0.6373420400266038,1.3423423423423424,1.0,0.0003739249657235448,18.0,9.0,2.0,871.0,3.0,0.3056140350877193,1.0,0.5,0.5,2.23606797749979,1.5035830612358878,0.10229908674955368,0.6477124691009521,0.12078905329108239,4.5,0.04276427999138832,0.0002757479281331743,0.00018573198615465247,0.0,0.0,-2.574656443476986e-05,-0.00038327229367174365,0.0,0.0,0.0,-3.996153022789439e-05,0.0,0.00013050074551868018,0.0,-0.00019414124854399972,10.0,13867.png,0.0,1.0,1.0,19.0,0.4166666666666667,0.5833333333333334,1.0,R244-F0-gtfree-merge-targeted-candidates,0.0,val
1.0,0.276605421138803,0.16050034306222621,4.0,-4.0,0.8650267787209721,0.2727621156630611,27.0,27.0,0.0,0.7621561130280705,2.0,0.8491895261845387,25.0,7.0,0.8814659821390052,2559.0,51.0,63.0,0.7964519140989729,1.2352941176470589,1.0,0.0003739249657235448,18.0,9.0,3.0,1844.0,4.0,0.6343309253525972,0.6666666666666666,0.0,0.0,2.0,1.4674563090207275,0.10316113382577896,0.4315904378890991,0.13316460251808168,3.0,0.0446070060133934,-8.808689085898491e-05,-5.931902858688498e-05,0.0,0.0,0.00016477398003067467,0.0,0.0,0.0,0.0,0.0002557904654690857,0.0,0.00031753316447136193,0.0,0.0,10.0,13867.png,0.0,1.0,1.0,12.0,0.453125,0.546875,1.0,R244-F0-gtfree-merge-targeted-candidates,0.0,val
1.0,0.2771385692846423,0.16085946573751453,4.0,-4.0,0.8650725604140865,0.27216591431734943,27.0,27.0,0.0,0.7622271964185786,2.0,0.8492777720045723,25.0,8.0,0.8814659821390052,10541.0,111.0,149.0,0.6373420400266038,1.3423423423423424,1.0,0.0004777930117578628,23.0,11.0,5.0,605.0,2.0,0.1934761752478414,0.41818181818181815,0.0,0.6086956521739131,2.23606797749979,1.4555960288964815,0.0791020467877388,0.6267690062522888,0.09537828713655472,2.2,0.032904867082834244,0.000445061254980339,0.0002998036467014298,0.0,0.0,0.00021055567314509638,-0.0005962013457116444,0.0,0.0,0.0,0.0003268738559771833,0.0,0.00040577898450500083,0.0,0.0,10.0,13867.png,0.0,1.0,1.0,19.0,0.45,0.55,0.0,R244-F0-gtfree-merge-targeted-candidates,0.0,val
1.0,0.2778788430052756,0.16135847462103206,4.0,-4.0,0.8650450908167153,0.27191039945490164,27.0,27.0,0.0,0.7621845447932405,2.0,0.8492248223118167,25.0,9.0,0.8814659821390052,2043.0,47.0,54.0,0.8049645390070922,1.148936170212766,1.0,0.000415472184137272,20.0,10.0,4.0,1939.0,4.0,0.6429045092838196,0.5,0.0,1.0,2.0,1.4414213562373095,0.09029222279787064,0.3866666853427887,0.10813023895025253,2.5,0.03673318773508072,0.0011853349756136278,0.0007988125302189619,0.0,0.0,0.00018308607577388614,-0.0008517162081594365,0.0,0.0,0.0,0.00028422223063906404,0.0,0.00035282929174940136,0.0,0.0,10.0,13867.png,0.0,1.0,1.0,14.0,0.4444444444444444,0.5555555555555556,0.0,R244-F0-gtfree-merge-targeted-candidates,1.0,val
1.0,0.2754605412781442,0.15972991507095005,4.0,-4.0,0.8646457376320413,0.2727621156630611,27.0,27.0,0.0,0.761564708295266,2.0,0.8488154613466334,25.0,10.0,0.8810776996419173,2043.0,47.0,54.0,0.8049645390070922,1.148936170212766,1.0,0.0003739249657235448,18.0,9.0,4.0,1862.0,4.0,0.6282051282051282,0.5,1.0,0.0,2.0,1.4023689270621826,0.10054440051317215,0.3871459662914276,0.13124988526105882,2.25,0.04445992410182953,-0.0012329667515177944,-0.0008297470198630474,0.0,0.0,-0.00021626710890010337,0.0,0.0,0.0,0.0,-0.00033561426733541566,0.0,-5.653167343389054e-05,0.0,-0.0003882824970878884,10.0,13867.png,0.0,1.0,1.0,14.0,0.4264705882352941,0.5735294117647058,1.0,R244-F0-gtfree-merge-targeted-candidates,0.0,val
1.0,0.2774240494815354,0.16105185341641146,4.0,-4.0,0.8649993120309903,0.2721233285069415,27.0,27.0,0.0,0.7621134693573054,2.0,0.8491365874945452,25.0,12.0,0.8814659821390052,10541.0,111.0,149.0,0.6373420400266038,1.3423423423423424,1.0,0.00031160413810295403,15.0,7.0,3.0,994.0,3.0,0.35436720142602496,0.7142857142857143,0.0,1.0,2.23606797749979,1.5143184428079244,0.06640668958425522,0.6117647290229797,0.08489508777856827,2.3333333333333335,0.02878192625939846,0.000730541451873401,0.0004921913255983568,0.0,0.0,0.00013730729004890474,-0.0006387871561195912,0.0,0.0,0.0,0.0002131467947039667,0.0,0.0002645944744779083,0.0,0.0,10.0,13867.png,0.0,1.0,1.0,19.0,0.375,0.625,0.0,R244-F0-gtfree-merge-targeted-candidates,1.0,val
1.0,0.2775528769615647,0.16113869229956693,4.0,-4.0,0.8649266526957515,0.2722936717485734,27.0,27.0,0.0,0.7620006713662303,2.0,0.8490566037735849,25.0,13.0,0.8814012683894905,7560.0,99.0,137.0,0.557398805573988,1.3838383838383839,1.0,0.0002908305288960904,14.0,3.0,7.0,1524.0,4.0,0.5433155080213904,0.6666666666666666,0.21428571428571427,0.7857142857142857,2.0,1.4163162231961566,0.06444588303565979,0.5565826296806335,0.07308346703648567,2.3333333333333335,0.02947571873664856,0.0008593689319027487,0.0005790302087538279,0.0,0.0,6.464795481009311e-05,-0.00046844391448769285,0.0,0.0,0.0,0.00010034880362885801,0.0,0.00018461075351761114,0.0,-6.471374951466657e-05,10.0,13867.png,0.0,1.0,1.0,24.0,0.44642857142857145,0.5535714285714286,1.0,R244-F0-gtfree-merge-targeted-candidates,0.0,val
1.0,0.27665574963609896,0.16053423428179275,4.0,-4.0,0.8650267787209721,0.2719955710757176,27.0,27.0,0.0,0.7621561130280705,2.0,0.8491895261845387,25.0,14.0,0.8814659821390052,7560.0,99.0,137.0,0.557398805573988,1.3838383838383839,1.0,0.0003739249657235448,18.0,5.0,9.0,574.0,2.0,0.19000331016219796,0.4,0.0,1.0,2.0,1.36982523608291,0.08503600209951401,0.6468409895896912,0.1030302345752716,1.8,0.030361490324139595,-3.775839356301436e-05,-2.542780902034525e-05,0.0,0.0,0.00016477398003067467,-0.0007665445873434873,0.0,0.0,0.0,0.0002557904654690857,0.0,0.00031753316447136193,0.0,0.0,10.0,13867.png,0.0,3.0,3.0,24.0,0.4583333333333333,0.5416666666666666,1.0,R244-F0-gtfree-merge-targeted-candidates,1.0,val
0.0,0.2773204784210287,0.16098204857444562,4.0,-4.0,0.8649535380902991,0.27233625755898133,27.0,27.0,0.0,0.7620424071760252,2.0,0.8490483710106383,25.0,15.0,0.8814659821390052,7560.0,99.0,137.0,0.557398805573988,1.3838383838383839,1.0,0.000207736092068636,10.0,2.0,5.0,243.0,1.0,0.09169811320754717,1.0,0.0,1.0,2.0,1.5,0.05945229530334473,0.6317647695541382,0.08124205097556114,2.5,0.027307746931910515,0.0006269703913667213,0.00042238648363251974,0.0,0.0,9.153334935763091e-05,-0.000425858104079746,0.0,0.0,0.0,0.00014208461342379852,0.0,0.00017637799057101944,0.0,0.0,10.0,13867.png,0.0,3.0,3.0,24.0,0.4090909090909091,0.5909090909090909,0.0,R244-F0-gtfree-merge-targeted-candidates,1.0,val
1.0,0.2760596689103147,0.1601329604811903,4.0,-4.0,0.8647418665199077,0.2727621156630611,27.0,27.0,0.0,0.7617138701918595,2.0,0.8488405917553191,25.0,16.0,0.881250269640623,7560.0,99.0,137.0,0.557398805573988,1.3838383838383839,1.0,0.000207736092068636,10.0,2.0,5.0,1311.0,3.0,0.49471698113207546,1.0,1.0,0.0,2.0,1.5,0.07963892817497253,0.7690197229385376,0.0928260490298271,2.5,0.03273746371269226,-0.0006338391193472792,-0.00042670160962279824,0.0,0.0,-0.00012013822103373872,0.0,0.0,0.0,0.0,-0.00018645237074188525,0.0,-3.140126474820981e-05,0.0,-0.0002157124983821479,10.0,13867.png,0.0,1.0,1.0,24.0,0.38636363636363635,0.6136363636363636,1.0,R244-F0-gtfree-merge-targeted-candidates,0.0,val
1.0,0.27655511094943613,0.16046646614954355,3.0,-3.0,0.864693804110836,0.2727621156630611,27.0,27.0,0.0,0.7616392892435627,2.0,0.8488280275953786,26.0,17.0,0.8811639846412701,10541.0,111.0,149.0,0.6373420400266038,1.3423423423423424,1.0,0.0002908305288960904,14.0,7.0,4.0,822.0,4.0,0.2874125874125874,0.5,1.0,0.0,2.23606797749979,1.5092135860351399,0.06923995167016983,0.6389356255531311,0.07505215331912041,1.75,0.025777917355298996,-0.0001383970802258383,-9.319594126955266e-05,-1.0,1.0,-0.00016820063010547504,0.0,0.0,0.0,0.0,-0.00026103331903870597,0.0,-4.39654246887633e-05,1.0,-0.00030199749773507367,10.0,13867.png,0.0,1.0,1.0,19.0,0.4166666666666667,0.5833333333333334,1.0,R244-F0-gtfree-merge-targeted-candidates,0.0,val
1.0,0.27664316579486015,0.16052576013513514,4.0,-4.0,0.8647178358240548,0.2727621156630611,27.0,27.0,0.0,0.7616765797177111,2.0,0.848834309936417,25.0,18.0,0.8812071271409465,10541.0,111.0,149.0,0.6373420400266038,1.3423423423423424,1.0,0.0002492833104823632,12.0,6.0,3.0,879.0,3.0,0.31917211328976036,0.6666666666666666,1.0,0.0,2.0,1.4023689270621826,0.06236158311367035,0.6143791079521179,0.07148760929703712,2.0,0.024611985310912132,-5.034223480182565e-05,-3.3901955677956286e-05,0.0,0.0,-0.00014416891688662226,0.0,0.0,0.0,0.0,-0.00022374284489035112,0.0,-3.768308365037498e-05,0.0,-0.0002588549980586663,10.0,13867.png,0.0,1.0,1.0,19.0,0.4230769230769231,0.5769230769230769,1.0,R244-F0-gtfree-merge-targeted-candidates,0.0,val
1.0,0.27709802137821243,0.16083214530862242,4.0,-4.0,0.8649718470852208,0.2722510859381654,27.0,27.0,0.0,0.762070830458216,2.0,0.849083655404563,25.0,19.0,0.8814659821390052,2964.0,66.0,65.0,0.6909090909090909,1.0153846153846153,1.0,0.0002492833104823632,12.0,4.0,6.0,1579.0,4.0,0.5623219373219374,0.5,0.0,1.0,2.0,1.3535533905932737,0.08040686696767807,0.5336601138114929,0.09019135236740113,1.5,0.02756551280617714,0.0004045133485504615,0.00027248321780931617,0.0,0.0,0.00010984234427935391,-0.0005110297248956952,0.0,0.0,0.0,0.00017050789561456892,0.0,0.00021166238449565888,0.0,0.0,10.0,13867.png,0.0,1.0,1.0,23.0,0.4107142857142857,0.5892857142857143,0.0,R244-F0-gtfree-merge-targeted-candidates,1.0,val
1.0,0.2767060964513194,0.1605681398173082,4.0,-4.0,0.8649352298704598,0.2727621156630611,27.0,27.0,0.0,0.7620139860139861,2.0,0.8490130895491378,25.0,20.0,0.8814659821390052,2433.0,51.0,62.0,0.7694497153700189,1.2156862745098038,1.0,0.0001661888736549088,8.0,4.0,2.0,1679.0,4.0,0.6457692307692308,1.0,0.0,0.0,2.0,1.3535533905932737,0.08153755962848663,0.4117647111415863,0.11062193289399147,2.0,0.02328302152454853,1.2588421657411253e-05,8.477726495093041e-06,0.0,0.0,7.322512951835058e-05,0.0,0.0,0.0,0.0,0.00011366345138463796,0.0,0.00014109652907046133,0.0,0.0,10.0,13867.png,0.0,1.0,1.0,11.0,0.525,0.475,0.0,R244-F0-gtfree-merge-targeted-candidates,0.0,val
0.0,0.276605421138803,0.16050034306222621,4.0,-4.0,0.8649352298704598,0.2727195298526531,27.0,27.0,0.0,0.7620139860139861,2.0,0.8490130895491378,25.0,21.0,0.8814659821390052,10541.0,111.0,149.0,0.6373420400266038,1.3423423423423424,1.0,0.0001661888736549088,8.0,2.0,4.0,706.0,1.0,0.27153846153846156,1.0,0.0,0.125,2.23606797749979,1.5080618877807475,0.06563396751880646,0.6142156720161438,0.07746985778212548,2.0,0.02730616368353367,-8.808689085898491e-05,-5.931902858688498e-05,0.0,0.0,7.322512951835058e-05,-4.2585810408002356e-05,0.0,0.0,0.0,0.00011366345138463796,0.0,0.00014109652907046133,0.0,0.0,10.0,13867.png,0.0,2.0,2.0,19.0,0.325,0.675,1.0,R244-F0-gtfree-merge-targeted-candidates,0.0,val
0.0,0.27643607586300994,0.1603863204559848,4.0,-4.0,0.8647658961984591,0.2727621156630611,27.0,27.0,0.0,0.7617511606660079,2.0,0.8488468730521505,25.0,23.0,0.8812934121402994,7560.0,99.0,137.0,0.557398805573988,1.3838383838383839,1.0,0.0001661888736549088,8.0,2.0,4.0,221.0,1.0,0.085,1.0,1.0,0.0,2.0,1.426776695296637,0.052954547107219696,0.647549033164978,0.05772159099578857,2.0,0.018229758366942406,-0.0002574321666520274,-0.00017334163482829457,0.0,0.0,-9.610854248232048e-05,0.0,0.0,0.0,0.0,-0.0001491618965935304,0.0,-2.5119967916875652e-05,0.0,-0.00017256999870574052,10.0,13867.png,0.0,4.0,4.0,24.0,0.35,0.65,1.0,R244-F0-gtfree-merge-targeted-candidates,0.0,val
1.0,0.2774114329892219,0.1610433497016738,4.0,-4.0,0.8649140631614597,0.2724640149902053,27.0,27.0,0.0,0.7619811285570433,2.0,0.8489923124870143,25.0,24.0,0.8814444108891669,7560.0,99.0,137.0,0.557398805573988,1.3838383838383839,1.0,0.0001661888736549088,8.0,2.0,4.0,1552.0,4.0,0.5969230769230769,1.0,0.125,0.875,2.0,1.5,0.06160581484436989,0.7186274528503418,0.07221094742417336,2.0,0.024154283106327057,0.0007179249595599124,0.0004836876108607058,0.0,0.0,5.2058420518252824e-05,-0.00029810067285579445,0.0,0.0,0.0,8.080599444182379e-05,0.0,0.00012031946694701645,0.0,-2.15712498382592e-05,10.0,13867.png,0.0,1.0,1.0,24.0,0.35,0.65,1.0,R244-F0-gtfree-merge-targeted-candidates,0.0,val
1.0,0.2764612235615192,0.16040325134593053,4.0,-4.0,0.8647658961984591,0.2727621156630611,27.0,27.0,0.0,0.7617511606660079,2.0,0.8488468730521505,25.0,25.0,0.8812934121402994,7560.0,99.0,137.0,0.557398805573988,1.3838383838383839,1.0,0.0001661888736549088,8.0,2.0,4.0,1250.0,3.0,0.4807692307692308,1.0,1.0,0.0,2.0,1.426776695296637,0.06406933814287186,0.7877451181411743,0.07844034507870674,2.0,0.024836061522364616,-0.00023228446814277381,-0.000156410744882568,0.0,0.0,-9.610854248232048e-05,0.0,0.0,0.0,0.0,-0.0001491618965935304,0.0,-2.5119967916875652e-05,0.0,-0.00017256999870574052,10.0,13867.png,0.0,1.0,1.0,24.0,0.4,0.6,1.0,R244-F0-gtfree-merge-targeted-candidates,0.0,val
1.0,0.27664316579486015,0.16052576013513514,4.0,-4.0,0.8647658961984591,0.2727621156630611,27.0,27.0,0.0,0.7617511606660079,2.0,0.8488468730521505,25.0,26.0,0.8812934121402994,7560.0,99.0,137.0,0.557398805573988,1.3838383838383839,1.0,0.0001661888736549088,8.0,2.0,4.0,1205.0,3.0,0.4634615384615385,1.0,1.0,0.0,2.0,1.426776695296637,0.05474216863512993,0.7647058963775635,0.06335961669683457,2.0,0.024014605209231377,-5.034223480182565e-05,-3.3901955677956286e-05,0.0,0.0,-9.610854248232048e-05,0.0,0.0,0.0,0.0,-0.0001491618965935304,0.0,-2.5119967916875652e-05,0.0,-0.00017256999870574052,10.0,13867.png,0.0,1.0,1.0,24.0,0.4,0.6,1.0,R244-F0-gtfree-merge-targeted-candidates,0.0,val
1.0,0.2769342667515229,0.1607218235542423,2.0,-2.0,0.8649718470852208,0.2722510859381654,27.0,27.0,0.0,0.762070830458216,2.0,0.849083655404563,27.0,27.0,0.8814659821390052,2792.0,67.0,58.0,0.7184765826042203,1.1551724137931034,1.0,0.0002492833104823632,12.0,6.0,5.0,1495.0,4.0,0.5223619846261356,0.4,0.0,1.0,2.0,1.4511844635310913,0.06510266661643982,0.623856246471405,0.08225734233856201,1.2,0.0235543604940176,0.00024075872186091196,0.00016216146342920568,-2.0,2.0,0.00010984234427935391,-0.0005110297248956952,0.0,0.0,0.0,0.00017050789561456892,0.0,0.00021166238449565888,2.0,0.0,10.0,13867.png,0.0,1.0,1.0,22.0,0.3333333333333333,0.6666666666666666,0.0,R244-F0-gtfree-merge-targeted-candidates,1.0,val
1.0,0.27665574963609896,0.16053423428179275,4.0,-4.0,0.8649810018733529,0.2724214291797973,27.0,27.0,0.0,0.7620850428944423,2.0,0.8491012987012987,25.0,28.0,0.8814659821390052,10541.0,111.0,149.0,0.6373420400266038,1.3423423423423424,1.0,0.0002700569196892268,13.0,5.0,5.0,868.0,4.0,0.30900676397294413,0.52,0.0,0.6153846153846154,2.23606797749979,1.4896198601532116,0.07177531719207764,0.6377073526382446,0.08642117083072663,1.0,0.030241232365369797,-3.775839356301436e-05,-2.542780902034525e-05,0.0,0.0,0.00011899713241148024,-0.0003406864832637968,0.0,0.0,0.0,0.00018472033184091519,0.0,0.00022930568123136208,0.0,0.0,10.0,13867.png,0.0,1.0,1.0,19.0,0.4642857142857143,0.5357142857142857,1.0,R244-F0-gtfree-merge-targeted-candidates,0.0,val
1.0,0.27848216314473984,0.16176548228710205,2.0,-2.0,0.8650664180843626,0.27046248190103056,27.0,27.0,0.0,0.762217659137577,2.0,0.8498876030305553,27.0,1.0,0.8807972733940205,10541.0,111.0,149.0,0.6373420400266038,1.3423423423423424,1.0,0.0019527192654451785,94.0,45.0,8.0,1406.0,3.0,0.26996927803379417,0.2611111111111111,0.32978723404255317,0.574468085106383,2.8284271247461903,1.5655050568680382,0.0837753638625145,0.628243625164032,0.10561645552515984,5.625,0.03884083777666092,0.001788655115077864,0.0012058201962889536,-2.0,2.0,0.00020441334342113926,-0.0022996337620305174,0.0,0.0,0.0,0.00031733657497556855,0.0,0.0010156100104879995,2.0,-0.0006687087449847029,12.0,13867.png,0.0,1.0,1.0,19.0,0.47368421052631576,0.5263157894736842,1.0,R244-F0-gtfree-merge-targeted-candidates,0.0,val
1.0,0.27655511094943613,0.16046646614954355,4.0,-4.0,0.8645587441382887,0.2727195298526531,27.0,27.0,0.0,0.7614297434367542,2.0,0.8488079649144686,25.0,2.0,0.8809051296432115,3805.0,80.0,69.0,0.6893115942028986,1.1594202898550725,1.0,0.0005608874485853173,27.0,13.0,3.0,849.0,4.0,0.2729026036644166,0.6923076923076923,0.9629629629629629,0.037037037037037035,2.23606797749979,1.5296504844350285,0.09509710967540741,0.6556281447410583,0.140916246175766,4.333333333333333,0.046351950615644455,-0.0001383970802258383,-9.319594126955266e-05,0.0,0.0,-0.0003032606026527329,-4.2585810408002356e-05,0.0,0.0,0.0,-0.00047057912584724804,0.0,-6.402810559869021e-05,0.0,-0.000560852495793629,12.0,13867.png,0.0,1.0,1.0,20.0,0.4125,0.5875,1.0,R244-F0-gtfree-merge-targeted-candidates,0.0,val
1.0,0.27682510802820104,0.16064829479463627,4.0,-4.0,0.8650450908167153,0.27191039945490164,27.0,27.0,0.0,0.7621845447932405,2.0,0.8492248223118167,25.0,3.0,0.8814659821390052,3805.0,80.0,69.0,0.6893115942028986,1.1594202898550725,1.0,0.000415472184137272,20.0,10.0,2.0,615.0,2.0,0.2120689655172414,1.0,0.0,1.0,2.0,1.4707106781186547,0.09876493364572525,0.6700000166893005,0.1475566104054451,5.0,0.04363835230469704,0.000131599998539067,8.863270382317157e-05,0.0,0.0,0.00018308607577388614,-0.0008517162081594365,0.0,0.0,0.0,0.00028422223063906404,0.0,0.00035282929174940136,0.0,0.0,12.0,13867.png,0.0,2.0,2.0,20.0,0.46875,0.53125,0.0,R244-F0-gtfree-merge-targeted-candidates,1.0,val
1.0,0.2762008733624454,0.16022799240025332,4.0,-4.0,0.8642851092664747,0.2727621156630611,27.0,27.0,0.0,0.7610053511830402,2.0,0.8487211478477854,25.0,5.0,0.8804305621467707,10541.0,111.0,149.0,0.6373420400266038,1.3423423423423424,1.0,0.000997133241929453,48.0,21.0,12.0,1776.0,4.0,0.4289855072463768,0.19047619047619047,1.0,0.0,2.8284271247461903,1.470106587465608,0.09060269594192505,0.5955882668495178,0.12176035344600679,1.75,0.03972403332591057,-0.0004926346672165516,-0.0003316696905597827,0.0,0.0,-0.0005768954744667099,0.0,0.0,0.0,0.0,-0.0008949713795611824,0.0,-0.0001508451722819215,0.0,-0.0010354199922344431,12.0,13867.png,0.0,1.0,1.0,19.0,0.4797297297297297,0.5202702702702703,1.0,R244-F0-gtfree-merge-targeted-candidates,0.0,val
1.0,0.276605421138803,0.16050034306222621,4.0,-4.0,0.8645856488097128,0.2727621156630611,27.0,27.0,0.0,0.761471482109895,2.0,0.8487997505975268,25.0,7.0,0.8809698433927262,10541.0,111.0,149.0,0.6373420400266038,1.3423423423423424,1.0,0.0004777930117578628,23.0,11.0,5.0,947.0,3.0,0.3028461784457947,0.41818181818181815,1.0,0.0,2.23606797749979,1.4584001637767414,0.05796908214688301,0.6231884956359863,0.06968344449996948,2.2,0.024772854521870613,-8.808689085898491e-05,-5.931902858688498e-05,0.0,0.0,-0.00027635593122865565,0.0,0.0,0.0,0.0,-0.0004288404527064138,0.0,-7.224242254055824e-05,0.0,-0.0004961387462789624,12.0,13867.png,0.0,1.0,1.0,19.0,0.4375,0.5625,1.0,R244-F0-gtfree-merge-targeted-candidates,0.0,val
1.0,0.27782069341573135,0.1613192612137203,4.0,-4.0,0.8651732971988736,0.27161229878204585,27.0,27.0,0.0,0.762383626560197,2.0,0.8494719773823383,25.0,9.0,0.8814659821390052,10541.0,111.0,149.0,0.6373420400266038,1.3423423423423424,1.0,0.0007063027130333624,34.0,12.0,10.0,1058.0,2.0,0.3040229885057471,0.2833333333333333,0.0,0.7941176470588235,2.8284271247461903,1.7485725210506426,0.06533008813858032,0.6152249574661255,0.08494053110480308,1.2,0.02893914096057415,0.0011271853860693737,0.0007595991229072119,0.0,0.0,0.0003112924579321552,-0.001149816881015231,0.0,0.0,0.0,0.0004833039975955522,0.0,0.0005999843622709333,0.0,0.0,12.0,13867.png,0.0,2.0,2.0,19.0,0.375,0.625,0.0,R244-F0-gtfree-merge-targeted-candidates,1.0,val
1.0,0.27652703870468914,0.1604475642581939,4.0,-4.0,0.8645856488097128,0.2727621156630611,27.0,27.0,0.0,0.761471482109895,2.0,0.8487997505975268,25.0,11.0,0.8809698433927262,10541.0,111.0,149.0,0.6373420400266038,1.3423423423423424,1.0,0.0004777930117578628,23.0,10.0,6.0,911.0,4.0,0.2908684546615581,0.38333333333333336,1.0,0.0,2.23606797749979,1.4969370993146838,0.06567054241895676,0.6395567059516907,0.07511832565069199,1.6666666666666667,0.028300413861870766,-0.00016646932497282885,-0.00011209783261920125,0.0,0.0,-0.00027635593122865565,0.0,0.0,0.0,0.0,-0.0004288404527064138,0.0,-7.224242254055824e-05,0.0,-0.0004961387462789624,12.0,13867.png,0.0,1.0,1.0,19.0,0.45,0.55,1.0,R244-F0-gtfree-merge-targeted-candidates,0.0,val
1.0,0.27655511094943613,0.16046646614954355,4.0,-4.0,0.8646697713801863,0.2727621156630611,27.0,27.0,0.0,0.7616019987694144,2.0,0.8488217447321391,25.0,12.0,0.8811208421415937,10541.0,111.0,149.0,0.6373420400266038,1.3423423423423424,1.0,0.0003323777473098176,16.0,7.0,3.0,623.0,3.0,0.22210338680926917,0.7619047619047619,1.0,0.0,2.8284271247461903,1.6330618877807475,0.06386400759220123,0.6139705777168274,0.07972907274961472,2.3333333333333335,0.03212841600179672,-0.0001383970802258383,-9.319594126955266e-05,0.0,0.0,-0.00019223336075513409,0.0,0.0,0.0,0.0,-0.0002983237931870608,0.0,-5.024828792821179e-05,0.0,-0.00034513999741148105,12.0,13867.png,0.0,2.0,2.0,19.0,0.375,0.625,1.0,R244-F0-gtfree-merge-targeted-candidates,0.0,val
1.0,0.27682510802820104,0.16064829479463627,4.0,-4.0,0.8648448414546378,0.27250660080061323,27.0,27.0,0.0,0.7618736830328007,2.0,0.84895898267049,25.0,13.0,0.8813365546399758,1483.0,43.0,46.0,0.749747219413549,1.069767441860465,1.0,0.0002492833104823632,12.0,6.0,2.0,1479.0,4.0,0.5477777777777778,1.0,0.5,0.5,2.0,1.4511844635310913,0.07669739425182343,0.33856210112571716,0.08625964671373368,3.0,0.028339192271232605,0.000131599998539067,8.863270382317157e-05,0.0,0.0,-1.7163286303634173e-05,-0.0002555148624478476,0.0,0.0,0.0,-2.6639529800753792e-05,0.0,8.698965042264195e-05,0.0,-0.00012942749902933315,12.0,13867.png,0.0,3.0,3.0,16.0,0.4583333333333333,0.5416666666666666,1.0,R244-F0-gtfree-merge-targeted-candidates,0.0,val
1.0,0.2762792813281783,0.1602807684188305,4.0,-4.0,0.8647630336769468,0.2727195298526531,27.0,27.0,0.0,0.7617467183770883,2.0,0.848861369680851,25.0,16.0,0.8812718408904612,1483.0,43.0,46.0,0.749747219413549,1.069767441860465,1.0,0.000207736092068636,10.0,5.0,2.0,1832.0,4.0,0.6913207547169812,1.0,0.9,0.1,2.0,1.4414213562373095,0.05119962617754936,0.41372546553611755,0.05666767284274101,2.5,0.026784628629684448,-0.00041422670148366647,-0.0002788936719826107,0.0,0.0,-9.897106399459066e-05,-4.2585810408002356e-05,0.0,0.0,0.0,-0.00015360418551313426,0.0,-1.0623339216309091e-05,0.0,-0.00019414124854399972,12.0,13867.png,0.0,1.0,1.0,16.0,0.45454545454545453,0.5454545454545454,1.0,R244-F0-gtfree-merge-targeted-candidates,0.0,val
1.0,0.275382096069869,0.15967716410824498,4.0,-4.0,0.8646308547234718,0.2727195298526531,27.0,27.0,0.0,0.7615416169451074,2.0,0.8488268179645447,25.0,19.0,0.8810345571422408,3805.0,80.0,69.0,0.6893115942028986,1.1594202898550725,1.0,0.0004362457933441356,21.0,7.0,7.0,696.0,3.0,0.2300826446280992,0.42857142857142855,0.9523809523809523,0.047619047619047616,2.23606797749979,1.516056863666254,0.08417950570583344,0.6087769269943237,0.10590165108442307,1.0,0.040409550070762634,-0.0013114119597929519,-0.0008824979825681201,0.0,0.0,-0.00023115001746965014,-4.2585810408002356e-05,0.0,0.0,0.0,-0.0003587056174940706,0.0,-4.517505552259493e-05,0.0,-0.0004314249967644068,12.0,13867.png,0.0,1.0,1.0,20.0,0.4444444444444444,0.5555555555555556,1.0,R244-F0-gtfree-merge-targeted-candidates,0.0,val
1.0,0.27669350802966197,0.1605596620908131,4.0,-4.0,0.8650084674005081,0.27233625755898133,27.0,27.0,0.0,0.7621276833840014,2.0,0.8491542329911475,25.0,22.0,0.8814659821390052,10541.0,111.0,149.0,0.6373420400266038,1.3423423423423424,1.0,0.0003323777473098176,16.0,6.0,6.0,908.0,4.0,0.3113854595336077,0.4444444444444444,0.0,0.625,2.23606797749979,1.4603161363744843,0.07032191753387451,0.6401960849761963,0.0857466422021389,1.0,0.030169963836669922,0.0,0.0,0.0,0.0,0.0001464626595666374,-0.000425858104079746,0.0,0.0,0.0,0.00022736082139995784,0.0,0.00028223997108012266,0.0,0.0,12.0,13867.png,0.0,1.0,1.0,19.0,0.484375,0.515625,0.0,R244-F0-gtfree-merge-targeted-candidates,0.0,val
1.0,0.2767215500773219,0.16057854729729729,4.0,-4.0,0.8649352298704598,0.2724214291797973,27.0,27.0,0.0,0.7620139860139861,2.0,0.8490130895491378,25.0,29.0,0.8814659821390052,1483.0,43.0,46.0,0.749747219413549,1.069767441860465,1.0,0.0001661888736549088,8.0,4.0,4.0,1825.0,4.0,0.6749260355029586,0.5,0.0,1.0,2.0,1.3535533905932737,0.07891425490379333,0.34656864404678345,0.10159895867109299,1.0,0.026520468294620514,2.8042047659937452e-05,1.8885206484187123e-05,0.0,0.0,7.322512951835058e-05,-0.0003406864832637968,0.0,0.0,0.0,0.00011366345138463796,0.0,0.00014109652907046133,0.0,0.0,12.0,13867.png,0.0,1.0,1.0,16.0,0.5208333333333334,0.4791666666666667,0.0,R244-F0-gtfree-merge-targeted-candidates,1.0,val
1.0,0.22171945701357465,0.12468193384223919,4.0,4.0,0.809350051969305,0.07493558047217773,19.0,19.0,0.0,0.6797548291233284,1.0,0.8853355266340897,22.0,1.0,0.7453767820773931,5338.0,88.0,95.0,0.6385167464114833,1.0795454545454546,1.0,0.0006768843978146304,14.0,2.0,7.0,1683.0,4.0,0.612,1.0,1.0,0.0,2.0,1.4581581115980782,0.056690480560064316,0.6344538331031799,0.061178589612245565,3.5,0.01070673018693924,-5.1904671950125936e-05,-3.282831328126068e-05,0.0,0.0,-0.0003685163325984897,0.0,0.0,0.0,0.0,-0.0005200594353640398,0.0,-7.761459300503759e-05,0.0,-0.0005702647657840343,8.0,1399.png,0.0,1.0,1.0,19.0,0.4807692307692308,0.5192307692307693,1.0,R244-F0-gtfree-merge-targeted-candidates,0.0,val
1.0,0.2217021608549809,0.12467099491138796,4.0,4.0,0.8095080154781648,0.07493558047217773,19.0,19.0,0.0,0.6799777117384844,1.0,0.8853688029020557,22.0,2.0,0.7456211812627291,5338.0,88.0,95.0,0.6385167464114833,1.0795454545454546,1.0,0.00038679108446550305,8.0,4.0,2.0,1368.0,3.0,0.5261538461538462,1.0,1.0,0.0,2.0,1.426776695296637,0.05081880837678909,0.6612745523452759,0.06355675607919693,2.0,0.011422724463045597,-6.920083054387516e-05,-4.376724413249211e-05,0.0,0.0,-0.00021055282373871886,0.0,0.0,0.0,0.0,-0.0002971768202080227,0.0,-4.433832503902835e-05,0.0,-0.00032586558044800373,8.0,1399.png,0.0,1.0,1.0,19.0,0.4,0.6,1.0,R244-F0-gtfree-merge-targeted-candidates,0.0,val
1.0,0.22234357934155094,0.1250768015448082,4.0,4.0,0.8096617930058174,0.07403022494602689,19.0,19.0,0.0,0.6801947448619319,1.0,0.8859092889297643,22.0,2.0,0.7454989816700611,5338.0,88.0,95.0,0.6385167464114833,1.0795454545454546,1.0,0.0011603732533965092,24.0,8.0,9.0,1177.0,3.0,0.36873433583959897,0.3333333333333333,0.4583333333333333,0.5416666666666666,2.23606797749979,1.5131626167337668,0.06093728169798851,0.6462418437004089,0.07342667877674103,1.125,0.013724517077207565,0.0005722176560261638,0.00036203938928776325,0.0,0.0,-5.677529608605347e-05,-0.0009053555261508417,0.0,0.0,0.0,-8.014369676057065e-05,0.0,0.0004961477026695915,0.0,-0.000448065173116019,12.0,1399.png,0.0,1.0,1.0,19.0,0.4880952380952381,0.5119047619047619,1.0,R244-F0-gtfree-merge-targeted-candidates,0.0,val
1.0,0.22208359326263255,0.12491228070175439,5.0,5.0,0.809544871511345,0.07458736680827356,19.0,19.0,0.0,0.6800297232026751,1.0,0.8855718985871879,23.0,3.0,0.745539714867617,5338.0,88.0,95.0,0.6385167464114833,1.0795454545454546,1.0,0.0007252332833728183,15.0,7.0,5.0,1781.0,4.0,0.6109777015437393,0.42857142857142855,0.6666666666666666,0.3333333333333333,2.23606797749979,1.4752660136327973,0.058963432908058167,0.663267970085144,0.08293684422969819,1.4,0.013947166502475739,0.0003122315771077744,0.00019751854623394072,1.0,1.0,-0.000173696790558453,-0.00034821366390416775,0.0,0.0,0.0,-0.0002451653560173739,0.0,0.00015875736009318686,1.0,-0.00040733197556008793,12.0,1399.png,0.0,1.0,1.0,19.0,0.453125,0.546875,1.0,R244-F0-gtfree-merge-targeted-candidates,0.0,val
1.0,0.2213383247543285,0.12444093659563273,4.0,4.0,0.8094648385670058,0.07479629500661605,19.0,19.0,0.0,0.679916784307898,1.0,0.885437832607644,22.0,4.0,0.7454989816700611,5338.0,88.0,95.0,0.6385167464114833,1.0795454545454546,1.0,0.0006285355122564425,13.0,4.0,6.0,1772.0,4.0,0.6310541310541311,0.5416666666666666,0.8461538461538461,0.15384615384615385,2.23606797749979,1.4664996232496905,0.056283608078956604,0.6657616496086121,0.06763654798269272,1.5,0.011001256294548512,-0.0004330369311962845,-0.00027382555988772483,0.0,0.0,-0.0002537297348976786,-0.00013928546556167543,0.0,0.0,0.0,-0.000358104250794411,0.0,2.4691380549279884e-05,0.0,-0.000448065173116019,12.0,1399.png,0.0,1.0,1.0,19.0,0.4107142857142857,0.5892857142857143,1.0,R244-F0-gtfree-merge-targeted-candidates,0.0,val
1.0,0.45632579482137003,0.29561017039120974,3.0,-3.0,0.9404703451005108,0.21011275684595135,28.0,28.0,0.0,0.8876300354139,1.0,0.9203901599368859,21.0,1.0,0.9614462525098145,40145.0,230.0,267.0,0.6537208923628074,1.1608695652173913,1.0,0.0003441402945267354,24.0,12.0,2.0,818.0,2.0,0.27266666666666667,1.0,0.08333333333333333,0.9166666666666666,2.0,1.4755922317655454,0.060726966708898544,0.7029412388801575,0.07767000868916511,6.0,0.03500699996948242,0.001728187871689657,0.0014488509872748745,0.0,0.0,0.00013607632262147007,-0.0008643381919616611,0.0,0.0,0.0,0.00024239884910948195,0.0,0.00028806498284295046,0.0,-2.9967934310315414e-05,6.0,14041.png,0.0,1.0,1.0,19.0,0.4722222222222222,0.5277777777777778,1.0,R244-F0-gtfree-merge-targeted-candidates,0.0,val
1.0,0.4519908241848271,0.29198200582164596,3.0,-3.0,0.9400063035527116,0.21089851883864377,28.0,28.0,0.0,0.8868036731758588,1.0,0.9200780566197466,21.0,2.0,0.9608169258892985,40145.0,230.0,267.0,0.6537208923628074,1.1608695652173913,1.0,0.0006596022311762429,46.0,23.0,8.0,1329.0,3.0,0.33425553319919515,0.25,0.9565217391304348,0.043478260869565216,2.0,1.4235930733530124,0.047309476882219315,0.6111679673194885,0.06642067804932594,2.875,0.02705804817378521,-0.002606782764853266,-0.0021793135822889,0.0,0.0,-0.00032796522517763993,-7.857619926923687e-05,0.0,0.0,0.0,-0.0005839633889316298,0.0,-2.4038334296316854e-05,0.0,-0.000659294554826384,6.0,14041.png,0.0,1.0,1.0,19.0,0.4714285714285714,0.5285714285714286,1.0,R244-F0-gtfree-merge-targeted-candidates,0.0,val
1.0,0.45404253575380077,0.2936966548269098,3.0,-3.0,0.9401634238393609,0.210977095037913,28.0,28.0,0.0,0.8870833909556078,1.0,0.9200768822525353,21.0,3.0,0.9611465731667116,40145.0,230.0,267.0,0.6537208923628074,1.1608695652173913,1.0,0.0003154619366495075,22.0,11.0,3.0,2126.0,4.0,0.706547025589897,0.6666666666666666,1.0,0.0,2.0,1.420120031232695,0.047234486788511276,0.7108734250068665,0.05843821428716183,3.6666666666666665,0.02590993419289589,-0.0005550711958796084,-0.0004646645770250424,0.0,0.0,-0.00017084493852836946,0.0,0.0,0.0,0.0,-0.00030424560918262955,0.0,-2.5212701507681956e-05,0.0,-0.0003296472774132475,6.0,14041.png,0.0,1.0,1.0,19.0,0.5138888888888888,0.4861111111111111,1.0,R244-F0-gtfree-merge-targeted-candidates,0.0,val
0.0,0.4531301212717142,0.2929335734717661,3.0,-3.0,0.9401323552044324,0.210977095037913,28.0,28.0,0.0,0.88702807357212,1.0,0.9200722964153027,21.0,4.0,0.9610866372980911,40145.0,230.0,267.0,0.6537208923628074,1.1608695652173913,1.0,0.00037281865240396334,26.0,6.0,13.0,881.0,1.0,0.26745598057073466,0.3333333333333333,1.0,0.0,2.0,1.387348761994826,0.08175421506166458,0.6959275603294373,0.10325400158762932,2.1666666666666665,0.053540877997875214,-0.0014674856779661738,-0.001227745932168789,0.0,0.0,-0.0002019135734568911,0.0,0.0,0.0,0.0,-0.0003595629926704813,0.0,-2.9798538740188896e-05,0.0,-0.0003895831460337673,6.0,14041.png,0.0,2.0,2.0,19.0,0.44565217391304346,0.5543478260869565,1.0,R244-F0-gtfree-merge-targeted-candidates,0.0,val
1.0,0.45411340544083906,0.29375596310823704,3.0,-3.0,0.9402410874583227,0.210977095037913,28.0,28.0,0.0,0.8872216844143272,1.0,0.9200883445437205,21.0,5.0,0.9612964128382631,40145.0,230.0,267.0,0.6537208923628074,1.1608695652173913,1.0,0.0001720701472633677,12.0,6.0,2.0,739.0,3.0,0.2737037037037037,1.0,1.0,0.0,2.0,1.4511844635310913,0.04719341918826103,0.7339869141578674,0.06506759896874428,3.0,0.02453375607728958,-0.00048420150884131985,-0.00040535629569782294,0.0,0.0,-9.318131956659315e-05,0.0,0.0,0.0,0.0,-0.0001659521504632222,0.0,-1.3750410322477258e-05,0.0,-0.00017980760586178146,6.0,14041.png,0.0,1.0,1.0,19.0,0.4583333333333333,0.5416666666666666,1.0,R244-F0-gtfree-merge-targeted-candidates,0.0,val
1.0,0.45485086856768275,0.2943734422230471,3.0,-3.0,0.9404169567288315,0.21050563784229756,28.0,28.0,0.0,0.887534924894188,1.0,0.920260444304215,21.0,6.0,0.9614762204441248,40145.0,230.0,267.0,0.6537208923628074,1.1608695652173913,1.0,0.0001720701472633677,12.0,2.0,6.0,700.0,2.0,0.25925925925925924,1.0,0.0,1.0,2.0,1.4511844635310913,0.04213213920593262,0.6928105354309082,0.047263678163290024,3.0,0.022318130359053612,0.0002532616180023761,0.00021212281911225928,0.0,0.0,8.268795094223957e-05,-0.00047145719561544897,0.0,0.0,0.0,0.00014728832939747694,0.0,0.0001583493501721156,0.0,0.0,6.0,14041.png,0.0,1.0,1.0,19.0,0.3958333333333333,0.6041666666666666,0.0,R244-F0-gtfree-merge-targeted-candidates,1.0,val
1.0,0.45444863182041617,0.29403657566922875,3.0,-3.0,0.9402255556451199,0.210977095037913,28.0,28.0,0.0,0.8871940257225833,1.0,0.920086052348512,21.0,7.0,0.9612664449039527,40145.0,230.0,267.0,0.6537208923628074,1.1608695652173913,1.0,0.00020074850514059566,14.0,3.0,7.0,635.0,2.0,0.22638146167557932,0.6666666666666666,1.0,0.0,2.0,1.4581581115980782,0.036610253155231476,0.7431372404098511,0.043424834683537486,2.3333333333333335,0.024208229035139084,-0.00014897512926420609,-0.000124743734706112,0.0,0.0,-0.0001087131327693891,0.0,0.0,0.0,0.0,-0.00019361084220714808,0.0,-1.604260553089709e-05,0.0,-0.00020977554017209687,6.0,14041.png,0.0,2.0,2.0,19.0,0.42857142857142855,0.5714285714285714,1.0,R244-F0-gtfree-merge-targeted-candidates,0.0,val
1.0,0.4543033878169678,0.29391497932789146,3.0,-3.0,0.9402841795944689,0.21081994263937454,28.0,28.0,0.0,0.8872984261333776,1.0,0.9201434205808533,21.0,8.0,0.9613263807725734,40145.0,230.0,267.0,0.6537208923628074,1.1608695652173913,1.0,0.00020074850514059566,14.0,7.0,3.0,1672.0,4.0,0.596078431372549,0.6666666666666666,0.7142857142857143,0.2857142857142857,2.0,1.4581581115980782,0.040135737508535385,0.5509804487228394,0.0488766297698021,2.3333333333333335,0.02328302152454853,-0.00029421913271260314,-0.00024634007604340535,0.0,0.0,-5.00891834204209e-05,-0.00015715239853847374,0.0,0.0,0.0,-8.921043141285612e-05,0.0,4.132562681036234e-05,0.0,-0.00014983967155146605,6.0,14041.png,0.0,1.0,1.0,19.0,0.44642857142857145,0.5535714285714286,1.0,R244-F0-gtfree-merge-targeted-candidates,0.0,val
1.0,0.45403899721448465,0.2936936936936937,3.0,-3.0,0.9402255556451199,0.210977095037913,28.0,28.0,0.0,0.8871940257225833,1.0,0.920086052348512,21.0,9.0,0.9612664449039527,40145.0,230.0,267.0,0.6537208923628074,1.1608695652173913,1.0,0.00020074850514059566,14.0,3.0,7.0,1465.0,4.0,0.5222816399286988,0.6666666666666666,1.0,0.0,2.0,1.4581581115980782,0.03593943268060684,0.6308124661445618,0.04233972653746605,2.3333333333333335,0.019767258316278458,-0.0005586097351957253,-0.0004676257102411707,0.0,0.0,-0.0001087131327693891,0.0,0.0,0.0,0.0,-0.00019361084220714808,0.0,-1.604260553089709e-05,0.0,-0.00020977554017209687,6.0,14041.png,0.0,1.0,1.0,19.0,0.39285714285714285,0.6071428571428571,1.0,R244-F0-gtfree-merge-targeted-candidates,0.0,val
1.0,0.45609866022042855,0.2954195637174248,3.0,-3.0,0.9404583061578936,0.21026990924448985,28.0,28.0,0.0,0.8876085873955625,1.0,0.9203396394199739,21.0,10.0,0.9614762204441248,40145.0,230.0,267.0,0.6537208923628074,1.1608695652173913,1.0,0.00025810522089505155,18.0,5.0,9.0,1422.0,4.0,0.47070506454816285,0.4,0.0,1.0,2.0,1.36982523608291,0.047430410981178284,0.6248366236686707,0.061178441345691684,1.8,0.02830902859568596,0.001501053270748176,0.0012582443134899202,0.0,0.0,0.00012403738000432707,-0.0007071857934231596,0.0,0.0,0.0,0.00022095083077200428,0.0,0.00023754446593093892,0.0,0.0,6.0,14041.png,0.0,1.0,1.0,19.0,0.4583333333333333,0.5416666666666666,0.0,R244-F0-gtfree-merge-targeted-candidates,1.0,val
1.0,0.4540500676035564,0.2937029577016856,3.0,-3.0,0.9402677727375989,0.2107806545397399,28.0,28.0,0.0,0.8872692068321693,1.0,0.9201531819681301,21.0,11.0,0.9612814288711079,40145.0,230.0,267.0,0.6537208923628074,1.1608695652173913,1.0,0.00025810522089505155,18.0,9.0,5.0,1612.0,4.0,0.5335981463091691,0.4,0.7222222222222222,0.2777777777777778,2.0,1.36982523608291,0.05334338918328285,0.6233115196228027,0.06184174381196499,1.8,0.02765168435871601,-0.0005475393461240041,-0.00045836170224927697,0.0,0.0,-6.649604029040912e-05,-0.00019644049817310605,0.0,0.0,0.0,-0.00011842973262121692,0.0,5.108701408718108e-05,0.0,-0.00019479157301693917,6.0,14041.png,0.0,1.0,1.0,19.0,0.4583333333333333,0.5416666666666666,1.0,R244-F0-gtfree-merge-targeted-candidates,0.0,val
1.0,0.4555323419769776,0.2949445652750517,3.0,-3.0,0.9404031743938095,0.2105842140415668,28.0,28.0,0.0,0.8875103734439834,1.0,0.9202340489609775,21.0,12.0,0.9614762204441248,40145.0,230.0,267.0,0.6537208923628074,1.1608695652173913,1.0,0.00014339178938613974,10.0,5.0,2.0,1004.0,3.0,0.37886792452830187,1.0,0.0,1.0,2.0,1.5,0.047184817492961884,0.5972549319267273,0.06102905608713627,2.5,0.02211778424680233,0.0009347350272972399,0.0007832458711168333,0.0,0.0,6.890561592021172e-05,-0.0003928809963462121,0.0,0.0,0.0,0.00012273687919295284,0.0,0.00013195400693455372,0.0,0.0,6.0,14041.png,0.0,1.0,1.0,19.0,0.4318181818181818,0.5681818181818182,0.0,R244-F0-gtfree-merge-targeted-candidates,1.0,val
1.0,0.4555063913470993,0.2949228075759987,3.0,-3.0,0.9404031743938095,0.2105842140415668,28.0,28.0,0.0,0.8875103734439834,1.0,0.9202340489609775,21.0,13.0,0.9614762204441248,40145.0,230.0,267.0,0.6537208923628074,1.1608695652173913,1.0,0.00014339178938613974,10.0,2.0,5.0,1350.0,3.0,0.5094339622641509,1.0,0.0,1.0,2.0,1.4414213562373095,0.0403524711728096,0.6392156481742859,0.05405056439340115,2.5,0.020898684859275818,0.0009087843974189269,0.00076148817206384,0.0,0.0,6.890561592021172e-05,-0.0003928809963462121,0.0,0.0,0.0,0.00012273687919295284,0.0,0.00013195400693455372,0.0,0.0,6.0,14041.png,0.0,1.0,1.0,19.0,0.4318181818181818,0.5681818181818182,0.0,R244-F0-gtfree-merge-targeted-candidates,1.0,val
1.0,0.4553425106522452,0.294785422524004,3.0,-3.0,0.9404169567288315,0.21050563784229756,28.0,28.0,0.0,0.887534924894188,1.0,0.920260444304215,21.0,14.0,0.9614762204441248,40145.0,230.0,267.0,0.6537208923628074,1.1608695652173913,1.0,0.0001720701472633677,12.0,4.0,6.0,901.0,3.0,0.3208689458689459,0.5,0.0,1.0,2.0,1.3535533905932737,0.0546874962747097,0.6398693323135376,0.06664361357688904,1.5,0.02885456010699272,0.0007449037025648031,0.0006241031200691638,0.0,0.0,8.268795094223957e-05,-0.00047145719561544897,0.0,0.0,0.0,0.00014728832939747694,0.0,0.0001583493501721156,0.0,0.0,6.0,14041.png,0.0,1.0,1.0,19.0,0.4107142857142857,0.5892857142857143,0.0,R244-F0-gtfree-merge-targeted-candidates,1.0,val
1.0,0.45411340544083906,0.29375596310823704,3.0,-3.0,0.9402721497189838,0.210977095037913,28.0,28.0,0.0,0.887277001797815,1.0,0.9200929285396738,21.0,15.0,0.9613563487068837,40145.0,230.0,267.0,0.6537208923628074,1.1608695652173913,1.0,0.0001147134315089118,8.0,4.0,2.0,1135.0,4.0,0.43653846153846154,1.0,1.0,0.0,2.0,1.426776695296637,0.04096216708421707,0.5906863212585449,0.05110928900539875,2.0,0.019404582679271698,-0.00048420150884131985,-0.00040535629569782294,0.0,0.0,-6.211905890551872e-05,0.0,0.0,0.0,0.0,-0.00011063476697548147,0.0,-9.166414369099485e-06,0.0,-0.00011987173724115063,6.0,14041.png,0.0,1.0,1.0,19.0,0.4,0.6,1.0,R244-F0-gtfree-merge-targeted-candidates,0.0,val
1.0,0.4543033878169678,0.29391497932789146,3.0,-3.0,0.9402721497189838,0.210977095037913,28.0,28.0,0.0,0.887277001797815,1.0,0.9200929285396738,21.0,16.0,0.9613563487068837,40145.0,230.0,267.0,0.6537208923628074,1.1608695652173913,1.0,0.0001147134315089118,8.0,4.0,2.0,942.0,3.0,0.36230769230769233,1.0,1.0,0.0,2.0,1.5,0.04330561310052872,0.5887254476547241,0.054717494174838066,2.0,0.02041829749941826,-0.00029421913271260314,-0.00024634007604340535,0.0,0.0,-6.211905890551872e-05,0.0,0.0,0.0,0.0,-0.00011063476697548147,0.0,-9.166414369099485e-06,0.0,-0.00011987173724115063,6.0,14041.png,0.0,3.0,3.0,19.0,0.375,0.625,1.0,R244-F0-gtfree-merge-targeted-candidates,0.0,val
1.0,0.4553425106522452,0.294785422524004,3.0,-3.0,0.9403893924627571,0.21066279024083606,28.0,28.0,0.0,0.8874858233520512,1.0,0.9202076551318639,21.0,17.0,0.9614762204441248,40145.0,230.0,267.0,0.6537208923628074,1.1608695652173913,1.0,0.0001147134315089118,8.0,4.0,2.0,952.0,3.0,0.36615384615384616,1.0,0.0,1.0,2.0,1.426776695296637,0.04708493873476982,0.7112745046615601,0.059656645730137826,2.0,0.02847781591117382,0.0007449037025648031,0.0006241031200691638,0.0,0.0,5.512368486781938e-05,-0.0003143047970769475,0.0,0.0,0.0,9.818678726070118e-05,0.0,0.00010556017782092919,0.0,0.0,6.0,14041.png,0.0,1.0,1.0,19.0,0.425,0.575,0.0,R244-F0-gtfree-merge-targeted-candidates,1.0,val
1.0,0.454940193347534,0.2944482740336179,3.0,-3.0,0.9403893924627571,0.21066279024083606,28.0,28.0,0.0,0.8874858233520512,1.0,0.9202076551318639,21.0,18.0,0.9614762204441248,40145.0,230.0,267.0,0.6537208923628074,1.1608695652173913,1.0,0.0001147134315089118,8.0,4.0,2.0,1395.0,3.0,0.5365384615384615,1.0,0.0,1.0,2.0,1.5,0.04721561074256897,0.7205882668495178,0.06589921340346336,2.0,0.01794412173330784,0.000342586397853617,0.00028695462968303387,0.0,0.0,5.512368486781938e-05,-0.0003143047970769475,0.0,0.0,0.0,9.818678726070118e-05,0.0,0.00010556017782092919,0.0,0.0,6.0,14041.png,0.0,1.0,1.0,19.0,0.4,0.6,0.0,R244-F0-gtfree-merge-targeted-candidates,1.0,val
1.0,0.45503339205965504,0.2945263604540151,3.0,-3.0,0.9404100655108232,0.2105449259419322,28.0,28.0,0.0,0.8875226489992946,1.0,0.9202472464433227,21.0,19.0,0.9614762204441248,40145.0,230.0,267.0,0.6537208923628074,1.1608695652173913,1.0,0.00015773096832475374,11.0,5.0,5.0,601.0,3.0,0.2139551441794233,0.44,0.0,1.0,2.0,1.3480388295223809,0.05308009311556816,0.6748663783073425,0.06510572880506516,1.0,0.027244169265031815,0.00043578510997466235,0.00036504105008022814,0.0,0.0,7.57967329338971e-05,-0.00043216909598081665,0.0,0.0,0.0,0.00013501243450408928,0.0,0.00014515148927973787,0.0,0.0,6.0,14041.png,0.0,1.0,1.0,19.0,0.4107142857142857,0.5892857142857143,0.0,R244-F0-gtfree-merge-targeted-candidates,1.0,val
1.0,0.45417673808841,0.2938089685147885,3.0,-3.0,0.9402721497189838,0.210977095037913,28.0,28.0,0.0,0.887277001797815,1.0,0.9200929285396738,21.0,20.0,0.9613563487068837,40145.0,230.0,267.0,0.6537208923628074,1.1608695652173913,1.0,0.0001147134315089118,8.0,4.0,4.0,1743.0,4.0,0.6446005917159763,0.5,1.0,0.0,2.0,1.3535533905932737,0.040160246193408966,0.5843137502670288,0.04804272949695587,1.0,0.024014603346586227,-0.0004208688612703515,-0.0003523508891463689,0.0,0.0,-6.211905890551872e-05,0.0,0.0,0.0,0.0,-0.00011063476697548147,0.0,-9.166414369099485e-06,0.0,-0.00011987173724115063,6.0,14041.png,0.0,1.0,1.0,19.0,0.4791666666666667,0.5208333333333334,1.0,R244-F0-gtfree-merge-targeted-candidates,0.0,val
1.0,0.4519088972636408,0.29191363251481794,3.0,-3.0,0.9399752248455218,0.21089851883864377,28.0,28.0,0.0,0.8867483542623222,1.0,0.9200734692706166,21.0,2.0,0.9607569900206778,40145.0,230.0,267.0,0.6537208923628074,1.1608695652173913,1.0,0.0007169589469306987,50.0,23.0,8.0,1333.0,3.0,0.335261569416499,0.2717391304347826,0.96,0.04,2.23606797749979,1.4885910656847545,0.047042932361364365,0.6147450804710388,0.06703943833708763,2.875,0.028727302327752113,-0.00268870968603957,-0.0022476868891169177,0.0,0.0,-0.00035904393236751986,-7.857619926923687e-05,0.0,0.0,0.0,-0.0006392823024682359,0.0,-2.862568342631988e-05,0.0,-0.0007192304234470148,8.0,14041.png,0.0,1.0,1.0,19.0,0.4714285714285714,0.5285714285714286,1.0,R244-F0-gtfree-merge-targeted-candidates,0.0,val
1.0,0.45753828515273115,0.2966286169365543,1.0,-1.0,0.9406754191131734,0.2088555376576435,28.0,28.0,0.0,0.8879954605845881,1.0,0.9208105509392804,23.0,3.0,0.9614162845755042,40145.0,230.0,267.0,0.6537208923628074,1.1608695652173913,1.0,0.0008316723784396106,58.0,14.0,25.0,1830.0,4.0,0.40433053468846664,0.1657142857142857,0.06896551724137931,0.9310344827586207,2.23606797749979,1.5240644418227762,0.04739035665988922,0.6365787982940674,0.06371267884969711,1.7857142857142858,0.031493913382291794,0.0029406782030507728,0.002467297532619428,-2.0,2.0,0.00034115033528414607,-0.0021215573802695065,0.0,0.0,0.0,0.0006078240197976426,0.0,0.0007084559852374994,2.0,-5.993586862063083e-05,8.0,14041.png,0.0,1.0,1.0,19.0,0.45930232558139533,0.5406976744186046,1.0,R244-F0-gtfree-merge-targeted-candidates,0.0,val
1.0,0.45388618019420657,0.29356582573669704,3.0,-3.0,0.9401401225339313,0.210977095037913,28.0,28.0,0.0,0.887041902917992,1.0,0.9200734429239464,21.0,4.0,0.9611016212652462,40145.0,230.0,267.0,0.6537208923628074,1.1608695652173913,1.0,0.00035847947346534937,25.0,12.0,3.0,2150.0,4.0,0.7026143790849673,0.6944444444444444,1.0,0.0,2.23606797749979,1.459148346584763,0.04538273438811302,0.7113726139068604,0.05810208544135094,4.0,0.0247027687728405,-0.0007114267554738096,-0.000595493667237823,0.0,0.0,-0.0001941462439579711,0.0,0.0,0.0,0.0,-0.00034573364679846286,0.0,-2.865203009649875e-05,0.0,-0.0003745991788786096,8.0,14041.png,0.0,1.0,1.0,19.0,0.4875,0.5125,1.0,R244-F0-gtfree-merge-targeted-candidates,0.0,val
0.0,0.45291057310228994,0.2927500926759519,3.0,-3.0,0.9400624441154484,0.210977095037913,28.0,28.0,0.0,0.8869036094592726,1.0,0.9200619763571675,21.0,5.0,0.9609517815936948,40145.0,230.0,267.0,0.6537208923628074,1.1608695652173913,1.0,0.0005018712628514891,35.0,7.0,15.0,907.0,1.0,0.26176046176046175,0.3333333333333333,1.0,0.0,2.23606797749979,1.5233115086174402,0.07677590847015381,0.7021849155426025,0.10218902826309204,2.142857142857143,0.05359748750925064,-0.00168703384739044,-0.0014112267279829394,0.0,0.0,-0.0002718246624409115,0.0,0.0,0.0,0.0,-0.0004840271055178702,0.0,-4.011859687547137e-05,0.0,-0.0005244388504300757,8.0,14041.png,0.0,2.0,2.0,19.0,0.4326923076923077,0.5673076923076923,1.0,R244-F0-gtfree-merge-targeted-candidates,0.0,val
1.0,0.4537636170038496,0.2934632906028181,2.0,-2.0,0.940178957473783,0.210977095037913,28.0,28.0,0.0,0.8871110496473517,1.0,0.9200791749738235,22.0,6.0,0.9611765411010219,40145.0,230.0,267.0,0.6537208923628074,1.1608695652173913,1.0,0.0002867835787722795,20.0,10.0,3.0,1222.0,4.0,0.41311697092630156,0.6666666666666666,1.0,0.0,2.23606797749979,1.535738832105943,0.04394861310720444,0.59333336353302,0.05512043759226799,3.3333333333333335,0.021554362028837204,-0.000833989945830782,-0.0006980288011167457,-1.0,1.0,-0.00015531130410628702,0.0,0.0,0.0,0.0,-0.0002765869174388147,0.0,-2.291998021941577e-05,1.0,-0.0002996793431029321,8.0,14041.png,0.0,1.0,1.0,19.0,0.4117647058823529,0.5882352941176471,1.0,R244-F0-gtfree-merge-targeted-candidates,0.0,val
1.0,0.45257508091940835,0.2924698157170091,3.0,-3.0,0.940034743346356,0.2107806545397399,28.0,28.0,0.0,0.8868542977664062,1.0,0.9201188101763499,21.0,7.0,0.9608319098564536,40145.0,230.0,267.0,0.6537208923628074,1.1608695652173913,1.0,0.0006882805890534708,48.0,19.0,14.0,2325.0,4.0,0.5597014925373134,0.18045112781954886,0.8958333333333334,0.10416666666666667,2.23606797749979,1.4946970017885028,0.049674686044454575,0.6202614307403564,0.062087798863649374,1.3571428571428572,0.0285531897097826,-0.0020225260302720316,-0.0016915036869257771,0.0,0.0,-0.0002995254315333318,-0.00019644049817310605,0.0,0.0,0.0,-0.0005333387983842419,0.0,1.6715222306951105e-05,0.0,-0.0006443105876712263,8.0,14041.png,0.0,1.0,1.0,19.0,0.49324324324324326,0.5067567567567568,1.0,R244-F0-gtfree-merge-targeted-candidates,0.0,val
1.0,0.45431087446242063,0.2939212464889501,2.0,-2.0,0.9402582555293358,0.21070207834047067,28.0,28.0,0.0,0.8872522578592866,1.0,0.9201761432095932,22.0,8.0,0.9612364769696424,40145.0,230.0,267.0,0.6537208923628074,1.1608695652173913,1.0,0.00032980111558812144,23.0,11.0,4.0,1894.0,4.0,0.6173402868318123,0.5227272727272727,0.6956521739130435,0.30434782608695654,2.23606797749979,1.5093381148747331,0.03645224869251251,0.5507246255874634,0.045214772969484326,2.75,0.021783048287034035,-0.0002867324872597443,-0.0002400729149847347,-1.0,1.0,-7.601324855344149e-05,-0.0002750166974423429,0.0,0.0,0.0,-0.00013537870550384135,0.0,7.404825555024086e-05,1.0,-0.0002397434744824123,8.0,14041.png,0.0,1.0,1.0,19.0,0.4605263157894737,0.5394736842105263,1.0,R244-F0-gtfree-merge-targeted-candidates,0.0,val
1.0,0.45603112840466925,0.29536290322580644,2.0,-2.0,0.9404436497409479,0.21030919734412445,28.0,28.0,0.0,0.88758247686498,1.0,0.9203252965390628,22.0,9.0,0.9614612364769697,40145.0,230.0,267.0,0.6537208923628074,1.1608695652173913,1.0,0.00025810522089505155,18.0,9.0,3.0,1173.0,3.0,0.40350877192982454,0.6666666666666666,0.05555555555555555,0.9444444444444444,2.23606797749979,1.5035830612358878,0.04505043849349022,0.6058824062347412,0.06028909645974636,3.0,0.023024724796414375,0.001433521454988873,0.0012015838218715769,-1.0,1.0,0.00010938096305856959,-0.000667897693788555,0.0,0.0,0.0,0.00019484030018956933,0.0,0.00022320158501987208,1.0,-1.4983967155157707e-05,8.0,14041.png,0.0,1.0,1.0,19.0,0.453125,0.546875,1.0,R244-F0-gtfree-merge-targeted-candidates,0.0,val
1.0,0.4546050475254015,0.2941675503711559,3.0,-3.0,0.9404307394678411,0.21046634974266296,28.0,28.0,0.0,0.8875594777027774,1.0,0.9202868411617067,21.0,10.0,0.9614762204441248,3544.0,60.0,76.0,0.7771929824561403,1.2666666666666666,1.0,0.00020074850514059566,14.0,2.0,7.0,1368.0,3.0,0.4974545454545454,1.0,0.0,0.9285714285714286,2.0,1.4581581115980782,0.05609536170959473,0.6193278431892395,0.07463070154190064,3.5,0.02762904390692711,7.440575721107123e-06,6.230967221021455e-06,0.0,0.0,9.647068995177754e-05,-0.0005107452952500535,0.0,0.0,0.0,0.0001718411379869611,0.0,0.00018474620766373295,0.0,0.0,8.0,14041.png,0.0,1.0,1.0,11.0,0.4230769230769231,0.5769230769230769,0.0,R244-F0-gtfree-merge-targeted-candidates,1.0,val
1.0,0.4548768997583057,0.29439524895275465,3.0,-3.0,0.9404307394678411,0.21042706164302832,28.0,28.0,0.0,0.8875594777027774,1.0,0.9202868411617067,21.0,11.0,0.9614762204441248,40145.0,230.0,267.0,0.6537208923628074,1.1608695652173913,1.0,0.00020074850514059566,14.0,2.0,7.0,702.0,2.0,0.25527272727272726,1.0,0.0,1.0,2.23606797749979,1.5046067930175702,0.04233216866850853,0.6929973363876343,0.047263678163290024,3.5,0.02249981462955475,0.0002792928086253199,0.000233929548819789,0.0,0.0,9.647068995177754e-05,-0.0005500333948846858,0.0,0.0,0.0,0.0001718411379869611,0.0,0.00018474620766373295,0.0,0.0,8.0,14041.png,0.0,1.0,1.0,19.0,0.36538461538461536,0.6346153846153846,0.0,R244-F0-gtfree-merge-targeted-candidates,1.0,val
1.0,0.45398320704484946,0.2936470089545912,3.0,-3.0,0.9402022570716694,0.210977095037913,28.0,28.0,0.0,0.8871525376849675,1.0,0.9200826138091277,21.0,12.0,0.9612214930024874,40145.0,230.0,267.0,0.6537208923628074,1.1608695652173913,1.0,0.00024376604195643756,17.0,3.0,8.0,1490.0,4.0,0.5217086834733894,0.7083333333333334,1.0,0.0,2.23606797749979,1.5470919458673984,0.03518449515104294,0.6318339109420776,0.04231779500842094,2.6666666666666665,0.020702209323644638,-0.0006143999048309201,-0.0005143104493436357,0.0,0.0,-0.00013201170621990332,0.0,0.0,0.0,0.0,-0.0002350988798229814,0.0,-1.948114491523434e-05,0.0,-0.000254727441637459,8.0,14041.png,0.0,1.0,1.0,19.0,0.38333333333333336,0.6166666666666667,1.0,R244-F0-gtfree-merge-targeted-candidates,0.0,val
1.0,0.45403899721448465,0.2936936936936937,3.0,-3.0,0.9402177895677918,0.210977095037913,28.0,28.0,0.0,0.8871801963767114,1.0,0.9200849062015949,21.0,13.0,0.9612514609367976,40145.0,230.0,267.0,0.6537208923628074,1.1608695652173913,1.0,0.00021508768407920963,15.0,7.0,3.0,768.0,3.0,0.2737967914438503,0.7142857142857143,1.0,0.0,2.23606797749979,1.510018769324859,0.04466955363750458,0.7409150004386902,0.06495320945978164,2.3333333333333335,0.025991713628172874,-0.0005586097351957253,-0.0004676257102411707,0.0,0.0,-0.00011647921009749762,0.0,0.0,0.0,0.0,-0.0002074401880790555,0.0,-1.7188752448049627e-05,0.0,-0.00022475950732725458,8.0,14041.png,0.0,1.0,1.0,19.0,0.42857142857142855,0.5714285714285714,1.0,R244-F0-gtfree-merge-targeted-candidates,0.0,val
1.0,0.4554317548746518,0.29486023444544635,3.0,-3.0,0.9403867715058294,0.2105449259419322,28.0,28.0,0.0,0.8874811546494419,1.0,0.9202438149874507,21.0,15.0,0.9614312685426594,40145.0,230.0,267.0,0.6537208923628074,1.1608695652173913,1.0,0.00020074850514059566,14.0,3.0,7.0,1416.0,3.0,0.5048128342245989,0.6666666666666666,0.21428571428571427,0.7857142857142857,2.0,1.4581581115980782,0.03705589845776558,0.6364145874977112,0.051349869370460516,2.3333333333333335,0.01940673030912876,0.0008341479249714401,0.0006989150415114831,0.0,0.0,5.250272794010691e-05,-0.00043216909598081665,0.0,0.0,0.0,9.351808465141165e-05,0.0,0.00014172003340773287,0.0,-4.495190146547312e-05,8.0,14041.png,0.0,1.0,1.0,19.0,0.4107142857142857,0.5892857142857143,1.0,R244-F0-gtfree-merge-targeted-candidates,0.0,val
1.0,0.45594199336364755,0.2952881248010188,3.0,-3.0,0.9404496687576948,0.21023062114485522,28.0,28.0,0.0,0.8875931997067408,1.0,0.9203505550933762,21.0,16.0,0.9614462525098145,40145.0,230.0,267.0,0.6537208923628074,1.1608695652173913,1.0,0.00030112275771089345,21.0,6.0,9.0,1454.0,3.0,0.4723846653671215,0.3888888888888889,0.09523809523809523,0.9047619047619048,2.23606797749979,1.4935741991424643,0.06371809542179108,0.6431372761726379,0.09054861962795258,1.5,0.04784589260816574,0.001344386413967169,0.0011268053970839298,0.0,0.0,0.000115399979805475,-0.0007464738930577919,0.0,0.0,0.0,0.00020556314195030456,0.0,0.00024846013933321753,0.0,-2.9967934310315414e-05,8.0,14041.png,0.0,1.0,1.0,19.0,0.4605263157894737,0.5394736842105263,1.0,R244-F0-gtfree-merge-targeted-candidates,0.0,val
1.0,0.4556329373207702,0.29502891400074277,3.0,-3.0,0.9404186087415355,0.21023062114485522,28.0,28.0,0.0,0.8875378677843715,1.0,0.9203459850245288,21.0,17.0,0.9613863166411939,40145.0,230.0,267.0,0.6537208923628074,1.1608695652173913,1.0,0.00035847947346534937,25.0,9.0,9.0,1644.0,4.0,0.5060018467220684,0.30864197530864196,0.24,0.76,2.23606797749979,1.5446586352542468,0.04676292836666107,0.6707451343536377,0.05909079536795617,1.0,0.0262594036757946,0.0010353303710898265,0.000867594596807908,0.0,0.0,8.433996364620722e-05,-0.0007464738930577919,0.0,0.0,0.0,0.0001502312195810207,0.0,0.00024389007048586375,0.0,-8.990380293094624e-05,8.0,14041.png,0.0,1.0,1.0,19.0,0.4431818181818182,0.5568181818181818,1.0,R244-F0-gtfree-merge-targeted-candidates,0.0,val
1.0,0.4548842924431702,0.2944014420528046,3.0,-3.0,0.9403281475564805,0.21070207834047067,28.0,28.0,0.0,0.8873767340221015,1.0,0.9201864467551094,21.0,18.0,0.9613713326740387,40145.0,230.0,267.0,0.6537208923628074,1.1608695652173913,1.0,0.00020074850514059566,14.0,4.0,7.0,869.0,2.0,0.3038461538461538,0.5,0.5,0.5,2.23606797749979,1.4627649046156483,0.0457887127995491,0.7210084199905396,0.06278562732040882,1.75,0.02570934034883976,0.0002866854934898133,0.000240122648869745,0.0,0.0,-6.121221408750266e-06,-0.0002750166974423429,0.0,0.0,0.0,-1.0902542688984163e-05,0.0,8.435180106647344e-05,0.0,-0.00010488777008610395,8.0,14041.png,0.0,2.0,2.0,19.0,0.36666666666666664,0.6333333333333333,1.0,R244-F0-gtfree-merge-targeted-candidates,0.0,val
1.0,0.4538937364302978,0.2935721477399184,3.0,-3.0,0.9402410874583227,0.210977095037913,28.0,28.0,0.0,0.8872216844143272,1.0,0.9200883445437205,21.0,19.0,0.9612964128382631,40145.0,230.0,267.0,0.6537208923628074,1.1608695652173913,1.0,0.0001720701472633677,12.0,6.0,3.0,1440.0,4.0,0.5228758169934641,0.6666666666666666,1.0,0.0,2.0,1.4511844635310913,0.03598425164818764,0.6009804606437683,0.04294198006391525,2.0,0.01797979697585106,-0.0007038705193825878,-0.0005891716640164524,0.0,0.0,-9.318131956659315e-05,0.0,0.0,0.0,0.0,-0.0001659521504632222,0.0,-1.3750410322477258e-05,0.0,-0.00017980760586178146,8.0,14041.png,0.0,1.0,1.0,19.0,0.4230769230769231,0.5769230769230769,1.0,R244-F0-gtfree-merge-targeted-candidates,0.0,val
1.0,0.4541284403669725,0.29376854599406527,2.0,-2.0,0.9402100233766424,0.210977095037913,28.0,28.0,0.0,0.8871663670308394,1.0,0.9200837600218006,22.0,20.0,0.9612364769696424,40145.0,230.0,267.0,0.6537208923628074,1.1608695652173913,1.0,0.0002294268630178236,16.0,7.0,5.0,922.0,2.0,0.316295025728988,0.45714285714285713,1.0,0.0,2.23606797749979,1.559427788726166,0.05099360644817352,0.7044117450714111,0.07164265960454941,1.4,0.032600801438093185,-0.0004691665827079028,-0.00039277340986959564,-1.0,1.0,-0.00012424540124689187,0.0,0.0,0.0,0.0,-0.00022126953395107396,0.0,-1.8334932242347612e-05,1.0,-0.0002397434744824123,8.0,14041.png,0.0,1.0,1.0,19.0,0.390625,0.609375,1.0,R244-F0-gtfree-merge-targeted-candidates,0.0,val
1.0,0.455178629957391,0.294648066620697,3.0,-3.0,0.9404514143338707,0.21030919734412445,28.0,28.0,0.0,0.8875963094628803,1.0,0.9203264392874559,21.0,21.0,0.9614762204441248,40145.0,230.0,267.0,0.6537208923628074,1.1608695652173913,1.0,0.00024376604195643756,17.0,7.0,7.0,646.0,3.0,0.21355371900826448,0.3469387755102041,0.0,1.0,2.23606797749979,1.4193523649701152,0.05287465453147888,0.6770473122596741,0.06775121539831161,1.0,0.028721343725919724,0.0005810230077106238,0.00048674721676211785,0.0,0.0,0.00011714555598141274,-0.000667897693788555,0.0,0.0,0.0,0.00020867289808979006,0.0,0.00022434433341300686,0.0,0.0,8.0,14041.png,0.0,1.0,1.0,19.0,0.4166666666666667,0.5833333333333334,0.0,R244-F0-gtfree-merge-targeted-candidates,1.0,val
1.0,0.4555063913470993,0.2949228075759987,3.0,-3.0,0.9403867715058294,0.2105449259419322,28.0,28.0,0.0,0.8874811546494419,1.0,0.9202438149874507,21.0,22.0,0.9614312685426594,40145.0,230.0,267.0,0.6537208923628074,1.1608695652173913,1.0,0.00020074850514059566,14.0,5.0,6.0,1359.0,3.0,0.4748427672955975,0.4666666666666667,0.21428571428571427,0.7857142857142857,2.23606797749979,1.4377850146065687,0.04884164780378342,0.6957983374595642,0.06347814425826073,1.2,0.023794688284397125,0.0009087843974189269,0.00076148817206384,0.0,0.0,5.250272794010691e-05,-0.00043216909598081665,0.0,0.0,0.0,9.351808465141165e-05,0.0,0.00014172003340773287,0.0,-4.495190146547312e-05,8.0,14041.png,0.0,1.0,1.0,19.0,0.45,0.55,1.0,R244-F0-gtfree-merge-targeted-candidates,0.0,val
1.0,0.45567753563821073,0.2950663129973475,2.0,-2.0,0.9404307394678411,0.21042706164302832,28.0,28.0,0.0,0.8875594777027774,1.0,0.9202868411617067,22.0,23.0,0.9614762204441248,40145.0,230.0,267.0,0.6537208923628074,1.1608695652173913,1.0,0.00020074850514059566,14.0,6.0,5.0,1698.0,4.0,0.5932914046121593,0.4666666666666667,0.0,1.0,2.23606797749979,1.4500402199818407,0.03566473349928856,0.6742297410964966,0.04160706847906113,1.2,0.017314910888671875,0.0010799286885303516,0.0009049935934126174,-1.0,1.0,9.647068995177754e-05,-0.0005500333948846858,0.0,0.0,0.0,0.0001718411379869611,0.0,0.00018474620766373295,1.0,0.0,8.0,14041.png,0.0,1.0,1.0,19.0,0.4666666666666667,0.5333333333333333,0.0,R244-F0-gtfree-merge-targeted-candidates,1.0,val
1.0,0.4559088673987871,0.29526033650018574,3.0,-3.0,0.9404445226108559,0.2103484854437591,28.0,28.0,0.0,0.8875840318698647,1.0,0.9203132395335829,21.0,24.0,0.9614762204441248,40145.0,230.0,267.0,0.6537208923628074,1.1608695652173913,1.0,0.0002294268630178236,16.0,6.0,6.0,625.0,3.0,0.2143347050754458,0.4444444444444444,0.0,1.0,2.23606797749979,1.4603161363744843,0.04802325740456581,0.6683823466300964,0.05874273739755154,1.0,0.024684425443410873,0.0013112604491067326,0.001099017096250876,0.0,0.0,0.0001102538329665892,-0.0006286095941539227,0.0,0.0,0.0,0.000196395305074204,0.0,0.00021114457953996801,0.0,0.0,8.0,14041.png,0.0,1.0,1.0,19.0,0.453125,0.546875,0.0,R244-F0-gtfree-merge-targeted-candidates,1.0,val
1.0,0.4545417298316057,0.2941145281018028,3.0,-3.0,0.9402488531942023,0.210977095037913,28.0,28.0,0.0,0.8872355137601992,1.0,0.9200894905920147,21.0,27.0,0.9613113968054182,40145.0,230.0,267.0,0.6537208923628074,1.1608695652173913,1.0,0.00015773096832475374,11.0,4.0,5.0,824.0,3.0,0.29898403483309144,0.55,1.0,0.0,2.23606797749979,1.4071553331471887,0.06797879934310913,0.7215686440467834,0.09257608652114868,1.25,0.03640555217862129,-5.587711807469864e-05,-4.67913021320876e-05,0.0,0.0,-8.541558368702074e-05,0.0,0.0,0.0,0.0,-0.00015212280459131478,0.0,-1.2604362028212357e-05,0.0,-0.00016482363870662375,8.0,14041.png,0.0,1.0,1.0,19.0,0.4423076923076923,0.5576923076923077,1.0,R244-F0-gtfree-merge-targeted-candidates,0.0,val
1.0,0.45388618019420657,0.29356582573669704,3.0,-3.0,0.9402479774885684,0.2109378069382784,28.0,28.0,0.0,0.8872339542795503,1.0,0.9201015403149471,21.0,28.0,0.9612964128382631,40145.0,230.0,267.0,0.6537208923628074,1.1608695652173913,1.0,0.00018640932620198167,13.0,5.0,5.0,694.0,3.0,0.247063011747953,0.52,0.9230769230769231,0.07692307692307693,2.23606797749979,1.4896198601532116,0.04686766862869263,0.6892910599708557,0.056436631828546524,1.0,0.025561047717928886,-0.0007114267554738096,-0.000595493667237823,0.0,0.0,-8.629128932091668e-05,-3.9288099634604556e-05,0.0,0.0,0.0,-0.00015368228524015315,0.0,-5.546390958732772e-07,0.0,-0.00017980760586178146,8.0,14041.png,0.0,1.0,1.0,19.0,0.42857142857142855,0.5714285714285714,1.0,R244-F0-gtfree-merge-targeted-candidates,0.0,val
1.0,0.44980347199475923,0.2901589984681211,1.0,-1.0,0.9396332387467646,0.21089851883864377,28.0,28.0,0.0,0.8861398462134203,1.0,0.9200229736520927,23.0,1.0,0.9600976954658516,40145.0,230.0,267.0,0.6537208923628074,1.1608695652173913,1.0,0.0013478828202297137,94.0,42.0,12.0,2402.0,4.0,0.44481481481481483,0.1865079365079365,0.9787234042553191,0.02127659574468085,2.8284271247461903,1.5675634111950378,0.043958257883787155,0.6098039150238037,0.05885977037250996,3.5,0.028340956196188927,-0.004794134954921148,-0.0040023209358137635,-2.0,2.0,-0.0007010300311246498,-7.857619926923687e-05,0.0,0.0,0.0,-0.001247790351370126,0.0,-7.91213019502024e-05,2.0,-0.0013785249782732878,10.0,14041.png,0.0,1.0,1.0,19.0,0.4827586206896552,0.5172413793103449,1.0,R244-F0-gtfree-merge-targeted-candidates,0.0,val
1.0,0.45632579482137003,0.29561017039120974,3.0,-3.0,0.9404694725579146,0.21007346874631674,28.0,28.0,0.0,0.8876284809163474,1.0,0.9204022205327558,21.0,2.0,0.9614312685426594,40145.0,230.0,267.0,0.6537208923628074,1.1608695652173913,1.0,0.00037281865240396334,26.0,13.0,2.0,820.0,2.0,0.26885245901639343,1.0,0.11538461538461539,0.8846153846153846,2.0,1.477469752398965,0.05936269462108612,0.7054299116134644,0.0776141993701458,6.5,0.03482725843787193,0.001728187871689657,0.0014488509872748745,0.0,0.0,0.00013520378002529476,-0.0009036262915962656,0.0,0.0,0.0,0.00024084435155691253,0.0,0.00030012557871283985,0.0,-4.495190146547312e-05,10.0,14041.png,0.0,1.0,1.0,19.0,0.47368421052631576,0.5263157894736842,1.0,R244-F0-gtfree-merge-targeted-candidates,0.0,val
1.0,0.45380423648953166,0.29349727065557263,3.0,-3.0,0.9401168202038857,0.210977095037913,28.0,28.0,0.0,0.8870004148803762,1.0,0.9200700032993359,21.0,3.0,0.9610566693637808,40145.0,230.0,267.0,0.6537208923628074,1.1608695652173913,1.0,0.0004014970102811913,28.0,13.0,3.0,2171.0,4.0,0.6978463516554163,0.717948717948718,1.0,0.0,2.8284271247461903,1.5109691353344736,0.043794237077236176,0.7123250365257263,0.05776595659554005,4.333333333333333,0.02420174516737461,-0.0007933704601487124,-0.0006640487483622337,0.0,0.0,-0.00021744857400363138,0.0,0.0,0.0,0.0,-0.00038722168441429616,0.0,-3.20916547070782e-05,0.0,-0.00041955108034408273,10.0,14041.png,0.0,1.0,1.0,19.0,0.4880952380952381,0.5119047619047619,1.0,R244-F0-gtfree-merge-targeted-candidates,0.0,val
1.0,0.4578283655420897,0.29687251101789414,1.0,-1.0,0.9407030018692959,0.20869838525910503,28.0,28.0,0.0,0.8880446216021702,1.0,0.9208634126038722,23.0,4.0,0.9614162845755042,40145.0,230.0,267.0,0.6537208923628074,1.1608695652173913,1.0,0.0008890290941940664,62.0,14.0,25.0,1834.0,4.0,0.4052143172779496,0.17714285714285713,0.06451612903225806,0.9354838709677419,2.8284271247461903,1.6082168729791253,0.046839695423841476,0.63997483253479,0.06368347480893136,1.7857142857142858,0.03361557051539421,0.003230758592409344,0.002711191613959274,-2.0,2.0,0.0003687330914066145,-0.00227870977880798,0.0,0.0,0.0,0.0006569850373797648,0.0,0.0007613176498292296,2.0,-5.993586862063083e-05,10.0,14041.png,0.0,1.0,1.0,19.0,0.45930232558139533,0.5406976744186046,1.0,R244-F0-gtfree-merge-targeted-candidates,0.0,val
0.0,0.45274365274365275,0.2926106288376032,3.0,-3.0,0.9399925238028922,0.210977095037913,28.0,28.0,0.0,0.8867791453464251,1.0,0.9200516536336897,21.0,5.0,0.9608169258892985,40145.0,230.0,267.0,0.6537208923628074,1.1608695652173913,1.0,0.000630923873299015,44.0,8.0,17.0,931.0,1.0,0.25576923076923075,0.3235294117647059,1.0,0.0,2.8284271247461903,1.7312003424422775,0.0705503597855568,0.7097148299217224,0.10162535309791565,2.125,0.05383796989917755,-0.0018539542060276304,-0.0015506905663316695,0.0,0.0,-0.00034174497499706025,0.0,0.0,0.0,0.0,-0.0006084912183653701,0.0,-5.04413203532561e-05,0.0,-0.000659294554826384,10.0,14041.png,0.0,2.0,2.0,19.0,0.4051724137931034,0.5948275862068966,1.0,R244-F0-gtfree-merge-targeted-candidates,0.0,val
1.0,0.45714519494333755,0.2962982605006364,1.0,-1.0,0.9405529041764719,0.20893411385691274,28.0,28.0,0.0,0.8877771319438678,1.0,0.9207682039357533,23.0,6.0,0.9612065090353322,40145.0,230.0,267.0,0.6537208923628074,1.1608695652173913,1.0,0.0010037425257029783,70.0,20.0,22.0,2113.0,4.0,0.44390756302521006,0.1590909090909091,0.2571428571428571,0.7428571428571429,2.8284271247461903,1.8488099706683703,0.04588297754526138,0.6816248297691345,0.059805046766996384,1.1,0.031234240159392357,0.0025475879936571744,0.002136941096701539,-2.0,2.0,0.0002186353985825784,-0.0020429811810002696,0.0,0.0,0.0,0.00038949537907728704,0.0,0.0006661089817103782,2.0,-0.0002697114087926167,10.0,14041.png,0.0,1.0,1.0,19.0,0.44565217391304346,0.5543478260869565,1.0,R244-F0-gtfree-merge-targeted-candidates,0.0,val
1.0,0.4546124856627888,0.29417377935641204,3.0,-3.0,0.9401978746793698,0.2107806545397399,28.0,28.0,0.0,0.8871447341124403,1.0,0.9201428735368373,21.0,7.0,0.9611465731667116,2230.0,47.0,61.0,0.7778165329612836,1.297872340425532,1.0,0.0003871578313425773,27.0,13.0,5.0,2069.0,4.0,0.6399628827714198,0.4153846153846154,0.8148148148148148,0.18518518518518517,2.0,1.4534311365599735,0.03974209353327751,0.473928838968277,0.059707660973072056,2.6,0.021735118702054024,1.4878713108401609e-05,1.2459952477172909e-05,0.0,0.0,-0.00013639409851951,-0.00019644049817310605,0.0,0.0,0.0,-0.00024290245235014662,0.0,4.07785827943874e-05,0.0,-0.0003296472774132475,10.0,14041.png,0.0,2.0,2.0,17.0,0.4659090909090909,0.5340909090909091,1.0,R244-F0-gtfree-merge-targeted-candidates,0.0,val
1.0,0.4548842924431702,0.2944014420528046,3.0,-3.0,0.9404445226108559,0.2103484854437591,28.0,28.0,0.0,0.8875840318698647,1.0,0.9203132395335829,21.0,9.0,0.9614762204441248,40145.0,230.0,267.0,0.6537208923628074,1.1608695652173913,1.0,0.0002294268630178236,16.0,2.0,8.0,704.0,2.0,0.25142857142857145,1.0,0.0,1.0,2.8284271247461903,1.6330618877807475,0.0423310324549675,0.6931372880935669,0.047263678163290024,4.0,0.022634107619524002,0.0002866854934898133,0.000240122648869745,0.0,0.0,0.0001102538329665892,-0.0006286095941539227,0.0,0.0,0.0,0.000196395305074204,0.0,0.00021114457953996801,0.0,0.0,10.0,14041.png,0.0,1.0,1.0,19.0,0.3392857142857143,0.6607142857142857,0.0,R244-F0-gtfree-merge-targeted-candidates,1.0,val
1.0,0.45599803343166173,0.29533513771692405,3.0,-3.0,0.9404427768454532,0.21026990924448985,28.0,28.0,0.0,0.8875809218170752,1.0,0.9203373542362914,21.0,11.0,0.9614462525098145,40145.0,230.0,267.0,0.6537208923628074,1.1608695652173913,1.0,0.0002867835787722795,20.0,9.0,3.0,1175.0,3.0,0.4041967664258686,0.7407407407407407,0.1,0.9,2.8284271247461903,1.5446461113496086,0.043820105493068695,0.6062745451927185,0.06020709760487079,3.0,0.026810454204678535,0.0014004264819813539,0.0011738183129891833,0.0,0.0,0.00010850806756390607,-0.0007071857934231596,0.0,0.0,0.0,0.00019328525228468063,0.0,0.0002352592822484345,0.0,-2.9967934310315414e-05,10.0,14041.png,0.0,1.0,1.0,19.0,0.46875,0.53125,1.0,R244-F0-gtfree-merge-targeted-candidates,0.0,val
1.0,0.45392743058399543,0.29360033905488453,3.0,-3.0,0.940178957473783,0.210977095037913,28.0,28.0,0.0,0.8871110496473517,1.0,0.9200791749738235,21.0,12.0,0.9611765411010219,40145.0,230.0,267.0,0.6537208923628074,1.1608695652173913,1.0,0.0002867835787722795,20.0,3.0,9.0,1515.0,4.0,0.5211558307533539,0.7407407407407407,1.0,0.0,2.8284271247461903,1.6978708664619073,0.0339413546025753,0.6321569085121155,0.04229586347937584,3.0,0.02099413052201271,-0.0006701763656849491,-0.0005609803490503329,0.0,0.0,-0.00015531130410628702,0.0,0.0,0.0,0.0,-0.0002765869174388147,0.0,-2.291998021941577e-05,0.0,-0.0002996793431029321,10.0,14041.png,0.0,1.0,1.0,19.0,0.375,0.625,1.0,R244-F0-gtfree-merge-targeted-candidates,0.0,val
1.0,0.45625102408651486,0.2955474181393621,3.0,-3.0,0.9404685999897398,0.2100341806466821,28.0,28.0,0.0,0.8876269263757851,1.0,0.9204142818206595,21.0,14.0,0.9614162845755042,40145.0,230.0,267.0,0.6537208923628074,1.1608695652173913,1.0,0.0004014970102811913,28.0,7.0,10.0,1490.0,3.0,0.4670846394984326,0.4,0.14285714285714285,0.8571428571428571,2.8284271247461903,1.6903231507446215,0.058497827500104904,0.6434173583984375,0.08512638062238694,1.4285714285714286,0.056049712002277374,0.0016534171368344786,0.0013860987354272214,0.0,0.0,0.00013433121185046915,-0.0009429143912308979,0.0,0.0,0.0,0.0002392898109946362,0.0,0.0003121868666166039,0.0,-5.993586862063083e-05,10.0,14041.png,0.0,1.0,1.0,19.0,0.4523809523809524,0.5476190476190477,1.0,R244-F0-gtfree-merge-targeted-candidates,0.0,val
1.0,0.45403899721448465,0.2936936936936937,3.0,-3.0,0.9402100233766424,0.210977095037913,28.0,28.0,0.0,0.8871663670308394,1.0,0.9200837600218006,21.0,15.0,0.9612364769696424,40145.0,230.0,267.0,0.6537208923628074,1.1608695652173913,1.0,0.0002294268630178236,16.0,7.0,3.0,769.0,3.0,0.27415329768270946,0.7619047619047619,1.0,0.0,2.8284271247461903,1.5924192915386923,0.0441889688372612,0.7424019575119019,0.06491507962346077,2.3333333333333335,0.025816861540079117,-0.0005586097351957253,-0.0004676257102411707,0.0,0.0,-0.00012424540124689187,0.0,0.0,0.0,0.0,-0.00022126953395107396,0.0,-1.8334932242347612e-05,0.0,-0.0002397434744824123,10.0,14041.png,0.0,1.0,1.0,19.0,0.42857142857142855,0.5714285714285714,1.0,R244-F0-gtfree-merge-targeted-candidates,0.0,val
1.0,0.4537932164509258,0.2934880517140889,3.0,-3.0,0.9402255556451199,0.210977095037913,28.0,28.0,0.0,0.8871940257225833,1.0,0.920086052348512,21.0,16.0,0.9612664449039527,2930.0,55.0,66.0,0.8071625344352618,1.2,1.0,0.00020074850514059566,14.0,3.0,7.0,1646.0,4.0,0.5868092691622103,0.6666666666666666,1.0,0.0,2.0,1.4581581115980782,0.043200813233852386,0.6207283139228821,0.05985493734478952,2.3333333333333335,0.03595486283302307,-0.0008043904987545814,-0.0006732676898459355,0.0,0.0,-0.0001087131327693891,0.0,0.0,0.0,0.0,-0.00019361084220714808,0.0,-1.604260553089709e-05,0.0,-0.00020977554017209687,10.0,14041.png,0.0,1.0,1.0,14.0,0.42857142857142855,0.5714285714285714,1.0,R244-F0-gtfree-merge-targeted-candidates,0.0,val
1.0,0.4548097792702404,0.2943390225803032,2.0,-2.0,0.9402841795944689,0.21081994263937454,28.0,28.0,0.0,0.8872984261333776,1.0,0.9201434205808533,22.0,17.0,0.9613263807725734,40145.0,230.0,267.0,0.6537208923628074,1.1608695652173913,1.0,0.00020074850514059566,14.0,3.0,7.0,1282.0,3.0,0.4570409982174688,0.6666666666666666,0.7142857142857143,0.2857142857142857,2.23606797749979,1.5464486814194918,0.034532055258750916,0.607002854347229,0.04279763624072075,2.3333333333333335,0.020060794427990913,0.00021217232056003343,0.00017770317636833788,-1.0,1.0,-5.00891834204209e-05,-0.00015715239853847374,0.0,0.0,0.0,-8.921043141285612e-05,0.0,4.132562681036234e-05,1.0,-0.00014983967155146605,10.0,14041.png,0.0,1.0,1.0,19.0,0.375,0.625,1.0,R244-F0-gtfree-merge-targeted-candidates,0.0,val
1.0,0.45499221885494306,0.29449186237608016,3.0,-3.0,0.9403419291958874,0.21062350214120143,28.0,28.0,0.0,0.887401280756836,1.0,0.9202128422471781,21.0,20.0,0.9613713326740387,40145.0,230.0,267.0,0.6537208923628074,1.1608695652173913,1.0,0.0002294268630178236,16.0,4.0,8.0,871.0,2.0,0.29910714285714285,0.5,0.4375,0.5625,2.8284271247461903,1.5816959868353289,0.04575853794813156,0.7166666984558105,0.06162075512111187,2.0,0.027222435921430588,0.0003946119052626873,0.00033054297214529793,0.0,0.0,7.660417998156532e-06,-0.0003535928967115798,0.0,0.0,0.0,1.3644192045525472e-05,0.0,0.00011074729313520493,0.0,-0.00010488777008610395,10.0,14041.png,0.0,2.0,2.0,19.0,0.34375,0.65625,1.0,R244-F0-gtfree-merge-targeted-candidates,0.0,val
1.0,0.4540168700352141,0.2936751774552389,2.0,-2.0,0.9401711907134901,0.210977095037913,28.0,28.0,0.0,0.8870972203014797,1.0,0.9200780286296222,22.0,21.0,0.9611615571338668,40145.0,230.0,267.0,0.6537208923628074,1.1608695652173913,1.0,0.00030112275771089345,21.0,8.0,6.0,927.0,2.0,0.30654761904761907,0.4375,1.0,0.0,2.8284271247461903,1.7660194063681005,0.05031203106045723,0.7077497839927673,0.07114601880311966,1.3333333333333333,0.0331127755343914,-0.0005807369144662511,-0.0004861419486959506,-1.0,1.0,-0.00016307806439919137,0.0,0.0,0.0,0.0,-0.0002904162633107221,0.0,-2.406632442075729e-05,1.0,-0.0003146633102580898,10.0,14041.png,0.0,1.0,1.0,19.0,0.375,0.625,1.0,R244-F0-gtfree-merge-targeted-candidates,0.0,val
1.0,0.45394952474598493,0.2936188255246979,3.0,-3.0,0.9402566188162707,0.210977095037913,28.0,28.0,0.0,0.8872493431060711,1.0,0.9200906366074374,21.0,22.0,0.9613263807725734,2230.0,47.0,61.0,0.7778165329612836,1.297872340425532,1.0,0.00014339178938613974,10.0,5.0,2.0,1466.0,4.0,0.5532075471698114,1.0,1.0,0.0,2.0,1.4414213562373095,0.046361278742551804,0.4788235127925873,0.05808236636221409,2.5,0.023818494752049446,-0.0006480822036954437,-0.0005424938792369383,0.0,0.0,-7.764996161863102e-05,0.0,0.0,0.0,0.0,-0.00013829345871940735,0.0,-1.1458346605541792e-05,0.0,-0.00014983967155146605,10.0,14041.png,0.0,2.0,2.0,17.0,0.45454545454545453,0.5454545454545454,1.0,R244-F0-gtfree-merge-targeted-candidates,0.0,val
1.0,0.4555323419769776,0.2949445652750517,3.0,-3.0,0.9404031743938095,0.2105842140415668,28.0,28.0,0.0,0.8875103734439834,1.0,0.9202340489609775,21.0,23.0,0.9614762204441248,40145.0,230.0,267.0,0.6537208923628074,1.1608695652173913,1.0,0.00014339178938613974,10.0,5.0,2.0,862.0,2.0,0.32528301886792454,1.0,0.0,1.0,2.0,1.5,0.02606366015970707,0.6686274409294128,0.02740804199129343,2.5,0.012677042745053768,0.0009347350272972399,0.0007832458711168333,0.0,0.0,6.890561592021172e-05,-0.0003928809963462121,0.0,0.0,0.0,0.00012273687919295284,0.0,0.00013195400693455372,0.0,0.0,10.0,14041.png,0.0,1.0,1.0,19.0,0.4318181818181818,0.5681818181818182,0.0,R244-F0-gtfree-merge-targeted-candidates,1.0,val
1.0,0.45426616966370376,0.2938838244647021,3.0,-3.0,0.9402721497189838,0.210977095037913,28.0,28.0,0.0,0.887277001797815,1.0,0.9200929285396738,21.0,30.0,0.9613563487068837,40145.0,230.0,267.0,0.6537208923628074,1.1608695652173913,1.0,0.0001147134315089118,8.0,4.0,2.0,1607.0,4.0,0.6180769230769231,1.0,1.0,0.0,2.8284271247461903,1.7366152783740212,0.03734394162893295,0.5647059082984924,0.046438345313072206,2.0,0.018601631745696068,-0.00033143728597662125,-0.0002774949392327364,0.0,0.0,-6.211905890551872e-05,0.0,0.0,0.0,0.0,-0.00011063476697548147,0.0,-9.166414369099485e-06,0.0,-0.00011987173724115063,10.0,14041.png,0.0,1.0,1.0,19.0,0.325,0.675,1.0,R244-F0-gtfree-merge-targeted-candidates,0.0,val
1.0,0.4503501085131649,0.2906140999894303,1.0,-1.0,0.9396319684334822,0.21015204494558598,28.0,28.0,0.0,0.8861375866314377,1.0,0.9202545647832895,23.0,1.0,0.9598429680242141,40145.0,230.0,267.0,0.6537208923628074,1.1608695652173913,1.0,0.0018640932620198167,130.0,52.0,12.0,2806.0,4.0,0.4676666666666667,0.20833333333333334,0.8384615384615385,0.16153846153846155,3.0,1.7159408461851684,0.04271803796291351,0.6143288016319275,0.05832196734845639,4.333333333333333,0.030665913596749306,-0.004247498436515451,-0.0035472194145045877,-2.0,2.0,-0.000702300344407103,-0.0008250500923270288,0.0,0.0,0.0,-0.0012500499333527593,0.0,0.00015246982924654873,2.0,-0.0016332524199107468,12.0,14041.png,0.0,1.0,1.0,19.0,0.4981684981684982,0.5018315018315018,1.0,R244-F0-gtfree-merge-targeted-candidates,0.0,val
1.0,0.4538751433721121,0.2935565917761763,3.0,-3.0,0.9401168202038857,0.210977095037913,28.0,28.0,0.0,0.8870004148803762,1.0,0.9200700032993359,21.0,2.0,0.9610566693637808,2230.0,60.0,56.0,0.6636904761904762,1.0714285714285714,1.0,0.0004014970102811913,28.0,14.0,3.0,1460.0,4.0,0.46173308032890575,0.6666666666666666,1.0,0.0,2.0,1.4581581115980782,0.06329740583896637,0.6359944343566895,0.08961783871054649,4.666666666666667,0.039703596383333206,-0.0007224635775682775,-0.0006047276277585389,0.0,0.0,-0.00021744857400363138,0.0,0.0,0.0,0.0,-0.00038722168441429616,0.0,-3.20916547070782e-05,0.0,-0.00041955108034408273,12.0,14041.png,0.0,1.0,1.0,20.0,0.4318181818181818,0.5681818181818182,1.0,R244-F0-gtfree-merge-targeted-candidates,0.0,val
1.0,0.45850223150309133,0.29743943901402464,1.0,-1.0,0.9408478378814318,0.20787333516677797,28.0,28.0,0.0,0.8883028062743143,1.0,0.9211410359480877,23.0,3.0,0.9614162845755042,40145.0,230.0,267.0,0.6537208923628074,1.1608695652173913,1.0,0.00119015185190496,83.0,21.0,33.0,2007.0,4.0,0.35909822866344604,0.11976911976911978,0.04819277108433735,0.9518072289156626,2.8284271247461903,1.5742995596860714,0.047372255474328995,0.6480510830879211,0.06446563899517059,1.5714285714285714,0.03540598601102829,0.0039046245534109514,0.0032781196100897803,-2.0,2.0,0.0005135691035424994,-0.0031037598711350367,0.0,0.0,0.0,0.0009151697095238776,0.0,0.0010389409940447791,2.0,-5.993586862063083e-05,12.0,14041.png,0.0,1.0,1.0,19.0,0.4698275862068966,0.5301724137931034,1.0,R244-F0-gtfree-merge-targeted-candidates,0.0,val
1.0,0.45625102408651486,0.2955474181393621,3.0,-3.0,0.9404539424986625,0.21007346874631674,28.0,28.0,0.0,0.8876008134242671,1.0,0.9203999368822711,21.0,4.0,0.961401300608349,40145.0,230.0,267.0,0.6537208923628074,1.1608695652173913,1.0,0.0004014970102811913,28.0,13.0,3.0,829.0,2.0,0.26647380263580844,0.717948717948718,0.17857142857142858,0.8214285714285714,3.0,1.5862219129418962,0.057106759399175644,0.7112045288085938,0.07755839005112648,4.333333333333333,0.039525583386421204,0.0016534171368344786,0.0013860987354272214,0.0,0.0,0.00011967372077326122,-0.0009036262915962656,0.0,0.0,0.0,0.00021317685947663811,0.0,0.0002978419282281264,0.0,-7.491983577578853e-05,12.0,14041.png,0.0,1.0,1.0,19.0,0.45,0.55,1.0,R244-F0-gtfree-merge-targeted-candidates,0.0,val
1.0,0.45650661099512874,0.2957619477006312,1.0,-1.0,0.9404236604852305,0.20975916394923977,28.0,28.0,0.0,0.8875468670014803,1.0,0.920493026459278,23.0,5.0,0.9612364769696424,40145.0,230.0,267.0,0.6537208923628074,1.1608695652173913,1.0,0.0006739414101148568,47.0,8.0,18.0,1778.0,3.0,0.4810606060606061,0.3263888888888889,0.3404255319148936,0.6595744680851063,3.0,1.7655176544834528,0.05001372843980789,0.6322904229164124,0.07672035247087479,2.25,0.051470398902893066,0.0019090040454483592,0.001600628296696327,-2.0,2.0,8.939170734123536e-05,-0.0012179310886732408,0.0,0.0,0.0,0.00015923043668986114,0.0,0.00039093150523505926,2.0,-0.0002397434744824123,12.0,14041.png,0.0,1.0,1.0,19.0,0.432,0.568,1.0,R244-F0-gtfree-merge-targeted-candidates,0.0,val
1.0,0.4562236502803815,0.29552444585852156,3.0,-3.0,0.940366871624246,0.2103484854437591,28.0,28.0,0.0,0.8874457078042438,1.0,0.9203018088448353,21.0,6.0,0.9613263807725734,40145.0,230.0,267.0,0.6537208923628074,1.1608695652173913,1.0,0.00037281865240396334,26.0,3.0,12.0,1651.0,3.0,0.5395424836601307,0.7222222222222222,0.38461538461538464,0.6153846153846154,3.0,2.0142934958312018,0.037439096719026566,0.6800905466079712,0.049804672598838806,4.0,0.02734677493572235,0.001626043330701099,0.001363126454586694,0.0,0.0,3.2602846356755144e-05,-0.0006286095941539227,0.0,0.0,0.0,5.807123945333892e-05,0.0,0.00019971389079231905,0.0,-0.00014983967155146605,12.0,14041.png,0.0,1.0,1.0,19.0,0.35526315789473684,0.6447368421052632,1.0,R244-F0-gtfree-merge-targeted-candidates,0.0,val
1.0,0.45372987587562985,0.2934350659672548,3.0,-3.0,0.9400857488365275,0.210977095037913,28.0,28.0,0.0,0.8869450974968884,1.0,0.9200654166726441,21.0,7.0,0.9609967334951601,40145.0,230.0,267.0,0.6537208923628074,1.1608695652173913,1.0,0.0004588537260356472,32.0,13.0,4.0,2197.0,4.0,0.6926229508196722,0.6153846153846154,1.0,0.0,3.0,1.673225117714533,0.04171955585479736,0.716789186000824,0.05727694518864155,3.25,0.025785140693187714,-0.0008677310740505262,-0.0007262534366800355,0.0,0.0,-0.0002485199413617689,0.0,0.0,0.0,0.0,-0.0004425390679020369,0.0,-3.667828139886087e-05,0.0,-0.00047948694896471356,12.0,14041.png,0.0,1.0,1.0,19.0,0.4659090909090909,0.5340909090909091,1.0,R244-F0-gtfree-merge-targeted-candidates,0.0,val
0.0,0.45266950540452017,0.29254868755292124,3.0,-3.0,0.9399692149820421,0.210977095037913,28.0,28.0,0.0,0.8867376573088093,1.0,0.920048212133387,21.0,8.0,0.960771973987833,40145.0,230.0,267.0,0.6537208923628074,1.1608695652173913,1.0,0.0006739414101148568,47.0,9.0,17.0,934.0,1.0,0.25209176788124155,0.30718954248366015,1.0,0.0,3.0,1.808537067919285,0.06823310256004333,0.715811550617218,0.10162535309791565,1.8888888888888888,0.05709804221987724,-0.0019281015451602102,-0.001612631851013624,0.0,0.0,-0.00036505379584717,0.0,0.0,0.0,0.0,-0.0006499792559812034,0.0,-5.38828206559927e-05,0.0,-0.0007042464562918571,12.0,14041.png,0.0,2.0,2.0,19.0,0.39166666666666666,0.6083333333333333,1.0,R244-F0-gtfree-merge-targeted-candidates,0.0,val
1.0,0.4533759423139954,0.2931390728476821,3.0,-3.0,0.9401634238393609,0.210977095037913,28.0,28.0,0.0,0.8870833909556078,1.0,0.9200768822525353,21.0,9.0,0.9611465731667116,2062.0,37.0,86.0,0.6480201131363922,2.324324324324324,1.0,0.0003154619366495075,22.0,3.0,11.0,1343.0,3.0,0.4463276836158192,0.6666666666666666,1.0,0.0,2.0,1.4467466874884634,0.05486401543021202,0.6062389016151428,0.07651443928480149,3.6666666666666665,0.03528736159205437,-0.0012216646356849603,-0.0010222465562527705,0.0,0.0,-0.00017084493852836946,0.0,0.0,0.0,0.0,-0.00030424560918262955,0.0,-2.5212701507681956e-05,0.0,-0.0003296472774132475,12.0,14041.png,0.0,2.0,2.0,21.0,0.4444444444444444,0.5555555555555556,1.0,R244-F0-gtfree-merge-targeted-candidates,0.0,val
1.0,0.4572270179601522,0.2963670114028109,0.0,0.0,0.9405666947692534,0.2088555376576435,28.0,28.0,0.0,0.8878017050487157,1.0,0.9207946373462328,24.0,10.0,0.9612065090353322,40145.0,230.0,267.0,0.6537208923628074,1.1608695652173913,1.0,0.0010324208835802062,72.0,20.0,22.0,2115.0,4.0,0.44432773109243695,0.16363636363636364,0.25,0.75,2.8284271247461903,1.8506267371046126,0.04529421776533127,0.6815903782844543,0.05962648391723632,1.1,0.03170196712017059,0.002629411010471816,0.002205691998876047,-3.0,3.0,0.00023242599136408248,-0.0021215573802695065,0.0,0.0,0.0,0.0004140684839252229,0.0,0.0006925423921898544,3.0,-0.0002697114087926167,12.0,14041.png,0.0,1.0,1.0,19.0,0.45108695652173914,0.5489130434782609,1.0,R244-F0-gtfree-merge-targeted-candidates,0.0,val
1.0,0.45414704075363505,0.2937841131895501,2.0,-2.0,0.9402427227156802,0.21070207834047067,28.0,28.0,0.0,0.8872245964897723,1.0,0.9201738531715294,22.0,11.0,0.9612065090353322,40145.0,230.0,267.0,0.6537208923628074,1.1608695652173913,1.0,0.00035847947346534937,25.0,12.0,4.0,1948.0,4.0,0.6243589743589744,0.5208333333333334,0.72,0.28,2.23606797749979,1.5085910656847545,0.036172132939100266,0.5512157082557678,0.045035795867443086,3.0,0.02142425626516342,-0.0004505661960453322,-0.000377206214384751,-1.0,1.0,-9.154606220906913e-05,-0.0002750166974423429,0.0,0.0,0.0,-0.00016304007501821705,0.0,7.175821748650613e-05,1.0,-0.0002697114087926167,12.0,14041.png,0.0,1.0,1.0,19.0,0.4625,0.5375,1.0,R244-F0-gtfree-merge-targeted-candidates,0.0,val
1.0,0.4554123183957438,0.2948439404377087,1.0,-1.0,0.9402616438858148,0.21050563784229756,28.0,28.0,0.0,0.8872582920689369,1.0,0.9202375658111811,23.0,13.0,0.9611765411010219,40145.0,230.0,267.0,0.6537208923628074,1.1608695652173913,1.0,0.0004588537260356472,32.0,6.0,13.0,1744.0,3.0,0.5294474802671524,0.41025641025641024,0.625,0.375,3.0,1.9585060616049068,0.057083211839199066,0.7334558963775635,0.08666604384779932,2.1666666666666665,0.037697117775678635,0.0008147114460634319,0.0006826210337738114,-2.0,2.0,-7.262489207449097e-05,-0.00047145719561544897,0.0,0.0,0.0,-0.00012934449585355612,0.0,0.00013547085713816465,2.0,-0.0002996793431029321,12.0,14041.png,0.0,1.0,1.0,19.0,0.3655913978494624,0.6344086021505376,1.0,R244-F0-gtfree-merge-targeted-candidates,0.0,val
1.0,0.4524931372147335,0.2924013767540376,3.0,-3.0,0.9400269739349694,0.2107806545397399,28.0,28.0,0.0,0.8868404674642141,1.0,0.920117663940307,21.0,14.0,0.9608169258892985,40145.0,230.0,267.0,0.6537208923628074,1.1608695652173913,1.0,0.0007026197679920848,49.0,19.0,14.0,2326.0,4.0,0.5599422243620606,0.18421052631578946,0.8979591836734694,0.10204081632653061,2.23606797749979,1.5098270217009782,0.04916348308324814,0.6212085485458374,0.06198845207691193,1.3571428571428572,0.02901201695203781,-0.002104469734946879,-0.0017599426498972615,0.0,0.0,-0.00030729484291991405,-0.00019644049817310605,0.0,0.0,0.0,-0.0005471691005763946,0.0,1.5568986264091755e-05,0.0,-0.000659294554826384,12.0,14041.png,0.0,1.0,1.0,19.0,0.49324324324324326,0.5067567567567568,1.0,R244-F0-gtfree-merge-targeted-candidates,0.0,val
1.0,0.4546311089263037,0.2941893754638957,3.0,-3.0,0.9404445226108559,0.21038777354339372,28.0,28.0,0.0,0.8875840318698647,1.0,0.9203132395335829,21.0,15.0,0.9614762204441248,3544.0,60.0,76.0,0.7771929824561403,1.2666666666666666,1.0,0.0002294268630178236,16.0,2.0,8.0,1396.0,3.0,0.49857142857142855,1.0,0.0,0.9375,2.23606797749979,1.5040309438903738,0.05741918832063675,0.6178921461105347,0.07581910863518715,4.0,0.028949594125151634,3.35019766233291e-05,2.8056059960812618e-05,0.0,0.0,0.0001102538329665892,-0.0005893214945192904,0.0,0.0,0.0,0.000196395305074204,0.0,0.00021114457953996801,0.0,0.0,12.0,14041.png,0.0,2.0,2.0,11.0,0.4107142857142857,0.5892857142857143,0.0,R244-F0-gtfree-merge-targeted-candidates,1.0,val
1.0,0.45427728613569324,0.29389312977099236,3.0,-3.0,0.9402255556451199,0.210977095037913,28.0,28.0,0.0,0.8871940257225833,1.0,0.920086052348512,21.0,18.0,0.9612664449039527,2062.0,37.0,86.0,0.6480201131363922,2.324324324324324,1.0,0.00020074850514059566,14.0,2.0,7.0,1638.0,4.0,0.5956363636363636,1.0,1.0,0.0,2.0,1.4581581115980782,0.05393311381340027,0.69047611951828,0.0710847057402134,3.5,0.028567306697368622,-0.0003203208139871405,-0.000268189632942506,0.0,0.0,-0.0001087131327693891,0.0,0.0,0.0,0.0,-0.00019361084220714808,0.0,-1.604260553089709e-05,0.0,-0.00020977554017209687,12.0,14041.png,0.0,1.0,1.0,21.0,0.46153846153846156,0.5384615384615384,1.0,R244-F0-gtfree-merge-targeted-candidates,0.0,val
1.0,0.4558341527368076,0.29519766516317325,3.0,-3.0,0.9404307394678411,0.21042706164302832,28.0,28.0,0.0,0.8875594777027774,1.0,0.9202868411617067,21.0,19.0,0.9614762204441248,2062.0,37.0,86.0,0.6480201131363922,2.324324324324324,1.0,0.00020074850514059566,14.0,2.0,7.0,1638.0,4.0,0.5956363636363636,1.0,0.0,1.0,2.0,1.4581581115980782,0.045379333198070526,0.6551820039749146,0.05203075930476189,3.5,0.020294111222028732,0.00123654578712723,0.0010363457592383885,0.0,0.0,9.647068995177754e-05,-0.0005500333948846858,0.0,0.0,0.0,0.0001718411379869611,0.0,0.00018474620766373295,0.0,0.0,12.0,14041.png,0.0,1.0,1.0,21.0,0.46153846153846156,0.5384615384615384,0.0,R244-F0-gtfree-merge-targeted-candidates,1.0,val
1.0,0.45385655183713597,0.293541037460923,3.0,-3.0,0.9400935168491564,0.210977095037913,28.0,28.0,0.0,0.8869589268427603,1.0,0.9200665633786653,21.0,20.0,0.9610117174623153,40145.0,230.0,267.0,0.6537208923628074,1.1608695652173913,1.0,0.0004445145470970332,31.0,9.0,13.0,898.0,3.0,0.25826862237561116,0.26495726495726496,1.0,0.0,2.8284271247461903,1.5456398276927836,0.05935286730527878,0.7259963154792786,0.0889977291226387,1.4444444444444444,0.03810888156294823,-0.0007410551125444087,-0.0006202819430118356,0.0,0.0,-0.0002407519287328519,0.0,0.0,0.0,0.0,-0.00042870972203012947,0.0,-3.553157537761198e-05,0.0,-0.00046450298180955585,12.0,14041.png,0.0,1.0,1.0,19.0,0.4519230769230769,0.5480769230769231,1.0,R244-F0-gtfree-merge-targeted-candidates,0.0,val
1.0,0.45403899721448465,0.2936936936936937,3.0,-3.0,0.9402022570716694,0.210977095037913,28.0,28.0,0.0,0.8871525376849675,1.0,0.9200826138091277,21.0,21.0,0.9612214930024874,40145.0,230.0,267.0,0.6537208923628074,1.1608695652173913,1.0,0.00024376604195643756,17.0,7.0,3.0,770.0,3.0,0.27450980392156865,0.8095238095238095,1.0,0.0,3.0,1.6752181567422986,0.04305288940668106,0.7430219054222107,0.0648769497871399,2.3333333333333335,0.02516849897801876,-0.0005586097351957253,-0.0004676257102411707,0.0,0.0,-0.00013201170621990332,0.0,0.0,0.0,0.0,-0.0002350988798229814,0.0,-1.948114491523434e-05,0.0,-0.000254727441637459,12.0,14041.png,0.0,1.0,1.0,19.0,0.42857142857142855,0.5714285714285714,1.0,R244-F0-gtfree-merge-targeted-candidates,0.0,val
1.0,0.45405051373367716,0.2937033310385002,2.0,-2.0,0.9401401225339313,0.210977095037913,28.0,28.0,0.0,0.887041902917992,1.0,0.9200734429239464,22.0,22.0,0.9611016212652462,40145.0,230.0,267.0,0.6537208923628074,1.1608695652173913,1.0,0.00035847947346534937,25.0,10.0,7.0,931.0,2.0,0.2918495297805643,0.35714285714285715,1.0,0.0,3.0,1.8765933863390518,0.05033780261874199,0.7047843337059021,0.07001005858182907,1.4285714285714286,0.03302547335624695,-0.0005470932160032138,-0.00045798836543464727,-1.0,1.0,-0.0001941462439579711,0.0,0.0,0.0,0.0,-0.00034573364679846286,0.0,-2.865203009649875e-05,1.0,-0.0003745991788786096,12.0,14041.png,0.0,1.0,1.0,19.0,0.35714285714285715,0.6428571428571429,1.0,R244-F0-gtfree-merge-targeted-candidates,0.0,val
1.0,0.4553498279534655,0.2947915561684523,3.0,-3.0,0.9403790066098987,0.2105449259419322,28.0,28.0,0.0,0.887467323199491,1.0,0.9202426711032069,21.0,23.0,0.9614162845755042,40145.0,230.0,267.0,0.6537208923628074,1.1608695652173913,1.0,0.00021508768407920963,15.0,3.0,7.0,1417.0,3.0,0.5051693404634581,0.7142857142857143,0.26666666666666666,0.7333333333333333,2.23606797749979,1.510018769324859,0.036243878304958344,0.6384314298629761,0.05056679919362068,2.3333333333333335,0.020210349932312965,0.0007522210037851362,0.0006302367645174556,0.0,0.0,4.473783200942272e-05,-0.00043216909598081665,0.0,0.0,0.0,7.96866347004821e-05,0.0,0.00014057614916396233,0.0,-5.993586862063083e-05,12.0,14041.png,0.0,1.0,1.0,19.0,0.4107142857142857,0.5892857142857143,1.0,R244-F0-gtfree-merge-targeted-candidates,0.0,val
1.0,0.45497358614193867,0.2944762510602205,3.0,-3.0,0.9403341638575407,0.21062350214120143,28.0,28.0,0.0,0.8873874496894926,1.0,0.9202116978858896,21.0,24.0,0.9613563487068837,40145.0,230.0,267.0,0.6537208923628074,1.1608695652173913,1.0,0.00024376604195643756,17.0,4.0,8.0,872.0,2.0,0.29945054945054944,0.53125,0.47058823529411764,0.5294117647058824,2.8284271247461903,1.620188456874415,0.04453013092279434,0.7181084156036377,0.061038319021463394,2.0,0.027031974866986275,0.00037597919225829113,0.0003149316562856552,0.0,0.0,-1.0492034863140987e-07,-0.0003535928967115798,0.0,0.0,0.0,-1.868752979028443e-07,0.0,0.00010960293184669734,0.0,-0.00011987173724115063,12.0,14041.png,0.0,2.0,2.0,19.0,0.34375,0.65625,1.0,R244-F0-gtfree-merge-targeted-candidates,0.0,val
1.0,0.4563329510077011,0.29561617662668505,2.0,-2.0,0.940485874464109,0.21011275684595135,28.0,28.0,0.0,0.8876577025232404,1.0,0.9203924437368217,22.0,26.0,0.9614762204441248,40145.0,230.0,267.0,0.6537208923628074,1.1608695652173913,1.0,0.0003154619366495075,22.0,10.0,7.0,1874.0,4.0,0.587460815047022,0.3142857142857143,0.0,1.0,2.23606797749979,1.4149541002041799,0.03532886877655983,0.6725490093231201,0.04209638833999634,1.4285714285714286,0.016960294917225838,0.0017353440580207269,0.0014548572227501833,-1.0,1.0,0.0001516056862197468,-0.0008643381919616611,0.0,0.0,0.0,0.00027006595844991654,0.0,0.00029034878277878207,1.0,0.0,12.0,14041.png,0.0,1.0,1.0,19.0,0.47619047619047616,0.5238095238095238,0.0,R244-F0-gtfree-merge-targeted-candidates,1.0,val
1.0,0.45437052200614125,0.2939711803348167,3.0,-3.0,0.9402333216086294,0.210977095037913,28.0,28.0,0.0,0.8872078550684552,1.0,0.9200871984625534,21.0,27.0,0.9612814288711079,40145.0,230.0,267.0,0.6537208923628074,1.1608695652173913,1.0,0.00018640932620198167,13.0,6.0,3.0,799.0,2.0,0.29012345679012347,0.7222222222222222,1.0,0.0,3.0,1.9967244099413963,0.03615748509764671,0.7067873477935791,0.04625594317913056,2.0,0.021266432479023933,-0.00022708494353912423,-0.00019013906911818923,0.0,0.0,-0.00010094716925990177,0.0,0.0,0.0,0.0,-0.00017978149633524065,0.0,-1.489649148955774e-05,0.0,-0.00019479157301693917,12.0,14041.png,0.0,1.0,1.0,19.0,0.3076923076923077,0.6923076923076923,1.0,R244-F0-gtfree-merge-targeted-candidates,0.0,val
1.0,0.45444863182041617,0.29403657566922875,3.0,-3.0,0.9402566188162707,0.210977095037913,28.0,28.0,0.0,0.8872493431060711,1.0,0.9200906366074374,21.0,30.0,0.9613263807725734,2062.0,37.0,86.0,0.6480201131363922,2.324324324324324,1.0,0.00014339178938613974,10.0,2.0,5.0,1302.0,3.0,0.4913207547169811,1.0,1.0,0.0,2.0,1.5,0.058493632823228836,0.7035294771194458,0.08040450513362885,2.5,0.02997884526848793,-0.00014897512926420609,-0.000124743734706112,0.0,0.0,-7.764996161863102e-05,0.0,0.0,0.0,0.0,-0.00013829345871940735,0.0,-1.1458346605541792e-05,0.0,-0.00014983967155146605,12.0,14041.png,0.0,2.0,2.0,21.0,0.4090909090909091,0.5909090909090909,1.0,R244-F0-gtfree-merge-targeted-candidates,0.0,val
1.0,0.4546385418799918,0.2941956003180493,2.0,-2.0,0.9402850547759499,0.21085923073900914,28.0,28.0,0.0,0.8872999847870884,1.0,0.9201313694838441,22.0,31.0,0.9613413647397285,3377.0,65.0,73.0,0.7116965226554267,1.123076923076923,1.0,0.0001720701472633677,12.0,6.0,3.0,1815.0,4.0,0.659041394335512,0.6666666666666666,0.75,0.25,2.23606797749979,1.5595647201765723,0.03857257962226868,0.512745201587677,0.04541798122227192,2.0,0.02124686725437641,4.093493031143147e-05,3.4280914114448446e-05,-1.0,1.0,-4.921400193935721e-05,-0.00011786429890386918,0.0,0.0,0.0,-8.765177770209132e-05,0.0,2.9274529801170956e-05,1.0,-0.00013485570439630834,12.0,14041.png,0.0,1.0,1.0,12.0,0.4230769230769231,0.5769230769230769,1.0,R244-F0-gtfree-merge-targeted-candidates,0.0,val
1.0,0.45544311058302944,0.2948697543636267,3.0,-3.0,0.9403876451837467,0.2105842140415668,28.0,28.0,0.0,0.8874827109266943,1.0,0.9202317610107993,21.0,32.0,0.9614462525098145,2062.0,37.0,86.0,0.6480201131363922,2.324324324324324,1.0,0.0001720701472633677,12.0,3.0,6.0,2061.0,4.0,0.7483660130718954,0.6666666666666666,0.16666666666666666,0.8333333333333334,2.0,1.4023689270621826,0.04955965653061867,0.6950979828834534,0.06144260354340077,2.0,0.026068108156323433,0.0008455036333490651,0.0007084349596918615,0.0,0.0,5.3376405857452625e-05,-0.0003928809963462121,0.0,0.0,0.0,9.507436190381302e-05,0.0,0.00012966605675635012,0.0,-2.9967934310315414e-05,12.0,14041.png,0.0,1.0,1.0,21.0,0.4807692307692308,0.5192307692307693,1.0,R244-F0-gtfree-merge-targeted-candidates,0.0,val
1.0,0.45521195986074137,0.29467599957577684,3.0,-3.0,0.9403712416001642,0.2105449259419322,28.0,28.0,0.0,0.8874534917495401,1.0,0.9202415271861509,21.0,33.0,0.961401300608349,40145.0,230.0,267.0,0.6537208923628074,1.1608695652173913,1.0,0.0002294268630178236,16.0,7.0,5.0,572.0,2.0,0.19622641509433963,0.45714285714285713,0.3125,0.6875,3.0,1.769195986835329,0.0381910540163517,0.7024509906768799,0.048467302694916725,1.4,0.026081930845975876,0.0006143529110609891,0.0005146801718419747,0.0,0.0,3.69728222748833e-05,-0.00043216909598081665,0.0,0.0,0.0,6.585518474966356e-05,0.0,0.00013943223210799438,0.0,-7.491983577578853e-05,12.0,14041.png,0.0,2.0,2.0,19.0,0.390625,0.609375,1.0,R244-F0-gtfree-merge-targeted-candidates,0.0,val
1.0,0.4552865511449756,0.29473851702556486,3.0,-3.0,0.9403893924627571,0.21066279024083606,28.0,28.0,0.0,0.8874858233520512,1.0,0.9202076551318639,21.0,35.0,0.9614762204441248,3377.0,65.0,73.0,0.7116965226554267,1.123076923076923,1.0,0.0001147134315089118,8.0,4.0,2.0,1555.0,3.0,0.5980769230769231,1.0,0.0,1.0,2.23606797749979,1.5080618877807475,0.03834874927997589,0.5,0.04330167882144451,2.0,0.020471200346946716,0.0006889441952952491,0.000577197621629999,0.0,0.0,5.512368486781938e-05,-0.0003143047970769475,0.0,0.0,0.0,9.818678726070118e-05,0.0,0.00010556017782092919,0.0,0.0,12.0,14041.png,0.0,1.0,1.0,12.0,0.375,0.625,0.0,R244-F0-gtfree-merge-targeted-candidates,1.0,val
1.0,0.454031465093412,0.29368739068214345,3.0,-3.0,0.9402721497189838,0.210977095037913,28.0,28.0,0.0,0.887277001797815,1.0,0.9200929285396738,21.0,37.0,0.9613563487068837,40145.0,230.0,267.0,0.6537208923628074,1.1608695652173913,1.0,0.0001147134315089118,8.0,2.0,4.0,913.0,2.0,0.35115384615384615,1.0,1.0,0.0,2.0,1.426776695296637,0.03333460912108421,0.7254902124404907,0.04503788128495216,2.0,0.018183564767241478,-0.000566141856268354,-0.00047392872179141676,0.0,0.0,-6.211905890551872e-05,0.0,0.0,0.0,0.0,-0.00011063476697548147,0.0,-9.166414369099485e-06,0.0,-0.00011987173724115063,12.0,14041.png,0.0,1.0,1.0,19.0,0.45,0.55,1.0,R244-F0-gtfree-merge-targeted-candidates,0.0,val
1.0,0.4553425106522452,0.294785422524004,3.0,-3.0,0.9403893924627571,0.21066279024083606,28.0,28.0,0.0,0.8874858233520512,1.0,0.9202076551318639,21.0,38.0,0.9614762204441248,2062.0,37.0,86.0,0.6480201131363922,2.324324324324324,1.0,0.0001147134315089118,8.0,2.0,4.0,1742.0,4.0,0.67,1.0,0.0,1.0,2.0,1.426776695296637,0.0727049931883812,0.6833333969116211,0.08286218643188477,2.0,0.039301373064517975,0.0007449037025648031,0.0006241031200691638,0.0,0.0,5.512368486781938e-05,-0.0003143047970769475,0.0,0.0,0.0,9.818678726070118e-05,0.0,0.00010556017782092919,0.0,0.0,12.0,14041.png,0.0,1.0,1.0,21.0,0.4,0.6,0.0,R244-F0-gtfree-merge-targeted-candidates,1.0,val
1.0,0.45378564405113075,0.2934817170111288,3.0,-3.0,0.9402488531942023,0.210977095037913,28.0,28.0,0.0,0.8872355137601992,1.0,0.9200894905920147,21.0,39.0,0.9613113968054182,3377.0,65.0,73.0,0.7116965226554267,1.123076923076923,1.0,0.00015773096832475374,11.0,5.0,4.0,1651.0,4.0,0.5990566037735849,0.55,1.0,0.0,2.23606797749979,1.4071553331471887,0.04732968658208847,0.5258467197418213,0.06011466681957245,1.25,0.029032835736870766,-0.000811962898549623,-0.0006796023928060668,0.0,0.0,-8.541558368702074e-05,0.0,0.0,0.0,0.0,-0.00015212280459131478,0.0,-1.2604362028212357e-05,0.0,-0.00016482363870662375,12.0,14041.png,0.0,1.0,1.0,12.0,0.4230769230769231,0.5769230769230769,1.0,R244-F0-gtfree-merge-targeted-candidates,0.0,val
1.0,0.4542178542178542,0.2938433824308573,3.0,-3.0,0.9402488531942023,0.210977095037913,28.0,28.0,0.0,0.8872355137601992,1.0,0.9200894905920147,21.0,40.0,0.9613113968054182,40145.0,230.0,267.0,0.6537208923628074,1.1608695652173913,1.0,0.00015773096832475374,11.0,5.0,4.0,871.0,2.0,0.3160377358490566,0.55,1.0,0.0,3.0,1.7649285056702815,0.027711547911167145,0.6934046745300293,0.032338306307792664,1.25,0.014939269050955772,-0.0003797527318261662,-0.0003179369730775816,0.0,0.0,-8.541558368702074e-05,0.0,0.0,0.0,0.0,-0.00015212280459131478,0.0,-1.2604362028212357e-05,0.0,-0.00016482363870662375,12.0,14041.png,0.0,1.0,1.0,19.0,0.37735849056603776,0.6226415094339622,1.0,R244-F0-gtfree-merge-targeted-candidates,0.0,val
1.0,0.164975845410628,0.08990390943793602,1.0,-1.0,0.6378827918545003,0.058285296001463996,12.0,11.0,4.0,0.46830242510699,1.0,0.9076531740765318,15.0,1.0,0.49173157579388854,4182.0,88.0,86.0,0.5525898520084567,1.0232558139534884,1.0,0.0033068783068783067,30.0,15.0,3.0,2077.0,4.0,0.6464363523187052,0.6666666666666666,0.4,0.6,2.0,1.460947570824873,0.01020796224474907,0.8027449250221252,0.011433239094913006,5.0,0.004313725512474775,0.00187327201446999,0.0011114863913693346,0.0,0.0,-0.00018878643911046655,-0.0016469942355201717,0.0,0.0,0.0,-0.00020353168489278817,0.0,0.0016787472687715965,0.0,-0.0007189934092270978,10.0,1418.png,0.0,1.0,1.0,13.0,0.48863636363636365,0.5113636363636364,1.0,R244-F0-gtfree-merge-targeted-candidates,0.0,val
1.0,0.15966183574879228,0.08675679222995143,1.0,-1.0,0.637197016780609,0.05984079055723305,12.0,11.0,4.0,0.46756356173754415,1.0,0.9058979456593771,15.0,2.0,0.4914319952067106,4182.0,88.0,86.0,0.5525898520084567,1.0232558139534884,1.0,0.001984126984126984,18.0,9.0,5.0,1818.0,4.0,0.6017874875868917,0.4,0.9444444444444444,0.05555555555555555,2.0,1.36982523608291,0.013582930900156498,0.7976034879684448,0.016907800361514094,1.8,0.006809803191572428,-0.0034407376473657436,-0.002035630816615258,0.0,0.0,-0.0008745615130016926,-9.149967975111833e-05,0.0,0.0,0.0,-0.0009423950543386295,0.0,-7.648114838310072e-05,0.0,-0.0010185739964050367,10.0,1418.png,0.0,1.0,1.0,13.0,0.4583333333333333,0.5416666666666666,1.0,R244-F0-gtfree-merge-targeted-candidates,0.0,val
1.0,0.16495592319768143,0.0898920768623322,1.0,-1.0,0.6382697833346276,0.05920029279897521,12.0,11.0,4.0,0.4687197034502424,1.0,0.9067740511915269,15.0,3.0,0.49245056920311564,4182.0,88.0,86.0,0.5525898520084567,1.0232558139534884,1.0,0.0008818342151675485,8.0,2.0,4.0,1607.0,4.0,0.6180769230769231,1.0,0.0,1.0,2.0,1.426776695296637,0.010629190132021904,0.8014706373214722,0.011532678920775651,2.0,0.007052693050354719,0.0018533498015234073,0.0010996538157655028,0.0,0.0,0.00019820504101686343,-0.0007319974380089606,0.0,0.0,0.0,0.00021374665835960371,0.0,0.0007996243837666839,0.0,0.0,10.0,1418.png,0.0,1.0,1.0,13.0,0.45,0.55,0.0,R244-F0-gtfree-merge-targeted-candidates,1.0,val
1.0,0.1637483395725154,0.08917532552939629,1.0,-1.0,0.637959151976392,0.05956629151797969,12.0,11.0,4.0,0.4683847425736929,1.0,0.906332744924978,15.0,4.0,0.49221090473337326,4182.0,88.0,86.0,0.5525898520084567,1.0232558139534884,1.0,0.0008818342151675485,8.0,4.0,2.0,1549.0,4.0,0.5957692307692307,1.0,0.5,0.5,2.0,1.426776695296637,0.009836329147219658,0.8098039627075195,0.012162718921899796,2.0,0.004384446889162064,0.0006457661763573652,0.00038290248282960015,0.0,0.0,-0.00011242631721875007,-0.0003659987190044803,0.0,0.0,0.0,-0.0001212142181898912,0.0,0.00035831811721775964,0.0,-0.00023966446974238442,10.0,1418.png,0.0,1.0,1.0,13.0,0.4,0.6,1.0,R244-F0-gtfree-merge-targeted-candidates,0.0,val
1.0,0.16252113016179667,0.08844789065580234,1.0,-1.0,0.6377261784577153,0.05984079055723305,12.0,11.0,4.0,0.4681336221639494,1.0,0.9060017652250661,15.0,5.0,0.4920311563810665,4182.0,88.0,86.0,0.5525898520084567,1.0232558139534884,1.0,0.0008818342151675485,8.0,4.0,4.0,1714.0,4.0,0.6338757396449705,0.5,0.875,0.125,2.0,1.3535533905932737,0.011139350943267345,0.8083333969116211,0.012840213906019925,1.0,0.004572244361042976,-0.0005814432343613507,-0.00034453239076434605,0.0,0.0,-0.00034539983589543244,-9.149967975111833e-05,0.0,0.0,0.0,-0.00037233462793340166,0.0,2.733841730595543e-05,0.0,-0.00041941282204915886,10.0,1418.png,0.0,1.0,1.0,13.0,0.4583333333333333,0.5416666666666666,1.0,R244-F0-gtfree-merge-targeted-candidates,0.0,val
