stem,rank,x_letterbox,y_letterbox,scale_letterbox,score,mask_probability,x_original,y_original,scale_original
10375,0,182.0,306.0,1.0,0.8906288743019104,1.0,449.90123456790127,905.25,2.95910483767122
10375,1,179.0,276.0,1.0,0.875977098941803,1.0,441.02160493827165,816.5,2.95910483767122
10375,2,221.0,270.0,1.0,0.857401430606842,1.0,565.3364197530865,798.75,2.95910483767122
10375,3,188.0,182.0,1.0,0.8491224646568298,1.0,467.6604938271605,538.4166666666666,2.95910483767122
10375,4,221.0,185.0,1.074722170829773,0.8389917612075806,1.0,565.3364197530865,547.2916666666666,3.1802155748548966
10375,5,154.0,284.0,1.0,0.8370065689086914,1.0,367.0246913580247,840.1666666666666,2.95910483767122
10375,6,137.0,200.0,1.0124962329864502,0.8315842747688293,1.0,316.7067901234568,591.6666666666666,2.9960825011540915
10375,7,161.0,271.0,1.1571369171142578,0.8251662850379944,1.0,387.7438271604939,801.7083333333334,3.424089449280762
10375,8,146.0,305.0,1.0057413578033447,0.8171491622924805,1.0,343.3456790123457,902.2916666666666,2.976094117321899
10375,9,133.0,190.0,1.258439064025879,0.8152151703834534,1.0,304.8672839506173,562.0833333333334,3.7238531222734204
10375,10,169.0,294.0,1.0,0.8143100142478943,1.0,411.42283950617286,869.75,2.95910483767122
10375,11,121.0,128.0,1.8581640720367432,0.8078982830047607,1.0,269.3487654320988,378.6666666666667,5.4985022947507805
10375,12,194.0,291.0,1.052785873413086,0.8066239356994629,1.0,485.4197530864198,860.875,3.115303771048583
10375,13,257.0,226.0,1.2135138511657715,0.8028554916381836,1.0,671.891975308642,668.5833333333334,3.5909147075656676
10375,14,162.0,192.0,2.062511444091797,0.8018860816955566,1.0,390.70370370370375,568.0,6.10318759196429
10375,15,159.0,127.0,1.751232624053955,0.7953176498413086,1.0,381.8240740740741,375.7083333333333,5.182080929725724
10375,16,158.0,93.0,2.5921695232391357,0.7845303416252136,1.0,378.8641975308642,275.125,7.670501376280827
10375,17,161.0,179.0,1.2374122142791748,0.7830691337585449,1.0,387.7438271604939,529.5416666666666,3.6616324694669626
10375,18,195.0,72.0,1.9508533477783203,0.7819341421127319,1.0,488.3796296296297,213.0,5.772779578997922
10375,19,234.0,120.0,1.7178881168365479,0.7748764157295227,1.0,603.8148148148149,355.0,5.083411037108931
10375,20,236.0,90.0,1.5568420886993408,0.7735916376113892,1.0,609.7345679012346,266.25,4.606858956160386
10375,21,195.0,110.0,3.014683723449707,0.7713164687156677,1.0,488.3796296296297,325.4166666666667,8.920765190108714
10375,22,279.0,195.0,2.1136598587036133,0.7702428102493286,1.0,737.0092592592594,576.875,6.25454111308133
10375,23,225.0,172.0,2.3787472248077393,0.767388105392456,1.0,577.175925925926,508.8333333333333,7.0389624205255705
10375,24,121.0,150.0,2.1767420768737793,0.7604082822799683,1.0,269.3487654320988,443.75,6.441208010039699
10375,25,191.0,169.0,2.6440017223358154,0.7585895657539368,1.0,476.5401234567902,499.9583333333333,7.823878287374949
10375,26,197.0,269.0,2.48091721534729,0.6471759676933289,1.0,494.2993827160494,795.7916666666666,7.341294133795978
10375,27,208.0,275.0,5.234525680541992,0.6230048537254333,0.9999996423721313,526.8580246913581,813.5416666666666,15.489510264206045
10375,28,138.0,212.0,23.51644515991211,0.19330677390098572,0.9960285425186157,319.6666666666667,627.1666666666666,69.58762663752587
10375,29,161.0,206.0,32.09364318847656,0.16645681858062744,0.9779926538467407,387.7438271604939,609.4166666666666,94.968454817515
10520,0,198.0,256.0,1.0,0.8747735619544983,1.0,557.2111111111111,1010.0,3.9485808221764
10520,1,194.0,149.0,1.0,0.8572032451629639,1.0,541.4037037037037,587.8515625,3.9485808221764
10520,2,171.0,158.0,1.0,0.8342801928520203,1.0,450.5111111111111,623.359375,3.9485808221764
10520,3,173.0,237.0,1.0,0.8324913382530212,1.0,458.41481481481486,935.0390625,3.9485808221764
10520,4,186.0,247.0,1.0939984321594238,0.8272973895072937,1.0,509.78888888888895,974.4921875,4.319741228715751
10520,5,226.0,137.0,1.1550500392913818,0.8156195282936096,1.0,667.862962962963,540.5078125,4.560808433800048
10520,6,193.0,228.0,1.0692206621170044,0.812650203704834,1.0,537.4518518518519,899.53125,4.221904201109957
10520,7,195.0,137.0,1.3085132837295532,0.8037512302398682,1.0,545.3555555555556,540.5078125,5.166770457697581
10520,8,266.0,188.0,1.387437343597412,0.802750825881958,1.0,825.937037037037,741.71875,5.47840848690011
10520,9,119.0,133.0,1.4916341304779053,0.8011766672134399,1.0,245.01481481481483,524.7265625,5.889837921308827
10520,10,222.0,149.0,1.4861149787902832,0.8000792264938354,1.0,652.0555555555555,587.8515625,5.8680451048004
10520,11,168.0,147.0,1.8230555057525635,0.7968754172325134,1.0,438.65555555555557,579.9609375,7.19848200777767
10520,12,294.0,167.0,1.332500696182251,0.7962354421615601,1.0,936.588888888889,658.8671875,5.261486694481938
10520,13,153.0,100.0,1.920501708984375,0.7923691868782043,1.0,379.3777777777778,394.53125,7.583256217052705
10520,14,150.0,169.0,1.0,0.7910030484199524,1.0,367.52222222222224,666.7578125,3.9485808221764
10520,15,143.0,162.0,2.1389219760894775,0.7866399884223938,1.0,339.85925925925926,639.140625,8.44570629491856
10520,16,145.0,68.0,2.698908805847168,0.7759706974029541,1.0,347.762962962963,268.28125,10.656859551571136
10520,17,235.0,90.0,3.1519289016723633,0.7726360559463501,1.0,703.4296296296296,355.078125,12.445646014007018
10520,18,178.0,224.0,2.344331741333008,0.7628200054168701,1.0,478.1740740740741,883.75,9.25678335464692
10520,19,192.0,83.0,2.403331756591797,0.7599878907203674,1.0,533.5,327.4609375,9.48974968340589
10520,20,238.0,62.0,3.9188356399536133,0.7591948509216309,1.0,715.2851851851852,244.609375,15.473839253182218
10520,21,191.0,49.0,2.50069522857666,0.7513591051101685,1.0,529.5481481481481,193.3203125,9.87419722166583
10520,22,229.0,219.0,2.7597649097442627,0.7124710083007812,1.0,679.7185185185185,864.0234375,10.897154796331579
10520,23,106.0,115.0,3.7522644996643066,0.7042529582977295,1.0,193.64074074074074,453.7109375,14.816119643107807
10520,24,217.0,225.0,2.1410763263702393,0.6917777061462402,1.0,632.2962962962963,887.6953125,8.454212921121426
10520,25,206.0,220.0,3.725923776626587,0.6015868782997131,0.9999997615814209,588.825925925926,867.96875,14.712111169278806
10618,0,190.0,264.0,1.0,0.8976887464523315,1.0,796.6145833333334,1068.0737704918033,4.190615939638458
10618,1,205.0,180.0,1.0,0.8849968314170837,1.0,859.5052083333334,716.2377049180328,4.190615939638458
10618,2,206.0,267.0,1.0,0.8632655739784241,1.0,863.6979166666666,1080.6393442622953,4.190615939638458
10618,3,182.0,191.0,1.0,0.8505789637565613,1.0,763.0729166666666,762.3114754098361,4.190615939638458
10618,4,127.0,165.0,1.0,0.8421515226364136,1.0,532.4739583333334,653.4098360655738,4.190615939638458
10618,5,235.0,180.0,1.0,0.8397515416145325,1.0,985.2864583333334,716.2377049180328,4.190615939638458
10618,6,159.0,204.0,1.0,0.834043025970459,1.0,666.640625,816.7622950819673,4.190615939638458
10618,7,206.0,301.0,1.0,0.83382648229599,1.0,863.6979166666666,1223.049180327869,4.190615939638458
10618,8,196.0,288.0,1.0,0.8239279389381409,1.0,821.7708333333334,1168.5983606557377,4.190615939638458
10618,9,220.0,281.0,1.4055079221725464,0.8144303560256958,1.0,922.3958333333334,1139.2786885245903,5.8899439019444015
10618,10,238.0,169.0,1.0,0.811042070388794,1.0,997.8645833333334,670.1639344262295,4.190615939638458
10618,11,323.0,217.0,1.0,0.8097450137138367,1.0,1354.2447916666667,871.2131147540985,4.190615939638458
10618,12,199.0,76.0,1.7908391952514648,0.8077861666679382,1.0,834.3489583333334,280.63114754098365,7.504719276950096
10618,13,182.0,277.0,1.0,0.8072433471679688,1.0,763.0729166666666,1122.5245901639346,4.190615939638458
10618,14,154.0,196.0,1.0431187152862549,0.8020983338356018,1.0,645.6770833333334,783.2540983606558,4.37130991521377
10618,15,243.0,269.0,1.0247023105621338,0.8005498647689819,1.0,1018.828125,1089.016393442623,4.294133836026035
10618,16,288.0,237.0,1.336410641670227,0.7964932322502136,1.0,1207.5,954.9836065573771,5.600383736885712
10618,17,179.0,181.0,2.1635406017303467,0.790105938911438,1.0,750.4947916666666,720.4262295081968,9.06656773166617
10618,18,251.0,89.0,1.6507196426391602,0.781521201133728,1.0,1052.3697916666667,335.08196721311475,6.917532046317963
10618,19,155.0,97.0,1.6767539978027344,0.7815120220184326,1.0,649.8697916666666,368.59016393442624,7.026632030044646
10618,20,204.0,112.0,1.7983753681182861,0.7774549126625061,1.0,855.3125,431.41803278688525,7.5363004830896685
10618,21,163.0,130.0,1.6127218008041382,0.7724656462669373,1.0,683.4114583333334,506.8114754098361,6.758297684652259
10618,22,247.0,120.0,2.691230535507202,0.769953191280365,1.0,1035.5989583333333,464.92622950819674,11.277913579338223
10618,23,206.0,169.0,3.645566940307617,0.7591282725334167,1.0,863.6979166666666,670.1639344262295,15.277170929072101
10618,24,112.0,145.0,2.7467331886291504,0.7528408765792847,1.0,469.58333333333337,569.6393442622951,11.510503882203283
10618,25,228.0,267.0,3.8628273010253906,0.7057316303253174,1.0,955.9375,1080.6393442622953,16.187625659747603
10618,26,173.0,295.0,2.903238534927368,0.701907753944397,1.0,725.3385416666666,1197.9180327868853,12.166357681039232
10618,27,177.0,284.0,11.259994506835938,0.23775885999202728,0.9996826648712158,742.109375,1151.844262295082,47.186312460588155
10624,0,155.0,313.0,1.0,0.8618162870407104,1.0,490.9090909090909,1024.5859375,3.273082367099579
10624,1,147.0,329.0,1.0,0.8518781661987305,1.0,464.7272727272727,1076.9609375,3.273082367099579
10624,2,156.0,220.0,1.0,0.8485710620880127,1.0,494.18181818181813,720.15625,3.273082367099579
10624,3,176.0,319.0,1.6902265548706055,0.8164724707603455,1.0,559.6363636363636,1044.2265625,5.532250733150447
10624,4,186.0,211.0,1.0,0.8047419190406799,1.0,592.3636363636363,690.6953125,3.273082367099579
10624,5,218.0,308.0,1.4247156381607056,0.8044592142105103,1.0,697.090909090909,1008.21875,4.663211633394829
10624,6,221.0,216.0,1.9333502054214478,0.7906903624534607,1.0,706.9090909090909,707.0625,6.328014466793289
10624,7,138.0,146.0,2.3538897037506104,0.7882803082466125,1.0,435.27272727272725,477.921875,7.704474883443374
10624,8,260.0,260.0,1.5068295001983643,0.7843658924102783,1.0,834.5454545454545,851.09375,4.931977067324737
10624,9,165.0,342.0,1.1469309329986572,0.7823679447174072,1.0,523.6363636363636,1119.515625,3.753999413078973
10624,10,119.0,223.0,1.8837265968322754,0.7780337929725647,1.0,373.09090909090907,729.9765625,6.165592308528217
10624,11,127.0,232.0,1.4156780242919922,0.7724329829216003,1.0,399.27272727272725,759.4375,4.633630778800488
10624,12,131.0,105.0,2.1070337295532227,0.7692818641662598,1.0,412.3636363636363,343.7109375,6.896494947084715
10624,13,86.0,185.0,1.4924640655517578,0.7626614570617676,1.0,265.09090909090907,605.5859375,4.8849578164872085
10624,14,187.0,131.0,2.341737985610962,0.760116457939148,1.0,595.6363636363636,428.8203125,7.6647013090705265
10624,15,193.0,336.0,1.101232886314392,0.7574644684791565,1.0,615.2727272727273,1099.875,3.6044259422658116
10624,16,241.0,144.0,3.5229239463806152,0.7458382844924927,1.0,772.3636363636363,471.375,11.530820249531253
10624,17,226.0,202.0,1.875989556312561,0.7444586157798767,1.0,723.2727272727273,661.234375,6.140268337629606
10624,18,249.0,109.0,3.0310354232788086,0.7373495697975159,1.0,798.5454545454545,356.8046875,9.920828597988075
10624,19,189.0,88.0,3.774787425994873,0.7336040735244751,0.9999998807907104,602.1818181818181,288.0625,12.355190163573024
10624,20,285.0,223.0,2.124638557434082,0.7245492935180664,1.0,916.3636363636363,729.9765625,6.954116998797379
10624,21,125.0,344.0,3.1136631965637207,0.7231384515762329,1.0,392.7272727272727,1126.0625,10.191276105759624
10624,22,187.0,196.0,2.4561541080474854,0.7213191986083984,1.0,595.6363636363636,641.59375,8.039194701929418
10624,23,67.0,162.0,3.9111363887786865,0.7100452184677124,0.9999998807907104,202.9090909090909,530.296875,12.80147154943304
10624,24,153.0,205.0,3.011207342147827,0.6632676124572754,0.9999998807907104,484.3636363636363,671.0546875,9.855929655264841
10624,25,202.0,314.0,2.419247627258301,0.6312298774719238,1.0,644.7272727272726,1027.859375,7.918396750426638
10624,26,175.0,356.0,1.821859359741211,0.5997487902641296,0.9999998807907104,556.3636363636364,1165.34375,5.963095745704285
10624,27,88.0,292.0,25.723726272583008,0.25581157207489014,0.9992042183876038,271.6363636363636,955.84375,84.19587487888761
10624,28,158.0,295.0,20.030311584472656,0.1925426870584488,0.9971286654472351,500.7272727272727,965.6640625,65.56085965464787
10624,29,224.0,304.0,15.682150840759277,0.18272462487220764,0.9976951479911804,716.7272727272726,995.125,51.32897139508502
11852,0,186.0,168.0,1.0,0.8467170000076294,1.0,517.1821305841925,620.8125,3.6947352427130284
11852,1,159.0,182.0,1.0631728172302246,0.8450075387954712,1.0,417.4398625429553,672.546875,3.9281420769150084
11852,2,162.0,271.0,1.0,0.8371979594230652,1.0,428.5223367697595,1001.4296875,3.6947352427130284
11852,3,134.0,196.0,1.6347453594207764,0.8199633359909058,1.0,325.085910652921,724.28125,6.0399512923135195
11852,4,182.0,276.0,1.5757708549499512,0.8072190880775452,1.0,502.40549828178695,1019.90625,5.822056112223624
11852,5,274.0,228.0,1.852147102355957,0.8023096323013306,1.0,842.2680412371134,842.53125,6.843193173763369
11852,6,126.0,188.0,1.1693165302276611,0.7954976558685303,1.0,295.53264604810994,694.71875,4.3203149941190535
11852,7,222.0,171.0,1.194240689277649,0.792500913143158,1.0,650.171821305842,631.8984375,4.4124031629560285
11852,8,188.0,94.0,2.2107393741607666,0.7861888408660889,1.0,524.5704467353952,347.359375,8.16809667816513
11852,9,187.0,56.0,3.0297725200653076,0.7759069800376892,1.0,520.8762886597938,206.9375,11.194207307288758
11852,10,188.0,155.0,1.7562663555145264,0.771815836429596,1.0,524.5704467353952,572.7734375,6.48893919931069
11852,11,98.0,154.0,2.109785556793213,0.764457643032074,1.0,192.0962199312715,569.078125,7.795099051250814
11852,12,157.0,169.0,1.9941565990447998,0.7608854174613953,1.0,410.0515463917526,624.5078125,7.367880665979576
11852,13,135.0,77.0,3.3541741371154785,0.7513731122016907,1.0,328.78006872852234,284.5390625,12.392785394597121
11852,14,212.0,277.0,2.3215441703796387,0.7440690398216248,1.0,613.2302405498282,1023.6015625,8.57749106381663
11852,15,228.0,271.0,3.632605791091919,0.7427114844322205,1.0,672.3367697594501,1001.4296875,13.421516639230754
11852,16,200.0,269.0,1.743551254272461,0.7404869794845581,1.0,568.9003436426117,994.0390625,6.441960266636967
11852,17,143.0,113.0,2.2075681686401367,0.7377309203147888,1.0,358.3333333333333,417.5703125,8.156379913366171
11852,18,228.0,160.0,3.1300048828125,0.7289379835128784,1.0,672.3367697594501,591.25,11.564539350391208
11852,19,306.0,196.0,2.175769090652466,0.7262268662452698,1.0,960.4810996563574,724.28125,8.038890739239344
11852,20,155.0,288.0,1.7654768228530884,0.7226387858390808,1.0,402.6632302405498,1064.25,6.522969437588332
11852,21,254.0,74.0,3.326056957244873,0.7091318964958191,1.0,768.384879725086,273.453125,12.288899859203493
11852,22,246.0,107.0,4.077897071838379,0.7024576663970947,1.0,738.8316151202749,395.3984375,15.066750027477521
11852,23,84.0,135.0,6.251518249511719,0.6977551579475403,0.9999998807907104,140.37800687285224,498.8671875,23.097704796934607
11852,24,173.0,296.0,6.4015398025512695,0.5018280744552612,0.999995231628418,469.15807560137455,1093.8125,23.651994716116377
11852,25,200.0,289.0,5.913392066955566,0.43567270040512085,0.9999940395355225,568.9003436426117,1067.9453125,21.84841807376037
11852,26,194.0,297.0,4.974818229675293,0.41558539867401123,0.9999943971633911,546.7353951890034,1097.5078125,18.380636239272544
11852,27,154.0,306.0,12.328468322753906,0.4104975759983063,0.9999618530273438,398.96907216494844,1130.765625,45.55042640075004
11852,28,266.0,234.0,31.95621109008789,0.17243298888206482,0.9850953221321106,812.7147766323025,864.703125,118.06973933812466
11945,0,192.0,157.0,1.0,0.8614658117294312,1.0,557.3703703703703,587.1145833333333,3.7401619922665192
11945,1,227.0,155.0,1.0,0.8492165803909302,1.0,688.2962962962963,579.6354166666666,3.7401619922665192
11945,2,196.0,292.0,1.0,0.8467170000076294,1.0,572.3333333333333,1091.9583333333333,3.7401619922665192
11945,3,161.0,168.0,1.0,0.8422640562057495,1.0,441.4074074074074,628.25,3.7401619922665192
11945,4,190.0,253.0,1.0,0.8400187492370605,1.0,549.8888888888888,946.1145833333333,3.7401619922665192
11945,5,102.0,133.0,1.230999231338501,0.8309786319732666,1.0,220.7037037037037,497.3645833333333,4.604136537561562
11945,6,163.0,267.0,1.0,0.8254438042640686,1.0,448.88888888888886,998.46875,3.7401619922665192
11945,7,236.0,247.0,1.1480956077575684,0.8144067525863647,1.0,721.9629629629629,923.6770833333333,4.294063555622987
11945,8,127.0,173.0,1.400511384010315,0.8098767399787903,1.0,314.22222222222223,646.9479166666666,5.238139448211959
11945,9,299.0,165.0,1.1085286140441895,0.8086464405059814,1.0,957.6296296296296,617.03125,4.146076589587959
11945,10,133.0,183.0,1.2774091958999634,0.8083611726760864,1.0,336.66666666666663,684.34375,4.7777173230767795
11945,11,172.0,251.0,2.023226261138916,0.805651068687439,1.0,482.55555555555554,938.6354166666666,7.567193963667269
11945,12,158.0,155.0,2.188239574432373,0.7981442809104919,1.0,430.18518518518516,579.6354166666666,8.184370486265426
11945,13,89.0,108.0,2.9572770595550537,0.7821473479270935,1.0,172.07407407407408,403.875,11.060695258749504
11945,14,233.0,142.0,2.6745104789733887,0.7628079056739807,1.0,710.7407407407406,531.0208333333333,10.003102441374793
11945,15,181.0,277.0,1.188241720199585,0.7606104612350464,1.0,516.2222222222222,1035.8645833333333,4.444216519515876
11945,16,192.0,142.0,2.1888980865478516,0.7474451065063477,1.0,557.3703703703703,531.0208333333333,8.186833428251184
11945,17,258.0,54.0,2.9562082290649414,0.7470705509185791,1.0,804.2592592592592,201.9375,11.05669765957421
11945,18,276.0,201.0,1.91897714138031,0.7438373565673828,1.0,871.5925925925925,751.65625,7.17728536821889
11945,19,142.0,95.0,2.386106014251709,0.7398510575294495,1.0,370.3333333333333,355.26041666666663,8.924423024022795
11945,20,135.0,56.0,2.5295865535736084,0.7384185791015625,1.0,344.14814814814815,209.41666666666666,9.461063483824466
11945,21,250.0,86.0,2.423567295074463,0.7373569011688232,1.0,774.3333333333333,321.60416666666663,9.064534282737682
11945,22,193.0,77.0,3.6110451221466064,0.7292888760566711,1.0,561.1111111111111,287.94791666666663,13.505893718212148
11945,23,208.0,271.0,1.726582646369934,0.7251033782958984,1.0,617.2222222222222,1013.4270833333333,6.457698790459772
11945,24,193.0,35.0,3.113609790802002,0.7047178149223328,1.0,561.1111111111111,130.88541666666666,11.645404998306557
11945,25,220.0,251.0,3.8331446647644043,0.6360704898834229,0.9999998807907104,662.1111111111111,938.6354166666666,14.336581986011014
11945,26,210.0,244.0,1.9847729206085205,0.6271011829376221,1.0,624.7037037037037,912.4583333333333,7.423372240939802
12498,0,192.0,172.0,1.0,0.8892953395843506,1.0,628.5,688.0,4.001592039864032
12498,1,228.0,170.0,1.0,0.8765912055969238,1.0,772.6146496815287,680.0,4.001592039864032
12498,2,142.0,202.0,1.0,0.8744153380393982,1.0,428.3407643312102,808.0,4.001592039864032
12498,3,215.0,298.0,1.0,0.8675074577331543,1.0,720.5732484076433,1192.0,4.001592039864032
12498,4,164.0,184.0,1.0,0.8550881743431091,1.0,516.4108280254777,736.0,4.001592039864032
12498,5,173.0,298.0,1.0,0.8301764130592346,1.0,552.4394904458599,1192.0,4.001592039864032
12498,6,101.0,159.0,1.284489631652832,0.8243907690048218,1.0,264.21019108280257,636.0,5.1400034853098555
12498,7,210.0,318.0,1.0,0.8222531676292419,1.0,700.5573248407643,1272.0,4.001592039864032
12498,8,129.0,73.0,1.6031997203826904,0.808673083782196,1.0,376.29936305732485,292.0,6.415351239395616
12498,9,141.0,111.0,1.366711139678955,0.8074376583099365,1.0,424.3375796178344,444.0,5.469020417332806
12498,10,194.0,158.0,1.5724375247955322,0.8061633706092834,1.0,636.5063694267516,632.0,6.292253482405303
12498,11,191.0,308.0,1.0,0.804918110370636,1.0,624.4968152866243,1232.0,4.001592039864032
12498,12,274.0,207.0,1.5307393074035645,0.7995489239692688,1.0,956.7611464968153,828.0,6.125394227613085
12498,13,84.0,137.0,2.0142970085144043,0.7945181131362915,1.0,196.156050955414,548.0,8.060394875193172
12498,14,168.0,318.0,1.0686955451965332,0.7913787364959717,1.0,532.4235668789809,1272.0,4.276483586696599
12498,15,193.0,43.0,1.8544925451278687,0.7898401618003845,1.0,632.5031847133758,172.0,7.420922606570868
12498,16,246.0,271.0,1.4145183563232422,0.7789761424064636,1.0,844.671974522293,1084.0,5.66032539490464
12498,17,233.0,158.0,2.120725154876709,0.778038740158081,1.0,792.6305732484077,632.0,8.486276898494054
12498,18,298.0,162.0,2.3119232654571533,0.7714856266975403,1.0,1052.8375796178343,648.0,9.251373735829803
12498,19,161.0,171.0,1.790475606918335,0.7649410963058472,1.0,504.40127388535035,684.0,7.16475293621513
12498,20,135.0,194.0,2.699463367462158,0.757763147354126,1.0,400.31847133757964,776.0,10.802151123141126
12498,21,196.0,282.0,1.3632354736328125,0.7462792992591858,1.0,644.5127388535032,1128.0,5.455112219749336
12498,22,261.0,60.0,3.6448822021484375,0.7454898357391357,1.0,904.71974522293,240.0,14.58533160635927
12498,23,179.0,278.0,2.2871556282043457,0.7430694699287415,1.0,576.4585987261147,1112.0,9.15226375575273
12498,24,253.0,97.0,3.3168530464172363,0.7296262979507446,1.0,872.6942675159236,388.0,13.272692747941978
12498,25,194.0,87.0,2.8524112701416016,0.7207460999488831,1.0,636.5063694267516,348.0,11.414186233017086
12498,26,228.0,277.0,2.691817045211792,0.6575170755386353,1.0,772.6146496815287,1108.0,10.771553660889825
12498,27,215.0,271.0,4.148353576660156,0.37258026003837585,0.999995231628418,720.5732484076433,1084.0,16.60001865090477
12498,28,268.0,217.0,19.608388900756836,0.3018392324447632,0.9994297623634338,932.7420382165606,868.0,78.46477293982679
12627,0,213.0,197.0,1.0,0.8633291721343994,1.0,569.433962264151,623.8333333333334,3.1650939490793877
12627,1,159.0,298.0,1.0,0.8608039021492004,1.0,398.6037735849057,943.6666666666667,3.1650939490793877
12627,2,149.0,207.0,1.0,0.8443300127983093,1.0,366.9685534591195,655.5,3.1650939490793877
12627,3,178.0,198.0,1.0,0.843821108341217,1.0,458.71069182389937,627.0,3.1650939490793877
12627,4,188.0,342.0,1.0,0.831835925579071,1.0,490.34591194968556,1083.0,3.1650939490793877
12627,5,179.0,306.0,1.1199215650558472,0.8246862292289734,1.0,461.874213836478,969.0,3.5446569690017795
12627,6,167.0,332.0,1.0,0.82187819480896,1.0,423.91194968553464,1051.3333333333335,3.1650939490793877
12627,7,124.0,219.0,1.360776424407959,0.819604218006134,1.0,287.8805031446541,693.5,4.306985226943516
12627,8,226.0,296.0,1.351757526397705,0.7969456911087036,1.0,610.559748427673,937.3333333333334,4.278439567423897
12627,9,114.0,90.0,1.1194429397583008,0.7937891483306885,1.0,256.24528301886795,285.0,3.5431420749686393
12627,10,117.0,209.0,1.4423879384994507,0.7911591529846191,1.0,265.7358490566038,661.8333333333334,4.565293336369703
12627,11,165.0,70.0,1.394909381866455,0.7895358204841614,1.0,417.5849056603774,221.66666666666669,4.415019244059586
12627,12,126.0,134.0,2.2602579593658447,0.7891834378242493,1.0,294.20754716981133,424.33333333333337,7.15392879054736
12627,13,265.0,240.0,1.8055472373962402,0.7886562943458557,1.0,733.937106918239,760.0,5.7147266358598445
12627,14,145.0,193.0,1.456653118133545,0.7844225764274597,1.0,354.31446540880506,611.1666666666667,4.610443970112105
12627,15,172.0,116.0,1.753753900527954,0.7768036723136902,1.0,439.7295597484277,367.33333333333337,5.550795858735402
12627,16,93.0,166.0,2.9602084159851074,0.7725731730461121,1.0,189.811320754717,525.6666666666667,9.369337745448343
12627,17,217.0,184.0,1.5453168153762817,0.7642576098442078,1.0,582.0880503144655,582.6666666666667,4.891072901758099
12627,18,178.0,182.0,1.9219326972961426,0.7590730786323547,1.0,458.71069182389937,576.3333333333334,6.083097550749847
12627,19,213.0,306.0,1.397720217704773,0.7551842927932739,1.0,569.433962264151,969.0,4.423915803563301
12627,20,287.0,197.0,2.077193260192871,0.7548292279243469,1.0,803.5345911949686,623.8333333333334,6.574511818904942
12627,21,80.0,138.0,2.3887534141540527,0.7532833218574524,1.0,148.68553459119497,437.0,7.560628976981721
12627,22,152.0,321.0,2.063382148742676,0.7486453056335449,1.0,376.45911949685535,1016.5,6.530798353623868
12627,23,225.0,87.0,2.132443904876709,0.741818368434906,1.0,607.3962264150944,275.5,6.749385300076493
12627,24,226.0,125.0,2.800584316253662,0.7253368496894836,1.0,610.559748427673,395.83333333333337,8.8641124732611
12627,25,198.0,300.0,2.277139902114868,0.6748608350753784,1.0,521.9811320754717,950.0,7.207361725390998
12627,26,198.0,322.0,4.534261703491211,0.6631282567977905,0.9999998807907104,521.9811320754717,1019.6666666666667,14.351364281262427
12827,0,157.0,197.0,1.0,0.8437503576278687,1.0,516.4253731343283,1026.0416666666667,5.212374054457535
12827,1,173.0,294.0,1.0,0.8360695838928223,1.0,599.8880597014925,1531.25,5.212374054457535
12827,2,135.0,205.0,1.0,0.8310939073562622,1.0,401.6641791044776,1067.7083333333333,5.212374054457535
12827,3,146.0,277.0,1.0,0.8258921504020691,1.0,459.04477611940297,1442.7083333333333,5.212374054457535
12827,4,178.0,281.0,1.0,0.809030294418335,1.0,625.9701492537313,1463.5416666666667,5.212374054457535
12827,5,179.0,190.0,1.0,0.8014920949935913,1.0,631.1865671641791,989.5833333333333,5.212374054457535
12827,6,154.0,187.0,1.445221185684204,0.8003292679786682,1.0,500.77611940298505,973.9583333333333,7.533033411212701
12827,7,245.0,239.0,1.3054964542388916,0.7993320226669312,1.0,975.4701492537313,1244.7916666666667,6.804735846261107
12827,8,272.0,218.0,1.2354316711425781,0.790475606918335,1.0,1116.3134328358208,1135.4166666666667,6.439531988718688
12827,9,205.0,192.0,1.9098504781723022,0.7883217930793762,1.0,766.8134328358209,1000.0,9.954855080318625
12827,10,210.0,183.0,1.9230419397354126,0.7859302759170532,1.0,792.8955223880597,953.125,10.023613912310555
12827,11,232.0,118.0,2.3735361099243164,0.7856450080871582,1.0,907.6567164179104,614.5833333333334,12.371758036687575
12827,12,183.0,180.0,2.8178067207336426,0.7767977714538574,1.0,652.0522388059701,937.5,14.687462641628109
12827,13,133.0,116.0,3.1968183517456055,0.772800862789154,1.0,391.2313432835821,604.1666666666666,16.663013033452497
12827,14,158.0,286.0,1.0389320850372314,0.772668719291687,1.0,521.6417910447761,1489.5833333333333,5.415302644391534
12827,15,131.0,197.0,2.0590553283691406,0.7655149102210999,1.0,380.79850746268653,1026.0416666666667,10.732566570283849
12827,16,224.0,140.0,2.0791831016540527,0.7648714184761047,1.0,865.9253731343283,729.1666666666666,10.837480053528129
12827,17,201.0,265.0,1.0,0.7631667256355286,1.0,745.9477611940298,1380.2083333333333,5.212374054457535
12827,18,140.0,143.0,2.0074570178985596,0.7617992162704468,1.0,427.7462686567164,744.7916666666666,10.463616875533148
12827,19,167.0,270.0,1.1280121803283691,0.757507860660553,1.0,568.5895522388059,1406.25,5.879621421855666
12827,20,112.0,167.0,2.466064214706421,0.7548593282699585,1.0,281.6865671641791,869.7916666666666,12.854049129361945
12827,21,189.0,102.0,2.2085866928100586,0.7548311948776245,1.0,683.3507462686567,531.25,11.511979974623324
12827,22,144.0,298.0,1.5979838371276855,0.7460485696792603,1.0,448.6119402985074,1552.0833333333333,8.329289492086843
12827,23,188.0,131.0,4.561742782592773,0.7396954894065857,1.0,678.1343283582089,682.2916666666666,23.777509723095495
12827,24,105.0,151.0,3.7318296432495117,0.713243842124939,1.0,245.17164179104478,786.4583333333334,19.451692008129275
12827,25,155.0,265.0,2.114870071411133,0.7072986364364624,1.0,505.9925373134328,1380.2083333333333,11.023493888772144
12827,26,188.0,267.0,2.491950273513794,0.6672184467315674,1.0,678.1343283582089,1390.625,12.988976950661659
12827,27,95.0,243.0,39.41725158691406,0.19395822286605835,0.9930014610290527,193.00746268656715,1265.625,205.45745946965596
13220,0,157.0,284.0,1.0,0.8316892981529236,1.0,522.005376344086,982.1666666666667,3.457661225012278
13220,1,173.0,286.0,1.6605784893035889,0.7911298871040344,1.0,577.3172043010752,989.0833333333334,5.741717853554485
13220,2,178.0,318.0,1.0,0.7890531420707703,1.0,594.6021505376343,1099.75,3.457661225012278
13220,3,176.0,210.0,1.6069228649139404,0.7846835851669312,1.0,587.6881720430107,726.25,5.556194881598574
13220,4,204.0,212.0,1.723168134689331,0.7811878323554993,1.0,684.4838709677418,733.1666666666667,5.958131643492035
13220,5,151.0,203.0,1.99788236618042,0.7694718837738037,1.0,501.26344086021504,702.0416666666667,6.908000389677819
13220,6,178.0,194.0,2.0491340160369873,0.7680255174636841,1.0,594.6021505376343,670.9166666666667,7.085211232104778
13220,7,218.0,154.0,2.849203109741211,0.7664943933486938,1.0,732.8817204301075,532.5833333333334,9.851579114736587
13220,8,128.0,217.0,2.5057411193847656,0.7596246600151062,1.0,421.75268817204295,750.4583333333334,8.664003908415566
13220,9,183.0,144.0,3.8974833488464355,0.7571055293083191,1.0,611.8870967741935,498.0,13.476177050437322
13220,10,257.0,217.0,1.9659901857376099,0.7427094578742981,1.0,867.7043010752687,750.4583333333334,6.79772803397962
13220,11,147.0,155.0,3.746243476867676,0.7393468618392944,1.0,487.4354838709677,536.0416666666667,12.953240809420542
13220,12,117.0,182.0,4.914859771728516,0.6771860122680664,0.9999997615814209,383.72580645161287,629.4166666666667,16.993920059078384
13220,13,185.0,113.0,4.623185634613037,0.6684059500694275,0.9999998807907104,618.8010752688172,390.7916666666667,15.985409704835279
13220,14,208.0,198.0,2.279900312423706,0.6653710007667542,1.0,698.3118279569892,684.75,7.883122907160827
13220,15,148.0,124.0,8.42104721069336,0.6504985690116882,0.9999994039535522,490.89247311827955,428.83333333333337,29.117128414412228
13220,16,153.0,219.0,4.094193458557129,0.6407335996627808,0.9999997615814209,508.17741935483866,757.375,14.156333969351897
13220,17,131.0,230.0,4.85887336730957,0.6220331192016602,0.9999992847442627,432.12365591397844,795.4166666666667,16.80033803939114
13220,18,224.0,129.0,7.965486526489258,0.6063641905784607,0.999998927116394,753.6236559139784,446.125,27.54195390099964
13220,19,241.0,246.0,12.789270401000977,0.5028218030929565,0.9999765157699585,812.3924731182796,850.75,44.220964361738304
13220,20,191.0,268.0,11.308238983154297,0.43670758605003357,0.9999656677246094,639.5430107526881,926.8333333333334,39.10005945522488
13220,21,115.0,161.0,15.786314964294434,0.41851818561553955,0.9999316930770874,376.8118279569892,556.7916666666667,54.58372913787195
13220,22,216.0,282.0,18.15728187561035,0.2403305172920227,0.9991434812545776,725.9677419354838,975.25,62.78172949291612
13436,0,196.0,171.0,1.0,0.8742141127586365,1.0,750.7219251336898,671.53125,3.928781941022809
13436,1,168.0,184.0,1.0,0.8608156442642212,1.0,640.6684491978609,722.5833333333334,3.928781941022809
13436,2,169.0,294.0,1.0,0.8546741604804993,1.0,644.5989304812833,1154.5625,3.928781941022809
13436,3,202.0,314.0,1.0,0.8541734218597412,1.0,774.3048128342245,1233.1041666666667,3.928781941022809
13436,4,131.0,188.0,1.1077725887298584,0.836471676826477,1.0,495.2406417112299,738.2916666666666,4.352196941361955
13436,5,174.0,272.0,1.0,0.8363578915596008,1.0,664.2513368983957,1068.1666666666667,3.928781941022809
13436,6,195.0,277.0,1.397484540939331,0.8163051605224609,1.0,746.7914438502673,1087.8020833333333,5.4904120273009935
13436,7,233.0,174.0,1.6966170072555542,0.8112817406654358,1.0,896.1497326203208,683.3125,6.665638258937785
13436,8,292.0,245.0,1.6447114944458008,0.8076645135879517,1.0,1128.048128342246,962.1354166666666,6.461712817571298
13436,9,214.0,293.0,1.0,0.805006206035614,1.0,821.470588235294,1150.6354166666667,3.928781941022809
13436,10,140.0,196.0,1.0,0.8005125522613525,1.0,530.6149732620321,769.7083333333334,3.928781941022809
13436,11,147.0,114.0,2.097188711166382,0.795290470123291,1.0,558.1283422459893,447.6875,8.23939713534738
13436,12,98.0,158.0,1.7336077690124512,0.7856196165084839,1.0,365.53475935828874,620.4791666666666,6.810966895712959
13436,13,239.0,162.0,2.084473133087158,0.784832775592804,1.0,919.7326203208555,636.1875,8.189440401820061
13436,14,221.0,277.0,1.0,0.7832232713699341,1.0,848.9839572192512,1087.8020833333333,3.928781941022809
13436,15,186.0,304.0,1.5548293590545654,0.7787485718727112,1.0,711.4171122994652,1193.8333333333333,6.108585507225645
13436,16,195.0,95.0,1.5454649925231934,0.7774097919464111,1.0,746.7914438502673,373.0729166666667,6.071794953108072
13436,17,164.0,170.0,2.360529661178589,0.7754829525947571,1.0,624.9465240641711,667.6041666666666,9.274006304087129
13436,18,197.0,156.0,1.393080234527588,0.772659420967102,1.0,754.6524064171123,612.625,5.473108467807807
13436,19,267.0,81.0,2.438941478729248,0.7685544490814209,1.0,1029.7860962566845,318.09375,9.582069236842935
13436,20,79.0,137.0,1.849349021911621,0.7666960954666138,1.0,290.855614973262,538.0104166666666,7.265689039934571
13436,21,158.0,316.0,1.4286996126174927,0.7646083235740662,1.0,601.3636363636364,1240.9583333333333,5.613049237197888
13436,22,258.0,111.0,4.26542329788208,0.7421738505363464,1.0,994.4117647058823,435.90625,16.75791802353707
13436,23,215.0,266.0,2.5403456687927246,0.7407985925674438,1.0,825.4010695187166,1044.6041666666667,9.980464187508366
13436,24,137.0,77.0,2.130192279815674,0.7371230721473694,1.0,518.8235294117646,302.3854166666667,8.369060959846026
13436,25,193.0,57.0,3.6242387294769287,0.733170747756958,1.0,738.9304812834224,223.84375,14.238843670324407
13436,26,237.0,273.0,2.0913000106811523,0.7289628386497498,1.0,911.8716577540106,1072.09375,8.216261715224919
13436,27,331.0,231.0,2.9071710109710693,0.7216195464134216,1.0,1281.3368983957218,907.15625,11.421640967368159
13441,0,156.0,217.0,1.0,0.8489968776702881,1.0,356.3815384615384,609.1822916666666,2.8067226987524627
13441,1,187.0,202.0,1.0,0.835935115814209,1.0,443.3723076923077,567.0729166666666,2.8067226987524627
13441,2,227.0,204.0,1.1870577335357666,0.8025274276733398,1.0,555.6184615384615,572.6875,3.331741885444489
13441,3,191.0,304.0,1.0,0.8021743297576904,1.0,454.596923076923,853.4166666666667,2.8067226987524627
13441,4,99.0,179.0,1.6363091468811035,0.7939282655715942,1.0,196.43076923076922,502.50520833333337,4.592666024727471
13441,5,196.0,342.0,1.0,0.7859198451042175,1.0,468.62769230769226,960.09375,2.8067226987524627
13441,6,93.0,150.0,2.3483998775482178,0.7850909233093262,1.0,179.59384615384613,421.09375,6.591307242062087
13441,7,159.0,318.0,1.3380194902420044,0.7725430727005005,1.0,364.79999999999995,892.71875,3.7554496746354333
13441,8,193.0,121.0,1.8625541925430298,0.7676889896392822,1.0,460.2092307692307,339.6822916666667,5.227673129867087
13441,9,257.0,98.0,2.2755978107452393,0.7671322226524353,1.0,639.8030769230769,275.1145833333333,6.386972028650074
13441,10,149.0,140.0,2.6346435546875,0.7583912014961243,1.0,336.73846153846154,393.0208333333333,7.394713868063282
13441,11,151.0,99.0,2.1583425998687744,0.7577588558197021,1.0,342.35076923076923,277.921875,6.0578691667360935
13441,12,196.0,80.0,2.606978416442871,0.7533226013183594,1.0,468.62769230769226,224.58333333333334,7.317065496587958
13441,13,304.0,216.0,3.0275845527648926,0.7445985674858093,1.0,771.6923076923076,606.375,8.497590286637548
13441,14,168.0,301.0,1.667233943939209,0.7402748465538025,1.0,390.0553846153846,844.9947916666667,4.679463354584769
13441,15,154.0,200.0,2.3011701107025146,0.7174721360206604,1.0,350.7692307692307,561.4583333333334,6.458746383399466
13441,16,127.0,235.0,3.172003746032715,0.7100869417190552,1.0,275.0030769230769,659.7135416666666,8.902934914517864
13441,17,248.0,132.0,4.928633213043213,0.7039094567298889,0.9999998807907104,614.5476923076923,370.5625,13.83330671287367
13441,18,189.0,186.0,4.221352577209473,0.6646236181259155,0.9999997615814209,448.9846153846154,522.15625,11.848166097891037
13441,19,233.0,189.0,4.127602577209473,0.6642537117004395,0.9999997615814209,572.4553846153846,530.578125,11.585035844882992
13441,20,120.0,223.0,3.407231330871582,0.6639066934585571,0.9999998807907104,255.35999999999999,626.0260416666666,9.563153516257833
13441,21,279.0,250.0,9.557377815246582,0.5754427313804626,0.9999969005584717,701.5384615384614,701.8229166666666,26.824909254605807
13441,22,245.0,296.0,9.154425621032715,0.4991898536682129,0.9999858140945435,606.1292307692307,830.9583333333334,25.693934184593633
13441,23,157.0,233.0,21.602561950683594,0.2369491457939148,0.9974918365478516,359.18769230769226,654.0989583333334,60.63240097818993
13441,24,152.0,288.0,18.44023895263672,0.1762840747833252,0.9972624778747559,345.1569230769231,808.5,51.75663723878482
13441,25,187.0,274.0,24.339988708496094,0.16316066682338715,0.9843237996101379,443.3723076923077,769.1979166666666,68.31559879551463
13454,0,184.0,254.0,1.0,0.852465033531189,1.0,445.30555555555554,832.1145833333334,3.2751734960759173
13454,1,180.0,275.0,1.0,0.8457196950912476,1.0,432.2083333333333,900.9114583333334,3.2751734960759173
13454,2,171.0,172.0,1.0,0.8313760161399841,1.0,402.7395833333333,563.4791666666667,3.2751734960759173
13454,3,199.0,160.0,1.5425474643707275,0.8209697604179382,1.0,494.42013888888886,524.1666666666667,5.052110571746118
13454,4,140.0,176.0,2.136880397796631,0.7956241965293884,1.0,301.2361111111111,576.5833333333334,6.998654043147689
13454,5,202.0,261.0,1.2554301023483276,0.7932630777359009,1.0,504.24305555555554,855.0468750000001,4.11175139738712
13454,6,235.0,160.0,2.0938942432403564,0.7794195413589478,1.0,612.2951388888888,524.1666666666667,6.8578669290467555
13454,7,201.0,145.0,1.8464252948760986,0.7774634957313538,1.0,500.96874999999994,475.0260416666667,6.047363188262359
13454,8,246.0,241.0,2.0615806579589844,0.7587602734565735,1.0,648.3125,789.5260416666667,6.752034330970017
13454,9,196.0,285.0,1.5563201904296875,0.7570276260375977,1.0,484.5972222222222,933.6718750000001,5.097218639103137
13454,10,114.0,136.0,1.7734529972076416,0.7545325756072998,1.0,216.10416666666666,445.5416666666667,5.808366252990866
13454,11,146.0,187.0,3.678257703781128,0.7293921709060669,1.0,320.8819444444444,612.6197916666667,12.046932143161014
13454,12,264.0,96.0,3.4718103408813477,0.7275276780128479,1.0,707.25,314.5,11.370781211856887
13454,13,295.0,152.0,3.2017593383789062,0.7272029519081116,1.0,808.7534722222222,497.95833333333337,10.48631732587216
13454,14,211.0,45.0,2.9953224658966064,0.7268866896629333,1.0,533.7118055555555,147.421875,9.810200752505327
13454,15,242.0,147.0,4.24968147277832,0.7213759422302246,1.0,635.2152777777777,481.57812500000006,13.918444126408426
13454,16,220.0,290.0,2.2581610679626465,0.7205331325531006,1.0,563.1805555555555,950.0520833333334,7.395869279661748
13454,17,156.0,101.0,2.831979990005493,0.7159071564674377,1.0,353.625,330.88020833333337,9.275225804683332
13454,18,278.0,191.0,2.2098610401153564,0.7155438661575317,1.0,753.0902777777777,625.7239583333334,7.237678308596576
13454,19,103.0,110.0,3.172576427459717,0.7143059968948364,0.9999998807907104,180.08680555555554,360.36458333333337,10.390738229491285
13454,20,168.0,158.0,3.106982707977295,0.7038642764091492,1.0,392.91666666666663,517.6145833333334,10.175907417933418
13454,21,155.0,64.0,5.1150803565979,0.6880431175231934,0.9999997615814209,350.3506944444444,209.66666666666669,16.752775614227996
13454,22,276.0,66.0,5.082688331604004,0.6878275871276855,0.9999998807907104,746.5416666666666,216.21875000000003,16.646686112483756
13454,23,207.0,83.0,4.135082244873047,0.6776119470596313,0.9999998807907104,520.6145833333333,271.91145833333337,13.54311177250231
13454,24,221.0,271.0,5.453499794006348,0.5863337516784668,0.9999991655349731,566.4548611111111,887.8072916666667,17.861157986185066
13480,0,184.0,160.0,1.0,0.8651762008666992,1.0,544.5641025641025,588.3333333333333,3.6782850600389825
13480,1,158.0,172.0,1.0,0.8606671690940857,1.0,448.8974358974359,632.4583333333333,3.6782850600389825
13480,2,218.0,158.0,1.0,0.8225826025009155,1.0,669.6666666666667,580.9791666666666,3.6782850600389825
13480,3,194.0,296.0,1.0,0.8166776895523071,1.0,581.3589743589744,1088.4166666666665,3.6782850600389825
13480,4,180.0,284.0,1.1548469066619873,0.8155147433280945,1.0,529.8461538461539,1044.2916666666665,4.247856123407021
13480,5,134.0,183.0,1.1401314735412598,0.8126698136329651,1.0,360.5897435897436,672.9062499999999,4.193728565607047
13480,6,99.0,132.0,1.467432975769043,0.8116714954376221,1.0,231.80769230769232,485.37499999999994,5.397636791379817
13480,7,232.0,252.0,1.008388876914978,0.8016000986099243,1.0,721.1794871794872,926.6249999999999,3.709141740665852
13480,8,127.0,173.0,1.2667152881622314,0.7976775169372559,1.0,334.83333333333337,636.1354166666666,4.659339919770111
13480,9,157.0,158.0,1.8317910432815552,0.7927727103233337,1.0,445.21794871794873,580.9791666666666,6.737849627615765
13480,10,272.0,202.0,1.542201042175293,0.791922390460968,1.0,868.3589743589744,742.7708333333333,5.672655053009929
13480,11,186.0,145.0,1.5418399572372437,0.7914975881576538,1.0,551.9230769230769,533.1770833333333,5.671326879676897
13480,12,189.0,262.0,1.1765007972717285,0.7828465104103088,1.0,562.9615384615385,963.3958333333333,4.32750530572855
13480,13,159.0,297.0,1.712737798690796,0.7682323455810547,1.0,452.5769230769231,1092.09375,6.299937856688409
13480,14,217.0,259.0,1.56005859375,0.7513144612312317,1.0,665.9871794871796,952.3645833333333,5.73834021817605
13480,15,169.0,258.0,2.469543933868408,0.745104193687439,1.0,489.3717948717949,948.6874999999999,9.083686557058062
13480,16,206.0,278.0,2.3119659423828125,0.7407427430152893,1.0,625.5128205128206,1022.2291666666665,8.504069785185646
13480,17,190.0,37.0,2.510380744934082,0.7367275953292847,1.0,566.6410256410256,136.05208333333331,9.233895989100565
13480,18,136.0,56.0,4.988240718841553,0.7316871285438538,1.0,367.94871794871796,205.91666666666666,18.348171311993
13480,19,144.0,98.0,3.4488251209259033,0.7315272092819214,1.0,397.3846153846154,360.35416666666663,12.685761916988888
13480,20,233.0,87.0,3.3760156631469727,0.7213091850280762,1.0,724.8589743589744,319.90624999999994,12.417947976211108
13480,21,237.0,51.0,2.8287596702575684,0.7162996530532837,1.0,739.5769230769231,187.53124999999997,10.404984433549211
13480,22,222.0,144.0,2.602992057800293,0.7160193920135498,1.0,684.3846153846155,529.5,9.574546797606946
13480,23,189.0,80.0,3.023465156555176,0.7049343585968018,0.9999998807907104,562.9615384615385,294.16666666666663,11.121166714905327
13480,24,299.0,163.0,4.46312141418457,0.6898786425590515,0.9999998807907104,967.7051282051283,599.3645833333333,16.41663281893516
13480,25,83.0,104.0,4.552102565765381,0.6887760162353516,0.9999997615814209,172.93589743589743,382.41666666666663,16.74393085941992
13480,26,207.0,253.0,2.7517688274383545,0.6816538572311401,1.0,629.1923076923077,930.3020833333333,10.121790166647488
13480,27,164.0,271.0,5.360257148742676,0.6118074655532837,0.9999994039535522,470.974358974359,996.4895833333333,19.716553788187337
13480,28,207.0,239.0,12.57807731628418,0.4191049635410309,0.9999548196792603,629.1923076923077,878.8229166666666,46.26575387650332
13517,0,175.0,196.0,2.124525547027588,0.7611844539642334,1.0,544.8543689320388,774.8125,8.393303105730038
13517,1,173.0,183.0,2.4881396293640137,0.7581820487976074,1.0,536.957928802589,723.421875,9.82982299640936
13517,2,179.0,254.0,2.2451000213623047,0.7513496279716492,1.0,560.6472491909385,1004.0937500000001,8.869653277805517
13517,3,204.0,284.0,1.695192813873291,0.7509161233901978,1.0,659.3527508090615,1122.6875,6.697150396426451
13517,4,163.0,138.0,3.8940792083740234,0.7456801533699036,1.0,497.47572815533977,545.53125,15.38422880314747
13517,5,194.0,128.0,3.2437801361083984,0.7411767840385437,1.0,619.8705501618123,506.00000000000006,12.815110615542284
13517,6,225.0,178.0,3.4576010704040527,0.724452555179596,0.9999998807907104,742.2653721682848,703.65625,13.65984694474516
13517,7,196.0,176.0,3.6445751190185547,0.7218181490898132,1.0,627.7669902912621,695.75,14.3985200405442
13517,8,151.0,195.0,3.267890453338623,0.7156810760498047,1.0,450.09708737864077,770.859375,12.910362565217218
13517,9,221.0,189.0,3.808906078338623,0.7028831839561462,0.9999998807907104,726.4724919093851,747.140625,15.04773772265608
13517,10,255.0,230.0,4.586922645568848,0.698701798915863,0.9999998807907104,860.7119741100323,909.2187500000001,18.12142581229997
13517,11,194.0,259.0,3.731452465057373,0.6792652606964111,0.9999998807907104,619.8705501618123,1023.8593750000001,14.741743919092237
13517,12,130.0,166.0,5.927398204803467,0.6783017516136169,0.9999997615814209,367.18446601941747,656.21875,23.417204764085405
13517,13,239.0,139.0,5.269338130950928,0.674979031085968,0.9999998807907104,797.5404530744336,549.484375,20.817425406594943
13517,14,276.0,209.0,3.836486577987671,0.6711602807044983,0.9999998807907104,943.6245954692556,826.203125,15.156699224053801
13517,15,157.0,204.0,6.152576923370361,0.6561415791511536,0.9999994039535522,473.78640776699024,806.4375,24.306811970991486
13517,16,196.0,189.0,6.080622673034668,0.652715265750885,0.9999996423721313,627.7669902912621,747.140625,24.022544345375962
13517,17,226.0,260.0,5.234148979187012,0.602625846862793,0.9999994039535522,746.2135922330096,1027.8125,20.67840461807051
13517,18,191.0,98.0,9.280378341674805,0.5876550674438477,0.9999963045120239,608.0258899676375,387.40625,36.663728740051454
13517,19,156.0,110.0,6.3039422035217285,0.5605157613754272,0.9999990463256836,469.8381877022654,434.84375000000006,24.904806510417785
13517,20,246.0,116.0,15.27946662902832,0.46570146083831787,0.9999784231185913,825.1779935275081,458.56250000000006,60.36415748953878
13517,21,119.0,150.0,18.94970703125,0.4168916940689087,0.9998733997344971,323.75404530744333,592.96875,74.86407263993216
13840,0,195.0,290.0,1.0,0.8481817245483398,1.0,552.8467153284672,1147.1614583333333,3.952315665278378
13840,1,225.0,158.0,1.0159119367599487,0.8443643450737,1.0,671.3138686131388,625.0052083333333,4.0152046621996424
13840,2,168.0,249.0,1.0,0.842458963394165,1.0,446.2262773722628,984.9765624999999,3.952315665278378
13840,3,159.0,267.0,1.0,0.8363003730773926,1.0,410.68613138686135,1056.1796875,3.952315665278378
13840,4,174.0,281.0,1.0,0.835422933101654,1.0,469.9197080291971,1111.5598958333333,3.952315665278378
13840,5,291.0,163.0,1.1515367031097412,0.8191153407096863,1.0,931.9416058394161,644.7838541666666,4.5512365508436465
13840,6,201.0,272.0,1.2407089471817017,0.8053964376449585,1.0,576.5401459854015,1075.9583333333333,4.9036734079972835
13840,7,139.0,175.0,1.0,0.8050000071525574,1.0,331.7080291970803,692.2526041666666,3.952315665278378
13840,8,191.0,155.0,1.5713956356048584,0.7962205410003662,1.0,537.051094890511,613.1380208333333,6.210651586951156
13840,9,151.0,56.0,2.662858009338379,0.7959258556365967,1.0,379.0948905109489,221.52083333333331,10.524455424720072
13840,10,199.0,40.0,2.6818437576293945,0.778576672077179,1.0,568.6423357664233,158.22916666666666,10.599493095107686
13840,11,135.0,166.0,1.8208825588226318,0.7775843739509583,1.0,315.9124087591241,656.6510416666666,7.1967026618668655
13840,12,164.0,164.0,1.4993517398834229,0.7751315236091614,1.0,430.43065693430657,648.7395833333333,5.925911369303644
13840,13,114.0,124.0,2.128556251525879,0.7732973694801331,1.0,232.98540145985402,490.51041666666663,8.412726217331954
13840,14,229.0,147.0,1.4577744007110596,0.772657573223114,1.0,687.1094890510949,581.4921875,5.76158460037212
13840,15,103.0,97.0,2.6803700923919678,0.7670013904571533,1.0,189.54744525547446,383.70572916666663,10.593668704904427
13840,16,185.0,257.0,1.7392090559005737,0.7646329402923584,1.0,513.3576642335767,1016.6223958333333,6.873903196829856
13840,17,193.0,143.0,1.7466301918029785,0.7633634209632874,1.0,544.948905109489,565.6692708333333,6.90323386851109
13840,18,198.0,80.0,2.9319283962249756,0.7626837491989136,1.0,564.6934306569343,316.4583333333333,11.587906529874482
13840,19,155.0,94.0,2.781585216522217,0.7616804242134094,1.0,394.89051094890516,371.83854166666663,10.993702825567507
13840,20,157.0,297.0,2.166414737701416,0.7541067600250244,1.0,402.7883211678832,1174.8515625,8.562354905307256
13840,21,245.0,93.0,2.7471818923950195,0.7511178851127625,1.0,750.2919708029198,367.8828125,10.857730028681935
13840,22,162.0,153.0,2.223588466644287,0.7504326105117798,1.0,422.5328467153285,605.2265625,8.788323529850544
13840,23,254.0,62.0,3.644509792327881,0.744892954826355,1.0,785.8321167883212,245.25520833333331,14.404253144477932
13840,24,232.0,248.0,2.3953652381896973,0.726487934589386,1.0,698.9562043795621,981.0208333333333,9.467239554960415
13840,25,269.0,201.0,2.0649337768554688,0.7184256911277771,1.0,845.065693430657,795.1015625,8.161270114028316
13840,26,213.0,252.0,2.3961803913116455,0.5612968802452087,0.9999997615814209,623.9270072992701,996.8437499999999,9.470461297413891
13840,27,177.0,292.0,11.252527236938477,0.16813966631889343,0.9992536902427673,481.7664233576643,1155.0729166666665,44.473539672523565
13867,0,165.0,282.0,1.0,0.869122326374054,1.0,515.3032258064516,1136.078125,4.02722589223609
13867,1,217.0,190.0,1.0,0.8636705875396729,1.0,724.6451612903226,765.4427083333333,4.02722589223609
13867,2,181.0,292.0,1.0,0.8608026504516602,1.0,579.7161290322581,1176.3645833333333,4.02722589223609
13867,3,161.0,203.0,1.0,0.8567788600921631,1.0,499.2,817.8151041666666,4.02722589223609
13867,4,191.0,304.0,1.0,0.8500362038612366,1.0,619.9741935483871,1224.7083333333333,4.02722589223609
13867,5,190.0,274.0,1.0,0.8465081453323364,1.0,615.9483870967741,1103.8489583333333,4.02722589223609
13867,6,186.0,192.0,1.0,0.8461382389068604,1.0,599.8451612903226,773.5,4.02722589223609
13867,7,141.0,218.0,1.3311008214950562,0.8397413492202759,1.0,418.68387096774194,878.2447916666666,5.36064369350162
13867,8,202.0,289.0,1.0,0.8291921615600586,1.0,664.258064516129,1164.2786458333333,4.02722589223609
13867,9,172.0,270.0,1.0,0.826606035232544,1.0,543.483870967742,1087.734375,4.02722589223609
13867,10,224.0,270.0,1.37834894657135,0.804884672164917,1.0,752.8258064516128,1087.734375,5.55092256616848
13867,11,139.0,112.0,2.0793821811676025,0.8035308122634888,1.0,410.6322580645161,451.2083333333333,8.374141759852526
13867,12,186.0,91.0,2.2133476734161377,0.7882869839668274,1.0,599.8451612903226,366.6067708333333,8.91365105890198
13867,13,134.0,211.0,2.4831550121307373,0.786259114742279,1.0,390.5032258064516,850.0442708333333,10.000226159288728
13867,14,145.0,144.0,2.6639363765716553,0.7852038741111755,1.0,434.7870967741935,580.125,10.728273550998962
13867,15,93.0,169.0,2.0091357231140137,0.7809375524520874,1.0,225.44516129032257,680.8411458333334,8.091243405141237
13867,16,158.0,192.0,1.6093955039978027,0.7806832194328308,1.0,487.1225806451613,773.5,6.481399244548303
13867,17,187.0,126.0,3.2439687252044678,0.7805854082107544,1.0,603.8709677419355,507.609375,13.064194843747535
13867,18,294.0,221.0,1.2787539958953857,0.7743483185768127,1.0,1034.632258064516,890.3307291666666,5.149831202070261
13867,19,222.0,180.0,2.8891820907592773,0.7722998857498169,1.0,744.7741935483871,725.15625,11.635388923290563
13867,20,188.0,181.0,2.8963444232940674,0.7671718001365662,1.0,607.8967741935484,729.1848958333334,11.664233254323474
13867,21,106.0,184.0,1.8039822578430176,0.7649561762809753,1.0,277.7806451612903,741.2708333333334,7.265044057919923
13867,22,265.0,239.0,1.7956809997558594,0.7478957772254944,1.0,917.8838709677419,962.8463541666666,7.231613016413185
13867,23,239.0,106.0,3.857865333557129,0.7210967540740967,1.0,813.2129032258065,427.0364583333333,15.53649516006129
13867,24,234.0,133.0,6.316547393798828,0.7016148567199707,0.9999998807907104,793.083870967742,535.8098958333334,25.438163213843037
13867,25,156.0,300.0,3.0546622276306152,0.6956496834754944,1.0,479.0709677419355,1208.59375,12.301814815149587
13867,26,211.0,272.0,4.335068225860596,0.5765246152877808,0.9999992847442627,700.4903225806452,1095.7916666666667,17.458299003795762
13867,27,205.0,268.0,2.6204965114593506,0.5295472741127014,0.9999996423721313,676.3354838709678,1079.6770833333333,10.553331401463446
1399,0,240.0,152.0,3.3236947059631348,0.6997950077056885,1.0,1012.887323943662,809.0833333333334,17.70515472678151
1399,1,186.0,117.0,3.792860269546509,0.6560627818107605,0.9999998807907104,725.0140845070422,622.78125,20.204376114599743
1399,2,126.0,91.0,6.142948150634766,0.6448814868927002,0.9999996423721313,405.15492957746477,484.3854166666667,32.723176196192796
1399,3,210.0,77.0,5.719162940979004,0.6399357318878174,0.9999996423721313,852.9577464788732,409.86458333333337,30.465693673981857
1399,4,169.0,122.0,6.14815616607666,0.6368644833564758,0.9999992847442627,634.387323943662,649.3958333333334,32.750919032817585
1399,5,205.0,114.0,6.864834308624268,0.6153277158737183,0.999998927116394,826.3028169014084,606.8125,36.56862749453107
1399,6,245.0,92.0,6.163029670715332,0.6079323291778564,0.999998927116394,1039.5422535211267,489.70833333333337,32.83014944483008
1399,7,219.0,127.0,3.7357170581817627,0.5965806841850281,0.9999996423721313,900.9366197183098,676.0104166666667,19.899977098353503
1399,8,184.0,83.0,6.347950458526611,0.5852958559989929,0.999998927116394,714.3521126760563,441.80208333333337,33.81521319166668
1399,9,225.0,121.0,6.3518218994140625,0.537046492099762,0.9999979734420776,932.9225352112676,644.0729166666667,33.83583616278522
1399,10,185.0,172.0,4.573333740234375,0.523848295211792,0.9999983310699463,719.6830985915493,915.5416666666667,24.361919084441364
1399,11,172.0,129.0,6.746528625488281,0.5120716094970703,0.9999967813491821,650.3802816901408,686.65625,35.938419063768094
1399,12,193.0,194.0,7.379922866821289,0.4975682199001312,0.9999946355819702,762.3309859154929,1032.6458333333335,39.31247836763055
1399,13,202.0,122.0,6.962522506713867,0.4942200183868408,0.9999964237213135,810.3098591549295,649.3958333333334,37.08900761820902
1399,14,214.0,61.0,13.782846450805664,0.3459474444389343,0.9998346567153931,874.2816901408451,324.6979166666667,73.42053063693521
1399,15,214.0,175.0,11.356597900390625,0.33709490299224854,0.9998764991760254,874.2816901408451,931.5104166666667,60.49602649590894
1399,16,187.0,127.0,14.102494239807129,0.31963270902633667,0.999811589717865,730.3450704225352,676.0104166666667,75.12327835085455
1399,17,160.0,96.0,19.95693588256836,0.3081779181957245,0.999565064907074,586.4084507042253,511.0,106.30959487325725
1399,18,256.0,131.0,23.736186981201172,0.18256686627864838,0.9931806325912476,1098.1830985915492,697.3020833333334,126.44147561808134
1399,19,196.0,56.0,26.29922103881836,0.1731698364019394,0.9929284453392029,778.3239436619718,298.08333333333337,140.09462928430327
1399,20,177.0,179.0,21.872730255126953,0.16891182959079742,0.9943841695785522,677.0352112676056,952.8020833333334,116.51493525244172
1399,21,232.0,164.0,20.410554885864258,0.1506248265504837,0.9918409585952759,970.2394366197183,872.9583333333334,108.72600051543401
14041,0,175.0,156.0,1.0,0.8654446005821228,1.0,656.3672131147541,752.375,4.8245728030822
14041,1,209.0,237.0,1.0,0.8414862155914307,1.0,820.4590163934427,1143.03125,4.8245728030822
14041,2,203.0,252.0,1.0,0.839526891708374,1.0,791.5016393442623,1215.375,4.8245728030822
14041,3,196.0,145.0,1.0,0.8219435811042786,1.0,757.7180327868853,699.3229166666666,4.8245728030822
14041,4,190.0,244.0,1.224353551864624,0.8171778321266174,1.0,728.760655737705,1176.7916666666667,5.906982847683157
14041,5,180.0,223.0,1.4751100540161133,0.8156511187553406,1.0,680.4983606557378,1075.5104166666667,7.116775848159255
14041,6,173.0,146.0,2.2725417613983154,0.8148247003555298,1.0,646.7147540983607,704.1458333333334,10.964043175910831
14041,7,197.0,135.0,1.628011703491211,0.804053544998169,1.0,762.544262295082,651.09375,7.854460987763219
14041,8,233.0,68.0,2.0564417839050293,0.802944004535675,1.0,936.288524590164,327.9583333333333,9.921453101750048
14041,9,224.0,147.0,1.9731500148773193,0.7997507452964783,1.0,892.8524590163935,708.96875,9.519605898178353
14041,10,160.0,100.0,1.7051525115966797,0.7988688945770264,1.0,583.9737704918033,482.2916666666667,8.226632432556647
14041,11,226.0,137.0,2.2704830169677734,0.7933349609375,1.0,902.5049180327869,660.7395833333334,10.954110613522742
14041,12,134.0,127.0,1.8585715293884277,0.7896428108215332,1.0,458.49180327868856,612.5104166666666,8.966813653270298
14041,13,154.0,166.0,1.087733268737793,0.7872247695922852,1.0,555.016393442623,800.6041666666666,5.247848345360058
14041,14,196.0,224.0,1.3643450736999512,0.7871991991996765,1.0,757.7180327868853,1080.3333333333333,6.582382136591964
14041,15,150.0,159.0,2.509368658065796,0.7830329537391663,1.0,535.7114754098361,766.84375,12.106631780611115
14041,16,126.0,108.0,1.731601595878601,0.7710093259811401,1.0,419.88196721311476,520.875,8.354237965249634
14041,17,154.0,71.0,3.1431775093078613,0.7695744037628174,1.0,555.016393442623,342.4270833333333,15.164488726666356
14041,18,231.0,93.0,2.8106749057769775,0.7646206617355347,1.0,926.6360655737706,448.53125,13.560305708717232
14041,19,190.0,54.0,2.3239762783050537,0.755987823009491,1.0,728.760655737705,260.4375,11.212192747318753
14041,20,192.0,85.0,2.8393404483795166,0.7502890229225159,1.0,738.4131147540984,409.9479166666667,13.698604705943035
14041,21,175.0,237.0,2.0049448013305664,0.7343630194664001,1.0,656.3672131147541,1143.03125,9.673002160180495
14041,22,263.0,186.0,2.1084132194519043,0.727773904800415,1.0,1081.0754098360655,897.0625,10.17219307622664
14041,23,172.0,259.0,2.916914939880371,0.7239904403686523,1.0,641.8885245901639,1249.1354166666667,14.07286848785099
14041,24,231.0,223.0,3.820925712585449,0.7046318054199219,1.0,926.6360655737706,1075.5104166666667,18.434334275537235
14041,25,278.0,157.0,4.972374439239502,0.6979607343673706,0.9999998807907104,1153.4688524590165,757.1979166666666,23.98958248629601
14041,26,213.0,220.0,3.8628053665161133,0.45800501108169556,0.9999980926513672,839.7639344262295,1061.0416666666667,18.63638571489361
14041,27,171.0,247.0,17.94499397277832,0.20605435967445374,0.9978062510490417,637.0622950819672,1191.2604166666667,86.57692987254029
1418,0,265.0,240.0,6.074804306030273,0.5304756760597229,0.9999974966049194,1410.5729166666667,1012.887323943662,32.360177359315365
1418,1,254.0,228.0,5.286129474639893,0.5295225977897644,0.9999988079071045,1352.0208333333335,948.9154929577464,28.15894615302181
1418,2,255.0,301.0,7.8760271072387695,0.49634289741516113,0.9999949932098389,1357.34375,1338.0774647887324,41.95520073363035
1418,3,318.0,300.0,8.363844871520996,0.48748043179512024,0.9999942779541016,1692.6875,1332.7464788732393,44.55378145754394
1418,4,245.0,220.0,6.8645830154418945,0.48188650608062744,0.9999945163726807,1304.1145833333335,906.2676056338028,36.56728886837274
1418,5,264.0,267.0,11.246244430541992,0.46416401863098145,0.9999827146530151,1405.25,1156.8239436619717,59.90817910583372
1418,6,240.0,241.0,5.328108787536621,0.45683902502059937,0.9999959468841553,1277.5,1018.2183098591548,28.3825678439151
1418,7,278.0,256.0,9.986262321472168,0.4414988160133362,0.9999860525131226,1479.7708333333335,1098.1830985915492,53.1963177083251
1418,8,254.0,258.0,9.780220985412598,0.43412595987319946,0.9999821186065674,1352.0208333333335,1108.8450704225352,52.09874586199923
1418,9,275.0,279.0,11.174741744995117,0.4156017601490021,0.9999638795852661,1463.8020833333335,1220.7957746478874,59.52728789199374
1418,10,301.0,227.0,10.56865406036377,0.4117060899734497,0.9999667406082153,1602.1979166666667,943.5845070422534,56.298689243886194
1418,11,266.0,213.0,8.791360855102539,0.41120386123657227,0.9999793767929077,1415.8958333333335,868.9507042253521,46.83113762503526
1418,12,318.0,270.0,8.96253776550293,0.39547109603881836,0.9999748468399048,1692.6875,1172.8169014084506,47.74298842735289
1418,13,239.0,294.0,12.230157852172852,0.3857039213180542,0.9999362230300903,1272.1770833333335,1300.7605633802816,65.14943647417054
1418,14,279.0,227.0,11.691892623901367,0.37506526708602905,0.9999387264251709,1485.09375,943.5845070422534,62.28212464390682
1418,15,292.0,297.0,8.70663833618164,0.36322131752967834,0.9999629259109497,1554.2916666666667,1316.7535211267605,46.37982502293437
1418,16,285.0,236.0,12.780981063842773,0.35810041427612305,0.9998862743377686,1517.03125,991.5633802816901,68.08364405112448
1418,17,245.0,247.0,9.601154327392578,0.35501253604888916,0.9999532699584961,1304.1145833333335,1050.2042253521126,51.14486677046774
1418,18,289.0,243.0,16.514371871948242,0.31070026755332947,0.9996473789215088,1538.3229166666667,1028.8802816901407,87.97122933218499
1418,19,308.0,242.0,15.992411613464355,0.2847194969654083,0.9996161460876465,1639.4583333333335,1023.5492957746478,85.1907732568698
1418,20,284.0,264.0,12.920228004455566,0.27450597286224365,0.9997302889823914,1511.7083333333335,1140.8309859154929,68.825405508444
1418,21,271.0,247.0,17.559675216674805,0.2624565362930298,0.9991656541824341,1442.5104166666667,1050.2042253521126,93.53950773681753
1418,22,274.0,221.0,14.964680671691895,0.25942620635032654,0.9994897842407227,1458.4791666666667,911.5985915492957,79.71610215999196
1418,23,272.0,144.0,21.00569725036621,0.25246864557266235,0.99906986951828,1447.8333333333335,501.112676056338,111.89629399307044
1418,24,294.0,253.0,15.263761520385742,0.23635777831077576,0.9992009997367859,1564.9375,1082.1901408450703,81.30929081611049
1418,25,304.0,274.0,17.091962814331055,0.22796200215816498,0.999065101146698,1618.1666666666667,1194.1408450704225,91.04802726592057
1418,26,292.0,216.0,17.28313446044922,0.22743354737758636,0.9990993738174438,1554.2916666666667,884.9436619718309,92.06638902093464
1418,27,342.0,323.0,20.524171829223633,0.21777799725532532,0.997417688369751,1820.4375,1455.3591549295775,109.3312322649544
1418,28,282.0,308.0,17.82781410217285,0.2055942714214325,0.9985185265541077,1501.0625,1375.394366197183,94.96787010941816
1418,29,310.0,251.0,20.019554138183594,0.18167360126972198,0.9951596856117249,1650.1041666666667,1071.5281690140844,106.64315917517699
1452,0,176.0,282.0,1.0,0.8577394485473633,1.0,671.7042253521126,1501.0625,5.3269497631705445
1452,1,151.0,208.0,2.1511917114257812,0.7776227593421936,1.0,538.4295774647887,1107.1666666666667,11.459290177714003
1452,2,194.0,171.0,1.821120262145996,0.776650071144104,1.0,767.6619718309859,910.21875,9.701016149143694
1452,3,226.0,170.0,2.0594754219055176,0.7764569520950317,1.0,938.2535211267605,904.8958333333334,10.970722110975153
1452,4,103.0,160.0,2.7445337772369385,0.7736085653305054,1.0,282.5422535211267,851.6666666666667,14.61999355466587
1452,5,291.0,180.0,3.3182005882263184,0.7661483883857727,1.0,1284.7676056338028,958.125,17.67588783760455
1452,6,245.0,91.0,2.6288883686065674,0.7642959356307983,1.0,1039.5422535211267,484.3854166666667,14.003956272550553
1452,7,186.0,80.0,2.96102237701416,0.7619388699531555,1.0,725.0140845070422,425.83333333333337,15.773217449978263
1452,8,269.0,214.0,1.6692695617675781,0.7581583857536316,1.0,1167.4859154929577,1139.1041666666667,8.892115096725599
1452,9,191.0,292.0,2.319939613342285,0.7430654168128967,1.0,751.669014084507,1554.2916666666667,12.35820177386365
1452,10,206.0,302.0,2.4438047409057617,0.736282229423523,1.0,831.6338028169014,1607.5208333333335,13.018025085803
1452,11,193.0,183.0,2.22833514213562,0.7341067790985107,1.0,762.3309859154929,974.09375,11.870229357663943
1452,12,171.0,194.0,2.2168455123901367,0.7240894436836243,1.0,645.0492957746478,1032.6458333333335,11.809024677212323
1452,13,192.0,114.0,4.775392532348633,0.7195413112640381,1.0,757.0,606.8125,25.438276119240935
1452,14,144.0,200.0,2.125154495239258,0.7173264622688293,1.0,501.112676056338,1064.5833333333335,11.320591235115582
1452,15,211.0,286.0,2.382460117340088,0.7171308398246765,1.0,858.2887323943662,1522.3541666666667,12.691245357828048
1452,16,136.0,104.0,4.01038122177124,0.7154462337493896,1.0,458.46478873239437,553.5833333333334,21.363099299537907
1452,17,235.0,263.0,3.264885425567627,0.7128902673721313,1.0,986.2323943661971,1399.9270833333335,17.391880644506433
1452,18,147.0,135.0,4.452402591705322,0.7114094495773315,0.9999998807907104,517.1056338028169,718.59375,23.717724931424584
1452,19,168.0,184.0,4.815104007720947,0.709507167339325,1.0,629.056338028169,979.4166666666667,25.649817153570638
1452,20,240.0,120.0,5.133133888244629,0.7005109190940857,1.0,1012.887323943662,638.75,27.343946350307423
1452,21,222.0,181.0,3.155348539352417,0.6842053532600403,1.0,916.9295774647887,963.4479166666667,16.80838315442388
1452,22,200.0,273.0,3.745279312133789,0.6765332221984863,0.9999998807907104,799.6478873239436,1453.15625,19.950914744778625
1452,23,224.0,269.0,4.234014511108398,0.6229874491691589,0.9999997615814209,927.5915492957746,1431.8645833333335,22.554382597209532
1452,24,170.0,303.0,4.431882858276367,0.6216179132461548,0.9999996423721313,639.7183098591549,1612.84375,23.60841734229489
1452,25,186.0,268.0,3.5969903469085693,0.6101759076118469,0.9999997615814209,725.0140845070422,1426.5416666666667,19.160986876591338
1452,26,115.0,172.0,6.620143890380859,0.5866401195526123,0.9999978542327881,346.51408450704224,915.5416666666667,35.26517392901925
15040,0,184.0,175.0,1.0,0.8762711882591248,1.0,587.2207792207793,951.1067708333334,5.436062510059613
15040,1,195.0,274.0,1.0,0.8639616370201111,1.0,647.0303030303031,1489.1614583333335,5.436062510059613
15040,2,162.0,183.0,1.0,0.8466507196426392,1.0,467.6017316017316,994.5859375,5.436062510059613
15040,3,200.0,260.0,1.0,0.8394473791122437,1.0,674.2164502164503,1413.0729166666667,5.436062510059613
15040,4,143.0,195.0,1.0,0.8316090106964111,1.0,364.2943722943723,1059.8046875,5.436062510059613
15040,5,189.0,87.0,1.8168625831604004,0.808914065361023,1.0,614.4069264069265,472.8359375,9.876578574248319
15040,6,211.0,174.0,1.9140076637268066,0.7978081703186035,1.0,734.025974025974,945.671875,10.404665304752081
15040,7,148.0,130.0,2.7192416191101074,0.7934658527374268,1.0,391.4805194805195,706.5364583333334,14.781967421438257
15040,8,219.0,239.0,1.0,0.7911871075630188,1.0,777.5238095238096,1298.9401041666667,5.436062510059613
15040,9,139.0,188.0,2.59549880027771,0.7858320474624634,1.0,342.54545454545456,1021.7604166666667,14.109293723094362
15040,10,189.0,117.0,2.451145887374878,0.7853339910507202,1.0,614.4069264069265,635.8828125,13.324582265045377
15040,11,160.0,172.0,1.4414557218551636,0.7842162251472473,1.0,456.72727272727275,934.8020833333334,7.835843409487772
15040,12,165.0,259.0,1.0,0.7835918068885803,1.0,483.91341991341994,1407.6380208333335,5.436062510059613
15040,13,140.0,102.0,1.7335772514343262,0.7834147810935974,1.0,347.982683982684,554.359375,9.423834304814328
15040,14,228.0,123.0,2.89426851272583,0.7823741436004639,1.0,826.4588744588746,668.4921875,15.73342455607488
15040,15,186.0,165.0,2.1217598915100098,0.7707232236862183,1.0,598.0952380952382,896.7578125,11.534019401585716
15040,16,181.0,266.0,1.2380352020263672,0.7657067179679871,1.0,570.909090909091,1445.6822916666667,6.730036747869614
15040,17,185.0,248.0,1.3047807216644287,0.7541974782943726,1.0,592.6580086580087,1347.8541666666667,7.092869564888528
15040,18,214.0,164.0,2.3622071743011475,0.7541710138320923,1.0,750.3376623376624,891.3229166666667,12.841105861212322
15040,19,164.0,278.0,1.854792594909668,0.7530096173286438,1.0,478.47619047619054,1510.9010416666667,10.082768489124634
15040,20,265.0,173.0,2.3555822372436523,0.7506905198097229,1.0,1027.6363636363637,940.2369791666667,12.805092289242568
15040,21,115.0,143.0,2.37080454826355,0.7433565855026245,1.0,212.05194805194807,777.1901041666667,12.8878417234943
15040,22,249.0,203.0,2.221637010574341,0.7423864006996155,1.0,940.6406926406927,1103.2838541666667,12.076957664144087
15040,23,233.0,99.0,2.2323484420776367,0.7388510704040527,1.0,853.6450216450218,538.0546875,12.135185675368225
15040,24,171.0,247.0,2.2738771438598633,0.7376448512077332,1.0,516.5367965367966,1342.4192708333335,12.360938294218032
15040,25,208.0,246.0,1.4810398817062378,0.727218508720398,1.0,717.7142857142858,1336.984375,8.051025376846404
15040,26,121.0,160.0,2.5519285202026367,0.724323034286499,1.0,244.6753246753247,869.5833333333334,13.87244295702546
15067,0,188.0,257.0,1.0,0.8813731074333191,1.0,672.5070422535211,1254.2135416666667,4.876722640146781
15067,1,207.0,163.0,1.0,0.8633124828338623,1.0,765.0985915492957,795.4739583333334,4.876722640146781
15067,2,184.0,175.0,1.0,0.861711859703064,1.0,653.0140845070422,854.0364583333334,4.876722640146781
15067,3,194.0,245.0,1.0,0.8406099677085876,1.0,701.7464788732394,1195.6510416666667,4.876722640146781
15067,4,237.0,160.0,1.0,0.8349815011024475,1.0,911.2957746478872,780.8333333333334,4.876722640146781
15067,5,162.0,188.0,1.0,0.8306735754013062,1.0,545.8028169014084,917.4791666666666,4.876722640146781
15067,6,127.0,152.0,1.2456142902374268,0.8285456299781799,1.0,375.2394366197183,741.7916666666666,6.074515410091222
15067,7,210.0,247.0,1.3091177940368652,0.8283488154411316,1.0,779.7183098591549,1205.4114583333333,6.384204384798591
15067,8,155.0,180.0,1.2800709009170532,0.809224545955658,1.0,511.6901408450704,878.4375,6.24255074349528
15067,9,209.0,61.0,1.9001051187515259,0.8078909516334534,1.0,774.8450704225352,297.6927083333333,9.266285651274353
15067,10,111.0,133.0,1.9337950944900513,0.7953458428382874,1.0,297.2676056338028,649.0677083333334,9.430582318704417
15067,11,204.0,266.0,1.0,0.7919846773147583,1.0,750.4788732394366,1298.1354166666667,4.876722640146781
15067,12,179.0,165.0,1.447098731994629,0.788824200630188,1.0,628.6478873239437,805.234375,7.057099148845905
15067,13,210.0,278.0,1.0,0.786002516746521,1.0,779.7183098591549,1356.6979166666667,4.876722640146781
15067,14,156.0,119.0,2.42185115814209,0.7848083972930908,1.0,516.5633802816901,580.7447916666666,11.810696373977231
15067,15,245.0,237.0,1.0,0.7845036387443542,1.0,950.2816901408451,1156.609375,4.876722640146781
15067,16,209.0,151.0,2.2462849617004395,0.7816949486732483,1.0,774.8450704225352,736.9114583333334,10.954508728945777
15067,17,226.0,260.0,1.0,0.7786397337913513,1.0,857.6901408450703,1268.8541666666667,4.876722640146781
15067,18,211.0,97.0,2.7459218502044678,0.7749861478805542,1.0,784.5915492957746,473.3802083333333,13.391099254965866
15067,19,178.0,274.0,1.9447638988494873,0.7719417810440063,1.0,623.7746478873239,1337.1770833333333,9.48407413525942
15067,20,241.0,149.0,2.0024895668029785,0.7693879008293152,1.0,930.7887323943662,727.1510416666666,9.765586207085805
15067,21,140.0,88.0,2.389802932739258,0.7680322527885437,1.0,438.59154929577466,429.4583333333333,11.654406067578714
15067,22,252.0,103.0,2.8929800987243652,0.7666996717453003,1.0,984.3943661971831,502.6614583333333,14.108261544943181
15067,23,301.0,162.0,2.1330952644348145,0.763086199760437,1.0,1223.1830985915492,790.59375,10.402513969659145
15067,24,257.0,75.0,2.098419427871704,0.7501760125160217,1.0,1008.7605633802816,366.015625,10.233409532425794
15067,25,280.0,193.0,2.7492504119873047,0.7462202310562134,1.0,1120.8450704225352,941.8802083333334,13.407331727571353
15067,26,228.0,240.0,2.6694607734680176,0.5509464144706726,0.9999998807907104,867.4366197183098,1171.25,13.018219790955218
1518,0,182.0,242.0,4.345671653747559,0.6438007354736328,0.9999998807907104,703.6901408450703,1288.1458333333335,23.149174586747506
1518,1,178.0,212.0,4.627153396606445,0.5644561648368835,0.9999994039535522,682.3661971830985,1128.4583333333335,24.648613690206485
1518,2,182.0,150.0,8.238251686096191,0.5051475763320923,0.9999946355819702,703.6901408450703,798.4375,43.884752868189445
1518,3,194.0,244.0,8.631555557250977,0.5006204843521118,0.9999955892562866,767.6619718309859,1298.7916666666667,45.97986283149149
1518,4,166.0,174.0,10.693029403686523,0.4675637483596802,0.9999889135360718,618.3943661971831,926.1875,56.96123044954359
1518,5,171.0,123.0,9.5386323928833,0.4514216482639313,0.999980092048645,645.0492957746478,654.71875,50.81181556624058
1518,6,115.0,270.0,14.446703910827637,0.444417804479599,0.9999752044677734,346.51408450704224,1437.1875,76.95686597637825
1518,7,172.0,190.0,13.009098052978516,0.41245773434638977,0.9999594688415527,650.3802816901408,1011.3541666666667,69.2988117923763
1518,8,160.0,158.0,15.474853515625,0.3955567181110382,0.9999123811721802,586.4084507042253,841.0208333333334,82.43376727015746
1518,9,210.0,168.0,15.426986694335938,0.3875454068183899,0.9999017715454102,852.9577464788732,894.25,82.17878311782796
1518,10,186.0,169.0,13.300210952758789,0.38605359196662903,0.9999250173568726,725.0140845070422,899.5729166666667,70.84955558491671
1518,11,139.0,176.0,14.79362678527832,0.3608473539352417,0.9998366832733154,474.4577464788732,936.8333333333334,78.80490670027177
1518,12,192.0,214.0,13.65201187133789,0.30846738815307617,0.9998019337654114,757.0,1139.1041666666667,72.72358140482484
1518,13,150.0,188.0,18.96692657470703,0.24525953829288483,0.9988080263137817,533.0985915492957,1000.7083333333334,101.03586502520872
1518,14,156.0,197.0,14.874689102172852,0.24232155084609985,0.9992372989654541,565.0845070422534,1048.6145833333335,79.23672159005515
1518,15,214.0,193.0,18.111494064331055,0.22048848867416382,0.9981949925422668,874.2816901408451,1027.3229166666667,96.47901901665303
1518,16,203.0,139.0,20.123680114746094,0.20958925783634186,0.9968950748443604,815.6408450704225,739.8854166666667,107.19783302136649
1518,17,206.0,153.0,18.389385223388672,0.20293842256069183,0.9977197051048279,831.6338028169014,814.40625,97.95933126058219
1518,18,229.0,214.0,21.918210983276367,0.19906799495220184,0.9924020767211914,954.2464788732394,1139.1041666666667,116.75720880648606
1518,19,198.0,130.0,22.102157592773438,0.18250040709972382,0.9961202144622803,788.9859154929577,691.9791666666667,117.73708315438252
1518,20,189.0,190.0,27.15118408203125,0.18057850003242493,0.9896479249000549,741.007042253521,1011.3541666666667,144.63299361557623
1518,21,132.0,166.0,25.166763305664062,0.1762918382883072,0.9917032122612,437.14084507042253,883.6041666666667,134.06208383087633
1518,22,179.0,140.0,28.083154678344727,0.15092645585536957,0.9770440459251404,687.6971830985915,745.2083333333334,149.5975541628902
1518,23,129.0,160.0,23.239944458007812,0.15084782242774963,0.9863501191139221,421.1478873239436,851.6666666666667,123.79801662668132
1522,0,241.0,147.0,2.366746425628662,0.73255455493927,1.0,1282.8229166666667,517.1056338028169,12.607539311487335
1522,1,208.0,235.0,1.2578376531600952,0.6885507702827454,1.0,1107.1666666666667,986.2323943661971,6.700437988608162
1522,2,248.0,193.0,4.046516418457031,0.6768978238105774,0.9999998807907104,1320.0833333333335,762.3309859154929,21.5555896769654
1522,3,220.0,258.0,3.0444774627685547,0.6700911521911621,1.0,1171.0416666666667,1108.8450704225352,16.217778499273013
1522,4,194.0,188.0,6.4048871994018555,0.6563725471496582,0.9999997615814209,1032.6458333333335,735.6760563380282,34.11851234998777
1522,5,212.0,182.0,3.018324375152588,0.6485368609428406,0.9999998807907104,1128.4583333333335,703.6901408450703,16.078462315390958
1522,6,218.0,151.0,7.484635353088379,0.639040470123291,0.9999994039535522,1160.3958333333335,538.4295774647887,39.87027652155202
1522,7,218.0,239.0,3.5573740005493164,0.6380212903022766,0.9999998807907104,1160.3958333333335,1007.556338028169,18.949952589735233
1522,8,232.0,180.0,6.957493782043457,0.6266154050827026,0.9999995231628418,1234.9166666666667,693.0281690140845,37.062219854516925
1522,9,265.0,160.0,5.559523582458496,0.598486065864563,0.9999980926513672,1410.5729166666667,586.4084507042253,29.615302830918342
1522,10,280.0,202.0,8.21816635131836,0.5893549919128418,0.9999986886978149,1490.4166666666667,810.3098591549295,43.77775929885147
1522,11,223.0,129.0,9.196769714355469,0.5671336650848389,0.9999969005584717,1187.0104166666667,421.1478873239436,48.9907302518199
1522,12,265.0,218.0,6.3691511154174805,0.5543009042739868,0.9999969005584717,1410.5729166666667,895.6056338028169,33.928148025870556
1522,13,228.0,188.0,9.053241729736328,0.5442337393760681,0.9999972581863403,1213.625,735.6760563380282,48.22616388814462
1522,14,210.0,193.0,4.958356857299805,0.5360275506973267,0.999998927116394,1117.8125,762.3309859154929,26.41291788670824
1522,15,246.0,127.0,8.76803207397461,0.5243633389472961,0.9999940395355225,1309.4375,410.4859154929577,46.70686637993078
1522,16,189.0,163.0,11.306398391723633,0.4322297275066376,0.9999673366546631,1006.03125,602.4014084507041,60.22861623510403
1522,17,185.0,151.0,18.760215759277344,0.24867236614227295,0.9988747239112854,984.7395833333334,538.4295774647887,99.93472689591076
1522,18,244.0,238.0,15.645648956298828,0.24806758761405945,0.9994924068450928,1298.7916666666667,1002.225352112676,83.34358600240552
1522,19,196.0,210.0,21.046539306640625,0.20805393159389496,0.9971863627433777,1043.2916666666667,852.9577464788732,112.11385757506883
1522,20,207.0,208.0,21.75028419494629,0.19635707139968872,0.9954785704612732,1101.84375,842.2957746478872,115.86267124116117
1522,21,300.0,242.0,33.5865592956543,0.18113607168197632,0.9921914935112,1596.875,1023.5492957746478,178.9139140856991
1522,22,273.0,147.0,20.287996292114258,0.17712675034999847,0.9927608966827393,1453.15625,517.1056338028169,108.07313704348293
1522,23,195.0,196.0,20.953575134277344,0.15847241878509521,0.9927652478218079,1037.96875,778.3239436619718,111.61864209911491
15274,0,204.0,281.0,1.0,0.8297295570373535,1.0,681.4166666666666,1227.9114583333335,4.368923524874715
15274,1,191.0,272.0,1.0,0.8060898780822754,1.0,624.6319444444445,1188.5833333333335,4.368923524874715
15274,2,197.0,253.0,1.2644457817077637,0.790165364742279,1.0,650.8402777777777,1105.5572916666667,5.524266921631647
15274,3,169.0,187.0,2.000217914581299,0.7832047939300537,1.0,528.5347222222222,817.1510416666667,8.738799101890079
15274,4,217.0,173.0,2.1462817192077637,0.7757513523101807,1.0,738.2013888888888,755.9739583333334,9.376940694055346
15274,5,178.0,266.0,1.4335150718688965,0.7713773846626282,1.0,567.8472222222222,1162.3645833333335,6.262917720750489
15274,6,184.0,118.0,2.8698768615722656,0.7696336507797241,1.0,594.0555555555555,515.6354166666667,12.538272534016688
15274,7,164.0,177.0,3.249552011489868,0.7661948204040527,1.0,506.6944444444444,773.453125,14.197044228302035
15274,8,268.0,217.0,2.9565675258636475,0.765291154384613,1.0,960.9722222222222,948.2447916666667,12.917017416626322
15274,9,190.0,176.0,3.745861053466797,0.75638347864151,1.0,620.2638888888889,769.0833333333334,16.365380477403072
15274,10,149.0,200.0,2.356013298034668,0.7532394528388977,1.0,441.1736111111111,873.9583333333334,10.293241922701323
15274,11,212.0,264.0,2.3101911544799805,0.7500699162483215,1.0,716.3611111111111,1153.625,10.093048481765063
15274,12,189.0,164.0,2.6719698905944824,0.7420331239700317,1.0,615.8958333333333,716.6458333333334,11.673632112775152
15274,13,142.0,194.0,2.6185638904571533,0.7388799786567688,1.0,410.59722222222223,847.7395833333334,11.440305382405713
15274,14,137.0,112.0,5.206836700439453,0.7258925437927246,0.9999998807907104,388.7569444444444,489.4166666666667,22.748271350730967
15274,15,182.0,89.0,4.66355562210083,0.7196647524833679,1.0,585.3194444444445,388.91145833333337,20.374717866958054
15274,16,224.0,120.0,5.058069229125977,0.7145378589630127,1.0,768.7777777777777,524.375,22.098317645573395
15274,17,147.0,138.0,5.754843711853027,0.7061530351638794,0.9999998807907104,432.4375,603.03125,25.142472074692016
15274,18,182.0,251.0,3.230099678039551,0.7058879137039185,1.0,585.3194444444445,1096.8177083333335,14.112058471077235
15274,19,219.0,162.0,5.735490798950195,0.6977915167808533,0.9999997615814209,746.9375,707.90625,25.057920678235984
15274,20,228.0,96.0,6.8172526359558105,0.6924757957458496,0.9999998807907104,786.25,419.5,29.7840554162415
15274,21,296.0,198.0,3.272214889526367,0.6890084743499756,1.0,1083.2777777777778,865.21875,14.296056609297063
15274,22,229.0,245.0,3.1675634384155273,0.6546504497528076,0.9999998807907104,790.6180555555555,1070.5989583333335,13.838842422626637
15274,23,116.0,174.0,4.815185546875,0.632002592086792,0.9999997615814209,297.02777777777777,760.34375,21.037177412378906
15274,24,215.0,248.0,3.210745096206665,0.5682947039604187,0.9999996423721313,729.4652777777777,1083.7083333333335,14.027499783193429
15274,25,102.0,163.0,11.378178596496582,0.5594179034233093,0.999996542930603,235.875,712.2760416666667,49.71039214045988
15274,26,173.0,285.0,9.83117389678955,0.5411704778671265,0.9999957084655762,546.0069444444445,1245.390625,42.95164691481809
15369,0,164.0,179.0,1.0,0.8753760457038879,1.0,707.25,751.3636363636364,4.315339973966025
15369,1,187.0,169.0,1.0,0.8456801772117615,1.0,806.4375,708.1818181818182,4.315339973966025
15369,2,135.0,181.0,1.0,0.8410322666168213,1.0,582.1875,760.0,4.315339973966025
15369,3,160.0,248.0,1.0,0.8403788805007935,1.0,690.0,1049.3181818181818,4.315339973966025
15369,4,160.0,168.0,1.0,0.8364148139953613,1.0,690.0,703.8636363636364,4.315339973966025
15369,5,260.0,217.0,1.1898332834243774,0.8264350295066833,1.0,1121.25,915.4545454545455,5.134535130316463
15369,6,201.0,67.0,1.1452200412750244,0.8162922263145447,1.0,866.8125,267.72727272727275,4.942013823101134
15369,7,142.0,188.0,1.070210576057434,0.813114583492279,1.0,612.375,790.2272727272727,4.6183224794218525
15369,8,182.0,281.0,1.0,0.8108105063438416,1.0,784.875,1191.8181818181818,4.315339973966025
15369,9,216.0,246.0,1.2337257862091064,0.8098779320716858,1.0,931.5,1040.6818181818182,5.323946202140819
15369,10,168.0,270.0,1.0,0.8018405437469482,1.0,724.5,1144.3181818181818,4.315339973966025
15369,11,141.0,123.0,1.8059903383255005,0.7958813905715942,1.0,608.0625,509.54545454545456,7.793462299572457
15369,12,216.0,170.0,1.1444157361984253,0.7951394319534302,1.0,931.5,712.5,4.938542973252821
15369,13,111.0,153.0,1.6963931322097778,0.788467526435852,1.0,478.6875,639.0909090909091,7.320513094986286
15369,14,222.0,161.0,1.9054913520812988,0.7849932909011841,1.0,957.375,673.6363636363636,8.222843001682998
15369,15,190.0,158.0,1.580566167831421,0.7829460501670837,1.0,819.375,660.6818181818181,6.820680365541223
15369,16,155.0,261.0,1.6078732013702393,0.7817904949188232,1.0,668.4375,1105.4545454545455,6.938519498941718
15369,17,197.0,103.0,1.9474135637283325,0.7811717391014099,1.0,849.5625,423.1818181818182,8.403751597400506
15369,18,177.0,252.0,1.9699934720993042,0.7796996235847473,1.0,763.3125,1066.590909090909,8.501191578602251
15369,19,243.0,118.0,3.038621664047241,0.7780405282974243,1.0,1047.9375,487.95454545454544,13.112685532622221
15369,20,205.0,253.0,1.5938618183135986,0.7632693648338318,1.0,884.0625,1070.909090909091,6.8780556175468455
15369,21,151.0,283.0,2.0289318561553955,0.7567510604858398,1.0,651.1875,1200.4545454545455,8.755530743320463
15369,22,192.0,266.0,1.4764363765716553,0.7544074058532715,1.0,828.0,1127.0454545454545,6.371324914837219
15369,23,129.0,91.0,2.7473952770233154,0.7499605417251587,1.0,556.3125,371.3636363636364,11.855944663224173
15369,24,254.0,91.0,3.8260626792907715,0.731300413608551,1.0,1095.375,371.3636363636364,16.510761222843016
15369,25,96.0,135.0,2.334639310836792,0.7310847043991089,1.0,414.0,561.3636363636364,10.0747623428465
15369,26,291.0,198.0,3.2615160942077637,0.6896061897277832,0.9999998807907104,1254.9375,833.4090909090909,14.074550777068302
15369,27,195.0,245.0,2.5398621559143066,0.6012100577354431,0.9999998807907104,840.9375,1036.3636363636363,10.960368689780536
15446,0,147.0,172.0,1.0,0.8463037014007568,1.0,296.80365296803654,784.75,4.564354645876385
15446,1,193.0,150.0,1.42373788356781,0.8296387791633606,1.0,506.8493150684931,684.375,6.498444623372945
15446,2,168.0,152.0,2.151730537414551,0.795233428478241,1.0,392.69406392694066,693.5,9.821261275122195
15446,3,172.0,163.0,1.6320945024490356,0.792442798614502,1.0,410.958904109589,743.6875,7.449458124762562
15446,4,219.0,146.0,2.15984845161438,0.7871415019035339,1.0,625.5707762557078,666.125,9.858314314515011
15446,5,196.0,227.0,2.2165398597717285,0.7816202640533447,1.0,520.5479452054794,1035.6875,10.11707400671928
15446,6,244.0,210.0,2.030608892440796,0.7756794691085815,1.0,739.7260273972603,958.125,9.268419132170047
15446,7,191.0,138.0,2.8202474117279053,0.773057758808136,1.0,497.716894977169,629.625,12.872609376241114
15446,8,219.0,63.0,2.352753162384033,0.7720401883125305,1.0,625.5707762557078,287.4375,10.738799827327918
15446,9,195.0,242.0,2.0946044921875,0.7687711119651794,1.0,515.9817351598174,1104.125,9.56051774518956
15446,10,217.0,254.0,1.0,0.7641211748123169,1.0,616.4383561643835,1158.875,4.564354645876385
15446,11,152.0,107.0,2.069596767425537,0.7625688910484314,1.0,319.634703196347,488.1875,9.446373620489497
15446,12,220.0,89.0,2.4950602054595947,0.7611965537071228,1.0,630.1369863013699,406.0625,11.388339640530788
15446,13,220.0,134.0,1.8824846744537354,0.7566606402397156,1.0,630.1369863013699,611.375,8.592327669634
15446,14,178.0,89.0,3.0846214294433594,0.7525478005409241,1.0,438.35616438356163,406.0625,14.079306152249652
15446,15,212.0,227.0,1.6424062252044678,0.7514795064926147,1.0,593.6073059360731,1035.6875,7.496524484428308
15446,16,153.0,180.0,1.8961296081542969,0.7407305240631104,1.0,324.2009132420091,821.25,8.654607986162834
15446,17,169.0,58.0,4.331944465637207,0.7380607724189758,0.9999998807907104,397.26027397260276,264.625,19.77253084740968
15446,18,111.0,124.0,2.4162027835845947,0.7311532497406006,1.0,132.4200913242009,565.75,11.028406400633799
15446,19,267.0,133.0,2.772346258163452,0.7239461541175842,1.0,844.7488584474886,606.8125,12.653971523426364
15446,20,124.0,143.0,2.64711332321167,0.7239415645599365,1.0,191.78082191780823,652.4375,12.082363994962462
15446,21,262.0,166.0,5.368222713470459,0.7111333012580872,1.0,821.917808219178,757.375,24.50247228232802
15446,22,143.0,78.0,3.9422929286956787,0.7082006931304932,1.0,278.53881278538813,355.875,17.99402304449774
15446,23,225.0,216.0,2.9143693447113037,0.6656033396720886,0.9999998807907104,652.9680365296804,985.5,13.302215258332755
15446,24,228.0,235.0,3.0361857414245605,0.6045953631401062,0.9999998807907104,666.6666666666666,1072.1875,13.858228494614828
15446,25,210.0,248.0,2.802807092666626,0.561282753944397,0.9999998807907104,584.4748858447489,1131.5,12.793005574908197
15446,26,233.0,218.0,16.104305267333984,0.2618430256843567,0.9992688298225403,689.4977168949772,994.625,73.5057605655674
1560,0,179.0,176.0,1.0,0.8958715796470642,1.0,936.3934426229508,1177.9166666666667,6.69061613472893
1560,1,161.0,184.0,1.0,0.8676995038986206,1.0,816.0,1231.4583333333333,6.69061613472893
1560,2,165.0,235.0,1.0,0.8361918330192566,1.0,842.7540983606558,1572.7864583333333,6.69061613472893
1560,3,179.0,240.0,1.1690500974655151,0.8231068849563599,1.0,936.3934426229508,1606.25,7.821665444409203
1560,4,172.0,255.0,1.0,0.8211798667907715,1.0,889.5737704918033,1706.640625,6.69061613472893
1560,5,160.0,246.0,1.0,0.8142136335372925,1.0,809.3114754098361,1646.40625,6.69061613472893
1560,6,202.0,177.0,1.0,0.807065486907959,1.0,1090.2295081967213,1184.609375,6.69061613472893
1560,7,156.0,176.0,1.133015513420105,0.7966505885124207,1.0,782.5573770491803,1177.9166666666667,7.580571874986736
1560,8,174.0,124.0,2.59700870513916,0.7869181632995605,1.0,902.9508196721312,829.8958333333334,17.37558834463555
1560,9,139.0,141.0,2.0662927627563477,0.7819774150848389,1.0,668.8524590163935,943.671875,13.824771697571235
1560,10,189.0,249.0,1.4921073913574219,0.7681995034217834,1.0,1003.2786885245902,1666.484375,9.98311778736426
1560,11,168.0,96.0,1.7221174240112305,0.7637591361999512,1.0,862.8196721311475,642.5,11.52202662298736
1560,12,206.0,169.0,2.1187307834625244,0.7602388858795166,1.0,1116.983606557377,1131.0677083333333,14.17561436498123
1560,13,118.0,164.0,1.0469483137130737,0.7586867809295654,1.0,528.3934426229508,1097.6041666666667,7.004729279955936
1560,14,196.0,238.0,1.2748957872390747,0.7563438415527344,1.0,1050.0983606557377,1592.8645833333333,8.529838324199693
1560,15,139.0,185.0,1.3018672466278076,0.7536830306053162,1.0,668.8524590163935,1238.1510416666667,8.710294005563137
1560,16,239.0,210.0,1.6860047578811646,0.7535896301269531,1.0,1337.704918032787,1405.46875,11.280410636309462
1560,17,214.0,132.0,1.5824317932128906,0.7526283860206604,1.0,1170.4918032786886,883.4375,10.5874436877782
1560,18,128.0,118.0,3.283660888671875,0.7491485476493835,1.0,595.2786885245902,789.7395833333334,21.96971452272638
1560,19,218.0,109.0,2.118389129638672,0.7454873323440552,1.0,1197.2459016393443,729.5052083333334,14.173328490394871
1560,20,107.0,151.0,3.0577619075775146,0.7234823703765869,1.0,454.81967213114757,1010.5989583333334,20.458311154997627
1560,21,145.0,191.0,1.3762000799179077,0.7194662690162659,1.0,708.983606557377,1278.3072916666667,9.207626459313996
1560,22,180.0,166.0,2.7854537963867188,0.7121220827102661,1.0,943.0819672131148,1110.9895833333333,18.63640211264693
1560,23,261.0,189.0,3.650729179382324,0.6928442716598511,1.0,1484.8524590163934,1264.921875,24.425627551101083
1560,24,209.0,235.0,2.7950615882873535,0.6809767484664917,1.0,1137.049180327869,1572.7864583333333,18.700684160156435
1560,25,163.0,267.0,3.267172336578369,0.6571407318115234,0.9999998807907104,829.3770491803278,1786.953125,21.85939595005125
1560,26,186.0,262.0,3.130460739135742,0.6080110669136047,0.9999998807907104,983.2131147540983,1753.4895833333335,20.944711130397046
1560,27,81.0,317.0,18.037704467773438,0.23713631927967072,0.9990257024765015,280.91803278688525,2121.5885416666665,120.68335654555706
1572,0,215.0,188.0,1.0,0.8642280697822571,1.0,1177.1803278688526,1258.2291666666667,6.69061613472893
1572,1,173.0,202.0,1.0,0.8352750539779663,1.0,896.2622950819672,1351.9270833333333,6.69061613472893
1572,2,156.0,211.0,1.0,0.834333062171936,1.0,782.5573770491803,1412.1614583333333,6.69061613472893
1572,3,207.0,277.0,1.0,0.8321830034255981,1.0,1123.672131147541,1853.8802083333335,6.69061613472893
1572,4,191.0,191.0,1.0,0.8299371600151062,1.0,1016.655737704918,1278.3072916666667,6.69061613472893
1572,5,175.0,277.0,1.0514955520629883,0.8170264959335327,1.0,909.6393442622951,1853.8802083333335,7.035153106228332
1572,6,219.0,108.0,1.6643891334533691,0.8137235045433044,1.0,1203.9344262295083,722.8125,11.135788790750613
1572,7,249.0,215.0,1.7827752828598022,0.7904448509216309,1.0,1404.5901639344263,1438.9322916666667,11.927865072097724
1572,8,199.0,290.0,1.0,0.7897680401802063,1.0,1070.1639344262296,1940.8854166666667,6.69061613472893
1572,9,189.0,132.0,3.0586514472961426,0.7789843082427979,1.0,1003.2786885245902,883.4375,20.464262723791563
1572,10,126.0,178.0,1.5772733688354492,0.7765786051750183,1.0,581.9016393442623,1191.3020833333333,10.55293065040871
1572,11,213.0,264.0,1.3894658088684082,0.7706031799316406,1.0,1163.8032786885246,1766.875,9.296382359469154
1572,12,191.0,180.0,1.8145685195922852,0.769078254699707,1.0,1016.655737704918,1204.6875,12.14058141475533
1572,13,150.0,204.0,1.0,0.7681869864463806,1.0,742.4262295081967,1365.3125,6.69061613472893
1572,14,188.0,102.0,2.4916930198669434,0.7667832970619202,1.0,996.5901639344263,682.65625,16.67096152151322
1572,15,266.0,183.0,3.0123414993286133,0.7660637497901917,1.0,1518.2950819672133,1224.765625,20.154420638721554
1572,16,226.0,260.0,1.6300785541534424,0.7632172703742981,1.0,1250.7540983606557,1740.1041666666667,10.906229875294626
1572,17,158.0,149.0,2.717594623565674,0.7628053426742554,1.0,795.9344262295082,997.2135416666667,18.182382436081088
1572,18,171.0,192.0,2.4631998538970947,0.7537931799888611,1.0,882.8852459016393,1285.0,16.480324685545842
1572,19,217.0,178.0,3.347012519836426,0.743628740310669,1.0,1190.5573770491803,1191.3020833333333,22.39357596835732
1572,20,152.0,120.0,3.79874324798584,0.7416715621948242,1.0,755.8032786885246,803.125,25.415932866666637
1572,21,218.0,134.0,5.326304912567139,0.7392767667770386,1.0,1197.2459016393443,896.8229166666667,35.63626158650766
1572,22,180.0,264.0,1.9869142770767212,0.7334794402122498,1.0,943.0819672131148,1766.875,13.293680720532777
1572,23,169.0,295.0,2.8431732654571533,0.723299503326416,1.0,869.5081967213115,1974.3489583333335,19.022580923697568
1572,24,113.0,160.0,3.3854923248291016,0.7005661129951477,0.9999998807907104,494.95081967213116,1070.8333333333333,22.65102957250254
1572,25,187.0,284.0,2.2712626457214355,0.6630202531814575,1.0,989.9016393442623,1900.7291666666667,15.196146503670953
1572,26,192.0,266.0,2.2783026695251465,0.637490451335907,1.0,1023.344262295082,1780.2604166666667,15.243248600520937
1585,0,182.0,168.0,1.0,0.8850924372673035,1.0,956.4590163934427,1124.375,6.69061613472893
1585,1,165.0,181.0,1.0,0.8291617631912231,1.0,842.7540983606558,1211.3802083333333,6.69061613472893
1585,2,161.0,172.0,1.5363759994506836,0.8291420936584473,1.0,816.0,1151.1458333333333,10.279302050935028
1585,3,211.0,155.0,1.3725725412368774,0.8204535841941833,1.0,1150.4262295081967,1037.3697916666667,9.18335599048534
1585,4,209.0,165.0,1.0,0.8201721906661987,1.0,1137.049180327869,1104.296875,6.69061613472893
1585,5,181.0,248.0,1.0808329582214355,0.8181953430175781,1.0,949.7704918032787,1659.7916666666667,7.231438429223135
1585,6,148.0,197.0,1.329190731048584,0.8100497722625732,1.0,729.0491803278688,1318.4635416666667,8.893104951285796
1585,7,144.0,188.0,1.0,0.8085007667541504,1.0,702.2950819672132,1258.2291666666667,6.69061613472893
1585,8,177.0,262.0,1.0,0.8008741140365601,1.0,923.016393442623,1753.4895833333335,6.69061613472893
1585,9,137.0,100.0,2.084029197692871,0.7906730771064758,1.0,655.4754098360656,669.2708333333334,13.94343937533011
1585,10,211.0,84.0,1.5285098552703857,0.7864814400672913,1.0,1150.4262295081967,562.1875,10.226672699764224
1585,11,182.0,158.0,2.3512582778930664,0.7853971719741821,1.0,956.4590163934427,1057.4479166666667,15.731366570986307
1585,12,191.0,268.0,1.1683412790298462,0.7852798700332642,1.0,1016.655737704918,1793.6458333333335,7.816923012346923
1585,13,212.0,271.0,1.6358835697174072,0.7808129787445068,1.0,1157.1147540983607,1813.7239583333335,10.945069006089243
1585,14,180.0,283.0,1.0,0.7803625464439392,1.0,943.0819672131148,1894.0364583333335,6.69061613472893
1585,15,168.0,75.0,1.5633797645568848,0.7788304090499878,1.0,862.8196721311475,501.953125,10.459973877453008
1585,16,145.0,129.0,2.116048812866211,0.7774910926818848,1.0,708.983606557377,863.359375,14.157670329236668
1585,17,256.0,158.0,2.594935655593872,0.7674078941345215,1.0,1451.4098360655737,1057.4479166666667,17.36171836589975
1585,18,173.0,107.0,1.4771807193756104,0.7604444026947021,1.0,896.2622950819672,716.1197916666666,9.883249154964945
1585,19,116.0,141.0,3.2348814010620117,0.7582108974456787,1.0,515.016393442623,943.671875,21.64334969588002
1585,20,212.0,110.0,4.1157636642456055,0.7483644485473633,1.0,1157.1147540983607,736.1979166666666,27.53699477873271
1585,21,250.0,192.0,4.027081489562988,0.7415453195571899,1.0,1411.2786885245903,1285.0,26.94365638993834
1585,22,229.0,236.0,2.2143561840057373,0.7369168996810913,1.0,1270.8196721311476,1579.4791666666667,14.815407212745567
1585,23,124.0,158.0,1.9172041416168213,0.7280595898628235,1.0,568.5245901639345,1057.4479166666667,12.827276963470633
1585,24,196.0,249.0,2.6117544174194336,0.7097470760345459,1.0,1050.0983606557377,1666.484375,17.47424624513602
1585,25,218.0,243.0,2.81916880607605,0.6926926970481873,1.0,1197.2459016393443,1626.328125,18.86197630045691
1585,26,210.0,257.0,3.145742893218994,0.6609242558479309,0.9999998807907104,1143.7377049180327,1720.0260416666667,21.046958157079867
1585,27,209.0,241.0,4.2234296798706055,0.2504608929157257,0.9999769926071167,1137.049180327869,1612.9427083333333,28.25734676003531
1590,0,209.0,138.0,1.211256504058838,0.816326916217804,1.0,847.6267605633802,734.5625,6.452302547435008
1590,1,226.0,145.0,1.0,0.816252589225769,1.0,938.2535211267605,771.8229166666667,5.3269497631705445
1590,2,256.0,86.0,1.5267679691314697,0.8018881678581238,1.0,1098.1830985915492,457.77083333333337,8.133016271581255
1590,3,277.0,140.0,2.3411521911621094,0.7972497940063477,1.0,1210.1338028169014,745.2083333333334,12.471200110257199
1590,4,189.0,145.0,1.7455899715423584,0.7958683371543884,1.0,741.007042253521,771.8229166666667,9.298670085500444
1590,5,233.0,99.0,1.629673957824707,0.7939515113830566,1.0,975.5704225352113,526.96875,8.681191303679526
1590,6,220.0,197.0,1.0,0.7888275384902954,1.0,906.2676056338028,1048.6145833333335,5.3269497631705445
1590,7,182.0,119.0,2.0611071586608887,0.7778818011283875,1.0,703.6901408450703,633.4270833333334,10.979414290697735
1590,8,209.0,148.0,1.0,0.772132396697998,1.0,847.6267605633802,787.7916666666667,5.3269497631705445
1590,9,254.0,105.0,2.7567851543426514,0.7680347561836243,1.0,1087.5211267605632,558.90625,14.68525602503766
1590,10,211.0,104.0,3.480137586593628,0.737064778804779,1.0,858.2887323943662,553.5833333333334,18.538518092705836
1590,11,228.0,135.0,1.8587477207183838,0.7360875606536865,1.0,948.9154929577464,718.59375,9.901455730674584
1590,12,248.0,137.0,3.6415557861328125,0.7331189513206482,1.0,1055.5352112676055,729.2395833333334,19.39838473251251
1590,13,191.0,154.0,3.3949027061462402,0.7229387164115906,1.0,751.669014084507,819.7291666666667,18.084476166492756
1590,14,181.0,102.0,5.299009799957275,0.713749349117279,0.9999998807907104,698.3591549295775,542.9375,28.227558998920802
1590,15,245.0,147.0,2.232390880584717,0.7090331315994263,1.0,1039.5422535211267,782.46875,11.89183407263484
1590,16,235.0,76.0,2.4766921997070312,0.7081696391105652,1.0,986.2323943661971,404.5416666666667,13.193214926675704
1590,17,248.0,192.0,3.9131133556365967,0.6937324404716492,0.9999998807907104,1055.5352112676055,1022.0,20.844958263067863
1590,18,215.0,82.0,7.511087894439697,0.6707337498664856,0.9999996423721313,879.6126760563379,436.4791666666667,40.01118788043869
1590,19,265.0,161.0,6.703656196594238,0.5875325202941895,0.9999986886978149,1146.1619718309857,856.9895833333334,35.71003978882443
1590,20,223.0,218.0,2.367915391921997,0.5869185328483582,0.9999997615814209,922.2605633802816,1160.3958333333335,12.61376633620677
1590,21,235.0,203.0,6.631153106689453,0.5602366924285889,0.9999979734420776,986.2323943661971,1080.5520833333335,35.323819471227004
1590,22,209.0,194.0,2.753085136413574,0.5042932033538818,0.9999996423721313,847.6267605633802,1032.6458333333335,14.665546215406636
1590,23,206.0,207.0,12.573978424072266,0.2896137833595276,0.9998230338096619,831.6338028169014,1101.84375,66.98095138822329
1590,24,263.0,169.0,21.177114486694336,0.1702636331319809,0.9930094480514526,1135.5,899.5729166666667,112.8094249995319
1620,0,148.0,284.0,1.0,0.8361333608627319,1.0,522.4366197183099,1511.7083333333335,5.3269497631705445
1620,1,151.0,209.0,1.0,0.8315711617469788,1.0,538.4295774647887,1112.4895833333335,5.3269497631705445
1620,2,139.0,109.0,1.7988252639770508,0.794051468372345,1.0,474.4577464788732,580.1979166666667,9.582251813927742
1620,3,181.0,193.0,2.271705150604248,0.7823889851570129,1.0,698.3591549295775,1027.3229166666667,12.101259214004605
1620,4,120.0,208.0,1.7780985832214355,0.774837076663971,1.0,373.169014084507,1107.1666666666667,9.471841826785306
1620,5,177.0,204.0,2.3154497146606445,0.7739706635475159,1.0,677.0352112676056,1085.875,12.334284309144826
1620,6,83.0,152.0,2.3759734630584717,0.7692381143569946,1.0,175.9225352112676,809.0833333333334,12.656691276338824
1620,7,150.0,198.0,2.5540060997009277,0.7615853548049927,1.0,533.0985915492957,1053.9375,13.605062187937982
1620,8,126.0,216.0,1.6723551750183105,0.7611033320426941,1.0,405.15492957746477,1149.75,8.908552003500823
1620,9,139.0,298.0,1.3150004148483276,0.7590395212173462,1.0,474.4577464788732,1586.2291666666667,7.004941148445466
1620,10,96.0,173.0,1.6104137897491455,0.758621096611023,1.0,245.22535211267603,920.8645833333334,8.578593355910789
1620,11,209.0,208.0,1.951584815979004,0.7573234438896179,1.0,847.6267605633802,1107.1666666666667,10.395994273286584
1620,12,271.0,224.0,2.08668851852417,0.7533639669418335,1.0,1178.1478873239437,1192.3333333333335,11.11568490956302
1620,13,243.0,253.0,2.146407127380371,0.7494181990623474,1.0,1028.8802816901407,1346.6979166666667,11.433802938866435
1620,14,142.0,144.0,2.15061354637146,0.7468830347061157,1.0,490.45070422535207,766.5,11.456210321514813
1620,15,185.0,135.0,2.595304489135742,0.7466903924942017,1.0,719.6830985915493,718.59375,13.825056633757093
1620,16,168.0,317.0,1.7062973976135254,0.7466419339179993,1.0,629.056338028169,1687.3645833333335,9.089360518115885
1620,17,152.0,308.0,2.29547381401062,0.7461273670196533,1.0,543.7605633802816,1639.4583333333335,12.227873689908058
1620,18,214.0,198.0,2.8613247871398926,0.7454162240028381,1.0,874.2816901408451,1053.9375,15.242133397208859
1620,19,164.0,290.0,2.942208766937256,0.7432624101638794,1.0,607.7323943661971,1543.6458333333335,15.672998294234715
1620,20,232.0,120.0,5.6896491050720215,0.7356494069099426,1.0,970.2394366197183,638.75,30.308474952786906
1620,21,187.0,96.0,2.5227980613708496,0.7345218658447266,1.0,730.3450704225352,511.0,13.438818535546556
1620,22,226.0,148.0,3.236504554748535,0.7294270992279053,1.0,938.2535211267605,787.7916666666667,17.2406971714181
1620,23,203.0,291.0,1.897033929824829,0.723380982875824,1.0,815.6408450704225,1548.96875,10.10540444320686
1620,24,176.0,304.0,2.9354488849639893,0.688298761844635,1.0,671.7042253521126,1618.1666666666667,15.636988742558161
1620,25,189.0,293.0,4.622713088989258,0.588381826877594,0.9999994039535522,741.007042253521,1559.6145833333335,24.6249603945967
1620,26,133.0,324.0,8.660741806030273,0.5456804633140564,0.9999948740005493,442.47183098591546,1724.625,46.1353365125142
1660,0,222.0,250.0,1.0,0.845259428024292,1.0,1224.0,1673.1770833333335,6.69061613472893
1660,1,168.0,159.0,1.2339600324630737,0.8450459241867065,1.0,862.8196721311475,1064.140625,8.255952902808074
1660,2,185.0,144.0,1.0,0.84370356798172,1.0,976.5245901639345,963.75,6.69061613472893
1660,3,211.0,133.0,1.0,0.8384417295455933,1.0,1150.4262295081967,890.1302083333334,6.69061613472893
1660,4,208.0,243.0,1.0,0.83482825756073,1.0,1130.360655737705,1626.328125,6.69061613472893
1660,5,130.0,113.0,1.4391005039215088,0.8147550225257874,1.0,608.655737704918,756.2760416666666,9.628469051033779
1660,6,161.0,150.0,1.0,0.8119162917137146,1.0,816.0,1003.90625,6.69061613472893
1660,7,191.0,237.0,1.0,0.7949618101119995,1.0,1016.655737704918,1586.171875,6.69061613472893
1660,8,197.0,48.0,1.3234453201293945,0.7892650961875916,1.0,1056.7868852459017,321.25,8.85466461228922
1660,9,160.0,85.0,1.557415246963501,0.7874820232391357,1.0,809.3114754098361,568.8802083333334,10.42006757980684
1660,10,211.0,121.0,1.6870976686477661,0.7791637778282166,1.0,1150.4262295081967,809.8177083333334,11.287722882718304
1660,11,201.0,75.0,1.3934720754623413,0.7671388387680054,1.0,1083.5409836065573,501.953125,9.323186751382549
1660,12,260.0,153.0,2.619567394256592,0.766727089881897,1.0,1478.1639344262296,1023.984375,17.52651987402297
1660,13,227.0,233.0,1.1510589122772217,0.7629676461219788,1.0,1257.4426229508197,1559.4010416666667,7.701293330505511
1660,14,151.0,176.0,1.1949743032455444,0.759407639503479,1.0,749.1147540983607,1177.9166666666667,7.9951143538811
1660,15,274.0,118.0,2.237190008163452,0.7566100358963013,1.0,1571.8032786885246,789.7395833333334,14.968179565072738
1660,16,111.0,89.0,1.4582959413528442,0.7532479763031006,1.0,481.5737704918033,595.6510416666666,9.756898354425052
1660,17,195.0,223.0,1.1381309032440186,0.7508302330970764,1.0,1043.4098360655737,1492.4739583333333,7.614796984678041
1660,18,181.0,133.0,1.9824167490005493,0.7493449449539185,1.0,949.7704918032787,890.1302083333334,13.263589486619946
1660,19,189.0,258.0,1.6127997636795044,0.7305766344070435,1.0,1003.2786885245902,1726.71875,10.790624120961096
1660,20,146.0,56.0,1.9699785709381104,0.7296268343925476,1.0,715.672131147541,374.7916666666667,13.18037041178876
1660,21,112.0,152.0,2.325840473175049,0.7103907465934753,1.0,488.26229508196724,1017.2916666666667,15.561305796630549
1660,22,243.0,202.0,3.5847535133361816,0.7039734721183777,1.0,1364.4590163934427,1351.9270833333333,23.98420969535327
1660,23,211.0,220.0,1.7162959575653076,0.6860109567642212,1.0,1150.4262295081967,1472.3958333333333,11.483077425656486
1660,24,144.0,171.0,4.352870941162109,0.6838976740837097,0.9999998807907104,702.2950819672132,1144.453125,29.12338855133191
1660,25,94.0,141.0,5.210644245147705,0.629889726638794,0.9999997615814209,367.8688524590164,943.671875,34.862420458917676
1660,26,232.0,211.0,3.21718692779541,0.5527928471565247,0.9999997615814209,1290.8852459016393,1412.1614583333333,21.524962767546967
1666,0,195.0,257.0,1.913275957107544,0.7762808203697205,1.0,1043.4098360655737,1720.0260416666667,12.800994988812668
1666,1,197.0,159.0,1.9100580215454102,0.7721057534217834,1.0,1056.7868852459017,1064.140625,12.779465017220138
1666,2,273.0,206.0,2.4742584228515625,0.7538561224937439,1.0,1565.1147540983607,1378.6979166666667,16.554313325419617
1666,3,231.0,149.0,2.5204927921295166,0.7472317218780518,1.0,1284.1967213114754,997.2135416666667,16.863649742489713
1666,4,170.0,156.0,3.734907388687134,0.7399458289146423,1.0,876.1967213114755,1044.0625,24.98883163646843
1666,5,164.0,97.0,4.556874752044678,0.7385632991790771,1.0,836.0655737704918,649.1927083333334,30.488299739969012
1666,6,122.0,103.0,3.225982904434204,0.7372506260871887,1.0,555.1475409836065,689.3489583333334,21.58381327076718
1666,7,176.0,251.0,1.8806955814361572,0.7370745539665222,1.0,916.327868852459,1679.8697916666667,12.583012201670158
1666,8,199.0,146.0,2.5509750843048096,0.7363729476928711,1.0,1070.1639344262296,977.1354166666667,17.06759505834125
1666,9,199.0,84.0,2.8261566162109375,0.7325356602668762,1.0,1070.1639344262296,562.1875,18.90872905569181
1666,10,239.0,95.0,3.182857036590576,0.7277538776397705,1.0,1337.704918032787,635.8072916666666,21.295274643548414
1666,11,159.0,59.0,3.369051218032837,0.7261552810668945,1.0,802.6229508196722,394.8697916666667,22.54102843809865
1666,12,243.0,66.0,5.408182144165039,0.7256178259849548,0.9999998807907104,1364.4590163934427,441.71875,36.184070713303505
1666,13,199.0,46.0,5.290623188018799,0.7253679633140564,0.9999998807907104,1070.1639344262296,307.8645833333333,35.39752886452958
1666,14,294.0,170.0,3.4472100734710693,0.7177172899246216,1.0,1705.5737704918033,1137.7604166666667,23.063959337365635
1666,15,170.0,167.0,4.245973587036133,0.7095339894294739,0.9999998807907104,876.1967213114755,1117.6822916666667,28.40817938905682
1666,16,141.0,171.0,3.6450281143188477,0.7069182991981506,1.0,682.2295081967213,1144.453125,24.387483913202246
1666,17,143.0,180.0,3.5880908966064453,0.6876077055931091,0.9999998807907104,695.6065573770492,1204.6875,24.006538845709073
1666,18,128.0,128.0,4.709509372711182,0.6867488026618958,1.0,595.2786885245902,856.6666666666667,31.509519395718552
1666,19,228.0,160.0,2.9692561626434326,0.6780943870544434,1.0,1264.1311475409836,1070.8333333333333,19.866153189925456
1666,20,205.0,275.0,3.5748744010925293,0.6486051678657532,0.9999998807907104,1110.295081967213,1840.4947916666667,23.918112347579093
1666,21,194.0,291.0,1.970735788345337,0.6480198502540588,1.0,1036.72131147541,1947.578125,13.185436662791048
1666,22,183.0,275.0,3.0466976165771484,0.6441301703453064,0.9999998807907104,963.1475409836066,1840.4947916666667,20.38428423111124
1666,23,237.0,253.0,3.308603286743164,0.6362541317939758,0.9999998807907104,1324.327868852459,1693.2552083333335,22.13659453370098
1666,24,168.0,267.0,4.819123268127441,0.6359296441078186,0.9999997615814209,862.8196721311475,1786.953125,32.24290389298107
1666,25,225.0,258.0,5.202983379364014,0.603159487247467,0.9999991655349731,1244.065573770492,1726.71875,34.81116454669932
1666,26,213.0,252.0,4.282794952392578,0.5603799223899841,0.9999990463256836,1163.8032786885246,1686.5625,28.6545370102134
1666,27,157.0,282.0,6.881897449493408,0.5467148423194885,0.9999958276748657,789.2459016393443,1887.34375,46.04413411313046
1674,0,163.0,152.0,1.1627881526947021,0.7938206195831299,1.0,829.3770491803278,1017.2916666666667,7.77976917569082
1674,1,197.0,248.0,1.049805998802185,0.7873265147209167,1.0,1056.7868852459017,1659.7916666666667,7.023848953921118
1674,2,189.0,50.0,2.646132230758667,0.7872224450111389,1.0,1003.2786885245902,334.6354166666667,17.704254997740193
1674,3,182.0,240.0,1.8536407947540283,0.776843786239624,1.0,956.4590163934427,1606.25,12.401999009373057
1674,4,274.0,147.0,3.1348819732666016,0.7700168490409851,1.0,1571.8032786885246,983.828125,20.97429191080839
1674,5,213.0,143.0,2.239062786102295,0.7681233882904053,1.0,1163.8032786885246,957.0572916666667,14.980709603367124
1674,6,125.0,126.0,3.136298179626465,0.7620031237602234,1.0,575.2131147540983,843.28125,20.983767203929794
1674,7,153.0,67.0,3.136493682861328,0.7597170472145081,1.0,762.4918032786885,448.41145833333337,20.985075241027364
1674,8,141.0,167.0,2.0991768836975098,0.7580389976501465,1.0,682.2295081967213,1117.6822916666667,14.044786727716552
1674,9,189.0,83.0,3.009476661682129,0.7545894384384155,1.0,1003.2786885245902,555.4947916666666,20.135253109740606
1674,10,221.0,88.0,2.1250274181365967,0.7536157369613647,1.0,1217.311475409836,588.9583333333334,14.217742730526073
1674,11,187.0,133.0,2.188873529434204,0.7451863884925842,1.0,989.9016393442623,890.1302083333334,14.644912552913544
1674,12,256.0,177.0,4.14717960357666,0.7424132823944092,1.0,1451.4098360655737,1184.609375,27.747186769308726
1674,13,137.0,159.0,2.043488025665283,0.7402184009552002,1.0,655.4754098360656,1064.140625,13.672193955641509
1674,14,185.0,143.0,1.6919020414352417,0.7368611097335815,1.0,976.5245901639345,957.0572916666667,11.319867096807442
1674,15,216.0,133.0,3.2312021255493164,0.7350854277610779,1.0,1183.8688524590164,890.1302083333334,21.618733075770667
1674,16,118.0,107.0,3.1839241981506348,0.7327796816825867,1.0,528.3934426229508,716.1197916666666,21.302414611900506
1674,17,162.0,143.0,4.0041680335998535,0.7296350598335266,1.0,822.688524590164,957.0572916666667,26.79035125176899
1674,18,227.0,217.0,2.654446601867676,0.7258282899856567,1.0,1257.4426229508197,1452.3177083333333,17.75988326323225
1674,19,223.0,60.0,3.665499687194824,0.7168590426445007,0.9999998807907104,1230.688524590164,401.5625,24.524451348989533
1674,20,203.0,233.0,1.6385717391967773,0.7148951888084412,1.0,1096.9180327868853,1559.4010416666667,10.963054516180803
1674,21,157.0,97.0,3.340055465698242,0.7107263207435608,1.0,789.2459016393443,649.1927083333334,22.34702898969021
1674,22,190.0,221.0,2.8895509243011475,0.6997995972633362,1.0,1009.9672131147541,1479.0885416666667,19.33287603625015
1674,23,167.0,231.0,2.0214691162109375,0.693958044052124,1.0,856.1311475409836,1546.015625,13.524873884777127
1674,24,166.0,254.0,4.476570129394531,0.6911918520927429,0.9999998807907104,849.4426229508197,1699.9479166666667,29.95101233597262
1674,25,212.0,219.0,3.765678882598877,0.6376804113388062,0.9999998807907104,1157.1147540983607,1465.703125,25.19471189012405
1674,26,175.0,219.0,5.162168025970459,0.62624591588974,0.9999995231628418,909.6393442622951,1465.703125,34.53808468473974
1674,27,205.0,215.0,4.472653865814209,0.36911818385124207,0.9999935626983643,1110.295081967213,1438.9322916666667,29.924810119674266
1678,0,221.0,175.0,1.0,0.8425413370132446,1.0,1217.311475409836,1171.2239583333333,6.69061613472893
1678,1,183.0,194.0,1.1004163026809692,0.8418018221855164,1.0,963.1475409836066,1298.3854166666667,7.362463069636046
1678,2,198.0,179.0,1.0,0.8386407494544983,1.0,1063.4754098360656,1197.9947916666667,6.69061613472893
1678,3,227.0,274.0,1.0,0.8293991088867188,1.0,1257.4426229508197,1833.8020833333335,6.69061613472893
1678,4,178.0,186.0,1.382838487625122,0.816888689994812,1.0,929.704918032787,1244.84375,9.252041497028793
1678,5,154.0,151.0,1.0,0.8089483380317688,1.0,769.1803278688525,1010.5989583333334,6.69061613472893
1678,6,176.0,128.0,1.2963591814041138,0.8085852861404419,1.0,916.327868852459,856.6666666666667,8.67344165550635
1678,7,208.0,102.0,2.2712326049804688,0.8009685277938843,1.0,1130.360655737705,682.65625,15.195945512604741
1678,8,163.0,201.0,1.2337158918380737,0.7988587617874146,1.0,829.3770491803278,1345.234375,8.254319451603306
1678,9,215.0,266.0,1.46918785572052,0.782308042049408,1.0,1177.1803278688526,1780.2604166666667,9.82977197243151
1678,10,269.0,201.0,2.167604446411133,0.7817467451095581,1.0,1538.360655737705,1345.234375,14.502609282868494
1678,11,230.0,257.0,1.2147314548492432,0.7803925275802612,1.0,1277.5081967213116,1720.0260416666667,8.127301871177092
1678,12,222.0,165.0,1.5183216333389282,0.7761983275413513,1.0,1224.0,1104.296875,10.158507217725415
1678,13,163.0,103.0,2.4857208728790283,0.7667992115020752,1.0,829.3770491803278,689.3489583333334,16.631004178516903
1678,14,201.0,262.0,1.5273866653442383,0.7650777101516724,1.0,1083.5409836065573,1753.4895833333335,10.219157867121977
1678,15,169.0,206.0,1.5998353958129883,0.7645341157913208,1.0,869.5081967213115,1378.6979166666667,10.703884512136822
1678,16,213.0,125.0,1.5609257221221924,0.7620435953140259,1.0,1163.8032786885246,836.5885416666667,10.443554821544145
1678,17,286.0,174.0,1.6507031917572021,0.7541602849960327,1.0,1652.065573770492,1164.53125,11.04422140841928
1678,18,205.0,250.0,1.6125938892364502,0.7514508962631226,1.0,1110.295081967213,1673.1770833333335,10.78924669409067
1678,19,140.0,128.0,4.180215835571289,0.7418418526649475,1.0,675.5409836065573,856.6666666666667,27.96821951612264
1678,20,245.0,240.0,2.6626639366149902,0.7399753928184509,1.0,1377.8360655737706,1606.25,17.814862295677102
1678,21,136.0,180.0,1.9426642656326294,0.7314843535423279,1.0,648.7868852459017,1204.6875,12.997620880002996
1678,22,196.0,170.0,3.2790722846984863,0.7311558127403259,1.0,1050.0983606557377,1137.7604166666667,21.939013934946146
1678,23,120.0,167.0,2.5394399166107178,0.7130560874938965,1.0,541.7704918032787,1117.6822916666667,16.990417679250356
1678,24,216.0,248.0,1.9214825630187988,0.6951755285263062,1.0,1183.8688524590164,1659.7916666666667,12.855902238733872
1678,25,233.0,242.0,3.3680148124694824,0.5773621797561646,0.9999996423721313,1297.5737704918033,1619.6354166666667,22.53409424631435
1678,26,197.0,276.0,7.4934587478637695,0.562889039516449,0.9999967813491821,1056.7868852459017,1847.1875,50.135856003382976
1694,0,207.0,254.0,1.0,0.8489911556243896,1.0,1123.672131147541,1699.9479166666667,6.69061613472893
1694,1,202.0,169.0,1.3078175783157349,0.8391305208206177,1.0,1090.2295081967213,1131.0677083333333,8.750105390761371
1694,2,223.0,160.0,1.0430305004119873,0.83761066198349,1.0,1230.688524590164,1070.8333333333333,6.978516695070831
1694,3,179.0,70.0,1.649264931678772,0.824993908405304,1.0,936.3934426229508,468.48958333333337,11.034598562332597
1694,4,213.0,52.0,2.188103437423706,0.8183070421218872,1.0,1163.8032786885246,348.0208333333333,14.63976016288288
1694,5,153.0,106.0,1.8042330741882324,0.812248945236206,1.0,762.4918032786885,709.4270833333334,12.071430916975364
1694,6,252.0,66.0,1.8691086769104004,0.796392560005188,1.0,1424.655737704918,441.71875,12.505488671298567
1694,7,251.0,95.0,1.6962320804595947,0.7937753200531006,1.0,1417.967213114754,635.8072916666666,11.348837725767783
1694,8,221.0,262.0,2.010603666305542,0.791589617729187,1.0,1217.311475409836,1753.4895833333335,13.452177330328999
1694,9,183.0,180.0,1.9930379390716553,0.7908140420913696,1.0,963.1475409836066,1204.6875,13.33465179227971
1694,10,250.0,157.0,1.2756733894348145,0.7887798547744751,1.0,1411.2786885245903,1050.7552083333333,8.535040961996911
1694,11,161.0,131.0,1.345819115638733,0.7825756669044495,1.0,816.0,876.7447916666667,9.004359089519125
1694,12,200.0,159.0,2.2275543212890625,0.7779214382171631,1.0,1076.8524590163934,1064.140625,14.90371088300175
1694,13,223.0,148.0,2.0593650341033936,0.7753217220306396,1.0,1230.688524590164,990.5208333333334,13.778420924468756
1694,14,251.0,147.0,1.7574105262756348,0.7629076838493347,1.0,1417.967213114754,983.828125,11.75815922244222
1694,15,299.0,144.0,3.374192237854004,0.762113094329834,1.0,1739.016393442623,963.75,22.575425028263112
1694,16,238.0,268.0,1.4389052391052246,0.7505186796188354,1.0,1331.016393442623,1793.6458333333335,9.627162609103404
1694,17,214.0,241.0,2.464446544647217,0.7440654635429382,1.0,1170.4918032786886,1612.9427083333333,16.488665814793627
1694,18,217.0,90.0,4.489635467529297,0.7422713041305542,0.9999998807907104,1190.5573770491803,602.34375,30.038427498102774
1694,19,180.0,172.0,3.836642265319824,0.7405487298965454,1.0,943.0819672131148,1151.1458333333333,25.669500643531766
1694,20,263.0,235.0,1.8341786861419678,0.7339588403701782,1.0,1498.2295081967213,1572.7864583333333,12.271785511477358
1694,21,187.0,106.0,4.418148040771484,0.7166743278503418,0.9999998807907104,989.9016393442623,709.4270833333334,29.5601325672067
1694,22,285.0,181.0,2.912893772125244,0.7119385600090027,1.0,1645.377049180328,1211.3802083333333,19.48905407053257
1694,23,241.0,253.0,2.228783130645752,0.6666586995124817,1.0,1351.0819672131147,1693.2552083333335,14.911932374710123
1694,24,250.0,240.0,1.4432157278060913,0.6429340243339539,1.0,1411.2786885245903,1606.25,9.65600243435399
1694,25,228.0,245.0,4.709953308105469,0.6314401626586914,0.9999997615814209,1264.1311475409836,1639.7135416666667,31.512489597030346
1694,26,207.0,276.0,5.3149309158325195,0.48904794454574585,0.9999954700469971,1123.672131147541,1847.1875,35.56016254043866
1736,0,167.0,152.0,1.0,0.8892431855201721,1.0,623.725352112676,809.0833333333334,5.3269497631705445
1736,1,123.0,173.0,1.0,0.8705542683601379,1.0,389.1619718309859,920.8645833333334,5.3269497631705445
1736,2,170.0,280.0,1.0,0.8684802055358887,1.0,639.7183098591549,1490.4166666666667,5.3269497631705445
1736,3,144.0,161.0,1.0,0.8573654294013977,1.0,501.112676056338,856.9895833333334,5.3269497631705445
1736,4,176.0,261.0,1.0,0.8547312617301941,1.0,671.7042253521126,1389.28125,5.3269497631705445
1736,5,200.0,152.0,1.2792383432388306,0.8459241986274719,1.0,799.6478873239436,809.0833333333334,6.814438389554768
1736,6,162.0,246.0,1.0,0.8414567112922668,1.0,597.0704225352113,1309.4375,5.3269497631705445
1736,7,144.0,242.0,1.0,0.8383963108062744,1.0,501.112676056338,1288.1458333333335,5.3269497631705445
1736,8,203.0,235.0,1.078352928161621,0.8202559351921082,1.0,815.6408450704225,1250.8854166666667,5.744331875284811
1736,9,144.0,150.0,1.5302727222442627,0.8177570104598999,1.0,501.112676056338,798.4375,8.15168591534542
1736,10,141.0,63.0,1.3641608953475952,0.816243052482605,1.0,485.11971830985914,335.34375,7.26681655839839
1736,11,96.0,102.0,1.206337332725525,0.8146845698356628,1.0,245.22535211267603,542.9375,6.426098368866021
1736,12,155.0,270.0,1.277764916419983,0.8117910623550415,1.0,559.7535211267606,1437.1875,6.806589518911058
1736,13,119.0,164.0,2.356098175048828,0.8081884980201721,1.0,367.8380281690141,872.9583333333334,12.550816615582907
1736,14,178.0,46.0,1.55668306350708,0.8011448383331299,1.0,682.3661971830985,244.85416666666669,8.292372476480638
1736,15,133.0,284.0,1.3637034893035889,0.7998165488243103,1.0,442.47183098591546,1511.7083333333335,7.264379979380598
1736,16,204.0,139.0,1.3992563486099243,0.7964891791343689,1.0,820.9718309859154,739.8854166666667,7.453768274842517
1736,17,101.0,125.0,1.0007942914962769,0.789211630821228,1.0,271.8802816901408,665.3645833333334,5.331180914068525
1736,18,139.0,97.0,2.3878252506256104,0.7886303067207336,1.0,474.4577464788732,516.3229166666667,12.71982515331274
1736,19,213.0,87.0,1.677978754043579,0.7768948078155518,1.0,868.9507042253521,463.09375,8.93850852645765
1736,20,169.0,139.0,1.0,0.7743858695030212,1.0,634.387323943662,739.8854166666667,5.3269497631705445
1736,21,227.0,180.0,3.353816032409668,0.7551014423370361,1.0,943.5845070422534,958.125,17.865609519562256
1736,22,173.0,82.0,1.8929321765899658,0.7434985041618347,1.0,655.7112676056338,436.4791666666667,10.083554609783821
1736,23,234.0,139.0,3.148719549179077,0.7364293932914734,1.0,980.9014084507041,739.8854166666667,16.77307085678995
1736,24,137.0,259.0,1.4460294246673584,0.7322955131530762,1.0,463.7957746478873,1378.6354166666667,7.702926101269424
1736,25,190.0,243.0,1.786191701889038,0.7061627507209778,1.0,746.338028169014,1293.46875,9.514953463355003
1736,26,217.0,60.0,4.395193576812744,0.7041704654693604,0.9999998807907104,890.2746478873239,319.375,23.412975383091347
1736,27,181.0,238.0,3.3859212398529053,0.2629328966140747,0.9999895095825195,698.3591549295775,1266.8541666666667,18.03663234674855
1742,0,117.0,112.0,1.0,0.8434416055679321,1.0,521.7049180327868,749.5833333333334,6.69061613472893
1742,1,163.0,174.0,1.0,0.8398106098175049,1.0,829.3770491803278,1164.53125,6.69061613472893
1742,2,153.0,71.0,1.3704807758331299,0.8116288781166077,1.0,762.4918032786885,475.1822916666667,9.16936079112496
1742,3,223.0,67.0,1.439008355140686,0.8069522976875305,1.0,1230.688524590164,448.41145833333337,9.627852518914011
1742,4,174.0,260.0,1.0503572225570679,0.8054018020629883,1.0,902.9508196721312,1740.1041666666667,7.0275369804693835
1742,5,163.0,162.0,2.523552179336548,0.7951517105102539,1.0,829.3770491803278,1084.21875,16.88411892789946
1742,6,200.0,277.0,1.0,0.7944023013114929,1.0,1076.8524590163934,1853.8802083333335,6.69061613472893
1742,7,124.0,138.0,2.569218397140503,0.772842526435852,1.0,568.5245901639345,923.59375,17.189654061550648
1742,8,206.0,261.0,2.0950276851654053,0.7673384547233582,1.0,1116.983606557377,1746.796875,14.01702603307146
1742,9,188.0,56.0,2.1728463172912598,0.7574887275695801,1.0,996.5901639344263,374.7916666666667,14.537680628755238
1742,10,140.0,180.0,3.134896755218506,0.754882276058197,1.0,675.5409836065573,1204.6875,20.974390811174302
1742,11,222.0,96.0,3.2799947261810303,0.7503613233566284,1.0,1224.0,642.5,21.9451856368126
1742,12,189.0,149.0,3.3573975563049316,0.7438036203384399,1.0,1003.2786885245902,997.2135416666667,22.463058260913254
1742,13,250.0,188.0,2.933073043823242,0.743461549282074,1.0,1411.2786885245903,1258.2291666666667,19.624065831342275
1742,14,189.0,92.0,3.4766430854797363,0.7370929718017578,1.0,1003.2786885245902,615.7291666666666,23.260884322404493
1742,15,216.0,149.0,4.313473701477051,0.736919105052948,1.0,1183.8688524590164,997.2135416666667,28.859796743831275
1742,16,213.0,160.0,3.157944679260254,0.7345066666603088,1.0,1163.8032786885246,1070.8333333333333,21.128595623640027
1742,17,142.0,189.0,2.6273536682128906,0.7330105304718018,1.0,688.9180327868853,1264.921875,17.578614844184404
1742,18,267.0,152.0,3.687831401824951,0.7288689613342285,1.0,1524.983606557377,1017.2916666666667,24.673864279210022
1742,19,216.0,244.0,2.0229997634887695,0.7117660641670227,1.0,1183.8688524590164,1633.0208333333335,13.53511485815077
1742,20,188.0,269.0,2.8018200397491455,0.6963436603546143,1.0,996.5901639344263,1800.3385416666667,18.74590236455248
1742,21,187.0,160.0,3.2767958641052246,0.6962265372276306,0.9999998807907104,989.9016393442623,1070.8333333333333,21.92378327859544
1742,22,227.0,238.0,2.0589890480041504,0.6855895519256592,1.0,1257.4426229508197,1592.8645833333333,13.775905345806727
1742,23,156.0,108.0,5.464050769805908,0.6718864440917969,0.9999998807907104,782.5573770491803,722.8125,36.55786624144144
1742,24,192.0,248.0,3.543795347213745,0.6383084058761597,0.9999998807907104,1023.344262295082,1659.7916666666667,23.710174328245593
1742,25,165.0,278.0,3.8224682807922363,0.6311665177345276,0.9999996423721313,842.7540983606558,1860.5729166666667,25.574667953958087
1742,26,178.0,247.0,4.1278815269470215,0.5690621137619019,0.9999995231628418,929.704918032787,1653.0989583333335,27.61807074644123
1742,27,235.0,191.0,16.03290557861328,0.2144056260585785,0.9985974431037903,1310.9508196721313,1278.3072916666667,107.27001675085548
1807,0,151.0,202.0,1.0,0.9092240333557129,1.0,538.4295774647887,1075.2291666666667,5.3269497631705445
1807,1,124.0,215.0,1.0,0.8617280721664429,1.0,394.49295774647885,1144.4270833333335,5.3269497631705445
1807,2,179.0,192.0,1.0,0.8543819189071655,1.0,687.6971830985915,1022.0,5.3269497631705445
1807,3,216.0,295.0,1.0,0.8356010317802429,1.0,884.9436619718309,1570.2604166666667,5.3269497631705445
1807,4,213.0,195.0,1.0,0.8330358266830444,1.0,868.9507042253521,1037.96875,5.3269497631705445
1807,5,151.0,292.0,1.0,0.8291624784469604,1.0,538.4295774647887,1554.2916666666667,5.3269497631705445
1807,6,119.0,205.0,1.0,0.8262854814529419,1.0,367.8380281690141,1091.1979166666667,5.3269497631705445
1807,7,171.0,298.0,1.4189469814300537,0.8067241907119751,1.0,645.0492957746478,1586.2291666666667,7.558659286680383
1807,8,129.0,94.0,2.371403455734253,0.8000088334083557,1.0,421.1478873239436,500.3541666666667,12.63234707690539
1807,9,94.0,164.0,1.402808666229248,0.7997457385063171,1.0,234.56338028169012,872.9583333333334,7.47269129234348
1807,10,77.0,139.0,1.2544059753417969,0.7973458170890808,1.0,143.93661971830986,739.8854166666667,6.682157613266701
1807,11,218.0,183.0,1.0,0.793594241142273,1.0,895.6056338028169,974.09375,5.3269497631705445
1807,12,149.0,189.0,1.8445818424224854,0.7859711050987244,1.0,527.7676056338028,1006.03125,9.825994808641145
1807,13,181.0,178.0,2.0210182666778564,0.7846392393112183,1.0,698.3591549295775,947.4791666666667,10.765862777042951
1807,14,232.0,129.0,2.598891258239746,0.772261381149292,1.0,970.2394366197183,686.65625,13.844163172586214
1807,15,200.0,299.0,1.784074306488037,0.7623606324195862,1.0,799.6478873239436,1591.5520833333335,9.503674204425103
1807,16,258.0,246.0,2.3999242782592773,0.7582870125770569,1.0,1108.8450704225352,1309.4375,12.784276065700498
1807,17,180.0,113.0,2.4693002700805664,0.7557816505432129,1.0,693.0281690140845,601.4895833333334,13.153838488902634
1807,18,289.0,216.0,3.4436838626861572,0.7517204880714417,1.0,1274.1056338028168,1149.75,18.344330936770252
1807,19,137.0,132.0,2.6587276458740234,0.7437312006950378,1.0,463.7957746478873,702.625,14.162908603523608
1807,20,181.0,72.0,3.359964370727539,0.7370566129684448,1.0,698.3591549295775,383.25,17.89836140890853
1807,21,139.0,304.0,1.4309751987457275,0.7318863272666931,1.0,474.4577464788732,1618.1666666666667,7.622732996061476
1807,22,240.0,96.0,3.0480844974517822,0.7290895581245422,1.0,1012.887323943662,511.0,16.23699299182458
1807,23,156.0,321.0,2.1385884284973145,0.7158012390136719,1.0,565.0845070422534,1708.65625,11.392153122703036
1807,24,122.0,327.0,1.5371750593185425,0.7059539556503296,1.0,383.83098591549293,1740.59375,8.188454318188578
1807,25,184.0,318.0,2.986764907836914,0.6548086404800415,1.0,714.3521126760563,1692.6875,15.910346618447942
1807,26,189.0,292.0,2.726095676422119,0.6308588981628418,0.9999998807907104,741.007042253521,1554.2916666666667,14.521774717897053
1807,27,165.0,336.0,1.9718942642211914,0.6228707432746887,0.9999998807907104,613.0633802816901,1788.5,10.50418168379043
1812,0,164.0,167.0,1.0,0.8669095039367676,1.0,836.0655737704918,1117.6822916666667,6.69061613472893
1812,1,192.0,278.0,1.0,0.8461964130401611,1.0,1023.344262295082,1860.5729166666667,6.69061613472893
1812,2,186.0,145.0,1.1067965030670166,0.8366341590881348,1.0,983.2131147540983,970.4427083333334,7.405150541281738
1812,3,163.0,256.0,1.041003704071045,0.8251138925552368,1.0,829.3770491803278,1713.3333333333335,6.964956178770313
1812,4,184.0,246.0,1.0,0.8161150813102722,1.0,969.8360655737705,1646.40625,6.69061613472893
1812,5,175.0,266.0,1.0,0.8076193928718567,1.0,909.6393442622951,1780.2604166666667,6.69061613472893
1812,6,217.0,144.0,2.63236665725708,0.8041481971740723,1.0,1190.5573770491803,963.75,17.612154829566677
1812,7,185.0,157.0,1.0,0.801677942276001,1.0,976.5245901639345,1050.7552083333333,6.69061613472893
1812,8,185.0,87.0,2.002410888671875,0.7961149215698242,1.0,976.5245901639345,582.265625,13.397362600104941
1812,9,163.0,157.0,1.863365888595581,0.7910598516464233,1.0,829.3770491803278,1050.7552083333333,12.467065879141103
1812,10,145.0,178.0,1.431959629058838,0.7896462678909302,1.0,708.983606557377,1191.3020833333333,9.580692198461513
1812,11,184.0,51.0,2.0343146324157715,0.7796447277069092,1.0,969.8360655737705,341.328125,13.610818302756112
1812,12,140.0,171.0,2.2680413722991943,0.771111249923706,1.0,675.5409836065573,1144.453125,15.174594199737733
1812,13,155.0,70.0,1.7184867858886719,0.7710451483726501,1.0,775.8688524590165,468.48958333333337,11.497735416985208
1812,14,221.0,237.0,1.803119421005249,0.7702404856681824,1.0,1217.311475409836,1586.171875,12.063979891020804
1812,15,158.0,104.0,3.1771230697631836,0.7675768733024597,1.0,795.9344262295082,696.0416666666666,21.256910872577063
1812,16,158.0,280.0,1.0653173923492432,0.7638371586799622,1.0,795.9344262295082,1873.9583333333335,7.127629733859195
1812,17,197.0,260.0,1.896363615989685,0.760657787322998,1.0,1056.7868852459017,1740.1041666666667,12.687841006453482
1812,18,109.0,116.0,2.030698537826538,0.7600246071815491,1.0,468.1967213114754,776.3541666666666,13.586624401952681
1812,19,232.0,64.0,2.879671573638916,0.7555140256881714,1.0,1290.8852459016393,428.33333333333337,19.26677709330878
1812,20,260.0,153.0,4.029901504516602,0.7344400882720947,1.0,1478.1639344262296,1023.984375,26.962524027487163
1812,21,214.0,155.0,1.6894299983978271,0.7309127449989319,1.0,1170.4918032786886,1037.3697916666667,11.303327605775571
1812,22,247.0,188.0,2.86443829536438,0.7262551188468933,1.0,1391.2131147540983,1258.2291666666667,19.16485707590035
1812,23,118.0,137.0,2.087538719177246,0.7235183119773865,1.0,528.3934426229508,916.9010416666667,13.966920236398646
1812,24,227.0,93.0,4.183122634887695,0.7155175805091858,1.0,1257.4426229508197,622.421875,27.987667794529408
1812,25,171.0,242.0,2.4789822101593018,0.6884755492210388,1.0,882.8852459016393,1619.6354166666667,16.585918372997806
1812,26,208.0,242.0,1.723582148551941,0.657342791557312,1.0,1130.360655737705,1619.6354166666667,11.53182653263237
1812,27,201.0,239.0,2.759404182434082,0.3705504834651947,0.9999984502792358,1083.5409836065573,1599.5572916666667,18.462114145231958
1827,0,141.0,167.0,1.0,0.8542961478233337,1.0,682.2295081967213,1117.6822916666667,6.69061613472893
1827,1,160.0,155.0,1.0338566303253174,0.8391657471656799,1.0,809.3114754098361,1037.3697916666667,6.9171378518510505
1827,2,137.0,159.0,1.0,0.8360580205917358,1.0,655.4754098360656,1064.140625,6.69061613472893
1827,3,180.0,135.0,1.0,0.8330315947532654,1.0,943.0819672131148,903.515625,6.69061613472893
1827,4,178.0,145.0,1.0,0.8300763368606567,1.0,929.704918032787,970.4427083333334,6.69061613472893
1827,5,176.0,52.0,1.2355403900146484,0.8298543691635132,1.0,916.327868852459,348.0208333333333,8.266526468541281
1827,6,188.0,251.0,1.0,0.8126929998397827,1.0,996.5901639344263,1679.8697916666667,6.69061613472893
1827,7,226.0,62.0,2.2047765254974365,0.8030681610107422,1.0,1250.7540983606557,414.9479166666667,14.751313394964738
1827,8,251.0,131.0,1.4115874767303467,0.7975257635116577,1.0,1417.967213114754,876.7447916666667,9.444389947393354
1827,9,159.0,145.0,1.9155747890472412,0.794904351234436,1.0,802.6229508196722,970.4427083333334,12.816375590879437
1827,10,112.0,103.0,1.999781608581543,0.7897152304649353,1.0,488.26229508196724,689.3489583333334,13.379771096309844
1827,11,203.0,142.0,1.3193000555038452,0.7866194248199463,1.0,1096.9180327868853,950.3645833333334,8.826930237902799
1827,12,151.0,64.0,2.0791938304901123,0.7829254269599915,1.0,749.1147540983607,428.33333333333337,13.911087789505991
1827,13,121.0,124.0,2.4533207416534424,0.7808762192726135,1.0,548.4590163934427,829.8958333333334,16.414227337771663
1827,14,219.0,88.0,2.6622767448425293,0.7663771510124207,1.0,1203.9344262295083,588.9583333333334,17.81227174415704
1827,15,208.0,133.0,2.0564234256744385,0.7609465718269348,1.0,1130.360655737705,890.1302083333334,13.758739751651936
1827,16,240.0,165.0,2.843811273574829,0.7588989734649658,1.0,1344.393442622951,1104.296875,19.026849591103776
1827,17,221.0,211.0,2.3636832237243652,0.7579272389411926,1.0,1217.311475409836,1412.1614583333333,15.814497114038328
1827,18,153.0,96.0,3.5691304206848145,0.7250415682792664,0.9999998807907104,762.4918032786885,642.5,23.87968157958567
1827,19,158.0,250.0,2.1274666786193848,0.7115338444709778,1.0,795.9344262295082,1673.1770833333335,14.234062886069022
1827,20,179.0,84.0,3.838904857635498,0.7098296284675598,0.9999998807907104,936.3934426229508,562.1875,25.684638780185328
1827,21,173.0,222.0,3.120239496231079,0.7071791887283325,1.0,896.2622950819672,1485.78125,20.876324717702126
1827,22,198.0,233.0,1.6201121807098389,0.7029876708984375,1.0,1063.4754098360656,1559.4010416666667,10.83954869632812
1827,23,167.0,235.0,2.0496034622192383,0.6773941516876221,1.0,856.1311475409836,1572.7864583333333,13.71310999412031
1827,24,209.0,218.0,2.707054853439331,0.6358233094215393,0.9999998807907104,1137.049180327869,1459.0104166666667,18.111864880017446
1827,25,179.0,241.0,2.571155071258545,0.6208576560020447,0.9999998807907104,936.3934426229508,1612.9427083333333,17.20261160465253
1827,26,187.0,224.0,3.8627419471740723,0.6149253249168396,0.9999996423721313,989.9016393442623,1499.1666666666667,25.84412359605709
1827,27,201.0,215.0,3.623196601867676,0.4324455261230469,0.9999982118606567,1083.5409836065573,1438.9322916666667,24.2414176437509
1828,0,159.0,168.0,1.0,0.8817669749259949,1.0,802.6229508196722,1124.375,6.69061613472893
1828,1,181.0,160.0,1.179832100868225,0.844113826751709,1.0,949.7704918032787,1070.8333333333333,7.893803690340077
1828,2,157.0,248.0,1.0,0.8438221216201782,1.0,789.2459016393443,1659.7916666666667,6.69061613472893
1828,3,161.0,235.0,1.0,0.822825014591217,1.0,816.0,1572.7864583333333,6.69061613472893
1828,4,212.0,88.0,1.161801815032959,0.8198871612548828,1.0,1157.1147540983607,588.9583333333334,7.7731699690168705
1828,5,176.0,237.0,1.0,0.8178892731666565,1.0,916.327868852459,1586.171875,6.69061613472893
1828,6,140.0,177.0,1.0,0.8030576109886169,1.0,675.5409836065573,1184.609375,6.69061613472893
1828,7,146.0,83.0,1.5715223550796509,0.8019433617591858,1.0,715.672131147541,555.4947916666666,10.514452824983119
1828,8,175.0,71.0,1.9084880352020264,0.7960021495819092,1.0,909.6393442622951,475.1822916666667,12.76896084125979
1828,9,178.0,102.0,2.2498250007629395,0.7879390716552734,1.0,929.704918032787,682.65625,15.052715450421049
1828,10,116.0,116.0,1.295522928237915,0.7869496941566467,1.0,515.016393442623,776.3541666666666,8.667846606579863
1828,11,270.0,179.0,1.660298466682434,0.7818273305892944,1.0,1545.049180327869,1197.9947916666667,11.108419709651196
1828,12,213.0,112.0,2.2714571952819824,0.7731722593307495,1.0,1163.8032786885246,749.5833333333334,15.197448160099752
1828,13,171.0,255.0,1.0550662279129028,0.771327018737793,1.0,882.8852459016393,1706.640625,7.059043127681657
1828,14,136.0,169.0,2.5807905197143555,0.7702420353889465,1.0,648.7868852459017,1131.0677083333333,17.267078691556325
1828,15,188.0,246.0,1.0,0.7701396942138672,1.0,996.5901639344263,1646.40625,6.69061613472893
1828,16,205.0,165.0,1.9620506763458252,0.7637907862663269,1.0,1110.295081967213,1104.296875,13.127327912315186
1828,17,158.0,158.0,2.615311622619629,0.7557724118232727,1.0,795.9344262295082,1057.4479166666667,17.498046139642987
1828,18,181.0,150.0,2.377263069152832,0.7466021180152893,1.0,949.7704918032787,1003.90625,15.905354646969153
1828,19,248.0,205.0,2.360546350479126,0.7431911826133728,1.0,1397.9016393442623,1372.0052083333333,15.793509499291131
1828,20,150.0,113.0,3.9946789741516113,0.742718517780304,1.0,742.4262295081967,756.2760416666666,26.726863597521177
1828,21,209.0,155.0,3.1348252296447754,0.7181938886642456,1.0,1137.049180327869,1037.3697916666667,20.973912261016654
1828,22,188.0,260.0,2.0046043395996094,0.6929438710212708,1.0,996.5901639344263,1740.1041666666667,13.412038138272777
1828,23,122.0,136.0,2.800137519836426,0.6898279190063477,1.0,555.1475409836065,910.2083333333334,18.734645269677436
1828,24,208.0,236.0,4.246764183044434,0.6621443033218384,0.9999998807907104,1130.360655737705,1579.4791666666667,28.41346896346601
1828,25,195.0,236.0,3.5085289478302,0.6548407673835754,0.9999998807907104,1043.4098360655737,1579.4791666666667,23.47422038751625
1828,26,161.0,268.0,3.428394317626953,0.6491463780403137,0.9999998807907104,816.0,1793.6458333333335,22.938070337727872
1846,0,181.0,174.0,1.0,0.8938851356506348,1.0,949.7704918032787,1164.53125,6.69061613472893
1846,1,118.0,127.0,1.1031110286712646,0.85164874792099,1.0,528.3934426229508,849.9739583333334,7.38049244682539
1846,2,157.0,184.0,1.0,0.8461574912071228,1.0,789.2459016393443,1231.4583333333333,6.69061613472893
1846,3,184.0,259.0,1.0,0.840203046798706,1.0,969.8360655737705,1733.4114583333335,6.69061613472893
1846,4,212.0,172.0,1.0,0.8290008902549744,1.0,1157.1147540983607,1151.1458333333333,6.69061613472893
1846,5,187.0,75.0,1.1009690761566162,0.8248637914657593,1.0,989.9016393442623,501.953125,7.36616146477106
1846,6,167.0,259.0,1.0239877700805664,0.8234862089157104,1.0,856.1311475409836,1733.4114583333335,6.851109096266135
1846,7,188.0,293.0,1.0,0.8184010982513428,1.0,996.5901639344263,1960.9635416666667,6.69061613472893
1846,8,233.0,87.0,1.810914158821106,0.8124216198921204,1.0,1297.5737704918033,582.265625,12.116131489617558
1846,9,184.0,161.0,1.0,0.811988353729248,1.0,969.8360655737705,1077.5260416666667,6.69061613472893
1846,10,132.0,189.0,1.6117396354675293,0.8087480664253235,1.0,622.032786885246,1264.921875,10.783531210041174
1846,11,216.0,161.0,1.3349552154541016,0.8083906769752502,1.0,1183.8688524590164,1077.5260416666667,8.931672903657747
1846,12,157.0,172.0,2.341839075088501,0.8060046434402466,1.0,789.2459016393443,1151.1458333333333,15.668346300725798
1846,13,134.0,199.0,1.0362931489944458,0.8022488951683044,1.0,635.4098360655738,1331.8489583333333,6.933439662971289
1846,14,154.0,292.0,1.292586326599121,0.7948870062828064,1.0,769.1803278688525,1954.2708333333335,8.648198932274077
1846,15,148.0,92.0,1.3742457628250122,0.7943751811981201,1.0,729.0491803278688,615.7291666666666,9.194550873839892
1846,16,253.0,202.0,1.6495184898376465,0.7863976955413818,1.0,1431.344262295082,1351.9270833333333,11.036295022641456
1846,17,198.0,275.0,1.0230610370635986,0.7777669429779053,1.0,1063.4754098360656,1840.4947916666667,6.8449086813902245
1846,18,151.0,122.0,2.925506114959717,0.773514449596405,1.0,749.1147540983607,816.5104166666667,19.57343841499763
1846,19,187.0,108.0,3.4145469665527344,0.773455798625946,1.0,989.9016393442623,722.8125,22.845423027207445
1846,20,224.0,247.0,1.7843835353851318,0.7713869214057922,1.0,1237.377049180328,1653.0989583333335,11.938625272392413
1846,21,121.0,150.0,1.5206239223480225,0.7693460583686829,1.0,548.4590163934427,1003.90625,10.17391094971647
1846,22,175.0,280.0,1.1392494440078735,0.7679998874664307,1.0,909.6393442622951,1873.9583333333335,7.622280711560041
1846,23,228.0,114.0,3.275092124938965,0.7445750832557678,1.0,1264.1311475409836,762.96875,21.912384213840294
1846,24,271.0,170.0,5.625425338745117,0.6973761320114136,0.9999997615814209,1551.737704918033,1137.7604166666667,37.637561536121034
1846,25,212.0,257.0,3.2336490154266357,0.6832761764526367,1.0,1157.1147540983607,1720.0260416666667,21.635104276663764
1846,26,161.0,271.0,2.5166900157928467,0.6130606532096863,0.9999998807907104,816.0,1813.7239583333335,16.838206825774822
1846,27,201.0,252.0,3.5706732273101807,0.3987904489040375,0.9999972581863403,1083.5409836065573,1686.5625,23.89000390648611
1855,0,182.0,219.0,1.0,0.8467612266540527,1.0,956.4590163934427,1465.703125,6.69061613472893
1855,1,181.0,208.0,1.1374233961105347,0.8404088616371155,1.0,949.7704918032787,1392.0833333333333,7.610063326035317
1855,2,181.0,298.0,1.219895601272583,0.8192018270492554,1.0,949.7704918032787,1994.4270833333335,8.161853192559192
1855,3,210.0,204.0,1.5063483715057373,0.8133484721183777,1.0,1143.7377049180327,1365.3125,10.078398718918933
1855,4,144.0,131.0,1.6541457176208496,0.8121314644813538,1.0,702.2950819672132,876.7447916666667,11.06725402750682
1855,5,190.0,317.0,1.0,0.7935033440589905,1.0,1009.9672131147541,2121.5885416666665,6.69061613472893
1855,6,139.0,235.0,1.942641258239746,0.7930606007575989,1.0,668.8524590163935,1572.7864583333333,12.997466946368954
1855,7,209.0,315.0,1.0,0.7854131460189819,1.0,1137.049180327869,2108.203125,6.69061613472893
1855,8,295.0,226.0,1.3598101139068604,0.7852157354354858,1.0,1712.2622950819673,1512.5520833333333,9.097967488272824
1855,9,160.0,219.0,2.7939529418945312,0.7769922018051147,1.0,809.3114754098361,1465.703125,18.69326663271291
1855,10,210.0,217.0,2.40350341796875,0.7741134762763977,1.0,1143.7377049180327,1452.3177083333333,16.080918748137847
1855,11,172.0,309.0,1.0810494422912598,0.7690097093582153,1.0,889.5737704918033,2068.046875,7.232886841033613
1855,12,211.0,151.0,2.9960505962371826,0.7669550180435181,1.0,1150.4262295081967,1010.5989583333334,20.04542445964872
1855,13,205.0,332.0,1.2790007591247559,0.7661829590797424,1.0,1110.295081967213,2221.9791666666665,8.55730311533064
1855,14,163.0,116.0,2.319366455078125,0.7510368227958679,1.0,829.3770491803278,776.3541666666666,15.517990626694743
1855,15,170.0,335.0,1.3925594091415405,0.7467653751373291,1.0,876.1967213114755,2242.0572916666665,9.317080451370975
1855,16,267.0,255.0,1.7826980352401733,0.7351395487785339,1.0,1524.983606557377,1706.640625,11.927348237927465
1855,17,161.0,230.0,2.362133026123047,0.7319067716598511,1.0,816.0,1539.3229166666667,15.804125336954929
1855,18,208.0,121.0,4.022765159606934,0.7318952679634094,1.0,1130.360655737705,809.8177083333334,26.914777483091548
1855,19,152.0,166.0,3.542099952697754,0.7281056642532349,1.0,755.8032786885246,1110.9895833333333,23.698831094342168
1855,20,198.0,299.0,3.1602272987365723,0.7264626026153564,1.0,1063.4754098360656,2001.1197916666667,21.14386775433773
1855,21,173.0,152.0,4.2681756019592285,0.7195677161216736,0.9999998807907104,896.2622950819672,1017.2916666666667,28.556724548324773
1855,22,142.0,244.0,3.4880311489105225,0.7190555334091187,1.0,688.9180327868853,1633.0208333333335,23.337077483337826
1855,23,231.0,302.0,3.894479751586914,0.6988720893859863,0.9999998807907104,1284.1967213114754,2021.1979166666667,26.05646906234252
1855,24,123.0,195.0,5.451075077056885,0.65725177526474,0.9999996423721313,561.8360655737705,1305.078125,36.47105086217554
1855,25,111.0,173.0,4.7174458503723145,0.6559873819351196,0.9999997615814209,481.5737704918033,1157.8385416666667,31.56261932121104
1855,26,216.0,303.0,7.462581634521484,0.43937650322914124,0.9999923706054688,1183.8688524590164,2027.890625,49.92926909066123
1855,27,167.0,320.0,18.786062240600586,0.21243909001350403,0.9980713725090027,856.1311475409836,2141.6666666666665,125.69033113498418
1855,28,173.0,162.0,29.98458480834961,0.16364434361457825,0.9796222448348999,896.2622950819672,1084.21875,200.61534691189183
1880,0,222.0,184.0,1.0,0.8780366778373718,1.0,916.9295774647887,979.4166666666667,5.3269497631705445
1880,1,242.0,196.0,1.0,0.8670554757118225,1.0,1023.5492957746478,1043.2916666666667,5.3269497631705445
1880,2,241.0,270.0,1.0,0.8499680161476135,1.0,1018.2183098591548,1437.1875,5.3269497631705445
1880,3,262.0,205.0,1.0,0.8189064264297485,1.0,1130.169014084507,1091.1979166666667,5.3269497631705445
1880,4,195.0,182.0,1.0,0.8095813393592834,1.0,772.9929577464789,968.7708333333334,5.3269497631705445
1880,5,252.0,140.0,1.3978204727172852,0.8071173429489136,1.0,1076.8591549295775,745.2083333333334,7.44611943609628
1880,6,256.0,110.0,1.9948680400848389,0.8031594157218933,1.0,1098.1830985915492,585.5208333333334,10.62656183368642
1880,7,207.0,273.0,1.0,0.8018556237220764,1.0,836.9647887323944,1453.15625,5.3269497631705445
1880,8,192.0,171.0,1.5954270362854004,0.7991302013397217,1.0,757.0,910.21875,8.498759673096396
1880,9,266.0,196.0,1.7076945304870605,0.7990158796310425,1.0,1151.4929577464789,1043.2916666666667,9.096802974745682
1880,10,185.0,100.0,1.5143691301345825,0.7963331937789917,1.0,719.6830985915493,532.2916666666667,8.066968279123197
1880,11,222.0,259.0,1.732346773147583,0.7883942723274231,1.0,916.9295774647887,1378.6354166666667,9.228124232947774
1880,12,244.0,185.0,1.487844705581665,0.7876558899879456,1.0,1034.2112676056338,984.7395833333334,7.925674002032799
1880,13,234.0,92.0,1.6289124488830566,0.7842397689819336,1.0,980.9014084507041,489.70833333333337,8.67713478380315
1880,14,229.0,124.0,2.015408515930176,0.782962441444397,1.0,954.2464788732394,660.0416666666667,10.735979916626148
1880,15,236.0,256.0,1.0,0.7815241813659668,1.0,991.5633802816901,1362.6666666666667,5.3269497631705445
1880,16,186.0,126.0,1.0340105295181274,0.7762699723243713,1.0,725.0140845070422,670.6875,5.508122145332438
1880,17,160.0,209.0,2.4538674354553223,0.76593017578125,1.0,586.4084507042253,1112.4895833333335,13.07162855415064
1880,18,198.0,258.0,1.335782766342163,0.7656278014183044,1.0,788.9859154929577,1373.3125,7.11564769081368
1880,19,188.0,250.0,1.4889357089996338,0.765008270740509,1.0,735.6760563380282,1330.7291666666667,7.931485722431765
1880,20,222.0,173.0,1.7322074174880981,0.7622672915458679,1.0,916.9295774647887,920.8645833333334,9.227381892350484
1880,21,139.0,181.0,2.0262272357940674,0.7543763518333435,1.0,474.4577464788732,963.4479166666667,10.793610693842913
1880,22,278.0,163.0,3.6734437942504883,0.7532474994659424,1.0,1215.4647887323943,867.6354166666667,19.568250549802944
1880,23,227.0,279.0,1.1132235527038574,0.7462919354438782,1.0,943.5845070422534,1485.09375,5.9300859404316855
1880,24,208.0,252.0,1.8398627042770386,0.7257869243621826,1.0,842.2957746478872,1341.375,9.800856196814888
1880,25,216.0,286.0,2.005599021911621,0.7118603587150574,1.0,884.9436619718309,1522.3541666666667,10.683725234787186
1880,26,282.0,144.0,1.987389326095581,0.6955046653747559,1.0,1236.7887323943662,766.5,10.586723099972524
1880,27,277.0,60.0,22.486448287963867,0.21076421439647675,0.9963108897209167,1210.1338028169014,319.375,119.78418038211582
1884,0,171.0,287.0,4.295700550079346,0.6146024465560913,0.9999996423721313,645.0492957746478,1527.6770833333335,22.882981027896747
1884,1,179.0,315.0,5.478385925292969,0.5851437449455261,0.9999991655349731,687.6971830985915,1676.71875,29.18308660729622
1884,2,181.0,293.0,6.442782402038574,0.5746620297431946,0.999998927116394,698.3591549295775,1559.6145833333335,34.32037819069873
1884,3,224.0,241.0,7.143404006958008,0.4970042109489441,0.9999960660934448,927.5915492957746,1282.8229166666667,38.05255428309648
1884,4,193.0,200.0,12.307877540588379,0.4773566722869873,0.9999724626541138,762.3309859154929,1064.5833333333335,65.56344534996933
1884,5,200.0,243.0,8.562790870666504,0.4638504981994629,0.9999896287918091,799.6478873239436,1293.46875,45.61355680057583
1884,6,219.0,198.0,11.934307098388672,0.45862895250320435,0.9999626874923706,900.9366197183098,1053.9375,63.57345437136608
1884,7,200.0,176.0,11.945052146911621,0.42532670497894287,0.9999728202819824,799.6478873239436,936.8333333333334,63.63069270505066
1884,8,185.0,232.0,13.332571029663086,0.38650399446487427,0.9999001026153564,719.6830985915493,1234.9166666666667,71.02193608891824
1884,9,217.0,250.0,9.859071731567383,0.365704208612442,0.9999256134033203,890.2746478873239,1330.7291666666667,52.518779825554276
1884,10,227.0,175.0,16.24496078491211,0.35274258255958557,0.9998188614845276,943.5845070422534,931.5104166666667,86.53609000590234
1884,11,167.0,210.0,17.63677978515625,0.30642908811569214,0.9995181560516357,623.725352112676,1117.8125,93.95023989962912
1884,12,246.0,210.0,16.437854766845703,0.3047805428504944,0.9997474551200867,1044.8732394366198,1117.8125,87.56362655728051
1884,13,242.0,283.0,12.374717712402344,0.3002537786960602,0.999776303768158,1023.5492957746478,1506.3854166666667,65.91949958738401
1884,14,264.0,273.0,18.976808547973633,0.2851952016353607,0.9993979930877686,1140.8309859154929,1453.15625,101.0885058003609
1884,15,170.0,195.0,17.847070693969727,0.28268933296203613,0.999309778213501,639.7183098591549,1037.96875,95.07044900653
1884,16,211.0,216.0,18.860088348388672,0.23575234413146973,0.9980883002281189,858.2887323943662,1149.75,100.46674316082458
1884,17,205.0,232.0,20.87881088256836,0.23510190844535828,0.9978231191635132,826.3028169014084,1234.9166666666667,111.2203766861801
1884,18,167.0,219.0,21.48179054260254,0.20559389889240265,0.9965214729309082,623.725352112676,1165.71875,114.43241904339584
1884,19,165.0,260.0,24.39883804321289,0.2039492279291153,0.9946590065956116,613.0633802816901,1383.9583333333335,129.9713845359294
1884,20,187.0,217.0,20.720417022705078,0.19971899688243866,0.996455192565918,730.3450704225352,1155.0729166666667,110.37662055189374
1884,21,182.0,242.0,19.887786865234375,0.1898171603679657,0.9975563287734985,703.6901408450703,1288.1458333333335,105.94124153174651
1884,22,230.0,291.0,14.641904830932617,0.18593823909759521,0.9986104965209961,959.5774647887323,1548.96875,77.99669147150216
1884,23,166.0,235.0,25.734806060791016,0.17464415729045868,0.9915061593055725,618.3943661971831,1250.8854166666667,137.08801905077058
1884,24,283.0,268.0,23.766101837158203,0.16211912035942078,0.989863932132721,1242.119718309859,1426.5416666666667,126.60083055293693
1884,25,240.0,219.0,26.59895896911621,0.15412813425064087,0.9841055274009705,1012.887323943662,1165.71875,141.69131818111663
1886,0,128.0,176.0,2.351212501525879,0.7679711580276489,1.0,595.2786885245902,1177.9166666666667,15.731060298885414
1886,1,169.0,192.0,3.241044759750366,0.763970136642456,1.0,869.5081967213115,1285.0,21.684586362964446
1886,2,204.0,109.0,3.5177197456359863,0.7534312009811401,1.0,1103.6065573770493,729.5052083333334,23.535712487606677
1886,3,150.0,77.0,2.8050737380981445,0.7434960007667542,1.0,742.4262295081967,515.3385416666666,18.767671611223836
1886,4,155.0,212.0,4.311614990234375,0.7380119562149048,0.9999998807907104,775.8688524590165,1418.8541666666667,28.847360820401224
1886,5,167.0,115.0,3.804396629333496,0.735500693321228,1.0,856.1311475409836,769.6614583333334,25.453757471127044
1886,6,193.0,79.0,2.2833147048950195,0.7327902317047119,1.0,1030.032786885246,528.7239583333334,15.276782205234442
1886,7,124.0,109.0,4.302061080932617,0.722388505935669,1.0,568.5245901639345,729.5052083333334,28.783439280677147
1886,8,220.0,162.0,4.477313041687012,0.7215461134910583,1.0,1210.6229508196723,1084.21875,29.95598287694338
1886,9,141.0,142.0,3.1723172664642334,0.7173480987548828,1.0,682.2295081967213,950.3645833333334,21.22475708748477
1886,10,113.0,153.0,4.5533246994018555,0.7057116031646729,0.9999998807907104,494.95081967213116,1023.984375,30.464547700477805
1886,11,254.0,141.0,4.23436164855957,0.7009227871894836,1.0,1438.032786885246,943.671875,28.330488366130048
1886,12,260.0,185.0,6.218605995178223,0.6827324628829956,0.9999998807907104,1478.1639344262296,1238.1510416666667,41.60630560686147
1886,13,245.0,282.0,3.6202898025512695,0.6795224547386169,0.9999998807907104,1377.8360655737706,1887.34375,24.221969365344133
1886,14,263.0,248.0,5.711167812347412,0.6790177226066589,0.9999997615814209,1498.2295081967213,1659.7916666666667,38.21123151343612
1886,15,175.0,202.0,6.790575981140137,0.6631461381912231,0.9999995231628418,909.6393442622951,1351.9270833333333,45.433137223518926
1886,16,216.0,318.0,5.961651802062988,0.6620320677757263,0.9999997615814209,1183.8688524590164,2128.28125,39.887123736518426
1886,17,225.0,295.0,5.363945960998535,0.6586095094680786,0.9999997615814209,1244.065573770492,1974.3489583333335,35.888103392470875
1886,18,222.0,174.0,7.37794303894043,0.6570444107055664,0.9999996423721313,1224.0,1164.53125,49.36298473744583
1886,19,193.0,184.0,6.735719680786133,0.5913248658180237,0.9999983310699463,1030.032786885246,1231.4583333333333,45.06611477527889
1886,20,190.0,172.0,7.522068977355957,0.5699913501739502,0.9999983310699463,1009.9672131147541,1151.1458333333333,50.327276066441705
1886,21,160.0,220.0,8.926628112792969,0.5609519481658936,0.9999979734420776,809.3114754098361,1472.3958333333333,59.72464208017749
1886,22,228.0,272.0,7.556299209594727,0.5235912799835205,0.9999974966049194,1264.1311475409836,1820.4166666666667,50.55629741055393
1886,23,212.0,274.0,8.289196968078613,0.5135256052017212,0.999996542930603,1157.1147540983607,1833.8020833333335,55.45983497857289
1886,24,209.0,292.0,7.8237810134887695,0.5074925422668457,0.9999920129776001,1137.049180327869,1954.2708333333335,52.345915483433814
1886,25,252.0,261.0,8.590438842773438,0.47786372900009155,0.9999945163726807,1424.655737704918,1746.796875,57.47532872586207
1886,26,241.0,262.0,9.758774757385254,0.40570253133773804,0.9999768733978271,1351.0819672131147,1753.4895833333335,65.29221584694717
1886,27,263.0,194.0,15.545585632324219,0.32196009159088135,0.9995805621147156,1498.2295081967213,1298.3854166666667,104.00954605543865
1886,28,247.0,298.0,8.57319450378418,0.30185288190841675,0.9999212026596069,1391.2131147540983,1994.4270833333335,57.35995347318781
1886,29,198.0,262.0,25.69622039794922,0.2816753387451172,0.999178946018219,1063.4754098360656,1753.4895833333335,171.92354679606967
1901,0,225.0,144.0,1.0,0.8611937165260315,1.0,932.9225352112676,766.5,5.3269497631705445
1901,1,193.0,143.0,1.0,0.8384812474250793,1.0,762.3309859154929,761.1770833333334,5.3269497631705445
1901,2,166.0,153.0,1.0,0.8378740549087524,1.0,618.3943661971831,814.40625,5.3269497631705445
1901,3,135.0,158.0,1.4789596796035767,0.8265513181686401,1.0,453.1338028169014,841.0208333333334,7.8783439150030565
1901,4,163.0,256.0,1.1042786836624146,0.8217272758483887,1.0,602.4014084507041,1362.6666666666667,5.88243707240978
1901,5,239.0,234.0,1.2429766654968262,0.8083228468894958,1.0,1007.556338028169,1245.5625,6.621274253894831
1901,6,189.0,70.0,2.123116970062256,0.806098222732544,1.0,741.007042253521,372.6041666666667,11.309737440856498
1901,7,195.0,246.0,1.3511040210723877,0.8058289289474487,1.0,772.9929577464789,1309.4375,7.197263245070325
1901,8,194.0,130.0,1.0459331274032593,0.8015603423118591,1.0,767.6619718309859,691.9791666666667,5.571633225313019
1901,9,228.0,132.0,1.3674452304840088,0.8014057278633118,1.0,948.9154929577464,702.625,7.284312046675481
1901,10,95.0,94.0,1.1638327836990356,0.8009551167488098,1.0,239.89436619718307,500.3541666666667,6.199678771495694
1901,11,149.0,85.0,1.7944245338439941,0.8007902503013611,1.0,527.7676056338028,452.4479166666667,9.55880934558768
1901,12,141.0,167.0,1.0,0.798238217830658,1.0,485.11971830985914,888.9270833333334,5.3269497631705445
1901,13,235.0,43.0,1.7528268098831177,0.7971943020820618,1.0,986.2323943661971,228.88541666666669,9.337220359785855
1901,14,110.0,119.0,1.6778936386108398,0.7949698567390442,1.0,319.85915492957747,633.4270833333334,8.938055120823376
1901,15,233.0,76.0,2.5722687244415283,0.7867311835289001,1.0,975.5704225352113,404.5416666666667,13.702346272474797
1901,16,184.0,30.0,2.1943857669830322,0.7866339683532715,1.0,714.3521126760563,159.6875,11.689382741735077
1901,17,139.0,48.0,1.7932487726211548,0.7772021889686584,1.0,474.4577464788732,255.5,9.552546124620129
1901,18,147.0,274.0,1.79360032081604,0.7561049461364746,1.0,517.1056338028169,1458.4791666666667,9.554418804193617
1901,19,164.0,142.0,3.519897222518921,0.7540225982666016,1.0,607.7323943661971,755.8541666666667,18.750315675881822
1901,20,284.0,134.0,1.9461455345153809,0.7363829612731934,1.0,1247.450704225352,713.2708333333334,10.36701949418212
1901,21,270.0,176.0,3.859847068786621,0.727279543876648,1.0,1172.8169014084506,936.8333333333334,20.56121142894741
1901,22,174.0,242.0,4.227187156677246,0.6961888670921326,1.0,661.0422535211268,1288.1458333333335,22.518013623139424
1901,23,208.0,266.0,4.609936237335205,0.6852192878723145,0.9999998807907104,842.2957746478872,1415.8958333333335,24.556898747704082
1901,24,225.0,243.0,1.7163150310516357,0.6596540212631226,1.0,932.9225352112676,1293.46875,9.142723948186557
1901,25,180.0,270.0,2.113219976425171,0.655409038066864,1.0,693.0281690140845,1437.1875,11.257016652945328
1901,26,191.0,284.0,2.108898162841797,0.6224894523620605,0.9999998807907104,751.669014084507,1511.7083333333335,11.233994569100906
1901,27,213.0,237.0,2.067017078399658,0.5845949053764343,0.9999998807907104,868.9507042253521,1261.53125,11.01089613625053
1931,0,172.0,263.0,1.0,0.8235000371932983,1.0,889.5737704918033,1760.1822916666667,6.69061613472893
1931,1,135.0,184.0,1.7118926048278809,0.797938346862793,1.0,642.0983606557377,1231.4583333333333,11.453616282784555
1931,2,188.0,272.0,1.48936927318573,0.7683243751525879,1.0,996.5901639344263,1820.4166666666667,9.964798089745944
1931,3,195.0,67.0,2.933377265930176,0.7666594386100769,1.0,1043.4098360655737,448.41145833333337,19.626101264679466
1931,4,174.0,154.0,3.4315760135650635,0.7644153237342834,1.0,902.9508196721312,1030.6770833333333,22.959357843907192
1931,5,131.0,121.0,1.9838016033172607,0.7499565482139587,1.0,615.344262295082,809.8177083333334,13.272855015255583
1931,6,201.0,156.0,2.506655216217041,0.747018575668335,1.0,1083.5409836065573,1044.0625,16.77106783382417
1931,7,206.0,263.0,1.8871593475341797,0.74653160572052,1.0,1116.983606557377,1760.1822916666667,12.626258779416702
1931,8,111.0,150.0,2.9718198776245117,0.7294291257858276,1.0,481.5737704918033,1003.90625,19.883306022742712
1931,9,201.0,146.0,2.534517765045166,0.7270769476890564,1.0,1083.5409836065573,977.1354166666667,16.957485452568292
1931,10,248.0,145.0,2.7595105171203613,0.7263699769973755,1.0,1397.9016393442623,970.4427083333334,18.46282558979966
1931,11,155.0,176.0,2.0265233516693115,0.7225431203842163,1.0,775.8688524590165,1177.9166666666667,13.558689834083644
1931,12,193.0,249.0,2.250283718109131,0.7216160893440247,1.0,1030.032786885246,1666.484375,15.055784552098757
1931,13,175.0,165.0,2.8117525577545166,0.7147274017333984,1.0,909.6393442622951,1104.296875,18.812357029777704
1931,14,149.0,67.0,3.155999183654785,0.7085255980491638,1.0,735.7377049180328,448.41145833333337,21.115579059352036
1931,15,152.0,167.0,3.2776758670806885,0.7076109051704407,1.0,755.8032786885246,1117.6822916666667,21.929671040701688
1931,16,177.0,250.0,3.0436177253723145,0.695645809173584,1.0,923.016393442623,1673.1770833333335,20.36367786132297
1931,17,240.0,185.0,4.467059135437012,0.6890531778335571,0.9999998807907104,1344.393442622951,1238.1510416666667,29.88737792634313
1931,18,199.0,282.0,2.6521034240722656,0.6794564723968506,1.0,1070.1639344262296,1887.34375,17.74420596006774
1931,19,197.0,96.0,4.714705467224121,0.6762725114822388,0.9999997615814209,1056.7868852459017,642.5,31.5442844695044
1931,20,118.0,90.0,6.943078994750977,0.6724307537078857,0.9999997615814209,528.3934426229508,602.34375,46.4534763469784
1931,21,161.0,101.0,5.390664100646973,0.6581181883811951,0.9999997615814209,816.0,675.9635416666666,36.06686420869265
1931,22,226.0,235.0,5.636592388153076,0.6179038286209106,0.9999995231628418,1250.7540983606557,1572.7864583333333,37.71227597706724
1931,23,215.0,243.0,4.778229236602783,0.6009759306907654,0.9999996423721313,1177.1803278688526,1626.328125,31.969297625848075
1931,24,95.0,127.0,7.691310882568359,0.49264925718307495,0.9999947547912598,374.55737704918033,849.9739583333334,51.459608688128064
1931,25,139.0,192.0,11.436147689819336,0.4679327607154846,0.999972939491272,668.8524590163935,1285.0,76.51487425264823
1931,26,204.0,239.0,5.1530985832214355,0.2984201908111572,0.9999808073043823,1103.6065573770493,1599.5572916666667,34.47740452475012
1931,27,167.0,281.0,14.924222946166992,0.27737048268318176,0.9996840953826904,856.1311475409836,1880.6510416666667,99.8522468419166
1934,0,160.0,202.0,1.0,0.8618661761283875,1.0,809.3114754098361,1351.9270833333333,6.69061613472893
1934,1,207.0,193.0,1.0,0.85917067527771,1.0,1123.672131147541,1291.6927083333333,6.69061613472893
1934,2,161.0,283.0,1.0,0.8582139611244202,1.0,816.0,1894.0364583333335,6.69061613472893
1934,3,141.0,211.0,1.0,0.8379130363464355,1.0,682.2295081967213,1412.1614583333333,6.69061613472893
1934,4,219.0,110.0,1.4163373708724976,0.8366213440895081,1.0,1203.9344262295083,736.1979166666666,9.476169665779084
1934,5,150.0,112.0,1.181860327720642,0.8205373883247375,1.0,742.4262295081967,749.5833333333334,7.907373777643748
1934,6,122.0,147.0,1.1214395761489868,0.8161569237709045,1.0,555.1475409836065,983.828125,7.503121722305983
1934,7,209.0,183.0,1.225838303565979,0.7995747923851013,1.0,1137.049180327869,1224.765625,8.20161353240728
1934,8,127.0,169.0,1.3221732378005981,0.7991371154785156,1.0,588.5901639344263,1131.0677083333333,8.846153597735471
1934,9,183.0,183.0,1.6094086170196533,0.787142813205719,1.0,963.1475409836066,1224.765625,10.767935260403465
1934,10,173.0,292.0,1.1548986434936523,0.7848809957504272,1.0,896.2622950819672,1954.2708333333335,7.726983498135184
1934,11,153.0,144.0,2.9332399368286133,0.7752618789672852,1.0,762.4918032786885,963.75,19.625182448376787
1934,12,249.0,191.0,1.978574275970459,0.7739611268043518,1.0,1404.5901639344263,1278.3072916666667,13.237880974567563
1934,13,167.0,270.0,1.5951581001281738,0.7642777562141418,1.0,856.1311475409836,1807.03125,10.672590522161105
1934,14,183.0,98.0,1.6159555912017822,0.763152539730072,1.0,963.1475409836066,655.8854166666666,10.81173855150007
1934,15,181.0,273.0,1.4590849876403809,0.7615569829940796,1.0,949.7704918032787,1827.109375,9.762177560247492
1934,16,239.0,224.0,3.07422137260437,0.7600007057189941,1.0,1337.704918032787,1499.1666666666667,20.568435117275314
1934,17,182.0,195.0,2.5370230674743652,0.7586770057678223,1.0,956.4590163934427,1305.078125,16.97424746942347
1934,18,139.0,203.0,1.9340410232543945,0.7549440860748291,1.0,668.8524590163935,1358.6197916666667,12.939926075413501
1934,19,215.0,266.0,2.443727970123291,0.7523888945579529,1.0,1177.1803278688526,1780.2604166666667,16.350045785795267
1934,20,190.0,299.0,1.1006836891174316,0.743834376335144,1.0,1009.9672131147541,2001.1197916666667,7.364252049642049
1934,21,191.0,285.0,1.378998875617981,0.7307813167572021,1.0,1016.655737704918,1907.421875,9.226352126982716
1934,22,184.0,132.0,5.3377580642700195,0.7303676605224609,1.0,969.8360655737705,883.4375,35.71289022808445
1934,23,160.0,192.0,5.148622512817383,0.7237486839294434,1.0,809.3114754098361,1285.0,34.44745685588459
1934,24,216.0,138.0,6.805582523345947,0.7211037874221802,0.9999998807907104,1183.8688524590164,923.59375,45.533540236927614
1934,25,161.0,308.0,3.1708321571350098,0.7058005928993225,0.9999998807907104,816.0,2061.3541666666665,21.214820791044833
1934,26,201.0,270.0,1.6477299928665161,0.6648804545402527,1.0,1083.5409836065573,1807.03125,11.024328875949497
1934,27,96.0,114.0,21.730335235595703,0.2753930985927582,0.9994175434112549,381.24590163934425,762.96875,145.38933154034518
2024,0,151.0,195.0,1.0,0.853349506855011,1.0,286.19330855018586,592.6171875,3.0418348182204586
2024,1,174.0,181.0,1.1250481605529785,0.8287525177001953,1.0,356.2193308550186,550.0703125,3.4222106669449306
2024,2,128.0,212.0,1.0,0.820072591304779,1.0,216.16728624535315,644.28125,3.0418348182204586
2024,3,169.0,75.0,1.639985203742981,0.8130182027816772,1.0,340.996282527881,227.92968750000003,4.988564094111772
2024,4,208.0,178.0,2.6354660987854004,0.7993115186691284,1.0,459.7360594795539,540.953125,8.016652541525069
2024,5,184.0,296.0,1.0087674856185913,0.7975145578384399,1.0,386.6654275092937,899.5625000000001,3.0685040612433365
2024,6,123.0,203.0,1.357711911201477,0.797420084476471,1.0,200.9442379182156,616.9296875,4.129935364605297
2024,7,205.0,284.0,1.0,0.7971561551094055,1.0,450.6022304832714,863.0937500000001,3.0418348182204586
2024,8,227.0,263.0,1.0,0.7953415513038635,1.0,517.5836431226766,799.2734375000001,3.0418348182204586
2024,9,127.0,134.0,2.070499897003174,0.7870287895202637,1.0,213.12267657992564,407.23437500000006,6.298118677826127
2024,10,172.0,112.0,2.0844461917877197,0.7837378978729248,1.0,350.13011152416357,340.375,6.340541002886925
2024,11,115.0,100.0,1.6637753248214722,0.78364098072052,1.0,176.58736059479554,303.90625,5.060929712738007
2024,12,204.0,303.0,1.6770238876342773,0.77360600233078,1.0,447.5576208178439,920.8359375000001,5.1012296523933784
2024,13,187.0,272.0,1.3045637607574463,0.7723916172981262,1.0,395.7992565055762,826.6250000000001,3.9682674700606246
2024,14,89.0,145.0,2.2402679920196533,0.7609994411468506,1.0,97.4275092936803,440.66406250000006,6.814525180270214
2024,15,227.0,86.0,2.7126901149749756,0.7573529481887817,1.0,517.5836431226766,261.359375,8.251555242773339
2024,16,222.0,115.0,2.2239816188812256,0.7551158666610718,1.0,502.36059479553904,349.4921875,6.764984723395214
2024,17,147.0,184.0,2.879356861114502,0.7484153509140015,1.0,274.01486988847586,559.1875,8.758527954220062
2024,18,100.0,168.0,2.728719711303711,0.7427015900611877,1.0,130.9182156133829,510.56250000000006,8.300314627008106
2024,19,175.0,168.0,2.375715732574463,0.7288923859596252,1.0,359.2639405204461,510.56250000000006,7.226534833539125
2024,20,273.0,178.0,4.423176288604736,0.7220257520675659,0.9999998807907104,657.635687732342,540.953125,13.45457164180503
2024,21,168.0,273.0,2.917374849319458,0.7219807505607605,1.0,337.9516728624535,829.6640625000001,8.874172394460592
2024,22,212.0,165.0,2.70880126953125,0.7218375205993652,1.0,471.91449814126395,501.44531250000006,8.239726017299937
2024,23,257.0,214.0,2.0807573795318604,0.7217772603034973,1.0,608.9219330855019,650.359375,6.329320245329174
2024,24,211.0,267.0,2.1456644535064697,0.7175113558769226,1.0,468.86988847583643,811.4296875000001,6.526756842893952
2024,25,167.0,290.0,2.9658782482147217,0.7026801109313965,0.9999998807907104,334.90706319702605,881.3281250000001,9.02171172202224
2024,26,161.0,309.0,6.890626907348633,0.5955424904823303,0.9999988079071045,316.63940520446096,939.0703125000001,20.96014884613983
2024,27,201.0,263.0,4.6613264083862305,0.39759382605552673,0.9999946355819702,438.42379182156134,799.2734375000001,14.178984968119753
2024,28,95.0,160.0,33.64923858642578,0.17155100405216217,0.9764876365661621,115.69516728624535,486.25000000000006,102.3554255387973
2044,0,199.0,268.0,1.0,0.8722076416015625,1.0,628.1487341772153,1020.3541666666666,3.807126842423798
2044,1,173.0,171.0,1.0,0.8607080578804016,1.0,529.1677215189874,651.046875,3.807126842423798
2044,2,221.0,159.0,1.0,0.8258084058761597,1.0,711.9018987341773,605.359375,3.807126842423798
2044,3,183.0,261.0,1.0,0.8246647119522095,1.0,567.2373417721519,993.703125,3.807126842423798
2044,4,195.0,161.0,1.018786907196045,0.8222895264625549,1.0,612.9208860759494,612.9739583333334,3.8786509810959853
2044,5,238.0,240.0,1.062192440032959,0.814270555973053,1.0,776.620253164557,913.75,4.043901350269109
2044,6,217.0,275.0,1.0,0.7896414399147034,1.0,696.6740506329114,1047.0052083333333,3.807126842423798
2044,7,142.0,75.0,2.5745091438293457,0.7832471132278442,1.0,411.1518987341772,285.546875,9.801482867538212
2044,8,204.0,248.0,1.5157020092010498,0.77749103307724,1.0,647.1835443037975,944.2083333333334,5.770469804344999
2044,9,196.0,150.0,4.35318660736084,0.7661076188087463,1.0,616.7278481012659,571.09375,16.57313358296324
2044,10,171.0,161.0,2.3762707710266113,0.762026846408844,1.0,521.5537974683544,612.9739583333334,9.046764237242506
2044,11,288.0,160.0,1.223069190979004,0.7615237832069397,1.0,966.9683544303798,609.1666666666666,4.656379547117725
2044,12,230.0,96.0,2.9853405952453613,0.75569087266922,1.0,746.1645569620254,365.5,11.365570313936054
2044,13,189.0,247.0,1.7951512336730957,0.7523006200790405,1.0,590.0791139240507,940.4010416666666,6.834368447927038
2044,14,224.0,149.0,2.1903443336486816,0.7474318146705627,1.0,723.3227848101267,567.2864583333334,8.338918706784764
2044,15,188.0,55.0,2.727874755859375,0.7467275261878967,1.0,586.2721518987343,209.40104166666666,10.385365205802492
2044,16,265.0,193.0,1.7614965438842773,0.7466407418251038,1.0,879.4082278481013,734.8072916666666,6.706240775058582
2044,17,218.0,260.0,1.06680428981781,0.7379751205444336,1.0,700.4810126582279,989.8958333333334,4.061459247378242
2044,18,154.0,107.0,2.396458387374878,0.7339915633201599,1.0,456.8354430379747,407.3802083333333,9.123621053326547
2044,19,156.0,184.0,1.990705966949463,0.7337749600410461,1.0,464.44936708860763,700.5416666666666,7.5788701221465224
2044,20,182.0,280.0,2.9541006088256836,0.7326003313064575,1.0,563.4303797468355,1066.0416666666667,11.246635723080745
2044,21,192.0,90.0,3.05972957611084,0.7302179336547852,1.0,601.5,342.65625,11.648778599769567
2044,22,234.0,67.0,3.9893593788146973,0.7220445871353149,1.0,761.3924050632912,255.08854166666666,15.187997175160563
2044,23,149.0,179.0,3.4768319129943848,0.6852453947067261,0.9999998807907104,437.8006329113924,681.5052083333334,13.236740102556606
2044,24,225.0,244.0,1.8328510522842407,0.6715081334114075,1.0,727.1297468354431,928.9791666666666,6.977896439316037
2044,25,113.0,154.0,3.817072868347168,0.6620018482208252,0.9999997615814209,300.75,586.3229166666666,14.532080576572103
2044,26,93.0,140.0,5.795053005218506,0.5760679841041565,0.9999985694885254,224.6107594936709,533.0208333333334,22.06250184943607
2246,0,194.0,285.0,1.0,0.8529295325279236,1.0,671.93993993994,1132.5781250000002,3.9749670266384434
2246,1,146.0,204.0,1.0,0.8433759212493896,1.0,481.0930930930931,810.6875000000001,3.9749670266384434
2246,2,176.0,292.0,1.0,0.840309739112854,1.0,600.3723723723724,1160.3958333333335,3.9749670266384434
2246,3,165.0,192.0,1.0,0.8129588961601257,1.0,556.6366366366367,763.0000000000001,3.9749670266384434
2246,4,181.0,271.0,1.0089194774627686,0.8028079271316528,1.0,620.2522522522523,1076.9427083333335,4.010421655447793
2246,5,189.0,174.0,2.115431785583496,0.799299955368042,1.0,652.0600600600601,691.4687500000001,8.408771594797281
2246,6,162.0,284.0,1.596142292022705,0.7942216992378235,1.0,544.7087087087087,1128.6041666666667,6.344612980613362
2246,7,141.0,195.0,1.4191027879714966,0.785462498664856,1.0,461.21321321321324,774.9218750000001,5.640886789597385
2246,8,142.0,96.0,1.5469697713851929,0.7813394665718079,1.0,465.1891891891892,381.50000000000006,6.149153832462552
2246,9,107.0,140.0,3.5175533294677734,0.7682483196258545,1.0,326.03003003003005,556.3541666666667,13.982158499076672
2246,10,167.0,268.0,1.402835488319397,0.7655786275863647,1.0,564.5885885885887,1065.0208333333335,5.576224809867842
2246,11,291.0,220.0,1.3892511129379272,0.7642941474914551,1.0,1057.6096096096096,874.2708333333334,5.52222736564902
2246,12,184.0,80.0,4.404757022857666,0.756423830986023,1.0,632.1801801801802,317.9166666666667,17.508763926213337
2246,13,234.0,131.0,3.2759621143341064,0.7553876042366028,1.0,830.9789789789791,520.5885416666667,13.021841384994831
2246,14,119.0,160.0,3.5963430404663086,0.7451126575469971,1.0,373.74174174174175,635.8333333333334,14.295345002334221
2246,15,241.0,102.0,4.02187442779541,0.7321648597717285,1.0,858.8108108108108,405.34375000000006,15.986818235767112
2246,16,151.0,129.0,4.0564866065979,0.7287588119506836,1.0,500.972972972973,512.640625,16.124400505227126
2246,17,200.0,269.0,1.3540983200073242,0.7265900373458862,1.0,695.7957957957958,1068.9947916666667,5.382496172855625
2246,18,164.0,181.0,3.0433096885681152,0.7258999943733215,1.0,552.6606606606607,719.2864583333334,12.097055663907568
2246,19,219.0,179.0,3.012784957885742,0.7236919403076172,1.0,771.3393393393394,711.3385416666667,11.975720865948116
2246,20,187.0,116.0,6.021380424499512,0.7224697470664978,0.9999998807907104,644.1081081081081,460.9791666666667,23.93478864223175
2246,21,194.0,300.0,1.6300382614135742,0.6882976293563843,1.0,671.93993993994,1192.1875000000002,6.479348341278013
2246,22,214.0,189.0,2.6166672706604004,0.6801106333732605,1.0,751.4594594594595,751.0781250000001,10.401166120559102
2246,23,259.0,242.0,6.154941558837891,0.651936948299408,0.9999995231628418,930.3783783783784,961.6979166666667,24.465689747267234
2246,24,187.0,188.0,5.354612827301025,0.595890998840332,0.9999994039535522,644.1081081081081,747.1041666666667,21.284409428936826
2246,25,217.0,272.0,5.831617832183838,0.5933945775032043,0.9999991655349731,763.3873873873874,1080.9166666666667,23.180488594887514
2246,26,161.0,306.0,4.127204895019531,0.5460584163665771,0.9999990463256836,540.7327327327328,1216.0312500000002,16.405503369883416
2246,27,93.0,287.0,40.07289123535156,0.17907653748989105,0.9886049032211304,270.3663663663664,1140.5260416666667,159.28842132259112
2248,0,152.0,155.0,1.0,0.8639010787010193,1.0,333.9074074074074,544.1145833333333,3.5126150523752018
2248,1,172.0,143.0,1.0,0.854106605052948,1.0,404.2037037037037,501.9895833333333,3.5126150523752018
2248,2,200.0,246.0,1.0,0.8535231947898865,1.0,502.6185185185185,863.5625,3.5126150523752018
2248,3,220.0,134.0,1.0996716022491455,0.8523159623146057,1.0,572.9148148148148,470.3958333333333,3.862723022729904
2248,4,265.0,169.0,1.0,0.8284790515899658,1.0,731.0814814814814,593.2604166666666,3.5126150523752018
2248,5,193.0,135.0,1.0,0.8264302015304565,1.0,478.01481481481477,473.90625,3.5126150523752018
2248,6,209.0,229.0,1.0,0.8237242102622986,1.0,534.2518518518518,803.8854166666666,3.5126150523752018
2248,7,194.0,124.0,1.0536129474639893,0.8154296875,1.0,481.5296296296296,435.29166666666663,3.700936698639411
2248,8,240.0,52.0,1.3128795623779297,0.8104979395866394,1.0,643.2111111111111,182.54166666666666,4.611640512764484
2248,9,232.0,207.0,1.0668184757232666,0.8073827028274536,1.0,615.0925925925925,726.65625,3.747322635977515
2248,10,187.0,42.0,1.720813274383545,0.7969521880149841,1.0,456.92592592592587,147.4375,6.044554609926698
2248,11,188.0,236.0,1.3916749954223633,0.7960843443870544,1.0,460.4407407407407,828.4583333333333,4.8884185369347835
2248,12,195.0,215.0,1.0,0.7930873036384583,1.0,485.0444444444444,754.7395833333333,3.5126150523752018
2248,13,292.0,144.0,1.0,0.7885156273841858,1.0,825.9814814814814,505.5,3.5126150523752018
2248,14,148.0,147.0,2.007416248321533,0.7867719531059265,1.0,319.84814814814814,516.03125,7.051280530236773
2248,15,126.0,117.0,1.600849986076355,0.7852782607078552,1.0,242.5222222222222,410.71875,5.623169757686436
2248,16,155.0,89.0,2.030245780944824,0.7787013053894043,1.0,344.4518518518518,312.4270833333333,7.131471890168036
2248,17,190.0,73.0,3.403782367706299,0.7674973607063293,1.0,467.47037037037035,256.2604166666667,11.956177179814448
2248,18,234.0,77.0,2.619961977005005,0.7651568651199341,1.0,622.1222222222221,270.3020833333333,9.202917877078471
2248,19,224.0,123.0,2.514343738555908,0.7636727690696716,1.0,586.974074074074,431.78125,8.831921662896821
2248,20,170.0,247.0,2.5340254306793213,0.7613847255706787,1.0,397.17407407407404,867.0729166666666,8.901055870905736
2248,21,116.0,98.0,2.2281882762908936,0.7489705085754395,1.0,207.37407407407406,344.0208333333333,7.826767678825347
2248,22,219.0,213.0,1.402238368988037,0.7436314821243286,1.0,569.4,747.71875,4.925523601925431
2248,23,170.0,134.0,4.4727091789245605,0.7373499870300293,1.0,397.17407407407404,470.3958333333333,15.71090558678714
2248,24,172.0,227.0,2.115149736404419,0.7192568778991699,1.0,404.2037037037037,796.8645833333333,7.429706802121602
2248,25,146.0,60.0,3.4142837524414062,0.7006253004074097,1.0,312.8185185185185,210.625,11.99306450190577
2248,26,179.0,212.0,3.282708168029785,0.6778610944747925,0.9999998807907104,428.80740740740737,744.2083333333333,11.530890123576446
2248,27,209.0,209.0,3.4724056720733643,0.40346720814704895,0.9999977350234985,534.2518518518518,733.6770833333333,12.197224431677927
2709,0,173.0,149.0,1.903995394706726,0.7951921820640564,1.0,360.1078167115903,320.8932291666667,4.103090299440008
2709,1,256.0,176.0,2.440365791320801,0.772393524646759,1.0,539.0835579514825,379.0416666666667,5.2589629330463445
2709,2,119.0,166.0,3.2479727268218994,0.742483913898468,1.0,243.6657681940701,357.5052083333333,6.999347490712483
2709,3,206.0,144.0,1.7004399299621582,0.7408190965652466,1.0,431.26684636118597,310.125,3.6644303871768873
2709,4,127.0,97.0,2.8208467960357666,0.7286731600761414,1.0,260.9164420485175,208.90364583333334,6.078895546280227
2709,5,188.0,236.0,3.1095333099365234,0.7026171088218689,1.0,392.45283018867923,508.2604166666667,6.701011985247665
2709,6,149.0,164.0,2.838782787322998,0.6999356746673584,1.0,308.355795148248,353.1979166666667,6.117547421209166
2709,7,98.0,128.0,3.2942090034484863,0.6997261643409729,1.0,198.38274932614556,275.6666666666667,7.098986186602288
2709,8,164.0,251.0,3.04014253616333,0.6878257989883423,1.0,340.70080862533695,540.5651041666666,6.551475588504814
2709,9,145.0,149.0,3.8342738151550293,0.6793702840805054,0.9999998807907104,299.73045822102426,320.8932291666667,8.26282024636026
2709,10,224.0,81.0,5.04370641708374,0.6761151552200317,0.9999998807907104,470.0808625336927,174.4453125,10.86913494155129
2709,11,172.0,76.0,5.793537616729736,0.667849063873291,0.9999998807907104,357.9514824797844,163.67708333333334,12.485013388546612
2709,12,190.0,269.0,4.586274147033691,0.6425646543502808,0.9999998807907104,396.7654986522911,579.3307291666666,9.88337315078694
2709,13,175.0,134.0,4.698951721191406,0.641587495803833,0.9999995231628418,364.42048517520215,288.5885416666667,10.126192152753152
2709,14,210.0,130.0,5.6331987380981445,0.6318168044090271,0.9999997615814209,439.8921832884097,279.9739583333333,12.139484770480964
2709,15,126.0,179.0,8.671534538269043,0.6168760657310486,0.9999990463256836,258.7601078167116,385.5026041666667,18.68706686168804
2709,16,168.0,236.0,4.3719282150268555,0.6162388920783997,0.9999997615814209,349.32614555256066,508.2604166666667,9.421459893650546
2709,17,278.0,144.0,10.3150053024292,0.6156848073005676,0.9999988079071045,586.522911051213,310.125,22.228729288280974
2709,18,172.0,39.0,9.677746772766113,0.5817810893058777,0.9999979734420776,357.9514824797844,83.9921875,20.855443775844762
2709,19,122.0,62.0,10.63734245300293,0.5525345802307129,0.9999967813491821,250.13477088948787,133.52604166666666,22.923362499760945
2709,20,228.0,222.0,13.189112663269043,0.4604358375072479,0.9999822378158569,478.7061994609164,478.109375,28.422400798514605
2709,21,91.0,103.0,15.955848693847656,0.4377696216106415,0.9999549388885498,183.28840970350404,221.82552083333334,34.384688207264794
2709,22,232.0,53.0,21.983915328979492,0.26785334944725037,0.9987506866455078,487.3315363881402,114.14322916666667,47.37510919449473
2853,0,198.0,227.0,1.0,0.9011119604110718,1.0,485.253164556962,671.5416666666666,2.958597034660535
2853,1,185.0,159.0,1.0,0.8405780792236328,1.0,446.78797468354435,470.375,2.958597034660535
2853,2,182.0,227.0,1.0,0.8357527852058411,1.0,437.91139240506334,671.5416666666666,2.958597034660535
2853,3,163.0,172.0,1.0,0.8148760795593262,1.0,381.69303797468353,508.8333333333333,2.958597034660535
2853,4,157.0,160.0,1.4054003953933716,0.8056915402412415,1.0,363.9398734177215,473.3333333333333,4.158013442321573
2853,5,210.0,252.0,1.255989909172058,0.8030656576156616,1.0,520.7594936708861,745.5,3.715968020840006
2853,6,211.0,155.0,1.0,0.7984650135040283,1.0,523.7183544303798,458.5416666666667,2.958597034660535
2853,7,179.0,100.0,2.938310384750366,0.7813198566436768,1.0,429.0348101265823,295.8333333333333,8.693276391234688
2853,8,135.0,123.0,2.451295852661133,0.7756557464599609,1.0,298.84493670886076,363.875,7.252396640758895
2853,9,184.0,145.0,2.0933940410614014,0.7690085172653198,1.0,443.82911392405066,428.9583333333333,6.193509402260296
2853,10,175.0,71.0,2.387406587600708,0.7635132074356079,1.0,417.19936708860763,210.04166666666666,7.063374050604481
2853,11,224.0,103.0,1.830336332321167,0.7472686767578125,1.0,562.1835443037975,304.7083333333333,5.415227645236844
2853,12,280.0,166.0,2.9511055946350098,0.747110903263092,1.0,727.879746835443,491.0833333333333,8.731132261257255
2853,13,215.0,143.0,3.13983154296875,0.7201067805290222,1.0,535.5537974683544,423.0416666666667,9.289496292360955
2853,14,137.0,182.0,2.667268753051758,0.7131534218788147,1.0,304.76265822784814,538.4166666666666,7.8913734234216335
2853,15,90.0,159.0,4.854616165161133,0.6456480622291565,0.9999998807907104,165.69620253164558,470.375,14.362852990660825
2853,16,146.0,186.0,3.163466453552246,0.6372893452644348,0.9999998807907104,331.39240506329116,550.25,9.359422468727754
2853,17,231.0,220.0,5.155219554901123,0.6304662227630615,0.9999996423721313,582.8955696202532,650.8333333333334,15.252217288154466
2853,18,105.0,168.0,4.734860897064209,0.6153965592384338,0.9999994039535522,210.07911392405063,497.0,14.008545409584288
2853,19,121.0,99.0,5.220601558685303,0.6105319857597351,0.9999994039535522,257.4208860759494,292.875,15.445656290670502
2853,20,228.0,79.0,6.04384708404541,0.6033024191856384,0.9999992847442627,574.0189873417722,233.70833333333334,17.88130806079847
2853,21,259.0,189.0,10.405012130737305,0.436661958694458,0.9999704360961914,665.743670886076,559.125,30.784238035606283
2853,22,168.0,215.0,18.990997314453125,0.25850003957748413,0.9987977743148804,396.4873417721519,636.0416666666666,56.186708339787195
3058,0,143.0,196.0,1.0,0.9006569385528564,1.0,316.9259259259259,722.75,3.6863424108959784
3058,1,165.0,184.0,1.0,0.8822247982025146,1.0,398.0,678.5,3.6863424108959784
3058,2,189.0,283.0,1.0,0.8630079627037048,1.0,486.4444444444444,1043.5625,3.6863424108959784
3058,3,221.0,175.0,1.0,0.8595629334449768,1.0,604.3703703703703,645.3125,3.6863424108959784
3058,4,192.0,176.0,1.1077135801315308,0.8437557816505432,1.0,497.5,649.0,4.083411549564282
3058,5,162.0,293.0,1.387894868850708,0.8237819671630859,1.0,386.94444444444446,1080.4375,5.116255716909277
3058,6,172.0,277.0,1.435648798942566,0.8211069703102112,1.0,423.7962962962963,1021.4375,5.292293054693854
3058,7,194.0,163.0,1.1692324876785278,0.8208527565002441,1.0,504.8703703703704,601.0625,4.310191307526766
3058,8,108.0,122.0,1.3413455486297607,0.8062373995780945,1.0,187.94444444444443,449.875,4.944658983580421
3058,9,204.0,298.0,1.4138377904891968,0.7987391948699951,1.0,541.7222222222222,1098.875,5.211890209207788
3058,10,226.0,164.0,1.7249343395233154,0.7978352308273315,1.0,622.7962962962963,604.75,6.35869861179564
3058,11,148.0,73.0,2.1545028686523438,0.7865469455718994,1.0,335.35185185185185,269.1875,7.942235299110182
3058,12,190.0,55.0,2.84158992767334,0.7811485528945923,1.0,490.1296296296296,202.8125,10.475073464757068
3058,13,293.0,179.0,1.5867887735366821,0.7797543406486511,1.0,869.7037037037037,660.0625,5.849446753021885
3058,14,239.0,107.0,2.8920493125915527,0.769232988357544,1.0,670.7037037037037,394.5625,10.6610840354088
3058,15,193.0,97.0,2.6640748977661133,0.7659882307052612,1.0,501.18518518518516,357.6875,9.82069228143859
3058,16,244.0,74.0,4.268681049346924,0.7648899555206299,1.0,689.1296296296296,272.875,15.735819990795513
3058,17,234.0,273.0,2.2581076622009277,0.7574635148048401,1.0,652.2777777777777,1006.6875,8.324158043540448
3058,18,139.0,186.0,2.442234992980957,0.7536177635192871,1.0,302.18518518518516,685.875,9.002914431999944
3058,19,116.0,145.0,2.8633079528808594,0.7528941631317139,1.0,217.42592592592592,534.6875,10.555133542160455
3058,20,164.0,173.0,2.7595114707946777,0.750346302986145,1.0,394.3148148148148,637.9375,10.172504168144359
3058,21,270.0,218.0,3.3630151748657227,0.7215183973312378,1.0,784.9444444444445,803.875,12.397225467594268
3058,22,218.0,280.0,2.2641947269439697,0.709644615650177,1.0,593.3148148148148,1032.5,8.346597048460595
3058,23,202.0,318.0,2.2180356979370117,0.7054543495178223,1.0,534.3518518518518,1172.625,8.176439062186468
3058,24,152.0,112.0,4.774531364440918,0.6851933598518372,1.0,350.09259259259255,413.0,17.600557460891597
3058,25,177.0,308.0,2.762531280517578,0.6243374347686768,0.9999998807907104,442.22222222222223,1135.75,10.183636220798723
3058,26,162.0,324.0,4.690659523010254,0.4981341063976288,0.9999985694885254,386.94444444444446,1194.75,17.291377134745797
3058,27,207.0,274.0,3.302872896194458,0.30525633692741394,0.999994158744812,552.7777777777777,1010.375,12.17552043504046
3249,0,178.0,176.0,1.0,0.876818060874939,1.0,1057.311475409836,1338.3333333333335,7.605361927919329
3249,1,195.0,169.0,1.0,0.8532876968383789,1.0,1186.622950819672,1285.1041666666667,7.605361927919329
3249,2,215.0,170.0,1.0,0.8417196273803711,1.0,1338.7540983606557,1292.7083333333335,7.605361927919329
3249,3,201.0,116.0,1.0,0.8415476679801941,1.0,1232.2622950819673,882.0833333333334,7.605361927919329
3249,4,178.0,167.0,1.3199371099472046,0.8385995030403137,1.0,1057.311475409836,1269.8958333333335,10.03859944324034
3249,5,157.0,175.0,1.0,0.8326438069343567,1.0,897.5737704918033,1330.7291666666667,7.605361927919329
3249,6,240.0,193.0,1.4051239490509033,0.828729510307312,1.0,1528.9180327868853,1467.6041666666667,10.6864761861194
3249,7,160.0,183.0,1.0,0.8272255659103394,1.0,920.3934426229508,1391.5625000000002,7.605361927919329
3249,8,256.0,168.0,1.791128158569336,0.8208106160163879,1.0,1650.622950819672,1277.5000000000002,13.622177905207483
3249,9,147.0,144.0,1.6998320817947388,0.8163328170776367,1.0,821.5081967213115,1095.0,12.927838198737563
3249,10,183.0,256.0,1.0,0.8085057139396667,1.0,1095.344262295082,1946.666666666667,7.605361927919329
3249,11,174.0,125.0,1.3493375778198242,0.8017185926437378,1.0,1026.8852459016393,950.5208333333334,10.262200642261776
3249,12,203.0,88.0,2.1919775009155273,0.7962461709976196,1.0,1247.4754098360656,669.1666666666667,16.670782232318707
3249,13,197.0,160.0,1.9905736446380615,0.7925934791564941,1.0,1201.8360655737706,1216.6666666666667,15.139033011649934
3249,14,172.0,247.0,1.6653567552566528,0.7906118035316467,1.0,1011.672131147541,1878.2291666666667,12.665640862832216
3249,15,191.0,239.0,1.0350353717803955,0.7906103730201721,1.0,1156.1967213114754,1817.3958333333335,7.8718186105884485
3249,16,195.0,264.0,1.0,0.782809317111969,1.0,1186.622950819672,2007.5000000000002,7.605361927919329
3249,17,231.0,124.0,2.348809242248535,0.7811338305473328,1.0,1460.4590163934427,942.9166666666667,17.86354438694206
3249,18,208.0,236.0,1.1276512145996094,0.7794758677482605,1.0,1285.5081967213114,1794.5833333333335,8.576195615487858
3249,19,178.0,235.0,1.0,0.7566689848899841,1.0,1057.311475409836,1786.9791666666667,7.605361927919329
3249,20,200.0,251.0,1.1365406513214111,0.7546125650405884,1.0,1224.655737704918,1908.6458333333335,8.643802999092498
3249,21,219.0,162.0,4.107720851898193,0.7454405426979065,1.0,1369.1803278688524,1231.8750000000002,31.240703777546873
3249,22,173.0,98.0,2.5167343616485596,0.7452471256256104,1.0,1019.2786885245902,745.2083333333334,19.140675696768312
3249,23,237.0,101.0,3.677224636077881,0.7401106357574463,1.0,1506.0983606557377,768.0208333333334,27.966624247633728
3249,24,143.0,124.0,3.813495635986328,0.7387989163398743,1.0,791.0819672131148,942.9166666666667,29.00301452221693
3249,25,219.0,231.0,2.5270190238952637,0.7245328426361084,1.0,1369.1803278688524,1756.5625000000002,19.218894275460904
3249,26,169.0,266.0,4.46077299118042,0.6626423001289368,0.9999997615814209,988.8524590163935,2022.7083333333335,33.92579307621439
3269,0,159.0,177.0,1.0,0.8803539872169495,1.0,396.3613707165109,548.515625,3.0977655414747063
3269,1,181.0,164.0,1.0,0.846824586391449,1.0,464.4859813084112,508.22916666666663,3.0977655414747063
3269,2,212.0,265.0,1.0,0.8374859094619751,1.0,560.4797507788162,821.2239583333333,3.0977655414747063
3269,3,212.0,159.0,1.3854315280914307,0.8318618535995483,1.0,560.4797507788162,492.73437499999994,4.29174204779428
3269,4,195.0,252.0,1.0,0.8238113522529602,1.0,507.8380062305296,780.9375,3.0977655414747063
3269,5,205.0,282.0,1.0,0.822393536567688,1.0,538.803738317757,873.90625,3.0977655414747063
3269,6,234.0,244.0,1.0,0.8160881996154785,1.0,628.6043613707164,756.1458333333333,3.0977655414747063
3269,7,190.0,273.0,1.0,0.8034378886222839,1.0,492.3551401869159,846.015625,3.0977655414747063
3269,8,103.0,156.0,2.4354910850524902,0.8021941184997559,1.0,222.9532710280374,483.43749999999994,7.544580359844447
3269,9,123.0,90.0,2.6541225910186768,0.7987889051437378,1.0,284.8847352024922,278.90625,8.22184950530722
3269,10,137.0,192.0,1.1928625106811523,0.7978312373161316,1.0,328.2367601246106,595.0,3.6952083813050773
3269,11,178.0,253.0,1.1834185123443604,0.7878584861755371,1.0,455.196261682243,784.0364583333333,3.6659530886836187
3269,12,89.0,140.0,2.086174964904785,0.7848056554794312,1.0,179.601246105919,433.85416666666663,6.462480919769248
3269,13,172.0,267.0,2.0502545833587646,0.7832638621330261,1.0,436.6168224299065,827.421875,6.351207999579362
3269,14,175.0,63.0,1.995290994644165,0.7829586267471313,1.0,445.9065420560748,195.234375,6.180943688423487
3269,15,179.0,97.0,2.1167402267456055,0.780973494052887,1.0,458.2928348909657,300.5989583333333,6.5571649346658925
3269,16,155.0,168.0,2.02325701713562,0.7809231877326965,1.0,383.97507788161994,520.625,6.267575869229623
3269,17,136.0,120.0,3.7382633686065674,0.7750835418701172,1.0,325.14018691588785,371.875,11.580263448226582
3269,18,266.0,199.0,1.6209286451339722,0.7728430032730103,1.0,727.6947040498442,616.6927083333333,5.021256902085301
3269,19,227.0,67.0,3.1531529426574707,0.7712559103965759,1.0,606.9283489096573,207.63020833333331,9.767728532763883
3269,20,170.0,288.0,2.775529384613037,0.7392727732658386,1.0,430.42367601246104,892.5,8.597939287004763
3269,21,223.0,97.0,4.179600715637207,0.7339510321617126,1.0,594.5420560747664,300.5989583333333,12.947423074023963
3269,22,288.0,165.0,2.65718936920166,0.732120931148529,1.0,795.8193146417445,511.32812499999994,8.231349665085814
3269,23,215.0,149.0,2.9499497413635254,0.7265949845314026,1.0,569.7694704049844,461.74479166666663,9.13825265787815
3269,24,220.0,248.0,1.9828616380691528,0.7219045162200928,1.0,585.2523364485982,768.5416666666666,6.142440455922712
3269,25,184.0,153.0,4.700742721557617,0.7188643217086792,1.0,473.77570093457945,474.140625,14.561798822179215
3269,26,131.0,185.0,2.2960429191589355,0.7153567671775818,1.0,309.6573208722741,573.3072916666666,7.112602636717545
3269,27,211.0,244.0,2.743290662765503,0.4459786117076874,0.9999992847442627,557.3831775700935,756.1458333333333,8.498071285364283
3352,0,130.0,235.0,1.0,0.8891681432723999,1.0,216.31186440677968,591.171875,2.5154396118130062
3352,1,147.0,242.0,1.0,0.8732176423072815,1.0,259.071186440678,608.78125,2.5154396118130062
3352,2,140.0,157.0,1.1230217218399048,0.8580918312072754,1.0,241.46440677966103,394.953125,2.824893324042544
3352,3,167.0,151.0,1.0,0.8550542593002319,1.0,309.3762711864407,379.859375,2.5154396118130062
3352,4,197.0,156.0,1.0,0.8428748846054077,1.0,384.83389830508474,392.4375,2.5154396118130062
3352,5,115.0,166.0,1.0,0.8408805727958679,1.0,178.58305084745763,417.59375,2.5154396118130062
3352,6,134.0,264.0,1.0,0.8247444033622742,1.0,226.3728813559322,664.125,2.5154396118130062
3352,7,121.0,252.0,1.0,0.8241785764694214,1.0,193.67457627118645,633.9375,2.5154396118130062
3352,8,91.0,119.0,1.4040101766586304,0.8148876428604126,1.0,118.21694915254237,299.359375,3.5317028137556954
3352,9,129.0,55.0,1.4657261371612549,0.8109314441680908,1.0,213.79661016949154,138.359375,3.686945585485084
3352,10,154.0,277.0,1.6398115158081055,0.7945863604545593,1.0,276.67796610169495,696.828125,4.124846842770838
3352,11,181.0,82.0,2.4658164978027344,0.782904326915741,1.0,344.58983050847456,206.28125,6.202612494035017
3352,12,132.0,91.0,3.1028261184692383,0.768035888671875,1.0,221.34237288135594,228.92187500000003,7.804971726965517
3352,13,110.0,155.0,1.9629426002502441,0.7632140517234802,1.0,166.00677966101696,389.921875,4.937663572384687
3352,14,189.0,241.0,1.2407056093215942,0.7624837160110474,1.0,364.7118644067797,606.265625,3.12092003628613
3352,15,82.0,95.0,3.070852518081665,0.7614984512329102,1.0,95.57966101694916,238.98437500000003,7.7245440660183355
3352,16,189.0,45.0,1.71163809299469,0.7551873922348022,1.0,364.7118644067797,113.20312500000001,4.305522260206917
3352,17,222.0,98.0,2.6840569972991943,0.754199743270874,1.0,447.71525423728815,246.53125000000003,6.7515832913702685
3352,18,235.0,70.0,3.493619441986084,0.7537148594856262,1.0,480.4135593220339,176.09375,8.787988732971845
3352,19,238.0,217.0,2.336054801940918,0.7451373934745789,1.0,487.95932203389833,545.890625,5.876204784168172
3352,20,170.0,137.0,1.7922909259796143,0.7365504503250122,1.0,316.9220338983051,344.640625,4.508399591102134
3352,21,172.0,242.0,1.1110562086105347,0.7105412483215332,1.0,321.95254237288134,608.78125,2.794794798089714
3352,22,203.0,145.0,3.6459407806396484,0.7015863656997681,0.9999998807907104,399.92542372881354,364.765625,9.171143861945406
3352,23,138.0,143.0,5.037999153137207,0.6920590400695801,0.9999998807907104,236.43389830508474,359.734375,12.67278263408171
3352,24,275.0,202.0,3.3054862022399902,0.6480720043182373,0.9999998807907104,581.0237288135594,508.15625000000006,8.314750929415808
3352,25,165.0,235.0,7.897672653198242,0.4806525707244873,0.9999918937683105,304.34576271186444,591.171875,19.86611863298718
3353,0,201.0,182.0,1.0,0.9020989537239075,1.0,491.02356902356905,566.3802083333334,3.1098609162839987
3353,1,177.0,189.0,1.0,0.8836922645568848,1.0,416.43771043771045,588.1640625,3.1098609162839987
3353,2,230.0,186.0,1.0,0.8787248730659485,1.0,581.1481481481482,578.828125,3.1098609162839987
3353,3,179.0,264.0,1.0,0.8693578839302063,1.0,422.6531986531987,821.5625,3.1098609162839987
3353,4,196.0,266.0,1.0,0.8667300939559937,1.0,475.4848484848485,827.7864583333334,3.1098609162839987
3353,5,152.0,202.0,1.0,0.8440711498260498,1.0,338.74410774410774,628.6197916666666,3.1098609162839987
3353,6,191.0,78.0,1.840623140335083,0.8206052780151367,1.0,459.94612794612794,242.734375,5.7240819657359925
3353,7,145.0,191.0,1.0,0.806813657283783,1.0,316.989898989899,594.3880208333334,3.1098609162839987
3353,8,144.0,94.0,1.218307375907898,0.7992299199104309,1.0,313.8821548821549,292.5260416666667,3.7887664923564897
3353,9,185.0,289.0,1.0,0.7970603108406067,1.0,441.2996632996633,899.3619791666666,3.1098609162839987
3353,10,201.0,168.0,1.302466869354248,0.796648383140564,1.0,491.02356902356905,522.8125,4.050490811759554
3353,11,173.0,176.0,2.6145412921905518,0.7962284088134766,1.0,404.006734006734,547.7083333333334,8.13085977859406
3353,12,195.0,113.0,1.4201130867004395,0.7899196147918701,1.0,472.3771043771044,351.6536458333333,4.416354185033127
3353,13,114.0,139.0,2.40187668800354,0.7847718000411987,1.0,220.64983164983164,432.5651041666667,7.469502437755866
3353,14,172.0,279.0,1.8064281940460205,0.7817821502685547,1.0,400.8989898989899,868.2421875,5.617740438737207
3353,15,235.0,174.0,2.6981308460235596,0.7806720733642578,1.0,596.6868686868687,541.484375,8.390811665068949
3353,16,201.0,300.0,1.0,0.770420491695404,1.0,491.02356902356905,933.59375,3.1098609162839987
3353,17,154.0,126.0,1.0098930597305298,0.7695881724357605,1.0,344.95959595959596,392.109375,3.1406269560824365
3353,18,282.0,184.0,2.434269428253174,0.7585441470146179,1.0,742.7508417508418,572.6041666666666,7.570239354629542
3353,19,249.0,99.0,3.2316479682922363,0.7393463850021362,1.0,640.1952861952861,308.0859375,10.049975711780618
3353,20,245.0,126.0,4.174281597137451,0.7384048700332642,1.0,627.7643097643098,392.109375,12.981435192501309
3353,21,124.0,158.0,2.5677199363708496,0.7370127439498901,1.0,251.72727272727272,491.6927083333333,7.985251874082942
3353,22,234.0,258.0,1.057133436203003,0.7221811413764954,1.0,593.5791245791246,802.890625,3.287537956544723
3353,23,262.0,215.0,3.413896322250366,0.6605693101882935,0.9999998807907104,680.5959595959596,669.0755208333334,10.616742744812099
3353,24,213.0,280.0,24.986072540283203,0.18119215965270996,0.9883680939674377,528.3164983164983,871.3541666666666,77.70321044446358
3353,25,160.0,298.0,24.874895095825195,0.1552075743675232,0.9878909587860107,363.6060606060606,927.3697916666666,77.35746405517129
3354,0,181.0,156.0,1.0,0.8949870467185974,1.0,590.6067708333334,505.5759162303665,3.262400410039757
3354,1,148.0,258.0,1.0,0.8915135860443115,1.0,482.9270833333333,838.2774869109948,3.262400410039757
3354,2,173.0,245.0,1.0,0.8650343418121338,1.0,564.5026041666666,795.8743455497382,3.262400410039757
3354,3,155.0,165.0,1.0,0.8610848188400269,1.0,505.7682291666667,534.9319371727748,3.262400410039757
3354,4,187.0,263.0,1.0,0.8482884168624878,1.0,610.1848958333334,854.586387434555,3.262400410039757
3354,5,164.0,269.0,1.0,0.8412516117095947,1.0,535.1354166666666,874.1570680628272,3.262400410039757
3354,6,154.0,239.0,1.0,0.8326602578163147,1.0,502.5052083333333,776.303664921466,3.262400410039757
3354,7,213.0,159.0,1.2521430253982544,0.8281075954437256,1.0,695.0234375,515.3612565445027,4.0849919194876865
3354,8,133.0,176.0,1.0747809410095215,0.8172481656074524,1.0,433.9817708333333,570.8115183246074,3.5063657826523786
3354,9,101.0,136.0,1.4227136373519897,0.8050785660743713,1.0,329.5651041666667,440.34031413612564,4.641461553866285
3354,10,182.0,280.0,1.0,0.7976065874099731,1.0,593.8697916666666,910.0366492146597,3.262400410039757
3354,11,144.0,282.0,1.518275499343872,0.7945190072059631,1.0,469.875,916.5602094240838,4.953222611612764
3354,12,127.0,168.0,2.870614767074585,0.7909701466560364,1.0,414.4036458333333,544.717277486911,9.365094793170307
3354,13,186.0,87.0,2.922650098800659,0.7841296195983887,1.0,606.921875,280.5130890052356,9.534854880730006
3354,14,188.0,48.0,1.918827772140503,0.7837062478065491,1.0,613.4479166666666,153.30366492146598,6.2599845106268495
3354,15,195.0,242.0,1.3301845788955688,0.7832773923873901,1.0,636.2890625,786.0890052356021,4.339594715617465
3354,16,238.0,98.0,2.3560736179351807,0.7817321419715881,1.0,776.5989583333334,316.39267015706804,7.686455537235586
3354,17,140.0,102.0,3.8529300689697266,0.7731220722198486,1.0,456.8229166666667,329.4397905759162,12.569800636861345
3354,18,135.0,65.0,3.1207516193389893,0.7653962969779968,1.0,440.5078125,208.7539267015707,10.181141362563753
3354,19,248.0,67.0,2.4096240997314453,0.7595637440681458,1.0,809.2291666666666,215.27748691099478,7.861158651005547
3354,20,152.0,154.0,3.22367262840271,0.7507521510124207,1.0,495.9791666666667,499.0523560209424,10.51691090473494
3354,21,183.0,144.0,1.9064931869506836,0.7470521926879883,1.0,597.1328125,466.434554973822,6.2197441548459125
3354,22,307.0,222.0,2.0854666233062744,0.7363224029541016,1.0,1001.7473958333334,720.8534031413612,6.803627166998616
3354,23,218.0,148.0,1.5366357564926147,0.7339839339256287,1.0,711.3385416666666,479.4816753926702,5.013121122063258
3354,24,215.0,249.0,1.9965152740478516,0.7339592576026917,1.0,701.5494791666666,808.9214659685864,6.513432248704349
3354,25,87.0,115.0,2.5894479751586914,0.7218593955039978,1.0,283.8828125,371.8429319371728,8.447816135934332
3354,26,267.0,231.0,5.930983543395996,0.5497000217437744,0.9999985694885254,871.2265625,750.2094240837696,19.349243143914148
3354,27,258.0,233.0,12.901568412780762,0.38293522596359253,0.9999160766601562,841.859375,756.7329842931937,42.09008208001193
3354,28,143.0,224.0,22.87081527709961,0.21043121814727783,0.9943033456802368,466.6119791666667,727.3769633507853,74.6137571379533
3366,0,184.0,285.0,1.0,0.8653404712677002,1.0,398.45209580838326,713.2421875,2.5042955237669697
3366,1,188.0,192.0,1.0,0.859947681427002,1.0,408.47604790419166,480.5,2.5042955237669697
3366,2,173.0,307.0,1.0,0.8575804233551025,1.0,370.8862275449102,768.2994791666667,2.5042955237669697
3366,3,160.0,203.0,1.3929595947265625,0.8367892503738403,1.0,338.30838323353294,508.02864583333337,3.4883824778619825
3366,4,227.0,282.0,1.0,0.8351491689682007,1.0,506.2095808383234,705.734375,2.5042955237669697
3366,5,138.0,139.0,1.1427210569381714,0.8331207633018494,1.0,283.17664670658684,347.8619791666667,2.861711227804523
3366,6,219.0,196.0,1.2605606317520142,0.822982668876648,1.0,486.1616766467066,490.5104166666667,3.1568163475334323
3366,7,128.0,108.0,1.5208015441894531,0.8163147568702698,1.0,258.1167664670659,270.28125,3.808536499651543
3366,8,166.0,280.0,1.0,0.813721776008606,1.0,353.34431137724556,700.7291666666667,2.5042955237669697
3366,9,192.0,317.0,1.0,0.8129106760025024,1.0,418.50000000000006,793.3255208333334,2.5042955237669697
3366,10,270.0,246.0,1.8455719947814941,0.8030358552932739,1.0,613.9670658682635,615.640625,4.621857685320973
3366,11,157.0,298.0,1.0,0.8025341629981995,1.0,330.79041916167665,745.7760416666667,2.5042955237669697
3366,12,186.0,121.0,1.9361727237701416,0.7999559044837952,1.0,403.46407185628743,302.8151041666667,4.848748685377267
3366,13,225.0,184.0,1.6245478391647339,0.7948601841926575,1.0,501.1976047904192,460.4791666666667,4.068347881765546
3366,14,188.0,178.0,1.5981354713439941,0.7920444011688232,1.0,408.47604790419166,445.4635416666667,4.00220350725998
3366,15,182.0,86.0,2.0855398178100586,0.7895470857620239,1.0,393.4401197604791,215.22395833333334,5.222808030379511
3366,16,255.0,109.0,1.9108972549438477,0.7855768799781799,1.0,576.3772455089821,272.7838541666667,4.785451441934468
3366,17,199.0,276.0,1.0,0.7702913284301758,1.0,436.0419161676647,690.71875,2.5042955237669697
3366,18,124.0,209.0,1.8910002708435059,0.7646819949150085,1.0,248.0928143712575,523.0442708333334,4.735623513715519
3366,19,246.0,137.0,2.569003105163574,0.7611469626426697,1.0,553.8233532934132,342.85677083333337,6.433542976804585
3366,20,135.0,217.0,2.179462194442749,0.7604802846908569,1.0,275.65868263473055,543.0651041666667,5.4580174177623135
3366,21,156.0,189.0,2.5141677856445312,0.7574393153190613,1.0,328.2844311377246,472.9921875,6.296219131588714
3366,22,297.0,221.0,2.0055878162384033,0.7350112199783325,1.0,681.6287425149701,553.0755208333334,5.022584590727405
3366,23,90.0,188.0,3.8702921867370605,0.7035382390022278,0.9999998807907104,162.88922155688624,470.48958333333337,9.692355398915897
3366,24,76.0,177.0,4.387038230895996,0.6962494254112244,0.9999998807907104,127.8053892215569,442.9609375,10.986440204227408
3366,25,210.0,287.0,2.4533870220184326,0.6370832324028015,0.9999998807907104,463.60778443113776,718.2473958333334,6.144006137308737
3366,26,135.0,226.0,26.957456588745117,0.2409861981868744,0.9949361085891724,275.65868263473055,565.5885416666667,67.5094378673368
3366,27,150.0,319.0,23.37788963317871,0.19745831191539764,0.9954225420951843,313.248502994012,798.3307291666667,58.545144363487694
3392,0,149.0,171.0,1.0,0.8839913606643677,1.0,277.65811965811963,640.8046875,3.749765543477903
3392,1,182.0,262.0,1.0,0.8768524527549744,1.0,401.47863247863245,981.8177083333334,3.749765543477903
3392,2,197.0,157.0,1.0,0.8703819513320923,1.0,457.7606837606837,588.3411458333334,3.749765543477903
3392,3,170.0,159.0,1.0,0.8647879958152771,1.0,356.45299145299145,595.8359375,3.749765543477903
3392,4,128.0,185.0,1.0,0.8552576899528503,1.0,198.86324786324786,693.2682291666667,3.749765543477903
3392,5,105.0,110.0,1.0,0.849186897277832,1.0,112.56410256410255,412.2135416666667,3.749765543477903
3392,6,168.0,251.0,1.0,0.8456677198410034,1.0,348.94871794871796,940.5963541666667,3.749765543477903
3392,7,172.0,148.0,1.0,0.8201552629470825,1.0,363.95726495726495,554.6145833333334,3.749765543477903
3392,8,207.0,242.0,1.0156197547912598,0.8197578191757202,1.0,495.28205128205127,906.8697916666667,3.8083359617917427
3392,9,184.0,278.0,1.0,0.8197439312934875,1.0,408.98290598290595,1041.7760416666667,3.749765543477903
3392,10,205.0,67.0,1.4930245876312256,0.8153009414672852,1.0,487.77777777777777,251.07552083333334,5.598492154264875
3392,11,152.0,248.0,1.0,0.8121084570884705,1.0,288.9145299145299,929.3541666666667,3.749765543477903
3392,12,112.0,136.0,1.8511013984680176,0.8053215146064758,1.0,138.82905982905982,509.64583333333337,6.941196241459132
3392,13,170.0,55.0,1.3547463417053223,0.8042590022087097,1.0,356.45299145299145,206.10677083333334,5.079981152279359
3392,14,147.0,264.0,1.3007628917694092,0.799347460269928,1.0,270.15384615384613,989.3125000000001,4.877555871791607
3392,15,164.0,273.0,1.648449182510376,0.7955232858657837,1.0,333.9401709401709,1023.0390625000001,6.181297944751725
3392,16,139.0,73.0,2.037369728088379,0.792360782623291,1.0,240.13675213675214,273.55989583333337,7.639658805710748
3392,17,125.0,176.0,1.736969232559204,0.7892788648605347,1.0,187.6068376068376,659.5416666666667,6.51322737833176
3392,18,203.0,96.0,2.2084434032440186,0.7891644239425659,1.0,480.2735042735043,359.75,8.281144978205496
3392,19,252.0,155.0,2.1151819229125977,0.7840279936790466,1.0,664.1282051282051,580.8463541666667,7.931436292724992
3392,20,235.0,191.0,2.127007484436035,0.7811952829360962,1.0,600.3418803418804,715.7526041666667,7.975779375857857
3392,21,199.0,147.0,1.2663071155548096,0.7767661213874817,1.0,465.2649572649572,550.8671875,4.7483547893683165
3392,22,141.0,107.0,2.348710298538208,0.7766321301460266,1.0,247.64102564102564,400.9713541666667,8.807112949070271
3392,23,148.0,290.0,1.271926760673523,0.7709733843803406,1.0,273.9059829059829,1086.7447916666667,4.769427141001041
3392,24,171.0,91.0,2.51688814163208,0.7695545554161072,1.0,360.2051282051282,341.01302083333337,9.437740430280106
3392,25,149.0,161.0,2.6699206829071045,0.7695531249046326,1.0,277.65811965811963,603.3307291666667,10.011576580584054
3392,26,193.0,248.0,3.014382839202881,0.6273724436759949,0.9999998807907104,442.7521367521367,929.3541666666667,11.303228905294056
3460,0,173.0,166.0,1.0,0.8945160508155823,1.0,896.2622950819672,1110.9895833333333,6.69061613472893
3460,1,154.0,175.0,1.0,0.8659477233886719,1.0,769.1803278688525,1171.2239583333333,6.69061613472893
3460,2,208.0,89.0,1.405447006225586,0.8383225798606873,1.0,1130.360655737705,595.6510416666666,9.403306416359376
3460,3,152.0,165.0,1.2367125749588013,0.8301809430122375,1.0,755.8032786885246,1104.296875,8.274369108041517
3460,4,157.0,246.0,1.2002909183502197,0.8203176259994507,1.0,789.2459016393443,1646.40625,8.030685784682584
3460,5,138.0,98.0,1.303763747215271,0.8158978223800659,1.0,662.1639344262295,655.8854166666666,8.72298276299314
3460,6,167.0,256.0,1.0,0.8140446543693542,1.0,856.1311475409836,1713.3333333333335,6.69061613472893
3460,7,175.0,156.0,2.5671870708465576,0.804180383682251,1.0,909.6393442622951,1044.0625,17.17606323707348
3460,8,227.0,188.0,1.6891188621520996,0.8039839863777161,1.0,1257.4426229508197,1258.2291666666667,11.301245912589808
3460,9,185.0,252.0,1.0,0.7996243238449097,1.0,976.5245901639345,1686.5625,6.69061613472893
3460,10,176.0,83.0,1.8811471462249756,0.7955858111381531,1.0,916.327868852459,555.4947916666666,12.586033448332103
3460,11,205.0,111.0,1.3154199123382568,0.7945719361305237,1.0,1110.295081967213,742.890625,8.800969689434055
3460,12,132.0,178.0,2.4584105014801025,0.7651869058609009,1.0,622.032786885246,1191.3020833333333,16.448280966989813
3460,13,176.0,108.0,1.9436570405960083,0.7647206783294678,1.0,916.327868852459,722.8125,13.004263156191135
3460,14,142.0,122.0,1.1521155834197998,0.7640575766563416,1.0,688.9180327868853,816.5104166666667,7.708363111501146
3460,15,200.0,154.0,3.215611696243286,0.7609682679176331,1.0,1076.8524590163934,1030.6770833333333,21.514423497908393
3460,16,204.0,230.0,2.2537477016448975,0.7573733329772949,1.0,1103.6065573770493,1539.3229166666667,15.078960736233592
3460,17,197.0,163.0,1.916032075881958,0.7471608519554138,1.0,1056.7868852459017,1090.9114583333333,12.819435121553992
3460,18,244.0,160.0,3.5261311531066895,0.74186772108078,1.0,1371.1475409836066,1070.8333333333333,23.59198998614594
3460,19,135.0,184.0,1.7128760814666748,0.7399833798408508,1.0,642.0983606557377,1231.4583333333333,11.460196347452198
3460,20,152.0,264.0,1.6835076808929443,0.7392330169677734,1.0,755.8032786885246,1766.875,11.263703652722414
3460,21,163.0,237.0,1.4014265537261963,0.7310896515846252,1.0,829.3770491803278,1586.171875,9.376407111998049
3460,22,177.0,266.0,1.4891865253448486,0.72687166929245,1.0,923.016393442623,1780.2604166666667,9.963575394093157
3460,23,107.0,136.0,2.9062905311584473,0.7217820882797241,1.0,454.81967213114757,910.2083333333334,19.444874319978616
3460,24,176.0,242.0,4.153927326202393,0.7033727169036865,1.0,916.327868852459,1619.6354166666667,27.79233319118113
3460,25,194.0,237.0,2.3140335083007812,0.6962936520576477,1.0,1036.72131147541,1586.171875,15.482309926940596
3460,26,113.0,147.0,6.900262355804443,0.5721940398216248,0.9999979734420776,494.95081967213116,983.828125,46.16700665160786
3460,27,206.0,182.0,20.22964859008789,0.19664056599140167,0.9968606233596802,1116.983606557377,1218.0729166666667,135.34881325673837
3468,0,197.0,187.0,1.0,0.8710408806800842,1.0,527.0648967551622,563.4348958333334,3.012410059776046
3468,1,201.0,279.0,1.0,0.8392322659492493,1.0,539.1120943952802,840.6328125,3.012410059776046
3468,2,134.0,277.0,1.0,0.8352053761482239,1.0,337.32153392330383,834.6067708333334,3.012410059776046
3468,3,276.0,219.0,1.1874403953552246,0.8331170678138733,1.0,764.9970501474926,659.8515625,3.577057392352524
3468,4,145.0,264.0,1.0,0.8246623277664185,1.0,370.4513274336283,795.4375,3.012410059776046
3468,5,275.0,121.0,1.208744764328003,0.8115067481994629,1.0,761.9852507374632,364.57552083333337,3.6412348877633023
3468,6,142.0,191.0,1.5393142700195312,0.8114752769470215,1.0,361.4159292035398,575.4869791666667,4.637045792163657
3468,7,142.0,139.0,1.6061593294143677,0.8050954937934875,1.0,361.4159292035398,418.80989583333337,4.83841052153099
3468,8,147.0,289.0,1.0,0.8038162589073181,1.0,376.47492625368733,870.7630208333334,3.012410059776046
3468,9,225.0,198.0,1.7749409675598145,0.8021644949913025,1.0,611.3952802359881,596.578125,5.346850026185813
3468,10,161.0,273.0,1.0,0.8016451597213745,1.0,418.6401179941003,822.5546875,3.012410059776046
3468,11,245.0,89.0,2.193601608276367,0.7960352301597595,1.0,671.6312684365781,268.1588541666667,6.608027551912643
3468,12,169.0,188.0,1.0369651317596436,0.7945894598960876,1.0,442.7345132743363,566.4479166666667,3.1237641945497434
3468,13,198.0,90.0,2.6121344566345215,0.785502552986145,1.0,530.0766961651917,271.171875,7.868820114653468
3468,14,142.0,181.0,2.8973124027252197,0.7746894955635071,1.0,361.4159292035398,545.3567708333334,8.72789302828336
3468,15,246.0,244.0,3.022881507873535,0.7661048769950867,1.0,674.6430678466077,735.1770833333334,9.10615866382922
3468,16,186.0,122.0,1.9670004844665527,0.7651832699775696,1.0,493.93510324483776,367.5885416666667,5.9254120469914
3468,17,173.0,177.0,2.021329879760742,0.7635380625724792,1.0,454.78171091445427,533.3046875,6.089074463917165
3468,18,260.0,146.0,1.333977460861206,0.7530279159545898,1.0,716.8082595870206,439.9010416666667,4.018487122612804
3468,19,229.0,123.0,1.8201162815093994,0.7486394047737122,1.0,623.4424778761062,370.6015625,5.4829365963810845
3468,20,144.0,116.0,3.895684242248535,0.7417075634002686,1.0,367.4395280235988,349.5104166666667,11.735398401060511
3468,21,232.0,189.0,2.7854278087615967,0.7400569319725037,1.0,632.4778761061947,569.4609375,8.390850751893383
3468,22,160.0,305.0,2.093268871307373,0.7390313744544983,1.0,415.62831858407077,918.9713541666667,6.3057842057423805
3468,23,187.0,282.0,2.077863931655884,0.7355911135673523,1.0,496.94690265486724,849.671875,6.259378210565991
3468,24,203.0,176.0,3.3588767051696777,0.724965512752533,1.0,545.1356932153392,530.2916666666667,10.118313976200557
3468,25,170.0,293.0,1.7517879009246826,0.7142264246940613,1.0,445.74631268436576,882.8151041666667,5.277103495339477
3468,26,126.0,297.0,3.6850996017456055,0.6713613271713257,0.9999998807907104,313.22713864306786,894.8671875,11.101031111575162
3468,27,179.0,274.0,3.6909117698669434,0.5164750218391418,0.9999991655349731,472.8525073746313,825.5677083333334,11.118539745292992
3493,0,179.0,168.0,1.0,0.8662212491035461,1.0,936.3934426229508,1124.375,6.69061613472893
3493,1,164.0,71.0,1.0,0.8438864946365356,1.0,836.0655737704918,475.1822916666667,6.69061613472893
3493,2,130.0,107.0,1.3122265338897705,0.8313495516777039,1.0,608.655737704918,716.1197916666666,8.779604020062317
3493,3,293.0,170.0,1.4013957977294922,0.8275906443595886,1.0,1698.8852459016393,1137.7604166666667,9.37620133543026
3493,4,159.0,176.0,1.3747570514678955,0.8263117671012878,1.0,802.6229508196722,1177.9166666666667,9.19797170988347
3493,5,201.0,162.0,1.0,0.8235909342765808,1.0,1083.5409836065573,1084.21875,6.69061613472893
3493,6,228.0,242.0,1.0,0.8144091367721558,1.0,1264.1311475409836,1619.6354166666667,6.69061613472893
3493,7,205.0,151.0,1.0647473335266113,0.8132140636444092,1.0,1110.295081967213,1010.5989583333334,7.12381568910275
3493,8,234.0,154.0,1.4900174140930176,0.8054897785186768,1.0,1304.2622950819673,1030.6770833333333,9.96913455175782
3493,9,139.0,130.0,1.2261669635772705,0.7995500564575195,1.0,668.8524590163935,870.0520833333334,8.203812470381665
3493,10,194.0,276.0,1.0,0.787109375,1.0,1036.72131147541,1847.1875,6.69061613472893
3493,11,212.0,57.0,2.298895835876465,0.7840027213096619,1.0,1157.1147540983607,381.484375,15.381029571576224
3493,12,266.0,203.0,2.328385829925537,0.7823473811149597,1.0,1518.2950819672133,1358.6197916666667,15.578335801574008
3493,13,169.0,105.0,2.11696195602417,0.7711277008056641,1.0,869.5081967213115,702.734375,14.163779819582626
3493,14,254.0,72.0,1.7257418632507324,0.7696214318275452,1.0,1438.032786885246,481.875,11.546276354642515
3493,15,248.0,104.0,2.3299689292907715,0.7638983130455017,1.0,1397.9016393442623,696.0416666666666,15.588927711729923
3493,16,209.0,94.0,3.7075090408325195,0.7581487894058228,1.0,1137.049180327869,629.1145833333334,24.805519808247432
3493,17,191.0,245.0,1.4768880605697632,0.7570337653160095,1.0,1016.655737704918,1639.7135416666667,9.881291087236574
3493,18,203.0,259.0,1.5774081945419312,0.7512535452842712,1.0,1096.9180327868853,1733.4114583333335,10.553832717455874
3493,19,229.0,164.0,1.7223429679870605,0.7487097382545471,1.0,1270.8196721311476,1097.6041666666667,11.523535651151139
3493,20,181.0,264.0,1.8735076189041138,0.7335584759712219,1.0,949.7704918032787,1766.875,12.534920303577442
3493,21,179.0,158.0,4.54290771484375,0.7317099571228027,1.0,936.3934426229508,1057.4479166666667,30.394851655518124
3493,22,155.0,167.0,1.8957033157348633,0.7264130115509033,1.0,775.8688524590165,1117.6822916666667,12.683423190914807
3493,23,177.0,241.0,2.3950858116149902,0.6739804744720459,1.0,923.016393442623,1612.9427083333333,16.024599775251588
3493,24,212.0,244.0,1.5221854448318481,0.6254757046699524,1.0,1157.1147540983607,1633.0208333333335,10.184358497241496
3493,25,168.0,253.0,3.3758161067962646,0.6238290071487427,0.9999998807907104,862.8196721311475,1693.2552083333335,22.586289712008888
3493,26,164.0,274.0,4.534246444702148,0.5738034844398499,0.9999995231628418,836.0655737704918,1833.8020833333335,30.33690242176148
3567,0,213.0,184.0,1.0,0.9037972092628479,1.0,525.2777777777778,528.5208333333334,2.871382923257591
3567,1,181.0,186.0,1.0,0.9027091264724731,1.0,433.4259259259259,534.265625,2.871382923257591
3567,2,155.0,198.0,1.0,0.867600679397583,1.0,358.7962962962963,568.734375,2.871382923257591
3567,3,192.0,317.0,1.0,0.8633800148963928,1.0,465.0,910.5494791666666,2.871382923257591
3567,4,189.0,283.0,1.0,0.8469938039779663,1.0,456.3888888888889,812.8880208333334,2.871382923257591
3567,5,129.0,213.0,1.0,0.8467007279396057,1.0,284.1666666666667,611.8203125,2.871382923257591
3567,6,171.0,281.0,1.0,0.8331522941589355,1.0,404.72222222222223,807.1432291666666,2.871382923257591
3567,7,204.0,301.0,1.0872926712036133,0.826542317867279,1.0,499.44444444444446,864.5911458333334,3.122033608677186
3567,8,163.0,295.0,1.0,0.8229434490203857,1.0,381.75925925925924,847.3567708333334,2.871382923257591
3567,9,181.0,304.0,1.0,0.8222261667251587,1.0,433.4259259259259,873.2083333333334,2.871382923257591
3567,10,174.0,113.0,1.8141751289367676,0.8078752160072327,1.0,413.3333333333333,324.5807291666667,5.209191485027673
3567,11,169.0,76.0,2.0064706802368164,0.8048263192176819,1.0,398.98148148148147,218.30208333333334,5.761345647249037
3567,12,102.0,141.0,1.4107427597045898,0.8036355972290039,1.0,206.66666666666666,405.0078125,4.050782669325047
3567,13,219.0,88.0,1.8246220350265503,0.800510823726654,1.0,542.5,252.77083333333334,5.239188552774751
3567,14,153.0,186.0,2.3716752529144287,0.7932587265968323,1.0,353.05555555555554,534.265625,6.809987820731119
3567,15,125.0,202.0,2.8137271404266357,0.7928464412689209,1.0,272.68518518518516,580.2239583333334,8.079288061727455
3567,16,181.0,173.0,1.9784127473831177,0.7843025326728821,1.0,433.4259259259259,496.9244791666667,5.680780577991018
3567,17,135.0,96.0,1.8403236865997314,0.7839083671569824,1.0,301.3888888888889,275.75,5.284274006968924
3567,18,217.0,172.0,1.9196646213531494,0.7723673582077026,1.0,536.7592592592592,494.0520833333333,5.512092212135183
3567,19,142.0,130.0,1.378443956375122,0.7674535512924194,1.0,321.48148148148147,373.4114583333333,3.958040437003157
3567,20,231.0,274.0,2.5944466590881348,0.7622412443161011,1.0,576.9444444444445,787.0364583333334,7.4496498322083795
3567,21,220.0,118.0,3.2055163383483887,0.7615004181861877,1.0,545.3703703703703,338.9427083333333,9.204264874156765
3567,22,110.0,162.0,1.8955070972442627,0.7542084455490112,1.0,229.62962962962962,465.328125,5.442726709940742
3567,23,157.0,314.0,3.398320198059082,0.7376983165740967,1.0,364.537037037037,901.9322916666666,9.757878584468203
3567,24,280.0,188.0,4.177694797515869,0.7155299186706543,1.0,717.5925925925926,540.0104166666666,11.995761500169147
3567,25,265.0,224.0,3.4285855293273926,0.7077535390853882,1.0,674.5370370370371,643.4166666666666,9.844781939838764
3567,26,216.0,281.0,3.2111597061157227,0.6741251945495605,1.0,533.8888888888889,807.1432291666666,9.22046914399355
3567,27,205.0,276.0,1.4668128490447998,0.6055362224578857,1.0,502.31481481481484,792.78125,4.211781366362053
3567,28,175.0,124.0,9.721611022949219,0.5564188957214355,0.9999920129776001,416.2037037037037,356.1770833333333,27.914467877849148
3595,0,153.0,167.0,1.0,0.8928340673446655,1.0,386.484375,391.8055555555556,2.5269095731230156
3595,1,143.0,254.0,1.0,0.8894771337509155,1.0,361.22395833333337,611.7222222222223,2.5269095731230156
3595,2,126.0,175.0,1.0,0.8431299924850464,1.0,318.28125,412.02777777777777,2.5269095731230156
3595,3,117.0,268.0,1.0,0.8407272100448608,1.0,295.546875,647.1111111111111,2.5269095731230156
3595,4,124.0,250.0,1.1758315563201904,0.834471583366394,1.0,313.2291666666667,601.6111111111111,2.9712200160456237
3595,5,100.0,183.0,1.0,0.8230164051055908,1.0,252.60416666666669,432.25,2.5269095731230156
3595,6,133.0,280.0,1.0,0.8182365894317627,1.0,335.9635416666667,677.4444444444445,2.5269095731230156
3595,7,117.0,110.0,2.089905261993408,0.8176069259643555,1.0,295.546875,247.72222222222223,5.281001613451307
3595,8,93.0,172.0,1.3594664335250854,0.8040484189987183,1.0,234.921875,404.44444444444446,3.435248745213942
3595,9,235.0,229.0,1.0,0.8033007383346558,1.0,593.6197916666667,548.5277777777778,2.5269095731230156
3595,10,125.0,160.0,2.1872458457946777,0.8018603920936584,1.0,315.75520833333337,374.11111111111114,5.5269724665121185
3595,11,192.0,160.0,1.1123073101043701,0.7991639971733093,1.0,485.0,374.11111111111114,2.8106999901574437
3595,12,184.0,173.0,1.0,0.7961457371711731,1.0,464.7916666666667,406.97222222222223,2.5269095731230156
3595,13,166.0,99.0,1.9548420906066895,0.7639545202255249,1.0,419.3229166666667,219.91666666666669,4.939709192697853
3595,14,72.0,136.0,1.7187657356262207,0.7578075528144836,1.0,181.875,313.44444444444446,4.343165591309719
3595,15,174.0,66.0,1.9406300783157349,0.7511008381843567,1.0,439.53125,136.5,4.903796722786498
3595,16,215.0,115.0,1.6961878538131714,0.7479909658432007,1.0,543.0989583333334,260.36111111111114,4.286113325615485
3595,17,150.0,290.0,1.0,0.7463595271110535,1.0,378.90625,702.7222222222223,2.5269095731230156
3595,18,63.0,114.0,2.9566080570220947,0.7462267279624939,1.0,159.140625,257.83333333333337,7.47108120326177
3595,19,271.0,214.0,1.7315654754638672,0.7401261925697327,1.0,684.5572916666667,510.61111111111114,4.375509376438952
3595,20,156.0,152.0,1.1939654350280762,0.7368990778923035,1.0,394.0625,353.8888888888889,3.0170426877504317
3595,21,116.0,76.0,3.28979229927063,0.7293329834938049,1.0,293.02083333333337,161.77777777777777,8.313007654613331
3595,22,186.0,254.0,2.2952866554260254,0.699497401714325,1.0,469.84375,611.7222222222223,5.799981822657532
3595,23,229.0,89.0,3.7034053802490234,0.6640313863754272,0.9999998807907104,578.4635416666667,194.63888888888889,9.35817050850654
3595,24,68.0,127.0,17.412227630615234,0.27499911189079285,0.9994014501571655,171.77083333333334,290.69444444444446,43.99912468919872
3595,25,110.0,298.0,22.757020950317383,0.21020112931728363,0.9970995187759399,277.86458333333337,722.9444444444445,57.504934095118024
3595,26,168.0,272.0,23.500640869140625,0.20574338734149933,0.9967654943466187,424.375,657.2222222222223,59.38399438675743
3595,27,320.0,206.0,38.9164924621582,0.20307208597660065,0.9971739053726196,808.3333333333334,490.3888888888889,98.33845735499725
3595,28,198.0,229.0,23.871109008789062,0.17096060514450073,0.9898681640625,500.15625,548.5277777777778,60.32013387537214
3596,0,145.0,167.0,1.7723102569580078,0.7298644781112671,1.0,762.1635220125786,1136.8177083333333,12.062629770998711
3596,1,180.0,155.0,3.035726308822632,0.7296430468559265,1.0,1000.3396226415094,1055.1302083333333,20.66164341465837
3596,2,200.0,237.0,1.6834454536437988,0.7269269824028015,1.0,1136.440251572327,1613.328125,11.457801571283948
3596,3,165.0,163.0,1.8734897375106812,0.725533127784729,1.0,898.2641509433962,1109.5885416666665,12.751273652360496
3596,4,160.0,154.0,2.554474115371704,0.7167637944221497,1.0,864.2389937106918,1048.3229166666665,17.38616328171394
3596,5,200.0,152.0,2.7197694778442383,0.7152903079986572,1.0,1136.440251572327,1034.7083333333333,18.511190207750886
3596,6,248.0,150.0,3.103952407836914,0.7134087085723877,1.0,1463.0817610062893,1021.0937499999999,21.126001260525246
3596,7,179.0,215.0,2.748429536819458,0.7060175538063049,1.0,993.5345911949686,1463.5677083333333,18.70625519666905
3596,8,202.0,143.0,4.39290714263916,0.703476071357727,0.9999998807907104,1150.0503144654087,973.4427083333333,29.898835303805125
3596,9,192.0,215.0,3.614391326904297,0.6958436369895935,0.9999998807907104,1082.0,1463.5677083333333,24.60013096058515
3596,10,174.0,104.0,2.7894296646118164,0.6934490203857422,1.0,959.5094339622641,707.9583333333333,18.985308686418488
3596,11,201.0,107.0,4.98335075378418,0.6763049364089966,0.9999998807907104,1143.245283018868,728.3802083333333,33.91748985592548
3596,12,179.0,144.0,3.073716640472412,0.654253363609314,0.9999998807907104,993.5345911949686,980.2499999999999,20.92021174589137
3596,13,147.0,118.0,4.8661627769470215,0.6157363057136536,0.9999992847442627,775.7735849056604,803.2604166666666,33.11988956407517
3596,14,173.0,79.0,6.392576694488525,0.5826869010925293,0.9999988079071045,952.7044025157232,537.7760416666666,43.50890914589841
3596,15,237.0,174.0,10.78052043914795,0.5337976217269897,0.9999905824661255,1388.2264150943397,1184.46875,73.37396276164941
3596,16,151.0,175.0,7.585977554321289,0.5158966183662415,0.9999954700469971,802.9937106918239,1191.2760416666665,51.63138808774163
3596,17,187.0,232.0,10.405487060546875,0.47063976526260376,0.999984622001648,1047.9748427672955,1579.2916666666665,70.8214250329583
3596,18,124.0,144.0,8.057336807250977,0.46593737602233887,0.9999933242797852,619.2578616352201,980.2499999999999,54.83953527015681
3596,19,139.0,94.0,9.263452529907227,0.45987915992736816,0.9999802112579346,721.3333333333334,639.8854166666666,63.048553621353776
3596,20,200.0,85.0,9.56827449798584,0.41686874628067017,0.999976634979248,1136.440251572327,578.6197916666666,65.12322115349943
3596,21,115.0,126.0,14.90226936340332,0.32797327637672424,0.999710738658905,558.0125786163522,857.71875,101.42725144917449
3596,22,219.0,206.0,15.556751251220703,0.2755761742591858,0.9990020394325256,1265.7358490566037,1402.3020833333333,105.88176085212518
3596,23,113.0,80.0,20.586633682250977,0.25889554619789124,0.9995517134666443,544.4025157232704,544.5833333333333,140.1159528165216
3596,24,201.0,76.0,22.286182403564453,0.18065814673900604,0.9923957586288452,1143.245283018868,517.3541666666666,151.68335582764374
3596,25,131.0,152.0,19.903079986572266,0.1715206354856491,0.9947189092636108,666.8930817610063,1034.7083333333333,135.46357599525174
3602,0,143.0,191.0,1.0,0.8911361694335938,1.0,295.9737704918033,543.15625,2.8448256162522942
3602,1,171.0,182.0,1.0,0.8846995830535889,1.0,375.65901639344264,517.5625,2.8448256162522942
3602,2,124.0,303.0,1.0,0.863016664981842,1.0,241.9016393442623,861.6562499999999,2.8448256162522942
3602,3,208.0,186.0,1.0,0.859454333782196,1.0,480.9573770491803,528.9375,2.8448256162522942
3602,4,113.0,201.0,1.0,0.8502512574195862,1.0,210.59672131147542,571.59375,2.8448256162522942
3602,5,140.0,321.0,1.0,0.8433961868286133,1.0,287.43606557377046,912.8437499999999,2.8448256162522942
3602,6,93.0,141.0,1.4154871702194214,0.8234832286834717,1.0,153.67868852459017,400.96874999999994,4.026814161316682
3602,7,136.0,67.0,1.5013997554779053,0.7987191081047058,1.0,276.0524590163934,190.53124999999997,4.271220484618476
3602,8,85.0,110.0,1.751823902130127,0.7870128154754639,1.0,130.91147540983607,312.8125,4.983633511942837
3602,9,182.0,51.0,2.0138373374938965,0.7867518663406372,1.0,406.9639344262295,145.03125,5.7290160446679534
3602,10,284.0,198.0,1.7778995037078857,0.7838922142982483,1.0,697.2459016393442,563.0625,5.057814051270434
3602,11,137.0,111.0,1.541995882987976,0.7759069800376892,1.0,278.8983606557377,315.65625,4.38670938807977
3602,12,239.0,75.0,1.9299399852752686,0.7724968194961548,1.0,569.1803278688525,213.28124999999997,5.490342707940659
3602,13,110.0,189.0,1.8283613920211792,0.7632647752761841,1.0,202.05901639344262,537.46875,5.201369323788554
3602,14,142.0,178.0,3.451045274734497,0.7628761529922485,1.0,293.127868852459,506.18749999999994,9.817622000411134
3602,15,212.0,173.0,1.3856229782104492,0.761572539806366,1.0,492.34098360655736,491.96874999999994,3.9418557428808803
3602,16,230.0,113.0,1.929990530014038,0.7531455159187317,1.0,543.567213114754,321.34375,5.490486498908278
3602,17,209.0,293.0,1.9926116466522217,0.75104159116745,1.0,483.8032786885246,833.2187499999999,5.6686326556389055
3602,18,154.0,339.0,1.098238229751587,0.7396800518035889,1.0,327.27868852459017,964.0312499999999,3.124296248744887
3602,19,115.0,337.0,1.4244558811187744,0.7357631921768188,1.0,216.28852459016395,958.3437499999999,4.052328579827922
3602,20,156.0,296.0,1.2693445682525635,0.7334904670715332,1.0,332.97049180327866,841.7499999999999,3.6110639436156013
3602,21,174.0,168.0,1.5489009618759155,0.7277914881706238,1.0,384.1967213114754,477.74999999999994,4.406353133382423
3602,22,257.0,240.0,3.2951109409332275,0.719452440738678,0.9999998807907104,620.4065573770491,682.5,9.374016013160047
3602,23,180.0,97.0,3.3173909187316895,0.7141212224960327,1.0,401.27213114754096,275.84375,9.437398664730642
3602,24,137.0,288.0,2.528643846511841,0.7110375165939331,1.0,278.8983606557377,818.9999999999999,7.193550788935619
3602,25,168.0,319.0,3.745884418487549,0.6646636128425598,1.0,367.1213114754098,907.1562499999999,10.656387949233707
3602,26,191.0,296.0,3.9723525047302246,0.5643461346626282,0.9999992847442627,432.5770491803279,841.7499999999999,11.300650162240506
3602,27,252.0,251.0,12.040006637573242,0.47688817977905273,0.9999847412109375,606.1770491803279,713.78125,34.251719302416014
3602,28,181.0,291.0,4.264548301696777,0.4250480830669403,0.9999970197677612,404.11803278688524,827.5312499999999,12.13189625041221
3602,29,321.0,78.0,26.569618225097656,0.24050724506378174,0.9966229200363159,802.5442622950819,221.81249999999997,75.58593054080163
3602,30,114.0,218.0,22.29250717163086,0.2140784114599228,0.9978893399238586,213.44262295081967,619.9375,63.41829545234345
3678,0,170.0,199.0,1.1388503313064575,0.8365916013717651,1.0,677.7864583333333,793.4088541666666,4.540572544870277
3678,1,186.0,191.0,1.0,0.8335875868797302,1.0,741.578125,761.5130208333333,3.9869791666666665
3678,2,261.0,196.0,1.24385666847229,0.8205102682113647,1.0,1040.6015625,781.4479166666666,4.959230623518427
3678,3,153.0,120.0,1.7959086894989014,0.8118560314178467,1.0,610.0078125,478.4375,7.160250530267755
3678,4,127.0,172.0,1.0,0.8075041770935059,1.0,506.34635416666663,685.7604166666666,3.9869791666666665
3678,5,208.0,193.0,1.885359525680542,0.8034302592277527,1.0,829.2916666666666,769.4869791666666,7.516889150564869
3678,6,198.0,106.0,1.3255256414413452,0.7954840660095215,1.0,789.421875,422.61979166666663,5.284843117309113
3678,7,224.0,145.0,2.537041187286377,0.7889861464500427,1.0,893.0833333333333,578.1119791666666,10.115130358686049
3678,8,195.0,136.0,2.3746328353881836,0.7870913147926331,1.0,777.4609375,542.2291666666666,9.467611643175283
3678,9,189.0,182.0,2.803380250930786,0.7840481400489807,1.0,753.5390625,725.6302083333333,11.177018656705815
3678,10,148.0,199.0,2.427992582321167,0.7796027064323425,1.0,590.0729166666666,793.4088541666666,9.680355842535693
3678,11,157.0,148.0,1.4662246704101562,0.7773966789245605,1.0,625.9557291666666,590.0729166666666,5.8458072145779925
3678,12,152.0,206.0,1.6124482154846191,0.7676547765731812,1.0,606.0208333333333,821.3177083333333,6.428797442466021
3678,13,184.0,277.0,1.2127289772033691,0.7626075744628906,1.0,733.6041666666666,1104.3932291666667,4.835125166922808
3678,14,189.0,265.0,1.2584457397460938,0.7484183311462402,1.0,753.5390625,1056.5494791666667,5.017396946748097
3678,15,173.0,269.0,1.7177443504333496,0.7403379082679749,1.0,689.7473958333333,1072.4973958333333,6.848610938837131
3678,16,180.0,255.0,2.438375473022461,0.7376599311828613,1.0,717.65625,1016.6796875,9.72175221145153
3678,17,167.0,190.0,2.1205780506134033,0.7335754632949829,1.0,665.8255208333333,757.5260416666666,8.454700509086251
3678,18,240.0,221.0,2.701974868774414,0.7301420569419861,1.0,956.875,881.1223958333333,10.772717510660488
3678,19,230.0,123.0,5.062769889831543,0.7282617092132568,1.0,917.0052083333333,490.3984375,20.185158076385655
3678,20,117.0,157.0,3.1934356689453125,0.7190932035446167,1.0,466.4765625,625.9557291666666,12.73216148217519
3678,21,212.0,185.0,5.166662693023682,0.7190704345703125,0.9999998807907104,845.2395833333333,737.5911458333333,20.599376518279314
3678,22,209.0,252.0,2.448927640914917,0.6951506733894348,1.0,833.2786458333333,1004.71875,9.763823485001922
3678,23,163.0,262.0,2.927884340286255,0.6804824471473694,0.9999998807907104,649.8776041666666,1044.5885416666667,11.673413867130876
3678,24,196.0,253.0,1.536961317062378,0.6731325387954712,1.0,781.4479166666666,1008.7057291666666,6.127832751100262
3678,25,169.0,252.0,5.1926140785217285,0.6591766476631165,0.9999996423721313,673.7994791666666,1004.71875,20.70284415160616
3678,26,158.0,279.0,7.339849472045898,0.6114938259124756,0.9999992847442627,629.9427083333333,1112.3671875,29.263826931516327
3700,0,190.0,261.0,1.0,0.8622910380363464,1.0,394.08866995073896,1027.0078125,3.937890127153166
3700,1,137.0,168.0,1.0,0.8548311591148376,1.0,185.22167487684732,661.0625,3.937890127153166
3700,2,167.0,269.0,1.0,0.8321657180786133,1.0,303.448275862069,1058.4869791666667,3.937890127153166
3700,3,176.0,246.0,1.0,0.8313909769058228,1.0,338.9162561576355,967.984375,3.937890127153166
3700,4,215.0,231.0,1.9553658962249756,0.7795788049697876,1.0,492.6108374384237,908.9609375,7.700016057716334
3700,5,159.0,158.0,1.3374003171920776,0.7684020400047302,1.0,271.92118226600985,621.7135416666667,5.266535505122196
3700,6,186.0,137.0,1.7555503845214844,0.767733097076416,1.0,378.3251231527094,539.0807291666667,6.913164526927098
3700,7,183.0,149.0,1.5509414672851562,0.7611737251281738,1.0,366.5024630541872,586.2994791666667,6.107437091814662
3700,8,188.0,279.0,1.805351734161377,0.7525337338447571,1.0,386.2068965517242,1097.8359375,7.109276769992934
3700,9,133.0,114.0,3.885160446166992,0.7519448399543762,1.0,169.45812807881774,448.578125,15.299334963366988
3700,10,152.0,255.0,1.300209641456604,0.7385705709457397,1.0,244.33497536945816,1003.3984375,5.120082710321319
3700,11,217.0,137.0,2.8097474575042725,0.731650710105896,1.0,500.49261083743846,539.0807291666667,11.064476772699784
3700,12,240.0,180.0,2.751359701156616,0.721721887588501,1.0,591.1330049261085,708.28125,10.834552203431725
3700,13,214.0,148.0,4.494699001312256,0.7140331268310547,1.0,488.6699507389163,582.3645833333334,17.699630821792727
3700,14,223.0,83.0,4.752427101135254,0.7119088768959045,0.9999998807907104,524.1379310344828,326.5963541666667,18.714535761575657
3700,15,227.0,57.0,4.0471296310424805,0.7111834287643433,1.0,539.9014778325123,224.2890625,15.93715181739122
3700,16,159.0,240.0,1.7659378051757812,0.6939260363578796,1.0,271.92118226600985,944.375,6.954069048168241
3700,17,253.0,141.0,4.131808280944824,0.6908338069915771,0.9999998807907104,642.3645320197045,554.8203125,16.27060703682232
3700,18,161.0,146.0,5.17376708984375,0.6818263530731201,0.9999996423721313,279.8029556650247,574.4947916666667,20.37372634328567
3700,19,199.0,45.0,4.873099327087402,0.6754361391067505,0.9999998807907104,429.5566502463055,177.0703125,19.189729728774218
3700,20,165.0,57.0,4.675534248352051,0.6598061919212341,0.9999997615814209,295.56650246305423,224.2890625,18.41174015575204
3700,21,135.0,88.0,5.613952159881592,0.6585996150970459,0.9999995231628418,177.33990147783254,346.27083333333337,22.107126784707912
3700,22,201.0,241.0,3.099505662918091,0.652544379234314,0.9999998807907104,437.43842364532026,948.3098958333334,12.20551274906048
3700,23,136.0,157.0,6.5418806076049805,0.651817798614502,0.9999997615814209,181.28078817733993,617.7786458333334,25.761207057702407
3700,24,151.0,285.0,3.3388748168945312,0.6238079071044922,0.9999997615814209,240.39408866995078,1121.4453125,13.14812217724931
3700,25,161.0,91.0,6.980609893798828,0.6057088971138,0.9999985694885254,279.8029556650247,358.07552083333337,27.48887478229812
3700,26,192.0,80.0,10.959166526794434,0.5331798195838928,0.9999939203262329,401.97044334975374,314.7916666666667,43.155993667691256
3700,27,169.0,32.0,29.3920841217041,0.32388731837272644,0.9987474679946899,311.3300492610838,125.91666666666667,115.74279787931393
3700,28,191.0,238.0,5.883800506591797,0.2391010820865631,0.9999357461929321,398.0295566502463,936.5052083333334,23.169759925046634
3700,29,225.0,182.0,20.141576766967773,0.15215003490447998,0.9899753928184509,532.0197044334976,716.1510416666667,79.31531629593998
3725,0,168.0,169.0,1.0,0.8811737895011902,1.0,329.7710843373494,551.4505208333334,3.2640403778681124
3725,1,189.0,159.0,1.0,0.8708406090736389,1.0,398.33734939759034,518.8203125,3.2640403778681124
3725,2,145.0,177.0,1.0,0.854507327079773,1.0,254.67469879518072,577.5546875,3.2640403778681124
3725,3,215.0,158.0,1.0599905252456665,0.8507394194602966,1.0,483.2289156626506,515.5572916666666,3.4598518745594844
3725,4,169.0,252.0,1.0,0.8287705183029175,1.0,333.0361445783132,822.28125,3.2640403778681124
3725,5,225.0,232.0,1.0499845743179321,0.8286845684051514,1.0,515.8795180722891,757.0208333333334,3.4271920467123924
3725,6,274.0,157.0,1.0,0.8237411975860596,1.0,675.867469879518,512.2942708333334,3.2640403778681124
3725,7,165.0,111.0,1.0651633739471436,0.8213037848472595,1.0,319.9759036144578,362.1953125,3.476736261589708
3725,8,229.0,102.0,2.5618574619293213,0.8053127527236938,1.0,528.9397590361446,332.828125,8.362006198080026
3725,9,234.0,75.0,1.7514305114746094,0.7981822490692139,1.0,545.2650602409639,244.7265625,5.7167399084833255
3725,10,202.0,249.0,1.0,0.795377790927887,1.0,440.78313253012044,812.4921875,3.2640403778681124
3725,11,254.0,188.0,1.9509830474853516,0.7938576340675354,1.0,610.5662650602409,613.4479166666666,6.368087443528369
3725,12,195.0,63.0,1.7281749248504639,0.7921435832977295,1.0,417.92771084337346,205.5703125,5.640832734731105
3725,13,194.0,96.0,2.0486440658569336,0.7889471054077148,1.0,414.6626506024096,313.25,6.6868569508369315
3725,14,143.0,168.0,2.8871755599975586,0.7880464792251587,1.0,248.144578313253,548.1875,9.42385760582601
3725,15,188.0,239.0,1.0892057418823242,0.776482105255127,1.0,395.0722891566265,779.8619791666666,3.5552115213096993
3725,16,126.0,111.0,1.6023108959197998,0.7736907601356506,1.0,192.63855421686745,362.1953125,5.230007462180257
3725,17,218.0,147.0,1.2406193017959595,0.7679768204689026,1.0,493.0240963855421,479.6640625,4.0494314946245575
3725,18,130.0,132.0,1.5416452884674072,0.7647244334220886,1.0,205.69879518072287,430.71875,5.031992469907752
3725,19,168.0,81.0,2.571998119354248,0.7632946372032166,1.0,329.7710843373494,264.3046875,8.395105713373114
3725,20,191.0,148.0,1.9088784456253052,0.7607530951499939,1.0,404.86746987951807,482.9270833333333,6.2306563229631164
3725,21,168.0,159.0,3.360337734222412,0.7546079158782959,1.0,329.7710843373494,518.8203125,10.968278047775799
3725,22,184.0,259.0,1.6852190494537354,0.7525424957275391,1.0,382.0120481927711,845.1223958333334,5.500623022969512
3725,23,200.0,263.0,1.0,0.7281194925308228,1.0,434.2530120481928,858.1744791666666,3.2640403778681124
3725,24,211.0,236.0,1.8248159885406494,0.7161508202552795,1.0,470.16867469879514,770.0729166666666,5.956273068775994
3725,25,168.0,271.0,1.8776183128356934,0.6941245198249817,1.0,329.7710843373494,884.2786458333334,6.1286219873203045
3725,26,174.0,237.0,2.2513411045074463,0.6927525401115417,1.0,349.3614457831325,773.3359375,7.3484682694664984
3732,0,189.0,254.0,1.0,0.8425486087799072,1.0,392.5,635.6614583333334,2.5013017444256236
3732,1,204.0,256.0,1.0,0.8373460173606873,1.0,430.0,640.6666666666667,2.5013017444256236
3732,2,195.0,181.0,1.0,0.835290253162384,1.0,407.5,452.9713541666667,2.5013017444256236
3732,3,223.0,179.0,1.0,0.8211761116981506,1.0,477.5,447.96614583333337,2.5013017444256236
3732,4,174.0,191.0,1.0,0.7985870242118835,1.0,355.0,477.99739583333337,2.5013017444256236
3732,5,226.0,167.0,1.2978914976119995,0.7953604459762573,1.0,485.0,417.93489583333337,3.2464182670520794
3732,6,170.0,179.0,1.4411693811416626,0.7944550514221191,1.0,345.0,447.96614583333337,3.604799487062437
3732,7,237.0,247.0,1.1735649108886719,0.7931742668151855,1.0,512.5,618.1432291666667,2.9354399588025366
3732,8,155.0,140.0,2.073747158050537,0.783383846282959,1.0,307.5,350.36458333333337,5.187067383929488
3732,9,155.0,204.0,1.390284538269043,0.7832657098770142,1.0,307.5,510.53125,3.47752114082033
3732,10,212.0,285.0,1.0129845142364502,0.7824968695640564,1.0,450.0,713.2421875,2.5337799325357757
3732,11,184.0,268.0,1.0,0.7808981537818909,1.0,380.0,670.6979166666667,2.5013017444256236
3732,12,196.0,168.0,1.8730133771896362,0.7784407734870911,1.0,410.0,420.4375,4.6849716276969655
3732,13,235.0,127.0,3.3683888912200928,0.7660935521125793,1.0,507.5,317.8307291666667,8.42535700951271
3732,14,147.0,112.0,3.0197200775146484,0.7549675703048706,1.0,287.5,280.2916666666667,7.55323109756447
3732,15,149.0,194.0,1.6478981971740723,0.7515449523925781,1.0,292.5,485.50520833333337,4.121890635227347
3732,16,196.0,123.0,4.842021942138672,0.746767520904541,1.0,410.0,307.8203125,12.111357930418606
3732,17,276.0,179.0,2.2892892360687256,0.7437175512313843,1.0,610.0,447.96614583333337,5.726203159673506
3732,18,264.0,208.0,4.888478755950928,0.7301447987556458,1.0,580.0,520.5416666666667,12.227560439847657
3732,19,197.0,92.0,3.8915014266967773,0.7250396013259888,0.9999998807907104,412.5,230.23958333333334,9.733819307031451
3732,20,120.0,153.0,7.334325790405273,0.645055890083313,0.9999995231628418,220.0,382.8984375,18.34536189372655
3732,21,240.0,102.0,5.652993202209473,0.625815749168396,0.9999995231628418,520.0,255.265625,14.139841757912746
3732,22,129.0,168.0,4.608633041381836,0.6158459186553955,0.9999994039535522,242.5,420.4375,11.527581865825953
3732,23,217.0,247.0,22.24832534790039,0.15843020379543304,0.9898658394813538,462.5,618.1432291666667,55.64977500325207
3777,0,175.0,271.0,1.0,0.8453106880187988,1.0,516.5714285714286,1239.9661458333333,4.573474244670748
3777,1,132.0,123.0,1.1946284770965576,0.8264234662055969,1.0,320.0,562.7890625,5.463602571951345
3777,2,192.0,279.0,1.0,0.8176612257957458,1.0,594.2857142857143,1276.5703125,4.573474244670748
3777,3,194.0,265.0,1.0,0.8076632618904114,1.0,603.4285714285714,1212.5130208333333,4.573474244670748
3777,4,190.0,164.0,1.8987762928009033,0.7938642501831055,1.0,585.1428571428571,750.3854166666666,8.684004471516333
3777,5,166.0,91.0,1.7453895807266235,0.7905736565589905,1.0,475.42857142857144,416.3723958333333,7.9824942943698876
3777,6,218.0,94.0,2.3909912109375,0.7817026376724243,1.0,713.1428571428571,430.0989583333333,10.935136722456779
3777,7,169.0,171.0,2.441042184829712,0.7732947468757629,1.0,489.14285714285717,782.4140625,11.164043562473498
3777,8,163.0,262.0,1.0,0.7726419568061829,1.0,461.7142857142857,1198.7864583333333,4.573474244670748
3777,9,187.0,81.0,2.0565919876098633,0.7697990536689758,1.0,571.4285714285714,370.6171875,9.405770487129931
3777,10,160.0,280.0,2.4017276763916016,0.7528262138366699,1.0,448.0,1281.1458333333333,10.98423967068991
3777,11,183.0,254.0,2.2074432373046875,0.7485452890396118,1.0,553.1428571428571,1162.1822916666665,10.095684792385606
3777,12,169.0,181.0,2.7435829639434814,0.7406327128410339,1.0,489.14285714285717,828.1692708333333,12.547706023712944
3777,13,217.0,165.0,4.513106822967529,0.7363739013671875,1.0,708.5714285714286,754.9609375,20.64057781828982
3777,14,190.0,114.0,4.393352031707764,0.728187620639801,1.0,585.1428571428571,521.609375,20.09288236478736
3777,15,190.0,175.0,2.2593624591827393,0.7110049724578857,1.0,585.1428571428571,800.7161458333333,10.333136016448222
3777,16,219.0,120.0,4.45838737487793,0.70879727602005,0.9999998807907104,717.7142857142857,549.0625,20.390319831769435
3777,17,167.0,123.0,4.589334487915039,0.7077794671058655,0.9999998807907104,480.0,562.7890625,20.989203080658644
3777,18,218.0,247.0,2.6951990127563477,0.7053331136703491,1.0,713.1428571428571,1130.1536458333333,12.326423269103183
3777,19,146.0,181.0,3.3784403800964355,0.701714038848877,1.0,384.0,828.1692708333333,15.451210065526698
3777,20,204.0,250.0,2.464207172393799,0.6996623873710632,1.0,649.1428571428571,1143.8802083333333,11.269988036475969
3777,21,148.0,190.0,3.6534910202026367,0.6990846991539001,1.0,393.14285714285717,869.3489583333333,16.70914708403261
3777,22,256.0,171.0,4.048372268676758,0.6912439465522766,0.9999998807907104,886.8571428571429,782.4140625,18.515126303632435
3777,23,137.0,143.0,4.194080829620361,0.6831159591674805,0.9999998807907104,342.85714285714283,654.2994791666666,19.181520654336044
3777,24,245.0,204.0,6.65707540512085,0.6395189762115479,0.9999991655349731,836.5714285714286,933.40625,30.445962910151287
3777,25,170.0,249.0,4.2528486251831055,0.48011425137519836,0.9999974966049194,493.7142857142857,1139.3046875,19.45029365375833
3777,26,216.0,175.0,12.27610969543457,0.4020141363143921,0.9999463558197021,704.0,800.7161458333333,56.14447151682286
3777,27,167.0,131.0,18.434492111206055,0.2669147551059723,0.9990828037261963,480.0,599.3932291666666,84.30967488418696
3777,28,191.0,123.0,21.967397689819336,0.18240980803966522,0.9932274222373962,589.7142857142857,562.7890625,100.46732755682841
3840,0,196.0,186.0,1.6297001838684082,0.8209876418113708,1.0,459.15384615384613,604.984375,5.303870094289005
3840,1,164.0,204.0,1.3109145164489746,0.8171872496604919,1.0,354.94871794871796,663.53125,4.266380018107962
3840,2,193.0,198.0,1.5461368560791016,0.8119751811027527,1.0,449.38461538461536,644.015625,5.031912687872733
3840,3,163.0,193.0,1.535771131515503,0.8103674054145813,1.0,351.6923076923077,627.7526041666667,4.998177368295113
3840,4,146.0,309.0,2.0702035427093506,0.7688913941383362,1.0,296.3333333333333,1005.0546875000001,6.737491207250102
3840,5,232.0,192.0,2.7847232818603516,0.7633565664291382,1.0,576.3846153846154,624.5,9.062900453548732
3840,6,218.0,302.0,1.413741111755371,0.7553106546401978,1.0,530.7948717948718,982.2864583333334,4.601029856858419
3840,7,154.0,129.0,3.466061592102051,0.7426050901412964,1.0,322.38461538461536,419.5859375,11.280320518634856
3840,8,108.0,162.0,3.4000375270843506,0.7413954734802246,1.0,172.5897435897436,526.921875,11.065444759635096
3840,9,273.0,107.0,2.953113079071045,0.7401657104492188,1.0,709.8974358974359,348.02864583333337,9.61092616922927
3840,10,160.0,322.0,2.2566373348236084,0.7349438667297363,1.0,341.9230769230769,1047.3385416666667,7.344241224429672
3840,11,205.0,77.0,3.912936210632324,0.7306373119354248,1.0,488.46153846153845,250.45052083333334,12.73467693865653
3840,12,148.0,90.0,3.994431972503662,0.7258273959159851,1.0,302.8461538461538,292.734375,12.999905438032824
3840,13,264.0,257.0,2.7448041439056396,0.7212474346160889,1.0,680.5897435897435,835.9192708333334,8.932983353407515
3840,14,203.0,118.0,5.227665901184082,0.7197566032409668,0.9999998807907104,481.94871794871796,383.8072916666667,17.013473466272533
3840,15,186.0,320.0,1.8153696060180664,0.7060267925262451,1.0,426.5897435897436,1040.8333333333335,5.908132464331794
3840,16,257.0,137.0,2.911142349243164,0.7044733762741089,1.0,657.7948717948718,445.60677083333337,9.474332149683184
3840,17,135.0,213.0,2.6964588165283203,0.7004106640815735,1.0,260.5128205128205,692.8046875,8.775643163712918
3840,18,225.0,200.0,2.6476387977600098,0.6974336504936218,0.9999998807907104,553.5897435897435,650.5208333333334,8.616758087727199
3840,19,292.0,220.0,4.568120002746582,0.6915386915206909,0.9999998807907104,771.7692307692307,715.5729166666667,14.866976950434815
3840,20,93.0,137.0,5.6053667068481445,0.6856250762939453,0.9999997615814209,123.74358974358974,445.60677083333337,18.242703251959444
3840,21,173.0,302.0,5.093528747558594,0.6826615333557129,0.9999997615814209,384.2564102564102,982.2864583333334,16.57692320709632
3840,22,138.0,332.0,4.438892364501953,0.651697039604187,0.9999998807907104,270.28205128205127,1079.8645833333335,14.446404741739139
3840,23,158.0,293.0,3.483431339263916,0.6433230042457581,0.9999998807907104,335.4102564102564,953.0130208333334,11.336850476371314
3840,24,132.0,204.0,5.924727439880371,0.6040546894073486,0.9999996423721313,250.74358974358972,663.53125,19.282064883004466
3840,25,177.0,336.0,3.648764133453369,0.579672634601593,0.9999995231628418,397.28205128205127,1092.875,11.87492715537443
3840,26,203.0,305.0,5.439975738525391,0.5737965106964111,0.999998927116394,481.94871794871796,992.0442708333334,17.704437244852347
3840,27,192.0,297.0,4.289403915405273,0.5515126585960388,0.9999994039535522,446.12820512820514,966.0234375000001,13.959893589286851
3840,28,69.0,265.0,36.90467071533203,0.21713675558567047,0.995211660861969,45.58974358974359,861.9401041666667,120.10649644894303
4047,0,174.0,241.0,1.0,0.8792588710784912,1.0,859.5394736842105,1543.90625,6.4103605233616685
4047,1,173.0,172.0,1.0,0.8425855040550232,1.0,853.125,1101.875,6.4103605233616685
4047,2,196.0,179.0,1.0,0.8355850577354431,1.0,1000.6578947368421,1146.71875,6.4103605233616685
4047,3,187.0,238.0,1.0,0.8327670097351074,1.0,942.9276315789473,1524.6875,6.4103605233616685
4047,4,194.0,249.0,1.0,0.8290305137634277,1.0,987.828947368421,1595.15625,6.4103605233616685
4047,5,94.0,174.0,1.0,0.8204022645950317,1.0,346.3815789473684,1114.6875,6.4103605233616685
4047,6,221.0,182.0,2.3968310356140137,0.806842029094696,1.0,1161.0197368421052,1165.9375,15.364551051868139
4047,7,138.0,235.0,1.711951732635498,0.8054497241973877,1.0,628.6184210526316,1505.46875,10.974227804787207
4047,8,147.0,172.0,1.5443419218063354,0.8044470548629761,1.0,686.3486842105262,1101.875,9.899788490119825
4047,9,110.0,201.0,1.3949028253555298,0.8001583218574524,1.0,449.0131578947368,1287.65625,8.941830005584745
4047,10,207.0,125.0,2.3802413940429688,0.7971001863479614,1.0,1071.217105263158,800.78125,15.258205468444393
4047,11,169.0,114.0,2.8995797634124756,0.7955887913703918,1.0,827.4671052631578,730.3125,18.5873516497177
4047,12,168.0,84.0,1.681236982345581,0.7851547002792358,1.0,821.0526315789473,538.125,10.777335182043812
4047,13,143.0,162.0,4.5910773277282715,0.7670773863792419,1.0,660.6907894736842,1037.8125,29.430460861370094
4047,14,198.0,169.0,3.16501522064209,0.7665149569511414,1.0,1013.4868421052631,1082.65625,20.288888626242873
4047,15,234.0,150.0,2.578246831893921,0.7611173987388611,1.0,1244.407894736842,960.9375,16.527491710655077
4047,16,133.0,122.0,3.999345302581787,0.7593244910240173,1.0,596.546052631579,781.5625,25.637245246962216
4047,17,217.0,191.0,1.9650800228118896,0.7581899166107178,1.0,1135.3618421052631,1223.59375,12.596871403479984
4047,18,128.0,97.0,3.3928146362304688,0.7575111389160156,1.0,564.4736842105262,621.40625,21.749165007175478
4047,19,171.0,161.0,2.1283230781555176,0.7501235604286194,1.0,840.296052631579,1031.40625,13.643318241167721
4047,20,242.0,130.0,3.4018540382385254,0.7484537363052368,1.0,1295.7236842105262,832.8125,21.807110832962717
4047,21,212.0,97.0,4.406337261199951,0.7400752305984497,1.0,1103.2894736842104,621.40625,28.24621043181374
4047,22,174.0,269.0,2.375730276107788,0.7234635353088379,1.0,859.5394736842105,1723.28125,15.229287576116482
4047,23,182.0,258.0,1.8171453475952148,0.69803386926651,1.0,910.8552631578947,1652.8125,11.648556801434683
4047,24,151.0,240.0,3.640286445617676,0.582197904586792,0.9999996423721313,712.0065789473684,1537.5,23.335548524716113
4047,25,160.0,235.0,16.894216537475586,0.19086456298828125,0.9978552460670471,769.7368421052631,1505.46875,108.29801876495735
4047,26,203.0,270.0,23.270795822143555,0.16225644946098328,0.9906104207038879,1045.5592105263158,1729.6875,149.17419088547868
4193,0,149.0,196.0,2.946938991546631,0.77434241771698,1.0,836.7213114754098,1490.4166666666667,22.41253761020973
4193,1,154.0,204.0,1.7561187744140625,0.7496287822723389,1.0,874.7540983606557,1551.2500000000002,13.355918867833065
4193,2,166.0,191.0,5.039462089538574,0.7163741588592529,1.0,966.0327868852459,1452.3958333333335,38.32693311296946
4193,3,138.0,209.0,4.072638988494873,0.704658567905426,1.0,753.0491803278688,1589.2708333333335,30.973893509258797
4193,4,155.0,160.0,5.991945266723633,0.6832736730575562,0.9999997615814209,882.360655737705,1216.6666666666667,45.57091240571635
4193,5,161.0,272.0,3.994784355163574,0.6588790416717529,0.9999997615814209,928.0,2068.3333333333335,30.381780845008816
4193,6,130.0,166.0,6.300020217895508,0.6343724727630615,0.9999995231628418,692.1967213114755,1262.2916666666667,47.913933910304536
4193,7,183.0,276.0,4.258687973022461,0.6095266938209534,0.9999994039535522,1095.344262295082,2098.75,32.388863372912965
4193,8,161.0,262.0,5.979819297790527,0.5935948491096497,0.9999988079071045,928.0,1992.291666666667,45.47869002325338
4193,9,184.0,211.0,6.8719587326049805,0.5793749690055847,0.9999988079071045,1102.950819672131,1604.4791666666667,52.263733315186684
4193,10,145.0,218.0,7.437165260314941,0.5671328902244568,0.9999969005584717,806.2950819672132,1657.7083333333335,56.5623335224435
4193,11,171.0,261.0,5.17718505859375,0.4321282207965851,0.9999964237213135,1004.0655737704918,1984.6875000000002,39.374366138421706
4193,12,170.0,200.0,9.413397789001465,0.4006279706954956,0.9999831914901733,996.4590163934427,1520.8333333333335,71.59229715683173
4193,13,153.0,254.0,13.866640090942383,0.36310333013534546,0.9998643398284912,867.1475409836065,1931.4583333333335,105.46081661581303
4193,14,181.0,252.0,5.997117519378662,0.353280633687973,0.9999810457229614,1080.1311475409836,1916.2500000000002,45.61024925914049
4193,15,114.0,183.0,19.483299255371094,0.3308880925178528,0.9998579025268555,570.4918032786885,1391.5625000000002,148.17754238705834
4193,16,108.0,170.0,22.529863357543945,0.2985217869281769,0.9995077848434448,524.8524590163935,1292.7083333333335,171.34776502068948
4193,17,169.0,275.0,7.227664947509766,0.25151485204696655,0.9999274015426636,988.8524590163935,2091.1458333333335,54.96900781954783
4193,18,181.0,265.0,9.190820693969727,0.2255139946937561,0.9997556805610657,1080.1311475409836,2015.104166666667,69.89951779225046
4193,19,125.0,157.0,18.415699005126953,0.22031211853027344,0.9980087876319885,654.1639344262295,1193.8541666666667,140.0580560896144
4193,20,133.0,222.0,26.831592559814453,0.16934023797512054,0.9866067171096802,715.016393442623,1688.1250000000002,204.06397251985638
4193,21,181.0,286.0,20.549152374267578,0.16916388273239136,0.9911904335021973,1080.1311475409836,2174.791666666667,156.28374111826773
4193,22,115.0,300.0,48.191184997558594,0.1658398061990738,0.9579952955245972,578.0983606557377,2281.25,366.5114036417493
5355,0,164.0,293.0,1.0,0.8423506021499634,1.0,563.7254901960785,1320.0260416666667,4.507505541776996
5355,1,144.0,191.0,1.0,0.8302103281021118,1.0,473.5294117647059,860.4947916666666,4.507505541776996
5355,2,204.0,284.0,1.0,0.8074109554290771,1.0,744.1176470588235,1279.4791666666667,4.507505541776996
5355,3,173.0,166.0,2.3991637229919434,0.7953387498855591,1.0,604.3137254901961,747.8645833333334,10.814243777016513
5355,4,170.0,330.0,1.0,0.7929680943489075,1.0,590.7843137254902,1486.71875,4.507505541776996
5355,5,171.0,178.0,1.5122641324996948,0.78515625,1.0,595.2941176470588,801.9270833333334,6.816538957872955
5355,6,137.0,306.0,1.1685056686401367,0.784996509552002,1.0,441.96078431372547,1378.59375,5.26704577699325
5355,7,143.0,180.0,3.6477527618408203,0.7785919904708862,1.0,469.01960784313724,810.9375,16.44226578902984
5355,8,131.0,115.0,2.84797739982605,0.7785263061523438,1.0,414.90196078431376,518.0989583333334,12.837273912571558
5355,9,178.0,310.0,2.0111608505249023,0.7777158617973328,1.0,626.8627450980392,1396.6145833333333,9.065318679145934
5355,10,116.0,195.0,2.1958770751953125,0.7766295671463013,1.0,347.2549019607843,878.515625,9.897928085503931
5355,11,284.0,193.0,2.43172025680542,0.7737327814102173,1.0,1104.9019607843138,869.5052083333334,10.960992533601809
5355,12,99.0,145.0,2.1657912731170654,0.7721484303474426,1.0,270.5882352941176,653.2552083333334,9.762316165907427
5355,13,236.0,71.0,4.0912628173828125,0.7653747797012329,1.0,888.4313725490197,319.8697916666667,18.441389822219193
5355,14,228.0,104.0,3.808566093444824,0.7584974765777588,1.0,852.3529411764706,468.5416666666667,17.16713277242651
5355,15,207.0,179.0,2.0186922550201416,0.747878909111023,1.0,757.6470588235294,806.4322916666666,9.099266526645588
5355,16,118.0,205.0,1.7376718521118164,0.7471303343772888,1.0,356.27450980392155,923.5677083333334,7.8325655031839085
5355,17,147.0,292.0,2.906444787979126,0.7262073159217834,1.0,487.05882352941177,1315.5208333333333,13.100815988684776
5355,18,130.0,326.0,1.4615740776062012,0.7169639468193054,1.0,410.3921568627451,1468.6979166666667,6.588053254527552
5355,19,92.0,118.0,3.95736026763916,0.7145313024520874,1.0,239.01960784313727,531.6145833333334,17.837823337191608
5355,20,151.0,316.0,2.15905499458313,0.7112865447998047,1.0,505.0980392156863,1423.6458333333333,9.73195235308476
5355,21,124.0,76.0,5.261897087097168,0.7042048573493958,0.9999998807907104,383.3333333333333,342.3958333333333,23.718030280350714
5355,22,211.0,166.0,2.546867847442627,0.7015817761421204,1.0,775.686274509804,747.8645833333334,11.480020936521289
5355,23,254.0,231.0,5.437754154205322,0.6975281238555908,0.9999998807907104,969.6078431372549,1040.703125,24.51070698490137
5355,24,178.0,92.0,3.0394725799560547,0.6914732456207275,1.0,626.8627450980392,414.4791666666667,13.70043949823114
5355,25,182.0,51.0,6.10832405090332,0.6899392604827881,1.0,644.9019607843137,229.765625,27.53330451041642
5355,26,187.0,288.0,3.235274314880371,0.5128273963928223,0.9999990463256836,667.4509803921569,1297.5,14.583016903492044
5355,27,179.0,284.0,2.669785499572754,0.3672883212566376,0.9999978542327881,631.3725490196078,1279.4791666666667,12.034072934680053
5355,28,105.0,167.0,24.318008422851562,0.27347859740257263,0.9986039996147156,297.6470588235294,752.3697916666666,109.61355773098308
5355,29,135.0,139.0,26.736225128173828,0.19301705062389374,0.9929959177970886,432.94117647058823,626.2239583333334,120.5136829314409
5825,0,212.0,295.0,1.016833782196045,0.8518319725990295,1.0,559.1849529780563,916.4973958333334,3.158974074449964
5825,1,201.0,163.0,1.0,0.8429896235466003,1.0,525.012539184953,506.4036458333333,3.106676951298335
5825,2,187.0,248.0,1.0,0.8288026452064514,1.0,481.52037617554856,770.4791666666666,3.106676951298335
5825,3,180.0,269.0,1.0,0.8247427940368652,1.0,459.77429467084636,835.7213541666666,3.106676951298335
5825,4,195.0,280.0,1.0,0.8239770531654358,1.0,506.3730407523511,869.8958333333334,3.106676951298335
5825,5,152.0,185.0,1.2369083166122437,0.8121893405914307,1.0,372.7899686520376,574.7526041666666,3.842674558088481
5825,6,177.0,173.0,1.4678316116333008,0.8096525073051453,1.0,450.45454545454544,537.4713541666666,4.560078636248265
5825,7,207.0,255.0,1.3492646217346191,0.800851583480835,1.0,543.6520376175548,792.2265625,4.191729301545208
5825,8,144.0,174.0,1.4198837280273438,0.7818463444709778,1.0,347.9373040752351,540.578125,4.411120051386103
5825,9,232.0,165.0,1.9008525609970093,0.775934100151062,1.0,621.3166144200627,512.6171875,5.905334839065821
5825,10,201.0,147.0,2.353569507598877,0.7687010765075684,1.0,525.012539184953,456.6953125,7.311780142536002
5825,11,156.0,105.0,2.426265239715576,0.7680928707122803,1.0,385.2163009404388,326.2109375,7.53762229796071
5825,12,283.0,198.0,2.316310405731201,0.7669898867607117,1.0,779.7523510971787,615.140625,7.196028149537617
5825,13,171.0,157.0,1.8767757415771484,0.7533298134803772,1.0,431.81504702194354,487.7630208333333,5.830535939113568
5825,14,193.0,50.0,2.65963077545166,0.7513977289199829,1.0,500.15987460815046,155.33854166666666,8.26261362905939
5825,15,196.0,88.0,2.7574315071105957,0.7447687983512878,1.0,509.4796238244514,273.3958333333333,8.566448907924318
5825,16,306.0,167.0,2.126718044281006,0.7433889508247375,1.0,851.2037617554859,518.8307291666666,6.6070259300780725
5825,17,149.0,71.0,4.122574806213379,0.7265929579734802,1.0,363.4702194357367,220.58072916666666,12.807508130466305
5825,18,246.0,99.0,3.7555911540985107,0.7229632139205933,1.0,664.808777429467,307.5703125,11.667408476937757
5825,19,118.0,142.0,4.091326713562012,0.7224921584129333,1.0,267.16614420062695,441.1614583333333,12.710430401254268
5825,20,253.0,69.0,5.173445701599121,0.7053179740905762,0.9999998807907104,686.5548589341693,214.3671875,16.072224519951433
5825,21,236.0,151.0,4.945411682128906,0.6969959139823914,0.9999998807907104,633.7429467084639,469.1223958333333,15.3637964875514
5825,22,247.0,240.0,3.2066378593444824,0.6742361187934875,0.9999998807907104,667.9153605015674,745.625,9.961987928786137
5825,23,106.0,122.0,5.968029975891113,0.6646321415901184,0.9999997615814209,229.88714733542318,379.0260416666667,18.54074117075848
5882,0,161.0,250.0,1.0,0.8205353617668152,1.0,287.66386554621846,816.40625,3.267265869271156
5882,1,178.0,252.0,1.0,0.8166683912277222,1.0,343.235294117647,822.9375,3.267265869271156
5882,2,209.0,170.0,1.3569096326828003,0.813083291053772,1.0,444.57142857142856,555.15625,4.433384530549775
5882,3,151.0,162.0,1.4370900392532349,0.8075551986694336,1.0,254.97478991596637,529.03125,4.695355236321641
5882,4,181.0,153.0,1.572960376739502,0.8045477867126465,1.0,353.04201680672264,499.640625,5.139279752636874
5882,5,185.0,285.0,1.1680192947387695,0.7722964286804199,1.0,366.1176470588235,930.703125,3.8162295763501484
5882,6,125.0,177.0,2.248636245727539,0.7709905505180359,1.0,169.9831932773109,578.015625,7.346892458071617
5882,7,178.0,169.0,1.7718400955200195,0.7701457738876343,1.0,343.235294117647,551.890625,5.7890726698987045
5882,8,190.0,67.0,3.039008140563965,0.7673579454421997,1.0,382.4621848739495,218.796875,9.929247574101842
5882,9,153.0,80.0,3.016880989074707,0.7592169642448425,1.0,261.5126050420168,261.25,9.856952287256798
5882,10,273.0,173.0,2.4402313232421875,0.7427166104316711,1.0,653.7815126050419,564.953125,7.972884515555589
5882,11,214.0,156.0,1.4855587482452393,0.7379536032676697,1.0,460.9159663865546,509.4375,4.8537153949388525
5882,12,150.0,111.0,3.0322744846343994,0.7271775007247925,1.0,251.70588235294116,362.484375,9.907246929907759
5882,13,186.0,99.0,2.512648344039917,0.7189153432846069,1.0,369.3865546218487,323.296875,8.20949017596231
5882,14,228.0,111.0,3.17893648147583,0.7143858671188354,1.0,506.68067226890753,362.484375,10.386430666506918
5882,15,152.0,177.0,2.4416043758392334,0.6977071762084961,1.0,258.2436974789916,578.015625,7.977370643442631
5882,16,114.0,139.0,6.537350177764893,0.6103168725967407,0.9999994039535522,134.0252100840336,453.921875,21.359261111284958
5882,17,235.0,86.0,9.629863739013672,0.5914533138275146,0.9999967813491821,529.563025210084,280.84375,31.46332512021129
5882,18,253.0,202.0,9.112191200256348,0.5736240148544312,0.9999934434890747,588.4033613445378,659.65625,29.771951302870534
5882,19,222.0,240.0,12.573554992675781,0.38924890756607056,0.9999493360519409,487.0672268907563,783.75,41.08114708297352
5882,20,112.0,118.0,16.855417251586914,0.3008323013782501,0.9996410608291626,127.48739495798318,385.34375,55.07112949843416
5882,21,96.0,40.0,27.390552520751953,0.18003319203853607,0.9950149655342102,75.18487394957982,130.625,89.49221739153188
5882,22,127.0,187.0,23.978952407836914,0.17701956629753113,0.9923750758171082,176.52100840336132,610.671875,78.34561278300296
6503,0,216.0,305.0,1.1039847135543823,0.7877838611602783,1.0,659.6335078534031,934.8567708333334,3.385460909545909
6503,1,225.0,288.0,2.030517339706421,0.7778300642967224,1.0,687.2460732984292,882.75,6.226750239683109
6503,2,245.0,289.0,1.2597993612289429,0.7767451405525208,1.0,748.6073298429319,885.8151041666666,3.8632794810898416
6503,3,259.0,322.0,1.4018133878707886,0.7688359618186951,1.0,791.5602094240837,986.9635416666666,4.298777300851543
6503,4,268.0,200.0,2.285745620727539,0.7450858950614929,1.0,819.1727748691098,613.0208333333334,7.009428983146552
6503,5,346.0,204.0,2.4451966285705566,0.7262479662895203,1.0,1058.48167539267,625.28125,7.498398755474512
6503,6,234.0,200.0,2.445568561553955,0.7260592579841614,1.0,714.8586387434555,613.0208333333334,7.49953931889066
6503,7,165.0,109.0,4.15108585357666,0.7243133783340454,1.0,503.1623036649214,334.0963541666667,12.729649891805796
6503,8,218.0,125.0,4.562585830688477,0.7239007949829102,1.0,665.7696335078533,383.1380208333333,13.991548783780322
6503,9,178.0,145.0,2.9722869396209717,0.7165075540542603,1.0,543.0471204188482,444.4401041666667,9.114765016667016
6503,10,116.0,172.0,3.843806505203247,0.7099825739860535,1.0,352.82722513089004,527.1979166666666,11.78735222277409
6503,11,209.0,89.0,4.349977970123291,0.7062382698059082,0.9999998807907104,638.1570680628272,272.7942708333333,13.339569103112247
6503,12,136.0,191.0,4.267296314239502,0.6911454796791077,0.9999998807907104,414.18848167539267,585.4348958333334,13.08601893118108
6503,13,200.0,198.0,5.190206527709961,0.6883521676063538,0.9999998807907104,610.544502617801,606.890625,15.91619983166236
6503,14,207.0,214.0,2.7894058227539062,0.6852614879608154,1.0,632.020942408377,655.9322916666666,8.553944867034529
6503,15,287.0,102.0,7.330229759216309,0.668696403503418,0.9999992847442627,877.4659685863874,312.640625,22.478758992883904
6503,16,272.0,185.0,4.062025547027588,0.6631767749786377,0.9999998807907104,831.4450261780104,567.0442708333334,12.456539057287698
6503,17,171.0,220.0,4.523669719696045,0.6626988649368286,0.9999997615814209,521.5706806282723,674.3229166666666,13.872209293931546
6503,18,283.0,133.0,4.497633934020996,0.6481176018714905,0.9999997615814209,865.1937172774868,407.6588541666667,13.792368392540432
6503,19,230.0,182.0,4.166287422180176,0.6474189758300781,0.9999998807907104,702.5863874345549,557.8489583333334,12.776266765788849
6503,20,321.0,238.0,3.8216166496276855,0.6425547003746033,0.9999997615814209,981.7801047120419,729.4947916666666,11.719305185784178
6503,21,181.0,231.0,4.51214599609375,0.6143674254417419,0.9999996423721313,552.2513089005236,708.0390625,13.836870837421243
6503,22,285.0,280.0,7.071152687072754,0.565515398979187,0.9999970197677612,871.3298429319372,858.2291666666666,21.68427761145452
6503,23,199.0,268.0,22.028961181640625,0.18110157549381256,0.9933491349220276,607.4764397905759,821.4479166666666,67.55364095417329
6605,0,161.0,189.0,1.0,0.863366425037384,1.0,523.8477508650519,867.234375,4.59184749715619
6605,1,181.0,279.0,1.0,0.8421117663383484,1.0,615.750865051903,1280.203125,4.59184749715619
6605,2,163.0,274.0,1.2002202272415161,0.8363587260246277,1.0,533.038062283737,1257.2604166666667,5.511228246495189
6605,3,186.0,183.0,1.03795325756073,0.8350290060043335,1.0,638.7266435986159,839.703125,4.766123067895352
6605,4,135.0,193.0,1.281257152557373,0.8242091536521912,1.0,404.3737024221453,885.5885416666667,5.883337449184039
6605,5,222.0,270.0,1.0,0.8226227760314941,1.0,804.1522491349481,1238.90625,4.59184749715619
6605,6,216.0,186.0,1.6407227516174316,0.8171252608299255,1.0,776.5813148788927,853.46875,7.53394866054172
6605,7,171.0,299.0,1.0,0.8153232336044312,1.0,569.7993079584775,1371.9739583333335,4.59184749715619
6605,8,189.0,309.0,1.0,0.8056994080543518,1.0,652.5121107266435,1417.859375,4.59184749715619
6605,9,138.0,202.0,1.0,0.8041195869445801,1.0,418.159169550173,926.8854166666667,4.59184749715619
6605,10,281.0,195.0,1.4082751274108887,0.8034738898277283,1.0,1075.2664359861592,894.765625,6.466584619109003
6605,11,188.0,171.0,1.6380894184112549,0.7976799607276917,1.0,647.916955017301,784.640625,7.521856796049759
6605,12,144.0,90.0,2.2015082836151123,0.7959153056144714,1.0,445.7301038062283,412.96875,10.108990302086672
6605,13,155.0,288.0,1.0,0.7926825284957886,1.0,496.2768166089965,1321.5,4.59184749715619
6605,14,188.0,77.0,2.3028461933135986,0.7873343825340271,1.0,647.916955017301,353.31770833333337,10.574318529102706
6605,15,118.0,155.0,2.316568374633789,0.7767317295074463,1.0,326.25605536332176,711.2239583333334,10.637328693053346
6605,16,188.0,112.0,1.4371618032455444,0.7762909531593323,1.0,647.916955017301,513.9166666666666,6.599227829241529
6605,17,197.0,293.0,1.1310144662857056,0.773769736289978,1.0,689.273356401384,1344.4427083333333,5.193445946261461
6605,18,257.0,226.0,2.395829677581787,0.7712553143501282,1.0,964.9826989619377,1037.0104166666667,11.001284508616449
6605,19,151.0,122.0,2.575137138366699,0.7654203176498413,1.0,477.89619377162626,559.8020833333334,11.82463702364308
6605,20,219.0,175.0,2.750471353530884,0.7543037533760071,1.0,790.3667820069204,802.9947916666667,12.629745000710585
6605,21,160.0,179.0,2.693208932876587,0.7541141510009766,1.0,519.2525951557093,821.3489583333334,12.366804697748048
6605,22,109.0,134.0,4.488680839538574,0.7485074400901794,1.0,284.89965397923874,614.8645833333334,20.611337878568143
6605,23,229.0,94.0,3.6144394874572754,0.7337005138397217,1.0,836.318339100346,431.3229166666667,16.59695491410319
6605,24,225.0,122.0,2.406473159790039,0.7274502515792847,1.0,817.9377162629758,559.8020833333334,11.050157755755437
6605,25,210.0,276.0,1.3788834810256958,0.7011012434959412,1.0,749.0103806228374,1266.4375,6.331622661217855
6605,26,152.0,312.0,3.2871570587158203,0.6828576922416687,1.0,482.49134948096884,1431.625,15.094123912823541
6605,27,201.0,274.0,4.0677714347839355,0.2973063588142395,0.9999895095825195,707.6539792387542,1257.2604166666667,18.678586081816057
6606,0,193.0,285.0,1.0,0.8709874153137207,1.0,662.1692789968653,1172.65625,4.113717907942073
6606,1,237.0,286.0,1.0,0.8573309779167175,1.0,843.1347962382446,1176.7708333333335,4.113717907942073
6606,2,209.0,167.0,1.0,0.8415305614471436,1.0,727.9749216300941,687.1354166666667,4.113717907942073
6606,3,262.0,256.0,1.0,0.8332172632217407,1.0,945.9561128526645,1053.3333333333335,4.113717907942073
6606,4,186.0,180.0,1.0,0.830714225769043,1.0,633.3793103448276,740.625,4.113717907942073
6606,5,163.0,190.0,1.426361322402954,0.8169280886650085,1.0,538.7836990595612,781.7708333333334,5.867648115164968
6606,6,199.0,267.0,1.0,0.8163264989852905,1.0,686.846394984326,1098.59375,4.113717907942073
6606,7,234.0,305.0,1.0,0.806592583656311,1.0,830.7962382445141,1254.9479166666667,4.113717907942073
6606,8,242.0,161.0,1.777958631515503,0.8061133623123169,1.0,863.6990595611286,662.4479166666667,7.3140202620455055
6606,9,156.0,181.0,1.6625783443450928,0.7946106195449829,1.0,509.9937304075235,744.7395833333334,6.83937830848909
6606,10,141.0,80.0,1.799983263015747,0.78481125831604,1.0,448.30094043887146,329.1666666666667,7.404623383063885
6606,11,212.0,295.0,1.0,0.7819380760192871,1.0,740.3134796238245,1213.8020833333335,4.113717907942073
6606,12,127.0,148.0,2.606884479522705,0.7803600430488586,1.0,390.72100313479626,608.9583333333334,10.723987367348801
6606,13,210.0,154.0,1.8418360948562622,0.7731004357337952,1.0,732.0877742946709,633.6458333333334,7.5767941269043
6606,14,317.0,158.0,1.896881103515625,0.770331621170044,1.0,1172.1630094043887,650.1041666666667,7.803233764769147
6606,15,192.0,50.0,2.1465628147125244,0.7658462524414062,1.0,658.0564263322884,205.72916666666669,8.830353891405453
6606,16,245.0,147.0,1.4046341180801392,0.7602664232254028,1.0,876.0376175548589,604.84375,5.778268525652688
6606,17,250.0,88.0,1.8136405944824219,0.7534756660461426,1.0,896.6018808777429,362.08333333333337,7.460805792093045
6606,18,182.0,169.0,3.1190943717956543,0.7507712841033936,1.0,616.9278996865204,695.3645833333334,12.831074373817112
6606,19,193.0,311.0,1.890622615814209,0.7493513226509094,1.0,662.1692789968653,1279.6354166666667,7.777488111835197
6606,20,200.0,91.0,2.482417583465576,0.7404138445854187,1.0,690.9592476489029,374.42708333333337,10.211965668092626
6606,21,157.0,116.0,2.239326000213623,0.7363046407699585,1.0,514.1065830721003,477.2916666666667,9.211955468799074
6606,22,111.0,127.0,2.7316436767578125,0.7294943928718567,1.0,324.9153605015674,522.5520833333334,11.237211511195339
6606,23,296.0,198.0,4.4001665115356445,0.728227436542511,1.0,1085.7931034482758,814.6875,18.10104377643118
6606,24,253.0,53.0,4.4869890213012695,0.7140935063362122,1.0,908.9404388714734,218.07291666666669,18.458207089666505
6606,25,220.0,270.0,2.073436975479126,0.6899174451828003,1.0,773.2163009404389,1110.9375,8.529534817017728
6606,26,250.0,266.0,3.2744836807250977,0.6443732380867004,0.9999998807907104,896.6018808777429,1094.4791666666667,13.470302156662907
6606,27,238.0,261.0,3.0674190521240234,0.49707046151161194,0.9999995231628418,847.2476489028213,1073.90625,12.618496685885294
6606,28,165.0,206.0,26.29325294494629,0.19077445566654205,0.9922481775283813,547.0094043887148,847.6041666666667,108.16302549767619
6698,0,157.0,161.0,1.0383117198944092,0.8178591728210449,1.0,422.7253521126761,636.0338541666666,4.1019672888733165
6698,1,186.0,229.0,1.2377145290374756,0.8166909217834473,1.0,537.2957746478874,904.6692708333333,4.889730524847854
6698,2,179.0,149.0,1.0231431722640991,0.8050261735916138,1.0,509.64084507042253,588.6276041666666,4.042042234569223
6698,3,179.0,83.0,2.416280746459961,0.794323205947876,1.0,509.64084507042253,327.8932291666667,9.545788988803002
6698,4,133.0,166.0,2.1101579666137695,0.779430091381073,1.0,327.90845070422534,655.7864583333334,8.336416499551179
6698,5,208.0,146.0,2.011056900024414,0.7762610912322998,1.0,624.2112676056338,576.7760416666666,7.944906584317502
6698,6,181.0,137.0,1.9952276945114136,0.7746579051017761,1.0,517.5422535211268,541.2213541666666,7.882371526705146
6698,7,263.0,142.0,2.6245083808898926,0.7736433148384094,1.0,841.5,560.9739583333334,10.3684156901157
6698,8,178.0,246.0,1.5655521154403687,0.7593711614608765,1.0,505.69014084507046,971.828125,6.18488980093173
6698,9,245.0,174.0,2.7837135791778564,0.7569630146026611,1.0,770.387323943662,687.390625,10.997373741039203
6698,10,220.0,218.0,1.0894781351089478,0.751258909702301,1.0,671.6197183098592,861.2135416666666,4.304105969846975
6698,11,156.0,150.0,3.563688278198242,0.7486293315887451,1.0,418.77464788732397,592.578125,14.078751558729442
6698,12,211.0,135.0,1.9483792781829834,0.7413182258605957,1.0,636.0633802816901,533.3203125,7.69729158622804
6698,13,170.0,225.0,1.7761881351470947,0.7354307770729065,1.0,474.0845070422535,888.8671875,7.017031099291852
6698,14,223.0,86.0,3.0072178840637207,0.7351337671279907,1.0,683.4718309859155,339.74479166666663,11.88035264804549
6698,15,136.0,176.0,2.0579073429107666,0.7298030853271484,1.0,339.7605633802817,695.2916666666666,8.129994530939726
6698,16,179.0,49.0,3.5319385528564453,0.7225043177604675,1.0,509.64084507042253,193.57552083333331,13.953320696024734
6698,17,194.0,255.0,1.2781081199645996,0.7207773923873901,1.0,568.9014084507043,1007.3828125,5.04930995122671
6698,18,151.0,68.0,3.5852108001708984,0.7115523815155029,0.9999998807907104,399.0211267605634,268.6354166666667,14.163778703674767
6698,19,118.0,130.0,4.019486427307129,0.7098442912101746,1.0,268.6478873239437,513.5677083333334,15.87943343696519
6698,20,150.0,99.0,3.863589286804199,0.6987084150314331,1.0,395.07042253521126,391.1015625,15.263544240571512
6698,21,231.0,59.0,4.802680015563965,0.6960185766220093,0.9999998807907104,715.0774647887324,233.08072916666666,18.97352783880009
6698,22,111.0,107.0,3.8747506141662598,0.6804526448249817,0.9999998807907104,240.99295774647888,422.70572916666663,15.307638320280287
6698,23,165.0,238.0,3.320761203765869,0.6617723703384399,0.9999998807907104,454.330985915493,940.2239583333333,13.119040815018849
6698,24,209.0,225.0,3.0806057453155518,0.6575137972831726,0.9999998807907104,628.161971830986,888.8671875,12.170279652130542
6918,0,192.0,276.0,1.0270910263061523,0.8095101714134216,1.0,638.1270903010034,1175.875,4.372632050880835
6918,1,185.0,183.0,1.0232059955596924,0.7995328307151794,1.0,608.3478260869565,779.65625,4.356092319225576
6918,2,210.0,178.0,1.942172884941101,0.7855374217033386,1.0,714.7023411371238,758.3541666666666,8.268407753096035
6918,3,211.0,282.0,1.0,0.7811734676361084,1.0,718.9565217391304,1201.4375,4.257297492517916
6918,4,198.0,254.0,1.192033290863037,0.7801939845085144,1.0,663.6521739130435,1082.1458333333333,5.074840340189087
6918,5,175.0,126.0,3.292019844055176,0.7781193256378174,1.0,565.8060200668896,536.8125,14.015107827415319
6918,6,237.0,182.0,2.323452949523926,0.7615249752998352,1.0,829.5652173913044,775.3958333333334,9.891630415991564
6918,7,212.0,81.0,3.2483274936676025,0.7579317092895508,1.0,723.2107023411371,345.09375,13.82909649366809
6918,8,145.0,148.0,3.2901577949523926,0.7571452856063843,1.0,438.18060200668896,630.5416666666666,14.007180530439095
6918,9,162.0,191.0,2.0817039012908936,0.7525379657745361,1.0,510.5016722408027,813.7395833333334,8.862432799130483
6918,10,184.0,172.0,3.829660415649414,0.7368802428245544,1.0,604.0936454849498,732.7916666666666,16.304003684739367
6918,11,212.0,116.0,3.677590847015381,0.7316216230392456,1.0,723.2107023411371,494.2083333333333,15.656598291505418
6918,12,178.0,267.0,2.2652974128723145,0.7287750840187073,1.0,578.5685618729096,1137.53125,9.644044995628626
6918,13,212.0,166.0,4.231589317321777,0.7281667590141296,1.0,723.2107023411371,707.2291666666666,18.0151345899996
6918,14,170.0,93.0,4.569979667663574,0.7091017365455627,1.0,544.5351170568562,396.21875,19.455762980001992
6918,15,184.0,250.0,4.710410118103027,0.704628050327301,0.9999998807907104,604.0936454849498,1065.1041666666667,20.05361718453104
6918,16,243.0,173.0,3.794498920440674,0.7028341293334961,0.9999998807907104,855.0903010033445,737.0520833333334,16.154310739354017
6918,17,158.0,182.0,4.468316078186035,0.7028194069862366,1.0,493.4849498327759,775.3958333333334,19.022950835438895
6918,18,274.0,221.0,3.2763452529907227,0.7019806504249573,1.0,986.9698996655518,941.5520833333334,13.94837643018038
6918,19,211.0,266.0,3.615316867828369,0.6986000537872314,0.9999998807907104,718.9565217391304,1133.2708333333333,15.39147943606344
6918,20,270.0,105.0,5.367844104766846,0.6946247816085815,0.9999998807907104,969.9531772575251,447.34375,22.852509247450968
6918,21,260.0,132.0,7.6376237869262695,0.6883155107498169,0.9999998807907104,927.4113712374582,562.375,32.51563659687639
6918,22,235.0,254.0,4.255011081695557,0.6864817142486572,0.9999998807907104,821.0568561872909,1082.1458333333333,18.114848008738438
6918,23,221.0,256.0,2.92966365814209,0.6751236915588379,0.9999998807907104,761.4983277591973,1090.6666666666667,12.472449745729183
6918,24,136.0,127.0,5.066716194152832,0.6723825335502625,0.9999998807907104,399.89297658862876,541.0729166666666,21.570518148666768
6918,25,302.0,198.0,4.730091094970703,0.6609312295913696,0.9999998807907104,1106.086956521739,843.5625,20.137404958000097
6918,26,215.0,251.0,6.941277980804443,0.44252723455429077,0.9999921321868896,735.9732441471572,1069.3645833333333,29.55108534254858
6918,27,178.0,290.0,15.129412651062012,0.41229358315467834,0.9999507665634155,578.5685618729096,1235.5208333333333,64.41041054263513
6918,28,86.0,248.0,33.52642059326172,0.35123759508132935,0.9996583461761475,187.1839464882943,1056.5833333333333,142.73194632479414
6918,29,268.0,226.0,22.246047973632812,0.2780635356903076,0.9990416169166565,961.4448160535117,962.8541666666666,94.70804425658022
6918,30,241.0,275.0,24.959331512451172,0.18694166839122772,0.992588222026825,846.581939799331,1171.6145833333333,106.25929946288177
6947,0,167.0,264.0,1.0,0.8800166249275208,1.0,466.14886731391584,946.6874999999999,3.5858490078077905
6947,1,188.0,178.0,1.0,0.8705305457115173,1.0,541.4498381877022,638.2968749999999,3.5858490078077905
6947,2,199.0,287.0,1.0,0.8626364469528198,1.0,580.8932038834951,1029.1640625,3.5858490078077905
6947,3,198.0,304.0,1.0,0.8513355851173401,1.0,577.3074433656958,1090.125,3.5858490078077905
6947,4,178.0,295.0,1.0,0.8448406457901001,1.0,505.5922330097087,1057.8515625,3.5858490078077905
6947,5,186.0,271.0,1.0,0.8428015112876892,1.0,534.2783171521036,971.7890624999999,3.5858490078077905
6947,6,159.0,188.0,1.146754264831543,0.8398677110671997,1.0,437.462783171521,674.1562499999999,4.112087642745541
6947,7,268.0,228.0,1.124699354171753,0.8198758959770203,1.0,828.3106796116505,817.5937499999999,4.033002063238843
6947,8,195.0,105.0,1.4492849111557007,0.8127970695495605,1.0,566.5501618122977,376.52343749999994,5.1969168606984715
6947,9,126.0,195.0,1.4510369300842285,0.8092687726020813,1.0,319.1326860841424,699.2578124999999,5.203199336034993
6947,10,79.0,137.0,1.1184779405593872,0.8085417747497559,1.0,150.6019417475728,491.27343749999994,4.01069301340978
6947,11,163.0,282.0,1.0,0.8079190850257874,1.0,451.8058252427184,1011.2343749999999,3.5858490078077905
6947,12,190.0,164.0,1.1577625274658203,0.8066391944885254,1.0,548.6213592233009,588.0937499999999,4.151561610390352
6947,13,220.0,181.0,1.0,0.8050708770751953,1.0,656.1941747572815,649.0546874999999,3.5858490078077905
6947,14,258.0,88.0,2.1540918350219727,0.7998730540275574,1.0,792.4530744336569,315.56249999999994,7.724248069340404
6947,15,226.0,169.0,1.2965290546417236,0.7955780029296875,1.0,677.7087378640776,606.0234374999999,4.649157424180998
6947,16,156.0,175.0,2.478227138519287,0.7920145392417908,1.0,426.7055016181229,627.5390624999999,8.886548325781726
6947,17,165.0,312.0,1.0,0.7909121513366699,1.0,458.9773462783171,1118.8125,3.5858490078077905
6947,18,134.0,203.0,1.2969162464141846,0.788340151309967,1.0,347.8187702265372,727.9453124999999,4.650545835414108
6947,19,142.0,120.0,2.1441264152526855,0.7866376638412476,1.0,376.504854368932,430.31249999999994,7.688513578748317
6947,20,132.0,85.0,2.6168999671936035,0.785356342792511,1.0,340.6472491909385,304.80468749999994,9.383808150893422
6947,21,98.0,158.0,1.4287655353546143,0.7853270173072815,1.0,218.7313915857605,566.578125,5.123337477341311
6947,22,198.0,67.0,3.638172149658203,0.7687491774559021,1.0,577.3074433656958,240.25781249999997,13.045935993085804
6947,23,295.0,197.0,1.427783727645874,0.751046359539032,1.0,925.126213592233,706.4296874999999,5.1198168631430665
6947,24,245.0,118.0,2.199284315109253,0.7401871681213379,1.0,745.8381877022653,423.14062499999994,7.886301479221751
6947,25,224.0,267.0,1.9991178512573242,0.7162083983421326,1.0,670.5372168284789,957.4453124999999,7.168534763421919
6947,26,208.0,269.0,2.0333423614501953,0.678373396396637,1.0,613.1650485436893,964.6171874999999,7.291258689339733
6947,27,217.0,195.0,19.513042449951172,0.22743280231952667,0.9979358911514282,645.4368932038834,699.2578124999999,69.9708239084687
6947,28,137.0,210.0,19.77383804321289,0.19681933522224426,0.996878981590271,358.57605177993526,753.0468749999999,70.90599752780689
6947,29,163.0,205.0,23.481884002685547,0.18804341554641724,0.9933356046676636,451.8058252427184,735.1171874999999,84.2024904524876
7253,0,198.0,282.0,1.0,0.8405538201332092,1.0,646.1589595375723,1017.84375,3.6096007877355087
7253,1,185.0,248.0,1.0,0.8390686511993408,1.0,599.2312138728324,895.125,3.6096007877355087
7253,2,225.0,151.0,1.0,0.8348569869995117,1.0,743.6242774566474,545.015625,3.6096007877355087
7253,3,167.0,160.0,1.0,0.8344787955284119,1.0,534.2543352601156,577.5,3.6096007877355087
7253,4,169.0,250.0,1.0198233127593994,0.8322505950927734,1.0,541.4739884393064,902.34375,3.6811550330873644
7253,5,194.0,149.0,1.0,0.8316618800163269,1.0,631.7196531791908,537.796875,3.6096007877355087
7253,6,311.0,156.0,1.0,0.8271802067756653,1.0,1054.0693641618498,563.0625,3.6096007877355087
7253,7,134.0,164.0,1.5478878021240234,0.8238182663917542,1.0,415.1300578034682,591.9375,5.587257029873061
7253,8,141.0,173.0,1.3587547540664673,0.8033591508865356,1.0,440.39884393063585,624.421875,4.904562230617688
7253,9,274.0,188.0,1.7897915840148926,0.7852945327758789,1.0,920.5057803468209,678.5625,6.460433111542541
7253,10,138.0,57.0,3.431647539138794,0.7612020373344421,1.0,429.5693641618497,205.734375,12.386877660506011
7253,11,249.0,51.0,2.2855138778686523,0.7584409713745117,1.0,830.2601156069364,184.078125,8.249792693935126
7253,12,229.0,139.0,2.1056714057922363,0.7556324005126953,1.0,758.0635838150289,501.703125,7.600633165059793
7253,13,198.0,35.0,2.1573235988616943,0.7522064447402954,1.0,646.1589595375723,126.328125,7.787076961851575
7253,14,156.0,290.0,1.4592771530151367,0.7516045570373535,1.0,494.54624277456645,1046.71875,5.267407961047868
7253,15,242.0,83.0,2.192789316177368,0.7484686374664307,1.0,804.9913294797688,299.578125,7.915094043011836
7253,16,96.0,109.0,2.195441961288452,0.7444736361503601,1.0,277.9566473988439,393.421875,7.924669032894387
7253,17,212.0,247.0,1.6666309833526611,0.7431292533874512,1.0,696.6965317919075,891.515625,6.015872510374171
7253,18,228.0,241.0,1.768033742904663,0.7428343296051025,1.0,754.4537572254335,869.859375,6.381895991131632
7253,19,147.0,91.0,2.414881706237793,0.7417155504226685,1.0,462.0578034682081,328.453125,8.716758909124007
7253,20,195.0,135.0,1.9801912307739258,0.737705647945404,1.0,635.3294797687861,487.265625,7.14769982646851
7253,21,196.0,74.0,3.2993927001953125,0.7342649102210999,1.0,638.9393063583815,267.09375,11.909490489673788
7253,22,163.0,267.0,1.653932809829712,0.7331113815307617,1.0,519.8150289017341,963.703125,5.970037173222932
7253,23,162.0,147.0,1.7120110988616943,0.7272065281867981,1.0,516.2052023121387,530.578125,6.1796766110631065
7253,24,106.0,128.0,3.6979687213897705,0.7045512199401855,1.0,314.0549132947977,462.0,13.348190809749788
7253,25,202.0,243.0,3.0626142024993896,0.494500994682312,0.9999992847442627,660.5982658959538,877.078125,11.054814637871754
7253,26,263.0,193.0,13.085962295532227,0.3445048928260803,0.9998267292976379,880.7976878612717,696.609375,47.235099810230295
7259,0,216.0,292.0,1.0,0.8693593144416809,1.0,883.5227272727273,1288.90625,4.415837711211924
7259,1,209.0,259.0,1.0,0.8611289858818054,1.0,852.5994318181818,1143.2421875,4.415837711211924
7259,2,192.0,257.0,1.0,0.8606565594673157,1.0,777.5,1134.4140625,4.415837711211924
7259,3,181.0,187.0,1.0,0.8509248495101929,1.0,728.90625,825.4296875,4.415837711211924
7259,4,163.0,200.0,1.0182706117630005,0.8466926217079163,1.0,649.3892045454545,882.8125,4.496517767641894
7259,5,156.0,192.0,1.0,0.8327319622039795,1.0,618.4659090909091,847.5,4.415837711211924
7259,6,185.0,273.0,1.0,0.8300626873970032,1.0,746.5767045454545,1205.0390625,4.415837711211924
7259,7,202.0,282.0,1.0356301069259644,0.8216861486434937,1.0,821.6761363636364,1244.765625,4.573174481030111
7259,8,243.0,248.0,1.0,0.8159530162811279,1.0,1002.7982954545454,1094.6875,4.415837711211924
7259,9,155.0,133.0,1.284153938293457,0.8136838674545288,1.0,614.0482954545454,587.0703125,5.670615387717557
7259,10,176.0,177.0,1.796746015548706,0.8131524920463562,1.0,706.8181818181818,781.2890625,7.934138812929742
7259,11,130.0,164.0,1.0832542181015015,0.8049650192260742,1.0,503.6079545454545,723.90625,4.783474827121997
7259,12,278.0,213.0,1.330820083618164,0.8027085065841675,1.0,1157.4147727272727,940.1953125,5.876685512079295
7259,13,202.0,177.0,2.105285882949829,0.7973448634147644,1.0,821.6761363636364,781.2890625,9.296600794811948
7259,14,231.0,163.0,1.383262276649475,0.7950688600540161,1.0,949.7869318181818,719.4921875,6.1082617257256135
7259,15,182.0,80.0,2.151855945587158,0.7776198983192444,1.0,733.3238636363636,353.125,9.502246633619366
7259,16,200.0,164.0,1.5438169240951538,0.7740418910980225,1.0,812.840909090909,723.90625,6.817244992626576
7259,17,305.0,189.0,1.6210973262786865,0.7718732357025146,1.0,1276.6903409090908,834.2578125,7.158502706926245
7259,18,224.0,273.0,1.2870787382125854,0.7669671177864075,1.0,918.8636363636364,1205.0390625,5.683530829498195
7259,19,229.0,175.0,2.492234706878662,0.7602036595344543,1.0,940.9517045454545,772.4609375,11.00530400382599
7259,20,117.0,146.0,3.8408737182617188,0.757929801940918,1.0,446.17897727272725,644.453125,16.96067500910286
7259,21,143.0,104.0,4.249258041381836,0.7570874094963074,1.0,561.0369318181818,459.0625,18.764033903804428
7259,22,237.0,116.0,2.0962462425231934,0.752792239189148,1.0,976.2926136363636,512.03125,9.256683209720213
7259,23,189.0,112.0,2.228872537612915,0.750476598739624,1.0,764.247159090909,494.375,9.842339405075728
7259,24,239.0,89.0,4.2080864906311035,0.7319283485412598,1.0,985.1278409090909,392.8515625,18.58222701737027
7259,25,228.0,253.0,1.8408889770507812,0.6739378571510315,1.0,936.5340909090909,1116.7578125,8.129066967015182
7259,26,90.0,294.0,15.470858573913574,0.2863084077835083,0.9996994733810425,326.90340909090907,1297.734375,68.31680071551389
7259,27,99.0,295.0,20.97430419921875,0.1683659553527832,0.9931371212005615,366.6619318181818,1302.1484375,92.61912344934078
7269,0,189.0,177.0,1.0,0.8522343039512634,1.0,557.8406249999999,629.640625,3.5552077229221077
7269,1,222.0,170.0,1.0,0.8518319725990295,1.0,675.0937499999999,604.7395833333334,3.5552077229221077
7269,2,164.0,191.0,1.0,0.8428930044174194,1.0,469.01249999999993,679.4427083333334,3.5552077229221077
7269,3,197.0,296.0,1.0,0.8272874355316162,1.0,586.265625,1052.9583333333333,3.5552077229221077
7269,4,202.0,271.0,1.0,0.8074852228164673,1.0,604.0312499999999,964.0260416666666,3.5552077229221077
7269,5,178.0,289.0,1.0,0.8069151043891907,1.0,518.7562499999999,1028.0572916666667,3.5552077229221077
7269,6,214.0,306.0,1.0,0.7972251772880554,1.0,646.6687499999999,1088.53125,3.5552077229221077
7269,7,245.0,249.0,1.078583836555481,0.784195601940155,1.0,756.815625,885.765625,3.834589585541002
7269,8,183.0,271.0,1.5761809349060059,0.7828391194343567,1.0,536.5218749999999,964.0260416666666,5.60365063250042
7269,9,136.0,209.0,2.24564790725708,0.7808897495269775,1.0,369.525,743.4739583333333,7.98374478284424
7269,10,146.0,118.0,1.9399452209472656,0.7702764868736267,1.0,405.05625,419.76041666666663,6.896908231557553
7269,11,279.0,203.0,2.1522486209869385,0.7626967430114746,1.0,877.6218749999999,722.1302083333333,7.6516909189812194
7269,12,193.0,62.0,2.0699689388275146,0.759275496006012,1.0,572.0531249999999,220.55208333333331,7.35916955752846
7269,13,245.0,69.0,2.7083563804626465,0.757539689540863,1.0,756.815625,245.453125,9.628769520246166
7269,14,129.0,197.0,1.3546220064163208,0.7547585368156433,1.0,344.653125,700.7864583333333,4.815962618851545
7269,15,191.0,162.0,2.6843864917755127,0.7534560561180115,1.0,564.946875,576.28125,9.543551586868086
7269,16,87.0,136.0,3.0609991550445557,0.7515428066253662,1.0,195.42187499999997,483.79166666666663,10.88248783587245
7269,17,226.0,156.0,1.2975276708602905,0.7427642345428467,1.0,689.30625,554.9375,4.612980396147639
7269,18,160.0,176.0,1.9435279369354248,0.7366260290145874,1.0,454.79999999999995,626.0833333333334,6.909645531107693
7269,19,301.0,165.0,2.8551976680755615,0.7332081198692322,1.0,955.7906249999999,586.953125,10.150820800011429
7269,20,100.0,160.0,1.6637485027313232,0.7320961952209473,1.0,241.61249999999998,569.1666666666666,5.914971525910493
7269,21,193.0,100.0,3.911086320877075,0.7313958406448364,1.0,572.0531249999999,355.72916666666663,13.90472429299719
7269,22,143.0,80.0,2.769792079925537,0.6988033652305603,0.9999998807907104,394.39687499999997,284.5833333333333,9.847186193439757
7269,23,238.0,101.0,5.776215553283691,0.6652700304985046,0.9999998807907104,731.9437499999999,359.2864583333333,20.535646144296976
7269,24,223.0,283.0,5.594216346740723,0.5990699529647827,0.9999992847442627,678.6468749999999,1006.7135416666666,19.888601159629715
7269,25,217.0,258.0,4.196809768676758,0.5898613333702087,0.9999992847442627,657.3281249999999,917.78125,14.920530501234554
7312,0,142.0,189.0,1.8081977367401123,0.7794531583786011,1.0,398.92436974789916,584.71875,5.592924517450992
7312,1,151.0,198.0,2.047827959060669,0.7557824850082397,1.0,426.7563025210084,612.5625,6.334123180798009
7312,2,172.0,176.0,1.9633431434631348,0.7527496218681335,1.0,491.69747899159665,544.5,6.072803753775804
7312,3,196.0,159.0,2.0938358306884766,0.7512413859367371,1.0,565.9159663865546,491.90624999999994,6.476429825693389
7312,4,281.0,178.0,3.009427070617676,0.73448246717453,1.0,828.7731092436975,550.6875,9.308439063242487
7312,5,235.0,140.0,2.7545583248138428,0.7233923077583313,1.0,686.5210084033614,433.12499999999994,8.520106223213544
7312,6,189.0,81.0,2.5488240718841553,0.7172772288322449,1.0,544.2689075630252,250.59374999999997,7.8837509596767354
7312,7,218.0,283.0,2.91227126121521,0.7077232003211975,1.0,633.9495798319327,875.5312499999999,9.00792706868625
7312,8,166.0,164.0,2.3551292419433594,0.7040186524391174,1.0,473.14285714285717,507.37499999999994,7.284634756140042
7312,9,231.0,153.0,2.8884806632995605,0.7032030820846558,1.0,674.1512605042017,473.34374999999994,8.93434052686968
7312,10,196.0,145.0,4.194424629211426,0.6917867660522461,1.0,565.9159663865546,448.59374999999994,12.973747211745673
7312,11,236.0,293.0,2.447040557861328,0.6849547028541565,1.0,689.6134453781513,906.4687499999999,7.568925042420095
7312,12,145.0,109.0,4.38286018371582,0.6799963116645813,0.9999998807907104,408.20168067226894,337.21874999999994,13.556595985048046
7312,13,202.0,277.0,4.612617492675781,0.6719852089881897,0.9999998807907104,584.4705882352941,856.9687499999999,14.267256805065664
7312,14,243.0,84.0,5.32564640045166,0.6282692551612854,0.9999992847442627,711.2605042016806,259.875,16.472721826352874
7312,15,264.0,238.0,4.749605655670166,0.6282339096069336,0.9999997615814209,776.2016806722689,736.3124999999999,14.690973990329448
7312,16,289.0,136.0,7.295839309692383,0.6172462701797485,0.9999984502792358,853.5126050420168,420.74999999999994,22.566712545568272
7312,17,238.0,247.0,3.0255095958709717,0.6169331669807434,0.9999998807907104,695.7983193277311,764.1562499999999,9.358183816243807
7312,18,188.0,42.0,9.588190078735352,0.6140832304954529,0.9999988079071045,541.1764705882354,129.9375,29.657167620405467
7312,19,111.0,157.0,6.322293281555176,0.6030254364013672,0.9999990463256836,303.05882352941177,485.71874999999994,19.5554437340875
7312,20,137.0,74.0,9.0075044631958,0.6008851528167725,0.9999969005584717,383.4621848739496,228.93749999999997,27.861052765214126
7312,21,248.0,52.0,10.898664474487305,0.5800908803939819,0.9999974966049194,726.7226890756302,160.875,33.71058734799929
7312,22,207.0,260.0,6.14958381652832,0.5469525456428528,0.9999967813491821,599.9327731092437,804.3749999999999,19.021237224634614
7312,23,95.0,136.0,10.851383209228516,0.5394361019134521,0.9999912977218628,253.57983193277312,420.74999999999994,33.56434197764575
7312,24,249.0,248.0,7.182782173156738,0.4878971576690674,0.999991774559021,729.8151260504202,767.2499999999999,22.21701626072335
7312,25,224.0,252.0,10.565789222717285,0.2915670871734619,0.999896764755249,652.5042016806723,779.6249999999999,32.68097309782683
7312,26,224.0,260.0,21.912582397460938,0.23246367275714874,0.997421145439148,652.5042016806723,804.3749999999999,67.77766437888143
7312,27,228.0,269.0,15.496343612670898,0.19304759800434113,0.9984155893325806,664.8739495798319,832.2187499999999,47.93163842711357
7654,0,184.0,283.0,1.0,0.8510650992393494,1.0,522.862385321101,949.2291666666666,3.352924081762544
7654,1,186.0,158.0,1.0,0.8499860167503357,1.0,529.5657492354741,529.9583333333334,3.352924081762544
7654,2,160.0,164.0,1.3561632633209229,0.8383934497833252,1.0,442.42201834862385,550.0833333333334,4.547112464390401
7654,3,166.0,271.0,1.0,0.8363655209541321,1.0,462.53211009174316,908.9791666666666,3.352924081762544
7654,4,217.0,163.0,1.0,0.8343331813812256,1.0,633.4678899082569,546.7291666666666,3.352924081762544
7654,5,176.0,248.0,1.0,0.8223645687103271,1.0,496.0489296636086,831.8333333333333,3.352924081762544
7654,6,152.0,260.0,1.0,0.821537435054779,1.0,415.6085626911315,872.0833333333333,3.352924081762544
7654,7,253.0,196.0,1.1406779289245605,0.8153996467590332,1.0,754.1284403669725,657.4166666666666,3.824606497426183
7654,8,133.0,173.0,1.0,0.8133289217948914,1.0,351.9266055045872,580.2708333333334,3.352924081762544
7654,9,129.0,163.0,1.5917387008666992,0.7965501546859741,1.0,338.519877675841,546.7291666666666,5.336979022009382
7654,10,221.0,150.0,1.7220511436462402,0.7930344343185425,1.0,646.8746177370031,503.125,5.7739067495582095
7654,11,189.0,87.0,1.6606683731079102,0.7829233407974243,1.0,539.6207951070337,291.8125,5.568094980014938
7654,12,159.0,242.0,2.20064640045166,0.7804133296012878,1.0,439.0703363914373,811.7083333333333,7.378600311518431
7654,13,279.0,167.0,2.2840237617492676,0.7803294062614441,1.0,841.2721712538226,560.1458333333334,7.658158274086995
7654,14,192.0,264.0,1.900975227355957,0.7673339247703552,1.0,549.6758409785933,885.5,6.373825618635816
7654,15,191.0,51.0,2.249581813812256,0.756401538848877,1.0,546.3241590214068,171.0625,7.542677037426177
7654,16,149.0,99.0,2.749868869781494,0.7563865184783936,1.0,405.5535168195719,332.0625,9.220101555179522
7654,17,157.0,151.0,2.0500991344451904,0.7496336102485657,1.0,432.3669724770642,506.47916666666663,6.873826757881827
7654,18,218.0,241.0,1.6361570358276367,0.7450023889541626,1.0,636.8195718654434,808.3541666666666,5.485910326971705
7654,19,233.0,66.0,3.927302837371826,0.7441226840019226,1.0,687.0948012232416,221.375,13.167948259798365
7654,20,228.0,97.0,2.21126651763916,0.7432790994644165,1.0,670.3363914373089,325.3541666666667,7.41420875818754
7654,21,187.0,145.0,2.1802053451538086,0.7365081310272217,1.0,532.9174311926606,486.35416666666663,7.310063004953625
7654,22,148.0,67.0,4.463458061218262,0.7306399941444397,1.0,402.20183486238534,224.72916666666666,14.965636021395866
7654,23,110.0,102.0,4.9543232917785645,0.7130475044250488,0.9999998807907104,274.83792048929666,342.125,16.61146987384143
7654,24,114.0,125.0,4.754350185394287,0.6999077200889587,0.9999998807907104,288.24464831804283,419.2708333333333,15.940975229740722
7654,25,205.0,249.0,3.9515151977539062,0.6409944891929626,0.9999997615814209,593.2477064220184,835.1875,13.249130465999755
7654,26,145.0,282.0,4.895541667938232,0.624494194984436,0.9999994039535522,392.1467889908257,945.875,16.414379551702073
7654,27,194.0,243.0,7.71948766708374,0.4684523940086365,0.9999929666519165,556.3792048929664,815.0625,25.882856097834036
8253,0,173.0,168.0,1.0,0.8990514874458313,1.0,560.5029585798816,628.6875000000001,3.7394359336764955
8253,1,200.0,259.0,1.0,0.8891405463218689,1.0,661.3934911242603,969.2265625000001,3.7394359336764955
8253,2,198.0,156.0,1.0,0.8792861700057983,1.0,653.9201183431952,583.7812500000001,3.7394359336764955
8253,3,209.0,291.0,1.0,0.8741158843040466,1.0,695.0236686390532,1088.9765625,3.7394359336764955
8253,4,175.0,269.0,1.0,0.8462402820587158,1.0,567.9763313609467,1006.6484375000001,3.7394359336764955
8253,5,149.0,183.0,1.0,0.842869758605957,1.0,470.82248520710056,684.8203125000001,3.7394359336764955
8253,6,183.0,255.0,1.0,0.8395007252693176,1.0,597.869822485207,954.2578125000001,3.7394359336764955
8253,7,218.0,274.0,1.0,0.8392781615257263,1.0,728.6538461538461,1025.359375,3.7394359336764955
8253,8,242.0,256.0,1.0,0.8366612195968628,1.0,818.3343195266272,958.0000000000001,3.7394359336764955
8253,9,190.0,281.0,1.0,0.8272026777267456,1.0,624.0266272189349,1051.5546875,3.7394359336764955
8253,10,284.0,209.0,1.0,0.82281893491745,1.0,975.275147928994,782.1171875000001,3.7394359336764955
8253,11,231.0,157.0,1.0,0.8215967416763306,1.0,777.2307692307692,587.5234375000001,3.7394359336764955
8253,12,141.0,104.0,1.7712674140930176,0.8099391460418701,1.0,440.9289940828402,389.18750000000006,6.623541016409675
8253,13,123.0,69.0,1.1731131076812744,0.8097460269927979,1.0,373.6686390532544,258.2109375,4.386781309130262
8253,14,316.0,180.0,1.786226511001587,0.8093556761741638,1.0,1094.8491124260354,673.5937500000001,6.679479600924928
8253,15,141.0,177.0,1.5832016468048096,0.7945112586021423,1.0,440.9289940828402,662.3671875000001,5.920281128317709
8253,16,174.0,296.0,1.5812104940414429,0.7891177535057068,1.0,564.2396449704141,1107.6875,5.912835340124936
8253,17,236.0,147.0,1.5060844421386719,0.7860409617424011,1.0,795.9142011834319,550.1015625,5.6319062820844685
8253,18,168.0,158.0,3.0349409580230713,0.7858000993728638,1.0,541.8195266272189,591.2656250000001,11.348967275018042
8253,19,196.0,79.0,1.6686261892318726,0.7845725417137146,1.0,646.4467455621301,295.63281250000006,6.23972073188734
8253,20,191.0,38.0,1.708993673324585,0.7818441987037659,1.0,627.7633136094674,142.203125,6.390672352455743
8253,21,262.0,60.0,2.511082172393799,0.7735496759414673,1.0,893.068047337278,224.53125000000003,9.390030907863808
8253,22,84.0,126.0,2.398181915283203,0.7683128118515015,1.0,227.9378698224852,471.51562500000006,8.967847629503131
8253,23,105.0,146.0,1.1818668842315674,0.7680801153182983,1.0,306.4082840236686,546.359375,4.419515495717802
8253,24,254.0,92.0,3.7242560386657715,0.7547411918640137,1.0,863.1745562130177,344.28125000000006,13.926616857198466
8253,25,200.0,144.0,4.713332653045654,0.7195074558258057,1.0,661.3934911242603,538.875,17.62520549016969
8253,26,227.0,259.0,2.019979476928711,0.7182904481887817,1.0,762.284023668639,969.2265625000001,7.553583841316273
8253,27,219.0,253.0,1.740896463394165,0.5863557457923889,1.0,732.3905325443786,946.7734375000001,6.5099707920264684
