split,stem,positive,a,b,gap,relative_gap,pa,pb,psa,psb,rank_a,rank_b,fold_a,fold_b
train,10003,True,20,22,0.0,0.0,"[886.0814606741573, 1246.78125]","[856.685393258427, 1229.9895833333333]",50.732811636042086,52.10421585108953,25,26,1,1
train,10003,True,24,22,4.385164807134504,0.07276340269257413,"[802.0926966292135, 1255.1770833333333]","[856.685393258427, 1229.9895833333333]",72.11465196377088,52.10421585108953,18,26,1,1
train,10003,True,26,24,7.062257748298549,0.1069548096539839,"[739.1011235955056, 1242.5833333333333]","[802.0926966292135, 1255.1770833333333]",68.22043233255306,72.11465196377088,16,18,1,1
train,10003,True,25,23,7.0,0.16381273202031815,"[718.1039325842696, 1297.15625]","[776.8960674157304, 1330.7395833333333]",63.95234832127155,68.22043233255306,19,24,1,1
train,10003,True,27,23,9.04987562112089,0.18811092451333292,"[818.8904494382023, 1372.71875]","[776.8960674157304, 1330.7395833333333]",71.99231998092543,68.22043233255306,23,24,1,1
train,10003,True,24,23,11.083045973594572,0.19001679127883522,"[802.0926966292135, 1255.1770833333333]","[776.8960674157304, 1330.7395833333333]",72.11465196377088,68.22043233255306,18,24,1,1
train,10003,True,26,25,10.40175425099138,0.19713873868662765,"[739.1011235955056, 1242.5833333333333]","[718.1039325842696, 1297.15625]",68.22043233255306,63.95234832127155,16,19,1,1
train,10003,True,14,19,10.180339887498949,0.24346103253650583,"[911.2780898876405, 906.75]","[898.6797752808989, 952.9270833333334]",50.55877060291594,57.569363593250145,5,11,1,1
train,10003,True,24,21,18.697715603592208,0.3348769987083831,"[802.0926966292135, 1255.1770833333333]","[860.8848314606741, 1309.75]",72.11465196377088,53.60512413972735,18,21,1,1
train,10003,True,16,11,9.770329614269007,0.3547573669640184,"[629.9157303370787, 1036.8854166666667]","[604.7191011235955, 1011.6979166666666]",44.632552616258366,43.02364024677909,20,22,1,1
train,10003,True,18,13,14.0,0.35756661096715786,"[793.693820224719, 957.125]","[797.8932584269663, 906.75]",59.67441752719282,48.05605895410458,0,10,1,1
train,10003,True,12,17,15.15549442140351,0.46737499177425984,"[692.9073033707865, 940.3333333333334]","[701.3061797752808, 986.5104166666666]",43.63393513016928,53.93298728306528,8,13,1,1
train,10003,True,24,25,32.54101966249684,0.5090129580900169,"[802.0926966292135, 1255.1770833333333]","[718.1039325842696, 1297.15625]",72.11465196377088,63.95234832127155,18,19,1,1
train,10003,True,24,20,32.52610922848042,0.5451005510370708,"[802.0926966292135, 1255.1770833333333]","[886.0814606741573, 1246.78125]",72.11465196377088,50.732811636042086,18,25,1,1
train,10003,True,15,20,21.825424421026653,0.5591669169952682,"[940.6741573033707, 1225.7916666666667]","[886.0814606741573, 1246.78125]",62.276449452156804,50.732811636042086,17,25,1,1
train,10003,True,28,27,29.14962686336267,0.603821324145232,"[684.5084269662922, 1368.5208333333333]","[818.8904494382023, 1372.71875]",52.943307108228325,71.99231998092543,9,23,1,1
train,10003,True,24,27,45.389654018972806,0.671023287704451,"[802.0926966292135, 1255.1770833333333]","[818.8904494382023, 1372.71875]",72.11465196377088,71.99231998092543,18,23,1,1
train,10003,True,25,27,39.85339643163099,0.7276807832188211,"[718.1039325842696, 1297.15625]","[818.8904494382023, 1372.71875]",63.95234832127155,71.99231998092543,19,23,1,1
train,10003,True,21,27,33.17601498127012,0.7363362806795913,"[860.8848314606741, 1309.75]","[818.8904494382023, 1372.71875]",53.60512413972735,71.99231998092543,21,23,1,1
train,10003,True,26,23,34.0,0.7421175424954368,"[739.1011235955056, 1242.5833333333333]","[776.8960674157304, 1330.7395833333333]",68.22043233255306,68.22043233255306,16,24,1,1
train,10003,True,28,25,31.89376840679705,0.7431235480006364,"[684.5084269662922, 1368.5208333333333]","[718.1039325842696, 1297.15625]",52.943307108228325,63.95234832127155,9,19,1,1
train,10003,True,18,19,39.26164427839479,0.7832771343727126,"[793.693820224719, 957.125]","[898.6797752808989, 952.9270833333334]",59.67441752719282,57.569363593250145,0,11,1,1
train,10003,False,21,20,31.202484376209235,0.9793911002952389,"[860.8848314606741, 1309.75]","[886.0814606741573, 1246.78125]",53.60512413972735,50.732811636042086,21,25,1,1
train,10003,False,21,23,49.80354318352215,1.7017531270283581,"[860.8848314606741, 1309.75]","[776.8960674157304, 1330.7395833333333]",53.60512413972735,68.22043233255306,21,24,1,1
train,10003,False,15,22,41.190046219457976,1.0313639225756581,"[940.6741573033707, 1225.7916666666667]","[856.685393258427, 1229.9895833333333]",62.276449452156804,52.10421585108953,17,26,1,1
train,10003,False,21,22,37.47076812334269,1.1367834194784097,"[860.8848314606741, 1309.75]","[856.685393258427, 1229.9895833333333]",53.60512413972735,52.10421585108953,21,26,1,1
train,10003,False,28,23,49.774009099144415,1.4633086619388251,"[684.5084269662922, 1368.5208333333333]","[776.8960674157304, 1330.7395833333333]",52.943307108228325,68.22043233255306,9,24,1,1
train,10003,False,18,17,45.51881339845203,1.0345184863284553,"[793.693820224719, 957.125]","[701.3061797752808, 986.5104166666666]",59.67441752719282,53.93298728306528,0,13,1,1
train,10003,False,17,16,45.14108798023731,1.2517478204299746,"[701.3061797752808, 986.5104166666666]","[629.9157303370787, 1036.8854166666667]",53.93298728306528,44.632552616258366,13,20,1,1
train,10003,False,1,6,43.204072210600685,2.873892134046836,"[470.3370786516854, 885.7604166666666]","[499.7331460674157, 923.5416666666666]",27.850874874470428,22.217312289199278,15,27,1,1
train,10003,False,26,22,69.03570517957252,1.430503817549151,"[739.1011235955056, 1242.5833333333333]","[856.685393258427, 1229.9895833333333]",68.22043233255306,52.10421585108953,16,26,1,1
train,10003,False,18,12,45.238512086787566,1.1882264142866181,"[793.693820224719, 957.125]","[692.9073033707865, 940.3333333333334]",59.67441752719282,43.63393513016928,0,8,1,1
train,10003,False,15,21,84.60373823613078,2.573814049829226,"[940.6741573033707, 1225.7916666666667]","[860.8848314606741, 1309.75]",62.276449452156804,53.60512413972735,17,21,1,1
train,10003,False,17,11,59.8276253029822,1.8957108502895843,"[701.3061797752808, 986.5104166666666]","[604.7191011235955, 1011.6979166666666]",53.93298728306528,43.02364024677909,13,22,1,1
train,10003,False,13,19,46.12748667179272,1.1149909446689628,"[797.8932584269663, 906.75]","[898.6797752808989, 952.9270833333334]",48.05605895410458,57.569363593250145,10,11,1,1
train,10003,False,23,22,84.14693182963201,2.272581975989763,"[776.8960674157304, 1330.7395833333333]","[856.685393258427, 1229.9895833333333]",68.22043233255306,52.10421585108953,24,26,1,1
train,10003,False,15,24,89.47098982546837,1.4858273290404251,"[940.6741573033707, 1225.7916666666667]","[802.0926966292135, 1255.1770833333333]",62.276449452156804,72.11465196377088,17,18,1,1
train,10003,False,28,26,94.25754563287887,2.0495614371147592,"[684.5084269662922, 1368.5208333333333]","[739.1011235955056, 1242.5833333333333]",52.943307108228325,68.22043233255306,9,16,1,1
train,10003,False,26,27,80.05553651663777,1.399431176264889,"[739.1011235955056, 1242.5833333333333]","[818.8904494382023, 1372.71875]",68.22043233255306,71.99231998092543,16,23,1,1
train,10003,False,26,21,90.23595782365635,2.118366726634157,"[739.1011235955056, 1242.5833333333333]","[860.8848314606741, 1309.75]",68.22043233255306,53.60512413972735,16,21,1,1
train,10003,False,23,20,97.73702446397704,2.7112587784947118,"[776.8960674157304, 1330.7395833333333]","[886.0814606741573, 1246.78125]",68.22043233255306,50.732811636042086,24,25,1,1
train,10003,False,14,13,46.67598976424087,1.6831792401046508,"[911.2780898876405, 906.75]","[797.8932584269663, 906.75]",50.55877060291594,48.05605895410458,5,10,1,1
train,10003,False,27,20,92.77632963600144,1.8656283344709668,"[818.8904494382023, 1372.71875]","[886.0814606741573, 1246.78125]",71.99231998092543,50.732811636042086,23,25,1,1
train,10003,False,18,14,68.31810730249349,1.7241934854913576,"[793.693820224719, 957.125]","[911.2780898876405, 906.75]",59.67441752719282,50.55877060291594,0,5,1,1
train,10004,True,22,24,0.0,0.0,"[662.5, 1198.0208333333333]","[585.5645161290322, 1176.6276041666667]",81.36442263565405,86.6964216750034,19,25,0,0
train,10004,True,20,15,0.0,0.0,"[773.6290322580645, 1185.1848958333333]","[842.016129032258, 1180.90625]",71.81328872499853,48.945853905957485,24,26,0,0
train,10004,True,21,22,0.0,0.0,"[726.6129032258065, 1257.921875]","[662.5, 1198.0208333333333]",74.06975175468054,81.36442263565405,10,19,0,0
train,10004,True,25,23,0.0,0.0,"[538.5483870967741, 1236.5286458333333]","[615.483870967742, 1287.8723958333333]",69.74628499664576,73.94619912195172,14,20,0,0
train,10004,True,22,23,0.0,0.0,"[662.5, 1198.0208333333333]","[615.483870967742, 1287.8723958333333]",81.36442263565405,73.94619912195172,19,20,0,0
train,10004,True,23,26,0.0,0.0,"[615.483870967742, 1287.8723958333333]","[705.241935483871, 1334.9375]",73.94619912195172,69.74628499664576,20,21,0,0
train,10004,True,23,24,0.0,0.0,"[615.483870967742, 1287.8723958333333]","[585.5645161290322, 1176.6276041666667]",73.94619912195172,86.6964216750034,20,25,0,0
train,10004,True,21,26,6.0,0.07455285885407983,"[726.6129032258065, 1257.921875]","[705.241935483871, 1334.9375]",74.06975175468054,69.74628499664576,10,21,0,0
train,10004,True,25,24,6.0710678118654755,0.07518386263600334,"[538.5483870967741, 1236.5286458333333]","[585.5645161290322, 1176.6276041666667]",69.74628499664576,86.6964216750034,14,25,0,0
train,10004,True,22,20,8.0,0.08678749992022584,"[662.5, 1198.0208333333333]","[773.6290322580645, 1185.1848958333333]",81.36442263565405,71.81328872499853,19,24,0,0
train,10004,True,21,20,8.219544457292887,0.10774230351429293,"[726.6129032258065, 1257.921875]","[773.6290322580645, 1185.1848958333333]",74.06975175468054,71.81328872499853,10,24,0,0
train,10004,True,13,18,7.944271909999159,0.15429407051521143,"[683.8709677419355, 714.5338541666666]","[675.3225806451612, 770.15625]",41.240292418337674,49.31807108369778,0,7,0,0
train,10004,True,14,19,8.899494936611665,0.16229257322452129,"[833.4677419354839, 718.8125]","[816.3709677419355, 770.15625]",41.01797116305648,48.75867978285165,5,9,0,0
train,10004,True,21,23,14.652475842498529,0.1989624828212311,"[726.6129032258065, 1257.921875]","[615.483870967742, 1287.8723958333333]",74.06975175468054,73.94619912195172,10,20,0,0
train,10004,True,11,16,10.180339887498949,0.23672008606879907,"[431.69354838709677, 812.9427083333334]","[457.33870967741933, 855.7291666666666]",36.03374792584493,45.458958710944245,17,18,0,0
train,10004,True,12,17,12.0,0.24764650302389882,"[555.6451612903226, 748.7630208333334]","[559.9193548387096, 800.1067708333334]",36.78714817478155,44.441851052808325,2,4,0,0
train,10004,True,26,27,23.0,0.314302690314802,"[705.241935483871, 1334.9375]","[530.0, 1352.0520833333333]",69.74628499664576,55.75768351387398,21,22,0,0
train,10004,True,22,26,35.013886210738214,0.36596104746964253,"[662.5, 1198.0208333333333]","[705.241935483871, 1334.9375]",81.36442263565405,69.74628499664576,19,21,0,0
train,10004,True,23,27,35.24913792078372,0.5374505806309839,"[615.483870967742, 1287.8723958333333]","[530.0, 1352.0520833333333]",73.94619912195172,55.75768351387398,20,22,0,0
train,10004,True,25,22,48.47726750741192,0.5543427722255331,"[538.5483870967741, 1236.5286458333333]","[662.5, 1198.0208333333333]",69.74628499664576,81.36442263565405,14,19,0,0
train,10004,True,25,27,49.11985634456667,0.7917924249459969,"[538.5483870967741, 1236.5286458333333]","[530.0, 1352.0520833333333]",69.74628499664576,55.75768351387398,14,22,0,0
train,10004,False,24,0,-1.0,-1.0,"[585.5645161290322, 1176.6276041666667]","[508.6290322580645, 1103.890625]",86.6964216750034,52.89638308759872,25,28,0,0
train,10004,False,22,0,-1.0,-1.0,"[662.5, 1198.0208333333333]","[671.0483870967741, 1095.3333333333333]",81.36442263565405,51.84882622827637,19,27,0,0
train,10004,False,24,0,-1.0,-1.0,"[585.5645161290322, 1176.6276041666667]","[671.0483870967741, 1095.3333333333333]",86.6964216750034,51.84882622827637,25,27,0,0
train,10004,False,21,24,77.23042886243178,0.937107918975874,"[726.6129032258065, 1257.921875]","[585.5645161290322, 1176.6276041666667]",74.06975175468054,86.6964216750034,10,25,0,0
train,10004,False,20,0,-1.0,-1.0,"[773.6290322580645, 1185.1848958333333]","[671.0483870967741, 1095.3333333333333]",71.81328872499853,51.84882622827637,24,27,0,0
train,10004,False,25,0,-1.0,-1.0,"[538.5483870967741, 1236.5286458333333]","[508.6290322580645, 1103.890625]",69.74628499664576,52.89638308759872,14,28,0,0
train,10004,False,21,15,79.60397012554654,1.3012292692509464,"[726.6129032258065, 1257.921875]","[842.016129032258, 1180.90625]",74.06975175468054,48.945853905957485,10,26,0,0
train,10004,False,26,20,69.51950084905593,0.8276717576336603,"[705.241935483871, 1334.9375]","[773.6290322580645, 1185.1848958333333]",69.74628499664576,71.81328872499853,21,24,0,0
train,10004,False,20,24,94.1892851112981,1.0971544191719174,"[773.6290322580645, 1185.1848958333333]","[585.5645161290322, 1176.6276041666667]",71.81328872499853,86.6964216750034,24,25,0,0
train,10004,False,26,24,82.6301381082203,0.9222779958369537,"[705.241935483871, 1334.9375]","[585.5645161290322, 1176.6276041666667]",69.74628499664576,86.6964216750034,21,25,0,0
train,10004,False,17,18,53.74486277268398,0.90464953692532,"[559.9193548387096, 800.1067708333334]","[675.3225806451612, 770.15625]",44.441851052808325,49.31807108369778,4,7,0,0
train,10004,False,27,24,108.41663493271945,1.4398073755483212,"[530.0, 1352.0520833333333]","[585.5645161290322, 1176.6276041666667]",55.75768351387398,86.6964216750034,22,25,0,0
train,10004,False,23,20,116.00427342623003,1.4974215642305502,"[615.483870967742, 1287.8723958333333]","[773.6290322580645, 1185.1848958333333]",73.94619912195172,71.81328872499853,20,24,0,0
train,10004,False,17,16,46.70744176750625,0.8571255007775553,"[559.9193548387096, 800.1067708333334]","[457.33870967741933, 855.7291666666666]",44.441851052808325,45.458958710944245,4,18,0,0
train,10004,False,21,25,105.0,1.4893242466294674,"[726.6129032258065, 1257.921875]","[538.5483870967741, 1236.5286458333333]",74.06975175468054,69.74628499664576,10,14,0,0
train,10004,False,22,0,-1.0,-1.0,"[662.5, 1198.0208333333333]","[508.6290322580645, 1103.890625]",81.36442263565405,52.89638308759872,19,28,0,0
train,10004,False,12,18,48.040799340956916,0.9481018604593392,"[555.6451612903226, 748.7630208333334]","[675.3225806451612, 770.15625]",36.78714817478155,49.31807108369778,2,7,0,0
train,10004,False,21,0,-1.0,-1.0,"[726.6129032258065, 1257.921875]","[671.0483870967741, 1095.3333333333333]",74.06975175468054,51.84882622827637,10,27,0,0
train,10004,False,22,15,97.6154146165801,1.2183380325082227,"[662.5, 1198.0208333333333]","[842.016129032258, 1180.90625]",81.36442263565405,48.945853905957485,19,26,0,0
train,10004,False,25,26,71.94518489934754,0.9132997590911184,"[538.5483870967741, 1236.5286458333333]","[705.241935483871, 1334.9375]",69.74628499664576,69.74628499664576,14,21,0,0
train,10004,False,18,19,60.032778078668514,0.9470730425342797,"[675.3225806451612, 770.15625]","[816.3709677419355, 770.15625]",49.31807108369778,48.75867978285165,7,9,0,0
train,10015,True,20,22,6.280109889280518,0.08445861359435254,"[528.9513108614233, 929.0234375000001]","[455.9925093632959, 925.3802083333334]",82.57066368513998,73.907413499128,7,23,1,1
train,10015,True,20,21,8.848857801796104,0.14174056325897624,"[528.9513108614233, 929.0234375000001]","[503.4157303370787, 1009.1744791666667]",82.57066368513998,67.51715793743702,7,22,1,1
train,10015,True,24,21,9.198039027185569,0.16904904249655325,"[558.1348314606741, 1045.6067708333335]","[503.4157303370787, 1009.1744791666667]",78.95025083887857,67.51715793743702,19,22,1,1
train,10015,True,23,22,10.180339887498949,0.1852502515616189,"[441.40074906367045, 990.9583333333334]","[455.9925093632959, 925.3802083333334]",56.12305014839091,73.907413499128,18,23,1,1
train,10015,True,19,14,16.0,0.42105263157894735,"[561.7827715355805, 593.8463541666667]","[561.7827715355805, 542.8411458333334]",56.24132857283825,47.811384092222035,3,13,1,1
train,10015,True,12,17,16.08800749063506,0.45760738480007923,"[357.498127340824, 626.6354166666667]","[375.7378277153558, 673.9973958333334]",44.04975737908275,48.774587856465175,10,11,1,1
train,10015,True,11,16,14.811388300841896,0.46490342595674794,"[259.00374531835206, 692.2135416666667]","[291.8352059925094, 725.0026041666667]",41.2450730988725,43.135129941628186,14,21,1,1
train,10015,True,20,24,40.48493702538308,0.5336212003539639,"[528.9513108614233, 929.0234375000001]","[558.1348314606741, 1045.6067708333335]",82.57066368513998,78.95025083887857,7,19,1,1
train,10015,True,18,13,21.360679774997898,0.5357779093967472,"[455.9925093632959, 612.0625]","[448.69662921348316, 561.0572916666667]",56.711975510949685,45.82427855739649,2,4,1,1
train,10015,True,23,21,21.80350850198276,0.5851314500392333,"[441.40074906367045, 990.9583333333334]","[503.4157303370787, 1009.1744791666667]",56.12305014839091,67.51715793743702,18,22,1,1
train,10015,True,21,22,31.802438933713454,0.6082762897564925,"[503.4157303370787, 1009.1744791666667]","[455.9925093632959, 925.3802083333334]",67.51715793743702,73.907413499128,22,23,1,1
train,10015,True,20,23,45.486557196677836,0.7032135478523158,"[528.9513108614233, 929.0234375000001]","[441.40074906367045, 990.9583333333334]",82.57066368513998,56.12305014839091,7,18,1,1
train,10015,True,23,24,41.720018726587654,0.7321555357525158,"[441.40074906367045, 990.9583333333334]","[558.1348314606741, 1045.6067708333335]",56.12305014839091,78.95025083887857,18,19,1,1
train,10015,False,18,19,56.77542730261716,1.2439868127516207,"[455.9925093632959, 612.0625]","[561.7827715355805, 593.8463541666667]",56.711975510949685,56.24132857283825,2,3,1,1
train,10015,False,18,17,44.221676218380054,0.9552655477466626,"[455.9925093632959, 612.0625]","[375.7378277153558, 673.9973958333334]",56.711975510949685,48.774587856465175,2,11,1,1
train,10015,False,18,12,40.23105625617661,1.084556591251766,"[455.9925093632959, 612.0625]","[357.498127340824, 626.6354166666667]",56.711975510949685,44.04975737908275,2,10,1,1
train,10015,False,24,22,70.47027354082255,1.0399321805269133,"[558.1348314606741, 1045.6067708333335]","[455.9925093632959, 925.3802083333334]",78.95025083887857,73.907413499128,19,23,1,1
train,10015,False,17,16,56.30619512757761,1.384904269798551,"[375.7378277153558, 673.9973958333334]","[291.8352059925094, 725.0026041666667]",48.774587856465175,43.135129941628186,11,21,1,1
train,10015,False,21,0,-1.0,-1.0,"[503.4157303370787, 1009.1744791666667]","[423.1610486891386, 1096.6119791666667]",67.51715793743702,41.2450730988725,22,24,1,1
train,10015,False,23,0,-1.0,-1.0,"[441.40074906367045, 990.9583333333334]","[423.1610486891386, 1096.6119791666667]",56.12305014839091,41.2450730988725,18,24,1,1
train,10015,False,19,13,57.69412236331676,1.5477552853634648,"[561.7827715355805, 593.8463541666667]","[448.69662921348316, 561.0572916666667]",56.24132857283825,45.82427855739649,3,4,1,1
train,10015,False,20,15,78.20227269466452,1.2406028254369372,"[528.9513108614233, 929.0234375000001]","[652.9812734082398, 856.1588541666667]",82.57066368513998,45.24050594974888,7,20,1,1
train,10015,False,24,0,-1.0,-1.0,"[558.1348314606741, 1045.6067708333335]","[423.1610486891386, 1096.6119791666667]",78.95025083887857,41.2450730988725,19,24,1,1
train,10015,False,18,14,68.20260110718382,1.6820931082821882,"[455.9925093632959, 612.0625]","[561.7827715355805, 542.8411458333334]",56.711975510949685,47.811384092222035,2,13,1,1
train,10015,False,13,14,43.04543109109048,1.3962108253877157,"[448.69662921348316, 561.0572916666667]","[561.7827715355805, 542.8411458333334]",45.82427855739649,47.811384092222035,4,13,1,1
train,10015,False,13,12,53.405882034941776,2.044267688517135,"[448.69662921348316, 561.0572916666667]","[357.498127340824, 626.6354166666667]",45.82427855739649,44.04975737908275,4,10,1,1
train,10043,True,26,24,10.0,0.15655607277128739,"[412.0362903225806, 858.3177083333334]","[477.5, 869.8645833333334]",69.61796536319116,75.54014514856229,2,7,2,2
train,10043,True,27,23,9.770329614269007,0.2169310455349018,"[516.008064516129, 973.7864583333334]","[450.54435483870964, 942.9947916666667]",72.23019410786749,58.38635563089657,14,17,2,2
train,10043,True,24,23,14.524174696260024,0.2551243718499705,"[477.5, 869.8645833333334]","[450.54435483870964, 942.9947916666667]",75.54014514856229,58.38635563089657,7,17,2,2
train,10043,True,14,19,10.180339887498949,0.28898572277078366,"[585.3225806451612, 508.0625]","[569.9193548387096, 546.5520833333334]",46.35872161080848,51.79486884180762,8,13,2,2
train,10043,True,23,25,11.083045973594572,0.29196254745031697,"[450.54435483870964, 942.9947916666667]","[396.633064516129, 916.0520833333334]",58.38635563089657,59.76624509921473,17,19,2,2
train,10043,True,12,17,9.770329614269007,0.3016626010191418,"[354.2741935483871, 561.9479166666666]","[373.5282258064516, 608.1354166666667]",29.065973821177696,46.835839376853365,6,11,2,2
train,10043,True,26,25,14.556349186104045,0.304849187352916,"[412.0362903225806, 858.3177083333334]","[396.633064516129, 916.0520833333334]",69.61796536319116,59.76624509921473,2,19,2,2
train,10043,True,24,20,24.0,0.4204384042182623,"[477.5, 869.8645833333334]","[542.9637096774194, 842.921875]",75.54014514856229,58.63965988152989,7,24,2,2
train,10043,True,13,18,16.0,0.47201953021210213,"[462.09677419354836, 504.2135416666667]","[458.2459677419355, 550.4010416666666]",35.07409681381842,39.449554194044715,10,12,2,2
train,10043,True,11,16,13.866068747318506,0.5023146718289215,"[269.55645161290323, 635.078125]","[296.51209677419354, 662.0208333333334]",30.55749328176843,30.55749328176843,4,20,2,2
train,10043,True,24,25,30.78049716414141,0.5203597052299618,"[477.5, 869.8645833333334]","[396.633064516129, 916.0520833333334]",75.54014514856229,59.76624509921473,7,19,2,2
train,10043,True,15,20,20.540659228538015,0.6667780144004464,"[600.7258064516129, 827.5260416666667]","[542.9637096774194, 842.921875]",41.28538799537632,58.63965988152989,21,24,2,2
train,10043,True,24,27,44.27692569068709,0.6926306517740746,"[477.5, 869.8645833333334]","[516.008064516129, 973.7864583333334]",75.54014514856229,72.23019410786749,7,14,2,2
train,10043,False,26,23,37.01315561749642,0.8231245171325849,"[412.0362903225806, 858.3177083333334]","[450.54435483870964, 942.9947916666667]",69.61796536319116,58.38635563089657,2,17,2,2
train,10043,False,27,25,57.309518948453004,1.1985086151330078,"[516.008064516129, 973.7864583333334]","[396.633064516129, 916.0520833333334]",72.23019410786749,59.76624509921473,14,19,2,2
train,10043,False,27,20,82.0,1.8128465219700658,"[516.008064516129, 973.7864583333334]","[542.9637096774194, 842.921875]",72.23019410786749,58.63965988152989,14,24,2,2
train,10043,False,26,20,95.0260381354974,2.1041697269069757,"[412.0362903225806, 858.3177083333334]","[542.9637096774194, 842.921875]",69.61796536319116,58.63965988152989,2,24,2,2
train,10043,False,26,27,84.492689745966,1.5778562062732466,"[412.0362903225806, 858.3177083333334]","[516.008064516129, 973.7864583333334]",69.61796536319116,72.23019410786749,2,14,2,2
train,10043,False,24,15,84.70297544426332,1.5491711037144567,"[477.5, 869.8645833333334]","[600.7258064516129, 827.5260416666667]",75.54014514856229,41.28538799537632,7,21,2,2
train,10043,False,23,20,101.06860437960343,2.916991653954203,"[450.54435483870964, 942.9947916666667]","[542.9637096774194, 842.921875]",58.38635563089657,58.63965988152989,17,24,2,2
train,10043,False,17,18,52.009433122794285,1.2870310598516688,"[373.5282258064516, 608.1354166666667]","[458.2459677419355, 550.4010416666666]",46.835839376853365,39.449554194044715,11,12,2,2
train,10043,False,17,16,48.57822102496216,1.328792367796925,"[373.5282258064516, 608.1354166666667]","[296.51209677419354, 662.0208333333334]",46.835839376853365,30.55749328176843,11,20,2,2
train,10043,False,18,19,65.09841147864296,1.566704532210768,"[458.2459677419355, 550.4010416666666]","[569.9193548387096, 546.5520833333334]",39.449554194044715,51.79486884180762,12,13,2,2
train,10043,False,13,19,66.06713054842886,1.889561410013223,"[462.09677419354836, 504.2135416666667]","[569.9193548387096, 546.5520833333334]",35.07409681381842,51.79486884180762,10,13,2,2
train,10043,False,11,17,63.32728814430156,1.9651135048304507,"[269.55645161290323, 635.078125]","[373.5282258064516, 608.1354166666667]",30.55749328176843,46.835839376853365,4,11,2,2
train,10043,False,25,20,124.19584657647394,3.2520248492366766,"[396.633064516129, 916.0520833333334]","[542.9637096774194, 842.921875]",59.76624509921473,58.63965988152989,19,24,2,2
train,10055,True,20,15,0.0,0.0,"[923.1780821917808, 1170.2083333333333]","[995.8356164383562, 1153.125]",91.13346377252476,67.82228994732212,25,26,0,0
train,10055,True,25,24,4.0,0.04901798830688895,"[683.8356164383562, 1234.2708333333333]","[722.3013698630137, 1174.4791666666665]",83.2844605545537,92.72196618762261,11,20,0,0
train,10055,True,22,24,7.0,0.0704220362896617,"[807.7808219178082, 1200.1041666666665]","[722.3013698630137, 1174.4791666666665]",87.66237380325677,92.72196618762261,14,20,0,0
train,10055,True,21,20,7.062257748298549,0.08757295238076344,"[880.4383561643835, 1272.7083333333333]","[923.1780821917808, 1170.2083333333333]",77.96403280333121,91.13346377252476,2,25,0,0
train,10055,True,21,26,8.486832980505138,0.08776639056169619,"[880.4383561643835, 1272.7083333333333]","[859.068493150685, 1358.125]",77.96403280333121,82.8449616526731,2,15,0,0
train,10055,True,26,23,8.0,0.08832637273037426,"[859.068493150685, 1358.125]","[765.0410958904109, 1298.3333333333333]",82.8449616526731,87.66237380325677,15,18,0,0
train,10055,True,22,23,8.848857801796104,0.09712590740173321,"[807.7808219178082, 1200.1041666666665]","[765.0410958904109, 1298.3333333333333]",87.66237380325677,87.66237380325677,14,18,0,0
train,10055,True,21,22,10.180339887498949,0.10473789169446987,"[880.4383561643835, 1272.7083333333333]","[807.7808219178082, 1200.1041666666665]",77.96403280333121,87.66237380325677,2,14,0,0
train,10055,True,26,27,9.770329614269007,0.10778029279338955,"[859.068493150685, 1358.125]","[653.917808219178, 1353.8541666666665]",82.8449616526731,73.00684899377592,15,23,0,0
train,10055,True,11,16,7.4852813742385695,0.13671889334325787,"[517.1506849315068, 875.5208333333333]","[547.068493150685, 922.5]",40.30576626886713,46.21310079329786,17,19,0,0
train,10055,True,18,13,9.198039027185569,0.14125776147120506,"[786.4109589041096, 794.375]","[786.4109589041096, 726.0416666666666]",51.976021868887464,47.76691409534199,7,8,0,0
train,10055,True,25,23,14.620499351813308,0.2051507454800315,"[683.8356164383562, 1234.2708333333333]","[765.0410958904109, 1298.3333333333333]",83.2844605545537,87.66237380325677,11,18,0,0
train,10055,True,21,23,17.027756377319946,0.22833946564452107,"[880.4383561643835, 1272.7083333333333]","[765.0410958904109, 1298.3333333333333]",77.96403280333121,87.66237380325677,2,18,0,0
train,10055,True,14,19,13.866068747318506,0.22902702785008694,"[961.6438356164383, 730.3125]","[940.2739726027397, 794.375]",46.410172479630376,42.72402679703102,10,22,0,0
train,10055,True,22,20,34.0,0.3536490050014347,"[807.7808219178082, 1200.1041666666665]","[923.1780821917808, 1170.2083333333333]",87.66237380325677,91.13346377252476,14,25,0,0
train,10055,True,12,17,19.808652046684813,0.3684732814428237,"[641.0958904109589, 781.5625]","[653.917808219178, 837.0833333333333]",43.14915196233285,42.72402679703102,3,5,0,0
train,10055,True,23,24,29.066592756745816,0.37543586381110017,"[765.0410958904109, 1298.3333333333333]","[722.3013698630137, 1174.4791666666665]",87.66237380325677,92.72196618762261,18,20,0,0
train,10055,True,25,22,44.0,0.4646922388049238,"[683.8356164383562, 1234.2708333333333]","[807.7808219178082, 1200.1041666666665]",83.2844605545537,87.66237380325677,11,14,0,0
train,10055,True,23,27,35.40054944640259,0.5319933414394034,"[765.0410958904109, 1298.3333333333333]","[653.917808219178, 1353.8541666666665]",87.66237380325677,73.00684899377592,18,23,0,0
train,10055,True,22,26,65.91038783328041,0.5994330947636156,"[807.7808219178082, 1200.1041666666665]","[859.068493150685, 1358.125]",87.66237380325677,82.8449616526731,14,15,0,0
train,10055,True,25,27,48.09175083453431,0.673881835721807,"[683.8356164383562, 1234.2708333333333]","[653.917808219178, 1353.8541666666665]",83.2844605545537,73.00684899377592,11,23,0,0
train,10055,True,17,18,49.92150822589606,0.6981175688472242,"[653.917808219178, 837.0833333333333]","[786.4109589041096, 794.375]",42.72402679703102,51.976021868887464,5,7,0,0
train,10055,True,17,16,48.92995093127971,0.7518792038768835,"[653.917808219178, 837.0833333333333]","[547.068493150685, 922.5]",42.72402679703102,46.21310079329786,5,19,0,0
train,10055,True,25,26,71.00694410957877,0.7540076243134334,"[683.8356164383562, 1234.2708333333333]","[859.068493150685, 1358.125]",83.2844605545537,82.8449616526731,11,15,0,0
train,10055,False,24,0,-1.0,-1.0,"[722.3013698630137, 1174.4791666666665]","[632.5479452054794, 1101.875]",92.72196618762261,86.1924813172033,20,29,0,0
train,10055,False,0,0,-1.0,-1.0,"[722.3013698630137, 1054.8958333333333]","[632.5479452054794, 1101.875]",61.022115910028774,86.1924813172033,27,29,0,0
train,10055,False,0,0,-1.0,-1.0,"[722.3013698630137, 1054.8958333333333]","[807.7808219178082, 1076.25]",61.022115910028774,64.08604019554653,27,28,0,0
train,10055,False,24,0,-1.0,-1.0,"[722.3013698630137, 1174.4791666666665]","[722.3013698630137, 1054.8958333333333]",92.72196618762261,61.022115910028774,20,27,0,0
train,10055,False,22,0,-1.0,-1.0,"[807.7808219178082, 1200.1041666666665]","[807.7808219178082, 1076.25]",87.66237380325677,64.08604019554653,14,28,0,0
train,10055,False,25,0,-1.0,-1.0,"[683.8356164383562, 1234.2708333333333]","[632.5479452054794, 1101.875]",83.2844605545537,86.1924813172033,11,29,0,0
train,10055,False,24,0,-1.0,-1.0,"[722.3013698630137, 1174.4791666666665]","[807.7808219178082, 1076.25]",92.72196618762261,64.08604019554653,20,28,0,0
train,10055,False,16,0,-1.0,-1.0,"[547.068493150685, 922.5]","[576.986301369863, 1003.6458333333333]",46.21310079329786,50.37088471922307,19,30,0,0
train,10055,False,26,24,101.0,1.0211140434409227,"[859.068493150685, 1358.125]","[722.3013698630137, 1174.4791666666665]",82.8449616526731,92.72196618762261,15,20,0,0
train,10055,False,0,0,-1.0,-1.0,"[632.5479452054794, 1101.875]","[576.986301369863, 1003.6458333333333]",86.1924813172033,50.37088471922307,29,30,0,0
train,10055,False,20,0,-1.0,-1.0,"[923.1780821917808, 1170.2083333333333]","[807.7808219178082, 1076.25]",91.13346377252476,64.08604019554653,25,28,0,0
train,10055,False,21,24,101.6498904042279,1.2028941095495072,"[880.4383561643835, 1272.7083333333333]","[722.3013698630137, 1174.4791666666665]",77.96403280333121,92.72196618762261,2,20,0,0
train,10055,False,24,20,126.01574705523721,1.5130546796049065,"[722.3013698630137, 1174.4791666666665]","[923.1780821917808, 1170.2083333333333]",92.72196618762261,91.13346377252476,20,25,0,0
train,10055,False,21,15,84.63293758829018,1.1831857382176105,"[880.4383561643835, 1272.7083333333333]","[995.8356164383562, 1153.125]",77.96403280333121,67.82228994732212,2,26,0,0
train,10055,False,23,20,118.09659944767525,1.6136035393404606,"[765.0410958904109, 1298.3333333333333]","[923.1780821917808, 1170.2083333333333]",87.66237380325677,91.13346377252476,18,25,0,0
train,10055,False,26,20,94.42536350467836,0.9873544022347598,"[859.068493150685, 1358.125]","[923.1780821917808, 1170.2083333333333]",82.8449616526731,91.13346377252476,15,25,0,0
train,10055,False,22,0,-1.0,-1.0,"[807.7808219178082, 1200.1041666666665]","[722.3013698630137, 1054.8958333333333]",87.66237380325677,61.022115910028774,14,27,0,0
train,10055,False,22,0,-1.0,-1.0,"[807.7808219178082, 1200.1041666666665]","[632.5479452054794, 1101.875]",87.66237380325677,86.1924813172033,14,29,0,0
train,10055,False,24,27,123.78781991845197,1.5970295516495805,"[722.3013698630137, 1174.4791666666665]","[653.917808219178, 1353.8541666666665]",92.72196618762261,73.00684899377592,20,23,0,0
train,10055,False,0,0,-1.0,-1.0,"[807.7808219178082, 1076.25]","[632.5479452054794, 1101.875]",64.08604019554653,86.1924813172033,28,29,0,0
train,10055,False,22,15,108.22453936730518,1.221026272445525,"[807.7808219178082, 1200.1041666666665]","[995.8356164383562, 1153.125]",87.66237380325677,67.82228994732212,14,26,0,0
train,10055,False,21,0,-1.0,-1.0,"[880.4383561643835, 1272.7083333333333]","[807.7808219178082, 1076.25]",77.96403280333121,64.08604019554653,2,28,0,0
train,10055,False,15,0,-1.0,-1.0,"[995.8356164383562, 1153.125]","[807.7808219178082, 1076.25]",67.82228994732212,64.08604019554653,26,28,0,0
train,10055,False,21,25,111.25862995778988,1.4100325866062196,"[880.4383561643835, 1272.7083333333333]","[683.8356164383562, 1234.2708333333333]",77.96403280333121,83.2844605545537,2,11,0,0
train,10066,True,22,23,5.4031242374328485,0.08297782086755413,"[501.8248175182482, 973.0416666666666]","[465.6934306569343, 1057.4791666666667]",78.11330204391811,51.13715991417192,14,22,0,0
train,10066,True,22,21,7.062257748298549,0.11431702937619738,"[501.8248175182482, 973.0416666666666]","[554.014598540146, 936.8541666666666]",78.11330204391811,59.45674837230253,14,26,0,0
train,10066,True,22,24,11.083045973594572,0.15473923739388754,"[501.8248175182482, 973.0416666666666]","[421.5328467153285, 965.0]",78.11330204391811,83.7960843901676,14,18,0,0
train,10066,True,24,25,12.45362404707371,0.22376393642232228,"[421.5328467153285, 965.0]","[397.44525547445255, 1033.3541666666667]",83.7960843901676,64.15775920099946,18,20,0,0
train,10066,True,19,14,13.142135623730951,0.2785501294951255,"[614.2335766423358, 599.1041666666666]","[630.2919708029198, 542.8125]",45.808995971557174,35.93553297800974,6,11,0,0
train,10066,True,23,26,17.35755975068582,0.28869184636441836,"[465.6934306569343, 1057.4791666666667]","[521.8978102189781, 1109.75]",51.13715991417192,63.65257213320409,22,23,0,0
train,10066,True,16,11,11.206555615733702,0.3134777521146266,"[285.036496350365, 719.7291666666666]","[264.963503649635, 671.4791666666666]",39.77334659991149,34.79443019022979,17,19,0,0
train,10066,True,18,13,17.35755975068582,0.3651998188689529,"[485.7664233576642, 607.1458333333334]","[497.8102189781022, 550.8541666666666]",45.98484689060421,36.6031231632512,2,12,0,0
train,10066,True,17,12,17.110770276274835,0.42597594570595276,"[389.4160583941606, 655.3958333333334]","[377.37226277372264, 599.1041666666666]",42.70889338544428,32.88641237990869,4,9,0,0
train,10066,True,25,23,26.294688127912362,0.5596514947541911,"[397.44525547445255, 1033.3541666666667]","[465.6934306569343, 1057.4791666666667]",64.15775920099946,51.13715991417192,20,22,0,0
train,10066,True,24,23,32.54101966249684,0.6061556659975146,"[421.5328467153285, 965.0]","[465.6934306569343, 1057.4791666666667]",83.7960843901676,51.13715991417192,18,22,0,0
train,10066,True,22,26,56.0701322935211,0.7322706602565636,"[501.8248175182482, 973.0416666666666]","[521.8978102189781, 1109.75]",78.11330204391811,63.65257213320409,14,23,0,0
train,10066,False,22,25,56.245087125446844,0.8426289380679174,"[501.8248175182482, 973.0416666666666]","[397.44525547445255, 1033.3541666666667]",78.11330204391811,64.15775920099946,14,20,0,0
train,10066,False,24,0,-1.0,-1.0,"[421.5328467153285, 965.0]","[349.27007299270076, 868.5]",83.7960843901676,49.37050512356257,18,25,0,0
train,10066,False,24,21,93.36630754670864,1.8830206267762952,"[421.5328467153285, 965.0]","[554.014598540146, 936.8541666666666]",83.7960843901676,59.45674837230253,18,26,0,0
train,10066,False,27,25,54.46169849544819,1.4389439124762398,"[369.3430656934307, 1121.8125]","[397.44525547445255, 1033.3541666666667]",35.025624960776135,64.15775920099946,15,20,0,0
train,10066,False,15,21,48.040799340956916,1.3528594562704472,"[650.3649635036496, 904.6875]","[554.014598540146, 936.8541666666666]",39.77334659991149,59.45674837230253,24,26,0,0
train,10066,False,25,26,60.61980201201558,0.979460170610735,"[397.44525547445255, 1033.3541666666667]","[521.8978102189781, 1109.75]",64.15775920099946,63.65257213320409,20,23,0,0
train,10066,False,24,26,89.07774419910837,1.3271555048240795,"[421.5328467153285, 965.0]","[521.8978102189781, 1109.75]",83.7960843901676,63.65257213320409,18,23,0,0
train,10066,False,18,17,46.853944456021594,0.9075212749082875,"[485.7664233576642, 607.1458333333334]","[389.4160583941606, 655.3958333333334]",45.98484689060421,42.70889338544428,2,4,0,0
train,10066,False,27,23,76.6659513557904,2.1976434860489897,"[369.3430656934307, 1121.8125]","[465.6934306569343, 1057.4791666666667]",35.025624960776135,51.13715991417192,15,22,0,0
train,10066,False,23,21,97.60020283954795,2.4643844440596085,"[465.6934306569343, 1057.4791666666667]","[554.014598540146, 936.8541666666666]",51.13715991417192,59.45674837230253,22,26,0,0
train,10066,False,27,24,116.78370006074695,2.5441924710593753,"[369.3430656934307, 1121.8125]","[421.5328467153285, 965.0]",35.025624960776135,83.7960843901676,15,18,0,0
train,10066,False,18,12,42.0,0.918705142445595,"[485.7664233576642, 607.1458333333334]","[377.37226277372264, 599.1041666666666]",45.98484689060421,32.88641237990869,2,9,0,0
train,10144,True,20,22,0.0,0.0,"[907.4545454545454, 1238.265625]","[864.2424242424242, 1219.0677083333335]",73.43219704687661,68.89888658513398,22,27,1,1
train,10144,True,23,25,0.0,0.0,"[792.2222222222222, 1252.6640625]","[705.7979797979798, 1247.8645833333335]",95.64754929514518,91.83730616624192,9,24,1,1
train,10144,True,24,27,0.0,0.0,"[763.4141414141413, 1367.8515625]","[845.037037037037, 1411.046875]",94.5571679496704,91.08143071011797,17,26,1,1
train,10144,True,21,27,0.0,0.0,"[864.2424242424242, 1319.8567708333335]","[845.037037037037, 1411.046875]",91.46014931125488,91.08143071011797,12,26,1,1
train,10144,True,23,21,0.0,0.0,"[792.2222222222222, 1252.6640625]","[864.2424242424242, 1319.8567708333335]",95.64754929514518,91.46014931125488,9,12,1,1
train,10144,True,23,24,0.0,0.0,"[792.2222222222222, 1252.6640625]","[763.4141414141413, 1367.8515625]",95.64754929514518,94.5571679496704,9,17,1,1
train,10144,True,16,11,2.605551275463989,0.05693919010786381,"[547.3535353535353, 955.0963541666667]","[513.7441077441077, 921.5]",60.910411221283866,53.022293436729846,8,19,1,1
train,10144,True,21,22,4.0,0.06319817233528371,"[864.2424242424242, 1319.8567708333335]","[864.2424242424242, 1219.0677083333335]",91.46014931125488,68.89888658513398,12,27,1,1
train,10144,True,23,22,6.615773105863909,0.07795680718326208,"[792.2222222222222, 1252.6640625]","[864.2424242424242, 1219.0677083333335]",95.64754929514518,68.89888658513398,9,27,1,1
train,10144,True,21,24,6.615773105863909,0.1039375990993936,"[864.2424242424242, 1319.8567708333335]","[763.4141414141413, 1367.8515625]",91.46014931125488,94.5571679496704,12,17,1,1
train,10144,True,26,25,8.433981132056603,0.1068877824177196,"[681.7912457912457, 1324.65625]","[705.7979797979798, 1247.8645833333335]",83.28405097884402,91.83730616624192,15,24,1,1
train,10144,True,15,20,9.770329614269007,0.17260881130147507,"[979.4747474747475, 1209.46875]","[907.4545454545454, 1238.265625]",74.21258237560758,73.43219704687661,21,22,1,1
train,10144,True,23,27,20.02379604162864,0.1839563257219336,"[792.2222222222222, 1252.6640625]","[845.037037037037, 1411.046875]",95.64754929514518,91.08143071011797,9,26,1,1
train,10144,True,26,24,12.341664064126334,0.18991671085437578,"[681.7912457912457, 1324.65625]","[763.4141414141413, 1367.8515625]",83.28405097884402,94.5571679496704,15,17,1,1
train,10144,True,28,27,18.924858845171276,0.2130629366716842,"[681.7912457912457, 1439.84375]","[845.037037037037, 1411.046875]",78.1450602752758,91.08143071011797,23,26,1,1
train,10144,True,24,25,17.0,0.22815195401538307,"[763.4141414141413, 1367.8515625]","[705.7979797979798, 1247.8645833333335]",94.5571679496704,91.83730616624192,17,24,1,1
train,10144,True,13,18,15.492422502470642,0.273209046369646,"[768.2154882154882, 777.515625]","[758.6127946127946, 835.109375]",61.66242008651563,73.11771081784018,4,13,1,1
train,10144,True,14,19,15.763054614240211,0.28655363266313466,"[926.6599326599327, 767.9166666666667]","[907.4545454545454, 820.7109375]",65.29267439633668,73.58893617301665,16,18,1,1
train,10144,True,17,12,14.297058540778355,0.28916896106239975,"[648.1818181818181, 883.1041666666667]","[633.7777777777777, 830.3098958333334]",69.89506675253404,57.804625870476954,1,2,1,1
train,10144,True,21,20,21.67156809750927,0.3379588190544786,"[864.2424242424242, 1319.8567708333335]","[907.4545454545454, 1238.265625]",91.46014931125488,73.43219704687661,12,22,1,1
train,10144,True,17,18,30.622776601683793,0.4707298476915511,"[648.1818181818181, 883.1041666666667]","[758.6127946127946, 835.109375]",69.89506675253404,73.11771081784018,1,13,1,1
train,10144,True,26,27,50.884487084291386,0.5416922865420164,"[681.7912457912457, 1324.65625]","[845.037037037037, 1411.046875]",83.28405097884402,91.08143071011797,15,26,1,1
train,10144,True,23,26,48.658836071740545,0.5467112403398113,"[792.2222222222222, 1252.6640625]","[681.7912457912457, 1324.65625]",95.64754929514518,83.28405097884402,9,15,1,1
train,10144,True,12,18,35.05551275463989,0.6231660340433963,"[633.7777777777777, 830.3098958333334]","[758.6127946127946, 835.109375]",57.804625870476954,73.11771081784018,2,13,1,1
train,10144,True,20,27,62.06346010171025,0.6849378742465926,"[907.4545454545454, 1238.265625]","[845.037037037037, 1411.046875]",73.43219704687661,91.08143071011797,22,26,1,1
train,10144,True,25,27,70.02816342831905,0.6949851796940864,"[705.7979797979798, 1247.8645833333335]","[845.037037037037, 1411.046875]",91.83730616624192,91.08143071011797,24,26,1,1
train,10144,True,23,20,62.0,0.725257819888383,"[792.2222222222222, 1252.6640625]","[907.4545454545454, 1238.265625]",95.64754929514518,73.43219704687661,9,22,1,1
train,10144,True,24,28,41.638011210655684,0.726091001730629,"[763.4141414141413, 1367.8515625]","[681.7912457912457, 1439.84375]",94.5571679496704,78.1450602752758,17,23,1,1
train,10144,True,26,28,46.75981574503821,0.7428278084026326,"[681.7912457912457, 1324.65625]","[681.7912457912457, 1439.84375]",83.28405097884402,78.1450602752758,15,23,1,1
train,10144,False,15,22,53.230987451824994,0.9563653125613041,"[979.4747474747475, 1209.46875]","[864.2424242424242, 1219.0677083333335]",74.21258237560758,68.89888658513398,21,27,1,1
train,10144,False,17,16,52.600373133029585,0.9360890074370484,"[648.1818181818181, 883.1041666666667]","[547.3535353535353, 955.0963541666667]",69.89506675253404,60.910411221283866,1,8,1,1
train,10144,False,21,25,81.28000972289685,1.0445869721801344,"[864.2424242424242, 1319.8567708333335]","[705.7979797979798, 1247.8645833333335]",91.46014931125488,91.83730616624192,12,24,1,1
train,10144,False,21,15,93.40338976964757,1.5468717410764348,"[864.2424242424242, 1319.8567708333335]","[979.4747474747475, 1209.46875]",91.46014931125488,74.21258237560758,12,21,1,1
train,10144,False,25,22,86.55569655939013,1.1664277250909856,"[705.7979797979798, 1247.8645833333335]","[864.2424242424242, 1219.0677083333335]",91.83730616624192,68.89888658513398,24,27,1,1
train,10144,False,18,19,56.0087712549569,0.825849163892751,"[758.6127946127946, 835.109375]","[907.4545454545454, 820.7109375]",73.11771081784018,73.58893617301665,13,18,1,1
train,10144,False,21,26,100.01980003939822,1.4549970011630766,"[864.2424242424242, 1319.8567708333335]","[681.7912457912457, 1324.65625]",91.46014931125488,83.28405097884402,12,15,1,1
train,10144,False,13,19,55.60388679233962,1.0391888455228968,"[768.2154882154882, 777.515625]","[907.4545454545454, 820.7109375]",61.66242008651563,73.58893617301665,4,18,1,1
train,10144,False,24,22,100.01980003939822,1.6897985030755858,"[763.4141414141413, 1367.8515625]","[864.2424242424242, 1219.0677083333335]",94.5571679496704,68.89888658513398,17,27,1,1
train,10144,False,23,15,128.0658746532173,1.548252838964182,"[792.2222222222222, 1252.6640625]","[979.4747474747475, 1209.46875]",95.64754929514518,74.21258237560758,9,21,1,1
train,10144,False,17,11,67.24954212300622,1.3590620250049266,"[648.1818181818181, 883.1041666666667]","[513.7441077441077, 921.5]",69.89506675253404,53.022293436729846,1,19,1,1
train,10144,False,28,25,107.17116066678771,1.4732909934714506,"[681.7912457912457, 1439.84375]","[705.7979797979798, 1247.8645833333335]",78.1450602752758,91.83730616624192,23,24,1,1
train,10144,False,24,20,116.79643458101778,1.9440438751227458,"[763.4141414141413, 1367.8515625]","[907.4545454545454, 1238.265625]",94.5571679496704,73.43219704687661,17,22,1,1
train,10144,False,27,22,88.94442728707543,0.9879970087938683,"[845.037037037037, 1411.046875]","[864.2424242424242, 1219.0677083333335]",91.08143071011797,68.89888658513398,26,27,1,1
train,10144,False,12,13,57.25804665451803,1.515208592080536,"[633.7777777777777, 830.3098958333334]","[768.2154882154882, 777.515625]",57.804625870476954,61.66242008651563,2,4,1,1
train,10144,False,17,13,89.27181176868004,1.787045300549554,"[648.1818181818181, 883.1041666666667]","[768.2154882154882, 777.515625]",69.89506675253404,61.66242008651563,1,4,1,1
train,10144,False,20,25,139.24621207005913,1.8586825123370811,"[907.4545454545454, 1238.265625]","[705.7979797979798, 1247.8645833333335]",73.43219704687661,91.83730616624192,22,24,1,1
train,10144,False,23,28,115.03878661895772,1.376255034490419,"[792.2222222222222, 1252.6640625]","[681.7912457912457, 1439.84375]",95.64754929514518,78.1450602752758,9,23,1,1
train,10144,False,13,14,69.00714249274856,1.7029718444331652,"[768.2154882154882, 777.515625]","[926.6599326599327, 767.9166666666667]",61.66242008651563,65.29267439633668,4,16,1,1
train,10144,False,12,16,83.09518416651456,1.8176184049104929,"[633.7777777777777, 830.3098958333334]","[547.3535353535353, 955.0963541666667]",57.804625870476954,60.910411221283866,2,8,1,1
train,10144,False,21,28,127.42507543311004,2.0695599299486624,"[864.2424242424242, 1319.8567708333335]","[681.7912457912457, 1439.84375]",91.46014931125488,78.1450602752758,12,23,1,1
train,10144,False,18,14,103.04326023342406,1.7727913722513515,"[758.6127946127946, 835.109375]","[926.6599326599327, 767.9166666666667]",73.11771081784018,65.29267439633668,13,16,1,1
train,10144,False,12,11,73.02702209328699,1.965109485559061,"[633.7777777777777, 830.3098958333334]","[513.7441077441077, 921.5]",57.804625870476954,53.022293436729846,2,19,1,1
train,10144,False,26,22,149.86417732516887,2.3186735330370727,"[681.7912457912457, 1324.65625]","[864.2424242424242, 1219.0677083333335]",83.28405097884402,68.89888658513398,15,27,1,1
train,10144,False,15,27,120.26417442921878,1.3665942286581405,"[979.4747474747475, 1209.46875]","[845.037037037037, 1411.046875]",74.21258237560758,91.08143071011797,21,26,1,1
train,10144,False,26,20,190.40794131905812,2.9092810080802027,"[681.7912457912457, 1324.65625]","[907.4545454545454, 1238.265625]",83.28405097884402,73.43219704687661,15,22,1,1
train,10144,False,24,15,188.805163259591,3.367496356019359,"[763.4141414141413, 1367.8515625]","[979.4747474747475, 1209.46875]",94.5571679496704,74.21258237560758,17,21,1,1
train,10144,False,9,4,122.01625908797584,4.190055539808428,"[984.2760942760942, 537.5416666666667]","[1022.6868686868686, 398.35677083333337]",47.03424857187088,41.84902937727979,7,11,1,1
train,10144,False,15,25,207.48261318392957,2.8921826774903336,"[979.4747474747475, 1209.46875]","[705.7979797979798, 1247.8645833333335]",74.21258237560758,91.83730616624192,21,24,1,1
train,10390,True,22,23,8.848857801796104,0.32182984675104115,"[410.69724770642205, 656.2682291666667]","[392.95107033639147, 696.8098958333334]",44.76839182646423,56.103794729073705,10,14,0,0
train,10390,True,20,22,13.0,0.3611111111111111,"[451.2599388379205, 666.4036458333334]","[410.69724770642205, 656.2682291666667]",54.8298582899112,44.76839182646423,4,10,0,0
train,10390,True,14,11,11.529964086141668,0.5192834660462037,"[519.7094801223242, 461.16145833333337]","[534.9204892966361, 430.75520833333337]",17.55960796271606,21.35617009696494,15,17,0,0
train,10390,True,24,21,15.492422502470642,0.6288180316757448,"[471.54128440366975, 744.953125]","[430.9785932721713, 719.6145833333334]",36.98997166302643,34.65891796836007,8,13,0,0
train,10390,False,21,23,16.204650534085253,0.9181436693317462,"[430.9785932721713, 719.6145833333334]","[392.95107033639147, 696.8098958333334]",34.65891796836007,56.103794729073705,13,14,0,0
train,10390,False,22,0,-1.0,-1.0,"[410.69724770642205, 656.2682291666667]","[372.66972477064223, 625.8619791666667]",44.76839182646423,41.646266986358846,10,11,0,0
train,10390,False,22,21,30.04834939252005,1.290092199195038,"[410.69724770642205, 656.2682291666667]","[430.9785932721713, 719.6145833333334]",44.76839182646423,34.65891796836007,10,13,0,0
train,10390,False,20,23,31.202484376209235,0.9561243320095142,"[451.2599388379205, 666.4036458333334]","[392.95107033639147, 696.8098958333334]",54.8298582899112,56.103794729073705,4,14,0,0
train,10474,True,25,23,0.0,0.0,"[445.5513307984791, 1388.9010416666667]","[529.7110266159696, 1428.4427083333333]",59.15318432493273,77.42712828761584,26,27,4,4
train,10474,True,22,23,0.0,0.0,"[618.8212927756654, 1403.7291666666667]","[529.7110266159696, 1428.4427083333333]",51.16841902495433,77.42712828761584,21,27,4,4
train,10474,True,21,27,0.0,0.0,"[608.9201520912547, 1517.4114583333333]","[594.0684410646388, 1611.3229166666667]",61.38616044285837,62.96042007640767,15,24,4,4
train,10474,True,11,16,0.0,0.0,"[311.8859315589354, 934.171875]","[331.68821292775664, 978.65625]",29.26470373984655,31.28528426284224,4,8,4,4
train,10474,True,20,22,0.0,0.0,"[693.0798479087453, 1438.328125]","[618.8212927756654, 1403.7291666666667]",50.20289039858784,51.16841902495433,2,21,4,4
train,10474,True,21,23,0.0,0.0,"[608.9201520912547, 1517.4114583333333]","[529.7110266159696, 1428.4427083333333]",61.38616044285837,77.42712828761584,15,27,4,4
train,10474,False,22,25,92.64827814754524,1.0267352412368917,"[618.8212927756654, 1403.7291666666667]","[445.5513307984791, 1388.9010416666667]",51.16841902495433,59.15318432493273,21,26,4,4
train,10474,False,15,22,69.21395872616783,1.021114778413714,"[772.2889733840304, 1393.84375]","[618.8212927756654, 1403.7291666666667]",41.0898593898398,51.16841902495433,18,21,4,4
train,10474,False,22,24,125.66885963013956,1.4752955658840574,"[618.8212927756654, 1403.7291666666667]","[470.3041825095057, 1556.953125]",51.16841902495433,73.37049517849557,21,23,4,4
train,10474,False,22,27,108.73149046650191,1.0620467198456722,"[618.8212927756654, 1403.7291666666667]","[594.0684410646388, 1611.3229166666667]",51.16841902495433,62.96042007640767,21,24,4,4
train,10474,False,21,15,128.63024338479042,1.3842416754339377,"[608.9201520912547, 1517.4114583333333]","[772.2889733840304, 1393.84375]",61.38616044285837,41.0898593898398,15,18,4,4
train,10474,False,15,23,133.16407864998737,1.2994864618520323,"[772.2889733840304, 1393.84375]","[529.7110266159696, 1428.4427083333333]",41.0898593898398,77.42712828761584,18,27,4,4
train,10526,True,25,24,0.0,0.0,"[465.3354037267081, 1123.9921875]","[502.3975155279503, 1066.3515625]",65.88159904835113,79.63059303464775,4,16,0,0
train,10526,True,15,20,0.0,0.0,"[765.9503105590062, 1058.1171875]","[695.944099378882, 1070.46875]",52.56999687122278,81.00272543292671,21,24,0,0
train,10526,True,21,22,0.0,0.0,"[642.4099378881988, 1148.6953125]","[584.7577639751553, 1086.9375]",66.77624950578617,78.1259658325392,17,18,0,0
train,10526,True,21,26,0.0,0.0,"[642.4099378881988, 1148.6953125]","[609.4658385093168, 1226.921875]",66.77624950578617,67.78424988314393,17,20,0,0
train,10526,True,26,23,0.0,0.0,"[609.4658385093168, 1226.921875]","[535.3416149068323, 1181.6328125]",67.78424988314393,67.15602270734595,20,23,0,0
train,10526,True,25,23,0.0,0.0,"[465.3354037267081, 1123.9921875]","[535.3416149068323, 1181.6328125]",65.88159904835113,67.15602270734595,4,23,0,0
train,10526,True,22,20,0.0,0.0,"[584.7577639751553, 1086.9375]","[695.944099378882, 1070.46875]",78.1259658325392,81.00272543292671,18,24,0,0
train,10526,True,22,23,0.0,0.0,"[584.7577639751553, 1086.9375]","[535.3416149068323, 1181.6328125]",78.1259658325392,67.15602270734595,18,23,0,0
train,10526,True,24,23,0.0,0.0,"[502.3975155279503, 1066.3515625]","[535.3416149068323, 1181.6328125]",79.63059303464775,67.15602270734595,16,23,0,0
train,10526,True,21,20,2.605551275463989,0.030993221183526973,"[642.4099378881988, 1148.6953125]","[695.944099378882, 1070.46875]",66.77624950578617,81.00272543292671,17,24,0,0
train,10526,True,24,22,4.0,0.041633927155187614,"[502.3975155279503, 1066.3515625]","[584.7577639751553, 1086.9375]",79.63059303464775,78.1259658325392,16,18,0,0
train,10526,True,21,23,6.280109889280518,0.08719431861832246,"[642.4099378881988, 1148.6953125]","[535.3416149068323, 1181.6328125]",66.77624950578617,67.15602270734595,17,23,0,0
train,10526,True,14,19,5.0,0.09439004018637939,"[807.1304347826087, 625.8125]","[790.6583850931677, 683.453125]",35.18078931353875,31.894791991972298,10,19,0,0
train,10526,True,26,27,7.944271909999159,0.10123994257803431,"[609.4658385093168, 1226.921875]","[432.39130434782606, 1206.3359375]",67.78424988314393,48.89379027132457,20,26,0,0
train,10526,True,16,11,7.944271909999159,0.18078523725493317,"[432.39130434782606, 736.9765625]","[420.0372670807453, 691.6875]",42.39328605616403,36.131792839608,7,13,0,0
train,10526,True,13,18,9.0,0.18375001595052293,"[671.2360248447205, 605.2265625]","[658.8819875776397, 662.8671875]",29.6924354347987,33.70400808661315,6,8,0,0
train,10526,False,24,27,91.61749294814668,1.2683735431507446,"[502.3975155279503, 1066.3515625]","[432.39130434782606, 1206.3359375]",79.63059303464775,48.89379027132457,16,26,0,0
train,10526,False,24,20,74.0,0.822095365441058,"[502.3975155279503, 1066.3515625]","[695.944099378882, 1070.46875]",79.63059303464775,81.00272543292671,16,24,0,0
train,10526,False,21,15,72.49829930005184,1.1133181391466365,"[642.4099378881988, 1148.6953125]","[765.9503105590062, 1058.1171875]",66.77624950578617,52.56999687122278,17,21,0,0
train,10526,False,23,20,98.56907150315303,1.2526368736035933,"[535.3416149068323, 1181.6328125]","[695.944099378882, 1070.46875]",67.15602270734595,81.00272543292671,23,24,0,0
train,10526,False,25,21,78.55501241279521,1.045450475963808,"[465.3354037267081, 1123.9921875]","[642.4099378881988, 1148.6953125]",65.88159904835113,66.77624950578617,4,17,0,0
train,10526,False,22,15,110.11255554616679,1.3793195215483423,"[584.7577639751553, 1086.9375]","[765.9503105590062, 1058.1171875]",78.1259658325392,52.56999687122278,18,21,0,0
train,10526,False,16,17,57.137767414994535,1.0936584619295313,"[432.39130434782606, 736.9765625]","[543.5776397515529, 687.5703125]",42.39328605616403,39.92161258513383,7,11,0,0
train,10526,False,22,27,101.55242561733974,1.2779198723398861,"[584.7577639751553, 1086.9375]","[432.39130434782606, 1206.3359375]",78.1259658325392,48.89379027132457,18,26,0,0
train,10526,False,18,17,56.3149195236284,1.0029884229990793,"[658.8819875776397, 662.8671875]","[543.5776397515529, 687.5703125]",33.70400808661315,39.92161258513383,8,11,0,0
train,10526,False,25,20,126.9531164137865,1.5567404758921348,"[465.3354037267081, 1123.9921875]","[695.944099378882, 1070.46875]",65.88159904835113,81.00272543292671,4,24,0,0
train,10526,False,17,11,59.00833275470999,1.3002667167128448,"[543.5776397515529, 687.5703125]","[420.0372670807453, 691.6875]",39.92161258513383,36.131792839608,11,13,0,0
train,10526,False,18,12,50.62363799656123,1.0608936174094936,"[658.8819875776397, 662.8671875]","[547.695652173913, 634.046875]",33.70400808661315,30.813296466467765,8,14,0,0
train,10526,False,21,27,112.29607230614837,1.7363872639814784,"[642.4099378881988, 1148.6953125]","[432.39130434782606, 1206.3359375]",66.77624950578617,48.89379027132457,17,26,0,0
train,10526,False,26,15,130.8256424221024,1.6594143471144227,"[609.4658385093168, 1226.921875]","[765.9503105590062, 1058.1171875]",67.78424988314393,52.56999687122278,20,21,0,0
train,10526,False,1,6,83.11896337925236,4.14817761401479,"[325.32298136645966, 419.953125]","[354.14906832298135, 514.6484375]",25.04638263296507,26.0419886108464,3,22,0,0
train,10526,False,24,15,187.403821617291,2.5801599474314623,"[502.3975155279503, 1066.3515625]","[765.9503105590062, 1058.1171875]",79.63059303464775,52.56999687122278,16,21,0,0
train,10542,True,21,20,2.0,0.034289633324909315,"[445.480122324159, 704.6875]","[496.75840978593277, 730.3125]",47.19799777409835,49.739593290182654,10,15,0,0
train,10542,True,14,19,18.6468827043885,0.5786327205719846,"[663.4128440366973, 432.421875]","[653.7981651376148, 480.46875]",26.997458539353257,24.61045904061122,2,18,0,0
train,10542,True,17,12,19.223748416156685,0.7477171542535538,"[471.1192660550459, 464.453125]","[477.5290519877676, 419.609375]",25.02410917006541,23.10443647245005,9,16,0,0
train,10542,True,20,23,42.32435804486894,0.7542903139316103,"[496.75840978593277, 730.3125]","[487.14373088685016, 829.609375]",49.739593290182654,37.22721888199646,15,19,0,0
train,10542,True,13,18,22.0,0.7787915579452676,"[567.2660550458716, 406.796875]","[557.6513761467891, 454.84375]",22.19802454224208,28.657526456935702,1,8,0,0
train,10542,False,11,16,19.0,0.8768711925886871,"[384.5871559633028, 451.640625]","[384.5871559633028, 490.078125]",24.18973643146724,26.029491037469885,12,13,0,0
train,10542,False,21,0,-1.0,-1.0,"[445.480122324159, 704.6875]","[458.29969418960246, 650.234375]",47.19799777409835,24.18973643146724,10,21,0,0
train,10542,False,20,0,-1.0,-1.0,"[496.75840978593277, 730.3125]","[458.29969418960246, 650.234375]",49.739593290182654,24.18973643146724,15,21,0,0
train,10542,False,21,23,63.19501538281614,1.3101809951094543,"[445.480122324159, 704.6875]","[487.14373088685016, 829.609375]",47.19799777409835,37.22721888199646,10,19,0,0
train,10542,False,18,17,51.88667128870941,1.5821607365861332,"[557.6513761467891, 454.84375]","[471.1192660550459, 464.453125]",28.657526456935702,25.02410917006541,8,9,0,0
train,10621,True,20,21,1.8284271247461903,0.02675444628864308,"[581.4557291666666, 942.4856396866841]","[647.609375, 956.3968668407311]",70.97403268750405,64.5404572855806,14,15,0,0
train,10621,True,20,21,1.8284271247461903,0.02675444628864308,"[581.4557291666666, 942.4856396866841]","[654.5729166666666, 991.1749347258486]",70.97403268750405,43.87846023042754,14,27,0,0
train,10621,True,21,22,14.0,0.21349799846564654,"[647.609375, 956.3968668407311]","[717.2447916666666, 921.6187989556137]",64.5404572855806,45.901559513771915,15,26,0,0
train,10621,True,21,22,14.0,0.21349799846564654,"[647.609375, 956.3968668407311]","[745.0989583333334, 942.4856396866841]",64.5404572855806,34.97143906477251,15,25,0,0
train,10621,True,22,21,14.0,0.21349799846564654,"[717.2447916666666, 921.6187989556137]","[654.5729166666666, 991.1749347258486]",45.901559513771915,43.87846023042754,26,27,0,0
train,10621,True,22,21,14.0,0.21349799846564654,"[745.0989583333334, 942.4856396866841]","[654.5729166666666, 991.1749347258486]",34.97143906477251,43.87846023042754,25,27,0,0
train,10621,True,24,21,15.492422502470642,0.2501056096947791,"[609.3098958333334, 1036.3864229765013]","[654.5729166666666, 991.1749347258486]",54.35603004829332,43.87846023042754,18,27,0,0
train,10621,True,21,24,15.492422502470642,0.2501056096947791,"[647.609375, 956.3968668407311]","[609.3098958333334, 1036.3864229765013]",64.5404572855806,54.35603004829332,15,18,0,0
train,10621,True,20,23,13.212670403551895,0.2743427028373173,"[581.4557291666666, 942.4856396866841]","[553.6015625, 1005.0861618798956]",70.97403268750405,57.7057598170013,14,22,0,0
train,10621,True,18,13,11.36931687685298,0.30096942906108937,"[651.0911458333334, 601.6605744125327]","[658.0546875, 549.4934725848565]",37.63966485111735,32.82825666066643,2,5,0,0
train,10621,True,24,26,16.72004514666935,0.31828945205236026,"[609.3098958333334, 1036.3864229765013]","[678.9453125, 1078.1201044386423]",54.35603004829332,57.7057598170013,18,20,0,0
train,10621,True,14,19,12.92838827718412,0.3308994021011946,"[793.84375, 552.9712793733681]","[765.9895833333334, 598.1827676240209]",35.487016343752025,29.113997266171157,7,16,0,0
train,10621,True,25,21,24.709920264364882,0.41639690961015724,"[710.28125, 1001.6083550913838]","[654.5729166666666, 991.1749347258486]",38.2776707110722,43.87846023042754,23,27,0,0
train,10621,True,21,25,24.709920264364882,0.41639690961015724,"[647.609375, 956.3968668407311]","[710.28125, 1001.6083550913838]",64.5404572855806,38.2776707110722,15,23,0,0
train,10621,True,12,17,15.0,0.43419023050166816,"[539.6744791666666, 591.2271540469974]","[553.6015625, 639.916449086162]",30.92903446563603,32.64330726409904,9,10,0,0
train,10621,True,15,22,22.345235059857504,0.5239963657323199,"[797.3255208333334, 918.1409921671019]","[745.0989583333334, 942.4856396866841]",34.797882464611085,34.97143906477251,21,25,0,0
train,10621,True,15,22,22.345235059857504,0.5239963657323199,"[797.3255208333334, 918.1409921671019]","[717.2447916666666, 921.6187989556137]",34.797882464611085,45.901559513771915,21,26,0,0
train,10621,True,26,25,27.160255680657446,0.5493931664347106,"[678.9453125, 1078.1201044386423]","[710.28125, 1001.6083550913838]",57.7057598170013,38.2776707110722,20,23,0,0
train,10621,True,25,22,23.166091947189145,0.5502494964842484,"[710.28125, 1001.6083550913838]","[745.0989583333334, 942.4856396866841]",38.2776707110722,34.97143906477251,23,25,0,0
train,10621,True,25,22,23.166091947189145,0.5502494964842484,"[710.28125, 1001.6083550913838]","[717.2447916666666, 921.6187989556137]",38.2776707110722,45.901559513771915,23,26,0,0
train,10621,True,24,23,24.495097567963924,0.6354330052927625,"[609.3098958333334, 1036.3864229765013]","[553.6015625, 1005.0861618798956]",54.35603004829332,57.7057598170013,18,22,0,0
train,10621,True,11,16,18.209372712298546,0.6372603396160187,"[435.2213541666667, 657.3054830287207]","[459.59375, 699.0391644908616]",31.124172265567328,30.13585021225826,6,13,0,0
train,10621,True,21,23,43.28317965096906,0.7117634847096699,"[647.609375, 956.3968668407311]","[553.6015625, 1005.0861618798956]",64.5404572855806,57.7057598170013,15,22,0,0
train,10621,True,23,21,43.28317965096906,0.7117634847096699,"[553.6015625, 1005.0861618798956]","[654.5729166666666, 991.1749347258486]",57.7057598170013,43.87846023042754,22,27,0,0
train,10621,True,20,24,36.8549864614954,0.7432948943797381,"[581.4557291666666, 942.4856396866841]","[609.3098958333334, 1036.3864229765013]",70.97403268750405,54.35603004829332,14,18,0,0
train,10621,True,26,21,56.245087125446844,0.7977023509315408,"[678.9453125, 1078.1201044386423]","[654.5729166666666, 991.1749347258486]",57.7057598170013,43.87846023042754,20,27,0,0
train,10621,True,21,26,56.245087125446844,0.7977023509315408,"[647.609375, 956.3968668407311]","[678.9453125, 1078.1201044386423]",64.5404572855806,57.7057598170013,15,20,0,0
train,10621,False,22,22,-1.0,-1.0,"[745.0989583333334, 942.4856396866841]","[717.2447916666666, 921.6187989556137]",34.97143906477251,45.901559513771915,25,26,0,0
train,10621,False,20,0,-1.0,-1.0,"[581.4557291666666, 942.4856396866841]","[518.7838541666666, 859.0182767624021]",70.97403268750405,31.89278608365136,14,29,0,0
train,10621,False,21,21,-1.0,-1.0,"[647.609375, 956.3968668407311]","[654.5729166666666, 991.1749347258486]",64.5404572855806,43.87846023042754,15,27,0,0
train,10621,False,23,0,-1.0,-1.0,"[553.6015625, 1005.0861618798956]","[518.7838541666666, 1092.0313315926894]",57.7057598170013,25.33324082566363,22,28,0,0
train,10621,False,24,25,57.18934610390462,1.5803831096980907,"[609.3098958333334, 1036.3864229765013]","[710.28125, 1001.6083550913838]",54.35603004829332,38.2776707110722,18,23,0,0
train,10621,False,20,26,91.44457799135652,1.5255602050824737,"[581.4557291666666, 942.4856396866841]","[678.9453125, 1078.1201044386423]",70.97403268750405,57.7057598170013,14,20,0,0
train,10621,False,20,22,88.98888820293314,1.6463904396960911,"[581.4557291666666, 942.4856396866841]","[717.2447916666666, 921.6187989556137]",70.97403268750405,45.901559513771915,14,26,0,0
train,10621,False,26,23,71.00694410957877,1.3871030942224398,"[678.9453125, 1078.1201044386423]","[553.6015625, 1005.0861618798956]",57.7057598170013,57.7057598170013,20,22,0,0
train,10621,False,20,25,92.40770846134703,1.9961681190785097,"[581.4557291666666, 942.4856396866841]","[710.28125, 1001.6083550913838]",70.97403268750405,38.2776707110722,14,23,0,0
train,10621,False,24,0,-1.0,-1.0,"[609.3098958333334, 1036.3864229765013]","[518.7838541666666, 1092.0313315926894]",54.35603004829332,25.33324082566363,18,28,0,0
train,10621,False,18,17,53.12947441089743,1.2345680357831368,"[651.0911458333334, 601.6605744125327]","[553.6015625, 639.916449086162]",37.63966485111735,32.64330726409904,2,10,0,0
train,10621,False,20,22,88.98888820293314,1.6463904396960911,"[581.4557291666666, 942.4856396866841]","[745.0989583333334, 942.4856396866841]",70.97403268750405,34.97143906477251,14,25,0,0
train,10621,False,21,15,97.48857801796105,1.6321938790642128,"[647.609375, 956.3968668407311]","[797.3255208333334, 918.1409921671019]",64.5404572855806,34.797882464611085,15,21,0,0
train,10621,False,26,22,89.6697303403953,1.5796082769329944,"[678.9453125, 1078.1201044386423]","[717.2447916666666, 921.6187989556137]",57.7057598170013,45.901559513771915,20,26,0,0
train,10621,False,24,22,104.68348972285122,2.290935935802503,"[609.3098958333334, 1036.3864229765013]","[717.2447916666666, 921.6187989556137]",54.35603004829332,45.901559513771915,18,26,0,0
train,10621,False,26,22,89.6697303403953,1.5796082769329944,"[678.9453125, 1078.1201044386423]","[745.0989583333334, 942.4856396866841]",57.7057598170013,34.97143906477251,20,25,0,0
train,10621,False,23,25,124.0,3.624398785006312,"[553.6015625, 1005.0861618798956]","[710.28125, 1001.6083550913838]",57.7057598170013,38.2776707110722,22,23,0,0
train,10621,False,20,0,-1.0,-1.0,"[581.4557291666666, 942.4856396866841]","[518.7838541666666, 1092.0313315926894]",70.97403268750405,25.33324082566363,14,28,0,0
train,10621,False,18,12,58.0,1.5260516067301262,"[651.0911458333334, 601.6605744125327]","[539.6744791666666, 591.2271540469974]",37.63966485111735,30.92903446563603,2,9,0,0
train,10621,False,21,0,-1.0,-1.0,"[647.609375, 956.3968668407311]","[518.7838541666666, 859.0182767624021]",64.5404572855806,31.89278608365136,15,29,0,0
train,10621,False,23,0,-1.0,-1.0,"[553.6015625, 1005.0861618798956]","[518.7838541666666, 859.0182767624021]",57.7057598170013,31.89278608365136,22,29,0,0
train,10621,False,15,25,84.0411665018772,2.6060059454069537,"[797.3255208333334, 918.1409921671019]","[710.28125, 1001.6083550913838]",34.797882464611085,38.2776707110722,21,23,0,0
train,10621,False,18,19,62.28506932918696,1.3533838019788573,"[651.0911458333334, 601.6605744125327]","[765.9895833333334, 598.1827676240209]",37.63966485111735,29.113997266171157,2,16,0,0
train,10621,False,23,22,138.97856978837868,3.148052152565302,"[553.6015625, 1005.0861618798956]","[717.2447916666666, 921.6187989556137]",57.7057598170013,45.901559513771915,22,26,0,0
train,10621,False,17,16,67.79680225126747,1.8313429891042559,"[553.6015625, 639.916449086162]","[459.59375, 699.0391644908616]",32.64330726409904,30.13585021225826,10,13,0,0
train,10621,False,24,22,104.68348972285122,2.290935935802503,"[609.3098958333334, 1036.3864229765013]","[745.0989583333334, 942.4856396866841]",54.35603004829332,34.97143906477251,18,25,0,0
train,10621,False,11,17,74.50496672405067,2.302564922245949,"[435.2213541666667, 657.3054830287207]","[553.6015625, 639.916449086162]",31.124172265567328,32.64330726409904,6,10,0,0
train,10685,True,23,25,0.0,0.0,"[462.95, 959.6458333333333]","[535.1833333333333, 985.9375]",57.743192690423115,52.35261885893473,16,24,0,0
train,10685,True,22,20,4.0,0.05268176727903755,"[403.84999999999997, 923.4947916666666]","[430.1166666666666, 864.3385416666666]",61.36691152291364,86.41210812470412,20,22,0,0
train,10685,True,20,22,4.0,0.05268176727903755,"[492.49999999999994, 874.1979166666666]","[403.84999999999997, 923.4947916666666]",69.29494567807798,61.36691152291364,19,20,0,0
train,10685,True,23,22,7.54400374531753,0.16054706140675018,"[462.95, 959.6458333333333]","[403.84999999999997, 923.4947916666666]",57.743192690423115,61.36691152291364,16,20,0,0
train,10685,True,24,20,12.892443989449804,0.1747014199201781,"[545.0333333333333, 926.78125]","[492.49999999999994, 874.1979166666666]",45.39815849942472,69.29494567807798,5,19,0,0
train,10685,True,24,20,12.892443989449804,0.1747014199201781,"[545.0333333333333, 926.78125]","[430.1166666666666, 864.3385416666666]",45.39815849942472,86.41210812470412,5,22,0,0
train,10685,True,20,21,13.560219778561036,0.17654650550577847,"[492.49999999999994, 874.1979166666666]","[554.8833333333333, 851.1927083333333]",69.29494567807798,53.27205219567657,19,27,0,0
train,10685,True,20,21,13.560219778561036,0.17654650550577847,"[492.49999999999994, 874.1979166666666]","[584.4333333333333, 861.0520833333333]",69.29494567807798,37.01889180802748,19,26,0,0
train,10685,True,20,21,13.560219778561036,0.17654650550577847,"[430.1166666666666, 864.3385416666666]","[554.8833333333333, 851.1927083333333]",86.41210812470412,53.27205219567657,22,27,0,0
train,10685,True,20,21,13.560219778561036,0.17654650550577847,"[430.1166666666666, 864.3385416666666]","[584.4333333333333, 861.0520833333333]",86.41210812470412,37.01889180802748,22,26,0,0
train,10685,True,23,20,14.231546211727817,0.18408163346527676,"[462.95, 959.6458333333333]","[430.1166666666666, 864.3385416666666]",57.743192690423115,86.41210812470412,16,22,0,0
train,10685,True,23,20,14.231546211727817,0.18408163346527676,"[462.95, 959.6458333333333]","[492.49999999999994, 874.1979166666666]",57.743192690423115,69.29494567807798,16,19,0,0
train,10685,True,18,13,9.295630140987,0.2324270730925337,"[505.63333333333327, 525.8333333333333]","[518.7666666666667, 473.25]",40.097259145385756,34.45227425568432,6,14,0,0
train,10685,True,24,25,13.142135623730951,0.24516605790075038,"[545.0333333333333, 926.78125]","[535.1833333333333, 985.9375]",45.39815849942472,52.35261885893473,5,24,0,0
train,10685,True,24,21,14.811388300841896,0.34799788023370515,"[545.0333333333333, 926.78125]","[554.8833333333333, 851.1927083333333]",45.39815849942472,53.27205219567657,5,27,0,0
train,10685,True,24,21,14.811388300841896,0.34799788023370515,"[545.0333333333333, 926.78125]","[584.4333333333333, 861.0520833333333]",45.39815849942472,37.01889180802748,5,26,0,0
train,10685,True,15,21,14.811388300841896,0.36457593929033655,"[627.1166666666666, 834.7604166666666]","[584.4333333333333, 861.0520833333333]",46.455437129456534,37.01889180802748,25,26,0,0
train,10685,True,15,21,14.811388300841896,0.36457593929033655,"[627.1166666666666, 834.7604166666666]","[554.8833333333333, 851.1927083333333]",46.455437129456534,53.27205219567657,25,27,0,0
train,10685,True,17,12,14.811388300841896,0.4172635946964234,"[420.26666666666665, 561.984375]","[423.54999999999995, 512.6875]",36.43125303797094,39.691542882443976,15,17,0,0
train,10685,True,11,16,12.0,0.4282983661489498,"[321.76666666666665, 561.984375]","[334.9, 601.421875]",31.67838461922156,36.872860107401486,7,13,0,0
train,10685,True,14,19,18.235384061671343,0.4789672342708948,"[630.4, 479.82291666666663]","[610.6999999999999, 532.40625]",39.55537938377591,38.02541410761434,9,18,0,0
train,10685,True,20,25,43.91102314577124,0.5262863943861368,"[492.49999999999994, 874.1979166666666]","[535.1833333333333, 985.9375]",69.29494567807798,52.35261885893473,19,24,0,0
train,10685,True,20,25,43.91102314577124,0.5262863943861368,"[430.1166666666666, 864.3385416666666]","[535.1833333333333, 985.9375]",86.41210812470412,52.35261885893473,22,24,0,0
train,10685,True,26,25,33.785054261852174,0.6706896359523603,"[387.4333333333333, 1022.0885416666666]","[535.1833333333333, 985.9375]",33.82006872570059,52.35261885893473,21,24,0,0
train,10685,True,24,23,31.756678708318397,0.7306663320704339,"[545.0333333333333, 926.78125]","[462.95, 959.6458333333333]",45.39815849942472,57.743192690423115,5,16,0,0
train,10685,True,18,12,29.14962686336267,0.735085189691529,"[505.63333333333327, 525.8333333333333]","[423.54999999999995, 512.6875]",40.097259145385756,39.691542882443976,6,17,0,0
train,10685,False,20,0,-1.0,-1.0,"[492.49999999999994, 874.1979166666666]","[492.49999999999994, 785.4635416666666]",69.29494567807798,51.8347760718291,19,29,0,0
train,10685,False,20,20,-1.0,-1.0,"[492.49999999999994, 874.1979166666666]","[430.1166666666666, 864.3385416666666]",69.29494567807798,86.41210812470412,19,22,0,0
train,10685,False,21,0,-1.0,-1.0,"[554.8833333333333, 851.1927083333333]","[492.49999999999994, 785.4635416666666]",53.27205219567657,51.8347760718291,27,29,0,0
train,10685,False,20,0,-1.0,-1.0,"[430.1166666666666, 864.3385416666666]","[492.49999999999994, 785.4635416666666]",86.41210812470412,51.8347760718291,22,29,0,0
train,10685,False,21,21,-1.0,-1.0,"[584.4333333333333, 861.0520833333333]","[554.8833333333333, 851.1927083333333]",37.01889180802748,53.27205219567657,26,27,0,0
train,10685,False,22,26,57.54912467321779,1.5715359976743302,"[403.84999999999997, 923.4947916666666]","[387.4333333333333, 1022.0885416666666]",61.36691152291364,33.82006872570059,20,21,0,0
train,10685,False,23,26,40.72529209005013,1.033423849360704,"[462.95, 959.6458333333333]","[387.4333333333333, 1022.0885416666666]",57.743192690423115,33.82006872570059,16,21,0,0
train,10685,False,20,15,85.58521813797087,1.1772705121566485,"[492.49999999999994, 874.1979166666666]","[627.1166666666666, 834.7604166666666]",69.29494567807798,46.455437129456534,19,25,0,0
train,10685,False,18,17,44.967379738244816,1.0194876385933636,"[505.63333333333327, 525.8333333333333]","[420.26666666666665, 561.984375]",40.097259145385756,36.43125303797094,6,15,0,0
train,10685,False,26,20,107.4665847162157,1.5033600221754777,"[387.4333333333333, 1022.0885416666666]","[430.1166666666666, 864.3385416666666]",33.82006872570059,86.41210812470412,21,22,0,0
train,10685,False,22,25,57.25804665451803,1.0133770745793471,"[403.84999999999997, 923.4947916666666]","[535.1833333333333, 985.9375]",61.36691152291364,52.35261885893473,20,24,0,0
train,10685,False,23,21,85.45229898620394,1.7655659783530782,"[462.95, 959.6458333333333]","[554.8833333333333, 851.1927083333333]",57.743192690423115,53.27205219567657,16,27,0,0
train,10685,False,16,17,41.05948168962618,1.1301250388786925,"[334.9, 601.421875]","[420.26666666666665, 561.984375]",36.872860107401486,36.43125303797094,13,15,0,0
train,10685,False,25,21,74.0066663703967,1.2830525419662708,"[535.1833333333333, 985.9375]","[554.8833333333333, 851.1927083333333]",52.35261885893473,53.27205219567657,24,27,0,0
train,10685,False,24,22,89.0,2.1733189927494942,"[545.0333333333333, 926.78125]","[403.84999999999997, 923.4947916666666]",45.39815849942472,61.36691152291364,5,20,0,0
train,10685,False,21,0,-1.0,-1.0,"[584.4333333333333, 861.0520833333333]","[492.49999999999994, 785.4635416666666]",37.01889180802748,51.8347760718291,26,29,0,0
train,10685,False,24,15,85.2670273047588,2.464529648254724,"[545.0333333333333, 926.78125]","[627.1166666666666, 834.7604166666666]",45.39815849942472,46.455437129456534,5,25,0,0
train,10685,False,18,19,47.0,1.0150454000580982,"[505.63333333333327, 525.8333333333333]","[610.6999999999999, 532.40625]",40.097259145385756,38.02541410761434,6,18,0,0
train,10685,False,13,12,55.36488268416781,1.831307551020347,"[518.7666666666667, 473.25]","[423.54999999999995, 512.6875]",34.45227425568432,39.691542882443976,14,17,0,0
train,10685,False,11,17,53.08326913195984,1.6019777910792596,"[321.76666666666665, 561.984375]","[420.26666666666665, 561.984375]",31.67838461922156,36.43125303797094,7,15,0,0
train,10685,False,22,0,-1.0,-1.0,"[403.84999999999997, 923.4947916666666]","[492.49999999999994, 785.4635416666666]",61.36691152291364,51.8347760718291,20,29,0,0
train,10685,False,22,21,122.69316876852982,2.6581507903520465,"[403.84999999999997, 923.4947916666666]","[554.8833333333333, 851.1927083333333]",61.36691152291364,53.27205219567657,20,27,0,0
train,10685,False,20,15,85.58521813797087,1.1772705121566485,"[430.1166666666666, 864.3385416666666]","[627.1166666666666, 834.7604166666666]",86.41210812470412,46.455437129456534,22,25,0,0
train,10685,False,23,21,85.45229898620394,1.7655659783530782,"[462.95, 959.6458333333333]","[584.4333333333333, 861.0520833333333]",57.743192690423115,37.01889180802748,16,26,0,0
train,10685,False,15,0,-1.0,-1.0,"[627.1166666666666, 834.7604166666666]","[492.49999999999994, 785.4635416666666]",46.455437129456534,51.8347760718291,25,29,0,0
train,10685,False,13,19,52.25410782277739,1.3557640350434252,"[518.7666666666667, 473.25]","[610.6999999999999, 532.40625]",34.45227425568432,38.02541410761434,14,18,0,0
train,10693,True,22,21,0.0,0.0,"[461.0604982206406, 846.5312500000001]","[393.3523131672598, 833.6562500000001]",41.38057624958033,37.70638049313722,0,4,4,4
train,10693,True,23,25,10.0,0.15660405930812962,"[522.3202846975089, 894.8125000000001]","[490.0782918149467, 955.9687500000001]",25.771787935274943,40.36494715808177,8,24,4,4
train,10693,True,22,25,12.601470508735444,0.15701624163448,"[461.0604982206406, 846.5312500000001]","[490.0782918149467, 955.9687500000001]",41.38057624958033,40.36494715808177,0,24,4,4
train,10693,True,22,20,10.704699910719626,0.15948766486773683,"[461.0604982206406, 846.5312500000001]","[519.0960854092527, 817.5625000000001]",41.38057624958033,26.368896976513966,0,27,4,4
train,10693,True,22,20,10.704699910719626,0.15948766486773683,"[461.0604982206406, 846.5312500000001]","[557.7864768683274, 830.4375000000001]",41.38057624958033,25.365907641214687,0,9,4,4
train,10693,True,21,24,13.560219778561036,0.2640905375809198,"[393.3523131672598, 833.6562500000001]","[367.55871886120997, 894.8125000000001]",37.70638049313722,31.39903961289421,4,7,4,4
train,10693,True,22,23,17.24828759089466,0.27667291690872287,"[461.0604982206406, 846.5312500000001]","[522.3202846975089, 894.8125000000001]",41.38057624958033,25.771787935274943,0,8,4,4
train,10693,True,24,25,22.323807579381203,0.34223032384241264,"[367.55871886120997, 894.8125000000001]","[490.0782918149467, 955.9687500000001]",31.39903961289421,40.36494715808177,7,24,4,4
train,10693,True,16,11,11.165525060596439,0.398895971421555,"[267.60854092526694, 618.0]","[254.71174377224202, 582.59375]",19.595458248935266,19.328840951456208,2,6,4,4
train,10693,False,0,25,-1.0,-1.0,"[432.04270462633457, 936.6562500000001]","[490.0782918149467, 955.9687500000001]",31.39903961289421,40.36494715808177,22,24,4,4
train,10693,False,22,0,-1.0,-1.0,"[461.0604982206406, 846.5312500000001]","[432.04270462633457, 936.6562500000001]",41.38057624958033,31.39903961289421,0,22,4,4
train,10693,False,24,0,-1.0,-1.0,"[367.55871886120997, 894.8125000000001]","[432.04270462633457, 936.6562500000001]",31.39903961289421,31.39903961289421,7,22,4,4
train,10693,False,20,20,-1.0,-1.0,"[557.7864768683274, 830.4375000000001]","[519.0960854092527, 817.5625000000001]",25.365907641214687,26.368896976513966,9,27,4,4
train,10693,False,21,0,-1.0,-1.0,"[393.3523131672598, 833.6562500000001]","[432.04270462633457, 936.6562500000001]",37.70638049313722,31.39903961289421,4,22,4,4
train,10693,False,23,0,-1.0,-1.0,"[522.3202846975089, 894.8125000000001]","[432.04270462633457, 936.6562500000001]",25.771787935274943,31.39903961289421,8,22,4,4
train,10693,False,24,26,56.723478758647246,1.678532697383195,"[367.55871886120997, 894.8125000000001]","[335.3167259786477, 988.1562500000001]",31.39903961289421,23.230375715254503,7,23,4,4
train,10693,False,21,20,76.1621668954417,1.3729042862156777,"[393.3523131672598, 833.6562500000001]","[519.0960854092527, 817.5625000000001]",37.70638049313722,26.368896976513966,4,27,4,4
train,10693,False,0,26,-1.0,-1.0,"[432.04270462633457, 936.6562500000001]","[335.3167259786477, 988.1562500000001]",31.39903961289421,23.230375715254503,22,23,4,4
train,10727,True,24,22,0.0,0.0,"[768.6514285714286, 1082.0833333333333]","[825.8914285714285, 1073.9166666666667]",63.299289095534085,68.73634409830072,13,27,2,2
train,10727,True,26,23,0.0,0.0,"[858.6, 1204.5833333333333]","[817.7142857142857, 1163.75]",73.8868391528559,56.468973782069035,5,24,2,2
train,10727,True,23,22,0.0,0.0,"[829.98, 1139.25]","[825.8914285714285, 1073.9166666666667]",46.046335359070646,68.73634409830072,18,27,2,2
train,10727,True,26,23,0.0,0.0,"[858.6, 1204.5833333333333]","[829.98, 1139.25]",73.8868391528559,46.046335359070646,5,18,2,2
train,10727,True,24,25,0.0,0.0,"[768.6514285714286, 1082.0833333333333]","[760.4742857142857, 1151.5]",63.299289095534085,42.06744584592699,13,23,2,2
train,10727,True,23,22,0.0,0.0,"[817.7142857142857, 1163.75]","[825.8914285714285, 1073.9166666666667]",56.468973782069035,68.73634409830072,24,27,2,2
train,10727,True,12,17,2.0,0.04663791548100395,"[703.2342857142856, 751.3333333333334]","[711.4114285714286, 792.1666666666666]",47.29830863783609,56.468973782069035,1,10,2,2
train,10727,True,15,20,3.2426406871192848,0.060544040459789214,"[952.6371428571429, 1020.8333333333334]","[911.7514285714285, 1057.5833333333333]",45.49923076272828,58.50192304531536,17,25,2,2
train,10727,True,16,11,3.4721359549995796,0.09409962641539725,"[621.4628571428572, 841.1666666666667]","[605.1085714285714, 808.5]",48.51798635557745,42.65858647447194,6,11,2,2
train,10727,True,18,13,4.830951894845301,0.10521978490673889,"[797.2714285714286, 747.25]","[805.4485714285714, 706.4166666666666]",53.43074957363035,53.43074957363035,3,4,2,2
train,10727,True,20,22,7.54400374531753,0.10957531416587206,"[911.7514285714285, 1057.5833333333333]","[825.8914285714285, 1073.9166666666667]",58.50192304531536,68.73634409830072,25,27,2,2
train,10727,True,26,21,9.0,0.13502954094347555,"[858.6, 1204.5833333333333]","[883.1314285714285, 1135.1666666666667]",73.8868391528559,51.19682607349795,5,20,2,2
train,10727,True,21,22,10.180339887498949,0.15944780850390722,"[883.1314285714285, 1135.1666666666667]","[825.8914285714285, 1073.9166666666667]",51.19682607349795,68.73634409830072,20,27,2,2
train,10727,True,25,23,8.219544457292887,0.1724042751485343,"[760.4742857142857, 1151.5]","[817.7142857142857, 1163.75]",42.06744584592699,56.468973782069035,23,24,2,2
train,10727,True,23,25,8.219544457292887,0.1724042751485343,"[829.98, 1139.25]","[760.4742857142857, 1151.5]",46.046335359070646,42.06744584592699,18,23,2,2
train,10727,True,19,14,8.0,0.18056344710647557,"[915.8399999999999, 735.0]","[924.0171428571429, 698.25]",60.18982472145935,52.959984894257666,0,7,2,2
train,10727,True,26,25,11.727922061357855,0.18209654143986306,"[858.6, 1204.5833333333333]","[760.4742857142857, 1151.5]",73.8868391528559,42.06744584592699,5,23,2,2
train,10727,True,23,21,10.0,0.19735347318649635,"[829.98, 1139.25]","[883.1314285714285, 1135.1666666666667]",46.046335359070646,51.19682607349795,18,20,2,2
train,10727,True,21,23,10.0,0.19735347318649635,"[883.1314285714285, 1135.1666666666667]","[817.7142857142857, 1163.75]",51.19682607349795,56.468973782069035,20,24,2,2
train,10727,True,21,20,13.560219778561036,0.22051324289704946,"[883.1314285714285, 1135.1666666666667]","[911.7514285714285, 1057.5833333333333]",51.19682607349795,58.50192304531536,20,25,2,2
train,10727,True,26,27,20.095023109728988,0.3394981789277095,"[858.6, 1204.5833333333333]","[731.8542857142857, 1200.5]",73.8868391528559,49.03141849875445,5,19,2,2
train,10727,True,25,22,25.832815729997478,0.42005966705556685,"[760.4742857142857, 1151.5]","[825.8914285714285, 1073.9166666666667]",42.06744584592699,68.73634409830072,23,27,2,2
train,10727,True,24,23,23.596747752497688,0.4284655853494932,"[768.6514285714286, 1082.0833333333333]","[829.98, 1139.25]",63.299289095534085,46.046335359070646,13,18,2,2
train,10727,True,24,23,23.596747752497688,0.4284655853494932,"[768.6514285714286, 1082.0833333333333]","[817.7142857142857, 1163.75]",63.299289095534085,56.468973782069035,13,24,2,2
train,10727,True,12,18,21.47220505424423,0.4527241345271254,"[703.2342857142856, 751.3333333333334]","[797.2714285714286, 747.25]",47.29830863783609,53.43074957363035,1,3,2,2
train,10727,True,27,25,21.80350850198276,0.5022596765607183,"[731.8542857142857, 1200.5]","[760.4742857142857, 1151.5]",49.03141849875445,42.06744584592699,19,23,2,2
train,10727,True,26,22,42.56604182158393,0.5791968333286883,"[858.6, 1204.5833333333333]","[825.8914285714285, 1073.9166666666667]",73.8868391528559,68.73634409830072,5,27,2,2
train,10727,True,18,17,40.340053217188775,0.7736985770705407,"[797.2714285714286, 747.25]","[711.4114285714286, 792.1666666666666]",53.43074957363035,56.468973782069035,3,10,2,2
train,10727,False,24,0,-1.0,-1.0,"[768.6514285714286, 1082.0833333333333]","[735.9428571428571, 1106.5833333333333]",63.299289095534085,50.209013135093585,13,28,2,2
train,10727,False,25,0,-1.0,-1.0,"[760.4742857142857, 1151.5]","[735.9428571428571, 1106.5833333333333]",42.06744584592699,50.209013135093585,23,28,2,2
train,10727,False,22,0,-1.0,-1.0,"[825.8914285714285, 1073.9166666666667]","[735.9428571428571, 1106.5833333333333]",68.73634409830072,50.209013135093585,27,28,2,2
train,10727,False,23,23,-1.0,-1.0,"[829.98, 1139.25]","[817.7142857142857, 1163.75]",46.046335359070646,56.468973782069035,18,24,2,2
train,10727,False,27,23,45.95742752749558,1.1388376842529464,"[731.8542857142857, 1200.5]","[817.7142857142857, 1163.75]",49.03141849875445,56.468973782069035,19,24,2,2
train,10727,False,23,0,-1.0,-1.0,"[817.7142857142857, 1163.75]","[735.9428571428571, 1106.5833333333333]",56.468973782069035,50.209013135093585,24,28,2,2
train,10727,False,27,0,-1.0,-1.0,"[731.8542857142857, 1200.5]","[735.9428571428571, 1106.5833333333333]",49.03141849875445,50.209013135093585,19,28,2,2
train,10727,False,16,17,43.721359549995796,0.9678885643106376,"[621.4628571428572, 841.1666666666667]","[711.4114285714286, 792.1666666666666]",48.51798635557745,56.468973782069035,6,10,2,2
train,10727,False,19,13,46.51841748206689,1.0947783127921342,"[915.8399999999999, 735.0]","[805.4485714285714, 706.4166666666666]",60.18982472145935,53.43074957363035,0,4,2,2
train,10727,False,23,0,-1.0,-1.0,"[829.98, 1139.25]","[735.9428571428571, 1106.5833333333333]",46.046335359070646,50.209013135093585,18,28,2,2
train,10727,False,19,18,54.57877292636101,1.0265953019959013,"[915.8399999999999, 735.0]","[797.2714285714286, 747.25]",60.18982472145935,53.43074957363035,0,3,2,2
train,10727,False,17,11,49.039984012787215,1.2150377682919786,"[711.4114285714286, 792.1666666666666]","[605.1085714285714, 808.5]",56.468973782069035,42.65858647447194,10,11,2,2
train,10727,False,24,27,74.58438992278762,1.4503611431985803,"[768.6514285714286, 1082.0833333333333]","[731.8542857142857, 1200.5]",63.299289095534085,49.03141849875445,13,19,2,2
train,10727,False,24,21,66.446274915669,1.1099845512293467,"[768.6514285714286, 1082.0833333333333]","[883.1314285714285, 1135.1666666666667]",63.299289095534085,51.19682607349795,13,20,2,2
train,10727,False,26,24,59.13318551349163,0.8440710364795603,"[858.6, 1204.5833333333333]","[768.6514285714286, 1082.0833333333333]",73.8868391528559,63.299289095534085,5,13,2,2
train,10727,False,23,20,63.513564465157245,1.1173725745981755,"[829.98, 1139.25]","[911.7514285714285, 1057.5833333333333]",46.046335359070646,58.50192304531536,18,25,2,2
train,10727,False,15,22,88.89438247187641,1.5804850710841236,"[952.6371428571429, 1020.8333333333334]","[825.8914285714285, 1073.9166666666667]",45.49923076272828,68.73634409830072,17,27,2,2
train,10727,False,12,13,45.22769732530488,1.2903778414981317,"[703.2342857142856, 751.3333333333334]","[805.4485714285714, 706.4166666666666]",47.29830863783609,53.43074957363035,1,4,2,2
train,10727,False,13,14,43.10215414239989,1.2218039510943492,"[805.4485714285714, 706.4166666666666]","[924.0171428571429, 698.25]",53.43074957363035,52.959984894257666,4,7,2,2
train,10727,False,13,17,70.06335201775947,1.7005367420823363,"[805.4485714285714, 706.4166666666666]","[711.4114285714286, 792.1666666666666]",53.43074957363035,56.468973782069035,4,10,2,2
train,10727,False,26,20,98.0,1.371467973619338,"[858.6, 1204.5833333333333]","[911.7514285714285, 1057.5833333333333]",73.8868391528559,58.50192304531536,5,25,2,2
train,10727,False,26,0,-1.0,-1.0,"[858.6, 1204.5833333333333]","[735.9428571428571, 1106.5833333333333]",73.8868391528559,50.209013135093585,5,28,2,2
train,10727,False,24,20,64.92419889539804,0.9962434270335299,"[768.6514285714286, 1082.0833333333333]","[911.7514285714285, 1057.5833333333333]",63.299289095534085,58.50192304531536,13,25,2,2
train,10727,False,23,27,45.95742752749558,1.1388376842529464,"[829.98, 1139.25]","[731.8542857142857, 1200.5]",46.046335359070646,49.03141849875445,18,19,2,2
train,10727,False,23,20,63.513564465157245,1.1173725745981755,"[817.7142857142857, 1163.75]","[911.7514285714285, 1057.5833333333333]",56.468973782069035,58.50192304531536,24,25,2,2
train,10727,False,12,11,50.088159097779204,1.4706389890242648,"[703.2342857142856, 751.3333333333334]","[605.1085714285714, 808.5]",47.29830863783609,42.65858647447194,1,11,2,2
train,10727,False,12,16,66.08203932499369,1.666964090380822,"[703.2342857142856, 751.3333333333334]","[621.4628571428572, 841.1666666666667]",47.29830863783609,48.51798635557745,1,6,2,2
train,10727,False,18,14,63.47480127925948,1.3335807461353075,"[797.2714285714286, 747.25]","[924.0171428571429, 698.25]",53.43074957363035,52.959984894257666,3,7,2,2
train,10779,True,22,24,0.0,0.0,"[580.0619195046439, 1055.6328125]","[522.0557275541795, 1041.1223958333333]",67.45671401431348,65.67862532091706,8,23,0,0
train,10779,True,25,24,2.605551275463989,0.04931078510432167,"[500.30340557275537, 1091.9088541666667]","[522.0557275541795, 1041.1223958333333]",50.641252455590966,65.67862532091706,18,23,0,0
train,10779,True,22,20,3.4721359549995796,0.05157648860637954,"[580.0619195046439, 1055.6328125]","[638.0681114551084, 1030.2395833333333]",67.45671401431348,56.647669237865024,8,27,0,0
train,10779,True,22,20,3.4721359549995796,0.05157648860637954,"[580.0619195046439, 1055.6328125]","[674.3219814241486, 1037.4947916666667]",67.45671401431348,43.36657772446417,8,25,0,0
train,10779,True,23,26,5.082762530298219,0.09799035284581278,"[554.6842105263157, 1128.1848958333333]","[594.56346749226, 1175.34375]",61.75699153105644,56.647669237865024,15,16,0,0
train,10779,True,22,21,9.63014581273465,0.15918140009158632,"[580.0619195046439, 1055.6328125]","[634.4427244582042, 1110.046875]",67.45671401431348,50.11916374370092,8,22,0,0
train,10779,True,23,25,9.63014581273465,0.21408254480314368,"[554.6842105263157, 1128.1848958333333]","[500.30340557275537, 1091.9088541666667]",61.75699153105644,50.641252455590966,15,18,0,0
train,10779,True,22,23,14.524174696260024,0.23939140587569002,"[580.0619195046439, 1055.6328125]","[554.6842105263157, 1128.1848958333333]",67.45671401431348,61.75699153105644,8,15,0,0
train,10779,True,11,16,7.944271909999159,0.26964615869435166,"[377.04024767801855, 758.1692708333334]","[395.16718266253866, 787.1901041666666]",29.23774073733524,30.341437479169862,17,19,0,0
train,10779,True,14,19,11.041594578792296,0.282468562447601,"[696.0743034055727, 660.2239583333334]","[677.9473684210526, 707.3828125]",30.984790385439403,34.403956281470556,7,9,0,0
train,10779,True,12,17,14.0,0.38025792562902444,"[471.30030959752315, 692.8723958333334]","[474.9256965944272, 740.03125]",25.125097230377303,33.82569734521512,5,10,0,0
train,10779,True,13,18,15.278820596099706,0.38953015272450137,"[576.4365325077399, 663.8515625]","[569.1857585139319, 711.0104166666666]",25.385467886404253,37.86172365802373,3,14,0,0
train,10779,True,23,24,22.345235059857504,0.4323220018253974,"[554.6842105263157, 1128.1848958333333]","[522.0557275541795, 1041.1223958333333]",61.75699153105644,65.67862532091706,15,23,0,0
train,10779,True,15,20,20.633307652783937,0.4342170624804751,"[725.0773993808049, 1008.4739583333334]","[674.3219814241486, 1037.4947916666667]",33.82569734521512,43.36657772446417,24,25,0,0
train,10779,True,15,20,20.633307652783937,0.4342170624804751,"[725.0773993808049, 1008.4739583333334]","[638.0681114551084, 1030.2395833333333]",33.82569734521512,56.647669237865024,24,27,0,0
train,10779,True,23,21,20.37755832643195,0.46972355095135554,"[554.6842105263157, 1128.1848958333333]","[634.4427244582042, 1110.046875]",61.75699153105644,50.11916374370092,15,22,0,0
train,10779,True,22,25,29.4138126514911,0.4770609014529749,"[580.0619195046439, 1055.6328125]","[500.30340557275537, 1091.9088541666667]",67.45671401431348,50.641252455590966,8,18,0,0
train,10779,True,26,21,26.0,0.5032205700525301,"[594.56346749226, 1175.34375]","[634.4427244582042, 1110.046875]",56.647669237865024,50.11916374370092,16,22,0,0
train,10779,True,21,20,30.400636936215164,0.5815176046563616,"[634.4427244582042, 1110.046875]","[638.0681114551084, 1030.2395833333333]",50.11916374370092,56.647669237865024,22,27,0,0
train,10779,True,21,20,30.400636936215164,0.5815176046563616,"[634.4427244582042, 1110.046875]","[674.3219814241486, 1037.4947916666667]",50.11916374370092,43.36657772446417,22,25,0,0
train,10779,True,22,26,51.0,0.7629380850708404,"[580.0619195046439, 1055.6328125]","[594.56346749226, 1175.34375]",67.45671401431348,56.647669237865024,8,16,0,0
train,10779,False,20,20,-1.0,-1.0,"[674.3219814241486, 1037.4947916666667]","[638.0681114551084, 1030.2395833333333]",43.36657772446417,56.647669237865024,25,27,0,0
train,10779,False,24,20,65.09841147864296,1.0968440664865347,"[522.0557275541795, 1041.1223958333333]","[638.0681114551084, 1030.2395833333333]",65.67862532091706,56.647669237865024,23,27,0,0
train,10779,False,25,27,45.87216658103186,1.3255969362679416,"[500.30340557275537, 1091.9088541666667]","[456.7987616099071, 1160.8333333333333]",50.641252455590966,32.63845871109118,18,26,0,0
train,10779,False,23,27,61.625873247404705,1.8778255104341117,"[554.6842105263157, 1128.1848958333333]","[456.7987616099071, 1160.8333333333333]",61.75699153105644,32.63845871109118,15,26,0,0
train,10779,False,23,20,79.15609770940699,1.508350973618387,"[554.6842105263157, 1128.1848958333333]","[638.0681114551084, 1030.2395833333333]",61.75699153105644,56.647669237865024,15,27,0,0
train,10779,False,21,24,76.38862965578342,1.4837639494611647,"[634.4427244582042, 1110.046875]","[522.0557275541795, 1041.1223958333333]",50.11916374370092,65.67862532091706,22,23,0,0
train,10779,False,26,25,53.589376255824725,1.0107605414268135,"[594.56346749226, 1175.34375]","[500.30340557275537, 1091.9088541666667]",56.647669237865024,50.641252455590966,16,18,0,0
train,10779,False,26,24,73.95331880577403,1.2574258596584762,"[594.56346749226, 1175.34375]","[522.0557275541795, 1041.1223958333333]",56.647669237865024,65.67862532091706,16,23,0,0
train,10779,False,26,20,101.17631819555841,1.7001422039508682,"[594.56346749226, 1175.34375]","[638.0681114551084, 1030.2395833333333]",56.647669237865024,56.647669237865024,16,27,0,0
train,10779,False,25,21,82.54639429682169,1.8446409489153055,"[500.30340557275537, 1091.9088541666667]","[634.4427244582042, 1110.046875]",50.641252455590966,50.11916374370092,18,22,0,0
train,10779,False,24,27,97.40731680114035,2.267433483288246,"[522.0557275541795, 1041.1223958333333]","[456.7987616099071, 1160.8333333333333]",65.67862532091706,32.63845871109118,23,26,0,0
train,10779,False,24,20,65.09841147864296,1.0968440664865347,"[522.0557275541795, 1041.1223958333333]","[674.3219814241486, 1037.4947916666667]",65.67862532091706,43.36657772446417,23,25,0,0
train,10779,False,17,18,43.28317965096906,0.9352106072311805,"[474.9256965944272, 740.03125]","[569.1857585139319, 711.0104166666666]",33.82569734521512,37.86172365802373,10,14,0,0
train,10779,False,25,20,104.60303025955268,1.951026235302964,"[500.30340557275537, 1091.9088541666667]","[638.0681114551084, 1030.2395833333333]",50.641252455590966,56.647669237865024,18,27,0,0
train,10779,False,23,20,79.15609770940699,1.508350973618387,"[554.6842105263157, 1128.1848958333333]","[674.3219814241486, 1037.4947916666667]",61.75699153105644,43.36657772446417,15,25,0,0
train,10779,False,17,16,43.04543109109048,1.087408099034914,"[474.9256965944272, 740.03125]","[395.16718266253866, 787.1901041666666]",33.82569734521512,30.341437479169862,10,19,0,0
train,10779,False,22,15,100.95096860746347,1.788775228250035,"[580.0619195046439, 1055.6328125]","[725.0773993808049, 1008.4739583333334]",67.45671401431348,33.82569734521512,8,24,0,0
train,10779,False,19,18,48.47726750741192,1.0200655595805845,"[677.9473684210526, 707.3828125]","[569.1857585139319, 711.0104166666666]",34.403956281470556,37.86172365802373,9,14,0,0
train,10779,False,26,27,60.29437168288782,1.3963541495767031,"[594.56346749226, 1175.34375]","[456.7987616099071, 1160.8333333333333]",56.647669237865024,32.63845871109118,16,26,0,0
train,10779,False,12,18,40.10960958218893,1.02458547089466,"[471.30030959752315, 692.8723958333334]","[569.1857585139319, 711.0104166666666]",25.125097230377303,37.86172365802373,5,14,0,0
train,10779,False,17,11,55.089214649520635,1.5482808002983948,"[474.9256965944272, 740.03125]","[377.04024767801855, 758.1692708333334]",33.82569734521512,29.23774073733524,10,17,0,0
train,10833,True,22,24,0.0,0.0,"[604.2241887905604, 1270.7265625]","[530.7374631268436, 1238.0390625]",58.620249931784635,44.55408573910139,6,10,4,4
train,10833,True,23,26,13.142135623730951,0.21499752051855936,"[571.5634218289085, 1381.046875]","[661.3805309734513, 1401.4765625]",42.2479795645441,52.46335109354531,23,24,4,4
train,10833,True,22,20,19.223748416156685,0.2528674564742653,"[604.2241887905604, 1270.7265625]","[681.7935103244838, 1250.296875]",58.620249931784635,46.388348447443306,6,20,4,4
train,10833,True,14,19,12.601470508735444,0.27893288902771385,"[845.0973451327434, 870.3046875]","[816.5191740412979, 907.078125]",24.505598060100183,29.73390779667814,8,15,4,4
train,10833,True,16,11,11.649110640673518,0.3396227735593522,"[445.00294985250736, 935.6796875]","[432.7551622418879, 894.8203125]",24.84362227708769,22.370448071119515,2,3,4,4
train,10833,True,17,12,16.0,0.36237511225247643,"[567.4808259587021, 902.9921875]","[559.3156342182891, 849.875]",26.469071114485995,23.81516057380975,9,12,4,4
train,10833,True,18,13,20.540659228538015,0.43145600310257226,"[681.7935103244838, 874.390625]","[702.2064896755162, 821.2734375]",29.452063447200693,23.462323874521047,5,16,4,4
train,10833,True,22,23,36.69615364994153,0.5288376903563675,"[604.2241887905604, 1270.7265625]","[571.5634218289085, 1381.046875]",58.620249931784635,42.2479795645441,6,23,4,4
train,10833,True,24,25,35.235341863986875,0.5724973811221937,"[530.7374631268436, 1238.0390625]","[506.2418879056047, 1336.1015625]",44.55408573910139,38.530891621458004,10,21,4,4
train,10833,True,22,26,52.14132102234569,0.6083749848947066,"[604.2241887905604, 1270.7265625]","[661.3805309734513, 1401.4765625]",58.620249931784635,52.46335109354531,6,24,4,4
train,10833,True,22,25,44.18849411078001,0.6098882010878407,"[604.2241887905604, 1270.7265625]","[506.2418879056047, 1336.1015625]",58.620249931784635,38.530891621458004,6,21,4,4
train,10833,True,25,23,29.0,0.7159948203368247,"[506.2418879056047, 1336.1015625]","[571.5634218289085, 1381.046875]",38.530891621458004,42.2479795645441,21,23,4,4
train,10833,True,20,15,35.05551275463989,0.7397752445007765,"[681.7935103244838, 1250.296875]","[796.1061946902655, 1262.5546875]",46.388348447443306,35.60580849833436,20,22,4,4
train,10833,False,20,0,-1.0,-1.0,"[681.7935103244838, 1250.296875]","[730.7846607669617, 1274.8125]",46.388348447443306,35.839291711520765,20,25,4,4
train,10833,False,15,0,-1.0,-1.0,"[796.1061946902655, 1262.5546875]","[730.7846607669617, 1274.8125]",35.60580849833436,35.839291711520765,22,25,4,4
train,10833,False,22,0,-1.0,-1.0,"[604.2241887905604, 1270.7265625]","[730.7846607669617, 1274.8125]",58.620249931784635,35.839291711520765,6,25,4,4
train,10833,False,23,27,66.67569726275453,2.342022464300346,"[571.5634218289085, 1381.046875]","[502.1592920353982, 1458.6796875]",42.2479795645441,29.16749577414066,23,26,4,4
train,10833,False,20,26,81.71033792700887,1.191741000486776,"[681.7935103244838, 1250.296875]","[661.3805309734513, 1401.4765625]",46.388348447443306,52.46335109354531,20,24,4,4
train,10833,False,26,0,-1.0,-1.0,"[661.3805309734513, 1401.4765625]","[730.7846607669617, 1274.8125]",52.46335109354531,35.839291711520765,24,25,4,4
train,10833,False,24,20,92.64827814754524,1.4099250719783223,"[530.7374631268436, 1238.0390625]","[681.7935103244838, 1250.296875]",44.55408573910139,46.388348447443306,10,20,4,4
train,10833,False,24,23,77.33900688673555,1.3355170462759178,"[530.7374631268436, 1238.0390625]","[571.5634218289085, 1381.046875]",44.55408573910139,42.2479795645441,10,23,4,4
train,10833,False,25,27,78.40403012442127,2.222049406756111,"[506.2418879056047, 1336.1015625]","[502.1592920353982, 1458.6796875]",38.530891621458004,29.16749577414066,21,26,4,4
train,10833,False,25,26,80.5659242576212,1.2474734140817378,"[506.2418879056047, 1336.1015625]","[661.3805309734513, 1401.4765625]",38.530891621458004,52.46335109354531,21,24,4,4
train,10833,False,20,23,121.00409829181969,2.5972884522206745,"[681.7935103244838, 1250.296875]","[571.5634218289085, 1381.046875]",46.388348447443306,42.2479795645441,20,23,4,4
train,10833,False,22,15,134.72398461583714,1.92659526923676,"[604.2241887905604, 1270.7265625]","[796.1061946902655, 1262.5546875]",58.620249931784635,35.60580849833436,6,22,4,4
train,10833,False,26,27,74.96051605933177,1.2968636870896455,"[661.3805309734513, 1401.4765625]","[502.1592920353982, 1458.6796875]",52.46335109354531,29.16749577414066,24,26,4,4
train,10852,True,22,24,0.0,0.0,"[1098.4905660377358, 1601.015625]","[990.188679245283, 1577.8125]",136.6293187962122,124.72493320208334,10,19,2,2
train,10852,True,23,26,0.0,0.0,"[1028.867924528302, 1732.5]","[1129.433962264151, 1802.109375]",118.32446097928246,117.81771577714193,15,24,2,2
train,10852,True,22,23,0.0,0.0,"[1098.4905660377358, 1601.015625]","[1028.867924528302, 1732.5]",136.6293187962122,118.32446097928246,10,15,2,2
train,10852,True,22,20,5.324555320336759,0.04022744871746534,"[1098.4905660377358, 1601.015625]","[1237.7358490566037, 1577.8125]",136.6293187962122,124.4848464862972,10,25,2,2
train,10852,True,25,24,6.280109889280518,0.0620229407664267,"[936.0377358490566, 1662.890625]","[990.188679245283, 1577.8125]",109.93659729375065,124.72493320208334,12,19,2,2
train,10852,True,22,21,12.416407864998739,0.10586631090996754,"[1098.4905660377358, 1601.015625]","[1191.3207547169811, 1701.5625]",136.6293187962122,106.90137460065439,10,13,2,2
train,10852,True,21,26,15.0,0.15442186724543702,"[1191.3207547169811, 1701.5625]","[1129.433962264151, 1802.109375]",106.90137460065439,117.81771577714193,13,24,2,2
train,10852,True,15,20,15.15549442140351,0.16293875852216883,"[1330.566037735849, 1546.875]","[1237.7358490566037, 1577.8125]",81.4944616997735,124.4848464862972,18,25,2,2
train,10852,True,25,23,17.788294228055936,0.2063043671418375,"[936.0377358490566, 1662.890625]","[1028.867924528302, 1732.5]",109.93659729375065,118.32446097928246,12,15,2,2
train,10852,True,14,19,14.264337522473747,0.20914866360075923,"[1346.0377358490566, 1028.671875]","[1315.0943396226414, 1090.546875]",80.38564184662793,95.6780513216954,16,17,2,2
train,10852,True,11,16,16.72004514666935,0.3198581053809925,"[789.0566037735849, 1152.421875]","[804.5283018867924, 1214.296875]",46.410671959131484,55.23974868611968,3,20,2,2
train,10852,True,13,18,24.317977802344327,0.32768020358731653,"[1144.9056603773583, 1013.203125]","[1113.9622641509434, 1090.546875]",83.30970576992634,99.35931257452931,4,6,2,2
train,10852,True,21,20,32.28663395418648,0.3317956681642637,"[1191.3207547169811, 1701.5625]","[1237.7358490566037, 1577.8125]",106.90137460065439,124.4848464862972,13,25,2,2
train,10852,True,21,23,28.966648127543394,0.36942928071868925,"[1191.3207547169811, 1701.5625]","[1028.867924528302, 1732.5]",106.90137460065439,118.32446097928246,13,15,2,2
train,10852,True,17,12,24.298221281347036,0.39046199562697637,"[959.2452830188679, 1136.953125]","[959.2452830188679, 1059.609375]",88.86967084571887,59.414522595767934,2,14,2,2
train,10852,True,22,25,54.54277630799526,0.4447177340844133,"[1098.4905660377358, 1601.015625]","[936.0377358490566, 1662.890625]",136.6293187962122,109.93659729375065,10,12,2,2
train,10852,True,22,26,60.0,0.45373889948450535,"[1098.4905660377358, 1601.015625]","[1129.433962264151, 1802.109375]",136.6293187962122,117.81771577714193,10,24,2,2
train,10852,True,23,24,45.04345773288535,0.4643655436379933,"[1028.867924528302, 1732.5]","[990.188679245283, 1577.8125]",118.32446097928246,124.72493320208334,15,19,2,2
train,10852,True,25,26,66.67569726275453,0.6439166642779437,"[936.0377358490566, 1662.890625]","[1129.433962264151, 1802.109375]",109.93659729375065,117.81771577714193,12,24,2,2
train,10852,True,18,12,49.0,0.6821364068273881,"[1113.9622641509434, 1090.546875]","[959.2452830188679, 1059.609375]",99.35931257452931,59.414522595767934,6,14,2,2
train,10852,False,25,27,68.8927750200262,1.033734106455996,"[936.0377358490566, 1662.890625]","[889.622641509434, 1778.90625]",109.93659729375065,69.18494492137422,12,26,2,2
train,10852,False,17,18,73.68600939935136,0.8884605859948802,"[959.2452830188679, 1136.953125]","[1113.9622641509434, 1090.546875]",88.86967084571887,99.35931257452931,2,6,2,2
train,10852,False,23,27,89.07774419910837,1.485041638860683,"[1028.867924528302, 1732.5]","[889.622641509434, 1778.90625]",118.32446097928246,69.18494492137422,15,26,2,2
train,10852,False,24,20,121.494897852931,1.0768217981358956,"[990.188679245283, 1577.8125]","[1237.7358490566037, 1577.8125]",124.72493320208334,124.4848464862972,19,25,2,2
train,10852,False,21,24,135.1800279042415,1.4276217783518443,"[1191.3207547169811, 1701.5625]","[990.188679245283, 1577.8125]",106.90137460065439,124.72493320208334,13,19,2,2
train,10852,False,26,20,128.634100452003,1.1196373395861774,"[1129.433962264151, 1802.109375]","[1237.7358490566037, 1577.8125]",117.81771577714193,124.4848464862972,24,25,2,2
train,10852,False,18,19,84.16454661418682,0.9904796385482798,"[1113.9622641509434, 1090.546875]","[1315.0943396226414, 1090.546875]",99.35931257452931,95.6780513216954,6,17,2,2
train,10852,False,13,19,73.94664769020693,1.0948152795834458,"[1144.9056603773583, 1013.203125]","[1315.0943396226414, 1090.546875]",83.30970576992634,95.6780513216954,4,17,2,2
train,10852,False,23,20,128.40247292845683,1.28971200173981,"[1028.867924528302, 1732.5]","[1237.7358490566037, 1577.8125]",118.32446097928246,124.4848464862972,15,25,2,2
train,10852,False,22,15,141.6218777046495,1.2450786175968198,"[1098.4905660377358, 1601.015625]","[1330.566037735849, 1546.875]",136.6293187962122,81.4944616997735,10,18,2,2
train,10852,False,24,26,116.47765745025733,1.0337145261934795,"[990.188679245283, 1577.8125]","[1129.433962264151, 1802.109375]",124.72493320208334,117.81771577714193,19,24,2,2
train,10852,False,21,15,137.40520221436765,1.9654399998361072,"[1191.3207547169811, 1701.5625]","[1330.566037735849, 1546.875]",106.90137460065439,81.4944616997735,13,18,2,2
train,10852,False,24,27,159.65490966665163,1.9931964305362415,"[990.188679245283, 1577.8125]","[889.622641509434, 1778.90625]",124.72493320208334,69.18494492137422,19,26,2,2
train,10852,False,25,21,152.57408635573907,1.824717331168513,"[936.0377358490566, 1662.890625]","[1191.3207547169811, 1701.5625]",109.93659729375065,106.90137460065439,12,13,2,2
train,10852,False,17,16,89.0499861188218,1.300311593604032,"[959.2452830188679, 1136.953125]","[804.5283018867924, 1214.296875]",88.86967084571887,55.23974868611968,2,20,2,2
train,10852,False,13,14,85.49277426467485,1.5771266221606748,"[1144.9056603773583, 1013.203125]","[1346.0377358490566, 1028.671875]",83.30970576992634,80.38564184662793,4,16,2,2
train,10852,False,17,11,76.87810988975015,1.2753815058539144,"[959.2452830188679, 1136.953125]","[789.0566037735849, 1152.421875]",88.86967084571887,46.410671959131484,2,3,2,2
train,10852,False,26,27,84.28774824088158,1.0157731068033173,"[1129.433962264151, 1802.109375]","[889.622641509434, 1778.90625]",117.81771577714193,69.18494492137422,24,26,2,2
train,10852,False,17,13,126.98828071350908,1.954822899493001,"[959.2452830188679, 1136.953125]","[1144.9056603773583, 1013.203125]",88.86967084571887,83.30970576992634,2,4,2,2
train,10852,False,22,27,174.57049866079439,1.6491312923013588,"[1098.4905660377358, 1601.015625]","[889.622641509434, 1778.90625]",136.6293187962122,69.18494492137422,10,26,2,2
train,10910,True,22,24,4.0990195135927845,0.06308423941922003,"[534.9166666666666, 932.0]","[469.41666666666663, 921.078125]",39.53787960438839,29.56952435926783,1,3,4,4
train,10910,True,23,26,4.0,0.07416314367912988,"[502.16666666666663, 1012.09375]","[553.1111111111111, 1052.140625]",28.193435258348117,30.014203813453985,12,20,4,4
train,10910,True,24,25,10.40175425099138,0.20908312734559195,"[469.41666666666663, 921.078125]","[443.9444444444444, 972.046875]",29.56952435926783,34.3373973626262,3,11,4,4
train,10910,False,21,20,37.2099463490856,1.2547035360555767,"[596.7777777777777, 979.328125]","[593.1388888888889, 902.875]",25.993062976814926,29.34465779272647,24,25,4,4
train,10910,False,15,20,33.713109915419565,1.075281211967803,"[665.9166666666666, 891.953125]","[593.1388888888889, 902.875]",23.019843493048437,29.34465779272647,15,25,4,4
train,10910,False,23,21,55.753854494650845,1.5454423571093405,"[502.16666666666663, 1012.09375]","[596.7777777777777, 979.328125]",28.193435258348117,25.993062976814926,12,24,4,4
train,11013,True,24,25,1.2360679774997898,0.02107784795976183,"[601.6222910216718, 1077.9427083333335]","[577.2321981424149, 1130.8229166666667]",77.0465557049829,67.92163100656029,0,14,2,2
train,11013,True,24,22,4.830951894845301,0.06474445807499765,"[601.6222910216718, 1077.9427083333335]","[674.7925696594427, 1090.1458333333335]",77.0465557049829,82.13647981128406,0,3,2,2
train,11013,True,22,23,7.4852813742385695,0.10954591653071741,"[674.7925696594427, 1090.1458333333335]","[638.2074303405573, 1171.5]",82.13647981128406,74.42663911381543,3,17,2,2
train,11013,True,26,21,9.0,0.12795274519339758,"[703.2476780185758, 1212.1770833333335]","[739.8328173374613, 1143.0260416666667]",90.3794052163152,79.78777774138834,6,22,2,2
train,11013,True,22,20,9.816653826391969,0.1302878835346994,"[674.7925696594427, 1090.1458333333335]","[747.9628482972136, 1065.7395833333335]",82.13647981128406,70.89943858844627,3,27,2,2
train,11013,True,22,20,9.816653826391969,0.1302878835346994,"[674.7925696594427, 1090.1458333333335]","[788.6130030959752, 1082.0104166666667]",82.13647981128406,57.65062676039935,3,26,2,2
train,11013,True,26,23,9.198039027185569,0.13369158040149762,"[703.2476780185758, 1212.1770833333335]","[638.2074303405573, 1171.5]",90.3794052163152,74.42663911381543,6,17,2,2
train,11013,True,25,23,7.246211251235321,0.143764411663062,"[577.2321981424149, 1130.8229166666667]","[638.2074303405573, 1171.5]",67.92163100656029,74.42663911381543,14,17,2,2
train,11013,True,22,21,10.661903789690601,0.15257781705122436,"[674.7925696594427, 1090.1458333333335]","[739.8328173374613, 1143.0260416666667]",82.13647981128406,79.78777774138834,3,22,2,2
train,11013,True,11,16,7.944271909999159,0.21250942301321812,"[426.8266253869969, 781.0]","[455.28173374613, 817.609375]",49.3020152667751,53.01886973753415,4,5,2,2
train,11013,True,19,14,11.36931687685298,0.24712986650184354,"[804.8730650154798, 728.1197916666667]","[821.1331269349845, 679.3072916666667]",62.20337272345749,58.221438965705396,1,7,2,2
train,11013,True,18,13,13.0,0.2637997006577521,"[666.6625386996903, 711.8489583333334]","[670.7275541795665, 658.96875]",63.25774226855037,58.07926185735092,13,15,2,2
train,11013,True,21,20,15.643316977093239,0.26656140818554347,"[739.8328173374613, 1143.0260416666667]","[747.9628482972136, 1065.7395833333335]",79.78777774138834,70.89943858844627,22,27,2,2
train,11013,True,21,20,15.643316977093239,0.26656140818554347,"[739.8328173374613, 1143.0260416666667]","[788.6130030959752, 1082.0104166666667]",79.78777774138834,57.65062676039935,22,26,2,2
train,11013,True,17,12,12.0,0.2677597710565683,"[552.8421052631579, 752.5260416666667]","[540.6470588235294, 703.7135416666667]",61.53521830188196,53.792908779491746,2,16,2,2
train,11013,True,24,23,16.88854381999832,0.30232921163258153,"[601.6222910216718, 1077.9427083333335]","[638.2074303405573, 1171.5]",77.0465557049829,74.42663911381543,0,17,2,2
train,11013,True,15,20,16.46424919657298,0.3100947352109562,"[837.3931888544892, 1057.6041666666667]","[788.6130030959752, 1082.0104166666667]",58.221438965705396,57.65062676039935,19,26,2,2
train,11013,True,15,20,16.46424919657298,0.3100947352109562,"[837.3931888544892, 1057.6041666666667]","[747.9628482972136, 1065.7395833333335]",58.221438965705396,70.89943858844627,19,27,2,2
train,11013,True,22,26,40.0,0.47204418068240184,"[674.7925696594427, 1090.1458333333335]","[703.2476780185758, 1212.1770833333335]",82.13647981128406,90.3794052163152,3,6,2,2
train,11013,True,26,27,37.01315561749642,0.557045614159931,"[703.2476780185758, 1212.1770833333335]","[556.907120743034, 1220.3125]",90.3794052163152,68.52754515743607,6,21,2,2
train,11013,True,23,21,30.25699921617557,0.6130377407464361,"[638.2074303405573, 1171.5]","[739.8328173374613, 1143.0260416666667]",74.42663911381543,79.78777774138834,17,22,2,2
train,11013,True,22,25,43.721359549995796,0.6190877403532078,"[674.7925696594427, 1090.1458333333335]","[577.2321981424149, 1130.8229166666667]",82.13647981128406,67.92163100656029,3,14,2,2
train,11013,True,17,18,40.97618372363071,0.7305537076900561,"[552.8421052631579, 752.5260416666667]","[666.6625386996903, 711.8489583333334]",61.53521830188196,63.25774226855037,2,13,2,2
train,11013,True,26,25,54.86591089385369,0.7719175640541082,"[703.2476780185758, 1212.1770833333335]","[577.2321981424149, 1130.8229166666667]",90.3794052163152,67.92163100656029,6,14,2,2
train,11013,False,20,20,-1.0,-1.0,"[788.6130030959752, 1082.0104166666667]","[747.9628482972136, 1065.7395833333335]",57.65062676039935,70.89943858844627,26,27,2,2
train,11013,False,23,27,37.600518131237564,0.8618216282421646,"[638.2074303405573, 1171.5]","[556.907120743034, 1220.3125]",74.42663911381543,68.52754515743607,17,21,2,2
train,11013,False,25,27,41.20189569201838,0.8740678997346362,"[577.2321981424149, 1130.8229166666667]","[556.907120743034, 1220.3125]",67.92163100656029,68.52754515743607,14,21,2,2
train,11013,False,15,21,79.61017305526642,1.7691149567836981,"[837.3931888544892, 1057.6041666666667]","[739.8328173374613, 1143.0260416666667]",58.221438965705396,79.78777774138834,19,22,2,2
train,11013,False,26,20,69.00714249274856,0.9107126300648837,"[703.2476780185758, 1212.1770833333335]","[747.9628482972136, 1065.7395833333335]",90.3794052163152,70.89943858844627,6,27,2,2
train,11013,False,24,26,76.20103626247513,1.0153822198874716,"[601.6222910216718, 1077.9427083333335]","[703.2476780185758, 1212.1770833333335]",77.0465557049829,90.3794052163152,0,6,2,2
train,11013,False,24,21,85.81589716175259,1.4861148924585854,"[601.6222910216718, 1077.9427083333335]","[739.8328173374613, 1143.0260416666667]",77.0465557049829,79.78777774138834,0,22,2,2
train,11013,False,24,20,89.02777349240623,1.385572859145025,"[601.6222910216718, 1077.9427083333335]","[747.9628482972136, 1065.7395833333335]",77.0465557049829,70.89943858844627,0,27,2,2
train,11013,False,17,16,56.706152185014034,1.1804818774106174,"[552.8421052631579, 752.5260416666667]","[455.28173374613, 817.609375]",61.53521830188196,53.01886973753415,2,5,2,2
train,11013,False,24,27,95.00520819205592,1.7947887907981124,"[601.6222910216718, 1077.9427083333335]","[556.907120743034, 1220.3125]",77.0465557049829,68.52754515743607,0,21,2,2
train,11013,False,23,20,94.46203433826454,1.6620957276402835,"[638.2074303405573, 1171.5]","[747.9628482972136, 1065.7395833333335]",74.42663911381543,70.89943858844627,17,27,2,2
train,11013,False,26,20,69.00714249274856,0.9107126300648837,"[703.2476780185758, 1212.1770833333335]","[788.6130030959752, 1082.0104166666667]",90.3794052163152,57.65062676039935,6,26,2,2
train,11013,False,18,12,46.51841748206689,0.9627820679469425,"[666.6625386996903, 711.8489583333334]","[540.6470588235294, 703.7135416666667]",63.25774226855037,53.792908779491746,13,16,2,2
train,11013,False,25,21,95.62815324738438,1.8220671591463713,"[577.2321981424149, 1130.8229166666667]","[739.8328173374613, 1143.0260416666667]",67.92163100656029,79.78777774138834,14,22,2,2
train,11013,False,19,18,70.06335201775947,1.2512310373798758,"[804.8730650154798, 728.1197916666667]","[666.6625386996903, 711.8489583333334]",62.20337272345749,63.25774226855037,1,13,2,2
train,11013,False,22,27,100.9803902718557,1.5309727416875962,"[674.7925696594427, 1090.1458333333335]","[556.907120743034, 1220.3125]",82.13647981128406,68.52754515743607,3,21,2,2
train,11013,False,17,11,66.68308503607086,1.5258048824241075,"[552.8421052631579, 752.5260416666667]","[426.8266253869969, 781.0]",61.53521830188196,49.3020152667751,2,4,2,2
train,11013,False,22,15,104.30432089900205,1.5984515286317431,"[674.7925696594427, 1090.1458333333335]","[837.3931888544892, 1057.6041666666667]",82.13647981128406,58.221438965705396,3,19,2,2
train,11013,False,13,12,56.688820407423826,1.5777358688547207,"[670.7275541795665, 658.96875]","[540.6470588235294, 703.7135416666667]",58.07926185735092,53.792908779491746,15,16,2,2
train,11013,False,19,13,79.49844718999243,1.7381121912299304,"[804.8730650154798, 728.1197916666667]","[670.7275541795665, 658.96875]",62.20337272345749,58.07926185735092,1,15,2,2
train,11013,False,17,13,80.68843247363729,1.759718809968193,"[552.8421052631579, 752.5260416666667]","[670.7275541795665, 658.96875]",61.53521830188196,58.07926185735092,2,15,2,2
train,11013,False,14,18,85.1278120005379,1.7187895199176098,"[821.1331269349845, 679.3072916666667]","[666.6625386996903, 711.8489583333334]",58.221438965705396,63.25774226855037,7,13,2,2
train,11013,False,14,13,69.02856560004639,1.8386383267597644,"[821.1331269349845, 679.3072916666667]","[670.7275541795665, 658.96875]",58.221438965705396,58.07926185735092,7,15,2,2
train,11013,False,23,20,94.46203433826454,1.6620957276402835,"[638.2074303405573, 1171.5]","[788.6130030959752, 1082.0104166666667]",74.42663911381543,57.65062676039935,17,26,2,2
train,11023,True,24,22,7.246211251235321,0.1369649810608098,"[368.066037735849, 858.8671875]","[428.0471698113207, 864.3203125]",26.57452557973022,42.06222051969166,0,5,4,4
train,11023,True,24,25,12.416407864998739,0.2904869967423857,"[368.066037735849, 858.8671875]","[348.9811320754717, 913.3984375]",26.57452557973022,34.379715585647304,0,4,4,4
train,11023,True,14,19,22.769728648009426,0.6857543260161539,"[523.4716981132075, 550.765625]","[515.2924528301886, 599.84375]",17.458046493868537,23.295130486073855,2,14,4,4
train,11023,True,13,18,24.317977802344327,0.7588260576570042,"[403.50943396226415, 550.765625]","[408.9622641509434, 599.84375]",16.358932777041833,21.81191036938911,3,21,4,4
train,11023,False,25,0,-1.0,-1.0,"[348.9811320754717, 913.3984375]","[406.23584905660374, 935.2109375]",34.379715585647304,44.883670228535934,4,23,4,4
train,11023,False,26,0,-1.0,-1.0,"[477.12264150943395, 962.4765625]","[406.23584905660374, 935.2109375]",37.77933696992037,44.883670228535934,17,23,4,4
train,11023,False,25,22,39.80441152620633,0.8334289172868433,"[348.9811320754717, 913.3984375]","[428.0471698113207, 864.3203125]",34.379715585647304,42.06222051969166,4,5,4,4
train,11023,False,25,0,-1.0,-1.0,"[348.9811320754717, 913.3984375]","[348.9811320754717, 992.46875]",34.379715585647304,24.3864571525433,4,28,4,4
train,11112,True,23,26,5.708203932499369,0.09657597617513884,"[654.5013192612137, 1061.7291666666667]","[686.9023746701846, 1113.5208333333335]",59.09784536273002,63.2138175159042,7,23,0,0
train,11112,True,22,24,8.486832980505138,0.1272158584044846,"[673.9419525065963, 980.8046875000001]","[612.3799472295514, 964.6197916666667]",66.92116119049005,69.60982121628048,4,15,0,0
train,11112,True,22,23,9.0,0.1466958074937319,"[673.9419525065963, 980.8046875000001]","[654.5013192612137, 1061.7291666666667]",66.92116119049005,59.09784536273002,4,7,0,0
train,11112,True,14,19,10.180339887498949,0.21029541255051623,"[777.6253298153034, 572.9453125]","[764.664907651715, 631.2109375]",40.707841420569714,34.27350672126701,6,17,0,0
train,11112,True,24,25,11.041594578792296,0.21296937905386554,"[612.3799472295514, 964.6197916666667]","[589.6992084432717, 1032.5963541666667]",69.60982121628048,59.186514347871814,15,22,0,0
train,11112,True,22,20,15.124515496597098,0.2534162812934373,"[673.9419525065963, 980.8046875000001]","[735.5039577836411, 948.4348958333334]",66.92116119049005,55.52942747141762,4,26,0,0
train,11112,True,22,21,16.804493814764857,0.28115079536222526,"[673.9419525065963, 980.8046875000001]","[735.5039577836411, 1032.5963541666667]",66.92116119049005,37.628457423172335,4,10,0,0
train,11112,True,18,13,14.297058540778355,0.2843251104062592,"[644.7810026385224, 631.2109375]","[654.5013192612137, 572.9453125]",45.33958767128663,42.10104569476616,5,16,0,0
train,11112,True,16,11,10.180339887498949,0.28449359055207296,"[456.85488126649074, 731.5572916666667]","[427.69393139841685, 692.7135416666667]",34.88016455677174,29.14687778868426,19,20,0,0
train,11112,True,17,12,15.0,0.34987950669574563,"[550.8179419525065, 670.0546875]","[541.0976253298153, 618.2630208333334]",41.85118565017505,36.782766117373264,8,12,0,0
train,11112,True,23,25,17.601075237738275,0.39342450055129535,"[654.5013192612137, 1061.7291666666667]","[589.6992084432717, 1032.5963541666667]",59.09784536273002,59.186514347871814,7,22,0,0
train,11112,True,22,25,33.48187929913333,0.5381784339002655,"[673.9419525065963, 980.8046875000001]","[589.6992084432717, 1032.5963541666667]",66.92116119049005,59.186514347871814,4,22,0,0
train,11112,True,21,26,33.23448553724738,0.5783628989839424,"[735.5039577836411, 1032.5963541666667]","[686.9023746701846, 1113.5208333333335]",37.628457423172335,63.2138175159042,10,23,0,0
train,11112,True,18,17,36.8549864614954,0.6680509762063479,"[644.7810026385224, 631.2109375]","[550.8179419525065, 670.0546875]",45.33958767128663,41.85118565017505,5,8,0,0
train,11112,True,23,21,28.832867780352597,0.6985810031251793,"[654.5013192612137, 1061.7291666666667]","[735.5039577836411, 1032.5963541666667]",59.09784536273002,37.628457423172335,7,10,0,0
train,11112,True,25,26,41.95346318982906,0.699224386497151,"[589.6992084432717, 1032.5963541666667]","[686.9023746701846, 1113.5208333333335]",59.186514347871814,63.2138175159042,22,23,0,0
train,11112,True,22,26,54.0,0.7374118413588324,"[673.9419525065963, 980.8046875000001]","[686.9023746701846, 1113.5208333333335]",66.92116119049005,63.2138175159042,4,23,0,0
train,11112,True,20,15,30.304951684997057,0.761681028401763,"[735.5039577836411, 948.4348958333334]","[819.7467018469656, 941.9609375000001]",55.52942747141762,30.380216651042698,26,28,0,0
train,11112,True,23,24,38.81205847478876,0.7638896263490078,"[654.5013192612137, 1061.7291666666667]","[612.3799472295514, 964.6197916666667]",59.09784536273002,69.60982121628048,7,15,0,0
train,11112,True,18,12,38.05124837953327,0.7795652199176946,"[644.7810026385224, 631.2109375]","[541.0976253298153, 618.2630208333334]",45.33958767128663,36.782766117373264,5,12,0,0
train,11112,False,24,0,-1.0,-1.0,"[612.3799472295514, 964.6197916666667]","[557.2981530343008, 906.3541666666667]",69.60982121628048,53.017217088674286,15,24,0,0
train,11112,False,0,0,-1.0,-1.0,"[557.2981530343008, 906.3541666666667]","[531.3773087071239, 870.7473958333334]",53.017217088674286,31.89593941189784,24,29,0,0
train,11112,False,22,0,-1.0,-1.0,"[673.9419525065963, 980.8046875000001]","[667.4617414248021, 893.40625]",66.92116119049005,42.349431600201655,4,25,0,0
train,11112,False,0,20,-1.0,-1.0,"[667.4617414248021, 893.40625]","[735.5039577836411, 948.4348958333334]",42.349431600201655,55.52942747141762,25,26,0,0
train,11112,False,27,25,31.015621187164243,0.8086752423588393,"[544.3377308707123, 1084.3880208333335]","[589.6992084432717, 1032.5963541666667]",33.81137087684674,59.186514347871814,21,22,0,0
train,11112,False,24,0,-1.0,-1.0,"[612.3799472295514, 964.6197916666667]","[667.4617414248021, 893.40625]",69.60982121628048,42.349431600201655,15,25,0,0
train,11112,False,21,20,42.965895873961216,1.1088203895034308,"[735.5039577836411, 1032.5963541666667]","[735.5039577836411, 948.4348958333334]",37.628457423172335,55.52942747141762,10,26,0,0
train,11112,False,24,20,85.49277426467485,1.7526151266278471,"[612.3799472295514, 964.6197916666667]","[735.5039577836411, 948.4348958333334]",69.60982121628048,55.52942747141762,15,26,0,0
train,11112,False,22,0,-1.0,-1.0,"[673.9419525065963, 980.8046875000001]","[557.2981530343008, 906.3541666666667]",66.92116119049005,53.017217088674286,4,24,0,0
train,11112,False,0,0,-1.0,-1.0,"[557.2981530343008, 906.3541666666667]","[667.4617414248021, 893.40625]",53.017217088674286,42.349431600201655,24,25,0,0
train,11112,False,25,0,-1.0,-1.0,"[589.6992084432717, 1032.5963541666667]","[557.2981530343008, 906.3541666666667]",59.186514347871814,53.017217088674286,22,24,0,0
train,11112,False,23,20,92.1933474020544,2.240634944131308,"[654.5013192612137, 1061.7291666666667]","[735.5039577836411, 948.4348958333334]",59.09784536273002,55.52942747141762,7,26,0,0
train,11112,False,23,27,67.0294054067798,1.814590349890587,"[654.5013192612137, 1061.7291666666667]","[544.3377308707123, 1084.3880208333335]",59.09784536273002,33.81137087684674,7,21,0,0
train,11112,False,24,26,82.93449827097318,1.2827649379347525,"[612.3799472295514, 964.6197916666667]","[686.9023746701846, 1113.5208333333335]",69.60982121628048,63.2138175159042,15,23,0,0
train,11112,False,24,0,-1.0,-1.0,"[612.3799472295514, 964.6197916666667]","[531.3773087071239, 870.7473958333334]",69.60982121628048,31.89593941189784,15,29,0,0
train,11112,False,21,24,83.43340571124678,1.7066364664724345,"[735.5039577836411, 1032.5963541666667]","[612.3799472295514, 964.6197916666667]",37.628457423172335,69.60982121628048,10,15,0,0
train,11112,False,24,27,91.20086767487604,2.013799088712136,"[612.3799472295514, 964.6197916666667]","[544.3377308707123, 1084.3880208333335]",69.60982121628048,33.81137087684674,15,21,0,0
train,11112,False,27,26,52.150729063673246,0.958064081519194,"[544.3377308707123, 1084.3880208333335]","[686.9023746701846, 1113.5208333333335]",33.81137087684674,63.2138175159042,21,23,0,0
train,11112,False,26,20,122.4908903522847,2.1350441578373425,"[686.9023746701846, 1113.5208333333335]","[735.5039577836411, 948.4348958333334]",63.2138175159042,55.52942747141762,23,26,0,0
train,11112,False,17,16,57.59180830116101,1.2799759937312758,"[550.8179419525065, 670.0546875]","[456.85488126649074, 731.5572916666667]",41.85118565017505,34.88016455677174,8,19,0,0
train,11115,True,22,24,10.0,0.159964172037746,"[780.8982035928143, 930.46875]","[710.6586826347306, 926.3333333333334]",79.72553028761062,65.22673203416132,3,11,2,2
train,11115,True,14,19,12.892443989449804,0.30170663890438604,"[871.7964071856287, 541.7395833333334]","[855.2694610778443, 591.3645833333334]",43.35331279774271,49.4303818486222,7,14,2,2
train,11115,True,24,25,13.7648230602334,0.32243105525590093,"[710.6586826347306, 926.3333333333334]","[694.131736526946, 971.8229166666667]",65.22673203416132,56.82727730683377,11,16,2,2
train,11115,True,11,16,11.0,0.3595462477533374,"[520.5988023952095, 719.5625]","[557.7844311377245, 740.2395833333334]",31.207815839322652,29.807641788340717,17,21,2,2
train,11115,True,26,23,21.360679774997898,0.47172096966961785,"[818.0838323353294, 1050.3958333333333]","[751.9760479041915, 1004.90625]",77.88254293493489,47.31094191147433,0,19,2,2
train,11115,True,12,17,17.788294228055936,0.4853961171829029,"[603.2335329341317, 628.5833333333334]","[636.2874251497005, 669.9375]",34.08634246314747,35.07455703067686,1,18,2,2
train,11115,True,22,23,28.068883707497267,0.5209118366696756,"[780.8982035928143, 930.46875]","[751.9760479041915, 1004.90625]",79.72553028761062,47.31094191147433,3,19,2,2
train,11115,True,13,18,22.345235059857504,0.5806405982258669,"[727.185628742515, 562.4166666666666]","[731.3173652694611, 612.0416666666666]",43.54992746991354,46.94840061556177,5,12,2,2
train,11115,False,25,23,30.32091952673165,1.0601460900312183,"[694.131736526946, 971.8229166666667]","[751.9760479041915, 1004.90625]",56.82727730683377,47.31094191147433,16,19,2,2
train,11115,False,22,25,48.24428900898052,0.8549196195950881,"[780.8982035928143, 930.46875]","[694.131736526946, 971.8229166666667]",79.72553028761062,56.82727730683377,3,16,2,2
train,11115,False,15,20,32.015148038438355,1.1601671398612439,"[925.508982035928, 889.1145833333334]","[875.9281437125749, 913.9270833333334]",35.317290425427764,38.333208582631336,15,23,2,2
train,11115,False,26,22,54.14526271584895,0.8146982166362234,"[818.0838323353294, 1050.3958333333333]","[780.8982035928143, 930.46875]",77.88254293493489,79.72553028761062,0,3,2,2
train,11115,False,24,23,36.16180835212409,0.9210397540502094,"[710.6586826347306, 926.3333333333334]","[751.9760479041915, 1004.90625]",65.22673203416132,47.31094191147433,11,19,2,2
train,11115,False,26,25,67.8839603971781,1.4058839131252951,"[818.0838323353294, 1050.3958333333333]","[694.131736526946, 971.8229166666667]",77.88254293493489,56.82727730683377,0,16,2,2
train,11115,False,22,20,49.21951811795888,0.9250547185671616,"[780.8982035928143, 930.46875]","[875.9281437125749, 913.9270833333334]",79.72553028761062,38.333208582631336,3,23,2,2
train,11115,False,26,24,85.83317338436964,1.5529217121085725,"[818.0838323353294, 1050.3958333333333]","[710.6586826347306, 926.3333333333334]",77.88254293493489,65.22673203416132,0,11,2,2
train,11142,True,22,24,7.0,0.12307246454889535,"[600.4166666666666, 921.078125]","[538.5555555555555, 910.15625]",64.18781104544348,52.240338354464065,15,18,0,0
train,11142,True,26,23,8.848857801796104,0.20640226683421473,"[614.9722222222222, 1033.9375]","[564.0277777777777, 997.53125]",41.17914790549001,32.55497487157515,8,13,0,0
train,11142,True,14,19,11.36931687685298,0.30533348453878145,"[698.6666666666666, 575.21875]","[695.0277777777777, 622.546875]",27.479561533680506,23.867481727819083,5,20,0,0
train,11142,True,13,18,12.0,0.322503747868066,"[585.8611111111111, 575.21875]","[582.2222222222222, 622.546875]",23.305815246533548,27.95750278200032,16,19,0,0
train,11142,True,12,17,15.0,0.488337760044759,"[491.25, 611.625]","[502.16666666666663, 655.3125]",25.73696744093126,30.884360929117506,0,7,0,0
train,11142,True,24,25,19.518284528683193,0.5453396559157532,"[538.5555555555555, 910.15625]","[516.7222222222222, 961.125]",52.240338354464065,30.452390551117293,18,21,0,0
train,11142,True,11,16,13.7648230602334,0.5561828415842287,"[422.1111111111111, 662.59375]","[433.02777777777777, 699.0]",25.478297886523826,27.237446139868222,12,17,0,0
train,11142,True,23,22,27.844410203711913,0.5564987911672689,"[564.0277777777777, 997.53125]","[600.4166666666666, 921.078125]",32.55497487157515,64.18781104544348,13,15,0,0
train,11142,False,23,25,32.28663395418648,1.377332900309187,"[564.0277777777777, 997.53125]","[516.7222222222222, 961.125]",32.55497487157515,30.452390551117293,13,21,0,0
train,11142,False,23,24,38.6232255123179,0.9821404039239795,"[564.0277777777777, 997.53125]","[538.5555555555555, 910.15625]",32.55497487157515,52.240338354464065,13,18,0,0
train,11142,False,1,6,43.0,2.6980599620940815,"[367.52777777777777, 491.484375]","[371.16666666666663, 546.09375]",27.479561533680506,22.436968037643194,14,22,0,0
train,11142,False,26,22,51.0,0.8588122529113941,"[614.9722222222222, 1033.9375]","[600.4166666666666, 921.078125]",41.17914790549001,64.18781104544348,8,15,0,0
train,11142,False,22,25,48.9799959983992,1.0353536150193765,"[600.4166666666666, 921.078125]","[516.7222222222222, 961.125]",64.18781104544348,30.452390551117293,15,21,0,0
train,11142,False,24,0,-1.0,-1.0,"[538.5555555555555, 910.15625]","[494.88888888888886, 866.46875]",52.240338354464065,20.589573952745006,18,24,0,0
train,11142,False,25,0,-1.0,-1.0,"[516.7222222222222, 961.125]","[483.9722222222222, 1019.375]",30.452390551117293,19.935769256121855,21,26,0,0
train,11142,False,22,0,-1.0,-1.0,"[600.4166666666666, 921.078125]","[494.88888888888886, 866.46875]",64.18781104544348,20.589573952745006,15,24,0,0
train,11152,True,26,21,0.0,0.0,"[573.5844875346261, 1199.8932291666665]","[593.6398891966759, 1159.7630208333333]",65.557444783045,36.10845418996664,16,17,4,4
train,11152,True,23,22,0.0,0.0,"[577.595567867036, 1115.6197916666665]","[617.7063711911358, 1055.4244791666665]",51.222431384267324,38.48223619163006,19,21,4,4
train,11152,True,25,24,0.0,0.0,"[473.3074792243768, 1071.4765625]","[529.4626038781164, 1019.3072916666666]",39.717273269161005,41.30658770029655,1,15,4,4
train,11152,True,20,22,0.0,0.0,"[693.9168975069252, 1111.6067708333333]","[617.7063711911358, 1055.4244791666665]",52.92258039093953,38.48223619163006,3,21,4,4
train,11152,True,26,27,0.0,0.0,"[573.5844875346261, 1199.8932291666665]","[453.2520775623269, 1183.8411458333333]",65.557444783045,40.717865128563474,16,25,4,4
train,11152,True,26,27,0.0,0.0,"[573.5844875346261, 1199.8932291666665]","[421.1634349030471, 1195.8802083333333]",65.557444783045,31.33511584829747,16,23,4,4
train,11152,True,21,23,3.2426406871192848,0.046003002789228094,"[593.6398891966759, 1159.7630208333333]","[577.595567867036, 1115.6197916666665]",36.10845418996664,51.222431384267324,17,19,4,4
train,11152,True,21,22,10.180339887498949,0.13875546205816794,"[593.6398891966759, 1159.7630208333333]","[617.7063711911358, 1055.4244791666665]",36.10845418996664,38.48223619163006,17,21,4,4
train,11152,True,25,27,10.045361017187261,0.14639433188086248,"[473.3074792243768, 1071.4765625]","[453.2520775623269, 1183.8411458333333]",39.717273269161005,40.717865128563474,1,25,4,4
train,11152,True,25,27,10.045361017187261,0.14639433188086248,"[473.3074792243768, 1071.4765625]","[421.1634349030471, 1195.8802083333333]",39.717273269161005,31.33511584829747,1,23,4,4
train,11152,True,20,21,13.866068747318506,0.1780556868065416,"[693.9168975069252, 1111.6067708333333]","[593.6398891966759, 1159.7630208333333]",52.92258039093953,36.10845418996664,3,17,4,4
train,11152,True,24,23,15.124515496597098,0.21309533462529895,"[529.4626038781164, 1019.3072916666666]","[577.595567867036, 1115.6197916666665]",41.30658770029655,51.222431384267324,15,19,4,4
train,11152,True,24,22,24.632011235952593,0.3335968571238685,"[529.4626038781164, 1019.3072916666666]","[617.7063711911358, 1055.4244791666665]",41.30658770029655,38.48223619163006,15,21,4,4
train,11152,True,26,23,46.853944456021594,0.5540676185239412,"[573.5844875346261, 1199.8932291666665]","[577.595567867036, 1115.6197916666665]",65.557444783045,51.222431384267324,16,19,4,4
train,11152,True,25,26,49.35871324805669,0.5544348160417747,"[473.3074792243768, 1071.4765625]","[573.5844875346261, 1199.8932291666665]",39.717273269161005,65.557444783045,1,16,4,4
train,11152,True,17,16,36.33630940518894,0.6398467309665379,"[677.8725761772854, 698.265625]","[561.5512465373962, 694.2526041666666]",47.13092141537871,39.30990585159091,9,14,4,4
train,11152,True,18,17,46.53945729601885,0.6926925826417926,"[782.1606648199446, 742.4088541666666]","[677.8725761772854, 698.265625]",39.10463078872893,47.13092141537871,7,9,4,4
train,11152,True,17,18,46.53945729601885,0.6926925826417926,"[677.8725761772854, 698.265625]","[750.0720221606648, 778.5260416666666]",47.13092141537871,30.817144373707855,9,18,4,4
train,11152,True,25,23,44.89117562233506,0.7026694604414664,"[473.3074792243768, 1071.4765625]","[577.595567867036, 1115.6197916666665]",39.717273269161005,51.222431384267324,1,19,4,4
train,11152,True,24,21,59.959002616512684,0.7325704748602396,"[529.4626038781164, 1019.3072916666666]","[593.6398891966759, 1159.7630208333333]",41.30658770029655,36.10845418996664,15,17,4,4
train,11152,True,24,26,70.19691004531025,0.744860313600435,"[529.4626038781164, 1019.3072916666666]","[573.5844875346261, 1199.8932291666665]",41.30658770029655,65.557444783045,15,16,4,4
train,11152,True,20,26,69.09279563550022,0.7608249886536905,"[693.9168975069252, 1111.6067708333333]","[573.5844875346261, 1199.8932291666665]",52.92258039093953,65.557444783045,3,16,4,4
train,11152,False,20,0,-1.0,-1.0,"[693.9168975069252, 1111.6067708333333]","[649.7950138504156, 1127.6588541666665]",52.92258039093953,33.5672224896466,3,24,4,4
train,11152,False,0,23,-1.0,-1.0,"[509.4072022160665, 1151.7369791666665]","[577.595567867036, 1115.6197916666665]",44.85608785066807,51.222431384267324,4,19,4,4
train,11152,False,21,0,-1.0,-1.0,"[593.6398891966759, 1159.7630208333333]","[649.7950138504156, 1127.6588541666665]",36.10845418996664,33.5672224896466,17,24,4,4
train,11152,False,0,21,-1.0,-1.0,"[509.4072022160665, 1151.7369791666665]","[593.6398891966759, 1159.7630208333333]",44.85608785066807,36.10845418996664,4,17,4,4
train,11152,False,26,0,-1.0,-1.0,"[573.5844875346261, 1199.8932291666665]","[649.7950138504156, 1127.6588541666665]",65.557444783045,33.5672224896466,16,24,4,4
train,11152,False,26,22,96.0,1.1037034884980512,"[573.5844875346261, 1199.8932291666665]","[617.7063711911358, 1055.4244791666665]",65.557444783045,38.48223619163006,16,21,4,4
train,11152,False,27,27,-1.0,-1.0,"[421.1634349030471, 1195.8802083333333]","[453.2520775623269, 1183.8411458333333]",31.33511584829747,40.717865128563474,23,25,4,4
train,11152,False,0,24,-1.0,-1.0,"[509.4072022160665, 1151.7369791666665]","[529.4626038781164, 1019.3072916666666]",44.85608785066807,41.30658770029655,4,15,4,4
train,11152,False,0,0,-1.0,-1.0,"[850.3490304709142, 553.796875]","[806.2271468144045, 609.9791666666666]",26.30877428425347,28.651771251440554,5,22,4,4
train,11152,False,20,0,-1.0,-1.0,"[693.9168975069252, 1111.6067708333333]","[509.4072022160665, 1151.7369791666665]",52.92258039093953,44.85608785066807,3,4,4,4
train,11152,False,0,27,-1.0,-1.0,"[509.4072022160665, 1151.7369791666665]","[421.1634349030471, 1195.8802083333333]",44.85608785066807,31.33511584829747,4,23,4,4
train,11152,False,0,19,-1.0,-1.0,"[954.6371191135735, 927.0078125]","[898.4819944598338, 870.8255208333333]",37.42191547232355,31.84466333787332,6,8,4,4
train,11152,False,20,23,57.249463516842795,0.8627740586642341,"[693.9168975069252, 1111.6067708333333]","[577.595567867036, 1115.6197916666665]",52.92258039093953,51.222431384267324,3,19,4,4
train,11152,False,18,18,-1.0,-1.0,"[782.1606648199446, 742.4088541666666]","[750.0720221606648, 778.5260416666666]",39.10463078872893,30.817144373707855,7,18,4,4
train,11152,False,23,27,72.92563831310488,1.1626876551639802,"[577.595567867036, 1115.6197916666665]","[453.2520775623269, 1183.8411458333333]",51.222431384267324,40.717865128563474,19,25,4,4
train,11152,False,22,0,-1.0,-1.0,"[617.7063711911358, 1055.4244791666665]","[649.7950138504156, 1127.6588541666665]",38.48223619163006,33.5672224896466,21,24,4,4
train,11152,False,25,0,-1.0,-1.0,"[473.3074792243768, 1071.4765625]","[509.4072022160665, 1151.7369791666665]",39.717273269161005,44.85608785066807,1,4,4,4
train,11152,False,0,19,-1.0,-1.0,"[954.6371191135735, 927.0078125]","[918.5373961218837, 826.6822916666666]",37.42191547232355,28.084353258862944,6,11,4,4
train,11152,False,27,0,-1.0,-1.0,"[453.2520775623269, 1183.8411458333333]","[389.0747922437673, 1215.9453125]",40.717865128563474,35.43347029539324,25,26,4,4
train,11152,False,25,21,73.24957912338628,0.9665753725673827,"[473.3074792243768, 1071.4765625]","[593.6398891966759, 1159.7630208333333]",39.717273269161005,36.10845418996664,1,17,4,4
train,11152,False,26,0,-1.0,-1.0,"[573.5844875346261, 1199.8932291666665]","[389.0747922437673, 1215.9453125]",65.557444783045,35.43347029539324,16,26,4,4
train,11152,False,0,0,-1.0,-1.0,"[950.6260387811635, 609.9791666666666]","[922.5484764542937, 642.0833333333333]",23.735610648026697,23.04747524043466,0,20,4,4
train,11201,True,22,24,0.0,0.0,"[500.711743772242, 993.2708333333333]","[439.9110320284698, 982.5520833333333]",70.14095572437566,66.97224736605295,6,22,3,3
train,11201,True,23,25,0.0,0.0,"[468.5231316725979, 1068.3020833333333]","[418.4519572953737, 1039.71875]",66.68542700153628,57.64053304595703,5,16,3,3
train,11201,True,22,20,2.0,0.029243079005045795,"[500.711743772242, 993.2708333333333]","[557.9359430604983, 971.8333333333333]",70.14095572437566,50.68031938663837,6,27,3,3
train,11201,True,22,20,2.0,0.029243079005045795,"[500.711743772242, 993.2708333333333]","[597.2775800711744, 982.5520833333333]",70.14095572437566,49.79000608963303,6,26,3,3
train,11201,True,15,20,2.605551275463989,0.053492945672308376,"[640.1957295373666, 950.3958333333333]","[597.2775800711744, 982.5520833333333]",46.60856963419062,49.79000608963303,15,26,3,3
train,11201,True,15,20,2.605551275463989,0.053492945672308376,"[640.1957295373666, 950.3958333333333]","[557.9359430604983, 971.8333333333333]",46.60856963419062,50.68031938663837,15,27,3,3
train,11201,True,25,24,5.4031242374328485,0.09935336412873569,"[418.4519572953737, 1039.71875]","[439.9110320284698, 982.5520833333333]",57.64053304595703,66.97224736605295,16,22,3,3
train,11201,True,26,23,6.0710678118654755,0.10549209562432471,"[522.1708185053382, 1104.03125]","[468.5231316725979, 1068.3020833333333]",73.86781484709493,66.68542700153628,2,5,3,3
train,11201,True,22,21,7.062257748298549,0.1105030114303237,"[500.711743772242, 993.2708333333333]","[554.3594306049822, 1039.71875]",70.14095572437566,60.13599930093212,6,8,3,3
train,11201,True,26,21,7.0,0.11763459907109053,"[522.1708185053382, 1104.03125]","[554.3594306049822, 1039.71875]",73.86781484709493,60.13599930093212,2,8,3,3
train,11201,True,23,22,11.727922061357855,0.18887771384280033,"[468.5231316725979, 1068.3020833333333]","[500.711743772242, 993.2708333333333]",66.68542700153628,70.14095572437566,5,6,3,3
train,11201,True,19,14,10.180339887498949,0.23935527025325998,"[629.4661921708185, 657.4166666666666]","[650.9252669039147, 621.6875]",51.802528912972576,44.79103940359157,3,11,3,3
train,11201,True,16,11,7.54400374531753,0.2521682344115091,"[332.61565836298934, 743.1666666666666]","[314.7330960854093, 711.0104166666666]",45.358037156577986,38.66644504502488,4,19,3,3
train,11201,True,23,24,15.031219541881399,0.2904346262689515,"[468.5231316725979, 1068.3020833333333]","[439.9110320284698, 982.5520833333333]",66.68542700153628,66.97224736605295,5,22,3,3
train,11201,True,18,13,12.341664064126334,0.2978871826591886,"[515.0177935943061, 653.84375]","[525.7473309608541, 610.96875]",52.04862307209546,43.63494658146449,1,10,3,3
train,11201,True,21,20,20.93171219946131,0.39333095835058624,"[554.3594306049822, 1039.71875]","[557.9359430604983, 971.8333333333333]",60.13599930093212,50.68031938663837,8,27,3,3
train,11201,True,21,20,20.93171219946131,0.39333095835058624,"[554.3594306049822, 1039.71875]","[597.2775800711744, 982.5520833333333]",60.13599930093212,49.79000608963303,8,26,3,3
train,11201,True,17,12,14.811388300841896,0.406287328225032,"[422.0284697508897, 689.5729166666666]","[414.87544483985766, 646.6979166666666]",46.60856963419062,42.14525778256338,0,9,3,3
train,11201,True,26,22,36.33630940518894,0.49509379440041995,"[522.1708185053382, 1104.03125]","[500.711743772242, 993.2708333333333]",73.86781484709493,70.14095572437566,2,6,3,3
train,11201,True,22,25,34.4400902933387,0.535615064442767,"[500.711743772242, 993.2708333333333]","[418.4519572953737, 1039.71875]",70.14095572437566,57.64053304595703,6,16,3,3
train,11201,True,26,27,29.14962686336267,0.5454486840229859,"[522.1708185053382, 1104.03125]","[386.2633451957296, 1114.75]",73.86781484709493,42.14525778256338,2,12,3,3
train,11201,True,23,21,29.364452901377952,0.6549737354489736,"[468.5231316725979, 1068.3020833333333]","[554.3594306049822, 1039.71875]",66.68542700153628,60.13599930093212,5,8,3,3
train,11201,True,26,25,41.5440947723653,0.6932687077183274,"[522.1708185053382, 1104.03125]","[418.4519572953737, 1039.71875]",73.86781484709493,57.64053304595703,2,16,3,3
train,11201,True,17,18,36.57658845611187,0.787093981621909,"[422.0284697508897, 689.5729166666666]","[515.0177935943061, 653.84375]",46.60856963419062,52.04862307209546,0,1,3,3
train,11201,False,20,20,-1.0,-1.0,"[597.2775800711744, 982.5520833333333]","[557.9359430604983, 971.8333333333333]",49.79000608963303,50.68031938663837,26,27,3,3
train,11201,False,27,25,44.70557952810576,1.116245052864628,"[386.2633451957296, 1114.75]","[418.4519572953737, 1039.71875]",42.14525778256338,57.64053304595703,12,16,3,3
train,11201,False,23,27,40.88078318274385,1.1230814865291554,"[468.5231316725979, 1068.3020833333333]","[386.2633451957296, 1114.75]",66.68542700153628,42.14525778256338,5,12,3,3
train,11201,False,24,20,67.11754546370561,1.134412555737145,"[439.9110320284698, 982.5520833333333]","[557.9359430604983, 971.8333333333333]",66.97224736605295,50.68031938663837,22,27,3,3
train,11201,False,21,24,62.56099432828282,1.1602291722717315,"[554.3594306049822, 1039.71875]","[439.9110320284698, 982.5520833333333]",60.13599930093212,66.97224736605295,8,22,3,3
train,11201,False,26,24,66.05221845696084,1.0180571342331584,"[522.1708185053382, 1104.03125]","[439.9110320284698, 982.5520833333333]",73.86781484709493,66.97224736605295,2,22,3,3
train,11201,False,18,12,33.539832078341085,0.847955575638933,"[515.0177935943061, 653.84375]","[414.87544483985766, 646.6979166666666]",52.04862307209546,42.14525778256338,1,9,3,3
train,11201,False,26,20,78.60527620704548,1.2225495269361413,"[522.1708185053382, 1104.03125]","[557.9359430604983, 971.8333333333333]",73.86781484709493,50.68031938663837,2,27,3,3
train,11201,False,18,19,54.0,1.0961219424552031,"[515.0177935943061, 653.84375]","[629.4661921708185, 657.4166666666666]",52.04862307209546,51.802528912972576,1,3,3,3
train,11201,False,23,20,89.60353193998566,1.7562569048506502,"[468.5231316725979, 1068.3020833333333]","[557.9359430604983, 971.8333333333333]",66.68542700153628,50.68031938663837,5,27,3,3
train,11201,False,17,16,62.8200595424354,1.5794108026449165,"[422.0284697508897, 689.5729166666666]","[332.61565836298934, 743.1666666666666]",46.60856963419062,45.358037156577986,0,4,3,3
train,11201,False,26,20,78.60527620704548,1.2225495269361413,"[522.1708185053382, 1104.03125]","[597.2775800711744, 982.5520833333333]",73.86781484709493,49.79000608963303,2,26,3,3
train,11201,False,21,15,70.02112361825881,1.6598929461655805,"[554.3594306049822, 1039.71875]","[640.1957295373666, 950.3958333333333]",60.13599930093212,46.60856963419062,8,15,3,3
train,11201,False,21,25,80.21576201698781,1.6766283955437373,"[554.3594306049822, 1039.71875]","[418.4519572953737, 1039.71875]",60.13599930093212,57.64053304595703,8,16,3,3
train,11201,False,19,13,54.00909015790027,1.291617863598662,"[629.4661921708185, 657.4166666666666]","[525.7473309608541, 610.96875]",51.802528912972576,43.63494658146449,3,10,3,3
train,11201,False,22,15,81.96987405076617,1.3614455048193008,"[500.711743772242, 993.2708333333333]","[640.1957295373666, 950.3958333333333]",70.14095572437566,46.60856963419062,6,15,3,3
train,11201,False,17,11,58.20304046246274,1.6548583380146422,"[422.0284697508897, 689.5729166666666]","[314.7330960854093, 711.0104166666666]",46.60856963419062,38.66644504502488,0,19,3,3
train,11201,False,27,24,91.11405973031478,1.9327002949083891,"[386.2633451957296, 1114.75]","[439.9110320284698, 982.5520833333333]",42.14525778256338,66.97224736605295,12,22,3,3
train,11201,False,23,20,89.60353193998566,1.7562569048506502,"[468.5231316725979, 1068.3020833333333]","[597.2775800711744, 982.5520833333333]",66.68542700153628,49.79000608963303,5,26,3,3
train,11201,False,24,20,67.11754546370561,1.134412555737145,"[439.9110320284698, 982.5520833333333]","[597.2775800711744, 982.5520833333333]",66.97224736605295,49.79000608963303,22,26,3,3
train,11201,False,22,27,97.29038610159185,1.6686390549984447,"[500.711743772242, 993.2708333333333]","[386.2633451957296, 1114.75]",70.14095572437566,42.14525778256338,6,12,3,3
train,11201,False,12,13,52.600373133029585,1.7671440956466211,"[414.87544483985766, 646.6979166666666]","[525.7473309608541, 610.96875]",42.14525778256338,43.63494658146449,9,10,3,3
train,11201,False,25,20,108.12378292562992,2.0140685304028696,"[418.4519572953737, 1039.71875]","[557.9359430604983, 971.8333333333333]",57.64053304595703,50.68031938663837,16,27,3,3
train,11201,False,13,14,56.0350769263968,1.6906742644578112,"[525.7473309608541, 610.96875]","[650.9252669039147, 621.6875]",43.63494658146449,44.79103940359157,10,11,3,3
train,11237,True,24,22,9.0,0.14189513095212064,"[644.8215297450424, 906.515625]","[710.3966005665721, 917.4375]",69.38640994143526,78.95325404543253,0,6,2,2
train,11237,True,26,23,8.848857801796104,0.17623850225553442,"[721.3257790368272, 1044.859375]","[670.3229461756373, 997.53125]",75.25494499201172,30.686706492917036,8,22,2,2
train,11237,True,24,25,15.401219466856727,0.3275372801111887,"[644.8215297450424, 906.515625]","[619.3201133144476, 961.125]",69.38640994143526,64.53360539449555,0,5,2,2
train,11237,True,14,19,15.401219466856727,0.4681027117962754,"[834.2606232294617, 560.65625]","[816.0453257790367, 600.703125]",46.780308039333796,46.49592663172524,4,19,2,2
train,11237,True,11,16,13.866068747318506,0.5313489089134087,"[484.5269121813031, 666.234375]","[513.671388101983, 699.0]",28.67589291160121,27.495304453618388,1,20,2,2
train,11237,True,22,23,32.12099032335839,0.6194318403920764,"[710.3966005665721, 917.4375]","[670.3229461756373, 997.53125]",78.95325404543253,30.686706492917036,6,22,2,2
train,11237,True,22,26,49.0,0.709623446795278,"[710.3966005665721, 917.4375]","[721.3257790368272, 1044.859375]",78.95325404543253,75.25494499201172,6,8,2,2
train,11237,True,13,18,23.331050121192877,0.710434775665791,"[703.1104815864022, 549.734375]","[695.8243626062323, 597.0625]",41.68278736778379,44.751704234248876,2,16,2,2
train,11237,False,25,22,45.57252408878007,0.8153565616381675,"[619.3201133144476, 961.125]","[710.3966005665721, 917.4375]",64.53360539449555,78.95325404543253,5,6,2,2
train,11237,False,25,23,29.805843601498726,1.006471824447129,"[619.3201133144476, 961.125]","[670.3229461756373, 997.53125]",64.53360539449555,30.686706492917036,5,22,2,2
train,11237,False,12,17,25.076809620810597,0.8002331513348433,"[593.8186968838527, 589.78125]","[604.7478753541076, 640.75]",33.576124609128215,36.41842041617216,9,14,2,2
train,11237,False,25,26,59.90155991434045,1.1017572506229198,"[619.3201133144476, 961.125]","[721.3257790368272, 1044.859375]",64.53360539449555,75.25494499201172,5,8,2,2
train,11237,False,24,26,78.42921376924235,1.2631812486914886,"[644.8215297450424, 906.515625]","[721.3257790368272, 1044.859375]",69.38640994143526,75.25494499201172,0,8,2,2
train,11237,False,24,23,47.041648597857254,1.1162489225008887,"[644.8215297450424, 906.515625]","[670.3229461756373, 997.53125]",69.38640994143526,30.686706492917036,0,22,2,2
train,11237,False,17,18,56.697486947006624,1.5494355680750722,"[604.7478753541076, 640.75]","[695.8243626062323, 597.0625]",36.41842041617216,44.751704234248876,14,16,2,2
train,11237,False,12,18,55.32051136131489,1.6794663891633477,"[593.8186968838527, 589.78125]","[695.8243626062323, 597.0625]",33.576124609128215,44.751704234248876,9,16,2,2
train,11283,True,22,23,0.0,0.0,"[635.4200626959248, 1027.1354166666667]","[603.846394984326, 1117.9973958333333]",84.13421135606367,76.26040680263067,13,23,3,3
train,11283,True,21,22,0.41421356237309515,0.0051635696448187425,"[694.6206896551724, 1086.3932291666667]","[635.4200626959248, 1027.1354166666667]",74.50230350488474,84.13421135606367,3,13,3,3
train,11283,True,24,22,1.0,0.011643266194023125,"[564.3793103448277, 1007.3828125]","[635.4200626959248, 1027.1354166666667]",79.26787663360564,84.13421135606367,8,13,3,3
train,11283,True,26,23,1.2360679774997898,0.01733733338947273,"[678.833855799373, 1153.5520833333333]","[603.846394984326, 1117.9973958333333]",82.1653387158985,76.26040680263067,2,23,3,3
train,11283,True,15,20,4.0,0.0707936881391594,"[789.3416927899686, 999.4817708333333]","[741.9811912225706, 1019.234375]",53.85191775458322,55.70205784327402,11,26,3,3
train,11283,True,15,20,4.0,0.0707936881391594,"[789.3416927899686, 999.4817708333333]","[706.460815047022, 999.4817708333333]",53.85191775458322,58.43415378161971,11,27,3,3
train,11283,True,22,20,6.0,0.07216617351891165,"[635.4200626959248, 1027.1354166666667]","[706.460815047022, 999.4817708333333]",84.13421135606367,58.43415378161971,13,27,3,3
train,11283,True,22,20,6.0,0.07216617351891165,"[635.4200626959248, 1027.1354166666667]","[741.9811912225706, 1019.234375]",84.13421135606367,55.70205784327402,13,26,3,3
train,11283,True,24,25,6.0710678118654755,0.08932388383792988,"[564.3793103448277, 1007.3828125]","[532.8056426332289, 1070.5911458333333]",79.26787663360564,70.74523897186666,8,10,3,3
train,11283,True,26,21,8.219544457292887,0.11562496486200508,"[678.833855799373, 1153.5520833333333]","[694.6206896551724, 1086.3932291666667]",82.1653387158985,74.50230350488474,2,3,3,3
train,11283,True,25,23,8.219544457292887,0.1349917318068563,"[532.8056426332289, 1070.5911458333333]","[603.846394984326, 1117.9973958333333]",70.74523897186666,76.26040680263067,10,23,3,3
train,11283,True,21,20,11.806248474865697,0.18443886374650587,"[694.6206896551724, 1086.3932291666667]","[741.9811912225706, 1019.234375]",74.50230350488474,55.70205784327402,3,26,3,3
train,11283,True,21,20,11.806248474865697,0.18443886374650587,"[694.6206896551724, 1086.3932291666667]","[706.460815047022, 999.4817708333333]",74.50230350488474,58.43415378161971,3,27,3,3
train,11283,True,16,11,8.899494936611665,0.22346719043236096,"[449.9247648902822, 715.0442708333333]","[418.3510971786834, 683.4401041666666]",50.72086761519297,48.3604497651648,9,25,3,3
train,11283,True,25,22,18.924858845171276,0.2348604818024276,"[532.8056426332289, 1070.5911458333333]","[635.4200626959248, 1027.1354166666667]",70.74523897186666,84.13421135606367,10,13,3,3
train,11283,True,17,12,11.083045973594572,0.2620684031827895,"[548.5924764890283, 671.5885416666666]","[532.8056426332289, 624.1822916666666]",51.179889347943224,44.49862199282929,6,18,3,3
train,11283,True,26,27,17.35755975068582,0.26215213329219855,"[678.833855799373, 1153.5520833333333]","[528.858934169279, 1181.2057291666667]",82.1653387158985,59.36068738014638,2,15,3,3
train,11283,True,19,14,12.892443989449804,0.2750241375453847,"[789.3416927899686, 647.8854166666666]","[805.128526645768, 604.4296875]",55.70205784327402,47.71128677209745,0,19,3,3
train,11283,True,21,23,18.0,0.2979585287142136,"[694.6206896551724, 1086.3932291666667]","[603.846394984326, 1117.9973958333333]",74.50230350488474,76.26040680263067,3,23,3,3
train,11283,True,18,13,13.317821063276353,0.3050104862689806,"[663.0470219435737, 639.984375]","[663.0470219435737, 588.6276041666666]",55.5619266581489,43.43475607392252,1,16,3,3
train,11283,True,24,23,31.984845004941285,0.47205282839153245,"[564.3793103448277, 1007.3828125]","[603.846394984326, 1117.9973958333333]",79.26787663360564,76.26040680263067,8,23,3,3
train,11283,True,26,22,50.24451190127583,0.5664253178879077,"[678.833855799373, 1153.5520833333333]","[635.4200626959248, 1027.1354166666667]",82.1653387158985,84.13421135606367,2,13,3,3
train,11283,True,27,23,32.24154027718932,0.5906193198855084,"[528.858934169279, 1181.2057291666667]","[603.846394984326, 1117.9973958333333]",59.36068738014638,76.26040680263067,15,23,3,3
train,11283,True,26,20,56.706152185014034,0.7624798126951743,"[678.833855799373, 1153.5520833333333]","[741.9811912225706, 1019.234375]",82.1653387158985,55.70205784327402,2,26,3,3
train,11283,True,26,20,56.706152185014034,0.7624798126951743,"[678.833855799373, 1153.5520833333333]","[706.460815047022, 999.4817708333333]",82.1653387158985,58.43415378161971,2,27,3,3
train,11283,False,20,20,-1.0,-1.0,"[741.9811912225706, 1019.234375]","[706.460815047022, 999.4817708333333]",55.70205784327402,58.43415378161971,26,27,3,3
train,11283,False,25,27,54.00909015790027,0.9846726001711117,"[532.8056426332289, 1070.5911458333333]","[528.858934169279, 1181.2057291666667]",70.74523897186666,59.36068738014638,10,15,3,3
train,11283,False,21,24,79.05623023850174,1.1705292261164644,"[694.6206896551724, 1086.3932291666667]","[564.3793103448277, 1007.3828125]",74.50230350488474,79.26787663360564,3,8,3,3
train,11283,False,21,15,70.84705978674423,1.3596806417945746,"[694.6206896551724, 1086.3932291666667]","[789.3416927899686, 999.4817708333333]",74.50230350488474,53.85191775458322,3,11,3,3
train,11283,False,24,20,85.20904824900923,1.200365584278481,"[564.3793103448277, 1007.3828125]","[706.460815047022, 999.4817708333333]",79.26787663360564,58.43415378161971,8,27,3,3
train,11283,False,17,16,54.46169849544819,1.1387034335208515,"[548.5924764890283, 671.5885416666666]","[449.9247648902822, 715.0442708333333]",51.179889347943224,50.72086761519297,6,9,3,3
train,11283,False,26,25,65.03029607687671,0.9095813536144247,"[678.833855799373, 1153.5520833333333]","[532.8056426332289, 1070.5911458333333]",82.1653387158985,70.74523897186666,2,10,3,3
train,11283,False,15,22,86.29833904490967,1.160485908854226,"[789.3416927899686, 999.4817708333333]","[635.4200626959248, 1027.1354166666667]",53.85191775458322,84.13421135606367,11,13,3,3
train,11283,False,18,17,55.293871780150276,1.1064307893707348,"[663.0470219435737, 639.984375]","[548.5924764890283, 671.5885416666666]",55.5619266581489,51.179889347943224,1,6,3,3
train,11283,False,21,25,84.09406559801923,1.386626471476214,"[694.6206896551724, 1086.3932291666667]","[532.8056426332289, 1070.5911458333333]",74.50230350488474,70.74523897186666,3,10,3,3
train,11283,False,19,18,69.0,1.3555495096736156,"[789.3416927899686, 647.8854166666666]","[663.0470219435737, 639.984375]",55.70205784327402,55.5619266581489,0,1,3,3
train,11283,False,23,20,90.02197536858887,1.4013005874491977,"[603.846394984326, 1117.9973958333333]","[706.460815047022, 999.4817708333333]",76.26040680263067,58.43415378161971,23,27,3,3
train,11283,False,26,24,94.1892851112981,1.2164854166561203,"[678.833855799373, 1153.5520833333333]","[564.3793103448277, 1007.3828125]",82.1653387158985,79.26787663360564,2,8,3,3
train,11283,False,24,27,105.09901036296239,1.684659792804105,"[564.3793103448277, 1007.3828125]","[528.858934169279, 1181.2057291666667]",79.26787663360564,59.36068738014638,8,15,3,3
train,11283,False,23,20,90.02197536858887,1.4013005874491977,"[603.846394984326, 1117.9973958333333]","[741.9811912225706, 1019.234375]",76.26040680263067,55.70205784327402,23,26,3,3
train,11283,False,16,12,61.80127387243033,1.5284053476018942,"[449.9247648902822, 715.0442708333333]","[532.8056426332289, 624.1822916666666]",50.72086761519297,44.49862199282929,9,18,3,3
train,11283,False,22,27,97.41239759298622,1.2829086827204295,"[635.4200626959248, 1027.1354166666667]","[528.858934169279, 1181.2057291666667]",84.13421135606367,59.36068738014638,13,15,3,3
train,11283,False,18,12,65.49060083951716,1.524687323815712,"[663.0470219435737, 639.984375]","[532.8056426332289, 624.1822916666666]",55.5619266581489,44.49862199282929,1,18,3,3
train,11283,False,17,11,71.06247289678588,1.7038372151270407,"[548.5924764890283, 671.5885416666666]","[418.3510971786834, 683.4401041666666]",51.179889347943224,48.3604497651648,6,25,3,3
train,11283,False,24,20,85.20904824900923,1.200365584278481,"[564.3793103448277, 1007.3828125]","[741.9811912225706, 1019.234375]",79.26787663360564,55.70205784327402,8,26,3,3
train,11283,False,12,11,55.302753041036986,1.6773820047886803,"[532.8056426332289, 624.1822916666666]","[418.3510971786834, 683.4401041666666]",44.49862199282929,48.3604497651648,18,25,3,3
train,11283,False,26,15,100.21264743103995,1.5558831888420872,"[678.833855799373, 1153.5520833333333]","[789.3416927899686, 999.4817708333333]",82.1653387158985,53.85191775458322,2,11,3,3
train,11283,False,19,13,69.3846574190711,1.573878402616191,"[789.3416927899686, 647.8854166666666]","[663.0470219435737, 588.6276041666666]",55.70205784327402,43.43475607392252,0,16,3,3
train,11283,False,21,27,115.76472069936193,2.1312206662099586,"[694.6206896551724, 1086.3932291666667]","[528.858934169279, 1181.2057291666667]",74.50230350488474,59.36068738014638,3,15,3,3
train,11283,False,18,14,75.53757247260981,1.625121696980035,"[663.0470219435737, 639.984375]","[805.128526645768, 604.4296875]",55.5619266581489,47.71128677209745,1,19,3,3
train,11285,True,22,24,4.0,0.057353933467640436,"[543.7873754152824, 863.0989583333333]","[477.87375415282395, 859.8046874999999]",76.85138323546866,72.86293622331628,12,16,1,1
train,11285,True,26,23,6.0,0.11637876979368163,"[573.4485049833887, 984.9869791666666]","[510.8305647840532, 952.0442708333333]",69.97461373240222,66.31011032185823,13,21,1,1
train,11285,True,25,24,10.313708498984761,0.18918663387447113,"[451.5083056478406, 915.8072916666666]","[477.87375415282395, 859.8046874999999]",58.94232028609621,72.86293622331628,11,16,1,1
train,11285,True,22,20,14.231546211727817,0.22246297630866813,"[543.7873754152824, 863.0989583333333]","[606.405315614618, 833.4505208333333]",76.85138323546866,47.52081784292739,12,25,1,1
train,11285,True,22,20,14.231546211727817,0.22246297630866813,"[543.7873754152824, 863.0989583333333]","[629.4750830564784, 846.6276041666666]",76.85138323546866,41.285929350660496,12,26,1,1
train,11285,True,18,13,10.0,0.27363903728373795,"[484.4651162790698, 527.0833333333333]","[484.4651162790698, 484.25781249999994]",51.78461067293125,42.45279444709928,8,15,1,1
train,11285,True,14,19,10.704699910719626,0.27972405094374986,"[609.7009966777409, 480.96354166666663]","[603.1096345514951, 520.4947916666666]",45.77526775921102,51.574530250334185,4,5,1,1
train,11285,True,25,23,13.035668847618199,0.30636140652556115,"[451.5083056478406, 915.8072916666666]","[510.8305647840532, 952.0442708333333]",58.94232028609621,66.31011032185823,11,21,1,1
train,11285,True,22,21,19.223748416156685,0.32055166855595985,"[543.7873754152824, 863.0989583333333]","[606.405315614618, 915.8072916666666]",76.85138323546866,51.04554672575818,12,20,1,1
train,11285,True,16,11,9.63014581273465,0.3314832892618729,"[336.1594684385382, 632.5]","[313.0897009966778, 606.1458333333333]",43.83680283040754,40.35504801548656,7,9,1,1
train,11285,True,22,23,21.360679774997898,0.35104883476366583,"[543.7873754152824, 863.0989583333333]","[510.8305647840532, 952.0442708333333]",76.85138323546866,66.31011032185823,12,21,1,1
train,11285,True,15,20,15.643316977093239,0.37868290415091316,"[678.9102990033223, 823.5677083333333]","[629.4750830564784, 846.6276041666666]",42.32473142697362,41.285929350660496,23,26,1,1
train,11285,True,15,20,15.643316977093239,0.37868290415091316,"[678.9102990033223, 823.5677083333333]","[606.405315614618, 833.4505208333333]",42.32473142697362,47.52081784292739,23,25,1,1
train,11285,True,17,12,13.0,0.41306282637886077,"[405.36877076411963, 579.7916666666666]","[392.1860465116279, 540.2604166666666]",47.975572872760424,42.32473142697362,2,19,1,1
train,11285,True,24,23,24.0,0.44326791039830465,"[477.87375415282395, 859.8046874999999]","[510.8305647840532, 952.0442708333333]",72.86293622331628,66.31011032185823,16,21,1,1
train,11285,True,26,21,25.076809620810597,0.49640020004466195,"[573.4485049833887, 984.9869791666666]","[606.405315614618, 915.8072916666666]",69.97461373240222,51.04554672575818,13,20,1,1
train,11285,True,21,20,29.265491900843113,0.645736906174089,"[606.405315614618, 915.8072916666666]","[629.4750830564784, 846.6276041666666]",51.04554672575818,41.285929350660496,20,26,1,1
train,11285,True,21,20,29.265491900843113,0.645736906174089,"[606.405315614618, 915.8072916666666]","[606.405315614618, 833.4505208333333]",51.04554672575818,47.52081784292739,20,25,1,1
train,11285,True,22,26,50.478150704935004,0.7450294498060747,"[543.7873754152824, 863.0989583333333]","[573.4485049833887, 984.9869791666666]",76.85138323546866,69.97461373240222,12,13,1,1
train,11285,True,25,22,47.33218389437829,0.7736537404605316,"[451.5083056478406, 915.8072916666666]","[543.7873754152824, 863.0989583333333]",58.94232028609621,76.85138323546866,11,12,1,1
train,11285,False,20,20,-1.0,-1.0,"[606.405315614618, 833.4505208333333]","[629.4750830564784, 846.6276041666666]",47.52081784292739,41.285929350660496,25,26,1,1
train,11285,False,21,23,44.70557952810576,1.095935684520603,"[606.405315614618, 915.8072916666666]","[510.8305647840532, 952.0442708333333]",51.04554672575818,66.31011032185823,20,21,1,1
train,11285,False,23,0,-1.0,-1.0,"[510.8305647840532, 952.0442708333333]","[448.2126245847176, 1021.2239583333333]",66.31011032185823,34.08349545215379,21,27,1,1
train,11285,False,17,16,43.82186966202994,1.2151663216586044,"[405.36877076411963, 579.7916666666666]","[336.1594684385382, 632.5]",47.975572872760424,43.83680283040754,2,7,1,1
train,11285,False,18,12,41.04759208325728,1.2128026550439321,"[484.4651162790698, 527.0833333333333]","[392.1860465116279, 540.2604166666666]",51.78461067293125,42.32473142697362,8,19,1,1
train,11285,False,17,18,44.17742799230607,1.0885631489325538,"[405.36877076411963, 579.7916666666666]","[484.4651162790698, 527.0833333333333]",47.975572872760424,51.78461067293125,2,8,1,1
train,11285,False,17,11,47.05205510693585,1.4621891110295722,"[405.36877076411963, 579.7916666666666]","[313.0897009966778, 606.1458333333333]",47.975572872760424,40.35504801548656,2,9,1,1
train,11285,False,25,26,57.89821729050889,1.1145613546641215,"[451.5083056478406, 915.8072916666666]","[573.4485049833887, 984.9869791666666]",58.94232028609621,69.97461373240222,11,13,1,1
train,11285,False,24,20,79.2807573457052,1.3756269065093798,"[477.87375415282395, 859.8046874999999]","[606.405315614618, 833.4505208333333]",72.86293622331628,47.52081784292739,16,25,1,1
train,11285,False,26,24,73.14849964766651,1.1835923937310024,"[573.4485049833887, 984.9869791666666]","[477.87375415282395, 859.8046874999999]",69.97461373240222,72.86293622331628,13,16,1,1
train,11285,False,24,21,83.48076704197234,1.5705030168823213,"[477.87375415282395, 859.8046874999999]","[606.405315614618, 915.8072916666666]",72.86293622331628,51.04554672575818,16,20,1,1
train,11285,False,19,18,63.53681120105021,1.4496452343110355,"[603.1096345514951, 520.4947916666666]","[484.4651162790698, 527.0833333333333]",51.574530250334185,51.78461067293125,5,8,1,1
train,11285,False,25,0,-1.0,-1.0,"[451.5083056478406, 915.8072916666666]","[448.2126245847176, 1021.2239583333333]",58.94232028609621,34.08349545215379,11,27,1,1
train,11285,False,22,15,92.30058949438637,1.6193085876208135,"[543.7873754152824, 863.0989583333333]","[678.9102990033223, 823.5677083333333]",76.85138323546866,42.32473142697362,12,23,1,1
train,11285,False,11,12,49.99019513592785,2.1632873140746294,"[313.0897009966778, 606.1458333333333]","[392.1860465116279, 540.2604166666666]",40.35504801548656,42.32473142697362,9,19,1,1
train,11285,False,26,0,-1.0,-1.0,"[573.4485049833887, 984.9869791666666]","[448.2126245847176, 1021.2239583333333]",69.97461373240222,34.08349545215379,13,27,1,1
train,11285,False,21,15,72.66138744281159,2.0884365700189376,"[606.405315614618, 915.8072916666666]","[678.9102990033223, 823.5677083333333]",51.04554672575818,42.32473142697362,20,23,1,1
train,11285,False,16,12,65.48308055437865,2.3166248589349436,"[336.1594684385382, 632.5]","[392.1860465116279, 540.2604166666666]",43.83680283040754,42.32473142697362,7,19,1,1
train,11285,False,13,12,57.728187440104094,2.215404505037908,"[484.4651162790698, 484.25781249999994]","[392.1860465116279, 540.2604166666666]",42.45279444709928,42.32473142697362,15,19,1,1
train,11285,False,26,20,101.1077861869505,1.831374319692034,"[573.4485049833887, 984.9869791666666]","[606.405315614618, 833.4505208333333]",69.97461373240222,47.52081784292739,13,25,1,1
train,11336,True,22,24,15.492422502470642,0.3526930817980465,"[401.03065134099614, 833.7083333333334]","[345.92720306513405, 818.3828125]",49.3926615759939,48.142011452396034,14,20,0,0
train,11336,True,19,14,16.0,0.5267891182131145,"[471.4406130268199, 545.5885416666666]","[468.37931034482756, 502.6770833333333]",25.81100587009699,26.172016491630643,9,17,0,0
train,11336,False,0,0,-1.0,-1.0,"[333.68199233716473, 757.0807291666666]","[296.9463601532567, 763.2109375]",32.272844440276465,29.69885336110201,23,24,0,0
train,11336,False,12,17,22.0,0.8324141912694495,"[293.88505747126436, 533.328125]","[296.9463601532567, 576.2395833333334]",23.924378946299854,25.81100587009699,10,18,0,0
train,11355,True,22,24,7.944271909999159,0.15553103456765163,"[594.6875, 802.1510416666666]","[539.6875, 791.8229166666666]",66.52842926931062,58.27904374733826,5,16,2,2
train,11355,True,18,13,12.341664064126334,0.33995075947970027,"[611.875, 509.5208333333333]","[615.3125, 468.2083333333333]",49.374769250515655,44.58883338348291,2,7,2,2
train,11355,True,19,14,15.124515496597098,0.4244041390393187,"[704.6875, 519.8489583333334]","[708.125, 478.5364583333333]",53.62590143473115,48.893052665571346,1,6,2,2
train,11355,True,17,12,14.132745950421556,0.44860209192080774,"[525.9375, 550.8333333333334]","[525.9375, 506.078125]",44.45593045482421,39.52377646746323,8,10,2,2
train,11355,True,24,25,18.1049731745428,0.5024315566511696,"[539.6875, 791.8229166666666]","[512.1875, 843.4635416666666]",58.27904374733826,32.087146350797546,16,22,2,2
train,11355,True,11,16,14.0,0.509343538785934,"[443.4375, 550.8333333333334]","[450.3125, 592.1458333333334]",30.576305888233673,27.94753035824454,4,21,2,2
train,11355,False,26,22,47.373546489791295,0.8210677621592505,"[618.75, 908.875]","[594.6875, 802.1510416666666]",87.77320628863627,66.52842926931062,0,5,2,2
train,11355,False,19,18,45.0,1.0329145848109993,"[704.6875, 519.8489583333334]","[611.875, 509.5208333333333]",53.62590143473115,49.374769250515655,1,2,2,2
train,11355,False,18,12,37.0,1.0423569141651703,"[611.875, 509.5208333333333]","[525.9375, 506.078125]",49.374769250515655,39.52377646746323,2,10,2,2
train,11355,False,26,24,74.27283706623525,1.3667789762867593,"[618.75, 908.875]","[539.6875, 791.8229166666666]",87.77320628863627,58.27904374733826,0,16,2,2
train,11355,False,22,25,52.36665625650534,1.2797120755892988,"[594.6875, 802.1510416666666]","[512.1875, 843.4635416666666]",66.52842926931062,32.087146350797546,5,22,2,2
train,11355,False,14,13,44.35416188179427,1.6885340851947184,"[708.125, 478.5364583333333]","[615.3125, 468.2083333333333]",48.893052665571346,44.58883338348291,6,7,2,2
train,11382,True,23,22,0.0,0.0,"[427.25274725274727, 1211.25]","[466.8131868131868, 1104.375]",38.772370359531834,65.97951730117994,6,17,4,4
train,11382,True,24,22,1.0,0.010538291290311317,"[391.64835164835165, 1088.5416666666667]","[466.8131868131868, 1104.375]",47.814890319478266,65.97951730117994,8,17,4,4
train,11382,True,23,26,5.708203932499369,0.07768241305999833,"[427.25274725274727, 1211.25]","[510.32967032967036, 1258.75]",38.772370359531834,39.76925202456549,6,23,4,4
train,11382,False,22,15,107.04628637764465,1.359105632085213,"[466.8131868131868, 1104.375]","[644.8351648351648, 1084.5833333333333]",65.97951730117994,29.079277769648883,17,21,4,4
train,11382,False,24,20,96.0,1.2143146215046576,"[391.64835164835165, 1088.5416666666667]","[561.7582417582418, 1088.5416666666667]",47.814890319478266,42.43611876484672,8,25,4,4
train,11382,False,22,27,116.17081547894082,1.4480682128097373,"[466.8131868131868, 1104.375]","[344.1758241758242, 1278.5416666666665]",65.97951730117994,36.48347510920466,17,26,4,4
train,11383,True,22,24,4.0,0.07646492468277327,"[634.0858895705521, 993.890625]","[586.7116564417178, 982.96875]",70.72257565343061,56.42778652423414,15,20,1,1
train,11383,True,18,13,14.231546211727817,0.4963821760414649,"[659.5950920245398, 720.84375]","[663.239263803681, 677.15625]",51.76820165365982,39.566569477848326,6,7,1,1
train,11383,True,19,14,15.492422502470642,0.5120238113522197,"[754.3435582822085, 728.125]","[757.9877300613496, 684.4375]",50.732733017121234,42.3208398931756,0,5,1,1
train,11383,True,17,12,18.924858845171276,0.7944191708713068,"[579.4233128834355, 749.96875]","[579.4233128834355, 706.28125]",48.18439586215881,38.20179206762314,2,14,1,1
train,11383,False,16,11,17.027756377319946,0.8955777125016158,"[502.89570552147234, 786.375]","[495.60736196319016, 749.96875]",45.63911559944371,37.323472544241326,4,17,1,1
train,11383,False,22,26,41.190046219457976,0.8089708946637989,"[634.0858895705521, 993.890625]","[652.3067484662577, 1106.75]",70.72257565343061,64.85105191166201,15,21,1,1
train,11383,False,17,18,49.08991914547278,1.554303641904357,"[579.4233128834355, 749.96875]","[659.5950920245398, 720.84375]",48.18439586215881,51.76820165365982,2,6,1,1
train,11383,False,18,12,37.118237105091836,1.341136421289385,"[659.5950920245398, 720.84375]","[579.4233128834355, 706.28125]",51.76820165365982,38.20179206762314,6,14,1,1
train,11488,True,26,23,1.0,0.017049858486761837,"[696.412429378531, 1117.9322916666667]","[633.8135593220338, 1090.5703125]",73.37013553944965,68.29641529984117,2,19,2,2
train,11488,True,22,24,3.4721359549995796,0.04908869318001138,"[657.2881355932203, 1000.6666666666666]","[586.864406779661, 992.8489583333334]",77.03070141630141,72.42609161189544,0,1,2,2
train,11488,True,22,20,8.433981132056603,0.1191851496510004,"[657.2881355932203, 1000.6666666666666]","[719.8870056497175, 973.3046875]",77.03070141630141,49.92772664686249,0,26,2,2
train,11488,True,22,20,8.433981132056603,0.1191851496510004,"[657.2881355932203, 1000.6666666666666]","[755.098870056497, 988.9401041666666]",77.03070141630141,50.23309785271005,0,25,2,2
train,11488,True,24,25,7.54400374531753,0.1348541814947273,"[586.864406779661, 992.8489583333334]","[571.2146892655367, 1055.390625]",72.42609161189544,59.049389668291575,1,9,2,2
train,11488,True,22,23,8.848857801796104,0.13616850692120697,"[657.2881355932203, 1000.6666666666666]","[633.8135593220338, 1090.5703125]",77.03070141630141,68.29641529984117,0,19,2,2
train,11488,True,22,21,12.0,0.19122443664484182,"[657.2881355932203, 1000.6666666666666]","[719.8870056497175, 1055.390625]",77.03070141630141,58.00418513498192,0,15,2,2
train,11488,True,15,20,10.180339887498949,0.2000379502845769,"[805.960451977401, 973.3046875]","[755.098870056497, 988.9401041666666]",45.772883624415186,50.23309785271005,10,25,2,2
train,11488,True,15,20,10.180339887498949,0.2000379502845769,"[805.960451977401, 973.3046875]","[719.8870056497175, 973.3046875]",45.772883624415186,49.92772664686249,10,26,2,2
train,11488,True,26,21,17.0,0.3026559662627214,"[696.412429378531, 1117.9322916666667]","[719.8870056497175, 1055.390625]",73.37013553944965,58.00418513498192,2,15,2,2
train,11488,True,21,20,16.0,0.3026689887142217,"[719.8870056497175, 1055.390625]","[755.098870056497, 988.9401041666666]",58.00418513498192,50.23309785271005,15,25,2,2
train,11488,True,21,20,16.0,0.3026689887142217,"[719.8870056497175, 1055.390625]","[719.8870056497175, 973.3046875]",58.00418513498192,49.92772664686249,15,26,2,2
train,11488,True,14,19,12.892443989449804,0.3048958380293101,"[762.9237288135593, 625.4166666666666]","[747.274011299435, 664.5052083333334]",39.688675153502,46.92769636835669,7,12,2,2
train,11488,True,25,23,15.124515496597098,0.31202812869884056,"[571.2146892655367, 1055.390625]","[633.8135593220338, 1090.5703125]",59.049389668291575,68.29641529984117,9,19,2,2
train,11488,True,11,16,10.180339887498949,0.3129820595319305,"[430.36723163841805, 746.5911458333334]","[457.7542372881355, 773.953125]",25.34385264474466,28.46989886770225,3,24,2,2
train,11488,True,12,17,13.560219778561036,0.37850253451580396,"[520.3531073446327, 676.2317708333334]","[539.9152542372881, 719.2291666666666]",29.524694834145787,36.05433191220054,18,21,2,2
train,11488,True,13,18,18.0,0.4293021561754941,"[637.7259887005649, 625.4166666666666]","[629.9011299435027, 672.3229166666666]",38.71337438211639,49.155999722653604,6,11,2,2
train,11488,True,22,25,32.24154027718932,0.49297031928646406,"[657.2881355932203, 1000.6666666666666]","[571.2146892655367, 1055.390625]",77.03070141630141,59.049389668291575,0,9,2,2
train,11488,True,22,26,41.720018726587654,0.5694272429162403,"[657.2881355932203, 1000.6666666666666]","[696.412429378531, 1117.9322916666667]",77.03070141630141,73.37013553944965,0,2,2,2
train,11488,True,24,23,34.77708763999664,0.6271488781430609,"[586.864406779661, 992.8489583333334]","[633.8135593220338, 1090.5703125]",72.42609161189544,68.29641529984117,1,19,2,2
train,11488,False,20,20,-1.0,-1.0,"[755.098870056497, 988.9401041666666]","[719.8870056497175, 973.3046875]",50.23309785271005,49.92772664686249,25,26,2,2
train,11488,False,21,23,39.311288741492746,0.8768377779352546,"[719.8870056497175, 1055.390625]","[633.8135593220338, 1090.5703125]",58.00418513498192,68.29641529984117,15,19,2,2
train,11488,False,26,25,60.61168720299745,1.0253304400332786,"[696.412429378531, 1117.9322916666667]","[571.2146892655367, 1055.390625]",73.37013553944965,59.049389668291575,2,9,2,2
train,11488,False,24,20,76.64663547121665,1.2337511568799526,"[586.864406779661, 992.8489583333334]","[719.8870056497175, 973.3046875]",72.42609161189544,49.92772664686249,1,26,2,2
train,11488,False,24,21,86.5728268357257,1.6390020508524097,"[586.864406779661, 992.8489583333334]","[719.8870056497175, 1055.390625]",72.42609161189544,58.00418513498192,1,15,2,2
train,11488,False,15,21,73.06078584514209,1.8736614739191482,"[805.960451977401, 973.3046875]","[719.8870056497175, 1055.390625]",45.772883624415186,58.00418513498192,10,15,2,2
train,11488,False,26,20,74.32595834106593,1.1435439494947515,"[696.412429378531, 1117.9322916666667]","[755.098870056497, 988.9401041666666]",73.37013553944965,50.23309785271005,2,25,2,2
train,11488,False,24,26,81.34682750416071,1.2522308382534386,"[586.864406779661, 992.8489583333334]","[696.412429378531, 1117.9322916666667]",72.42609161189544,73.37013553944965,1,2,2,2
train,11488,False,18,17,46.853944456021594,1.006274620630691,"[629.9011299435027, 672.3229166666666]","[539.9152542372881, 719.2291666666666]",49.155999722653604,36.05433191220054,11,21,2,2
train,11488,False,26,20,74.32595834106593,1.1435439494947515,"[696.412429378531, 1117.9322916666667]","[719.8870056497175, 973.3046875]",73.37013553944965,49.92772664686249,2,26,2,2
train,11488,False,23,20,85.83893136145792,1.5468357403708428,"[633.8135593220338, 1090.5703125]","[719.8870056497175, 973.3046875]",68.29641529984117,49.92772664686249,19,26,2,2
train,11488,False,18,19,67.26419266350405,1.3593581012696536,"[629.9011299435027, 672.3229166666666]","[747.274011299435, 664.5052083333334]",49.155999722653604,46.92769636835669,11,12,2,2
train,11488,False,22,15,93.86832980505137,1.5362468759103947,"[657.2881355932203, 1000.6666666666666]","[805.960451977401, 973.3046875]",77.03070141630141,45.772883624415186,0,10,2,2
train,11488,False,25,21,99.00499987500625,2.178962138072236,"[571.2146892655367, 1055.390625]","[719.8870056497175, 1055.390625]",59.049389668291575,58.00418513498192,9,15,2,2
train,11488,False,23,20,85.83893136145792,1.5468357403708428,"[633.8135593220338, 1090.5703125]","[755.098870056497, 988.9401041666666]",68.29641529984117,50.23309785271005,19,25,2,2
train,11488,False,13,19,57.463663928973865,1.4080594608527508,"[637.7259887005649, 625.4166666666666]","[747.274011299435, 664.5052083333334]",38.71337438211639,46.92769636835669,6,12,2,2
train,11488,False,24,20,76.64663547121665,1.2337511568799526,"[586.864406779661, 992.8489583333334]","[755.098870056497, 988.9401041666666]",72.42609161189544,50.23309785271005,1,25,2,2
train,11488,False,18,12,52.0,1.2776374211872907,"[629.9011299435027, 672.3229166666666]","[520.3531073446327, 676.2317708333334]",49.155999722653604,29.524694834145787,11,18,2,2
train,11488,False,26,15,123.02015965156633,2.2647928058389186,"[696.412429378531, 1117.9322916666667]","[805.960451977401, 973.3046875]",73.37013553944965,45.772883624415186,2,10,2,2
train,11488,False,17,16,50.42956348249516,1.2863177874267673,"[539.9152542372881, 719.2291666666666]","[457.7542372881355, 773.953125]",36.05433191220054,28.46989886770225,21,24,2,2
train,11612,True,22,24,3.1231056256176606,0.04462262516811266,"[683.497005988024, 985.6979166666666]","[616.7185628742515, 977.84375]",48.74040158335778,35.782261799403315,0,17,4,4
train,11612,True,24,25,11.649110640673518,0.23539561993440092,"[616.7185628742515, 977.84375]","[593.1497005988024, 1040.6770833333333]",35.782261799403315,31.908082808326075,17,22,4,4
train,11612,True,14,19,15.15549442140351,0.3659103954011963,"[781.7005988023952, 592.9895833333334]","[765.9880239520958, 636.1875]",23.89074015324473,23.23607474726914,5,10,4,4
train,11612,True,11,16,11.083045973594572,0.37255251486315283,"[416.3832335329341, 746.1458333333334]","[447.80838323353294, 769.7083333333334]",20.40847833680777,22.901725305227284,4,19,4,4
train,11612,True,18,13,18.1049731745428,0.4180049923002206,"[632.4311377245509, 644.0416666666666]","[632.4311377245509, 596.9166666666666]",23.23607474726914,21.512425040839176,2,3,4,4
train,11612,True,17,12,17.439088914585774,0.5203959570045031,"[534.2275449101796, 691.1666666666666]","[506.7305389221557, 651.8958333333334]",23.23607474726914,20.40847833680777,7,11,4,4
train,11612,True,22,26,46.0,0.6141527503097356,"[683.497005988024, 985.6979166666666]","[707.065868263473, 1115.2916666666667]",48.74040158335778,38.68250673554273,0,21,4,4
train,11612,False,26,0,-1.0,-1.0,"[707.065868263473, 1115.2916666666667]","[671.7125748502993, 1064.2395833333333]",38.68250673554273,34.46466847734783,21,25,4,4
train,11612,False,22,0,-1.0,-1.0,"[683.497005988024, 985.6979166666666]","[671.7125748502993, 1064.2395833333333]",48.74040158335778,34.46466847734783,0,25,4,4
train,11612,False,24,0,-1.0,-1.0,"[616.7185628742515, 977.84375]","[549.940119760479, 938.5729166666666]",35.782261799403315,29.1279612014383,17,24,4,4
train,11612,False,25,0,-1.0,-1.0,"[593.1497005988024, 1040.6770833333333]","[671.7125748502993, 1064.2395833333333]",31.908082808326075,34.46466847734783,22,25,4,4
train,11612,False,22,25,51.20153254455275,0.8549634378784805,"[683.497005988024, 985.6979166666666]","[593.1497005988024, 1040.6770833333333]",48.74040158335778,31.908082808326075,0,22,4,4
train,11612,False,24,0,-1.0,-1.0,"[616.7185628742515, 977.84375]","[671.7125748502993, 1064.2395833333333]",35.782261799403315,34.46466847734783,17,25,4,4
train,11612,False,25,0,-1.0,-1.0,"[593.1497005988024, 1040.6770833333333]","[569.5808383233533, 1138.8541666666667]",31.908082808326075,27.211304449077026,22,23,4,4
train,11630,True,24,22,4.0,0.0725535918346335,"[366.91902834008096, 836.2083333333334]","[425.21457489878543, 843.0625]",56.22528959414989,63.6744362438464,6,10,3,3
train,11630,True,22,20,14.297058540778355,0.3016431615207804,"[425.21457489878543, 843.0625]","[473.2226720647773, 808.7916666666667]",63.6744362438464,29.88562599353812,10,23,3,3
train,11630,True,24,25,14.231546211727817,0.32232238475007335,"[366.91902834008096, 836.2083333333334]","[356.63157894736844, 897.8958333333334]",56.22528959414989,44.565513326676445,6,13,3,3
train,11630,True,17,12,13.035668847618199,0.45522530243981274,"[291.47773279352225, 596.3125]","[281.19028340080973, 548.3333333333334]",39.68331644297929,36.27977394225252,7,15,3,3
train,11630,True,19,14,16.46424919657298,0.5138808738087962,"[476.6518218623482, 534.625]","[486.93927125506076, 493.5]",42.817160234260236,35.29461863497599,3,12,3,3
train,11630,True,11,16,12.038404810405298,0.5317677658879323,"[202.31983805668017, 630.5833333333334]","[222.89473684210526, 661.4270833333334]",33.58854393094184,36.60226716391297,18,22,3,3
train,11630,True,18,13,20.587033144922902,0.6528168717060447,"[370.3481781376518, 548.3333333333334]","[370.3481781376518, 500.3541666666667]",44.43346707101998,36.44137729861076,1,4,3,3
train,11630,True,15,20,23.186773244895647,0.7981216496663426,"[548.663967611336, 791.65625]","[473.2226720647773, 808.7916666666667]",39.53496707719474,29.88562599353812,20,23,3,3
train,11630,False,20,0,-1.0,-1.0,"[473.2226720647773, 808.7916666666667]","[507.51417004048585, 822.5]",29.88562599353812,23.75068718375123,23,24,3,3
train,11630,False,15,0,-1.0,-1.0,"[548.663967611336, 791.65625]","[507.51417004048585, 822.5]",39.53496707719474,23.75068718375123,20,24,3,3
train,11630,False,22,25,39.70626487409524,0.814583890762115,"[425.21457489878543, 843.0625]","[356.63157894736844, 897.8958333333334]",63.6744362438464,44.565513326676445,10,13,3,3
train,11630,False,26,22,59.74537019394976,1.0743589406068135,"[473.2226720647773, 949.3020833333334]","[425.21457489878543, 843.0625]",59.376717959378084,63.6744362438464,0,10,3,3
train,11630,False,22,0,-1.0,-1.0,"[425.21457489878543, 843.0625]","[507.51417004048585, 822.5]",63.6744362438464,23.75068718375123,10,24,3,3
train,11630,False,18,17,56.201398584300364,1.6733722912744615,"[370.3481781376518, 548.3333333333334]","[291.47773279352225, 596.3125]",44.43346707101998,39.68331644297929,1,7,3,3
train,11630,False,18,12,38.45883931389772,1.193706328629379,"[370.3481781376518, 548.3333333333334]","[281.19028340080973, 548.3333333333334]",44.43346707101998,36.27977394225252,1,15,3,3
train,11630,False,26,25,61.22539674441618,1.3681866411054668,"[473.2226720647773, 949.3020833333334]","[356.63157894736844, 897.8958333333334]",59.376717959378084,44.565513326676445,0,13,3,3
train,11662,True,22,20,5.0,0.07665592707186694,"[650.7961165048544, 1129.9921875]","[704.0776699029127, 1099.5546875]",76.3899876845559,55.40536846162953,6,26,1,1
train,11662,True,22,20,5.0,0.07665592707186694,"[650.7961165048544, 1129.9921875]","[742.1359223300972, 1114.7734375]",76.3899876845559,43.38659752343106,6,27,1,1
train,11662,True,23,25,4.0,0.08708006883682162,"[631.7669902912621, 1221.3046875]","[574.6796116504854, 1190.8671875]",67.85744087094206,61.71088734173942,20,21,1,1
train,11662,True,22,24,6.280109889280518,0.08804709508335296,"[650.7961165048544, 1129.9921875]","[582.2912621359224, 1126.1875]",76.3899876845559,73.09658708646609,6,8,1,1
train,11662,True,24,25,10.704699910719626,0.18924893308640633,"[582.2912621359224, 1126.1875]","[574.6796116504854, 1190.8671875]",73.09658708646609,61.71088734173942,8,21,1,1
train,11662,True,23,26,12.038404810405298,0.2335024570188846,"[631.7669902912621, 1221.3046875]","[711.6893203883495, 1236.5234375]",67.85744087094206,83.10805269244429,20,23,1,1
train,11662,True,22,23,16.0,0.25304548209364264,"[650.7961165048544, 1129.9921875]","[631.7669902912621, 1221.3046875]",76.3899876845559,67.85744087094206,6,20,1,1
train,11662,True,22,21,19.615528128088304,0.33890470801917055,"[650.7961165048544, 1129.9921875]","[715.495145631068, 1175.6484375]",76.3899876845559,56.95186180544756,6,24,1,1
train,11662,True,15,20,15.643316977093239,0.3682564838948873,"[780.1941747572816, 1084.3359375]","[742.1359223300972, 1114.7734375]",46.449073010073576,43.38659752343106,22,27,1,1
train,11662,True,15,20,15.643316977093239,0.3682564838948873,"[780.1941747572816, 1084.3359375]","[704.0776699029127, 1099.5546875]",46.449073010073576,55.40536846162953,22,26,1,1
train,11662,True,17,12,13.142135623730951,0.37134456966971274,"[529.0097087378641, 833.2265625]","[517.5922330097088, 791.375]",51.052870938547244,43.21940384748544,12,13,1,1
train,11662,True,14,19,15.492422502470642,0.38420150498133837,"[753.5533980582525, 726.6953125]","[738.3300970873787, 768.546875]",48.43300597692822,53.13751280395321,9,15,1,1
train,11662,True,13,18,15.0,0.3910973945091456,"[620.3495145631068, 738.109375]","[616.5436893203884, 783.765625]",44.04902663592937,51.75708173485768,4,11,1,1
train,11662,True,26,21,22.769728648009426,0.5078784977821401,"[711.6893203883495, 1236.5234375]","[715.495145631068, 1175.6484375]",83.10805269244429,56.95186180544756,23,24,1,1
train,11662,True,16,11,15.401219466856727,0.5226009540066994,"[449.0873786407767, 882.6875]","[422.4466019417476, 852.25]",46.136281081583014,41.51044581368026,5,17,1,1
train,11662,True,22,25,33.539832078341085,0.5372049014743968,"[650.7961165048544, 1129.9921875]","[574.6796116504854, 1190.8671875]",76.3899876845559,61.71088734173942,6,21,1,1
train,11662,True,24,23,37.27531841800928,0.6489291686839,"[582.2912621359224, 1126.1875]","[631.7669902912621, 1221.3046875]",73.09658708646609,67.85744087094206,8,20,1,1
train,11662,True,22,26,46.01063709417264,0.6900388101851778,"[650.7961165048544, 1129.9921875]","[711.6893203883495, 1236.5234375]",76.3899876845559,83.10805269244429,6,23,1,1
train,11662,True,21,20,33.785054261852174,0.7922604350259477,"[715.495145631068, 1175.6484375]","[742.1359223300972, 1114.7734375]",56.95186180544756,43.38659752343106,24,27,1,1
train,11662,True,21,20,33.785054261852174,0.7922604350259477,"[715.495145631068, 1175.6484375]","[704.0776699029127, 1099.5546875]",56.95186180544756,55.40536846162953,24,26,1,1
train,11662,False,20,20,-1.0,-1.0,"[704.0776699029127, 1099.5546875]","[742.1359223300972, 1114.7734375]",55.40536846162953,43.38659752343106,26,27,1,1
train,11662,False,23,0,-1.0,-1.0,"[631.7669902912621, 1221.3046875]","[589.9029126213593, 1301.203125]",67.85744087094206,42.71389635408567,20,25,1,1
train,11662,False,23,21,47.46648326421054,1.20100977400458,"[631.7669902912621, 1221.3046875]","[715.495145631068, 1175.6484375]",67.85744087094206,56.95186180544756,20,24,1,1
train,11662,False,16,17,51.69724850502159,1.38588062680113,"[449.0873786407767, 882.6875]","[529.0097087378641, 833.2265625]",46.136281081583014,51.052870938547244,5,12,1,1
train,11662,False,24,20,69.83078426785913,1.1710246673332256,"[582.2912621359224, 1126.1875]","[704.0776699029127, 1099.5546875]",73.09658708646609,55.40536846162953,8,26,1,1
train,11662,False,26,20,86.28115489611719,1.5982102799342617,"[711.6893203883495, 1236.5234375]","[704.0776699029127, 1099.5546875]",83.10805269244429,55.40536846162953,23,26,1,1
train,11662,False,18,17,50.0,1.152857439776791,"[616.5436893203884, 783.765625]","[529.0097087378641, 833.2265625]",51.75708173485768,51.052870938547244,11,12,1,1
train,11662,False,25,26,68.9714227381436,1.3637002327040129,"[574.6796116504854, 1190.8671875]","[711.6893203883495, 1236.5234375]",61.71088734173942,83.10805269244429,21,23,1,1
train,11662,False,26,20,86.28115489611719,1.5982102799342617,"[711.6893203883495, 1236.5234375]","[742.1359223300972, 1114.7734375]",83.10805269244429,43.38659752343106,23,27,1,1
train,11662,False,18,12,45.57252408878007,1.1864063875630118,"[616.5436893203884, 783.765625]","[517.5922330097088, 791.375]",51.75708173485768,43.21940384748544,11,13,1,1
train,11662,False,25,0,-1.0,-1.0,"[574.6796116504854, 1190.8671875]","[589.9029126213593, 1301.203125]",61.71088734173942,42.71389635408567,21,25,1,1
train,11662,False,15,21,76.69813382572325,2.5566044608574416,"[780.1941747572816, 1084.3359375]","[715.495145631068, 1175.6484375]",46.449073010073576,56.95186180544756,22,24,1,1
train,11662,False,24,21,89.80198235721508,1.743974409667411,"[582.2912621359224, 1126.1875]","[715.495145631068, 1175.6484375]",73.09658708646609,56.95186180544756,8,24,1,1
train,11662,False,26,0,-1.0,-1.0,"[711.6893203883495, 1236.5234375]","[589.9029126213593, 1301.203125]",83.10805269244429,42.71389635408567,23,25,1,1
train,11662,False,24,26,91.61749294814668,1.496606346861447,"[582.2912621359224, 1126.1875]","[711.6893203883495, 1236.5234375]",73.09658708646609,83.10805269244429,8,23,1,1
train,11662,False,22,15,87.64536084872124,1.5174553195969853,"[650.7961165048544, 1129.9921875]","[780.1941747572816, 1084.3359375]",76.3899876845559,46.449073010073576,6,22,1,1
train,11662,False,23,20,89.47098982546837,1.801530761174497,"[631.7669902912621, 1221.3046875]","[704.0776699029127, 1099.5546875]",67.85744087094206,55.40536846162953,20,26,1,1
train,11662,False,17,11,57.0,1.6919087050072457,"[529.0097087378641, 833.2265625]","[422.4466019417476, 852.25]",51.052870938547244,41.51044581368026,12,17,1,1
train,11662,False,18,19,64.73431371817918,1.3959338054821602,"[616.5436893203884, 783.765625]","[738.3300970873787, 768.546875]",51.75708173485768,53.13751280395321,11,15,1,1
train,11662,False,25,21,98.50376877284599,2.5761975370628605,"[574.6796116504854, 1190.8671875]","[715.495145631068, 1175.6484375]",61.71088734173942,56.95186180544756,21,24,1,1
train,11666,True,22,24,0.0,0.0,"[402.0, 837.7864583333334]","[335.5275590551181, 828.3020833333334]",47.87101528410181,38.872580437147725,17,18,4,4
train,11666,True,22,20,6.615773105863909,0.09334206380587158,"[402.0, 837.7864583333334]","[458.9763779527559, 806.1718750000001]",47.87101528410181,26.65533049318255,17,26,4,4
train,11666,True,22,20,6.615773105863909,0.09334206380587158,"[402.0, 837.7864583333334]","[493.79527559055117, 821.9791666666667]",47.87101528410181,27.212645060359392,17,24,4,4
train,11666,True,23,26,7.54400374531753,0.13547245848220282,"[373.51181102362204, 926.3072916666667]","[436.81889763779526, 957.9218750000001]",29.165159784845866,32.41526279102213,9,14,4,4
train,11666,False,20,20,-1.0,-1.0,"[493.79527559055117, 821.9791666666667]","[458.9763779527559, 806.1718750000001]",27.212645060359392,26.65533049318255,24,26,4,4
train,11666,False,23,24,41.941821107167776,0.8050120116132753,"[373.51181102362204, 926.3072916666667]","[335.5275590551181, 828.3020833333334]",29.165159784845866,38.872580437147725,9,18,4,4
train,11666,False,23,21,46.43416490252569,1.2221633196534911,"[373.51181102362204, 926.3072916666667]","[462.14173228346453, 885.2083333333334]",29.165159784845866,23.883189530001733,9,16,4,4
train,11666,False,24,20,67.96375859826666,1.1408390779863107,"[335.5275590551181, 828.3020833333334]","[458.9763779527559, 806.1718750000001]",38.872580437147725,26.65533049318255,18,26,4,4
train,11779,True,22,24,7.54400374531753,0.11013437552018056,"[658.1795665634676, 1014.4531249999999]","[589.3003095975233, 1002.9687499999999]",61.23800192084132,57.918695348719936,3,12,0,0
train,11779,True,22,20,9.198039027185569,0.15578712282430157,"[658.1795665634676, 1014.4531249999999]","[715.5789473684212, 987.6562499999999]",61.23800192084132,32.7011073604644,3,27,0,0
train,11779,True,23,26,11.649110640673518,0.21326999021792195,"[631.3931888544893, 1102.5]","[700.2724458204335, 1136.953125]",31.792565504567715,44.305070155525854,8,9,0,0
train,11779,True,14,19,9.295630140987,0.21353753659386998,"[769.1517027863778, 620.15625]","[750.0185758513933, 666.0937499999999]",24.50715839695615,23.2810139696515,18,21,0,0
train,11779,True,24,25,13.317821063276353,0.2396012479318554,"[589.3003095975233, 1002.9687499999999]","[570.1671826625387, 1068.046875]",57.918695348719936,48.10935926528651,12,20,0,0
train,11779,True,18,13,14.297058540778355,0.33577456364991015,"[631.3931888544893, 677.5781249999999]","[635.2198142414861, 627.8125]",25.958521033400306,23.593524784667206,13,19,0,0
train,11779,True,12,17,15.763054614240211,0.40220250617200465,"[512.7678018575851, 669.9218749999999]","[539.5541795665636, 719.6874999999999]",25.67481283148698,30.857284717289026,11,14,0,0
train,11779,True,22,23,23.166091947189145,0.40446668418391396,"[658.1795665634676, 1014.4531249999999]","[631.3931888544893, 1102.5]",61.23800192084132,31.792565504567715,3,8,0,0
train,11779,True,11,16,14.0,0.42819262514463124,"[417.1021671826626, 746.4843749999999]","[451.5417956656347, 777.1093749999999]",25.67481283148698,26.79162584036808,7,17,0,0
train,11779,True,23,25,20.02379604162864,0.4888216523609514,"[631.3931888544893, 1102.5]","[570.1671826625387, 1068.046875]",31.792565504567715,48.10935926528651,8,20,0,0
train,11779,True,22,25,35.76955262170047,0.5685231893589326,"[658.1795665634676, 1014.4531249999999]","[570.1671826625387, 1068.046875]",61.23800192084132,48.10935926528651,3,20,0,0
train,11779,True,22,26,52.150729063673246,0.7187906909153935,"[658.1795665634676, 1014.4531249999999]","[700.2724458204335, 1136.953125]",61.23800192084132,44.305070155525854,3,9,0,0
train,11779,False,26,0,-1.0,-1.0,"[700.2724458204335, 1136.953125]","[723.232198142415, 1068.046875]",44.305070155525854,31.792565504567715,9,23,0,0
train,11779,False,22,0,-1.0,-1.0,"[658.1795665634676, 1014.4531249999999]","[723.232198142415, 1068.046875]",61.23800192084132,31.792565504567715,3,23,0,0
train,11779,False,24,0,-1.0,-1.0,"[589.3003095975233, 1002.9687499999999]","[520.421052631579, 949.3749999999999]",57.918695348719936,34.233083775315976,12,24,0,0
train,11779,False,0,20,-1.0,-1.0,"[723.232198142415, 1068.046875]","[715.5789473684212, 987.6562499999999]",31.792565504567715,32.7011073604644,23,27,0,0
train,11779,False,23,24,45.8187996428785,0.9330395953369908,"[631.3931888544893, 1102.5]","[589.3003095975233, 1002.9687499999999]",31.792565504567715,57.918695348719936,8,12,0,0
train,11779,False,2,0,-1.0,-1.0,"[375.00928792569664, 375.15624999999994]","[352.0495356037152, 329.21874999999994]",22.64305657008155,17.116541887657988,4,26,0,0
train,11779,False,15,20,28.274562336608895,0.8109954349422364,"[792.1114551083592, 1002.9687499999999]","[715.5789473684212, 987.6562499999999]",25.0977770591878,32.7011073604644,25,27,0,0
train,11779,False,24,20,79.52328855678958,1.5545062410220636,"[589.3003095975233, 1002.9687499999999]","[715.5789473684212, 987.6562499999999]",57.918695348719936,32.7011073604644,12,27,0,0
train,11779,False,23,0,-1.0,-1.0,"[631.3931888544893, 1102.5]","[723.232198142415, 1068.046875]",31.792565504567715,31.792565504567715,8,23,0,0
train,11779,False,22,15,78.90619500389191,1.3755619492362616,"[658.1795665634676, 1014.4531249999999]","[792.1114551083592, 1002.9687499999999]",61.23800192084132,25.0977770591878,3,25,0,0
train,11779,False,25,0,-1.0,-1.0,"[570.1671826625387, 1068.046875]","[520.421052631579, 949.3749999999999]",48.10935926528651,34.233083775315976,20,24,0,0
train,11779,False,22,0,-1.0,-1.0,"[658.1795665634676, 1014.4531249999999]","[520.421052631579, 949.3749999999999]",61.23800192084132,34.233083775315976,3,24,0,0
train,11784,True,22,24,0.0,0.0,"[582.9965753424657, 1226.96875]","[522.5376712328767, 1205.3671875]",87.03355338987262,81.15420937230661,19,25,1,1
train,11784,True,23,22,0.0,0.0,"[552.7671232876712, 1317.6953125]","[582.9965753424657, 1226.96875]",78.82170322977554,87.03355338987262,18,19,1,1
train,11784,True,16,11,1.2360679774997898,0.02902976053450666,"[418.89383561643837, 907.265625]","[397.3013698630137, 868.3828125]",56.318121327079474,45.095888431956475,11,23,1,1
train,11784,True,18,13,2.1622776601683795,0.03878252003512003,"[634.818493150685, 838.140625]","[639.1369863013698, 781.9765625]",67.88474250667022,54.977021293364885,4,22,1,1
train,11784,True,21,26,3.1231056256176606,0.04391124952768335,"[639.1369863013698, 1283.1328125]","[630.5, 1347.9375]",72.14824975894503,96.19766634526002,20,24,1,1
train,11784,True,22,21,4.0,0.051385619466389136,"[582.9965753424657, 1226.96875]","[639.1369863013698, 1283.1328125]",87.03355338987262,72.14824975894503,19,20,1,1
train,11784,True,25,23,4.656854249492381,0.08294020375675365,"[492.3082191780822, 1274.4921875]","[552.7671232876712, 1317.6953125]",70.04894077884414,78.82170322977554,12,18,1,1
train,11784,True,23,26,6.615773105863909,0.09735396364499557,"[552.7671232876712, 1317.6953125]","[630.5, 1347.9375]",78.82170322977554,96.19766634526002,18,24,1,1
train,11784,True,25,24,7.602325267042627,0.1141433667602459,"[492.3082191780822, 1274.4921875]","[522.5376712328767, 1205.3671875]",70.04894077884414,81.15420937230661,12,25,1,1
train,11784,True,22,20,9.198039027185569,0.11649155252716777,"[582.9965753424657, 1226.96875]","[686.6404109589041, 1218.328125]",87.03355338987262,73.42984640239821,19,26,1,1
train,11784,True,17,12,8.0,0.16779934804836205,"[531.1746575342465, 872.703125]","[522.5376712328767, 825.1796875]",59.38196989552423,47.904493657990216,8,13,1,1
train,11784,True,19,14,9.816653826391969,0.18284320208082525,"[755.736301369863, 851.1015625]","[773.0102739726027, 803.578125]",64.9348614109207,57.62802017536428,3,16,1,1
train,11784,True,15,20,12.0,0.2197861178619582,"[747.0993150684931, 1209.6875]","[686.6404109589041, 1218.328125]",65.64923781854456,73.42984640239821,15,26,1,1
train,11784,True,21,20,14.652475842498529,0.2320824854635892,"[639.1369863013698, 1283.1328125]","[686.6404109589041, 1218.328125]",72.14824975894503,73.42984640239821,20,26,1,1
train,11784,True,23,21,18.0,0.3100454335972811,"[552.7671232876712, 1317.6953125]","[639.1369863013698, 1283.1328125]",78.82170322977554,72.14824975894503,18,20,1,1
train,11784,True,23,24,22.194827009486403,0.3419245352363773,"[552.7671232876712, 1317.6953125]","[522.5376712328767, 1205.3671875]",78.82170322977554,81.15420937230661,18,25,1,1
train,11784,True,25,22,26.202941017470888,0.3428371283551414,"[492.3082191780822, 1274.4921875]","[582.9965753424657, 1226.96875]",70.04894077884414,87.03355338987262,12,19,1,1
train,11784,True,27,26,27.284271247461902,0.43890012306257525,"[487.98972602739724, 1378.1796875]","[630.5, 1347.9375]",58.908799248098234,96.19766634526002,21,24,1,1
train,11784,True,22,26,42.174066289845804,0.493373617733896,"[582.9965753424657, 1226.96875]","[630.5, 1347.9375]",87.03355338987262,96.19766634526002,19,24,1,1
train,11784,True,19,18,43.0,0.6784917478576049,"[755.736301369863, 851.1015625]","[634.818493150685, 838.140625]",64.9348614109207,67.88474250667022,3,4,1,1
train,11784,True,18,17,42.382023926967726,0.7065142712581769,"[634.818493150685, 838.140625]","[531.1746575342465, 872.703125]",67.88474250667022,59.38196989552423,4,8,1,1
train,11784,True,23,27,33.785054261852174,0.7241779297983526,"[552.7671232876712, 1317.6953125]","[487.98972602739724, 1378.1796875]",78.82170322977554,58.908799248098234,18,21,1,1
train,11784,True,18,12,38.84971769034255,0.7281691462186278,"[634.818493150685, 838.140625]","[522.5376712328767, 825.1796875]",67.88474250667022,47.904493657990216,4,13,1,1
train,11784,False,25,27,42.965895873961216,0.8772204502409867,"[492.3082191780822, 1274.4921875]","[487.98972602739724, 1378.1796875]",70.04894077884414,58.908799248098234,12,21,1,1
train,11784,False,26,20,64.12296062065974,0.8863749047227726,"[630.5, 1347.9375]","[686.6404109589041, 1218.328125]",96.19766634526002,73.42984640239821,24,26,1,1
train,11784,False,21,24,64.7875368135941,0.9496821586650123,"[639.1369863013698, 1283.1328125]","[522.5376712328767, 1205.3671875]",72.14824975894503,81.15420937230661,20,25,1,1
train,11784,False,25,26,64.85590330410783,0.93218991524986,"[492.3082191780822, 1274.4921875]","[630.5, 1347.9375]",70.04894077884414,96.19766634526002,12,24,1,1
train,11784,False,15,21,75.92203845452875,1.4332568521509619,"[747.0993150684931, 1209.6875]","[639.1369863013698, 1283.1328125]",65.64923781854456,72.14824975894503,15,20,1,1
train,11784,False,26,24,90.0659101969557,1.1724092509009314,"[630.5, 1347.9375]","[522.5376712328767, 1205.3671875]",96.19766634526002,81.15420937230661,24,25,1,1
train,11784,False,17,16,52.85164807134504,1.0407175142644733,"[531.1746575342465, 872.703125]","[418.89383561643837, 907.265625]",59.38196989552423,56.318121327079474,8,11,1,1
train,11784,False,25,21,78.63039620647382,1.3117825681671658,"[492.3082191780822, 1274.4921875]","[639.1369863013698, 1283.1328125]",70.04894077884414,72.14824975894503,12,20,1,1
train,11784,False,24,20,88.02246907382428,1.2666742556318018,"[522.5376712328767, 1205.3671875]","[686.6404109589041, 1218.328125]",81.15420937230661,73.42984640239821,25,26,1,1
train,11784,False,15,22,90.2414379544733,1.269307676359838,"[747.0993150684931, 1209.6875]","[582.9965753424657, 1226.96875]",65.64923781854456,87.03355338987262,15,19,1,1
train,11784,False,23,20,95.93812459502195,1.6112112282387203,"[552.7671232876712, 1317.6953125]","[686.6404109589041, 1218.328125]",78.82170322977554,73.42984640239821,18,26,1,1
train,11784,False,15,26,96.94386147176351,1.5226680178070877,"[747.0993150684931, 1209.6875]","[630.5, 1347.9375]",65.64923781854456,96.19766634526002,15,24,1,1
train,11784,False,19,13,55.08029957123981,1.0135952581750907,"[755.736301369863, 851.1015625]","[639.1369863013698, 781.9765625]",64.9348614109207,54.977021293364885,3,22,1,1
train,11784,False,18,14,63.19501538281614,1.1465392827709489,"[634.818493150685, 838.140625]","[773.0102739726027, 803.578125]",67.88474250667022,57.62802017536428,4,16,1,1
train,11784,False,14,13,45.0,1.0127073097464925,"[773.0102739726027, 803.578125]","[639.1369863013698, 781.9765625]",57.62802017536428,54.977021293364885,16,22,1,1
train,11784,False,12,13,40.86884283091664,0.9678691996476413,"[522.5376712328767, 825.1796875]","[639.1369863013698, 781.9765625]",47.904493657990216,54.977021293364885,13,22,1,1
train,11784,False,22,27,91.84934033152847,1.3167772150067518,"[582.9965753424657, 1226.96875]","[487.98972602739724, 1378.1796875]",87.03355338987262,58.908799248098234,19,21,1,1
train,11784,False,27,24,106.35455276791944,1.8080816403175013,"[487.98972602739724, 1378.1796875]","[522.5376712328767, 1205.3671875]",58.908799248098234,81.15420937230661,21,25,1,1
train,11784,False,17,13,70.50524456289902,1.400336605191738,"[531.1746575342465, 872.703125]","[639.1369863013698, 781.9765625]",59.38196989552423,54.977021293364885,8,22,1,1
train,11784,False,16,12,59.81118318204309,1.3993073651468804,"[418.89383561643837, 907.265625]","[522.5376712328767, 825.1796875]",56.318121327079474,47.904493657990216,11,13,1,1
train,11784,False,17,11,65.0,1.3675878733785733,"[531.1746575342465, 872.703125]","[397.3013698630137, 868.3828125]",59.38196989552423,45.095888431956475,8,23,1,1
train,11784,False,21,27,101.2154587134451,1.9785406905752008,"[639.1369863013698, 1283.1328125]","[487.98972602739724, 1378.1796875]",72.14824975894503,58.908799248098234,20,21,1,1
train,11784,False,25,20,133.16407864998737,2.169360067048403,"[492.3082191780822, 1274.4921875]","[686.6404109589041, 1218.328125]",70.04894077884414,73.42984640239821,12,26,1,1
val,10375,True,23,25,1.0,0.01745144889034042,"[441.02160493827165, 816.5]","[387.7438271604939, 801.7083333333334]",60.136116393195586,50.82429463255854,1,7,-1,-1
val,10375,True,22,20,1.0,0.02881952088521175,"[494.2993827160494, 795.7916666666666]","[526.8580246913581, 813.5416666666666]",42.367933573251946,36.1204777738204,26,27,-1,-1
val,10375,True,19,14,2.605551275463989,0.07941318365427019,"[565.3364197530865, 547.2916666666666]","[577.175925925926, 508.8333333333333]",41.00255939015526,30.031634127265026,4,23,-1,-1
val,10375,True,28,24,4.0,0.09594781857618334,"[449.90123456790127, 905.25]","[411.42283950617286, 869.75]",49.42679538319121,42.77928238094705,0,10,-1,-1
val,10375,True,26,25,5.4031242374328485,0.12482975120873399,"[367.0246913580247, 840.1666666666666]","[387.7438271604939, 801.7083333333334]",42.574104783872414,50.82429463255854,5,7,-1,-1
val,10375,True,23,22,7.246211251235321,0.14039249129916706,"[441.02160493827165, 816.5]","[494.2993827160494, 795.7916666666666]",60.136116393195586,42.367933573251946,1,26,-1,-1
val,10375,True,23,24,8.848857801796104,0.17205780493952566,"[441.02160493827165, 816.5]","[411.42283950617286, 869.75]",60.136116393195586,42.77928238094705,1,10,-1,-1
val,10375,True,18,13,6.211102550927978,0.18335482915726253,"[467.6604938271605, 538.4166666666666]","[476.5401234567902, 499.9583333333333]",40.78844534500612,30.751919542616452,3,25,-1,-1
val,10375,True,23,21,12.416407864998739,0.24282961268256426,"[441.02160493827165, 816.5]","[485.4197530864198, 860.875]",60.136116393195586,40.78844534500612,1,12,-1,-1
val,10375,True,26,24,9.198039027185569,0.26173498038278104,"[367.0246913580247, 840.1666666666666]","[411.42283950617286, 869.75]",42.574104783872414,42.77928238094705,5,10,-1,-1
val,10375,True,28,23,20.37755832643195,0.3492155603505315,"[449.90123456790127, 905.25]","[441.02160493827165, 816.5]",49.42679538319121,60.136116393195586,0,1,-1,-1
val,10375,True,16,11,8.848857801796104,0.3852795732538254,"[316.7067901234568, 591.6666666666666]","[304.8672839506173, 562.0833333333334]",32.68438121978393,24.933860556748417,6,9,-1,-1
val,10375,True,28,21,16.0,0.3872038139763516,"[449.90123456790127, 905.25]","[485.4197530864198, 860.875]",49.42679538319121,40.78844534500612,0,12,-1,-1
val,10375,True,15,20,12.92838827718412,0.39440387829504875,"[565.3364197530865, 798.75]","[526.8580246913581, 813.5416666666666]",33.21586942233308,36.1204777738204,2,27,-1,-1
val,10375,True,17,12,13.317821063276353,0.5268448588334712,"[390.70370370370375, 568.0]","[387.7438271604939, 529.5416666666666]",35.137423113916874,26.1341063047061,14,17,-1,-1
val,10375,True,23,20,28.732137494637012,0.5380135027173065,"[441.02160493827165, 816.5]","[526.8580246913581, 813.5416666666666]",60.136116393195586,36.1204777738204,1,27,-1,-1
val,10375,True,25,24,23.08318915758459,0.5741269797313548,"[387.7438271604939, 801.7083333333334]","[411.42283950617286, 869.75]",50.82429463255854,42.77928238094705,7,10,-1,-1
val,10375,True,21,20,19.518284528683193,0.5744400033108364,"[485.4197530864198, 860.875]","[526.8580246913581, 813.5416666666666]",40.78844534500612,36.1204777738204,12,27,-1,-1
val,10375,True,23,26,31.984845004941285,0.5937389586887687,"[441.02160493827165, 816.5]","[367.0246913580247, 840.1666666666666]",60.136116393195586,42.574104783872414,1,5,-1,-1
val,10375,True,21,22,22.0,0.7076552803882378,"[485.4197530864198, 860.875]","[494.2993827160494, 795.7916666666666]",40.78844534500612,42.367933573251946,12,26,-1,-1
val,10375,False,16,0,-1.0,-1.0,"[316.7067901234568, 591.6666666666666]","[319.6666666666667, 627.1666666666666]",32.68438121978393,15.658111007692407,6,28,-1,-1
val,10375,False,24,21,34.05709628591621,1.1064148799016231,"[411.42283950617286, 869.75]","[485.4197530864198, 860.875]",42.77928238094705,40.78844534500612,10,12,-1,-1
val,10375,False,17,0,-1.0,-1.0,"[390.70370370370375, 568.0]","[387.7438271604939, 609.4166666666666]",35.137423113916874,15.658111007692407,14,29,-1,-1
val,10375,False,26,29,32.28663395418648,0.9697391323168406,"[367.0246913580247, 840.1666666666666]","[343.3456790123457, 902.2916666666666]",42.574104783872414,31.035353364126756,5,8,-1,-1
val,10375,False,15,22,40.19465984809196,1.349985139273481,"[565.3364197530865, 798.75]","[494.2993827160494, 795.7916666666666]",33.21586942233308,42.367933573251946,2,26,-1,-1
val,10375,False,29,24,38.20459156782532,1.3092519668499076,"[343.3456790123457, 902.2916666666666]","[411.42283950617286, 869.75]",31.035353364126756,42.77928238094705,8,10,-1,-1
val,10375,False,18,17,40.78516483155236,1.147399347840381,"[467.6604938271605, 538.4166666666666]","[390.70370370370375, 568.0]",40.78844534500612,35.137423113916874,3,14,-1,-1
val,10375,False,25,22,63.0,1.5578128260411435,"[387.7438271604939, 801.7083333333334]","[494.2993827160494, 795.7916666666666]",50.82429463255854,42.367933573251946,7,26,-1,-1
val,10375,False,28,26,39.607881008493905,0.8867682978245064,"[449.90123456790127, 905.25]","[367.0246913580247, 840.1666666666666]",49.42679538319121,42.574104783872414,0,5,-1,-1
val,10375,False,16,17,43.27188724235731,1.5024417439991655,"[316.7067901234568, 591.6666666666666]","[390.70370370370375, 568.0]",32.68438121978393,35.137423113916874,6,14,-1,-1
val,10375,False,18,12,31.756678708318397,1.0322259335026502,"[467.6604938271605, 538.4166666666666]","[387.7438271604939, 529.5416666666666]",40.78844534500612,26.1341063047061,3,17,-1,-1
val,10375,False,18,19,51.773099207835045,1.3596281950146694,"[467.6604938271605, 538.4166666666666]","[565.3364197530865, 547.2916666666666]",40.78844534500612,41.00255939015526,3,4,-1,-1
val,10375,False,28,25,58.80802621722272,1.2063343489960254,"[449.90123456790127, 905.25]","[387.7438271604939, 801.7083333333334]",49.42679538319121,50.82429463255854,0,7,-1,-1
val,10375,False,25,21,72.79024325749306,1.82777014510367,"[387.7438271604939, 801.7083333333334]","[485.4197530864198, 860.875]",50.82429463255854,40.78844534500612,7,12,-1,-1
val,10375,False,28,22,75.89603370785778,1.810644541434474,"[449.90123456790127, 905.25]","[494.2993827160494, 795.7916666666666]",49.42679538319121,42.367933573251946,0,26,-1,-1
val,10375,False,28,29,34.014282800023196,0.84731747481903,"[449.90123456790127, 905.25]","[343.3456790123457, 902.2916666666666]",49.42679538319121,31.035353364126756,0,8,-1,-1
val,10375,False,24,22,72.59347797189639,2.29905851474443,"[411.42283950617286, 869.75]","[494.2993827160494, 795.7916666666666]",42.77928238094705,42.367933573251946,10,26,-1,-1
val,10375,False,25,29,72.49829930005184,1.8781690715540529,"[387.7438271604939, 801.7083333333334]","[343.3456790123457, 902.2916666666666]",50.82429463255854,31.035353364126756,7,8,-1,-1
val,10375,False,23,15,80.25269226308751,1.594092296185101,"[441.02160493827165, 816.5]","[565.3364197530865, 798.75]",60.136116393195586,33.21586942233308,1,2,-1,-1
val,10375,False,15,21,64.73431371817918,2.2375452105758975,"[565.3364197530865, 798.75]","[485.4197530864198, 860.875]",33.21586942233308,40.78844534500612,2,12,-1,-1
val,10520,True,22,24,2.0,0.032705683290235876,"[537.4518518518519, 899.53125]","[478.1740740740741, 883.75]",68.50531689793893,62.43254461668861,6,18,-1,-1
val,10520,True,23,22,7.062257748298549,0.1226596715455041,"[509.78888888888895, 974.4921875]","[537.4518518518519, 899.53125]",51.331550688293206,68.50531689793893,4,6,-1,-1
val,10520,True,22,21,7.4852813742385695,0.1426738781758003,"[537.4518518518519, 899.53125]","[588.825925925926, 867.96875]",68.50531689793893,37.04097143454548,6,25,-1,-1
val,10520,True,26,23,11.36931687685298,0.24350401372489708,"[557.2111111111111, 1010.0]","[509.78888888888895, 974.4921875]",58.83252920838569,51.331550688293206,0,4,-1,-1
val,10520,True,25,23,12.45362404707371,0.33089290991158793,"[458.41481481481486, 935.0390625]","[509.78888888888895, 974.4921875]",46.720238348025326,51.331550688293206,3,4,-1,-1
val,10520,True,25,24,16.69180601295413,0.3890240354385343,"[458.41481481481486, 935.0390625]","[478.1740740740741, 883.75]",46.720238348025326,62.43254461668861,3,18,-1,-1
val,10520,True,14,19,14.524174696260024,0.39111937553994375,"[667.862962962963, 540.5078125]","[652.0555555555555, 587.8515625]",39.485808221764,48.3600411123573,5,10,-1,-1
val,10520,True,17,12,15.552945357246848,0.5263874475004438,"[450.5111111111111, 623.359375]","[438.65555555555557, 579.9609375]",44.32270980171075,32.56083160224305,2,11,-1,-1
val,10520,True,16,11,14.264337522473747,0.5521104554243134,"[367.52222222222224, 666.7578125]","[339.85925925925926, 639.140625]",39.485808221764,33.03619735454049,14,15,-1,-1
val,10520,True,25,22,33.88552708502482,0.6028441704040448,"[458.41481481481486, 935.0390625]","[537.4518518518519, 899.53125]",46.720238348025326,68.50531689793893,3,6,-1,-1
val,10520,True,18,13,21.360679774997898,0.635864073197662,"[541.4037037037037, 587.8515625]","[545.3555555555556, 540.5078125]",48.68137382415791,36.617632143494696,1,7,-1,-1
val,10520,False,20,21,22.08679276123039,1.0547459279763813,"[632.2962962962963, 887.6953125]","[588.825925925926, 867.96875]",30.07149563186103,37.04097143454548,24,25,-1,-1
val,10520,False,15,20,27.653097563788805,1.172752561248292,"[679.7185185185185, 864.0234375]","[632.2962962962963, 887.6953125]",35.09575401998768,30.07149563186103,22,24,-1,-1
val,10520,False,23,24,40.78516483155236,0.9127830452642955,"[509.78888888888895, 974.4921875]","[478.1740740740741, 883.75]",51.331550688293206,62.43254461668861,4,18,-1,-1
val,10520,False,26,22,57.215118311311535,0.9134854751586733,"[557.2111111111111, 1010.0]","[537.4518518518519, 899.53125]",58.83252920838569,68.50531689793893,0,6,-1,-1
val,10520,False,18,17,60.68468205316454,1.7005116290299729,"[541.4037037037037, 587.8515625]","[450.5111111111111, 623.359375]",48.68137382415791,44.32270980171075,1,2,-1,-1
val,10520,False,22,20,48.0,0.916324257985455,"[537.4518518518519, 899.53125]","[632.2962962962963, 887.6953125]",68.50531689793893,30.07149563186103,6,24,-1,-1
val,10520,False,24,21,68.05070600652827,1.7970413053873973,"[478.1740740740741, 883.75]","[588.825925925926, 867.96875]",62.43254461668861,37.04097143454548,18,25,-1,-1
val,10520,False,17,16,61.42595614005443,2.049810705508825,"[450.5111111111111, 623.359375]","[367.52222222222224, 666.7578125]",44.32270980171075,39.485808221764,2,14,-1,-1
val,10520,False,18,19,64.92419889539804,1.5956660576221515,"[541.4037037037037, 587.8515625]","[652.0555555555555, 587.8515625]",48.68137382415791,48.3600411123573,1,10,-1,-1
val,10520,False,26,25,60.465437442517235,1.3438423043112204,"[557.2111111111111, 1010.0]","[458.41481481481486, 935.0390625]",58.83252920838569,46.720238348025326,0,3,-1,-1
val,10520,False,26,24,90.76055797563569,1.7784226310783682,"[557.2111111111111, 1010.0]","[478.1740740740741, 883.75]",58.83252920838569,62.43254461668861,0,18,-1,-1
val,10618,True,21,20,0.0,0.0,"[922.3958333333334, 1139.2786885245903]","[955.9375, 1080.6393442622953]",55.4366380823331,57.3058110955094,9,25,-1,-1
val,10618,True,22,23,1.2360679774997898,0.01790744763105924,"[863.6979166666666, 1080.6393442622953]","[821.7708333333334, 1168.5983606557377]",77.15742221104912,66.52396569879973,2,8,-1,-1
val,10618,True,26,23,6.615773105863909,0.09864952904344801,"[863.6979166666666, 1223.049180327869]","[821.7708333333334, 1168.5983606557377]",71.363617947313,66.52396569879973,7,8,-1,-1
val,10618,True,24,22,8.0,0.11117010009773348,"[796.6145833333334, 1068.0737704918033]","[863.6979166666666, 1080.6393442622953]",69.36703666204305,77.15742221104912,0,2,-1,-1
val,10618,True,24,25,8.219544457292887,0.13837342411760425,"[796.6145833333334, 1068.0737704918033]","[763.0729166666666, 1122.5245901639346]",69.36703666204305,49.93695222382291,0,13,-1,-1
val,10618,True,24,25,8.219544457292887,0.13837342411760425,"[796.6145833333334, 1068.0737704918033]","[742.109375, 1151.844262295082]",69.36703666204305,31.0784395915457,0,27,-1,-1
val,10618,True,23,25,8.433981132056603,0.15112574593870878,"[821.7708333333334, 1168.5983606557377]","[763.0729166666666, 1122.5245901639346]",66.52396569879973,49.93695222382291,8,13,-1,-1
val,10618,True,23,25,8.433981132056603,0.15112574593870878,"[821.7708333333334, 1168.5983606557377]","[742.109375, 1151.844262295082]",66.52396569879973,31.0784395915457,8,27,-1,-1
val,10618,True,22,20,13.866068747318506,0.19430672426304918,"[863.6979166666666, 1080.6393442622953]","[955.9375, 1080.6393442622953]",77.15742221104912,57.3058110955094,2,25,-1,-1
val,10618,True,22,21,13.7648230602334,0.2045471567517321,"[863.6979166666666, 1080.6393442622953]","[922.3958333333334, 1139.2786885245903]",77.15742221104912,55.4366380823331,2,9,-1,-1
val,10618,True,16,11,7.062257748298549,0.21925500256062166,"[666.640625, 816.7622950819673]","[645.6770833333334, 783.2540983606558]",44.74353431172953,35.06120843252032,6,14,-1,-1
val,10618,True,27,25,13.422205101855956,0.28318526989005116,"[725.3385416666666, 1197.9180327868853]","[742.109375, 1151.844262295082]",41.69610213679019,31.0784395915457,26,27,-1,-1
val,10618,True,25,27,13.422205101855956,0.28318526989005116,"[763.0729166666666, 1122.5245901639346]","[725.3385416666666, 1197.9180327868853]",49.93695222382291,41.69610213679019,13,26,-1,-1
val,10618,True,18,13,12.92838827718412,0.3149053277382433,"[859.5052083333334, 716.2377049180328]","[863.6979166666666, 670.1639344262295]",52.67522556820428,38.86217348535031,1,23,-1,-1
val,10618,True,15,20,18.0,0.35620874231636185,"[1018.828125, 1089.016393442623]","[955.9375, 1080.6393442622953]",46.85251054312874,57.3058110955094,15,25,-1,-1
val,10618,True,26,27,24.942243542145693,0.4140112239340656,"[863.6979166666666, 1223.049180327869]","[725.3385416666666, 1197.9180327868853]",71.363617947313,41.69610213679019,7,26,-1,-1
val,10618,True,19,14,18.209372712298546,0.4373539590281427,"[985.2864583333334, 716.2377049180328]","[997.8645833333334, 670.1639344262295]",53.992309492089866,40.62952896150631,5,10,-1,-1
val,10618,True,17,12,14.297058540778355,0.4394416981394869,"[763.0729166666666, 762.3114754098361]","[750.4947916666666, 720.4262295081968]",48.14651158566789,34.809870364525665,3,17,-1,-1
val,10618,True,26,21,35.49657518178932,0.5437574329355682,"[863.6979166666666, 1223.049180327869]","[922.3958333333334, 1139.2786885245903]",71.363617947313,55.4366380823331,7,9,-1,-1
val,10618,True,24,23,31.57299494980466,0.555624973530728,"[796.6145833333334, 1068.0737704918033]","[821.7708333333334, 1168.5983606557377]",69.36703666204305,66.52396569879973,0,8,-1,-1
val,10618,True,22,25,43.598206241955516,0.6126631690188447,"[863.6979166666666, 1080.6393442622953]","[763.0729166666666, 1122.5245901639346]",77.15742221104912,49.93695222382291,2,13,-1,-1
val,10618,True,22,25,43.598206241955516,0.6126631690188447,"[863.6979166666666, 1080.6393442622953]","[742.109375, 1151.844262295082]",77.15742221104912,31.0784395915457,2,27,-1,-1
val,10618,True,22,26,50.478150704935004,0.6286726988469415,"[863.6979166666666, 1080.6393442622953]","[863.6979166666666, 1223.049180327869]",77.15742221104912,71.363617947313,2,7,-1,-1
val,10618,True,26,25,55.302753041036986,0.7984760466441055,"[863.6979166666666, 1223.049180327869]","[763.0729166666666, 1122.5245901639346]",71.363617947313,49.93695222382291,7,13,-1,-1
val,10618,True,26,25,55.302753041036986,0.7984760466441055,"[863.6979166666666, 1223.049180327869]","[742.109375, 1151.844262295082]",71.363617947313,31.0784395915457,7,27,-1,-1
val,10618,False,23,21,41.579337712087536,0.8187510998724767,"[821.7708333333334, 1168.5983606557377]","[922.3958333333334, 1139.2786885245903]",66.52396569879973,55.4366380823331,8,9,-1,-1
val,10618,False,23,27,37.58756276314948,0.8518462002510956,"[821.7708333333334, 1168.5983606557377]","[725.3385416666666, 1197.9180327868853]",66.52396569879973,41.69610213679019,8,26,-1,-1
val,10618,False,25,25,-1.0,-1.0,"[763.0729166666666, 1122.5245901639346]","[742.109375, 1151.844262295082]",49.93695222382291,31.0784395915457,13,27,-1,-1
val,10618,False,18,17,63.07027391856539,1.435084127173264,"[859.5052083333334, 716.2377049180328]","[763.0729166666666, 762.3114754098361]",52.67522556820428,48.14651158566789,1,3,-1,-1
val,10618,False,21,15,57.137767414994535,1.2810063870819166,"[922.3958333333334, 1139.2786885245903]","[1018.828125, 1089.016393442623]",55.4366380823331,46.85251054312874,9,15,-1,-1
val,10618,False,22,15,100.0,1.5476464650682737,"[863.6979166666666, 1080.6393442622953]","[1018.828125, 1089.016393442623]",77.15742221104912,46.85251054312874,2,15,-1,-1
val,10618,False,24,21,82.21658488546619,1.5028169151065807,"[796.6145833333334, 1068.0737704918033]","[922.3958333333334, 1139.2786885245903]",69.36703666204305,55.4366380823331,0,9,-1,-1
val,10618,False,18,12,55.0357029044876,1.3479591083423348,"[859.5052083333334, 716.2377049180328]","[750.4947916666666, 720.4262295081968]",52.67522556820428,34.809870364525665,1,17,-1,-1
val,10618,False,18,19,61.12889826803627,1.2365052588241616,"[859.5052083333334, 716.2377049180328]","[985.2864583333334, 716.2377049180328]",52.67522556820428,53.992309492089866,1,5,-1,-1
val,10618,False,17,16,62.953107821277925,1.6858072436207754,"[763.0729166666666, 762.3114754098361]","[666.640625, 816.7622950819673]",48.14651158566789,44.74353431172953,3,6,-1,-1
val,10618,False,24,26,87.45903006477066,1.2479511409761843,"[796.6145833333334, 1068.0737704918033]","[863.6979166666666, 1223.049180327869]",69.36703666204305,71.363617947313,0,7,-1,-1
val,10618,False,24,20,86.5728268357257,1.451575622208998,"[796.6145833333334, 1068.0737704918033]","[955.9375, 1080.6393442622953]",69.36703666204305,57.3058110955094,0,25,-1,-1
val,10618,False,23,20,95.89685237405806,1.7105357764338147,"[821.7708333333334, 1168.5983606557377]","[955.9375, 1080.6393442622953]",66.52396569879973,57.3058110955094,8,25,-1,-1
val,10618,False,24,27,102.23759005323593,2.1040817534895986,"[796.6145833333334, 1068.0737704918033]","[725.3385416666666, 1197.9180327868853]",69.36703666204305,41.69610213679019,0,26,-1,-1
val,10618,False,26,20,100.76934705499491,1.4506321037188799,"[863.6979166666666, 1223.049180327869]","[955.9375, 1080.6393442622953]",71.363617947313,57.3058110955094,7,25,-1,-1
val,10618,False,19,13,63.07807737440318,1.582151915594986,"[985.2864583333334, 716.2377049180328]","[863.6979166666666, 670.1639344262295]",53.992309492089866,38.86217348535031,5,23,-1,-1
val,10618,False,17,11,68.02897942168927,2.188796534707708,"[763.0729166666666, 762.3114754098361]","[645.6770833333334, 783.2540983606558]",48.14651158566789,35.06120843252032,3,14,-1,-1
val,10618,False,22,27,115.82465493208187,1.8555116041848627,"[863.6979166666666, 1080.6393442622953]","[725.3385416666666, 1197.9180327868853]",77.15742221104912,41.69610213679019,2,26,-1,-1
val,10618,False,21,25,107.07404868885037,1.9957268840188847,"[922.3958333333334, 1139.2786885245903]","[763.0729166666666, 1122.5245901639346]",55.4366380823331,49.93695222382291,9,13,-1,-1
val,10618,False,18,14,89.82400563727631,2.100033444823468,"[859.5052083333334, 716.2377049180328]","[997.8645833333334, 670.1639344262295]",52.67522556820428,40.62952896150631,1,10,-1,-1
val,10618,False,17,13,95.60745312862771,2.913291204033877,"[763.0729166666666, 762.3114754098361]","[863.6979166666666, 670.1639344262295]",48.14651158566789,38.86217348535031,3,23,-1,-1
val,10618,False,16,12,75.47875521999558,2.245357548751317,"[666.640625, 816.7622950819673]","[750.4947916666666, 720.4262295081968]",44.74353431172953,34.809870364525665,6,17,-1,-1
val,10618,False,12,13,72.78346698278686,2.5534129356088644,"[750.4947916666666, 720.4262295081968]","[863.6979166666666, 670.1639344262295]",34.809870364525665,38.86217348535031,17,23,-1,-1
val,10618,False,26,15,136.64446955835166,2.185821943643871,"[863.6979166666666, 1223.049180327869]","[1018.828125, 1089.016393442623]",71.363617947313,46.85251054312874,7,15,-1,-1
val,10618,False,14,13,70.84010022264724,2.268698892803969,"[997.8645833333334, 670.1639344262295]","[863.6979166666666, 670.1639344262295]",40.62952896150631,38.86217348535031,10,23,-1,-1
val,10624,True,20,24,0.0,0.0,"[490.9090909090909, 1024.5859375]","[464.7272727272727, 1076.9609375]",66.67775712675513,59.99659081223623,0,1,-1,-1
val,10624,True,20,21,1.0,0.013690283381188937,"[490.9090909090909, 1024.5859375]","[559.6363636363636, 1044.2265625]",66.67775712675513,75.56497429966538,0,3,-1,-1
val,10624,True,26,27,2.0,0.034552158600162114,"[523.6363636363636, 1119.515625]","[556.3636363636364, 1165.34375]",57.90673830314647,68.42229750201717,9,26,-1,-1
val,10624,True,21,26,9.295630140987,0.14775457618884885,"[559.6363636363636, 1044.2265625]","[523.6363636363636, 1119.515625]",75.56497429966538,57.90673830314647,3,9,-1,-1
val,10624,True,21,23,9.770329614269007,0.14934384584708424,"[559.6363636363636, 1044.2265625]","[615.2727272727273, 1099.875]",75.56497429966538,50.81190246210214,3,15,-1,-1
val,10624,True,21,22,10.180339887498949,0.15339597730788268,"[559.6363636363636, 1044.2265625]","[644.7272727272726, 1027.859375]",75.56497429966538,53.48260656087597,3,25,-1,-1
val,10624,True,24,26,10.313708498984761,0.23837567200819415,"[464.7272727272727, 1076.9609375]","[523.6363636363636, 1119.515625]",59.99659081223623,57.90673830314647,1,9,-1,-1
val,10624,True,11,16,8.899494936611665,0.281145734945811,"[373.09090909090907, 729.9765625]","[399.27272727272725, 759.4375]",35.85482090065688,41.78791827354365,10,11,-1,-1
val,10624,True,23,27,22.345235059857504,0.3687262234741995,"[615.2727272727273, 1099.875]","[556.3636363636364, 1165.34375]",50.81190246210214,68.42229750201717,15,26,-1,-1
val,10624,True,18,13,15.492422502470642,0.3934444714019849,"[592.3636363636363, 690.6953125]","[595.6363636363636, 641.59375]",48.65786748493832,33.539113868599884,4,22,-1,-1
val,10624,True,15,22,16.0,0.39437108675773114,"[697.090909090909, 1008.21875]","[644.7272727272726, 1027.859375]",38.02978049562545,53.48260656087597,5,25,-1,-1
val,10624,True,21,27,34.0,0.44557843976723277,"[559.6363636363636, 1044.2265625]","[556.3636363636364, 1165.34375]",75.56497429966538,68.42229750201717,3,26,-1,-1
val,10624,True,23,22,21.47220505424423,0.4522218331025926,"[615.2727272727273, 1099.875]","[644.7272727272726, 1027.859375]",50.81190246210214,53.48260656087597,15,25,-1,-1
val,10624,True,19,14,17.24828759089466,0.4819160826419738,"[706.9090909090909, 707.0625]","[723.2727272727273, 661.234375]",56.50216206643616,36.885764992621596,6,17,-1,-1
val,10624,True,20,26,27.0,0.5045627330646757,"[490.9090909090909, 1024.5859375]","[523.6363636363636, 1119.515625]",66.67775712675513,57.90673830314647,0,9,-1,-1
val,10624,True,24,27,32.24154027718932,0.527452418370879,"[464.7272727272727, 1076.9609375]","[556.3636363636364, 1165.34375]",59.99659081223623,68.42229750201717,1,26,-1,-1
val,10624,True,24,21,38.35733730830886,0.5819739472454224,"[464.7272727272727, 1076.9609375]","[559.6363636363636, 1044.2265625]",59.99659081223623,75.56497429966538,1,3,-1,-1
val,10624,True,17,12,23.698178070456937,0.6590459507825783,"[494.18181818181813, 720.15625]","[484.3636363636363, 671.0546875]",47.88106714463547,31.051185748110107,2,24,-1,-1
val,10624,False,15,0,-1.0,-1.0,"[697.090909090909, 1008.21875]","[716.7272727272726, 995.125]",38.02978049562545,27.384571801057483,5,29,-1,-1
val,10624,False,20,0,-1.0,-1.0,"[490.9090909090909, 1024.5859375]","[500.7272727272727, 965.6640625]",66.67775712675513,30.87819729488459,0,28,-1,-1
val,10624,False,26,23,45.87216658103186,1.078822609518633,"[523.6363636363636, 1119.515625]","[615.2727272727273, 1099.875]",57.90673830314647,50.81190246210214,9,15,-1,-1
val,10624,False,24,25,51.354560450833695,1.414828190157649,"[464.7272727272727, 1076.9609375]","[392.7272727272727, 1126.0625]",59.99659081223623,30.70423423568808,1,21,-1,-1
val,10624,False,21,0,-1.0,-1.0,"[559.6363636363636, 1044.2265625]","[500.7272727272727, 965.6640625]",75.56497429966538,30.87819729488459,3,28,-1,-1
val,10624,False,22,0,-1.0,-1.0,"[644.7272727272726, 1027.859375]","[716.7272727272726, 995.125]",53.48260656087597,27.384571801057483,25,29,-1,-1
val,10624,False,17,18,49.695167422546305,1.1375436643221246,"[494.18181818181813, 720.15625]","[592.3636363636363, 690.6953125]",47.88106714463547,48.65786748493832,2,4,-1,-1
val,10624,False,18,19,63.07027391856539,1.4540274512355384,"[592.3636363636363, 690.6953125]","[706.9090909090909, 707.0625]",48.65786748493832,56.50216206643616,4,6,-1,-1
val,10624,False,17,16,49.99019513592785,1.2111941458794728,"[494.18181818181813, 720.15625]","[399.27272727272725, 759.4375]",47.88106714463547,41.78791827354365,2,11,-1,-1
val,10624,False,20,27,66.36467917239716,0.9651576677057148,"[490.9090909090909, 1024.5859375]","[556.3636363636364, 1165.34375]",66.67775712675513,68.42229750201717,0,26,-1,-1
val,10624,False,21,15,93.36630754670864,1.5408785777849814,"[559.6363636363636, 1044.2265625]","[697.090909090909, 1008.21875]",75.56497429966538,38.02978049562545,3,5,-1,-1
val,10624,False,20,23,71.00694410957877,1.2580908907169333,"[490.9090909090909, 1024.5859375]","[615.2727272727273, 1099.875]",66.67775712675513,50.81190246210214,0,15,-1,-1
val,10624,False,20,22,78.62411694957753,1.3666011564741147,"[490.9090909090909, 1024.5859375]","[644.7272727272726, 1027.859375]",66.67775712675513,53.48260656087597,0,25,-1,-1
val,10624,False,24,0,-1.0,-1.0,"[464.7272727272727, 1076.9609375]","[500.7272727272727, 965.6640625]",59.99659081223623,30.87819729488459,1,28,-1,-1
val,10624,False,22,27,100.41498903022176,1.6295896083963608,"[644.7272727272726, 1027.859375]","[556.3636363636364, 1165.34375]",53.48260656087597,68.42229750201717,25,26,-1,-1
val,10624,False,26,22,101.06860437960343,2.29909288498435,"[523.6363636363636, 1119.515625]","[644.7272727272726, 1027.859375]",57.90673830314647,53.48260656087597,9,25,-1,-1
val,10624,False,18,12,45.09772228646444,1.2326660082135221,"[592.3636363636363, 690.6953125]","[484.3636363636363, 671.0546875]",48.65786748493832,31.051185748110107,4,24,-1,-1
val,10624,False,15,23,72.53910524340094,1.8596714167261115,"[697.090909090909, 1008.21875]","[615.2727272727273, 1099.875]",38.02978049562545,50.81190246210214,5,15,-1,-1
val,11852,True,21,26,0.0,0.0,"[568.9003436426117, 1067.9453125]","[546.7353951890034, 1097.5078125]",44.64365579796162,58.76836167511957,25,26,-1,-1
val,11852,True,22,24,0.0,0.0,"[502.40549828178695, 1019.90625]","[469.15807560137455, 1093.8125]",78.81139621751599,55.05031525842105,4,24,-1,-1
val,11852,True,24,26,0.0,0.0,"[469.15807560137455, 1093.8125]","[546.7353951890034, 1097.5078125]",55.05031525842105,58.76836167511957,24,26,-1,-1
val,11852,True,22,20,4.0,0.05416544713500916,"[502.40549828178695, 1019.90625]","[568.9003436426117, 994.0390625]",78.81139621751599,51.19575328715434,4,16,-1,-1
val,11852,True,22,20,4.0,0.05416544713500916,"[502.40549828178695, 1019.90625]","[613.2302405498282, 1023.6015625]",78.81139621751599,42.44927612827376,4,14,-1,-1
val,11852,True,16,11,4.0,0.11096138002416887,"[325.085910652921, 724.28125]","[295.53264604810994, 694.71875]",43.716696946640404,37.67905420030541,3,6,-1,-1
val,11852,True,23,25,9.0,0.14554040115445896,"[428.5223367697595, 1001.4296875]","[402.6632302405498, 1064.25]",76.79362993073151,56.87972606964393,2,20,-1,-1
val,11852,True,23,22,12.0,0.15916043250624173,"[428.5223367697595, 1001.4296875]","[502.40549828178695, 1019.90625]",76.79362993073151,78.81139621751599,2,4,-1,-1
val,11852,True,19,14,7.4852813742385695,0.16076018278985818,"[650.171821305842, 631.8984375]","[672.3367697594501, 591.25]",52.64187409553708,39.27557436948904,7,18,-1,-1
val,11852,True,22,26,14.811388300841896,0.1751141739450425,"[502.40549828178695, 1019.90625]","[546.7353951890034, 1097.5078125]",78.81139621751599,58.76836167511957,4,26,-1,-1
val,11852,True,23,24,11.529964086141668,0.19150228004600464,"[428.5223367697595, 1001.4296875]","[469.15807560137455, 1093.8125]",76.79362993073151,55.05031525842105,2,24,-1,-1
val,11852,True,18,13,11.041594578792296,0.2444051171012376,"[517.1821305841925, 620.8125]","[524.5704467353952, 572.7734375]",51.989533232388695,37.13162964223784,0,10,-1,-1
val,11852,True,20,21,14.620499351813308,0.2708196522169151,"[613.2302405498282, 1023.6015625]","[568.9003436426117, 1067.9453125]",42.44927612827376,44.64365579796162,14,25,-1,-1
val,11852,True,20,21,14.620499351813308,0.2708196522169151,"[568.9003436426117, 994.0390625]","[568.9003436426117, 1067.9453125]",51.19575328715434,44.64365579796162,16,25,-1,-1
val,11852,True,25,24,16.08800749063506,0.3189654962873379,"[402.6632302405498, 1064.25]","[469.15807560137455, 1093.8125]",56.87972606964393,55.05031525842105,20,24,-1,-1
val,11852,True,20,15,19.591260281974,0.3565880495520521,"[613.2302405498282, 1023.6015625]","[672.3367697594501, 1001.4296875]",42.44927612827376,43.087646928898494,14,15,-1,-1
val,11852,True,15,20,19.591260281974,0.3565880495520521,"[672.3367697594501, 1001.4296875]","[568.9003436426117, 994.0390625]",43.087646928898494,51.19575328715434,15,16,-1,-1
val,11852,True,22,21,23.351591323771842,0.37273197533900454,"[502.40549828178695, 1019.90625]","[568.9003436426117, 1067.9453125]",78.81139621751599,44.64365579796162,4,25,-1,-1
val,11852,True,17,12,15.763054614240211,0.3950032416626871,"[417.4398625429553, 672.546875]","[410.0515463917526, 624.5078125]",51.062256962706115,34.85606256769928,1,12,-1,-1
val,11852,True,22,25,49.44799302251776,0.7287936761729381,"[502.40549828178695, 1019.90625]","[402.6632302405498, 1064.25]",78.81139621751599,56.87972606964393,4,20,-1,-1
val,11852,True,20,26,57.52349955359813,0.7339008116785297,"[568.9003436426117, 994.0390625]","[546.7353951890034, 1097.5078125]",51.19575328715434,58.76836167511957,16,26,-1,-1
val,11852,True,20,26,57.52349955359813,0.7339008116785297,"[613.2302405498282, 1023.6015625]","[546.7353951890034, 1097.5078125]",42.44927612827376,58.76836167511957,14,26,-1,-1
val,11852,True,23,26,61.12889826803627,0.7656380452644765,"[428.5223367697595, 1001.4296875]","[546.7353951890034, 1097.5078125]",76.79362993073151,58.76836167511957,2,26,-1,-1
val,11852,True,25,26,57.008620049092706,0.7835542487747665,"[402.6632302405498, 1064.25]","[546.7353951890034, 1097.5078125]",56.87972606964393,58.76836167511957,20,26,-1,-1
val,11852,False,20,20,-1.0,-1.0,"[613.2302405498282, 1023.6015625]","[568.9003436426117, 994.0390625]",42.44927612827376,51.19575328715434,14,16,-1,-1
val,11852,False,25,0,-1.0,-1.0,"[402.6632302405498, 1064.25]","[398.96907216494844, 1130.765625]",56.87972606964393,27.648866826142427,20,27,-1,-1
val,11852,False,24,21,48.040799340956916,1.1122760815777737,"[469.15807560137455, 1093.8125]","[568.9003436426117, 1067.9453125]",55.05031525842105,44.64365579796162,24,25,-1,-1
val,11852,False,10,0,-1.0,-1.0,"[842.2680412371134, 842.53125]","[812.7147766323025, 864.703125]",40.64208766984331,13.824433413071214,5,28,-1,-1
val,11852,False,24,0,-1.0,-1.0,"[469.15807560137455, 1093.8125]","[398.96907216494844, 1130.765625]",55.05031525842105,27.648866826142427,24,27,-1,-1
val,11852,False,23,20,84.21150157109074,1.2317627242399771,"[428.5223367697595, 1001.4296875]","[568.9003436426117, 994.0390625]",76.79362993073151,51.19575328715434,2,16,-1,-1
val,11852,False,18,17,49.80354318352215,0.9733643139714558,"[517.1821305841925, 620.8125]","[417.4398625429553, 672.546875]",51.989533232388695,51.062256962706115,0,1,-1,-1
val,11852,False,17,16,52.74011537017761,1.1554318185984127,"[417.4398625429553, 672.546875]","[325.085910652921, 724.28125]",51.062256962706115,43.716696946640404,1,3,-1,-1
val,11852,False,18,12,41.0,0.9477394114338807,"[517.1821305841925, 620.8125]","[410.0515463917526, 624.5078125]",51.989533232388695,34.85606256769928,0,12,-1,-1
val,11852,False,23,21,90.76055797563569,1.6182749532167837,"[428.5223367697595, 1001.4296875]","[568.9003436426117, 1067.9453125]",76.79362993073151,44.64365579796162,2,25,-1,-1
val,11852,False,23,0,-1.0,-1.0,"[428.5223367697595, 1001.4296875]","[398.96907216494844, 1130.765625]",76.79362993073151,27.648866826142427,2,27,-1,-1
val,11852,False,18,19,54.08175741568164,0.9919501881821974,"[517.1821305841925, 620.8125]","[650.171821305842, 631.8984375]",51.989533232388695,52.64187409553708,0,7,-1,-1
val,11852,False,20,24,82.52843827104634,1.4166015342130611,"[568.9003436426117, 994.0390625]","[469.15807560137455, 1093.8125]",51.19575328715434,55.05031525842105,16,24,-1,-1
val,11852,False,17,11,66.60177512462228,1.6889648363684875,"[417.4398625429553, 672.546875]","[295.53264604810994, 694.71875]",51.062256962706115,37.67905420030541,1,6,-1,-1
val,11852,False,15,21,78.20227269466452,2.0259384194995853,"[672.3367697594501, 1001.4296875]","[568.9003436426117, 1067.9453125]",43.087646928898494,44.64365579796162,15,25,-1,-1
val,11852,False,22,15,106.37783756436893,1.675917068523587,"[502.40549828178695, 1019.90625]","[672.3367697594501, 1001.4296875]",78.81139621751599,43.087646928898494,4,15,-1,-1
val,11852,False,19,13,66.53517601961218,1.4462460098090593,"[650.171821305842, 631.8984375]","[524.5704467353952, 572.7734375]",52.64187409553708,37.13162964223784,7,10,-1,-1
val,11852,False,22,0,-1.0,-1.0,"[502.40549828178695, 1019.90625]","[398.96907216494844, 1130.765625]",78.81139621751599,27.648866826142427,4,27,-1,-1
val,11852,False,23,20,84.21150157109074,1.2317627242399771,"[428.5223367697595, 1001.4296875]","[613.2302405498282, 1023.6015625]",76.79362993073151,42.44927612827376,2,14,-1,-1
val,11852,False,15,26,107.85311203635843,1.5700290647741177,"[672.3367697594501, 1001.4296875]","[546.7353951890034, 1097.5078125]",43.087646928898494,58.76836167511957,15,26,-1,-1
val,11852,False,25,21,115.21101496846157,2.5356339560839336,"[402.6632302405498, 1064.25]","[568.9003436426117, 1067.9453125]",56.87972606964393,44.64365579796162,20,25,-1,-1
val,11852,False,20,24,82.52843827104634,1.4166015342130611,"[613.2302405498282, 1023.6015625]","[469.15807560137455, 1093.8125]",42.44927612827376,55.05031525842105,14,24,-1,-1
val,11852,False,17,13,84.14693182963201,2.0046351136552,"[417.4398625429553, 672.546875]","[524.5704467353952, 572.7734375]",51.062256962706115,37.13162964223784,1,10,-1,-1
val,11852,False,20,25,129.78226179417453,2.165143721670437,"[568.9003436426117, 994.0390625]","[402.6632302405498, 1064.25]",51.19575328715434,56.87972606964393,16,20,-1,-1
val,11945,True,22,24,2.0,0.02509428066142478,"[549.8888888888888, 946.1145833333333]","[482.55555555555554, 938.6354166666666]",82.11338047533069,75.08322799762414,4,11,-1,-1
val,11945,True,25,24,4.0,0.06428658552244854,"[448.88888888888886, 998.46875]","[482.55555555555554, 938.6354166666666]",61.570837077264606,75.08322799762414,6,11,-1,-1
val,11945,True,22,20,13.317821063276353,0.17167501094827095,"[549.8888888888888, 946.1145833333333]","[624.7037037037037, 912.4583333333333]",82.11338047533069,49.19415035359738,4,26,-1,-1
val,11945,True,22,20,13.317821063276353,0.17167501094827095,"[549.8888888888888, 946.1145833333333]","[662.1111111111111, 938.6354166666666]",82.11338047533069,45.037514369881514,4,25,-1,-1
val,11945,True,19,14,9.770329614269007,0.1994567959465017,"[688.2962962962963, 579.6354166666666]","[710.7407407407406, 531.0208333333333]",57.70040893579545,41.8162823078449,1,14,-1,-1
val,11945,True,26,23,13.142135623730951,0.21482510868608323,"[572.3333333333333, 1091.9583333333333]","[516.2222222222222, 1035.8645833333333]",73.19641310867156,55.096026581430785,2,15,-1,-1
val,11945,True,22,23,15.552945357246848,0.22572525872073015,"[549.8888888888888, 946.1145833333333]","[516.2222222222222, 1035.8645833333333]",82.11338047533069,55.096026581430785,4,15,-1,-1
val,11945,True,18,13,16.72004514666935,0.3528425207474447,"[557.3703703703703, 587.1145833333333]","[557.3703703703703, 531.0208333333333]",57.942340432664736,37.21414195048854,0,16,-1,-1
val,11945,True,22,21,23.698178070456937,0.3541778614331952,"[549.8888888888888, 946.1145833333333]","[617.2222222222222, 1013.4270833333333]",82.11338047533069,38.86890359486188,4,23,-1,-1
val,11945,True,11,16,14.264337522473747,0.37421293862953375,"[314.22222222222223, 646.9479166666666]","[336.66666666666663, 684.34375]",34.074497405784136,42.64440789472117,8,10,-1,-1
val,11945,True,15,20,22.706539182259394,0.4323682702455313,"[721.9629629629629, 923.6770833333333]","[662.1111111111111, 938.6354166666666]",39.934002266702954,45.037514369881514,7,25,-1,-1
val,11945,True,15,20,22.706539182259394,0.4323682702455313,"[721.9629629629629, 923.6770833333333]","[624.7037037037037, 912.4583333333333]",39.934002266702954,49.19415035359738,7,26,-1,-1
val,11945,True,17,12,18.924858845171276,0.44058982535434976,"[441.4074074074074, 628.25]","[430.18518518518516, 579.6354166666666]",51.55457524211659,36.45458975489274,3,12,-1,-1
val,11945,True,25,23,23.596747752497688,0.49559439945979755,"[448.88888888888886, 998.46875]","[516.2222222222222, 1035.8645833333333]",61.570837077264606,55.096026581430785,6,15,-1,-1
val,11945,True,24,23,30.016124838541646,0.5229496383732137,"[482.55555555555554, 938.6354166666666]","[516.2222222222222, 1035.8645833333333]",75.08322799762414,55.096026581430785,11,15,-1,-1
val,11945,True,26,21,31.0,0.5261042808091513,"[572.3333333333333, 1091.9583333333333]","[617.2222222222222, 1013.4270833333333]",73.19641310867156,38.86890359486188,2,23,-1,-1
val,11945,True,22,25,50.35172830587107,0.690041112166582,"[549.8888888888888, 946.1145833333333]","[448.88888888888886, 998.46875]",82.11338047533069,61.570837077264606,4,6,-1,-1
val,11945,True,26,22,62.50590523722971,0.7579954397586653,"[572.3333333333333, 1091.9583333333333]","[549.8888888888888, 946.1145833333333]",73.19641310867156,82.11338047533069,2,4,-1,-1
val,11945,False,20,20,-1.0,-1.0,"[662.1111111111111, 938.6354166666666]","[624.7037037037037, 912.4583333333333]",45.037514369881514,49.19415035359738,25,26,-1,-1
val,11945,False,21,20,42.829214001622255,0.825779247168731,"[617.2222222222222, 1013.4270833333333]","[662.1111111111111, 938.6354166666666]",38.86890359486188,45.037514369881514,23,25,-1,-1
val,11945,False,23,21,52.150729063673246,1.3841803695461372,"[516.2222222222222, 1035.8645833333333]","[617.2222222222222, 1013.4270833333333]",55.096026581430785,38.86890359486188,15,23,-1,-1
val,11945,False,24,20,87.05679985100527,1.2884937248299564,"[482.55555555555554, 938.6354166666666]","[624.7037037037037, 912.4583333333333]",75.08322799762414,49.19415035359738,11,26,-1,-1
val,11945,False,18,17,56.584720195551874,1.0719379559366655,"[557.3703703703703, 587.1145833333333]","[441.4074074074074, 628.25]",57.942340432664736,51.55457524211659,0,3,-1,-1
val,11945,False,21,20,42.829214001622255,0.825779247168731,"[617.2222222222222, 1013.4270833333333]","[624.7037037037037, 912.4583333333333]",38.86890359486188,49.19415035359738,23,26,-1,-1
val,11945,False,26,25,59.74537019394976,0.9090494685995786,"[572.3333333333333, 1091.9583333333333]","[448.88888888888886, 998.46875]",73.19641310867156,61.570837077264606,2,6,-1,-1
val,11945,False,18,19,68.2314957226839,1.228748258452922,"[557.3703703703703, 587.1145833333333]","[688.2962962962963, 579.6354166666666]",57.942340432664736,57.70040893579545,0,1,-1,-1
val,11945,False,24,21,94.63472172804185,1.72091577654696,"[482.55555555555554, 938.6354166666666]","[617.2222222222222, 1013.4270833333333]",75.08322799762414,38.86890359486188,11,23,-1,-1
val,11945,False,26,24,85.57944328765345,1.1703462419543242,"[572.3333333333333, 1091.9583333333333]","[482.55555555555554, 938.6354166666666]",73.19641310867156,75.08322799762414,2,11,-1,-1
val,11945,False,17,16,67.42514157822401,1.4142368498618123,"[441.4074074074074, 628.25]","[336.66666666666663, 684.34375]",51.55457524211659,42.64440789472117,3,10,-1,-1
val,11945,False,18,12,56.0701322935211,1.2409574443148799,"[557.3703703703703, 587.1145833333333]","[430.18518518518516, 579.6354166666666]",57.942340432664736,36.45458975489274,0,12,-1,-1
val,11945,False,22,15,113.28473213863697,1.680368138702694,"[549.8888888888888, 946.1145833333333]","[721.9629629629629, 923.6770833333333]",82.11338047533069,39.934002266702954,4,7,-1,-1
val,11945,False,19,13,69.3846574190711,1.432515878212425,"[688.2962962962963, 579.6354166666666]","[557.3703703703703, 531.0208333333333]",57.70040893579545,37.21414195048854,1,16,-1,-1
val,11945,False,24,20,87.05679985100527,1.2884937248299564,"[482.55555555555554, 938.6354166666666]","[662.1111111111111, 938.6354166666666]",75.08322799762414,45.037514369881514,11,25,-1,-1
val,11945,False,26,20,112.08846094982458,1.5831135050458125,"[572.3333333333333, 1091.9583333333333]","[662.1111111111111, 938.6354166666666]",73.19641310867156,45.037514369881514,2,25,-1,-1
val,11945,False,17,11,69.0,1.6400702754682728,"[441.4074074074074, 628.25]","[314.22222222222223, 646.9479166666666]",51.55457524211659,34.074497405784136,3,8,-1,-1
val,11945,False,26,20,112.08846094982458,1.5831135050458125,"[572.3333333333333, 1091.9583333333333]","[624.7037037037037, 912.4583333333333]",73.19641310867156,49.19415035359738,2,26,-1,-1
val,12498,True,22,24,0.0,0.0,"[644.5127388535032, 1128.0]","[576.4585987261147, 1112.0]",89.47831819358024,85.35687540171529,21,23,-1,-1
val,12498,True,23,22,0.0,0.0,"[624.4968152866243, 1232.0]","[644.5127388535032, 1128.0]",80.23167092307301,89.47831819358024,11,21,-1,-1
val,12498,True,26,23,0.41421356237309515,0.00531611293189208,"[700.5573248407643, 1272.0]","[624.4968152866243, 1232.0]",81.81274253295956,80.23167092307301,7,11,-1,-1
val,12498,True,21,22,2.0,0.021060800786885447,"[720.5732484076433, 1192.0]","[644.5127388535032, 1128.0]",79.02511090068928,89.47831819358024,3,21,-1,-1
val,12498,True,22,20,2.1622776601683795,0.02125351650058684,"[644.5127388535032, 1128.0]","[720.5732484076433, 1084.0]",89.47831819358024,65.26399110560008,21,27,-1,-1
val,12498,True,22,20,2.1622776601683795,0.02125351650058684,"[644.5127388535032, 1128.0]","[772.6146496815287, 1108.0]",89.47831819358024,69.88480056720825,21,26,-1,-1
val,12498,True,21,26,5.082762530298219,0.061120658819101656,"[720.5732484076433, 1192.0]","[700.5573248407643, 1272.0]",79.02511090068928,81.81274253295956,3,7,-1,-1
val,12498,True,25,24,5.708203932499369,0.07805554872284909,"[552.4394904458599, 1192.0]","[576.4585987261147, 1112.0]",72.91247698002762,85.35687540171529,5,23,-1,-1
val,12498,True,21,20,10.661903789690601,0.12628032248049037,"[720.5732484076433, 1192.0]","[772.6146496815287, 1108.0]",79.02511090068928,69.88480056720825,3,26,-1,-1
val,12498,True,21,20,10.661903789690601,0.12628032248049037,"[720.5732484076433, 1192.0]","[720.5732484076433, 1084.0]",79.02511090068928,65.26399110560008,3,27,-1,-1
val,12498,True,16,11,6.0710678118654755,0.1389147623248296,"[428.3407643312102, 808.0]","[400.31847133757964, 776.0]",51.40138043698851,45.09565205643338,2,20,-1,-1
val,12498,True,15,20,10.661903789690601,0.14168095593889188,"[844.671974522293, 1084.0]","[772.6146496815287, 1108.0]",61.343244375996676,69.88480056720825,16,26,-1,-1
val,12498,True,15,20,10.661903789690601,0.14168095593889188,"[844.671974522293, 1084.0]","[720.5732484076433, 1084.0]",61.343244375996676,65.26399110560008,16,27,-1,-1
val,12498,True,21,23,16.0,0.2273796485936402,"[720.5732484076433, 1192.0]","[624.4968152866243, 1232.0]",79.02511090068928,80.23167092307301,3,11,-1,-1
val,12498,True,19,14,12.892443989449804,0.24217835803369028,"[772.6146496815287, 680.0]","[792.6305732484077, 632.0]",61.21258769011277,44.55984310827849,1,17,-1,-1
val,12498,True,25,23,16.029386365926403,0.24631461977909042,"[552.4394904458599, 1192.0]","[624.4968152866243, 1232.0]",72.91247698002762,80.23167092307301,5,11,-1,-1
val,12498,True,18,13,13.317821063276353,0.2476047424709501,"[628.5, 688.0]","[636.5063694267516, 632.0]",63.39714072597674,49.97986855871569,0,10,-1,-1
val,12498,True,17,12,13.317821063276353,0.28271869294246,"[516.4108280254777, 736.0]","[504.40127388535035, 684.0]",56.02228855809645,39.00269466437931,4,19,-1,-1
val,12498,True,25,22,27.653097563788805,0.3035047551616954,"[552.4394904458599, 1192.0]","[644.5127388535032, 1128.0]",72.91247698002762,89.47831819358024,5,21,-1,-1
val,12498,True,23,24,25.92582403567252,0.3588370829410083,"[624.4968152866243, 1232.0]","[576.4585987261147, 1112.0]",80.23167092307301,85.35687540171529,11,23,-1,-1
val,12498,True,26,22,45.87216658103186,0.4556001087805857,"[700.5573248407643, 1272.0]","[644.5127388535032, 1128.0]",81.81274253295956,89.47831819358024,7,21,-1,-1
val,12498,True,26,27,32.95585369269929,0.4666966188057645,"[700.5573248407643, 1272.0]","[532.4235668789809, 1272.0]",81.81274253295956,47.00806273165742,7,14,-1,-1
val,12498,True,25,27,26.784887978899608,0.47719962356517154,"[552.4394904458599, 1192.0]","[532.4235668789809, 1272.0]",72.91247698002762,47.00806273165742,5,14,-1,-1
val,12498,True,23,27,26.586228448267445,0.4835858419510153,"[624.4968152866243, 1232.0]","[532.4235668789809, 1272.0]",80.23167092307301,47.00806273165742,11,14,-1,-1
val,12498,False,20,20,-1.0,-1.0,"[772.6146496815287, 1108.0]","[720.5732484076433, 1084.0]",69.88480056720825,65.26399110560008,26,27,-1,-1
val,12498,False,24,20,92.38094023943002,1.0741243667604352,"[576.4585987261147, 1112.0]","[720.5732484076433, 1084.0]",85.35687540171529,65.26399110560008,23,27,-1,-1
val,12498,False,21,24,80.70679286326198,1.0363646463241722,"[720.5732484076433, 1192.0]","[576.4585987261147, 1112.0]",79.02511090068928,85.35687540171529,3,23,-1,-1
val,12498,False,18,17,52.48831648126533,0.857702611380785,"[628.5, 688.0]","[516.4108280254777, 736.0]",63.39714072597674,56.02228855809645,0,4,-1,-1
val,12498,False,10,0,-1.0,-1.0,"[956.7611464968153, 828.0]","[932.7420382165606, 868.0]",48.68146824324911,16.977317201579798,12,28,-1,-1
val,12498,False,16,17,46.885279575251516,0.8696637070191036,"[428.3407643312102, 808.0]","[516.4108280254777, 736.0]",51.40138043698851,56.02228855809645,2,4,-1,-1
val,12498,False,25,26,69.60453243241541,0.8840497430796863,"[552.4394904458599, 1192.0]","[700.5573248407643, 1272.0]",72.91247698002762,81.81274253295956,5,7,-1,-1
val,12498,False,21,25,91.13576938409967,1.2787286096809658,"[720.5732484076433, 1192.0]","[552.4394904458599, 1192.0]",79.02511090068928,72.91247698002762,3,5,-1,-1
val,12498,False,18,19,63.19501538281614,0.9994508208412419,"[628.5, 688.0]","[772.6146496815287, 680.0]",63.39714072597674,61.21258769011277,0,1,-1,-1
val,12498,False,21,15,86.09190547921202,1.3082576975578595,"[720.5732484076433, 1192.0]","[844.671974522293, 1084.0]",79.02511090068928,61.343244375996676,3,16,-1,-1
val,12498,False,26,20,88.0,0.9689655708024831,"[700.5573248407643, 1272.0]","[772.6146496815287, 1108.0]",81.81274253295956,69.88480056720825,7,26,-1,-1
val,12498,False,18,12,53.0,1.0216897131403577,"[628.5, 688.0]","[504.40127388535035, 684.0]",63.39714072597674,39.00269466437931,0,19,-1,-1
val,12498,False,26,24,92.94147114027967,1.0965448023588003,"[700.5573248407643, 1272.0]","[576.4585987261147, 1112.0]",81.81274253295956,85.35687540171529,7,23,-1,-1
val,12498,False,23,20,99.65783625729296,1.257168137604155,"[624.4968152866243, 1232.0]","[720.5732484076433, 1084.0]",80.23167092307301,65.26399110560008,11,27,-1,-1
val,12498,False,17,11,63.32728814430156,1.3272632310422765,"[516.4108280254777, 736.0]","[400.31847133757964, 776.0]",56.02228855809645,45.09565205643338,4,20,-1,-1
val,12498,False,27,24,93.76286192385707,1.45803128339113,"[532.4235668789809, 1272.0]","[576.4585987261147, 1112.0]",47.00806273165742,85.35687540171529,14,23,-1,-1
val,12498,False,24,20,92.38094023943002,1.0741243667604352,"[576.4585987261147, 1112.0]","[772.6146496815287, 1108.0]",85.35687540171529,69.88480056720825,23,26,-1,-1
val,12498,False,26,20,88.0,0.9689655708024831,"[700.5573248407643, 1272.0]","[720.5732484076433, 1084.0]",81.81274253295956,65.26399110560008,7,27,-1,-1
val,12498,False,23,20,99.65783625729296,1.257168137604155,"[624.4968152866243, 1232.0]","[772.6146496815287, 1108.0]",80.23167092307301,69.88480056720825,11,26,-1,-1
val,12498,False,19,13,65.30987860040162,1.2629849487829832,"[772.6146496815287, 680.0]","[636.5063694267516, 632.0]",61.21258769011277,49.97986855871569,1,10,-1,-1
val,12498,False,15,22,125.19429464123962,1.4405859363061801,"[844.671974522293, 1084.0]","[644.5127388535032, 1128.0]",61.343244375996676,89.47831819358024,16,21,-1,-1
val,12498,False,27,22,94.4148835350125,1.1213675220961554,"[532.4235668789809, 1272.0]","[644.5127388535032, 1128.0]",47.00806273165742,89.47831819358024,14,21,-1,-1
val,12498,False,25,20,138.6030085635693,1.7309156335821365,"[552.4394904458599, 1192.0]","[720.5732484076433, 1084.0]",72.91247698002762,65.26399110560008,5,27,-1,-1
val,12498,False,17,13,90.21403400793103,1.833482243809855,"[516.4108280254777, 736.0]","[636.5063694267516, 632.0]",56.02228855809645,49.97986855871569,4,10,-1,-1
val,12627,True,24,22,0.0,0.0,"[398.6037735849057, 943.6666666666667]","[461.874213836478, 969.0]",68.54456537427316,73.41380661766856,1,5,-1,-1
val,12627,True,26,23,10.180339887498949,0.21514696850045595,"[490.34591194968556, 1083.0]","[423.91194968553464, 1051.3333333333335]",60.386143883887954,43.74246865394431,4,6,-1,-1
val,12627,True,22,20,14.0,0.22664821691649034,"[461.874213836478, 969.0]","[521.9811320754717, 950.0]",73.41380661766856,45.206583813928994,5,25,-1,-1
val,12627,True,19,14,10.180339887498949,0.2362415731758671,"[569.433962264151, 623.8333333333334]","[582.0880503144655, 582.6666666666667]",48.931165016308874,31.172560233808166,0,17,-1,-1
val,12627,True,16,11,7.4852813742385695,0.24598160840906508,"[287.8805031446541, 693.5]","[265.7358490566038, 661.8333333333334]",37.44989664751898,27.9533528777304,7,10,-1,-1
val,12627,True,24,25,22.345235059857504,0.4623262029435539,"[398.6037735849057, 943.6666666666667]","[376.45911949685535, 1016.5]",68.54456537427316,29.522031001701237,1,22,-1,-1
val,12627,True,17,12,17.027756377319946,0.4823901227575009,"[366.9685534591195, 655.5]","[354.31446540880506, 611.1666666666667]",43.28200879251452,29.180724375046122,2,14,-1,-1
val,12627,True,22,23,28.546573405388315,0.5126702511223138,"[461.874213836478, 969.0]","[423.91194968553464, 1051.3333333333335]",73.41380661766856,43.74246865394431,5,6,-1,-1
val,12627,True,18,13,21.847319317591726,0.5470383992555486,"[458.71069182389937, 627.0]","[458.71069182389937, 576.3333333333334]",49.237306678703966,31.332831522811617,3,18,-1,-1
val,12627,True,26,22,39.024992192379,0.5754859556596654,"[490.34591194968556, 1083.0]","[461.874213836478, 969.0]",60.386143883887954,73.41380661766856,4,5,-1,-1
val,12627,True,22,21,33.0147027033899,0.6168010120891608,"[461.874213836478, 969.0]","[521.9811320754717, 1019.6666666666667]",73.41380661766856,24.516712307932668,5,26,-1,-1
val,12627,True,22,25,38.21734310225516,0.6825069666038303,"[461.874213836478, 969.0]","[376.45911949685535, 1016.5]",73.41380661766856,29.522031001701237,5,22,-1,-1
val,12627,True,26,21,31.0,0.6925753345020085,"[490.34591194968556, 1083.0]","[521.9811320754717, 1019.6666666666667]",60.386143883887954,24.516712307932668,4,26,-1,-1
val,12627,True,15,20,28.410882339705484,0.7503879872247302,"[610.559748427673, 937.3333333333334]","[521.9811320754717, 950.0]",40.90202795687917,45.206583813928994,8,25,-1,-1
val,12627,True,23,25,21.80350850198276,0.7827003407744869,"[423.91194968553464, 1051.3333333333335]","[376.45911949685535, 1016.5]",43.74246865394431,29.522031001701237,6,22,-1,-1
val,12627,False,0,20,-1.0,-1.0,"[569.433962264151, 969.0]","[521.9811320754717, 950.0]",24.516712307932668,45.206583813928994,19,25,-1,-1
val,12627,False,15,0,-1.0,-1.0,"[610.559748427673, 937.3333333333334]","[569.433962264151, 969.0]",40.90202795687917,24.516712307932668,8,19,-1,-1
val,12627,False,24,23,51.0,1.0631924080239623,"[398.6037735849057, 943.6666666666667]","[423.91194968553464, 1051.3333333333335]",68.54456537427316,43.74246865394431,1,6,-1,-1
val,12627,False,20,21,35.87817782917155,1.026978818238594,"[521.9811320754717, 950.0]","[521.9811320754717, 1019.6666666666667]",45.206583813928994,24.516712307932668,25,26,-1,-1
val,12627,False,17,18,38.21734310225516,0.8231642062832363,"[366.9685534591195, 655.5]","[458.71069182389937, 627.0]",43.28200879251452,49.237306678703966,2,3,-1,-1
val,12627,False,22,0,-1.0,-1.0,"[461.874213836478, 969.0]","[569.433962264151, 969.0]",73.41380661766856,24.516712307932668,5,19,-1,-1
val,12627,False,24,20,72.0,1.3110426733126135,"[398.6037735849057, 943.6666666666667]","[521.9811320754717, 950.0]",68.54456537427316,45.206583813928994,1,25,-1,-1
val,12627,False,17,16,47.25971404805462,1.1829724921708935,"[366.9685534591195, 655.5]","[287.8805031446541, 693.5]",43.28200879251452,37.44989664751898,2,7,-1,-1
val,12627,False,19,18,48.25444142409901,0.9602042111778367,"[569.433962264151, 623.8333333333334]","[458.71069182389937, 627.0]",48.931165016308874,49.237306678703966,0,3,-1,-1
val,12627,False,26,20,85.12200647918046,1.5661617269155155,"[490.34591194968556, 1083.0]","[521.9811320754717, 950.0]",60.386143883887954,45.206583813928994,4,25,-1,-1
val,12627,False,22,15,109.3177229641729,1.9704084860030135,"[461.874213836478, 969.0]","[610.559748427673, 937.3333333333334]",73.41380661766856,40.90202795687917,5,8,-1,-1
val,12627,False,18,12,53.405882034941776,1.378244994436302,"[458.71069182389937, 627.0]","[354.31446540880506, 611.1666666666667]",49.237306678703966,29.180724375046122,3,14,-1,-1
val,12627,False,26,25,65.40030120413611,1.3714643352503033,"[490.34591194968556, 1083.0]","[376.45911949685535, 1016.5]",60.386143883887954,29.522031001701237,4,22,-1,-1
val,12627,False,24,26,87.10221336606703,1.4131704393014182,"[398.6037735849057, 943.6666666666667]","[490.34591194968556, 1083.0]",68.54456537427316,60.386143883887954,1,4,-1,-1
val,12627,False,17,11,55.0,1.568231358408553,"[366.9685534591195, 655.5]","[265.7358490566038, 661.8333333333334]",43.28200879251452,27.9533528777304,2,10,-1,-1
val,12827,True,22,24,0.0,0.0,"[568.5895522388059, 1406.25]","[505.9925373134328, 1380.2083333333333]",90.58140356409692,80.58134737503536,19,25,-1,-1
val,12827,True,15,20,0.0,0.0,"[745.9477611940298, 1380.2083333333333]","[678.1343283582089, 1390.625]",65.7255359969742,82.084548694187,17,26,-1,-1
val,12827,True,21,22,0.0,0.0,"[625.9701492537313, 1463.5416666666667]","[568.5895522388059, 1406.25]",76.4284064073702,90.58140356409692,4,19,-1,-1
val,12827,True,26,23,0.0,0.0,"[599.8880597014925, 1531.25]","[521.6417910447761, 1489.5833333333333]",84.04700621516118,81.75289259568247,1,14,-1,-1
val,12827,True,23,22,0.0,0.0,"[521.6417910447761, 1489.5833333333333]","[568.5895522388059, 1406.25]",81.75289259568247,90.58140356409692,14,19,-1,-1
val,12827,True,26,21,2.0,0.026452388456785166,"[599.8880597014925, 1531.25]","[625.9701492537313, 1463.5416666666667]",84.04700621516118,76.4284064073702,1,4,-1,-1
val,12827,True,25,24,4.830951894845301,0.06673705982914739,"[459.04477611940297, 1442.7083333333333]","[505.9925373134328, 1380.2083333333333]",71.46847233090568,80.58134737503536,3,25,-1,-1
val,12827,True,19,14,4.830951894845301,0.09196392820792842,"[766.8134328358209, 1000.0]","[792.8955223880597, 953.125]",62.54848865349042,52.64239750358424,9,10,-1,-1
val,12827,True,22,20,8.0,0.0925954455590619,"[568.5895522388059, 1406.25]","[678.1343283582089, 1390.625]",90.58140356409692,82.084548694187,19,26,-1,-1
val,12827,True,18,13,7.062257748298549,0.12785639645011795,"[631.1865671641791, 989.5833333333333]","[652.0522388059701, 937.5]",65.51852592058195,54.6678402828759,5,12,-1,-1
val,12827,True,21,20,10.180339887498949,0.1410335954500964,"[625.9701492537313, 1463.5416666666667]","[678.1343283582089, 1390.625]",76.4284064073702,82.084548694187,4,26,-1,-1
val,12827,True,25,23,9.816653826391969,0.14789082442151189,"[459.04477611940297, 1442.7083333333333]","[521.6417910447761, 1489.5833333333333]",71.46847233090568,81.75289259568247,3,14,-1,-1
val,12827,True,17,12,7.4852813742385695,0.1542619379108515,"[516.4253731343283, 1026.0416666666667]","[500.77611940298505, 973.9583333333333]",62.33092803377981,48.055714323111225,0,6,-1,-1
val,12827,True,16,11,7.4852813742385695,0.1586163755128596,"[401.6641791044776, 1067.7083333333333]","[380.79850746268653, 1026.0416666666667]",55.652925658300816,47.77219730995105,2,15,-1,-1
val,12827,True,21,23,16.0,0.24018772001305652,"[625.9701492537313, 1463.5416666666667]","[521.6417910447761, 1489.5833333333333]",76.4284064073702,81.75289259568247,4,14,-1,-1
val,12827,True,26,27,19.248456731316587,0.2747117800188809,"[599.8880597014925, 1531.25]","[448.6119402985074, 1552.0833333333333]",84.04700621516118,50.535841426226554,1,22,-1,-1
val,12827,True,23,24,20.37755832643195,0.2773805058646834,"[521.6417910447761, 1489.5833333333333]","[505.9925373134328, 1380.2083333333333]",81.75289259568247,80.58134737503536,14,25,-1,-1
val,12827,True,26,22,43.14748010928823,0.4832953917681584,"[599.8880597014925, 1531.25]","[568.5895522388059, 1406.25]",84.04700621516118,90.58140356409692,1,19,-1,-1
val,12827,True,25,22,45.0,0.5566809152841323,"[459.04477611940297, 1442.7083333333333]","[568.5895522388059, 1406.25]",71.46847233090568,90.58140356409692,3,19,-1,-1
val,12827,True,23,27,35.40054944640259,0.5875255830434378,"[521.6417910447761, 1489.5833333333333]","[448.6119402985074, 1552.0833333333333]",81.75289259568247,50.535841426226554,14,22,-1,-1
val,12827,True,17,18,39.792156108742276,0.642519744768634,"[516.4253731343283, 1026.0416666666667]","[631.1865671641791, 989.5833333333333]",62.33092803377981,65.51852592058195,0,5,-1,-1
val,12827,False,25,27,50.42956348249516,0.8556606443813881,"[459.04477611940297, 1442.7083333333333]","[448.6119402985074, 1552.0833333333333]",71.46847233090568,50.535841426226554,3,22,-1,-1
val,12827,False,21,24,75.15773105863909,1.035157791270483,"[625.9701492537313, 1463.5416666666667]","[505.9925373134328, 1380.2083333333333]",76.4284064073702,80.58134737503536,4,25,-1,-1
val,12827,False,26,20,75.32168761236873,0.9260941007331479,"[599.8880597014925, 1531.25]","[678.1343283582089, 1390.625]",84.04700621516118,82.084548694187,1,26,-1,-1
val,12827,False,21,15,77.26237921249263,1.3270896390366242,"[625.9701492537313, 1463.5416666666667]","[745.9477611940298, 1380.2083333333333]",76.4284064073702,65.7255359969742,4,17,-1,-1
val,12827,False,17,16,48.040799340956916,0.8582820453465255,"[516.4253731343283, 1026.0416666666667]","[401.6641791044776, 1067.7083333333333]",62.33092803377981,55.652925658300816,0,2,-1,-1
val,12827,False,24,20,80.00617260431454,1.018546622005077,"[505.9925373134328, 1380.2083333333333]","[678.1343283582089, 1390.625]",80.58134737503536,82.084548694187,25,26,-1,-1
val,12827,False,18,19,53.0,0.8279228950549524,"[631.1865671641791, 989.5833333333333]","[766.8134328358209, 1000.0]",65.51852592058195,62.54848865349042,5,9,-1,-1
val,12827,False,26,25,70.8679344353238,0.9399062558402813,"[599.8880597014925, 1531.25]","[459.04477611940297, 1442.7083333333333]",84.04700621516118,71.46847233090568,1,3,-1,-1
val,12827,False,26,24,85.88498144098322,1.0511363673851883,"[599.8880597014925, 1531.25]","[505.9925373134328, 1380.2083333333333]",84.04700621516118,80.58134737503536,1,25,-1,-1
val,12827,False,19,13,57.60034129593445,1.1091354427024929,"[766.8134328358209, 1000.0]","[652.0522388059701, 937.5]",62.54848865349042,54.6678402828759,9,12,-1,-1
val,12827,False,23,20,85.68333173107735,1.1729741328957877,"[521.6417910447761, 1489.5833333333333]","[678.1343283582089, 1390.625]",81.75289259568247,82.084548694187,14,26,-1,-1
val,12827,False,25,21,101.95630140987001,1.558356518035624,"[459.04477611940297, 1442.7083333333333]","[625.9701492537313, 1463.5416666666667]",71.46847233090568,76.4284064073702,3,4,-1,-1
val,12827,False,15,22,104.17128885774862,1.3866720847380405,"[745.9477611940298, 1380.2083333333333]","[568.5895522388059, 1406.25]",65.7255359969742,90.58140356409692,17,19,-1,-1
val,12827,False,18,12,50.86520991955976,0.933188794514251,"[631.1865671641791, 989.5833333333333]","[500.77611940298505, 973.9583333333333]",65.51852592058195,48.055714323111225,5,6,-1,-1
val,12827,False,17,11,66.1863081289633,1.376196156007808,"[516.4253731343283, 1026.0416666666667]","[380.79850746268653, 1026.0416666666667]",62.33092803377981,47.77219730995105,0,15,-1,-1
val,12827,False,22,27,103.20172743289815,1.3599202085526314,"[568.5895522388059, 1406.25]","[448.6119402985074, 1552.0833333333333]",90.58140356409692,50.535841426226554,19,22,-1,-1
val,12827,False,16,12,54.86591089385369,1.1519488672384248,"[401.6641791044776, 1067.7083333333333]","[500.77611940298505, 973.9583333333333]",55.652925658300816,48.055714323111225,2,6,-1,-1
val,12827,False,14,13,53.08326913195984,1.2827510267523496,"[792.8955223880597, 953.125]","[652.0522388059701, 937.5]",52.64239750358424,54.6678402828759,10,12,-1,-1
val,12827,False,27,24,110.40017953306898,1.6522789347857176,"[448.6119402985074, 1552.0833333333333]","[505.9925373134328, 1380.2083333333333]",50.535841426226554,80.58134737503536,22,25,-1,-1
val,12827,False,26,15,107.4665847162157,1.5521169167803601,"[599.8880597014925, 1531.25]","[745.9477611940298, 1380.2083333333333]",84.04700621516118,65.7255359969742,1,17,-1,-1
val,12827,False,12,11,46.53945729601885,1.222818681035039,"[500.77611940298505, 973.9583333333333]","[380.79850746268653, 1026.0416666666667]",48.055714323111225,47.77219730995105,6,15,-1,-1
val,13220,True,24,22,6.0,0.13320184086216116,"[522.005376344086, 982.1666666666667]","[577.3172043010752, 989.0833333333334]",43.59944910621683,50.22543043127822,0,1,-1,-1
val,13220,True,19,14,23.351591323771842,0.780339671314342,"[684.4838709677418, 733.1666666666667]","[698.3118279569892, 684.75]",36.75544299291923,29.74392652079668,4,14,-1,-1
val,13220,False,18,13,30.32091952673165,1.1687855554001092,"[587.6881720430107, 726.25]","[594.6021505376343, 670.9166666666667]",36.264256867677226,29.339228391023596,3,6,-1,-1
val,13220,False,11,16,26.65863337187866,1.3141742767929632,"[421.75268817204295, 750.4583333333334]","[432.12365591397844, 795.4166666666667]",26.10476978209814,23.955379668328437,8,17,-1,-1
val,13436,True,24,22,5.0,0.05552642895737323,"[664.2513368983957, 1068.1666666666667]","[746.7914438502673, 1087.8020833333333]",86.43320270250179,90.95787795181528,5,6,-1,-1
val,13436,True,26,23,7.54400374531753,0.10801423579867221,"[774.3048128342245, 1233.1041666666667]","[711.4171122994652, 1193.8333333333333]",75.26463450531897,57.60725146301456,3,15,-1,-1
val,13436,True,19,14,12.45362404707371,0.24529935938597708,"[896.1497326203208, 683.3125]","[919.7326203208555, 636.1875]",58.405542428468515,44.275123913926905,7,13,-1,-1
val,13436,True,22,20,20.540659228538015,0.24832637149353878,"[746.7914438502673, 1087.8020833333333]","[825.4010695187166, 1044.6041666666667]",90.95787795181528,44.449093636807596,6,23,-1,-1
val,13436,True,22,20,20.540659228538015,0.24832637149353878,"[746.7914438502673, 1087.8020833333333]","[848.9839572192512, 1087.8020833333333]",90.95787795181528,38.69401467139813,6,14,-1,-1
val,13436,True,25,24,17.384776310850235,0.24963083976238615,"[644.5989304812833, 1154.5625]","[664.2513368983957, 1068.1666666666667]",61.995133337114694,86.43320270250179,2,5,-1,-1
val,13436,True,11,16,11.041594578792296,0.26577333197199154,"[495.2406417112299, 738.2916666666666]","[530.6149732620321, 769.7083333333334]",38.293029604748696,50.1593300297904,4,10,-1,-1
val,13436,True,22,23,21.847319317591726,0.2900754028398709,"[746.7914438502673, 1087.8020833333333]","[711.4171122994652, 1193.8333333333333]",90.95787795181528,57.60725146301456,6,15,-1,-1
val,13436,True,22,21,23.041630560342615,0.308223381972931,"[746.7914438502673, 1087.8020833333333]","[821.470588235294, 1150.6354166666667]",90.95787795181528,40.44928576935985,6,9,-1,-1
val,13436,True,18,13,17.439088914585774,0.34722277569976534,"[750.7219251336898, 671.53125]","[754.6524064171123, 612.625]",61.11750375061044,41.01768767095066,0,18,-1,-1
val,13436,True,20,15,19.248456731316587,0.35157365118273665,"[848.9839572192512, 1087.8020833333333]","[911.8716577540106, 1072.09375]",38.69401467139813,52.41648883833251,14,26,-1,-1
val,13436,True,20,15,19.248456731316587,0.35157365118273665,"[825.4010695187166, 1044.6041666666667]","[911.8716577540106, 1072.09375]",44.449093636807596,52.41648883833251,23,26,-1,-1
val,13436,True,26,21,24.709920264364882,0.35688009771494583,"[774.3048128342245, 1233.1041666666667]","[821.470588235294, 1150.6354166666667]",75.26463450531897,40.44928576935985,3,9,-1,-1
val,13436,True,25,23,17.681541692269406,0.359874849722662,"[644.5989304812833, 1154.5625]","[711.4171122994652, 1193.8333333333333]",61.995133337114694,57.60725146301456,2,15,-1,-1
val,13436,True,17,12,18.313207915827967,0.40149539278725116,"[640.6684491978609, 722.5833333333334]","[624.9465240641711, 667.6041666666666]",54.580383062421255,38.090954159354595,1,17,-1,-1
val,13436,True,25,22,40.10960958218893,0.4944837100444226,"[644.5989304812833, 1154.5625]","[746.7914438502673, 1087.8020833333333]",61.995133337114694,90.95787795181528,2,6,-1,-1
val,13436,True,21,20,27.319604517012593,0.5365559628226041,"[821.470588235294, 1150.6354166666667]","[848.9839572192512, 1087.8020833333333]",40.44928576935985,38.69401467139813,9,14,-1,-1
val,13436,True,21,20,27.319604517012593,0.5365559628226041,"[821.470588235294, 1150.6354166666667]","[825.4010695187166, 1044.6041666666667]",40.44928576935985,44.449093636807596,9,23,-1,-1
val,13436,True,26,22,51.630789467763066,0.5429258179081695,"[774.3048128342245, 1233.1041666666667]","[746.7914438502673, 1087.8020833333333]",75.26463450531897,90.95787795181528,3,6,-1,-1
val,13436,True,24,23,37.897300677553446,0.6035244777500265,"[664.2513368983957, 1068.1666666666667]","[711.4171122994652, 1193.8333333333333]",86.43320270250179,57.60725146301456,5,15,-1,-1
val,13436,True,25,26,52.33854141237835,0.6881291155874334,"[644.5989304812833, 1154.5625]","[774.3048128342245, 1233.1041666666667]",61.995133337114694,75.26463450531897,2,3,-1,-1
val,13436,False,20,20,-1.0,-1.0,"[848.9839572192512, 1087.8020833333333]","[825.4010695187166, 1044.6041666666667]",38.69401467139813,44.449093636807596,14,23,-1,-1
val,13436,False,25,27,46.41307836451879,0.9583467082674478,"[644.5989304812833, 1154.5625]","[601.3636363636364, 1240.9583333333333]",61.995133337114694,41.39228620107702,2,21,-1,-1
val,13436,False,18,17,54.71355310873648,0.943898465739696,"[750.7219251336898, 671.53125]","[640.6684491978609, 722.5833333333334]",61.11750375061044,54.580383062421255,0,1,-1,-1
val,13436,False,22,15,97.04590761474952,1.2535364629443408,"[746.7914438502673, 1087.8020833333333]","[911.8716577540106, 1072.09375]",90.95787795181528,52.41648883833251,6,26,-1,-1
val,13436,False,24,20,108.65856099730654,1.519662996871258,"[664.2513368983957, 1068.1666666666667]","[825.4010695187166, 1044.6041666666667]",86.43320270250179,44.449093636807596,5,23,-1,-1
val,13436,False,17,16,55.36488268416781,1.070565103539566,"[640.6684491978609, 722.5833333333334]","[530.6149732620321, 769.7083333333334]",54.580383062421255,50.1593300297904,1,10,-1,-1
val,13436,False,21,23,76.4919350642375,2.027744339066954,"[821.470588235294, 1150.6354166666667]","[711.4171122994652, 1193.8333333333333]",40.44928576935985,57.60725146301456,9,15,-1,-1
val,13436,False,23,27,80.8413098624405,2.1314659960950917,"[711.4171122994652, 1193.8333333333333]","[601.3636363636364, 1240.9583333333333]",57.60725146301456,41.39228620107702,15,21,-1,-1
val,13436,False,18,12,59.0,1.1908868327259963,"[750.7219251336898, 671.53125]","[624.9465240641711, 667.6041666666666]",61.11750375061044,38.090954159354595,0,17,-1,-1
val,13436,False,26,24,93.92101980067429,1.0982098168403767,"[774.3048128342245, 1233.1041666666667]","[664.2513368983957, 1068.1666666666667]",75.26463450531897,86.43320270250179,3,5,-1,-1
val,13436,False,18,19,63.49806198638839,1.0386515410310686,"[750.7219251336898, 671.53125]","[896.1497326203208, 683.3125]",61.11750375061044,58.405542428468515,0,7,-1,-1
val,13436,False,21,15,80.32035415564789,1.9233236612137872,"[821.470588235294, 1150.6354166666667]","[911.8716577540106, 1072.09375]",40.44928576935985,52.41648883833251,9,26,-1,-1
val,13436,False,24,21,108.65856099730654,1.749148008499444,"[664.2513368983957, 1068.1666666666667]","[821.470588235294, 1150.6354166666667]",86.43320270250179,40.44928576935985,5,9,-1,-1
val,13436,False,26,20,95.74709297958259,1.2312256612932533,"[774.3048128342245, 1233.1041666666667]","[848.9839572192512, 1087.8020833333333]",75.26463450531897,38.69401467139813,3,14,-1,-1
val,13436,False,24,27,122.3288287465668,1.9652643899661917,"[664.2513368983957, 1068.1666666666667]","[601.3636363636364, 1240.9583333333333]",86.43320270250179,41.39228620107702,5,21,-1,-1
val,13436,False,24,20,108.65856099730654,1.519662996871258,"[664.2513368983957, 1068.1666666666667]","[848.9839572192512, 1087.8020833333333]",86.43320270250179,38.69401467139813,5,14,-1,-1
val,13436,False,26,27,61.64982043070834,0.8889592461127312,"[774.3048128342245, 1233.1041666666667]","[601.3636363636364, 1240.9583333333333]",75.26463450531897,41.39228620107702,3,21,-1,-1
val,13436,False,16,12,72.78346698278686,1.7304889185246104,"[530.6149732620321, 769.7083333333334]","[624.9465240641711, 667.6041666666666]",50.1593300297904,38.090954159354595,10,17,-1,-1
val,13436,False,17,11,89.0,1.9717016412132922,"[640.6684491978609, 722.5833333333334]","[495.2406417112299, 738.2916666666666]",54.580383062421255,38.293029604748696,1,4,-1,-1
val,13436,False,22,27,135.69308687713507,1.81262789434056,"[746.7914438502673, 1087.8020833333333]","[601.3636363636364, 1240.9583333333333]",90.95787795181528,41.39228620107702,6,21,-1,-1
val,13436,False,19,13,75.66159403508382,1.505423924471533,"[896.1497326203208, 683.3125]","[754.6524064171123, 612.625]",58.405542428468515,41.01768767095066,7,18,-1,-1
val,13441,True,22,24,8.0,0.14002800840280097,"[454.596923076923, 853.4166666666667]","[390.0553846153846, 844.9947916666667]",62.76022748402172,52.28345083072875,3,14,-1,-1
val,13441,True,25,24,10.313708498984761,0.22476942247661366,"[364.79999999999995, 892.71875]","[390.0553846153846, 844.9947916666667]",33.79741683347094,52.28345083072875,7,14,-1,-1
val,13441,True,19,14,17.027756377319946,0.49309231512264146,"[555.6184615384615, 572.6875]","[572.4553846153846, 530.578125]",43.4815610787625,28.06722698752463,2,19,-1,-1
val,13441,True,18,13,17.0,0.5165765566433493,"[443.3723076923077, 567.0729166666666]","[448.9846153846154, 522.15625]",40.6732760497035,29.83587154365079,1,18,-1,-1
val,13441,True,16,11,15.15549442140351,0.6271388213916941,"[275.0030769230769, 659.7135416666666]","[255.35999999999999, 626.0260416666666]",31.87824191658486,23.815831838376884,16,20,-1,-1
val,13441,True,17,12,19.024984394500787,0.6730555651325848,"[356.3815384615384, 609.1822916666666]","[350.7692307692307, 561.4583333333334]",36.27085076731198,27.92653824700689,0,15,-1,-1
val,13441,True,22,26,43.10215414239989,0.7255082955616704,"[454.596923076923, 853.4166666666667]","[468.62769230769226, 960.09375]",62.76022748402172,57.246135240730446,3,5,-1,-1
val,13441,False,24,0,-1.0,-1.0,"[390.0553846153846, 844.9947916666667]","[345.1569230769231, 808.5]",52.28345083072875,26.478568982945724,14,24,-1,-1
val,13441,False,22,0,-1.0,-1.0,"[454.596923076923, 853.4166666666667]","[443.3723076923077, 769.1979166666666]",62.76022748402172,29.168317901976614,3,25,-1,-1
val,13441,False,22,25,51.20153254455275,1.0355902179795446,"[454.596923076923, 853.4166666666667]","[364.79999999999995, 892.71875]",62.76022748402172,33.79741683347094,3,7,-1,-1
val,13441,False,17,0,-1.0,-1.0,"[356.3815384615384, 609.1822916666666]","[359.18769230769226, 654.0989583333334]",36.27085076731198,12.862019221783898,0,23,-1,-1
val,13441,False,24,0,-1.0,-1.0,"[390.0553846153846, 844.9947916666667]","[443.3723076923077, 769.1979166666666]",52.28345083072875,29.168317901976614,14,25,-1,-1
val,13441,False,17,18,56.697486947006624,1.6123775750379408,"[356.3815384615384, 609.1822916666666]","[443.3723076923077, 567.0729166666666]",36.27085076731198,40.6732760497035,0,1,-1,-1
val,13441,False,26,24,74.13321502504735,1.31245209552206,"[468.62769230769226, 960.09375]","[390.0553846153846, 844.9947916666667]",57.246135240730446,52.28345083072875,5,14,-1,-1
val,13454,True,24,22,3.4721359549995796,0.058593627489693136,"[445.30555555555554, 832.1145833333334]","[504.24305555555554, 855.0468750000001]",58.770887182908886,65.91159517798253,0,5,-1,-1
val,13454,True,24,25,18.1049731745428,0.39579030546801935,"[445.30555555555554, 832.1145833333334]","[432.2083333333333, 900.9114583333334]",58.770887182908886,39.438311414951976,0,1,-1,-1
val,13454,True,23,26,19.591260281974,0.4469909107028218,"[484.5972222222222, 933.6718750000001]","[563.1805555555555, 950.0520833333334]",28.73953079059673,54.90191218583265,9,16,-1,-1
val,13454,True,19,14,17.788294228055936,0.5018258834547336,"[612.2951388888888, 524.1666666666667]","[635.2152777777777, 481.57812500000006]",41.037806281714296,31.922442509820954,6,15,-1,-1
val,13454,True,25,22,28.0,0.5177201831435472,"[432.2083333333333, 900.9114583333334]","[504.24305555555554, 855.0468750000001]",39.438311414951976,65.91159517798253,1,5,-1,-1
val,13454,True,18,13,18.697715603592208,0.5226170389198835,"[494.42013888888886, 524.1666666666667]","[500.96874999999994, 475.0260416666667]",42.19765867059561,28.92554911307745,3,7,-1,-1
val,13454,True,25,23,17.027756377319946,0.5290266497850369,"[432.2083333333333, 900.9114583333334]","[484.5972222222222, 933.6718750000001]",39.438311414951976,28.73953079059673,1,9,-1,-1
val,13454,True,22,23,28.732137494637012,0.5798854177887587,"[504.24305555555554, 855.0468750000001]","[484.5972222222222, 933.6718750000001]",65.91159517798253,28.73953079059673,5,9,-1,-1
val,13454,True,22,21,28.832867780352597,0.6018614061901051,"[504.24305555555554, 855.0468750000001]","[566.4548611111111, 887.8072916666667]",65.91159517798253,21.47674885694109,5,24,-1,-1
val,13454,True,26,21,25.68332812825267,0.6120284664074614,"[563.1805555555555, 950.0520833333334]","[566.4548611111111, 887.8072916666667]",54.90191218583265,21.47674885694109,16,24,-1,-1
val,13454,True,17,12,21.360679774997898,0.7077108940837596,"[402.7395833333333, 563.4791666666667]","[392.91666666666663, 517.6145833333334]",37.486074044252184,25.579922736264997,2,20,-1,-1
val,13454,True,22,26,44.17742799230607,0.7157114082865701,"[504.24305555555554, 855.0468750000001]","[563.1805555555555, 950.0520833333334]",65.91159517798253,54.90191218583265,5,16,-1,-1
val,13454,False,11,16,22.323807579381203,0.9894853744100467,"[301.2361111111111, 576.5833333333334]","[320.8819444444444, 612.6197916666667]",26.808450454468197,31.243163893486066,4,11,-1,-1
val,13454,False,24,23,60.35144660071187,1.4982881051723056,"[445.30555555555554, 832.1145833333334]","[484.5972222222222, 933.6718750000001]",58.770887182908886,28.73953079059673,0,9,-1,-1
val,13454,False,17,18,43.10215414239989,1.090407833197161,"[402.7395833333333, 563.4791666666667]","[494.42013888888886, 524.1666666666667]",37.486074044252184,42.19765867059561,2,3,-1,-1
val,13454,False,17,16,60.326992425847855,1.9290445029666032,"[402.7395833333333, 563.4791666666667]","[320.8819444444444, 612.6197916666667]",37.486074044252184,31.243163893486066,2,11,-1,-1
val,13454,False,18,12,48.64876634922564,1.3942393854366293,"[494.42013888888886, 524.1666666666667]","[392.91666666666663, 517.6145833333334]",42.19765867059561,25.579922736264997,3,20,-1,-1
val,13454,False,18,19,63.49806198638839,1.5120729299612279,"[494.42013888888886, 524.1666666666667]","[612.2951388888888, 524.1666666666667]",42.19765867059561,41.037806281714296,3,6,-1,-1
val,13454,False,25,26,67.47627326307996,1.379943484600617,"[432.2083333333333, 900.9114583333334]","[563.1805555555555, 950.0520833333334]",39.438311414951976,54.90191218583265,1,16,-1,-1
val,13454,False,24,21,93.11163583744573,2.434759220911185,"[445.30555555555554, 832.1145833333334]","[566.4548611111111, 887.8072916666667]",58.770887182908886,21.47674885694109,0,24,-1,-1
val,13454,False,22,15,109.13627921806692,2.154681752852691,"[504.24305555555554, 855.0468750000001]","[648.3125, 789.5260416666667]",65.91159517798253,33.07763089761132,5,8,-1,-1
val,13454,False,24,26,98.02019995940222,1.7963447914025463,"[445.30555555555554, 832.1145833333334]","[563.1805555555555, 950.0520833333334]",58.770887182908886,54.90191218583265,0,16,-1,-1
val,13454,False,17,11,66.60177512462228,2.374096885671468,"[402.7395833333333, 563.4791666666667]","[301.2361111111111, 576.5833333333334]",37.486074044252184,26.808450454468197,2,4,-1,-1
val,13454,False,19,13,63.8459713474939,1.8629748333563283,"[612.2951388888888, 524.1666666666667]","[500.96874999999994, 475.0260416666667]",41.037806281714296,28.92554911307745,6,7,-1,-1
val,13480,True,22,24,0.0,0.0,"[562.9615384615385, 963.3958333333333]","[489.3717948717949, 948.6874999999999]",78.3742340711494,69.79055203855428,12,15,-1,-1
val,13480,True,24,25,1.2360679774997898,0.022218361506766655,"[489.3717948717949, 948.6874999999999]","[470.974358974359, 996.4895833333333]",69.79055203855428,51.23258251038845,15,27,-1,-1
val,13480,True,23,22,5.708203932499369,0.08066974511000821,"[529.8461538461539, 1044.2916666666665]","[562.9615384615385, 963.3958333333333]",58.2749948666613,78.3742340711494,4,12,-1,-1
val,13480,True,26,23,6.615773105863909,0.10349154027348652,"[581.3589743589744, 1088.4166666666665]","[529.8461538461539, 1044.2916666666665]",67.12240361688258,58.2749948666613,3,4,-1,-1
val,13480,True,22,20,13.560219778561036,0.19012352582032416,"[562.9615384615385, 963.3958333333333]","[629.1923076923077, 930.3020833333333]",78.3742340711494,40.46113566042881,12,26,-1,-1
val,13480,True,22,20,13.560219778561036,0.19012352582032416,"[562.9615384615385, 963.3958333333333]","[665.9871794871796, 952.3645833333333]",78.3742340711494,34.11101236448303,12,14,-1,-1
val,13480,True,19,14,10.40175425099138,0.20766162989367712,"[669.6666666666667, 580.9791666666666]","[684.3846153846155, 529.5]",54.55778419473536,38.225859652254336,2,22,-1,-1
val,13480,True,18,13,11.36931687685298,0.24634546360664866,"[544.5641025641025, 588.3333333333333]","[551.9230769230769, 533.1770833333333]",53.43017674866107,40.2935940063519,0,11,-1,-1
val,13480,True,16,11,12.0,0.32332213824863537,"[360.5897435897436, 672.9062499999999]","[334.83333333333337, 636.1354166666666]",41.28864739666527,31.427281329318582,5,8,-1,-1
val,13480,True,22,21,21.67156809750927,0.3269341675128835,"[562.9615384615385, 963.3958333333333]","[625.5128205128206, 1022.2291666666665]",78.3742340711494,37.87026253127953,12,16,-1,-1
val,13480,True,17,12,15.0,0.36738672458176846,"[448.8974358974359, 632.4583333333333]","[445.21794871794873, 580.9791666666666]",46.96119994435486,33.712039430507645,1,9,-1,-1
val,13480,True,26,21,23.0,0.3902511436095062,"[581.3589743589744, 1088.4166666666665]","[625.5128205128206, 1022.2291666666665]",67.12240361688258,37.87026253127953,3,16,-1,-1
val,13480,True,23,25,21.47220505424423,0.4610487723042945,"[529.8461538461539, 1044.2916666666665]","[470.974358974359, 996.4895833333333]",58.2749948666613,51.23258251038845,4,27,-1,-1
val,13480,True,26,27,26.65863337187866,0.487939204981046,"[581.3589743589744, 1088.4166666666665]","[452.5769230769231, 1092.09375]",67.12240361688258,23.263517346184763,3,13,-1,-1
val,13480,True,23,24,29.083217912982647,0.4973852555872438,"[529.8461538461539, 1044.2916666666665]","[489.3717948717949, 948.6874999999999]",58.2749948666613,69.79055203855428,4,15,-1,-1
val,13480,True,22,25,37.600518131237564,0.549454520280251,"[562.9615384615385, 963.3958333333333]","[470.974358974359, 996.4895833333333]",78.3742340711494,51.23258251038845,12,27,-1,-1
val,13480,True,15,20,26.294688127912362,0.5534803980817908,"[721.1794871794872, 926.6249999999999]","[665.9871794871796, 952.3645833333333]",44.444887484437096,34.11101236448303,7,14,-1,-1
val,13480,True,15,20,26.294688127912362,0.5534803980817908,"[721.1794871794872, 926.6249999999999]","[629.1923076923077, 930.3020833333333]",44.444887484437096,40.46113566042881,7,26,-1,-1
val,13480,True,26,22,53.0,0.6523601920451148,"[581.3589743589744, 1088.4166666666665]","[562.9615384615385, 963.3958333333333]",67.12240361688258,78.3742340711494,3,12,-1,-1
val,13480,False,20,20,-1.0,-1.0,"[665.9871794871796, 952.3645833333333]","[629.1923076923077, 930.3020833333333]",34.11101236448303,40.46113566042881,14,26,-1,-1
val,13480,False,20,0,-1.0,-1.0,"[629.1923076923077, 930.3020833333333]","[629.1923076923077, 878.8229166666666]",40.46113566042881,40.62798641225688,26,28,-1,-1
val,13480,False,22,0,-1.0,-1.0,"[562.9615384615385, 963.3958333333333]","[629.1923076923077, 878.8229166666666]",78.3742340711494,40.62798641225688,12,28,-1,-1
val,13480,False,23,21,44.0,1.0147843288317735,"[529.8461538461539, 1044.2916666666665]","[625.5128205128206, 1022.2291666666665]",58.2749948666613,37.87026253127953,4,16,-1,-1
val,13480,False,23,27,41.01190307520001,1.0994318572804602,"[529.8461538461539, 1044.2916666666665]","[452.5769230769231, 1092.09375]",58.2749948666613,23.263517346184763,4,13,-1,-1
val,13480,False,18,12,38.0,0.851089978198968,"[544.5641025641025, 588.3333333333333]","[445.21794871794873, 580.9791666666666]",53.43017674866107,33.712039430507645,0,9,-1,-1
val,13480,False,18,17,47.25971404805462,0.9326868709184232,"[544.5641025641025, 588.3333333333333]","[448.8974358974359, 632.4583333333333]",53.43017674866107,46.96119994435486,0,1,-1,-1
val,13480,False,20,0,-1.0,-1.0,"[665.9871794871796, 952.3645833333333]","[629.1923076923077, 878.8229166666666]",34.11101236448303,40.62798641225688,14,28,-1,-1
val,13480,False,17,16,39.70626487409524,0.8798665920827986,"[448.8974358974359, 632.4583333333333]","[360.5897435897436, 672.9062499999999]",46.96119994435486,41.28864739666527,1,5,-1,-1
val,13480,False,20,21,40.14608122288197,0.9068075413887493,"[665.9871794871796, 952.3645833333333]","[625.5128205128206, 1022.2291666666665]",34.11101236448303,37.87026253127953,14,16,-1,-1
val,13480,False,18,19,60.98386886924694,1.0732007077613763,"[544.5641025641025, 588.3333333333333]","[669.6666666666667, 580.9791666666666]",53.43017674866107,54.55778419473536,0,2,-1,-1
val,13480,False,26,25,59.207972893961475,0.9652547291515277,"[581.3589743589744, 1088.4166666666665]","[470.974358974359, 996.4895833333333]",67.12240361688258,51.23258251038845,3,27,-1,-1
val,13480,False,21,20,40.14608122288197,0.9068075413887493,"[625.5128205128206, 1022.2291666666665]","[629.1923076923077, 930.3020833333333]",37.87026253127953,40.46113566042881,16,26,-1,-1
val,13480,False,27,24,93.37160589923221,1.9395677615657272,"[452.5769230769231, 1092.09375]","[489.3717948717949, 948.6874999999999]",23.263517346184763,69.79055203855428,13,15,-1,-1
val,13480,False,15,0,-1.0,-1.0,"[721.1794871794872, 926.6249999999999]","[629.1923076923077, 878.8229166666666]",44.444887484437096,40.62798641225688,7,28,-1,-1
val,13480,False,24,20,96.16480844420988,1.6257142017127848,"[489.3717948717949, 948.6874999999999]","[629.1923076923077, 930.3020833333333]",69.79055203855428,40.46113566042881,15,26,-1,-1
val,13480,False,26,24,83.50443775329198,1.1794576820891394,"[581.3589743589744, 1088.4166666666665]","[489.3717948717949, 948.6874999999999]",67.12240361688258,69.79055203855428,3,15,-1,-1
val,13480,False,19,13,56.584720195551874,1.139700426744529,"[669.6666666666667, 580.9791666666666]","[551.9230769230769, 533.1770833333333]",54.55778419473536,40.2935940063519,2,11,-1,-1
val,13480,False,15,22,102.81714694596457,1.5011802154461946,"[721.1794871794872, 926.6249999999999]","[562.9615384615385, 963.3958333333333]",44.444887484437096,78.3742340711494,7,12,-1,-1
val,13517,True,21,22,17.0,0.37904336851803566,"[560.6472491909385, 1004.0937500000001]","[619.8705501618123, 1023.8593750000001]",42.733048930234155,57.25067303627788,2,11,-1,-1
val,13517,False,14,19,25.30589287593181,1.0879853129174568,"[742.2653721682848, 703.65625]","[726.4724919093851, 747.140625]",28.213439698336153,31.107620633675488,6,9,-1,-1
val,13840,True,21,22,6.280109889280518,0.0755844711051441,"[513.3576642335767, 1016.6223958333333]","[623.9270072992701, 996.8437499999999]",87.39891743439607,72.23120451310241,16,26,-1,-1
val,13840,True,20,21,6.211102550927978,0.07626584220998017,"[446.2262773722628, 984.9765624999999]","[513.3576642335767, 1016.6223958333333]",76.63824416288405,87.39891743439607,2,16,-1,-1
val,13840,True,25,21,6.0710678118654755,0.08000028691590876,"[576.5401459854015, 1075.9583333333333]","[513.3576642335767, 1016.6223958333333]",66.25288334977859,87.39891743439607,6,16,-1,-1
val,13840,True,24,21,8.433981132056603,0.11313902367619776,"[469.9197080291971, 1111.5598958333333]","[513.3576642335767, 1016.6223958333333]",62.11551643629153,87.39891743439607,4,16,-1,-1
val,13840,True,23,24,6.211102550927978,0.1187328721884222,"[410.68613138686135, 1056.1796875]","[469.9197080291971, 1111.5598958333333]",69.81181364796018,62.11551643629153,3,4,-1,-1
val,13840,True,26,25,8.848857801796104,0.13604775088315815,"[552.8467153284672, 1147.1614583333333]","[576.5401459854015, 1075.9583333333333]",69.81181364796018,66.25288334977859,0,6,-1,-1
val,13840,True,26,24,8.848857801796104,0.1394169354512973,"[552.8467153284672, 1147.1614583333333]","[469.9197080291971, 1111.5598958333333]",69.81181364796018,62.11551643629153,0,4,-1,-1
val,13840,True,19,14,6.810249675906654,0.16959505011093715,"[671.3138686131388, 625.0052083333333]","[687.1094890510949, 581.4921875]",54.622089227151776,46.091525034963446,1,14,-1,-1
val,13840,True,18,13,11.0,0.2400968519838178,"[537.051094890511, 613.1380208333333]","[544.948905109489, 565.6692708333333]",54.76489231850031,40.111623117925575,8,17,-1,-1
val,13840,True,20,23,15.124515496597098,0.24496555693328023,"[446.2262773722628, 984.9765624999999]","[410.68613138686135, 1056.1796875]",76.63824416288405,69.81181364796018,2,3,-1,-1
val,13840,True,15,22,15.492422502470642,0.26155232921771693,"[698.9562043795621, 981.0208333333333]","[623.9270072992701, 996.8437499999999]",43.83330117062368,72.23120451310241,24,26,-1,-1
val,13840,True,16,11,9.295630140987,0.2818151832938573,"[331.7080291970803, 692.2526041666666]","[315.9124087591241, 656.6510416666666]",45.23632041245882,36.43854998528912,7,11,-1,-1
val,13840,True,17,12,13.0,0.30787021906822926,"[430.43065693430657, 648.7395833333333]","[422.5328467153285, 605.2265625]",46.76442960756265,34.45548915584236,12,22,-1,-1
val,13840,True,25,22,22.021728866442675,0.3551660772859724,"[576.5401459854015, 1075.9583333333333]","[623.9270072992701, 996.8437499999999]",66.25288334977859,72.23120451310241,6,26,-1,-1
val,13840,True,26,27,27.160255680657446,0.4336906500825999,"[552.8467153284672, 1147.1614583333333]","[402.7883211678832, 1174.8515625]",69.81181364796018,45.921758251733536,0,20,-1,-1
val,13840,True,23,21,37.47076812334269,0.4838463481958866,"[410.68613138686135, 1056.1796875]","[513.3576642335767, 1016.6223958333333]",69.81181364796018,87.39891743439607,3,16,-1,-1
val,13840,True,26,21,41.95346318982906,0.49138166414864465,"[552.8467153284672, 1147.1614583333333]","[513.3576642335767, 1016.6223958333333]",69.81181364796018,87.39891743439607,0,16,-1,-1
val,13840,False,24,27,41.37924020083418,0.8843212012771379,"[469.9197080291971, 1111.5598958333333]","[402.7883211678832, 1174.8515625]",62.11551643629153,45.921758251733536,4,20,-1,-1
val,13840,False,24,0,-1.0,-1.0,"[469.9197080291971, 1111.5598958333333]","[481.7664233576643, 1155.0729166666665]",62.11551643629153,36.86474634751233,4,27,-1,-1
val,13840,False,26,0,-1.0,-1.0,"[552.8467153284672, 1147.1614583333333]","[481.7664233576643, 1155.0729166666665]",69.81181364796018,36.86474634751233,0,27,-1,-1
val,13840,False,24,25,48.16299421312742,0.9636454195528552,"[469.9197080291971, 1111.5598958333333]","[576.5401459854015, 1075.9583333333333]",62.11551643629153,66.25288334977859,4,6,-1,-1
val,13840,False,20,24,48.33558553417604,0.8324447179796735,"[446.2262773722628, 984.9765624999999]","[469.9197080291971, 1111.5598958333333]",76.63824416288405,62.11551643629153,2,4,-1,-1
val,13840,False,27,0,-1.0,-1.0,"[402.7883211678832, 1174.8515625]","[481.7664233576643, 1155.0729166666665]",45.921758251733536,36.86474634751233,20,27,-1,-1
val,13840,False,23,27,67.42514157822401,1.3147524621854274,"[410.68613138686135, 1056.1796875]","[402.7883211678832, 1174.8515625]",69.81181364796018,45.921758251733536,3,20,-1,-1
val,13840,False,18,17,48.658836071740545,1.00600512118466,"[537.051094890511, 613.1380208333333]","[430.43065693430657, 648.7395833333333]",54.76489231850031,46.76442960756265,8,12,-1,-1
val,13840,False,23,0,-1.0,-1.0,"[410.68613138686135, 1056.1796875]","[481.7664233576643, 1155.0729166666665]",69.81181364796018,36.86474634751233,3,27,-1,-1
val,13840,False,20,25,92.1933474020544,1.5422425841564569,"[446.2262773722628, 984.9765624999999]","[576.5401459854015, 1075.9583333333333]",76.63824416288405,66.25288334977859,2,6,-1,-1
val,13840,False,21,0,-1.0,-1.0,"[513.3576642335767, 1016.6223958333333]","[481.7664233576643, 1155.0729166666665]",87.39891743439607,36.86474634751233,16,27,-1,-1
val,13840,False,25,0,-1.0,-1.0,"[576.5401459854015, 1075.9583333333333]","[481.7664233576643, 1155.0729166666665]",66.25288334977859,36.86474634751233,6,27,-1,-1
val,13840,False,26,22,92.90420650854784,1.267202859036511,"[552.8467153284672, 1147.1614583333333]","[623.9270072992701, 996.8437499999999]",69.81181364796018,72.23120451310241,0,26,-1,-1
val,13840,False,16,17,58.20304046246274,1.3502768362399047,"[331.7080291970803, 692.2526041666666]","[430.43065693430657, 648.7395833333333]",45.23632041245882,46.76442960756265,7,12,-1,-1
val,13840,False,18,12,43.598206241955516,1.0053839610195168,"[537.051094890511, 613.1380208333333]","[422.5328467153285, 605.2265625]",54.76489231850031,34.45548915584236,8,22,-1,-1
val,13840,False,20,22,86.0,1.2520436875391252,"[446.2262773722628, 984.9765624999999]","[623.9270072992701, 996.8437499999999]",76.63824416288405,72.23120451310241,2,26,-1,-1
val,13840,False,26,23,64.21502894272147,0.9605754995038962,"[552.8467153284672, 1147.1614583333333]","[410.68613138686135, 1056.1796875]",69.81181364796018,69.81181364796018,0,3,-1,-1
