stem,fold,checkpoint,checkpoint_sha256,num_proposals
10004,0,outputs/oof_proposals/r258_center_basin_oof_full_20260714_222821/fold0_seed258_20260714_222828.pt,b89404b55d9f4aaa5e7c07e38694a50ecf8332ed719548dee3b04ea2a19c77bc,29
10055,0,outputs/oof_proposals/r258_center_basin_oof_full_20260714_222821/fold0_seed258_20260714_222828.pt,b89404b55d9f4aaa5e7c07e38694a50ecf8332ed719548dee3b04ea2a19c77bc,31
10066,0,outputs/oof_proposals/r258_center_basin_oof_full_20260714_222821/fold0_seed258_20260714_222828.pt,b89404b55d9f4aaa5e7c07e38694a50ecf8332ed719548dee3b04ea2a19c77bc,27
10390,0,outputs/oof_proposals/r258_center_basin_oof_full_20260714_222821/fold0_seed258_20260714_222828.pt,b89404b55d9f4aaa5e7c07e38694a50ecf8332ed719548dee3b04ea2a19c77bc,21
10526,0,outputs/oof_proposals/r258_center_basin_oof_full_20260714_222821/fold0_seed258_20260714_222828.pt,b89404b55d9f4aaa5e7c07e38694a50ecf8332ed719548dee3b04ea2a19c77bc,27
10542,0,outputs/oof_proposals/r258_center_basin_oof_full_20260714_222821/fold0_seed258_20260714_222828.pt,b89404b55d9f4aaa5e7c07e38694a50ecf8332ed719548dee3b04ea2a19c77bc,22
10621,0,outputs/oof_proposals/r258_center_basin_oof_full_20260714_222821/fold0_seed258_20260714_222828.pt,b89404b55d9f4aaa5e7c07e38694a50ecf8332ed719548dee3b04ea2a19c77bc,31
10685,0,outputs/oof_proposals/r258_center_basin_oof_full_20260714_222821/fold0_seed258_20260714_222828.pt,b89404b55d9f4aaa5e7c07e38694a50ecf8332ed719548dee3b04ea2a19c77bc,31
10779,0,outputs/oof_proposals/r258_center_basin_oof_full_20260714_222821/fold0_seed258_20260714_222828.pt,b89404b55d9f4aaa5e7c07e38694a50ecf8332ed719548dee3b04ea2a19c77bc,28
11112,0,outputs/oof_proposals/r258_center_basin_oof_full_20260714_222821/fold0_seed258_20260714_222828.pt,b89404b55d9f4aaa5e7c07e38694a50ecf8332ed719548dee3b04ea2a19c77bc,30
11142,0,outputs/oof_proposals/r258_center_basin_oof_full_20260714_222821/fold0_seed258_20260714_222828.pt,b89404b55d9f4aaa5e7c07e38694a50ecf8332ed719548dee3b04ea2a19c77bc,27
11336,0,outputs/oof_proposals/r258_center_basin_oof_full_20260714_222821/fold0_seed258_20260714_222828.pt,b89404b55d9f4aaa5e7c07e38694a50ecf8332ed719548dee3b04ea2a19c77bc,25
11779,0,outputs/oof_proposals/r258_center_basin_oof_full_20260714_222821/fold0_seed258_20260714_222828.pt,b89404b55d9f4aaa5e7c07e38694a50ecf8332ed719548dee3b04ea2a19c77bc,28
11917,0,outputs/oof_proposals/r258_center_basin_oof_full_20260714_222821/fold0_seed258_20260714_222828.pt,b89404b55d9f4aaa5e7c07e38694a50ecf8332ed719548dee3b04ea2a19c77bc,34
12277,0,outputs/oof_proposals/r258_center_basin_oof_full_20260714_222821/fold0_seed258_20260714_222828.pt,b89404b55d9f4aaa5e7c07e38694a50ecf8332ed719548dee3b04ea2a19c77bc,28
12316,0,outputs/oof_proposals/r258_center_basin_oof_full_20260714_222821/fold0_seed258_20260714_222828.pt,b89404b55d9f4aaa5e7c07e38694a50ecf8332ed719548dee3b04ea2a19c77bc,27
12434,0,outputs/oof_proposals/r258_center_basin_oof_full_20260714_222821/fold0_seed258_20260714_222828.pt,b89404b55d9f4aaa5e7c07e38694a50ecf8332ed719548dee3b04ea2a19c77bc,24
12482,0,outputs/oof_proposals/r258_center_basin_oof_full_20260714_222821/fold0_seed258_20260714_222828.pt,b89404b55d9f4aaa5e7c07e38694a50ecf8332ed719548dee3b04ea2a19c77bc,31
12522,0,outputs/oof_proposals/r258_center_basin_oof_full_20260714_222821/fold0_seed258_20260714_222828.pt,b89404b55d9f4aaa5e7c07e38694a50ecf8332ed719548dee3b04ea2a19c77bc,28
12648,0,outputs/oof_proposals/r258_center_basin_oof_full_20260714_222821/fold0_seed258_20260714_222828.pt,b89404b55d9f4aaa5e7c07e38694a50ecf8332ed719548dee3b04ea2a19c77bc,26
12915,0,outputs/oof_proposals/r258_center_basin_oof_full_20260714_222821/fold0_seed258_20260714_222828.pt,b89404b55d9f4aaa5e7c07e38694a50ecf8332ed719548dee3b04ea2a19c77bc,26
12974,0,outputs/oof_proposals/r258_center_basin_oof_full_20260714_222821/fold0_seed258_20260714_222828.pt,b89404b55d9f4aaa5e7c07e38694a50ecf8332ed719548dee3b04ea2a19c77bc,24
13039,0,outputs/oof_proposals/r258_center_basin_oof_full_20260714_222821/fold0_seed258_20260714_222828.pt,b89404b55d9f4aaa5e7c07e38694a50ecf8332ed719548dee3b04ea2a19c77bc,30
13298,0,outputs/oof_proposals/r258_center_basin_oof_full_20260714_222821/fold0_seed258_20260714_222828.pt,b89404b55d9f4aaa5e7c07e38694a50ecf8332ed719548dee3b04ea2a19c77bc,26
13496,0,outputs/oof_proposals/r258_center_basin_oof_full_20260714_222821/fold0_seed258_20260714_222828.pt,b89404b55d9f4aaa5e7c07e38694a50ecf8332ed719548dee3b04ea2a19c77bc,28
13500,0,outputs/oof_proposals/r258_center_basin_oof_full_20260714_222821/fold0_seed258_20260714_222828.pt,b89404b55d9f4aaa5e7c07e38694a50ecf8332ed719548dee3b04ea2a19c77bc,30
13630,0,outputs/oof_proposals/r258_center_basin_oof_full_20260714_222821/fold0_seed258_20260714_222828.pt,b89404b55d9f4aaa5e7c07e38694a50ecf8332ed719548dee3b04ea2a19c77bc,27
13767,0,outputs/oof_proposals/r258_center_basin_oof_full_20260714_222821/fold0_seed258_20260714_222828.pt,b89404b55d9f4aaa5e7c07e38694a50ecf8332ed719548dee3b04ea2a19c77bc,26
13798,0,outputs/oof_proposals/r258_center_basin_oof_full_20260714_222821/fold0_seed258_20260714_222828.pt,b89404b55d9f4aaa5e7c07e38694a50ecf8332ed719548dee3b04ea2a19c77bc,27
1380,0,outputs/oof_proposals/r258_center_basin_oof_full_20260714_222821/fold0_seed258_20260714_222828.pt,b89404b55d9f4aaa5e7c07e38694a50ecf8332ed719548dee3b04ea2a19c77bc,29
1382,0,outputs/oof_proposals/r258_center_basin_oof_full_20260714_222821/fold0_seed258_20260714_222828.pt,b89404b55d9f4aaa5e7c07e38694a50ecf8332ed719548dee3b04ea2a19c77bc,28
1389,0,outputs/oof_proposals/r258_center_basin_oof_full_20260714_222821/fold0_seed258_20260714_222828.pt,b89404b55d9f4aaa5e7c07e38694a50ecf8332ed719548dee3b04ea2a19c77bc,32
13890,0,outputs/oof_proposals/r258_center_basin_oof_full_20260714_222821/fold0_seed258_20260714_222828.pt,b89404b55d9f4aaa5e7c07e38694a50ecf8332ed719548dee3b04ea2a19c77bc,29
1391,0,outputs/oof_proposals/r258_center_basin_oof_full_20260714_222821/fold0_seed258_20260714_222828.pt,b89404b55d9f4aaa5e7c07e38694a50ecf8332ed719548dee3b04ea2a19c77bc,27
13923,0,outputs/oof_proposals/r258_center_basin_oof_full_20260714_222821/fold0_seed258_20260714_222828.pt,b89404b55d9f4aaa5e7c07e38694a50ecf8332ed719548dee3b04ea2a19c77bc,27
1393,0,outputs/oof_proposals/r258_center_basin_oof_full_20260714_222821/fold0_seed258_20260714_222828.pt,b89404b55d9f4aaa5e7c07e38694a50ecf8332ed719548dee3b04ea2a19c77bc,27
13982,0,outputs/oof_proposals/r258_center_basin_oof_full_20260714_222821/fold0_seed258_20260714_222828.pt,b89404b55d9f4aaa5e7c07e38694a50ecf8332ed719548dee3b04ea2a19c77bc,28
1402,0,outputs/oof_proposals/r258_center_basin_oof_full_20260714_222821/fold0_seed258_20260714_222828.pt,b89404b55d9f4aaa5e7c07e38694a50ecf8332ed719548dee3b04ea2a19c77bc,14
1404,0,outputs/oof_proposals/r258_center_basin_oof_full_20260714_222821/fold0_seed258_20260714_222828.pt,b89404b55d9f4aaa5e7c07e38694a50ecf8332ed719548dee3b04ea2a19c77bc,27
1406,0,outputs/oof_proposals/r258_center_basin_oof_full_20260714_222821/fold0_seed258_20260714_222828.pt,b89404b55d9f4aaa5e7c07e38694a50ecf8332ed719548dee3b04ea2a19c77bc,29
14090,0,outputs/oof_proposals/r258_center_basin_oof_full_20260714_222821/fold0_seed258_20260714_222828.pt,b89404b55d9f4aaa5e7c07e38694a50ecf8332ed719548dee3b04ea2a19c77bc,27
1424,0,outputs/oof_proposals/r258_center_basin_oof_full_20260714_222821/fold0_seed258_20260714_222828.pt,b89404b55d9f4aaa5e7c07e38694a50ecf8332ed719548dee3b04ea2a19c77bc,28
14271,0,outputs/oof_proposals/r258_center_basin_oof_full_20260714_222821/fold0_seed258_20260714_222828.pt,b89404b55d9f4aaa5e7c07e38694a50ecf8332ed719548dee3b04ea2a19c77bc,24
1428,0,outputs/oof_proposals/r258_center_basin_oof_full_20260714_222821/fold0_seed258_20260714_222828.pt,b89404b55d9f4aaa5e7c07e38694a50ecf8332ed719548dee3b04ea2a19c77bc,22
14297,0,outputs/oof_proposals/r258_center_basin_oof_full_20260714_222821/fold0_seed258_20260714_222828.pt,b89404b55d9f4aaa5e7c07e38694a50ecf8332ed719548dee3b04ea2a19c77bc,28
1430,0,outputs/oof_proposals/r258_center_basin_oof_full_20260714_222821/fold0_seed258_20260714_222828.pt,b89404b55d9f4aaa5e7c07e38694a50ecf8332ed719548dee3b04ea2a19c77bc,48
14376,0,outputs/oof_proposals/r258_center_basin_oof_full_20260714_222821/fold0_seed258_20260714_222828.pt,b89404b55d9f4aaa5e7c07e38694a50ecf8332ed719548dee3b04ea2a19c77bc,21
1441,0,outputs/oof_proposals/r258_center_basin_oof_full_20260714_222821/fold0_seed258_20260714_222828.pt,b89404b55d9f4aaa5e7c07e38694a50ecf8332ed719548dee3b04ea2a19c77bc,28
14430,0,outputs/oof_proposals/r258_center_basin_oof_full_20260714_222821/fold0_seed258_20260714_222828.pt,b89404b55d9f4aaa5e7c07e38694a50ecf8332ed719548dee3b04ea2a19c77bc,22
1445,0,outputs/oof_proposals/r258_center_basin_oof_full_20260714_222821/fold0_seed258_20260714_222828.pt,b89404b55d9f4aaa5e7c07e38694a50ecf8332ed719548dee3b04ea2a19c77bc,22
14594,0,outputs/oof_proposals/r258_center_basin_oof_full_20260714_222821/fold0_seed258_20260714_222828.pt,b89404b55d9f4aaa5e7c07e38694a50ecf8332ed719548dee3b04ea2a19c77bc,29
14778,0,outputs/oof_proposals/r258_center_basin_oof_full_20260714_222821/fold0_seed258_20260714_222828.pt,b89404b55d9f4aaa5e7c07e38694a50ecf8332ed719548dee3b04ea2a19c77bc,25
1485,0,outputs/oof_proposals/r258_center_basin_oof_full_20260714_222821/fold0_seed258_20260714_222828.pt,b89404b55d9f4aaa5e7c07e38694a50ecf8332ed719548dee3b04ea2a19c77bc,27
14951,0,outputs/oof_proposals/r258_center_basin_oof_full_20260714_222821/fold0_seed258_20260714_222828.pt,b89404b55d9f4aaa5e7c07e38694a50ecf8332ed719548dee3b04ea2a19c77bc,24
14973,0,outputs/oof_proposals/r258_center_basin_oof_full_20260714_222821/fold0_seed258_20260714_222828.pt,b89404b55d9f4aaa5e7c07e38694a50ecf8332ed719548dee3b04ea2a19c77bc,28
15027,0,outputs/oof_proposals/r258_center_basin_oof_full_20260714_222821/fold0_seed258_20260714_222828.pt,b89404b55d9f4aaa5e7c07e38694a50ecf8332ed719548dee3b04ea2a19c77bc,26
15047,0,outputs/oof_proposals/r258_center_basin_oof_full_20260714_222821/fold0_seed258_20260714_222828.pt,b89404b55d9f4aaa5e7c07e38694a50ecf8332ed719548dee3b04ea2a19c77bc,24
15151,0,outputs/oof_proposals/r258_center_basin_oof_full_20260714_222821/fold0_seed258_20260714_222828.pt,b89404b55d9f4aaa5e7c07e38694a50ecf8332ed719548dee3b04ea2a19c77bc,28
1520,0,outputs/oof_proposals/r258_center_basin_oof_full_20260714_222821/fold0_seed258_20260714_222828.pt,b89404b55d9f4aaa5e7c07e38694a50ecf8332ed719548dee3b04ea2a19c77bc,28
15201,0,outputs/oof_proposals/r258_center_basin_oof_full_20260714_222821/fold0_seed258_20260714_222828.pt,b89404b55d9f4aaa5e7c07e38694a50ecf8332ed719548dee3b04ea2a19c77bc,28
15258,0,outputs/oof_proposals/r258_center_basin_oof_full_20260714_222821/fold0_seed258_20260714_222828.pt,b89404b55d9f4aaa5e7c07e38694a50ecf8332ed719548dee3b04ea2a19c77bc,22
1527,0,outputs/oof_proposals/r258_center_basin_oof_full_20260714_222821/fold0_seed258_20260714_222828.pt,b89404b55d9f4aaa5e7c07e38694a50ecf8332ed719548dee3b04ea2a19c77bc,30
15289,0,outputs/oof_proposals/r258_center_basin_oof_full_20260714_222821/fold0_seed258_20260714_222828.pt,b89404b55d9f4aaa5e7c07e38694a50ecf8332ed719548dee3b04ea2a19c77bc,28
15360,0,outputs/oof_proposals/r258_center_basin_oof_full_20260714_222821/fold0_seed258_20260714_222828.pt,b89404b55d9f4aaa5e7c07e38694a50ecf8332ed719548dee3b04ea2a19c77bc,26
15408,0,outputs/oof_proposals/r258_center_basin_oof_full_20260714_222821/fold0_seed258_20260714_222828.pt,b89404b55d9f4aaa5e7c07e38694a50ecf8332ed719548dee3b04ea2a19c77bc,29
1543,0,outputs/oof_proposals/r258_center_basin_oof_full_20260714_222821/fold0_seed258_20260714_222828.pt,b89404b55d9f4aaa5e7c07e38694a50ecf8332ed719548dee3b04ea2a19c77bc,27
15513,0,outputs/oof_proposals/r258_center_basin_oof_full_20260714_222821/fold0_seed258_20260714_222828.pt,b89404b55d9f4aaa5e7c07e38694a50ecf8332ed719548dee3b04ea2a19c77bc,27
15548,0,outputs/oof_proposals/r258_center_basin_oof_full_20260714_222821/fold0_seed258_20260714_222828.pt,b89404b55d9f4aaa5e7c07e38694a50ecf8332ed719548dee3b04ea2a19c77bc,27
1555,0,outputs/oof_proposals/r258_center_basin_oof_full_20260714_222821/fold0_seed258_20260714_222828.pt,b89404b55d9f4aaa5e7c07e38694a50ecf8332ed719548dee3b04ea2a19c77bc,20
15563,0,outputs/oof_proposals/r258_center_basin_oof_full_20260714_222821/fold0_seed258_20260714_222828.pt,b89404b55d9f4aaa5e7c07e38694a50ecf8332ed719548dee3b04ea2a19c77bc,27
15584,0,outputs/oof_proposals/r258_center_basin_oof_full_20260714_222821/fold0_seed258_20260714_222828.pt,b89404b55d9f4aaa5e7c07e38694a50ecf8332ed719548dee3b04ea2a19c77bc,22
15588,0,outputs/oof_proposals/r258_center_basin_oof_full_20260714_222821/fold0_seed258_20260714_222828.pt,b89404b55d9f4aaa5e7c07e38694a50ecf8332ed719548dee3b04ea2a19c77bc,27
15602,0,outputs/oof_proposals/r258_center_basin_oof_full_20260714_222821/fold0_seed258_20260714_222828.pt,b89404b55d9f4aaa5e7c07e38694a50ecf8332ed719548dee3b04ea2a19c77bc,29
1565,0,outputs/oof_proposals/r258_center_basin_oof_full_20260714_222821/fold0_seed258_20260714_222828.pt,b89404b55d9f4aaa5e7c07e38694a50ecf8332ed719548dee3b04ea2a19c77bc,23
1571,0,outputs/oof_proposals/r258_center_basin_oof_full_20260714_222821/fold0_seed258_20260714_222828.pt,b89404b55d9f4aaa5e7c07e38694a50ecf8332ed719548dee3b04ea2a19c77bc,30
1592,0,outputs/oof_proposals/r258_center_basin_oof_full_20260714_222821/fold0_seed258_20260714_222828.pt,b89404b55d9f4aaa5e7c07e38694a50ecf8332ed719548dee3b04ea2a19c77bc,19
1595,0,outputs/oof_proposals/r258_center_basin_oof_full_20260714_222821/fold0_seed258_20260714_222828.pt,b89404b55d9f4aaa5e7c07e38694a50ecf8332ed719548dee3b04ea2a19c77bc,30
1596,0,outputs/oof_proposals/r258_center_basin_oof_full_20260714_222821/fold0_seed258_20260714_222828.pt,b89404b55d9f4aaa5e7c07e38694a50ecf8332ed719548dee3b04ea2a19c77bc,28
1606,0,outputs/oof_proposals/r258_center_basin_oof_full_20260714_222821/fold0_seed258_20260714_222828.pt,b89404b55d9f4aaa5e7c07e38694a50ecf8332ed719548dee3b04ea2a19c77bc,31
1608,0,outputs/oof_proposals/r258_center_basin_oof_full_20260714_222821/fold0_seed258_20260714_222828.pt,b89404b55d9f4aaa5e7c07e38694a50ecf8332ed719548dee3b04ea2a19c77bc,28
1612,0,outputs/oof_proposals/r258_center_basin_oof_full_20260714_222821/fold0_seed258_20260714_222828.pt,b89404b55d9f4aaa5e7c07e38694a50ecf8332ed719548dee3b04ea2a19c77bc,28
1615,0,outputs/oof_proposals/r258_center_basin_oof_full_20260714_222821/fold0_seed258_20260714_222828.pt,b89404b55d9f4aaa5e7c07e38694a50ecf8332ed719548dee3b04ea2a19c77bc,27
1632,0,outputs/oof_proposals/r258_center_basin_oof_full_20260714_222821/fold0_seed258_20260714_222828.pt,b89404b55d9f4aaa5e7c07e38694a50ecf8332ed719548dee3b04ea2a19c77bc,31
1668,0,outputs/oof_proposals/r258_center_basin_oof_full_20260714_222821/fold0_seed258_20260714_222828.pt,b89404b55d9f4aaa5e7c07e38694a50ecf8332ed719548dee3b04ea2a19c77bc,29
1691,0,outputs/oof_proposals/r258_center_basin_oof_full_20260714_222821/fold0_seed258_20260714_222828.pt,b89404b55d9f4aaa5e7c07e38694a50ecf8332ed719548dee3b04ea2a19c77bc,26
1697,0,outputs/oof_proposals/r258_center_basin_oof_full_20260714_222821/fold0_seed258_20260714_222828.pt,b89404b55d9f4aaa5e7c07e38694a50ecf8332ed719548dee3b04ea2a19c77bc,27
1721,0,outputs/oof_proposals/r258_center_basin_oof_full_20260714_222821/fold0_seed258_20260714_222828.pt,b89404b55d9f4aaa5e7c07e38694a50ecf8332ed719548dee3b04ea2a19c77bc,25
1732,0,outputs/oof_proposals/r258_center_basin_oof_full_20260714_222821/fold0_seed258_20260714_222828.pt,b89404b55d9f4aaa5e7c07e38694a50ecf8332ed719548dee3b04ea2a19c77bc,28
1753,0,outputs/oof_proposals/r258_center_basin_oof_full_20260714_222821/fold0_seed258_20260714_222828.pt,b89404b55d9f4aaa5e7c07e38694a50ecf8332ed719548dee3b04ea2a19c77bc,29
1754,0,outputs/oof_proposals/r258_center_basin_oof_full_20260714_222821/fold0_seed258_20260714_222828.pt,b89404b55d9f4aaa5e7c07e38694a50ecf8332ed719548dee3b04ea2a19c77bc,27
1765,0,outputs/oof_proposals/r258_center_basin_oof_full_20260714_222821/fold0_seed258_20260714_222828.pt,b89404b55d9f4aaa5e7c07e38694a50ecf8332ed719548dee3b04ea2a19c77bc,29
1790,0,outputs/oof_proposals/r258_center_basin_oof_full_20260714_222821/fold0_seed258_20260714_222828.pt,b89404b55d9f4aaa5e7c07e38694a50ecf8332ed719548dee3b04ea2a19c77bc,27
1796,0,outputs/oof_proposals/r258_center_basin_oof_full_20260714_222821/fold0_seed258_20260714_222828.pt,b89404b55d9f4aaa5e7c07e38694a50ecf8332ed719548dee3b04ea2a19c77bc,28
1797,0,outputs/oof_proposals/r258_center_basin_oof_full_20260714_222821/fold0_seed258_20260714_222828.pt,b89404b55d9f4aaa5e7c07e38694a50ecf8332ed719548dee3b04ea2a19c77bc,30
1816,0,outputs/oof_proposals/r258_center_basin_oof_full_20260714_222821/fold0_seed258_20260714_222828.pt,b89404b55d9f4aaa5e7c07e38694a50ecf8332ed719548dee3b04ea2a19c77bc,29
1818,0,outputs/oof_proposals/r258_center_basin_oof_full_20260714_222821/fold0_seed258_20260714_222828.pt,b89404b55d9f4aaa5e7c07e38694a50ecf8332ed719548dee3b04ea2a19c77bc,24
1820,0,outputs/oof_proposals/r258_center_basin_oof_full_20260714_222821/fold0_seed258_20260714_222828.pt,b89404b55d9f4aaa5e7c07e38694a50ecf8332ed719548dee3b04ea2a19c77bc,22
1825,0,outputs/oof_proposals/r258_center_basin_oof_full_20260714_222821/fold0_seed258_20260714_222828.pt,b89404b55d9f4aaa5e7c07e38694a50ecf8332ed719548dee3b04ea2a19c77bc,27
1838,0,outputs/oof_proposals/r258_center_basin_oof_full_20260714_222821/fold0_seed258_20260714_222828.pt,b89404b55d9f4aaa5e7c07e38694a50ecf8332ed719548dee3b04ea2a19c77bc,26
1845,0,outputs/oof_proposals/r258_center_basin_oof_full_20260714_222821/fold0_seed258_20260714_222828.pt,b89404b55d9f4aaa5e7c07e38694a50ecf8332ed719548dee3b04ea2a19c77bc,26
1854,0,outputs/oof_proposals/r258_center_basin_oof_full_20260714_222821/fold0_seed258_20260714_222828.pt,b89404b55d9f4aaa5e7c07e38694a50ecf8332ed719548dee3b04ea2a19c77bc,24
1866,0,outputs/oof_proposals/r258_center_basin_oof_full_20260714_222821/fold0_seed258_20260714_222828.pt,b89404b55d9f4aaa5e7c07e38694a50ecf8332ed719548dee3b04ea2a19c77bc,28
1870,0,outputs/oof_proposals/r258_center_basin_oof_full_20260714_222821/fold0_seed258_20260714_222828.pt,b89404b55d9f4aaa5e7c07e38694a50ecf8332ed719548dee3b04ea2a19c77bc,26
1899,0,outputs/oof_proposals/r258_center_basin_oof_full_20260714_222821/fold0_seed258_20260714_222828.pt,b89404b55d9f4aaa5e7c07e38694a50ecf8332ed719548dee3b04ea2a19c77bc,28
1902,0,outputs/oof_proposals/r258_center_basin_oof_full_20260714_222821/fold0_seed258_20260714_222828.pt,b89404b55d9f4aaa5e7c07e38694a50ecf8332ed719548dee3b04ea2a19c77bc,26
1903,0,outputs/oof_proposals/r258_center_basin_oof_full_20260714_222821/fold0_seed258_20260714_222828.pt,b89404b55d9f4aaa5e7c07e38694a50ecf8332ed719548dee3b04ea2a19c77bc,28
1916,0,outputs/oof_proposals/r258_center_basin_oof_full_20260714_222821/fold0_seed258_20260714_222828.pt,b89404b55d9f4aaa5e7c07e38694a50ecf8332ed719548dee3b04ea2a19c77bc,27
1920,0,outputs/oof_proposals/r258_center_basin_oof_full_20260714_222821/fold0_seed258_20260714_222828.pt,b89404b55d9f4aaa5e7c07e38694a50ecf8332ed719548dee3b04ea2a19c77bc,28
2077,0,outputs/oof_proposals/r258_center_basin_oof_full_20260714_222821/fold0_seed258_20260714_222828.pt,b89404b55d9f4aaa5e7c07e38694a50ecf8332ed719548dee3b04ea2a19c77bc,26
2103,0,outputs/oof_proposals/r258_center_basin_oof_full_20260714_222821/fold0_seed258_20260714_222828.pt,b89404b55d9f4aaa5e7c07e38694a50ecf8332ed719548dee3b04ea2a19c77bc,29
2108,0,outputs/oof_proposals/r258_center_basin_oof_full_20260714_222821/fold0_seed258_20260714_222828.pt,b89404b55d9f4aaa5e7c07e38694a50ecf8332ed719548dee3b04ea2a19c77bc,27
2109,0,outputs/oof_proposals/r258_center_basin_oof_full_20260714_222821/fold0_seed258_20260714_222828.pt,b89404b55d9f4aaa5e7c07e38694a50ecf8332ed719548dee3b04ea2a19c77bc,28
2122,0,outputs/oof_proposals/r258_center_basin_oof_full_20260714_222821/fold0_seed258_20260714_222828.pt,b89404b55d9f4aaa5e7c07e38694a50ecf8332ed719548dee3b04ea2a19c77bc,27
2150,0,outputs/oof_proposals/r258_center_basin_oof_full_20260714_222821/fold0_seed258_20260714_222828.pt,b89404b55d9f4aaa5e7c07e38694a50ecf8332ed719548dee3b04ea2a19c77bc,29
2175,0,outputs/oof_proposals/r258_center_basin_oof_full_20260714_222821/fold0_seed258_20260714_222828.pt,b89404b55d9f4aaa5e7c07e38694a50ecf8332ed719548dee3b04ea2a19c77bc,16
2176,0,outputs/oof_proposals/r258_center_basin_oof_full_20260714_222821/fold0_seed258_20260714_222828.pt,b89404b55d9f4aaa5e7c07e38694a50ecf8332ed719548dee3b04ea2a19c77bc,27
2230,0,outputs/oof_proposals/r258_center_basin_oof_full_20260714_222821/fold0_seed258_20260714_222828.pt,b89404b55d9f4aaa5e7c07e38694a50ecf8332ed719548dee3b04ea2a19c77bc,29
2258,0,outputs/oof_proposals/r258_center_basin_oof_full_20260714_222821/fold0_seed258_20260714_222828.pt,b89404b55d9f4aaa5e7c07e38694a50ecf8332ed719548dee3b04ea2a19c77bc,22
2353,0,outputs/oof_proposals/r258_center_basin_oof_full_20260714_222821/fold0_seed258_20260714_222828.pt,b89404b55d9f4aaa5e7c07e38694a50ecf8332ed719548dee3b04ea2a19c77bc,25
2393,0,outputs/oof_proposals/r258_center_basin_oof_full_20260714_222821/fold0_seed258_20260714_222828.pt,b89404b55d9f4aaa5e7c07e38694a50ecf8332ed719548dee3b04ea2a19c77bc,27
2509,0,outputs/oof_proposals/r258_center_basin_oof_full_20260714_222821/fold0_seed258_20260714_222828.pt,b89404b55d9f4aaa5e7c07e38694a50ecf8332ed719548dee3b04ea2a19c77bc,27
2648,0,outputs/oof_proposals/r258_center_basin_oof_full_20260714_222821/fold0_seed258_20260714_222828.pt,b89404b55d9f4aaa5e7c07e38694a50ecf8332ed719548dee3b04ea2a19c77bc,28
2830,0,outputs/oof_proposals/r258_center_basin_oof_full_20260714_222821/fold0_seed258_20260714_222828.pt,b89404b55d9f4aaa5e7c07e38694a50ecf8332ed719548dee3b04ea2a19c77bc,27
2866,0,outputs/oof_proposals/r258_center_basin_oof_full_20260714_222821/fold0_seed258_20260714_222828.pt,b89404b55d9f4aaa5e7c07e38694a50ecf8332ed719548dee3b04ea2a19c77bc,27
2874,0,outputs/oof_proposals/r258_center_basin_oof_full_20260714_222821/fold0_seed258_20260714_222828.pt,b89404b55d9f4aaa5e7c07e38694a50ecf8332ed719548dee3b04ea2a19c77bc,29
2904,0,outputs/oof_proposals/r258_center_basin_oof_full_20260714_222821/fold0_seed258_20260714_222828.pt,b89404b55d9f4aaa5e7c07e38694a50ecf8332ed719548dee3b04ea2a19c77bc,27
2985,0,outputs/oof_proposals/r258_center_basin_oof_full_20260714_222821/fold0_seed258_20260714_222828.pt,b89404b55d9f4aaa5e7c07e38694a50ecf8332ed719548dee3b04ea2a19c77bc,29
3034,0,outputs/oof_proposals/r258_center_basin_oof_full_20260714_222821/fold0_seed258_20260714_222828.pt,b89404b55d9f4aaa5e7c07e38694a50ecf8332ed719548dee3b04ea2a19c77bc,27
3041,0,outputs/oof_proposals/r258_center_basin_oof_full_20260714_222821/fold0_seed258_20260714_222828.pt,b89404b55d9f4aaa5e7c07e38694a50ecf8332ed719548dee3b04ea2a19c77bc,25
3061,0,outputs/oof_proposals/r258_center_basin_oof_full_20260714_222821/fold0_seed258_20260714_222828.pt,b89404b55d9f4aaa5e7c07e38694a50ecf8332ed719548dee3b04ea2a19c77bc,22
3081,0,outputs/oof_proposals/r258_center_basin_oof_full_20260714_222821/fold0_seed258_20260714_222828.pt,b89404b55d9f4aaa5e7c07e38694a50ecf8332ed719548dee3b04ea2a19c77bc,31
3085,0,outputs/oof_proposals/r258_center_basin_oof_full_20260714_222821/fold0_seed258_20260714_222828.pt,b89404b55d9f4aaa5e7c07e38694a50ecf8332ed719548dee3b04ea2a19c77bc,28
3173,0,outputs/oof_proposals/r258_center_basin_oof_full_20260714_222821/fold0_seed258_20260714_222828.pt,b89404b55d9f4aaa5e7c07e38694a50ecf8332ed719548dee3b04ea2a19c77bc,27
3198,0,outputs/oof_proposals/r258_center_basin_oof_full_20260714_222821/fold0_seed258_20260714_222828.pt,b89404b55d9f4aaa5e7c07e38694a50ecf8332ed719548dee3b04ea2a19c77bc,27
3212,0,outputs/oof_proposals/r258_center_basin_oof_full_20260714_222821/fold0_seed258_20260714_222828.pt,b89404b55d9f4aaa5e7c07e38694a50ecf8332ed719548dee3b04ea2a19c77bc,28
3480,0,outputs/oof_proposals/r258_center_basin_oof_full_20260714_222821/fold0_seed258_20260714_222828.pt,b89404b55d9f4aaa5e7c07e38694a50ecf8332ed719548dee3b04ea2a19c77bc,25
3495,0,outputs/oof_proposals/r258_center_basin_oof_full_20260714_222821/fold0_seed258_20260714_222828.pt,b89404b55d9f4aaa5e7c07e38694a50ecf8332ed719548dee3b04ea2a19c77bc,28
3529,0,outputs/oof_proposals/r258_center_basin_oof_full_20260714_222821/fold0_seed258_20260714_222828.pt,b89404b55d9f4aaa5e7c07e38694a50ecf8332ed719548dee3b04ea2a19c77bc,29
3535,0,outputs/oof_proposals/r258_center_basin_oof_full_20260714_222821/fold0_seed258_20260714_222828.pt,b89404b55d9f4aaa5e7c07e38694a50ecf8332ed719548dee3b04ea2a19c77bc,30
3547,0,outputs/oof_proposals/r258_center_basin_oof_full_20260714_222821/fold0_seed258_20260714_222828.pt,b89404b55d9f4aaa5e7c07e38694a50ecf8332ed719548dee3b04ea2a19c77bc,28
3654,0,outputs/oof_proposals/r258_center_basin_oof_full_20260714_222821/fold0_seed258_20260714_222828.pt,b89404b55d9f4aaa5e7c07e38694a50ecf8332ed719548dee3b04ea2a19c77bc,24
3729,0,outputs/oof_proposals/r258_center_basin_oof_full_20260714_222821/fold0_seed258_20260714_222828.pt,b89404b55d9f4aaa5e7c07e38694a50ecf8332ed719548dee3b04ea2a19c77bc,29
3755,0,outputs/oof_proposals/r258_center_basin_oof_full_20260714_222821/fold0_seed258_20260714_222828.pt,b89404b55d9f4aaa5e7c07e38694a50ecf8332ed719548dee3b04ea2a19c77bc,28
3928,0,outputs/oof_proposals/r258_center_basin_oof_full_20260714_222821/fold0_seed258_20260714_222828.pt,b89404b55d9f4aaa5e7c07e38694a50ecf8332ed719548dee3b04ea2a19c77bc,30
3934,0,outputs/oof_proposals/r258_center_basin_oof_full_20260714_222821/fold0_seed258_20260714_222828.pt,b89404b55d9f4aaa5e7c07e38694a50ecf8332ed719548dee3b04ea2a19c77bc,27
3942,0,outputs/oof_proposals/r258_center_basin_oof_full_20260714_222821/fold0_seed258_20260714_222828.pt,b89404b55d9f4aaa5e7c07e38694a50ecf8332ed719548dee3b04ea2a19c77bc,30
4245,0,outputs/oof_proposals/r258_center_basin_oof_full_20260714_222821/fold0_seed258_20260714_222828.pt,b89404b55d9f4aaa5e7c07e38694a50ecf8332ed719548dee3b04ea2a19c77bc,32
4256,0,outputs/oof_proposals/r258_center_basin_oof_full_20260714_222821/fold0_seed258_20260714_222828.pt,b89404b55d9f4aaa5e7c07e38694a50ecf8332ed719548dee3b04ea2a19c77bc,27
4819,0,outputs/oof_proposals/r258_center_basin_oof_full_20260714_222821/fold0_seed258_20260714_222828.pt,b89404b55d9f4aaa5e7c07e38694a50ecf8332ed719548dee3b04ea2a19c77bc,28
4878,0,outputs/oof_proposals/r258_center_basin_oof_full_20260714_222821/fold0_seed258_20260714_222828.pt,b89404b55d9f4aaa5e7c07e38694a50ecf8332ed719548dee3b04ea2a19c77bc,27
5409,0,outputs/oof_proposals/r258_center_basin_oof_full_20260714_222821/fold0_seed258_20260714_222828.pt,b89404b55d9f4aaa5e7c07e38694a50ecf8332ed719548dee3b04ea2a19c77bc,28
5485,0,outputs/oof_proposals/r258_center_basin_oof_full_20260714_222821/fold0_seed258_20260714_222828.pt,b89404b55d9f4aaa5e7c07e38694a50ecf8332ed719548dee3b04ea2a19c77bc,21
5526,0,outputs/oof_proposals/r258_center_basin_oof_full_20260714_222821/fold0_seed258_20260714_222828.pt,b89404b55d9f4aaa5e7c07e38694a50ecf8332ed719548dee3b04ea2a19c77bc,27
5851,0,outputs/oof_proposals/r258_center_basin_oof_full_20260714_222821/fold0_seed258_20260714_222828.pt,b89404b55d9f4aaa5e7c07e38694a50ecf8332ed719548dee3b04ea2a19c77bc,28
5886,0,outputs/oof_proposals/r258_center_basin_oof_full_20260714_222821/fold0_seed258_20260714_222828.pt,b89404b55d9f4aaa5e7c07e38694a50ecf8332ed719548dee3b04ea2a19c77bc,26
6141,0,outputs/oof_proposals/r258_center_basin_oof_full_20260714_222821/fold0_seed258_20260714_222828.pt,b89404b55d9f4aaa5e7c07e38694a50ecf8332ed719548dee3b04ea2a19c77bc,29
6547,0,outputs/oof_proposals/r258_center_basin_oof_full_20260714_222821/fold0_seed258_20260714_222828.pt,b89404b55d9f4aaa5e7c07e38694a50ecf8332ed719548dee3b04ea2a19c77bc,27
6688,0,outputs/oof_proposals/r258_center_basin_oof_full_20260714_222821/fold0_seed258_20260714_222828.pt,b89404b55d9f4aaa5e7c07e38694a50ecf8332ed719548dee3b04ea2a19c77bc,30
6761,0,outputs/oof_proposals/r258_center_basin_oof_full_20260714_222821/fold0_seed258_20260714_222828.pt,b89404b55d9f4aaa5e7c07e38694a50ecf8332ed719548dee3b04ea2a19c77bc,29
6800,0,outputs/oof_proposals/r258_center_basin_oof_full_20260714_222821/fold0_seed258_20260714_222828.pt,b89404b55d9f4aaa5e7c07e38694a50ecf8332ed719548dee3b04ea2a19c77bc,27
6819,0,outputs/oof_proposals/r258_center_basin_oof_full_20260714_222821/fold0_seed258_20260714_222828.pt,b89404b55d9f4aaa5e7c07e38694a50ecf8332ed719548dee3b04ea2a19c77bc,30
6897,0,outputs/oof_proposals/r258_center_basin_oof_full_20260714_222821/fold0_seed258_20260714_222828.pt,b89404b55d9f4aaa5e7c07e38694a50ecf8332ed719548dee3b04ea2a19c77bc,29
6899,0,outputs/oof_proposals/r258_center_basin_oof_full_20260714_222821/fold0_seed258_20260714_222828.pt,b89404b55d9f4aaa5e7c07e38694a50ecf8332ed719548dee3b04ea2a19c77bc,31
6905,0,outputs/oof_proposals/r258_center_basin_oof_full_20260714_222821/fold0_seed258_20260714_222828.pt,b89404b55d9f4aaa5e7c07e38694a50ecf8332ed719548dee3b04ea2a19c77bc,27
6912,0,outputs/oof_proposals/r258_center_basin_oof_full_20260714_222821/fold0_seed258_20260714_222828.pt,b89404b55d9f4aaa5e7c07e38694a50ecf8332ed719548dee3b04ea2a19c77bc,28
6959,0,outputs/oof_proposals/r258_center_basin_oof_full_20260714_222821/fold0_seed258_20260714_222828.pt,b89404b55d9f4aaa5e7c07e38694a50ecf8332ed719548dee3b04ea2a19c77bc,31
7062,0,outputs/oof_proposals/r258_center_basin_oof_full_20260714_222821/fold0_seed258_20260714_222828.pt,b89404b55d9f4aaa5e7c07e38694a50ecf8332ed719548dee3b04ea2a19c77bc,33
7563,0,outputs/oof_proposals/r258_center_basin_oof_full_20260714_222821/fold0_seed258_20260714_222828.pt,b89404b55d9f4aaa5e7c07e38694a50ecf8332ed719548dee3b04ea2a19c77bc,35
8633,0,outputs/oof_proposals/r258_center_basin_oof_full_20260714_222821/fold0_seed258_20260714_222828.pt,b89404b55d9f4aaa5e7c07e38694a50ecf8332ed719548dee3b04ea2a19c77bc,34
8850,0,outputs/oof_proposals/r258_center_basin_oof_full_20260714_222821/fold0_seed258_20260714_222828.pt,b89404b55d9f4aaa5e7c07e38694a50ecf8332ed719548dee3b04ea2a19c77bc,29
9112,0,outputs/oof_proposals/r258_center_basin_oof_full_20260714_222821/fold0_seed258_20260714_222828.pt,b89404b55d9f4aaa5e7c07e38694a50ecf8332ed719548dee3b04ea2a19c77bc,30
9455,0,outputs/oof_proposals/r258_center_basin_oof_full_20260714_222821/fold0_seed258_20260714_222828.pt,b89404b55d9f4aaa5e7c07e38694a50ecf8332ed719548dee3b04ea2a19c77bc,28
9545,0,outputs/oof_proposals/r258_center_basin_oof_full_20260714_222821/fold0_seed258_20260714_222828.pt,b89404b55d9f4aaa5e7c07e38694a50ecf8332ed719548dee3b04ea2a19c77bc,31
9613,0,outputs/oof_proposals/r258_center_basin_oof_full_20260714_222821/fold0_seed258_20260714_222828.pt,b89404b55d9f4aaa5e7c07e38694a50ecf8332ed719548dee3b04ea2a19c77bc,23
9806,0,outputs/oof_proposals/r258_center_basin_oof_full_20260714_222821/fold0_seed258_20260714_222828.pt,b89404b55d9f4aaa5e7c07e38694a50ecf8332ed719548dee3b04ea2a19c77bc,25
10003,1,outputs/oof_proposals/r258_center_basin_oof_full_20260714_222821/fold1_seed259_20260714_222828.pt,5b0e8d560d5e3bc578ab8774933d7159c7d66bba653575adc650a0f218aed996,28
10015,1,outputs/oof_proposals/r258_center_basin_oof_full_20260714_222821/fold1_seed259_20260714_222828.pt,5b0e8d560d5e3bc578ab8774933d7159c7d66bba653575adc650a0f218aed996,25
10144,1,outputs/oof_proposals/r258_center_basin_oof_full_20260714_222821/fold1_seed259_20260714_222828.pt,5b0e8d560d5e3bc578ab8774933d7159c7d66bba653575adc650a0f218aed996,28
11285,1,outputs/oof_proposals/r258_center_basin_oof_full_20260714_222821/fold1_seed259_20260714_222828.pt,5b0e8d560d5e3bc578ab8774933d7159c7d66bba653575adc650a0f218aed996,28
11383,1,outputs/oof_proposals/r258_center_basin_oof_full_20260714_222821/fold1_seed259_20260714_222828.pt,5b0e8d560d5e3bc578ab8774933d7159c7d66bba653575adc650a0f218aed996,23
11662,1,outputs/oof_proposals/r258_center_basin_oof_full_20260714_222821/fold1_seed259_20260714_222828.pt,5b0e8d560d5e3bc578ab8774933d7159c7d66bba653575adc650a0f218aed996,28
11784,1,outputs/oof_proposals/r258_center_basin_oof_full_20260714_222821/fold1_seed259_20260714_222828.pt,5b0e8d560d5e3bc578ab8774933d7159c7d66bba653575adc650a0f218aed996,27
12278,1,outputs/oof_proposals/r258_center_basin_oof_full_20260714_222821/fold1_seed259_20260714_222828.pt,5b0e8d560d5e3bc578ab8774933d7159c7d66bba653575adc650a0f218aed996,28
12446,1,outputs/oof_proposals/r258_center_basin_oof_full_20260714_222821/fold1_seed259_20260714_222828.pt,5b0e8d560d5e3bc578ab8774933d7159c7d66bba653575adc650a0f218aed996,28
12449,1,outputs/oof_proposals/r258_center_basin_oof_full_20260714_222821/fold1_seed259_20260714_222828.pt,5b0e8d560d5e3bc578ab8774933d7159c7d66bba653575adc650a0f218aed996,27
12603,1,outputs/oof_proposals/r258_center_basin_oof_full_20260714_222821/fold1_seed259_20260714_222828.pt,5b0e8d560d5e3bc578ab8774933d7159c7d66bba653575adc650a0f218aed996,25
12662,1,outputs/oof_proposals/r258_center_basin_oof_full_20260714_222821/fold1_seed259_20260714_222828.pt,5b0e8d560d5e3bc578ab8774933d7159c7d66bba653575adc650a0f218aed996,30
12687,1,outputs/oof_proposals/r258_center_basin_oof_full_20260714_222821/fold1_seed259_20260714_222828.pt,5b0e8d560d5e3bc578ab8774933d7159c7d66bba653575adc650a0f218aed996,29
12799,1,outputs/oof_proposals/r258_center_basin_oof_full_20260714_222821/fold1_seed259_20260714_222828.pt,5b0e8d560d5e3bc578ab8774933d7159c7d66bba653575adc650a0f218aed996,27
12852,1,outputs/oof_proposals/r258_center_basin_oof_full_20260714_222821/fold1_seed259_20260714_222828.pt,5b0e8d560d5e3bc578ab8774933d7159c7d66bba653575adc650a0f218aed996,25
12973,1,outputs/oof_proposals/r258_center_basin_oof_full_20260714_222821/fold1_seed259_20260714_222828.pt,5b0e8d560d5e3bc578ab8774933d7159c7d66bba653575adc650a0f218aed996,27
12985,1,outputs/oof_proposals/r258_center_basin_oof_full_20260714_222821/fold1_seed259_20260714_222828.pt,5b0e8d560d5e3bc578ab8774933d7159c7d66bba653575adc650a0f218aed996,29
13174,1,outputs/oof_proposals/r258_center_basin_oof_full_20260714_222821/fold1_seed259_20260714_222828.pt,5b0e8d560d5e3bc578ab8774933d7159c7d66bba653575adc650a0f218aed996,23
13334,1,outputs/oof_proposals/r258_center_basin_oof_full_20260714_222821/fold1_seed259_20260714_222828.pt,5b0e8d560d5e3bc578ab8774933d7159c7d66bba653575adc650a0f218aed996,29
13682,1,outputs/oof_proposals/r258_center_basin_oof_full_20260714_222821/fold1_seed259_20260714_222828.pt,5b0e8d560d5e3bc578ab8774933d7159c7d66bba653575adc650a0f218aed996,28
1379,1,outputs/oof_proposals/r258_center_basin_oof_full_20260714_222821/fold1_seed259_20260714_222828.pt,5b0e8d560d5e3bc578ab8774933d7159c7d66bba653575adc650a0f218aed996,28
1387,1,outputs/oof_proposals/r258_center_basin_oof_full_20260714_222821/fold1_seed259_20260714_222828.pt,5b0e8d560d5e3bc578ab8774933d7159c7d66bba653575adc650a0f218aed996,27
13908,1,outputs/oof_proposals/r258_center_basin_oof_full_20260714_222821/fold1_seed259_20260714_222828.pt,5b0e8d560d5e3bc578ab8774933d7159c7d66bba653575adc650a0f218aed996,26
1395,1,outputs/oof_proposals/r258_center_basin_oof_full_20260714_222821/fold1_seed259_20260714_222828.pt,5b0e8d560d5e3bc578ab8774933d7159c7d66bba653575adc650a0f218aed996,27
14022,1,outputs/oof_proposals/r258_center_basin_oof_full_20260714_222821/fold1_seed259_20260714_222828.pt,5b0e8d560d5e3bc578ab8774933d7159c7d66bba653575adc650a0f218aed996,30
14050,1,outputs/oof_proposals/r258_center_basin_oof_full_20260714_222821/fold1_seed259_20260714_222828.pt,5b0e8d560d5e3bc578ab8774933d7159c7d66bba653575adc650a0f218aed996,24
1414,1,outputs/oof_proposals/r258_center_basin_oof_full_20260714_222821/fold1_seed259_20260714_222828.pt,5b0e8d560d5e3bc578ab8774933d7159c7d66bba653575adc650a0f218aed996,27
1416,1,outputs/oof_proposals/r258_center_basin_oof_full_20260714_222821/fold1_seed259_20260714_222828.pt,5b0e8d560d5e3bc578ab8774933d7159c7d66bba653575adc650a0f218aed996,29
14160,1,outputs/oof_proposals/r258_center_basin_oof_full_20260714_222821/fold1_seed259_20260714_222828.pt,5b0e8d560d5e3bc578ab8774933d7159c7d66bba653575adc650a0f218aed996,26
14186,1,outputs/oof_proposals/r258_center_basin_oof_full_20260714_222821/fold1_seed259_20260714_222828.pt,5b0e8d560d5e3bc578ab8774933d7159c7d66bba653575adc650a0f218aed996,28
1425,1,outputs/oof_proposals/r258_center_basin_oof_full_20260714_222821/fold1_seed259_20260714_222828.pt,5b0e8d560d5e3bc578ab8774933d7159c7d66bba653575adc650a0f218aed996,30
14300,1,outputs/oof_proposals/r258_center_basin_oof_full_20260714_222821/fold1_seed259_20260714_222828.pt,5b0e8d560d5e3bc578ab8774933d7159c7d66bba653575adc650a0f218aed996,25
1431,1,outputs/oof_proposals/r258_center_basin_oof_full_20260714_222821/fold1_seed259_20260714_222828.pt,5b0e8d560d5e3bc578ab8774933d7159c7d66bba653575adc650a0f218aed996,14
1442,1,outputs/oof_proposals/r258_center_basin_oof_full_20260714_222821/fold1_seed259_20260714_222828.pt,5b0e8d560d5e3bc578ab8774933d7159c7d66bba653575adc650a0f218aed996,27
14481,1,outputs/oof_proposals/r258_center_basin_oof_full_20260714_222821/fold1_seed259_20260714_222828.pt,5b0e8d560d5e3bc578ab8774933d7159c7d66bba653575adc650a0f218aed996,28
14503,1,outputs/oof_proposals/r258_center_basin_oof_full_20260714_222821/fold1_seed259_20260714_222828.pt,5b0e8d560d5e3bc578ab8774933d7159c7d66bba653575adc650a0f218aed996,27
14530,1,outputs/oof_proposals/r258_center_basin_oof_full_20260714_222821/fold1_seed259_20260714_222828.pt,5b0e8d560d5e3bc578ab8774933d7159c7d66bba653575adc650a0f218aed996,27
1457,1,outputs/oof_proposals/r258_center_basin_oof_full_20260714_222821/fold1_seed259_20260714_222828.pt,5b0e8d560d5e3bc578ab8774933d7159c7d66bba653575adc650a0f218aed996,28
14571,1,outputs/oof_proposals/r258_center_basin_oof_full_20260714_222821/fold1_seed259_20260714_222828.pt,5b0e8d560d5e3bc578ab8774933d7159c7d66bba653575adc650a0f218aed996,28
1460,1,outputs/oof_proposals/r258_center_basin_oof_full_20260714_222821/fold1_seed259_20260714_222828.pt,5b0e8d560d5e3bc578ab8774933d7159c7d66bba653575adc650a0f218aed996,28
1461,1,outputs/oof_proposals/r258_center_basin_oof_full_20260714_222821/fold1_seed259_20260714_222828.pt,5b0e8d560d5e3bc578ab8774933d7159c7d66bba653575adc650a0f218aed996,29
14635,1,outputs/oof_proposals/r258_center_basin_oof_full_20260714_222821/fold1_seed259_20260714_222828.pt,5b0e8d560d5e3bc578ab8774933d7159c7d66bba653575adc650a0f218aed996,24
14664,1,outputs/oof_proposals/r258_center_basin_oof_full_20260714_222821/fold1_seed259_20260714_222828.pt,5b0e8d560d5e3bc578ab8774933d7159c7d66bba653575adc650a0f218aed996,27
1473,1,outputs/oof_proposals/r258_center_basin_oof_full_20260714_222821/fold1_seed259_20260714_222828.pt,5b0e8d560d5e3bc578ab8774933d7159c7d66bba653575adc650a0f218aed996,20
1474,1,outputs/oof_proposals/r258_center_basin_oof_full_20260714_222821/fold1_seed259_20260714_222828.pt,5b0e8d560d5e3bc578ab8774933d7159c7d66bba653575adc650a0f218aed996,28
14797,1,outputs/oof_proposals/r258_center_basin_oof_full_20260714_222821/fold1_seed259_20260714_222828.pt,5b0e8d560d5e3bc578ab8774933d7159c7d66bba653575adc650a0f218aed996,25
1480,1,outputs/oof_proposals/r258_center_basin_oof_full_20260714_222821/fold1_seed259_20260714_222828.pt,5b0e8d560d5e3bc578ab8774933d7159c7d66bba653575adc650a0f218aed996,28
1482,1,outputs/oof_proposals/r258_center_basin_oof_full_20260714_222821/fold1_seed259_20260714_222828.pt,5b0e8d560d5e3bc578ab8774933d7159c7d66bba653575adc650a0f218aed996,26
1487,1,outputs/oof_proposals/r258_center_basin_oof_full_20260714_222821/fold1_seed259_20260714_222828.pt,5b0e8d560d5e3bc578ab8774933d7159c7d66bba653575adc650a0f218aed996,27
14874,1,outputs/oof_proposals/r258_center_basin_oof_full_20260714_222821/fold1_seed259_20260714_222828.pt,5b0e8d560d5e3bc578ab8774933d7159c7d66bba653575adc650a0f218aed996,28
1493,1,outputs/oof_proposals/r258_center_basin_oof_full_20260714_222821/fold1_seed259_20260714_222828.pt,5b0e8d560d5e3bc578ab8774933d7159c7d66bba653575adc650a0f218aed996,28
15003,1,outputs/oof_proposals/r258_center_basin_oof_full_20260714_222821/fold1_seed259_20260714_222828.pt,5b0e8d560d5e3bc578ab8774933d7159c7d66bba653575adc650a0f218aed996,25
1501,1,outputs/oof_proposals/r258_center_basin_oof_full_20260714_222821/fold1_seed259_20260714_222828.pt,5b0e8d560d5e3bc578ab8774933d7159c7d66bba653575adc650a0f218aed996,24
15113,1,outputs/oof_proposals/r258_center_basin_oof_full_20260714_222821/fold1_seed259_20260714_222828.pt,5b0e8d560d5e3bc578ab8774933d7159c7d66bba653575adc650a0f218aed996,25
15135,1,outputs/oof_proposals/r258_center_basin_oof_full_20260714_222821/fold1_seed259_20260714_222828.pt,5b0e8d560d5e3bc578ab8774933d7159c7d66bba653575adc650a0f218aed996,25
1514,1,outputs/oof_proposals/r258_center_basin_oof_full_20260714_222821/fold1_seed259_20260714_222828.pt,5b0e8d560d5e3bc578ab8774933d7159c7d66bba653575adc650a0f218aed996,28
15177,1,outputs/oof_proposals/r258_center_basin_oof_full_20260714_222821/fold1_seed259_20260714_222828.pt,5b0e8d560d5e3bc578ab8774933d7159c7d66bba653575adc650a0f218aed996,24
1519,1,outputs/oof_proposals/r258_center_basin_oof_full_20260714_222821/fold1_seed259_20260714_222828.pt,5b0e8d560d5e3bc578ab8774933d7159c7d66bba653575adc650a0f218aed996,27
15268,1,outputs/oof_proposals/r258_center_basin_oof_full_20260714_222821/fold1_seed259_20260714_222828.pt,5b0e8d560d5e3bc578ab8774933d7159c7d66bba653575adc650a0f218aed996,28
15304,1,outputs/oof_proposals/r258_center_basin_oof_full_20260714_222821/fold1_seed259_20260714_222828.pt,5b0e8d560d5e3bc578ab8774933d7159c7d66bba653575adc650a0f218aed996,27
15317,1,outputs/oof_proposals/r258_center_basin_oof_full_20260714_222821/fold1_seed259_20260714_222828.pt,5b0e8d560d5e3bc578ab8774933d7159c7d66bba653575adc650a0f218aed996,28
15323,1,outputs/oof_proposals/r258_center_basin_oof_full_20260714_222821/fold1_seed259_20260714_222828.pt,5b0e8d560d5e3bc578ab8774933d7159c7d66bba653575adc650a0f218aed996,29
15339,1,outputs/oof_proposals/r258_center_basin_oof_full_20260714_222821/fold1_seed259_20260714_222828.pt,5b0e8d560d5e3bc578ab8774933d7159c7d66bba653575adc650a0f218aed996,27
15399,1,outputs/oof_proposals/r258_center_basin_oof_full_20260714_222821/fold1_seed259_20260714_222828.pt,5b0e8d560d5e3bc578ab8774933d7159c7d66bba653575adc650a0f218aed996,27
1540,1,outputs/oof_proposals/r258_center_basin_oof_full_20260714_222821/fold1_seed259_20260714_222828.pt,5b0e8d560d5e3bc578ab8774933d7159c7d66bba653575adc650a0f218aed996,27
15436,1,outputs/oof_proposals/r258_center_basin_oof_full_20260714_222821/fold1_seed259_20260714_222828.pt,5b0e8d560d5e3bc578ab8774933d7159c7d66bba653575adc650a0f218aed996,24
15457,1,outputs/oof_proposals/r258_center_basin_oof_full_20260714_222821/fold1_seed259_20260714_222828.pt,5b0e8d560d5e3bc578ab8774933d7159c7d66bba653575adc650a0f218aed996,28
15483,1,outputs/oof_proposals/r258_center_basin_oof_full_20260714_222821/fold1_seed259_20260714_222828.pt,5b0e8d560d5e3bc578ab8774933d7159c7d66bba653575adc650a0f218aed996,27
1549,1,outputs/oof_proposals/r258_center_basin_oof_full_20260714_222821/fold1_seed259_20260714_222828.pt,5b0e8d560d5e3bc578ab8774933d7159c7d66bba653575adc650a0f218aed996,27
15497,1,outputs/oof_proposals/r258_center_basin_oof_full_20260714_222821/fold1_seed259_20260714_222828.pt,5b0e8d560d5e3bc578ab8774933d7159c7d66bba653575adc650a0f218aed996,28
15503,1,outputs/oof_proposals/r258_center_basin_oof_full_20260714_222821/fold1_seed259_20260714_222828.pt,5b0e8d560d5e3bc578ab8774933d7159c7d66bba653575adc650a0f218aed996,27
15506,1,outputs/oof_proposals/r258_center_basin_oof_full_20260714_222821/fold1_seed259_20260714_222828.pt,5b0e8d560d5e3bc578ab8774933d7159c7d66bba653575adc650a0f218aed996,27
15533,1,outputs/oof_proposals/r258_center_basin_oof_full_20260714_222821/fold1_seed259_20260714_222828.pt,5b0e8d560d5e3bc578ab8774933d7159c7d66bba653575adc650a0f218aed996,27
15538,1,outputs/oof_proposals/r258_center_basin_oof_full_20260714_222821/fold1_seed259_20260714_222828.pt,5b0e8d560d5e3bc578ab8774933d7159c7d66bba653575adc650a0f218aed996,26
1556,1,outputs/oof_proposals/r258_center_basin_oof_full_20260714_222821/fold1_seed259_20260714_222828.pt,5b0e8d560d5e3bc578ab8774933d7159c7d66bba653575adc650a0f218aed996,24
1557,1,outputs/oof_proposals/r258_center_basin_oof_full_20260714_222821/fold1_seed259_20260714_222828.pt,5b0e8d560d5e3bc578ab8774933d7159c7d66bba653575adc650a0f218aed996,28
15579,1,outputs/oof_proposals/r258_center_basin_oof_full_20260714_222821/fold1_seed259_20260714_222828.pt,5b0e8d560d5e3bc578ab8774933d7159c7d66bba653575adc650a0f218aed996,27
1593,1,outputs/oof_proposals/r258_center_basin_oof_full_20260714_222821/fold1_seed259_20260714_222828.pt,5b0e8d560d5e3bc578ab8774933d7159c7d66bba653575adc650a0f218aed996,28
1594,1,outputs/oof_proposals/r258_center_basin_oof_full_20260714_222821/fold1_seed259_20260714_222828.pt,5b0e8d560d5e3bc578ab8774933d7159c7d66bba653575adc650a0f218aed996,23
1616,1,outputs/oof_proposals/r258_center_basin_oof_full_20260714_222821/fold1_seed259_20260714_222828.pt,5b0e8d560d5e3bc578ab8774933d7159c7d66bba653575adc650a0f218aed996,25
1635,1,outputs/oof_proposals/r258_center_basin_oof_full_20260714_222821/fold1_seed259_20260714_222828.pt,5b0e8d560d5e3bc578ab8774933d7159c7d66bba653575adc650a0f218aed996,23
1638,1,outputs/oof_proposals/r258_center_basin_oof_full_20260714_222821/fold1_seed259_20260714_222828.pt,5b0e8d560d5e3bc578ab8774933d7159c7d66bba653575adc650a0f218aed996,27
1648,1,outputs/oof_proposals/r258_center_basin_oof_full_20260714_222821/fold1_seed259_20260714_222828.pt,5b0e8d560d5e3bc578ab8774933d7159c7d66bba653575adc650a0f218aed996,27
1662,1,outputs/oof_proposals/r258_center_basin_oof_full_20260714_222821/fold1_seed259_20260714_222828.pt,5b0e8d560d5e3bc578ab8774933d7159c7d66bba653575adc650a0f218aed996,22
1675,1,outputs/oof_proposals/r258_center_basin_oof_full_20260714_222821/fold1_seed259_20260714_222828.pt,5b0e8d560d5e3bc578ab8774933d7159c7d66bba653575adc650a0f218aed996,31
1677,1,outputs/oof_proposals/r258_center_basin_oof_full_20260714_222821/fold1_seed259_20260714_222828.pt,5b0e8d560d5e3bc578ab8774933d7159c7d66bba653575adc650a0f218aed996,42
1679,1,outputs/oof_proposals/r258_center_basin_oof_full_20260714_222821/fold1_seed259_20260714_222828.pt,5b0e8d560d5e3bc578ab8774933d7159c7d66bba653575adc650a0f218aed996,28
1729,1,outputs/oof_proposals/r258_center_basin_oof_full_20260714_222821/fold1_seed259_20260714_222828.pt,5b0e8d560d5e3bc578ab8774933d7159c7d66bba653575adc650a0f218aed996,26
1741,1,outputs/oof_proposals/r258_center_basin_oof_full_20260714_222821/fold1_seed259_20260714_222828.pt,5b0e8d560d5e3bc578ab8774933d7159c7d66bba653575adc650a0f218aed996,33
1743,1,outputs/oof_proposals/r258_center_basin_oof_full_20260714_222821/fold1_seed259_20260714_222828.pt,5b0e8d560d5e3bc578ab8774933d7159c7d66bba653575adc650a0f218aed996,27
1794,1,outputs/oof_proposals/r258_center_basin_oof_full_20260714_222821/fold1_seed259_20260714_222828.pt,5b0e8d560d5e3bc578ab8774933d7159c7d66bba653575adc650a0f218aed996,27
1837,1,outputs/oof_proposals/r258_center_basin_oof_full_20260714_222821/fold1_seed259_20260714_222828.pt,5b0e8d560d5e3bc578ab8774933d7159c7d66bba653575adc650a0f218aed996,28
1865,1,outputs/oof_proposals/r258_center_basin_oof_full_20260714_222821/fold1_seed259_20260714_222828.pt,5b0e8d560d5e3bc578ab8774933d7159c7d66bba653575adc650a0f218aed996,30
1888,1,outputs/oof_proposals/r258_center_basin_oof_full_20260714_222821/fold1_seed259_20260714_222828.pt,5b0e8d560d5e3bc578ab8774933d7159c7d66bba653575adc650a0f218aed996,31
1912,1,outputs/oof_proposals/r258_center_basin_oof_full_20260714_222821/fold1_seed259_20260714_222828.pt,5b0e8d560d5e3bc578ab8774933d7159c7d66bba653575adc650a0f218aed996,28
1925,1,outputs/oof_proposals/r258_center_basin_oof_full_20260714_222821/fold1_seed259_20260714_222828.pt,5b0e8d560d5e3bc578ab8774933d7159c7d66bba653575adc650a0f218aed996,28
1943,1,outputs/oof_proposals/r258_center_basin_oof_full_20260714_222821/fold1_seed259_20260714_222828.pt,5b0e8d560d5e3bc578ab8774933d7159c7d66bba653575adc650a0f218aed996,27
1952,1,outputs/oof_proposals/r258_center_basin_oof_full_20260714_222821/fold1_seed259_20260714_222828.pt,5b0e8d560d5e3bc578ab8774933d7159c7d66bba653575adc650a0f218aed996,29
2035,1,outputs/oof_proposals/r258_center_basin_oof_full_20260714_222821/fold1_seed259_20260714_222828.pt,5b0e8d560d5e3bc578ab8774933d7159c7d66bba653575adc650a0f218aed996,29
2039,1,outputs/oof_proposals/r258_center_basin_oof_full_20260714_222821/fold1_seed259_20260714_222828.pt,5b0e8d560d5e3bc578ab8774933d7159c7d66bba653575adc650a0f218aed996,27
2074,1,outputs/oof_proposals/r258_center_basin_oof_full_20260714_222821/fold1_seed259_20260714_222828.pt,5b0e8d560d5e3bc578ab8774933d7159c7d66bba653575adc650a0f218aed996,28
2096,1,outputs/oof_proposals/r258_center_basin_oof_full_20260714_222821/fold1_seed259_20260714_222828.pt,5b0e8d560d5e3bc578ab8774933d7159c7d66bba653575adc650a0f218aed996,28
2101,1,outputs/oof_proposals/r258_center_basin_oof_full_20260714_222821/fold1_seed259_20260714_222828.pt,5b0e8d560d5e3bc578ab8774933d7159c7d66bba653575adc650a0f218aed996,29
2123,1,outputs/oof_proposals/r258_center_basin_oof_full_20260714_222821/fold1_seed259_20260714_222828.pt,5b0e8d560d5e3bc578ab8774933d7159c7d66bba653575adc650a0f218aed996,28
2129,1,outputs/oof_proposals/r258_center_basin_oof_full_20260714_222821/fold1_seed259_20260714_222828.pt,5b0e8d560d5e3bc578ab8774933d7159c7d66bba653575adc650a0f218aed996,27
2145,1,outputs/oof_proposals/r258_center_basin_oof_full_20260714_222821/fold1_seed259_20260714_222828.pt,5b0e8d560d5e3bc578ab8774933d7159c7d66bba653575adc650a0f218aed996,23
2148,1,outputs/oof_proposals/r258_center_basin_oof_full_20260714_222821/fold1_seed259_20260714_222828.pt,5b0e8d560d5e3bc578ab8774933d7159c7d66bba653575adc650a0f218aed996,28
2160,1,outputs/oof_proposals/r258_center_basin_oof_full_20260714_222821/fold1_seed259_20260714_222828.pt,5b0e8d560d5e3bc578ab8774933d7159c7d66bba653575adc650a0f218aed996,28
2162,1,outputs/oof_proposals/r258_center_basin_oof_full_20260714_222821/fold1_seed259_20260714_222828.pt,5b0e8d560d5e3bc578ab8774933d7159c7d66bba653575adc650a0f218aed996,27
2167,1,outputs/oof_proposals/r258_center_basin_oof_full_20260714_222821/fold1_seed259_20260714_222828.pt,5b0e8d560d5e3bc578ab8774933d7159c7d66bba653575adc650a0f218aed996,28
2233,1,outputs/oof_proposals/r258_center_basin_oof_full_20260714_222821/fold1_seed259_20260714_222828.pt,5b0e8d560d5e3bc578ab8774933d7159c7d66bba653575adc650a0f218aed996,27
2249,1,outputs/oof_proposals/r258_center_basin_oof_full_20260714_222821/fold1_seed259_20260714_222828.pt,5b0e8d560d5e3bc578ab8774933d7159c7d66bba653575adc650a0f218aed996,27
2307,1,outputs/oof_proposals/r258_center_basin_oof_full_20260714_222821/fold1_seed259_20260714_222828.pt,5b0e8d560d5e3bc578ab8774933d7159c7d66bba653575adc650a0f218aed996,25
2409,1,outputs/oof_proposals/r258_center_basin_oof_full_20260714_222821/fold1_seed259_20260714_222828.pt,5b0e8d560d5e3bc578ab8774933d7159c7d66bba653575adc650a0f218aed996,30
2410,1,outputs/oof_proposals/r258_center_basin_oof_full_20260714_222821/fold1_seed259_20260714_222828.pt,5b0e8d560d5e3bc578ab8774933d7159c7d66bba653575adc650a0f218aed996,27
2500,1,outputs/oof_proposals/r258_center_basin_oof_full_20260714_222821/fold1_seed259_20260714_222828.pt,5b0e8d560d5e3bc578ab8774933d7159c7d66bba653575adc650a0f218aed996,27
2516,1,outputs/oof_proposals/r258_center_basin_oof_full_20260714_222821/fold1_seed259_20260714_222828.pt,5b0e8d560d5e3bc578ab8774933d7159c7d66bba653575adc650a0f218aed996,28
2573,1,outputs/oof_proposals/r258_center_basin_oof_full_20260714_222821/fold1_seed259_20260714_222828.pt,5b0e8d560d5e3bc578ab8774933d7159c7d66bba653575adc650a0f218aed996,29
2829,1,outputs/oof_proposals/r258_center_basin_oof_full_20260714_222821/fold1_seed259_20260714_222828.pt,5b0e8d560d5e3bc578ab8774933d7159c7d66bba653575adc650a0f218aed996,28
2836,1,outputs/oof_proposals/r258_center_basin_oof_full_20260714_222821/fold1_seed259_20260714_222828.pt,5b0e8d560d5e3bc578ab8774933d7159c7d66bba653575adc650a0f218aed996,29
2837,1,outputs/oof_proposals/r258_center_basin_oof_full_20260714_222821/fold1_seed259_20260714_222828.pt,5b0e8d560d5e3bc578ab8774933d7159c7d66bba653575adc650a0f218aed996,30
2854,1,outputs/oof_proposals/r258_center_basin_oof_full_20260714_222821/fold1_seed259_20260714_222828.pt,5b0e8d560d5e3bc578ab8774933d7159c7d66bba653575adc650a0f218aed996,28
2867,1,outputs/oof_proposals/r258_center_basin_oof_full_20260714_222821/fold1_seed259_20260714_222828.pt,5b0e8d560d5e3bc578ab8774933d7159c7d66bba653575adc650a0f218aed996,28
2888,1,outputs/oof_proposals/r258_center_basin_oof_full_20260714_222821/fold1_seed259_20260714_222828.pt,5b0e8d560d5e3bc578ab8774933d7159c7d66bba653575adc650a0f218aed996,28
2934,1,outputs/oof_proposals/r258_center_basin_oof_full_20260714_222821/fold1_seed259_20260714_222828.pt,5b0e8d560d5e3bc578ab8774933d7159c7d66bba653575adc650a0f218aed996,33
2970,1,outputs/oof_proposals/r258_center_basin_oof_full_20260714_222821/fold1_seed259_20260714_222828.pt,5b0e8d560d5e3bc578ab8774933d7159c7d66bba653575adc650a0f218aed996,28
2976,1,outputs/oof_proposals/r258_center_basin_oof_full_20260714_222821/fold1_seed259_20260714_222828.pt,5b0e8d560d5e3bc578ab8774933d7159c7d66bba653575adc650a0f218aed996,27
3003,1,outputs/oof_proposals/r258_center_basin_oof_full_20260714_222821/fold1_seed259_20260714_222828.pt,5b0e8d560d5e3bc578ab8774933d7159c7d66bba653575adc650a0f218aed996,28
3079,1,outputs/oof_proposals/r258_center_basin_oof_full_20260714_222821/fold1_seed259_20260714_222828.pt,5b0e8d560d5e3bc578ab8774933d7159c7d66bba653575adc650a0f218aed996,38
3104,1,outputs/oof_proposals/r258_center_basin_oof_full_20260714_222821/fold1_seed259_20260714_222828.pt,5b0e8d560d5e3bc578ab8774933d7159c7d66bba653575adc650a0f218aed996,25
3141,1,outputs/oof_proposals/r258_center_basin_oof_full_20260714_222821/fold1_seed259_20260714_222828.pt,5b0e8d560d5e3bc578ab8774933d7159c7d66bba653575adc650a0f218aed996,28
3196,1,outputs/oof_proposals/r258_center_basin_oof_full_20260714_222821/fold1_seed259_20260714_222828.pt,5b0e8d560d5e3bc578ab8774933d7159c7d66bba653575adc650a0f218aed996,28
3211,1,outputs/oof_proposals/r258_center_basin_oof_full_20260714_222821/fold1_seed259_20260714_222828.pt,5b0e8d560d5e3bc578ab8774933d7159c7d66bba653575adc650a0f218aed996,29
3271,1,outputs/oof_proposals/r258_center_basin_oof_full_20260714_222821/fold1_seed259_20260714_222828.pt,5b0e8d560d5e3bc578ab8774933d7159c7d66bba653575adc650a0f218aed996,27
3328,1,outputs/oof_proposals/r258_center_basin_oof_full_20260714_222821/fold1_seed259_20260714_222828.pt,5b0e8d560d5e3bc578ab8774933d7159c7d66bba653575adc650a0f218aed996,32
3405,1,outputs/oof_proposals/r258_center_basin_oof_full_20260714_222821/fold1_seed259_20260714_222828.pt,5b0e8d560d5e3bc578ab8774933d7159c7d66bba653575adc650a0f218aed996,29
3406,1,outputs/oof_proposals/r258_center_basin_oof_full_20260714_222821/fold1_seed259_20260714_222828.pt,5b0e8d560d5e3bc578ab8774933d7159c7d66bba653575adc650a0f218aed996,27
3448,1,outputs/oof_proposals/r258_center_basin_oof_full_20260714_222821/fold1_seed259_20260714_222828.pt,5b0e8d560d5e3bc578ab8774933d7159c7d66bba653575adc650a0f218aed996,28
3457,1,outputs/oof_proposals/r258_center_basin_oof_full_20260714_222821/fold1_seed259_20260714_222828.pt,5b0e8d560d5e3bc578ab8774933d7159c7d66bba653575adc650a0f218aed996,33
3465,1,outputs/oof_proposals/r258_center_basin_oof_full_20260714_222821/fold1_seed259_20260714_222828.pt,5b0e8d560d5e3bc578ab8774933d7159c7d66bba653575adc650a0f218aed996,24
3477,1,outputs/oof_proposals/r258_center_basin_oof_full_20260714_222821/fold1_seed259_20260714_222828.pt,5b0e8d560d5e3bc578ab8774933d7159c7d66bba653575adc650a0f218aed996,23
3521,1,outputs/oof_proposals/r258_center_basin_oof_full_20260714_222821/fold1_seed259_20260714_222828.pt,5b0e8d560d5e3bc578ab8774933d7159c7d66bba653575adc650a0f218aed996,27
3568,1,outputs/oof_proposals/r258_center_basin_oof_full_20260714_222821/fold1_seed259_20260714_222828.pt,5b0e8d560d5e3bc578ab8774933d7159c7d66bba653575adc650a0f218aed996,31
3633,1,outputs/oof_proposals/r258_center_basin_oof_full_20260714_222821/fold1_seed259_20260714_222828.pt,5b0e8d560d5e3bc578ab8774933d7159c7d66bba653575adc650a0f218aed996,13
3878,1,outputs/oof_proposals/r258_center_basin_oof_full_20260714_222821/fold1_seed259_20260714_222828.pt,5b0e8d560d5e3bc578ab8774933d7159c7d66bba653575adc650a0f218aed996,29
3906,1,outputs/oof_proposals/r258_center_basin_oof_full_20260714_222821/fold1_seed259_20260714_222828.pt,5b0e8d560d5e3bc578ab8774933d7159c7d66bba653575adc650a0f218aed996,28
3985,1,outputs/oof_proposals/r258_center_basin_oof_full_20260714_222821/fold1_seed259_20260714_222828.pt,5b0e8d560d5e3bc578ab8774933d7159c7d66bba653575adc650a0f218aed996,27
4049,1,outputs/oof_proposals/r258_center_basin_oof_full_20260714_222821/fold1_seed259_20260714_222828.pt,5b0e8d560d5e3bc578ab8774933d7159c7d66bba653575adc650a0f218aed996,26
4068,1,outputs/oof_proposals/r258_center_basin_oof_full_20260714_222821/fold1_seed259_20260714_222828.pt,5b0e8d560d5e3bc578ab8774933d7159c7d66bba653575adc650a0f218aed996,29
4089,1,outputs/oof_proposals/r258_center_basin_oof_full_20260714_222821/fold1_seed259_20260714_222828.pt,5b0e8d560d5e3bc578ab8774933d7159c7d66bba653575adc650a0f218aed996,27
4140,1,outputs/oof_proposals/r258_center_basin_oof_full_20260714_222821/fold1_seed259_20260714_222828.pt,5b0e8d560d5e3bc578ab8774933d7159c7d66bba653575adc650a0f218aed996,27
4181,1,outputs/oof_proposals/r258_center_basin_oof_full_20260714_222821/fold1_seed259_20260714_222828.pt,5b0e8d560d5e3bc578ab8774933d7159c7d66bba653575adc650a0f218aed996,27
4199,1,outputs/oof_proposals/r258_center_basin_oof_full_20260714_222821/fold1_seed259_20260714_222828.pt,5b0e8d560d5e3bc578ab8774933d7159c7d66bba653575adc650a0f218aed996,28
4337,1,outputs/oof_proposals/r258_center_basin_oof_full_20260714_222821/fold1_seed259_20260714_222828.pt,5b0e8d560d5e3bc578ab8774933d7159c7d66bba653575adc650a0f218aed996,29
4753,1,outputs/oof_proposals/r258_center_basin_oof_full_20260714_222821/fold1_seed259_20260714_222828.pt,5b0e8d560d5e3bc578ab8774933d7159c7d66bba653575adc650a0f218aed996,29
5374,1,outputs/oof_proposals/r258_center_basin_oof_full_20260714_222821/fold1_seed259_20260714_222828.pt,5b0e8d560d5e3bc578ab8774933d7159c7d66bba653575adc650a0f218aed996,16
6322,1,outputs/oof_proposals/r258_center_basin_oof_full_20260714_222821/fold1_seed259_20260714_222828.pt,5b0e8d560d5e3bc578ab8774933d7159c7d66bba653575adc650a0f218aed996,27
6537,1,outputs/oof_proposals/r258_center_basin_oof_full_20260714_222821/fold1_seed259_20260714_222828.pt,5b0e8d560d5e3bc578ab8774933d7159c7d66bba653575adc650a0f218aed996,28
6583,1,outputs/oof_proposals/r258_center_basin_oof_full_20260714_222821/fold1_seed259_20260714_222828.pt,5b0e8d560d5e3bc578ab8774933d7159c7d66bba653575adc650a0f218aed996,31
6790,1,outputs/oof_proposals/r258_center_basin_oof_full_20260714_222821/fold1_seed259_20260714_222828.pt,5b0e8d560d5e3bc578ab8774933d7159c7d66bba653575adc650a0f218aed996,28
6856,1,outputs/oof_proposals/r258_center_basin_oof_full_20260714_222821/fold1_seed259_20260714_222828.pt,5b0e8d560d5e3bc578ab8774933d7159c7d66bba653575adc650a0f218aed996,27
6882,1,outputs/oof_proposals/r258_center_basin_oof_full_20260714_222821/fold1_seed259_20260714_222828.pt,5b0e8d560d5e3bc578ab8774933d7159c7d66bba653575adc650a0f218aed996,27
7029,1,outputs/oof_proposals/r258_center_basin_oof_full_20260714_222821/fold1_seed259_20260714_222828.pt,5b0e8d560d5e3bc578ab8774933d7159c7d66bba653575adc650a0f218aed996,27
7109,1,outputs/oof_proposals/r258_center_basin_oof_full_20260714_222821/fold1_seed259_20260714_222828.pt,5b0e8d560d5e3bc578ab8774933d7159c7d66bba653575adc650a0f218aed996,28
7211,1,outputs/oof_proposals/r258_center_basin_oof_full_20260714_222821/fold1_seed259_20260714_222828.pt,5b0e8d560d5e3bc578ab8774933d7159c7d66bba653575adc650a0f218aed996,29
7346,1,outputs/oof_proposals/r258_center_basin_oof_full_20260714_222821/fold1_seed259_20260714_222828.pt,5b0e8d560d5e3bc578ab8774933d7159c7d66bba653575adc650a0f218aed996,28
7436,1,outputs/oof_proposals/r258_center_basin_oof_full_20260714_222821/fold1_seed259_20260714_222828.pt,5b0e8d560d5e3bc578ab8774933d7159c7d66bba653575adc650a0f218aed996,21
7741,1,outputs/oof_proposals/r258_center_basin_oof_full_20260714_222821/fold1_seed259_20260714_222828.pt,5b0e8d560d5e3bc578ab8774933d7159c7d66bba653575adc650a0f218aed996,28
7886,1,outputs/oof_proposals/r258_center_basin_oof_full_20260714_222821/fold1_seed259_20260714_222828.pt,5b0e8d560d5e3bc578ab8774933d7159c7d66bba653575adc650a0f218aed996,28
8184,1,outputs/oof_proposals/r258_center_basin_oof_full_20260714_222821/fold1_seed259_20260714_222828.pt,5b0e8d560d5e3bc578ab8774933d7159c7d66bba653575adc650a0f218aed996,28
8848,1,outputs/oof_proposals/r258_center_basin_oof_full_20260714_222821/fold1_seed259_20260714_222828.pt,5b0e8d560d5e3bc578ab8774933d7159c7d66bba653575adc650a0f218aed996,28
9405,1,outputs/oof_proposals/r258_center_basin_oof_full_20260714_222821/fold1_seed259_20260714_222828.pt,5b0e8d560d5e3bc578ab8774933d7159c7d66bba653575adc650a0f218aed996,28
9457,1,outputs/oof_proposals/r258_center_basin_oof_full_20260714_222821/fold1_seed259_20260714_222828.pt,5b0e8d560d5e3bc578ab8774933d7159c7d66bba653575adc650a0f218aed996,28
9689,1,outputs/oof_proposals/r258_center_basin_oof_full_20260714_222821/fold1_seed259_20260714_222828.pt,5b0e8d560d5e3bc578ab8774933d7159c7d66bba653575adc650a0f218aed996,27
9897,1,outputs/oof_proposals/r258_center_basin_oof_full_20260714_222821/fold1_seed259_20260714_222828.pt,5b0e8d560d5e3bc578ab8774933d7159c7d66bba653575adc650a0f218aed996,24
10043,2,outputs/oof_proposals/r258_center_basin_oof_full_20260714_222821/fold2_seed260_20260714_222828.pt,be292efc479bdecb8cccb301d999430299aa80c4be6866210fb1b3c8338c2959,25
10727,2,outputs/oof_proposals/r258_center_basin_oof_full_20260714_222821/fold2_seed260_20260714_222828.pt,be292efc479bdecb8cccb301d999430299aa80c4be6866210fb1b3c8338c2959,29
10852,2,outputs/oof_proposals/r258_center_basin_oof_full_20260714_222821/fold2_seed260_20260714_222828.pt,be292efc479bdecb8cccb301d999430299aa80c4be6866210fb1b3c8338c2959,27
11013,2,outputs/oof_proposals/r258_center_basin_oof_full_20260714_222821/fold2_seed260_20260714_222828.pt,be292efc479bdecb8cccb301d999430299aa80c4be6866210fb1b3c8338c2959,28
11115,2,outputs/oof_proposals/r258_center_basin_oof_full_20260714_222821/fold2_seed260_20260714_222828.pt,be292efc479bdecb8cccb301d999430299aa80c4be6866210fb1b3c8338c2959,25
11237,2,outputs/oof_proposals/r258_center_basin_oof_full_20260714_222821/fold2_seed260_20260714_222828.pt,be292efc479bdecb8cccb301d999430299aa80c4be6866210fb1b3c8338c2959,24
11355,2,outputs/oof_proposals/r258_center_basin_oof_full_20260714_222821/fold2_seed260_20260714_222828.pt,be292efc479bdecb8cccb301d999430299aa80c4be6866210fb1b3c8338c2959,23
11488,2,outputs/oof_proposals/r258_center_basin_oof_full_20260714_222821/fold2_seed260_20260714_222828.pt,be292efc479bdecb8cccb301d999430299aa80c4be6866210fb1b3c8338c2959,27
11830,2,outputs/oof_proposals/r258_center_basin_oof_full_20260714_222821/fold2_seed260_20260714_222828.pt,be292efc479bdecb8cccb301d999430299aa80c4be6866210fb1b3c8338c2959,28
12329,2,outputs/oof_proposals/r258_center_basin_oof_full_20260714_222821/fold2_seed260_20260714_222828.pt,be292efc479bdecb8cccb301d999430299aa80c4be6866210fb1b3c8338c2959,28
12566,2,outputs/oof_proposals/r258_center_basin_oof_full_20260714_222821/fold2_seed260_20260714_222828.pt,be292efc479bdecb8cccb301d999430299aa80c4be6866210fb1b3c8338c2959,28
13087,2,outputs/oof_proposals/r258_center_basin_oof_full_20260714_222821/fold2_seed260_20260714_222828.pt,be292efc479bdecb8cccb301d999430299aa80c4be6866210fb1b3c8338c2959,25
13102,2,outputs/oof_proposals/r258_center_basin_oof_full_20260714_222821/fold2_seed260_20260714_222828.pt,be292efc479bdecb8cccb301d999430299aa80c4be6866210fb1b3c8338c2959,27
13253,2,outputs/oof_proposals/r258_center_basin_oof_full_20260714_222821/fold2_seed260_20260714_222828.pt,be292efc479bdecb8cccb301d999430299aa80c4be6866210fb1b3c8338c2959,29
13534,2,outputs/oof_proposals/r258_center_basin_oof_full_20260714_222821/fold2_seed260_20260714_222828.pt,be292efc479bdecb8cccb301d999430299aa80c4be6866210fb1b3c8338c2959,28
13837,2,outputs/oof_proposals/r258_center_basin_oof_full_20260714_222821/fold2_seed260_20260714_222828.pt,be292efc479bdecb8cccb301d999430299aa80c4be6866210fb1b3c8338c2959,29
1384,2,outputs/oof_proposals/r258_center_basin_oof_full_20260714_222821/fold2_seed260_20260714_222828.pt,be292efc479bdecb8cccb301d999430299aa80c4be6866210fb1b3c8338c2959,28
1385,2,outputs/oof_proposals/r258_center_basin_oof_full_20260714_222821/fold2_seed260_20260714_222828.pt,be292efc479bdecb8cccb301d999430299aa80c4be6866210fb1b3c8338c2959,23
13887,2,outputs/oof_proposals/r258_center_basin_oof_full_20260714_222821/fold2_seed260_20260714_222828.pt,be292efc479bdecb8cccb301d999430299aa80c4be6866210fb1b3c8338c2959,28
1394,2,outputs/oof_proposals/r258_center_basin_oof_full_20260714_222821/fold2_seed260_20260714_222828.pt,be292efc479bdecb8cccb301d999430299aa80c4be6866210fb1b3c8338c2959,26
13971,2,outputs/oof_proposals/r258_center_basin_oof_full_20260714_222821/fold2_seed260_20260714_222828.pt,be292efc479bdecb8cccb301d999430299aa80c4be6866210fb1b3c8338c2959,27
1408,2,outputs/oof_proposals/r258_center_basin_oof_full_20260714_222821/fold2_seed260_20260714_222828.pt,be292efc479bdecb8cccb301d999430299aa80c4be6866210fb1b3c8338c2959,28
1412,2,outputs/oof_proposals/r258_center_basin_oof_full_20260714_222821/fold2_seed260_20260714_222828.pt,be292efc479bdecb8cccb301d999430299aa80c4be6866210fb1b3c8338c2959,29
1417,2,outputs/oof_proposals/r258_center_basin_oof_full_20260714_222821/fold2_seed260_20260714_222828.pt,be292efc479bdecb8cccb301d999430299aa80c4be6866210fb1b3c8338c2959,28
14214,2,outputs/oof_proposals/r258_center_basin_oof_full_20260714_222821/fold2_seed260_20260714_222828.pt,be292efc479bdecb8cccb301d999430299aa80c4be6866210fb1b3c8338c2959,28
14264,2,outputs/oof_proposals/r258_center_basin_oof_full_20260714_222821/fold2_seed260_20260714_222828.pt,be292efc479bdecb8cccb301d999430299aa80c4be6866210fb1b3c8338c2959,23
1427,2,outputs/oof_proposals/r258_center_basin_oof_full_20260714_222821/fold2_seed260_20260714_222828.pt,be292efc479bdecb8cccb301d999430299aa80c4be6866210fb1b3c8338c2959,27
14340,2,outputs/oof_proposals/r258_center_basin_oof_full_20260714_222821/fold2_seed260_20260714_222828.pt,be292efc479bdecb8cccb301d999430299aa80c4be6866210fb1b3c8338c2959,27
1435,2,outputs/oof_proposals/r258_center_basin_oof_full_20260714_222821/fold2_seed260_20260714_222828.pt,be292efc479bdecb8cccb301d999430299aa80c4be6866210fb1b3c8338c2959,28
14358,2,outputs/oof_proposals/r258_center_basin_oof_full_20260714_222821/fold2_seed260_20260714_222828.pt,be292efc479bdecb8cccb301d999430299aa80c4be6866210fb1b3c8338c2959,26
1438,2,outputs/oof_proposals/r258_center_basin_oof_full_20260714_222821/fold2_seed260_20260714_222828.pt,be292efc479bdecb8cccb301d999430299aa80c4be6866210fb1b3c8338c2959,29
1440,2,outputs/oof_proposals/r258_center_basin_oof_full_20260714_222821/fold2_seed260_20260714_222828.pt,be292efc479bdecb8cccb301d999430299aa80c4be6866210fb1b3c8338c2959,23
14414,2,outputs/oof_proposals/r258_center_basin_oof_full_20260714_222821/fold2_seed260_20260714_222828.pt,be292efc479bdecb8cccb301d999430299aa80c4be6866210fb1b3c8338c2959,27
1443,2,outputs/oof_proposals/r258_center_basin_oof_full_20260714_222821/fold2_seed260_20260714_222828.pt,be292efc479bdecb8cccb301d999430299aa80c4be6866210fb1b3c8338c2959,27
14486,2,outputs/oof_proposals/r258_center_basin_oof_full_20260714_222821/fold2_seed260_20260714_222828.pt,be292efc479bdecb8cccb301d999430299aa80c4be6866210fb1b3c8338c2959,27
1451,2,outputs/oof_proposals/r258_center_basin_oof_full_20260714_222821/fold2_seed260_20260714_222828.pt,be292efc479bdecb8cccb301d999430299aa80c4be6866210fb1b3c8338c2959,28
1455,2,outputs/oof_proposals/r258_center_basin_oof_full_20260714_222821/fold2_seed260_20260714_222828.pt,be292efc479bdecb8cccb301d999430299aa80c4be6866210fb1b3c8338c2959,24
14589,2,outputs/oof_proposals/r258_center_basin_oof_full_20260714_222821/fold2_seed260_20260714_222828.pt,be292efc479bdecb8cccb301d999430299aa80c4be6866210fb1b3c8338c2959,24
1463,2,outputs/oof_proposals/r258_center_basin_oof_full_20260714_222821/fold2_seed260_20260714_222828.pt,be292efc479bdecb8cccb301d999430299aa80c4be6866210fb1b3c8338c2959,28
14640,2,outputs/oof_proposals/r258_center_basin_oof_full_20260714_222821/fold2_seed260_20260714_222828.pt,be292efc479bdecb8cccb301d999430299aa80c4be6866210fb1b3c8338c2959,28
14653,2,outputs/oof_proposals/r258_center_basin_oof_full_20260714_222821/fold2_seed260_20260714_222828.pt,be292efc479bdecb8cccb301d999430299aa80c4be6866210fb1b3c8338c2959,27
1466,2,outputs/oof_proposals/r258_center_basin_oof_full_20260714_222821/fold2_seed260_20260714_222828.pt,be292efc479bdecb8cccb301d999430299aa80c4be6866210fb1b3c8338c2959,29
1469,2,outputs/oof_proposals/r258_center_basin_oof_full_20260714_222821/fold2_seed260_20260714_222828.pt,be292efc479bdecb8cccb301d999430299aa80c4be6866210fb1b3c8338c2959,29
14728,2,outputs/oof_proposals/r258_center_basin_oof_full_20260714_222821/fold2_seed260_20260714_222828.pt,be292efc479bdecb8cccb301d999430299aa80c4be6866210fb1b3c8338c2959,23
14742,2,outputs/oof_proposals/r258_center_basin_oof_full_20260714_222821/fold2_seed260_20260714_222828.pt,be292efc479bdecb8cccb301d999430299aa80c4be6866210fb1b3c8338c2959,26
14752,2,outputs/oof_proposals/r258_center_basin_oof_full_20260714_222821/fold2_seed260_20260714_222828.pt,be292efc479bdecb8cccb301d999430299aa80c4be6866210fb1b3c8338c2959,23
1478,2,outputs/oof_proposals/r258_center_basin_oof_full_20260714_222821/fold2_seed260_20260714_222828.pt,be292efc479bdecb8cccb301d999430299aa80c4be6866210fb1b3c8338c2959,26
1479,2,outputs/oof_proposals/r258_center_basin_oof_full_20260714_222821/fold2_seed260_20260714_222828.pt,be292efc479bdecb8cccb301d999430299aa80c4be6866210fb1b3c8338c2959,28
1481,2,outputs/oof_proposals/r258_center_basin_oof_full_20260714_222821/fold2_seed260_20260714_222828.pt,be292efc479bdecb8cccb301d999430299aa80c4be6866210fb1b3c8338c2959,27
1483,2,outputs/oof_proposals/r258_center_basin_oof_full_20260714_222821/fold2_seed260_20260714_222828.pt,be292efc479bdecb8cccb301d999430299aa80c4be6866210fb1b3c8338c2959,27
14842,2,outputs/oof_proposals/r258_center_basin_oof_full_20260714_222821/fold2_seed260_20260714_222828.pt,be292efc479bdecb8cccb301d999430299aa80c4be6866210fb1b3c8338c2959,25
14844,2,outputs/oof_proposals/r258_center_basin_oof_full_20260714_222821/fold2_seed260_20260714_222828.pt,be292efc479bdecb8cccb301d999430299aa80c4be6866210fb1b3c8338c2959,28
1491,2,outputs/oof_proposals/r258_center_basin_oof_full_20260714_222821/fold2_seed260_20260714_222828.pt,be292efc479bdecb8cccb301d999430299aa80c4be6866210fb1b3c8338c2959,25
1499,2,outputs/oof_proposals/r258_center_basin_oof_full_20260714_222821/fold2_seed260_20260714_222828.pt,be292efc479bdecb8cccb301d999430299aa80c4be6866210fb1b3c8338c2959,27
1507,2,outputs/oof_proposals/r258_center_basin_oof_full_20260714_222821/fold2_seed260_20260714_222828.pt,be292efc479bdecb8cccb301d999430299aa80c4be6866210fb1b3c8338c2959,28
15173,2,outputs/oof_proposals/r258_center_basin_oof_full_20260714_222821/fold2_seed260_20260714_222828.pt,be292efc479bdecb8cccb301d999430299aa80c4be6866210fb1b3c8338c2959,28
1526,2,outputs/oof_proposals/r258_center_basin_oof_full_20260714_222821/fold2_seed260_20260714_222828.pt,be292efc479bdecb8cccb301d999430299aa80c4be6866210fb1b3c8338c2959,27
15293,2,outputs/oof_proposals/r258_center_basin_oof_full_20260714_222821/fold2_seed260_20260714_222828.pt,be292efc479bdecb8cccb301d999430299aa80c4be6866210fb1b3c8338c2959,25
15362,2,outputs/oof_proposals/r258_center_basin_oof_full_20260714_222821/fold2_seed260_20260714_222828.pt,be292efc479bdecb8cccb301d999430299aa80c4be6866210fb1b3c8338c2959,27
1538,2,outputs/oof_proposals/r258_center_basin_oof_full_20260714_222821/fold2_seed260_20260714_222828.pt,be292efc479bdecb8cccb301d999430299aa80c4be6866210fb1b3c8338c2959,29
15382,2,outputs/oof_proposals/r258_center_basin_oof_full_20260714_222821/fold2_seed260_20260714_222828.pt,be292efc479bdecb8cccb301d999430299aa80c4be6866210fb1b3c8338c2959,22
15392,2,outputs/oof_proposals/r258_center_basin_oof_full_20260714_222821/fold2_seed260_20260714_222828.pt,be292efc479bdecb8cccb301d999430299aa80c4be6866210fb1b3c8338c2959,27
1546,2,outputs/oof_proposals/r258_center_basin_oof_full_20260714_222821/fold2_seed260_20260714_222828.pt,be292efc479bdecb8cccb301d999430299aa80c4be6866210fb1b3c8338c2959,27
1547,2,outputs/oof_proposals/r258_center_basin_oof_full_20260714_222821/fold2_seed260_20260714_222828.pt,be292efc479bdecb8cccb301d999430299aa80c4be6866210fb1b3c8338c2959,27
15470,2,outputs/oof_proposals/r258_center_basin_oof_full_20260714_222821/fold2_seed260_20260714_222828.pt,be292efc479bdecb8cccb301d999430299aa80c4be6866210fb1b3c8338c2959,28
15479,2,outputs/oof_proposals/r258_center_basin_oof_full_20260714_222821/fold2_seed260_20260714_222828.pt,be292efc479bdecb8cccb301d999430299aa80c4be6866210fb1b3c8338c2959,28
15491,2,outputs/oof_proposals/r258_center_basin_oof_full_20260714_222821/fold2_seed260_20260714_222828.pt,be292efc479bdecb8cccb301d999430299aa80c4be6866210fb1b3c8338c2959,26
15498,2,outputs/oof_proposals/r258_center_basin_oof_full_20260714_222821/fold2_seed260_20260714_222828.pt,be292efc479bdecb8cccb301d999430299aa80c4be6866210fb1b3c8338c2959,27
15527,2,outputs/oof_proposals/r258_center_basin_oof_full_20260714_222821/fold2_seed260_20260714_222828.pt,be292efc479bdecb8cccb301d999430299aa80c4be6866210fb1b3c8338c2959,27
1553,2,outputs/oof_proposals/r258_center_basin_oof_full_20260714_222821/fold2_seed260_20260714_222828.pt,be292efc479bdecb8cccb301d999430299aa80c4be6866210fb1b3c8338c2959,27
15530,2,outputs/oof_proposals/r258_center_basin_oof_full_20260714_222821/fold2_seed260_20260714_222828.pt,be292efc479bdecb8cccb301d999430299aa80c4be6866210fb1b3c8338c2959,30
15549,2,outputs/oof_proposals/r258_center_basin_oof_full_20260714_222821/fold2_seed260_20260714_222828.pt,be292efc479bdecb8cccb301d999430299aa80c4be6866210fb1b3c8338c2959,27
15571,2,outputs/oof_proposals/r258_center_basin_oof_full_20260714_222821/fold2_seed260_20260714_222828.pt,be292efc479bdecb8cccb301d999430299aa80c4be6866210fb1b3c8338c2959,26
15573,2,outputs/oof_proposals/r258_center_basin_oof_full_20260714_222821/fold2_seed260_20260714_222828.pt,be292efc479bdecb8cccb301d999430299aa80c4be6866210fb1b3c8338c2959,27
15582,2,outputs/oof_proposals/r258_center_basin_oof_full_20260714_222821/fold2_seed260_20260714_222828.pt,be292efc479bdecb8cccb301d999430299aa80c4be6866210fb1b3c8338c2959,27
15598,2,outputs/oof_proposals/r258_center_basin_oof_full_20260714_222821/fold2_seed260_20260714_222828.pt,be292efc479bdecb8cccb301d999430299aa80c4be6866210fb1b3c8338c2959,28
15603,2,outputs/oof_proposals/r258_center_basin_oof_full_20260714_222821/fold2_seed260_20260714_222828.pt,be292efc479bdecb8cccb301d999430299aa80c4be6866210fb1b3c8338c2959,27
15608,2,outputs/oof_proposals/r258_center_basin_oof_full_20260714_222821/fold2_seed260_20260714_222828.pt,be292efc479bdecb8cccb301d999430299aa80c4be6866210fb1b3c8338c2959,27
1577,2,outputs/oof_proposals/r258_center_basin_oof_full_20260714_222821/fold2_seed260_20260714_222828.pt,be292efc479bdecb8cccb301d999430299aa80c4be6866210fb1b3c8338c2959,27
1597,2,outputs/oof_proposals/r258_center_basin_oof_full_20260714_222821/fold2_seed260_20260714_222828.pt,be292efc479bdecb8cccb301d999430299aa80c4be6866210fb1b3c8338c2959,28
1613,2,outputs/oof_proposals/r258_center_basin_oof_full_20260714_222821/fold2_seed260_20260714_222828.pt,be292efc479bdecb8cccb301d999430299aa80c4be6866210fb1b3c8338c2959,27
1617,2,outputs/oof_proposals/r258_center_basin_oof_full_20260714_222821/fold2_seed260_20260714_222828.pt,be292efc479bdecb8cccb301d999430299aa80c4be6866210fb1b3c8338c2959,27
1637,2,outputs/oof_proposals/r258_center_basin_oof_full_20260714_222821/fold2_seed260_20260714_222828.pt,be292efc479bdecb8cccb301d999430299aa80c4be6866210fb1b3c8338c2959,27
1683,2,outputs/oof_proposals/r258_center_basin_oof_full_20260714_222821/fold2_seed260_20260714_222828.pt,be292efc479bdecb8cccb301d999430299aa80c4be6866210fb1b3c8338c2959,19
1688,2,outputs/oof_proposals/r258_center_basin_oof_full_20260714_222821/fold2_seed260_20260714_222828.pt,be292efc479bdecb8cccb301d999430299aa80c4be6866210fb1b3c8338c2959,29
1690,2,outputs/oof_proposals/r258_center_basin_oof_full_20260714_222821/fold2_seed260_20260714_222828.pt,be292efc479bdecb8cccb301d999430299aa80c4be6866210fb1b3c8338c2959,28
1699,2,outputs/oof_proposals/r258_center_basin_oof_full_20260714_222821/fold2_seed260_20260714_222828.pt,be292efc479bdecb8cccb301d999430299aa80c4be6866210fb1b3c8338c2959,27
1717,2,outputs/oof_proposals/r258_center_basin_oof_full_20260714_222821/fold2_seed260_20260714_222828.pt,be292efc479bdecb8cccb301d999430299aa80c4be6866210fb1b3c8338c2959,28
1722,2,outputs/oof_proposals/r258_center_basin_oof_full_20260714_222821/fold2_seed260_20260714_222828.pt,be292efc479bdecb8cccb301d999430299aa80c4be6866210fb1b3c8338c2959,28
1728,2,outputs/oof_proposals/r258_center_basin_oof_full_20260714_222821/fold2_seed260_20260714_222828.pt,be292efc479bdecb8cccb301d999430299aa80c4be6866210fb1b3c8338c2959,29
1745,2,outputs/oof_proposals/r258_center_basin_oof_full_20260714_222821/fold2_seed260_20260714_222828.pt,be292efc479bdecb8cccb301d999430299aa80c4be6866210fb1b3c8338c2959,27
1756,2,outputs/oof_proposals/r258_center_basin_oof_full_20260714_222821/fold2_seed260_20260714_222828.pt,be292efc479bdecb8cccb301d999430299aa80c4be6866210fb1b3c8338c2959,27
1762,2,outputs/oof_proposals/r258_center_basin_oof_full_20260714_222821/fold2_seed260_20260714_222828.pt,be292efc479bdecb8cccb301d999430299aa80c4be6866210fb1b3c8338c2959,27
1803,2,outputs/oof_proposals/r258_center_basin_oof_full_20260714_222821/fold2_seed260_20260714_222828.pt,be292efc479bdecb8cccb301d999430299aa80c4be6866210fb1b3c8338c2959,27
1808,2,outputs/oof_proposals/r258_center_basin_oof_full_20260714_222821/fold2_seed260_20260714_222828.pt,be292efc479bdecb8cccb301d999430299aa80c4be6866210fb1b3c8338c2959,25
1832,2,outputs/oof_proposals/r258_center_basin_oof_full_20260714_222821/fold2_seed260_20260714_222828.pt,be292efc479bdecb8cccb301d999430299aa80c4be6866210fb1b3c8338c2959,22
1843,2,outputs/oof_proposals/r258_center_basin_oof_full_20260714_222821/fold2_seed260_20260714_222828.pt,be292efc479bdecb8cccb301d999430299aa80c4be6866210fb1b3c8338c2959,24
1853,2,outputs/oof_proposals/r258_center_basin_oof_full_20260714_222821/fold2_seed260_20260714_222828.pt,be292efc479bdecb8cccb301d999430299aa80c4be6866210fb1b3c8338c2959,27
1877,2,outputs/oof_proposals/r258_center_basin_oof_full_20260714_222821/fold2_seed260_20260714_222828.pt,be292efc479bdecb8cccb301d999430299aa80c4be6866210fb1b3c8338c2959,25
1892,2,outputs/oof_proposals/r258_center_basin_oof_full_20260714_222821/fold2_seed260_20260714_222828.pt,be292efc479bdecb8cccb301d999430299aa80c4be6866210fb1b3c8338c2959,27
1928,2,outputs/oof_proposals/r258_center_basin_oof_full_20260714_222821/fold2_seed260_20260714_222828.pt,be292efc479bdecb8cccb301d999430299aa80c4be6866210fb1b3c8338c2959,27
2006,2,outputs/oof_proposals/r258_center_basin_oof_full_20260714_222821/fold2_seed260_20260714_222828.pt,be292efc479bdecb8cccb301d999430299aa80c4be6866210fb1b3c8338c2959,26
2020,2,outputs/oof_proposals/r258_center_basin_oof_full_20260714_222821/fold2_seed260_20260714_222828.pt,be292efc479bdecb8cccb301d999430299aa80c4be6866210fb1b3c8338c2959,27
2022,2,outputs/oof_proposals/r258_center_basin_oof_full_20260714_222821/fold2_seed260_20260714_222828.pt,be292efc479bdecb8cccb301d999430299aa80c4be6866210fb1b3c8338c2959,27
2100,2,outputs/oof_proposals/r258_center_basin_oof_full_20260714_222821/fold2_seed260_20260714_222828.pt,be292efc479bdecb8cccb301d999430299aa80c4be6866210fb1b3c8338c2959,28
2146,2,outputs/oof_proposals/r258_center_basin_oof_full_20260714_222821/fold2_seed260_20260714_222828.pt,be292efc479bdecb8cccb301d999430299aa80c4be6866210fb1b3c8338c2959,28
2163,2,outputs/oof_proposals/r258_center_basin_oof_full_20260714_222821/fold2_seed260_20260714_222828.pt,be292efc479bdecb8cccb301d999430299aa80c4be6866210fb1b3c8338c2959,28
2184,2,outputs/oof_proposals/r258_center_basin_oof_full_20260714_222821/fold2_seed260_20260714_222828.pt,be292efc479bdecb8cccb301d999430299aa80c4be6866210fb1b3c8338c2959,28
2265,2,outputs/oof_proposals/r258_center_basin_oof_full_20260714_222821/fold2_seed260_20260714_222828.pt,be292efc479bdecb8cccb301d999430299aa80c4be6866210fb1b3c8338c2959,28
2271,2,outputs/oof_proposals/r258_center_basin_oof_full_20260714_222821/fold2_seed260_20260714_222828.pt,be292efc479bdecb8cccb301d999430299aa80c4be6866210fb1b3c8338c2959,27
2322,2,outputs/oof_proposals/r258_center_basin_oof_full_20260714_222821/fold2_seed260_20260714_222828.pt,be292efc479bdecb8cccb301d999430299aa80c4be6866210fb1b3c8338c2959,25
2330,2,outputs/oof_proposals/r258_center_basin_oof_full_20260714_222821/fold2_seed260_20260714_222828.pt,be292efc479bdecb8cccb301d999430299aa80c4be6866210fb1b3c8338c2959,28
2385,2,outputs/oof_proposals/r258_center_basin_oof_full_20260714_222821/fold2_seed260_20260714_222828.pt,be292efc479bdecb8cccb301d999430299aa80c4be6866210fb1b3c8338c2959,27
2452,2,outputs/oof_proposals/r258_center_basin_oof_full_20260714_222821/fold2_seed260_20260714_222828.pt,be292efc479bdecb8cccb301d999430299aa80c4be6866210fb1b3c8338c2959,27
2507,2,outputs/oof_proposals/r258_center_basin_oof_full_20260714_222821/fold2_seed260_20260714_222828.pt,be292efc479bdecb8cccb301d999430299aa80c4be6866210fb1b3c8338c2959,27
2583,2,outputs/oof_proposals/r258_center_basin_oof_full_20260714_222821/fold2_seed260_20260714_222828.pt,be292efc479bdecb8cccb301d999430299aa80c4be6866210fb1b3c8338c2959,27
2626,2,outputs/oof_proposals/r258_center_basin_oof_full_20260714_222821/fold2_seed260_20260714_222828.pt,be292efc479bdecb8cccb301d999430299aa80c4be6866210fb1b3c8338c2959,17
2633,2,outputs/oof_proposals/r258_center_basin_oof_full_20260714_222821/fold2_seed260_20260714_222828.pt,be292efc479bdecb8cccb301d999430299aa80c4be6866210fb1b3c8338c2959,27
2636,2,outputs/oof_proposals/r258_center_basin_oof_full_20260714_222821/fold2_seed260_20260714_222828.pt,be292efc479bdecb8cccb301d999430299aa80c4be6866210fb1b3c8338c2959,27
2858,2,outputs/oof_proposals/r258_center_basin_oof_full_20260714_222821/fold2_seed260_20260714_222828.pt,be292efc479bdecb8cccb301d999430299aa80c4be6866210fb1b3c8338c2959,25
2871,2,outputs/oof_proposals/r258_center_basin_oof_full_20260714_222821/fold2_seed260_20260714_222828.pt,be292efc479bdecb8cccb301d999430299aa80c4be6866210fb1b3c8338c2959,23
2906,2,outputs/oof_proposals/r258_center_basin_oof_full_20260714_222821/fold2_seed260_20260714_222828.pt,be292efc479bdecb8cccb301d999430299aa80c4be6866210fb1b3c8338c2959,27
2953,2,outputs/oof_proposals/r258_center_basin_oof_full_20260714_222821/fold2_seed260_20260714_222828.pt,be292efc479bdecb8cccb301d999430299aa80c4be6866210fb1b3c8338c2959,27
3014,2,outputs/oof_proposals/r258_center_basin_oof_full_20260714_222821/fold2_seed260_20260714_222828.pt,be292efc479bdecb8cccb301d999430299aa80c4be6866210fb1b3c8338c2959,27
3055,2,outputs/oof_proposals/r258_center_basin_oof_full_20260714_222821/fold2_seed260_20260714_222828.pt,be292efc479bdecb8cccb301d999430299aa80c4be6866210fb1b3c8338c2959,24
3116,2,outputs/oof_proposals/r258_center_basin_oof_full_20260714_222821/fold2_seed260_20260714_222828.pt,be292efc479bdecb8cccb301d999430299aa80c4be6866210fb1b3c8338c2959,28
3120,2,outputs/oof_proposals/r258_center_basin_oof_full_20260714_222821/fold2_seed260_20260714_222828.pt,be292efc479bdecb8cccb301d999430299aa80c4be6866210fb1b3c8338c2959,28
3121,2,outputs/oof_proposals/r258_center_basin_oof_full_20260714_222821/fold2_seed260_20260714_222828.pt,be292efc479bdecb8cccb301d999430299aa80c4be6866210fb1b3c8338c2959,27
3174,2,outputs/oof_proposals/r258_center_basin_oof_full_20260714_222821/fold2_seed260_20260714_222828.pt,be292efc479bdecb8cccb301d999430299aa80c4be6866210fb1b3c8338c2959,27
3181,2,outputs/oof_proposals/r258_center_basin_oof_full_20260714_222821/fold2_seed260_20260714_222828.pt,be292efc479bdecb8cccb301d999430299aa80c4be6866210fb1b3c8338c2959,27
3215,2,outputs/oof_proposals/r258_center_basin_oof_full_20260714_222821/fold2_seed260_20260714_222828.pt,be292efc479bdecb8cccb301d999430299aa80c4be6866210fb1b3c8338c2959,28
3227,2,outputs/oof_proposals/r258_center_basin_oof_full_20260714_222821/fold2_seed260_20260714_222828.pt,be292efc479bdecb8cccb301d999430299aa80c4be6866210fb1b3c8338c2959,24
3272,2,outputs/oof_proposals/r258_center_basin_oof_full_20260714_222821/fold2_seed260_20260714_222828.pt,be292efc479bdecb8cccb301d999430299aa80c4be6866210fb1b3c8338c2959,24
3331,2,outputs/oof_proposals/r258_center_basin_oof_full_20260714_222821/fold2_seed260_20260714_222828.pt,be292efc479bdecb8cccb301d999430299aa80c4be6866210fb1b3c8338c2959,27
3421,2,outputs/oof_proposals/r258_center_basin_oof_full_20260714_222821/fold2_seed260_20260714_222828.pt,be292efc479bdecb8cccb301d999430299aa80c4be6866210fb1b3c8338c2959,29
3436,2,outputs/oof_proposals/r258_center_basin_oof_full_20260714_222821/fold2_seed260_20260714_222828.pt,be292efc479bdecb8cccb301d999430299aa80c4be6866210fb1b3c8338c2959,30
3454,2,outputs/oof_proposals/r258_center_basin_oof_full_20260714_222821/fold2_seed260_20260714_222828.pt,be292efc479bdecb8cccb301d999430299aa80c4be6866210fb1b3c8338c2959,24
3483,2,outputs/oof_proposals/r258_center_basin_oof_full_20260714_222821/fold2_seed260_20260714_222828.pt,be292efc479bdecb8cccb301d999430299aa80c4be6866210fb1b3c8338c2959,27
3492,2,outputs/oof_proposals/r258_center_basin_oof_full_20260714_222821/fold2_seed260_20260714_222828.pt,be292efc479bdecb8cccb301d999430299aa80c4be6866210fb1b3c8338c2959,22
3520,2,outputs/oof_proposals/r258_center_basin_oof_full_20260714_222821/fold2_seed260_20260714_222828.pt,be292efc479bdecb8cccb301d999430299aa80c4be6866210fb1b3c8338c2959,27
3579,2,outputs/oof_proposals/r258_center_basin_oof_full_20260714_222821/fold2_seed260_20260714_222828.pt,be292efc479bdecb8cccb301d999430299aa80c4be6866210fb1b3c8338c2959,28
3643,2,outputs/oof_proposals/r258_center_basin_oof_full_20260714_222821/fold2_seed260_20260714_222828.pt,be292efc479bdecb8cccb301d999430299aa80c4be6866210fb1b3c8338c2959,27
3672,2,outputs/oof_proposals/r258_center_basin_oof_full_20260714_222821/fold2_seed260_20260714_222828.pt,be292efc479bdecb8cccb301d999430299aa80c4be6866210fb1b3c8338c2959,26
3686,2,outputs/oof_proposals/r258_center_basin_oof_full_20260714_222821/fold2_seed260_20260714_222828.pt,be292efc479bdecb8cccb301d999430299aa80c4be6866210fb1b3c8338c2959,27
3773,2,outputs/oof_proposals/r258_center_basin_oof_full_20260714_222821/fold2_seed260_20260714_222828.pt,be292efc479bdecb8cccb301d999430299aa80c4be6866210fb1b3c8338c2959,27
3796,2,outputs/oof_proposals/r258_center_basin_oof_full_20260714_222821/fold2_seed260_20260714_222828.pt,be292efc479bdecb8cccb301d999430299aa80c4be6866210fb1b3c8338c2959,28
3876,2,outputs/oof_proposals/r258_center_basin_oof_full_20260714_222821/fold2_seed260_20260714_222828.pt,be292efc479bdecb8cccb301d999430299aa80c4be6866210fb1b3c8338c2959,27
4026,2,outputs/oof_proposals/r258_center_basin_oof_full_20260714_222821/fold2_seed260_20260714_222828.pt,be292efc479bdecb8cccb301d999430299aa80c4be6866210fb1b3c8338c2959,27
4043,2,outputs/oof_proposals/r258_center_basin_oof_full_20260714_222821/fold2_seed260_20260714_222828.pt,be292efc479bdecb8cccb301d999430299aa80c4be6866210fb1b3c8338c2959,27
4085,2,outputs/oof_proposals/r258_center_basin_oof_full_20260714_222821/fold2_seed260_20260714_222828.pt,be292efc479bdecb8cccb301d999430299aa80c4be6866210fb1b3c8338c2959,29
4131,2,outputs/oof_proposals/r258_center_basin_oof_full_20260714_222821/fold2_seed260_20260714_222828.pt,be292efc479bdecb8cccb301d999430299aa80c4be6866210fb1b3c8338c2959,28
4203,2,outputs/oof_proposals/r258_center_basin_oof_full_20260714_222821/fold2_seed260_20260714_222828.pt,be292efc479bdecb8cccb301d999430299aa80c4be6866210fb1b3c8338c2959,28
4262,2,outputs/oof_proposals/r258_center_basin_oof_full_20260714_222821/fold2_seed260_20260714_222828.pt,be292efc479bdecb8cccb301d999430299aa80c4be6866210fb1b3c8338c2959,28
4277,2,outputs/oof_proposals/r258_center_basin_oof_full_20260714_222821/fold2_seed260_20260714_222828.pt,be292efc479bdecb8cccb301d999430299aa80c4be6866210fb1b3c8338c2959,28
4788,2,outputs/oof_proposals/r258_center_basin_oof_full_20260714_222821/fold2_seed260_20260714_222828.pt,be292efc479bdecb8cccb301d999430299aa80c4be6866210fb1b3c8338c2959,23
5254,2,outputs/oof_proposals/r258_center_basin_oof_full_20260714_222821/fold2_seed260_20260714_222828.pt,be292efc479bdecb8cccb301d999430299aa80c4be6866210fb1b3c8338c2959,27
5514,2,outputs/oof_proposals/r258_center_basin_oof_full_20260714_222821/fold2_seed260_20260714_222828.pt,be292efc479bdecb8cccb301d999430299aa80c4be6866210fb1b3c8338c2959,27
5793,2,outputs/oof_proposals/r258_center_basin_oof_full_20260714_222821/fold2_seed260_20260714_222828.pt,be292efc479bdecb8cccb301d999430299aa80c4be6866210fb1b3c8338c2959,25
5833,2,outputs/oof_proposals/r258_center_basin_oof_full_20260714_222821/fold2_seed260_20260714_222828.pt,be292efc479bdecb8cccb301d999430299aa80c4be6866210fb1b3c8338c2959,25
5909,2,outputs/oof_proposals/r258_center_basin_oof_full_20260714_222821/fold2_seed260_20260714_222828.pt,be292efc479bdecb8cccb301d999430299aa80c4be6866210fb1b3c8338c2959,27
5914,2,outputs/oof_proposals/r258_center_basin_oof_full_20260714_222821/fold2_seed260_20260714_222828.pt,be292efc479bdecb8cccb301d999430299aa80c4be6866210fb1b3c8338c2959,27
6120,2,outputs/oof_proposals/r258_center_basin_oof_full_20260714_222821/fold2_seed260_20260714_222828.pt,be292efc479bdecb8cccb301d999430299aa80c4be6866210fb1b3c8338c2959,28
6413,2,outputs/oof_proposals/r258_center_basin_oof_full_20260714_222821/fold2_seed260_20260714_222828.pt,be292efc479bdecb8cccb301d999430299aa80c4be6866210fb1b3c8338c2959,24
6417,2,outputs/oof_proposals/r258_center_basin_oof_full_20260714_222821/fold2_seed260_20260714_222828.pt,be292efc479bdecb8cccb301d999430299aa80c4be6866210fb1b3c8338c2959,28
7006,2,outputs/oof_proposals/r258_center_basin_oof_full_20260714_222821/fold2_seed260_20260714_222828.pt,be292efc479bdecb8cccb301d999430299aa80c4be6866210fb1b3c8338c2959,27
7012,2,outputs/oof_proposals/r258_center_basin_oof_full_20260714_222821/fold2_seed260_20260714_222828.pt,be292efc479bdecb8cccb301d999430299aa80c4be6866210fb1b3c8338c2959,28
7038,2,outputs/oof_proposals/r258_center_basin_oof_full_20260714_222821/fold2_seed260_20260714_222828.pt,be292efc479bdecb8cccb301d999430299aa80c4be6866210fb1b3c8338c2959,26
7556,2,outputs/oof_proposals/r258_center_basin_oof_full_20260714_222821/fold2_seed260_20260714_222828.pt,be292efc479bdecb8cccb301d999430299aa80c4be6866210fb1b3c8338c2959,26
7925,2,outputs/oof_proposals/r258_center_basin_oof_full_20260714_222821/fold2_seed260_20260714_222828.pt,be292efc479bdecb8cccb301d999430299aa80c4be6866210fb1b3c8338c2959,27
7970,2,outputs/oof_proposals/r258_center_basin_oof_full_20260714_222821/fold2_seed260_20260714_222828.pt,be292efc479bdecb8cccb301d999430299aa80c4be6866210fb1b3c8338c2959,28
8091,2,outputs/oof_proposals/r258_center_basin_oof_full_20260714_222821/fold2_seed260_20260714_222828.pt,be292efc479bdecb8cccb301d999430299aa80c4be6866210fb1b3c8338c2959,27
8518,2,outputs/oof_proposals/r258_center_basin_oof_full_20260714_222821/fold2_seed260_20260714_222828.pt,be292efc479bdecb8cccb301d999430299aa80c4be6866210fb1b3c8338c2959,28
8740,2,outputs/oof_proposals/r258_center_basin_oof_full_20260714_222821/fold2_seed260_20260714_222828.pt,be292efc479bdecb8cccb301d999430299aa80c4be6866210fb1b3c8338c2959,26
9149,2,outputs/oof_proposals/r258_center_basin_oof_full_20260714_222821/fold2_seed260_20260714_222828.pt,be292efc479bdecb8cccb301d999430299aa80c4be6866210fb1b3c8338c2959,23
9833,2,outputs/oof_proposals/r258_center_basin_oof_full_20260714_222821/fold2_seed260_20260714_222828.pt,be292efc479bdecb8cccb301d999430299aa80c4be6866210fb1b3c8338c2959,23
11201,3,outputs/oof_proposals/r258_center_basin_oof_full_20260714_222821/fold3_seed261_20260714_222828.pt,782854b29341e7404b79edc56c01ff2eb26d7349e9d21c97f463f373a9c40fa6,28
11283,3,outputs/oof_proposals/r258_center_basin_oof_full_20260714_222821/fold3_seed261_20260714_222828.pt,782854b29341e7404b79edc56c01ff2eb26d7349e9d21c97f463f373a9c40fa6,28
11630,3,outputs/oof_proposals/r258_center_basin_oof_full_20260714_222821/fold3_seed261_20260714_222828.pt,782854b29341e7404b79edc56c01ff2eb26d7349e9d21c97f463f373a9c40fa6,25
12220,3,outputs/oof_proposals/r258_center_basin_oof_full_20260714_222821/fold3_seed261_20260714_222828.pt,782854b29341e7404b79edc56c01ff2eb26d7349e9d21c97f463f373a9c40fa6,29
12481,3,outputs/oof_proposals/r258_center_basin_oof_full_20260714_222821/fold3_seed261_20260714_222828.pt,782854b29341e7404b79edc56c01ff2eb26d7349e9d21c97f463f373a9c40fa6,28
12486,3,outputs/oof_proposals/r258_center_basin_oof_full_20260714_222821/fold3_seed261_20260714_222828.pt,782854b29341e7404b79edc56c01ff2eb26d7349e9d21c97f463f373a9c40fa6,28
12585,3,outputs/oof_proposals/r258_center_basin_oof_full_20260714_222821/fold3_seed261_20260714_222828.pt,782854b29341e7404b79edc56c01ff2eb26d7349e9d21c97f463f373a9c40fa6,30
12619,3,outputs/oof_proposals/r258_center_basin_oof_full_20260714_222821/fold3_seed261_20260714_222828.pt,782854b29341e7404b79edc56c01ff2eb26d7349e9d21c97f463f373a9c40fa6,28
12621,3,outputs/oof_proposals/r258_center_basin_oof_full_20260714_222821/fold3_seed261_20260714_222828.pt,782854b29341e7404b79edc56c01ff2eb26d7349e9d21c97f463f373a9c40fa6,28
12854,3,outputs/oof_proposals/r258_center_basin_oof_full_20260714_222821/fold3_seed261_20260714_222828.pt,782854b29341e7404b79edc56c01ff2eb26d7349e9d21c97f463f373a9c40fa6,29
13038,3,outputs/oof_proposals/r258_center_basin_oof_full_20260714_222821/fold3_seed261_20260714_222828.pt,782854b29341e7404b79edc56c01ff2eb26d7349e9d21c97f463f373a9c40fa6,23
13125,3,outputs/oof_proposals/r258_center_basin_oof_full_20260714_222821/fold3_seed261_20260714_222828.pt,782854b29341e7404b79edc56c01ff2eb26d7349e9d21c97f463f373a9c40fa6,24
13388,3,outputs/oof_proposals/r258_center_basin_oof_full_20260714_222821/fold3_seed261_20260714_222828.pt,782854b29341e7404b79edc56c01ff2eb26d7349e9d21c97f463f373a9c40fa6,28
13763,3,outputs/oof_proposals/r258_center_basin_oof_full_20260714_222821/fold3_seed261_20260714_222828.pt,782854b29341e7404b79edc56c01ff2eb26d7349e9d21c97f463f373a9c40fa6,28
13780,3,outputs/oof_proposals/r258_center_basin_oof_full_20260714_222821/fold3_seed261_20260714_222828.pt,782854b29341e7404b79edc56c01ff2eb26d7349e9d21c97f463f373a9c40fa6,25
13821,3,outputs/oof_proposals/r258_center_basin_oof_full_20260714_222821/fold3_seed261_20260714_222828.pt,782854b29341e7404b79edc56c01ff2eb26d7349e9d21c97f463f373a9c40fa6,28
1388,3,outputs/oof_proposals/r258_center_basin_oof_full_20260714_222821/fold3_seed261_20260714_222828.pt,782854b29341e7404b79edc56c01ff2eb26d7349e9d21c97f463f373a9c40fa6,29
1390,3,outputs/oof_proposals/r258_center_basin_oof_full_20260714_222821/fold3_seed261_20260714_222828.pt,782854b29341e7404b79edc56c01ff2eb26d7349e9d21c97f463f373a9c40fa6,28
14064,3,outputs/oof_proposals/r258_center_basin_oof_full_20260714_222821/fold3_seed261_20260714_222828.pt,782854b29341e7404b79edc56c01ff2eb26d7349e9d21c97f463f373a9c40fa6,26
1409,3,outputs/oof_proposals/r258_center_basin_oof_full_20260714_222821/fold3_seed261_20260714_222828.pt,782854b29341e7404b79edc56c01ff2eb26d7349e9d21c97f463f373a9c40fa6,30
1419,3,outputs/oof_proposals/r258_center_basin_oof_full_20260714_222821/fold3_seed261_20260714_222828.pt,782854b29341e7404b79edc56c01ff2eb26d7349e9d21c97f463f373a9c40fa6,28
14195,3,outputs/oof_proposals/r258_center_basin_oof_full_20260714_222821/fold3_seed261_20260714_222828.pt,782854b29341e7404b79edc56c01ff2eb26d7349e9d21c97f463f373a9c40fa6,27
1426,3,outputs/oof_proposals/r258_center_basin_oof_full_20260714_222821/fold3_seed261_20260714_222828.pt,782854b29341e7404b79edc56c01ff2eb26d7349e9d21c97f463f373a9c40fa6,25
14326,3,outputs/oof_proposals/r258_center_basin_oof_full_20260714_222821/fold3_seed261_20260714_222828.pt,782854b29341e7404b79edc56c01ff2eb26d7349e9d21c97f463f373a9c40fa6,24
14327,3,outputs/oof_proposals/r258_center_basin_oof_full_20260714_222821/fold3_seed261_20260714_222828.pt,782854b29341e7404b79edc56c01ff2eb26d7349e9d21c97f463f373a9c40fa6,27
1436,3,outputs/oof_proposals/r258_center_basin_oof_full_20260714_222821/fold3_seed261_20260714_222828.pt,782854b29341e7404b79edc56c01ff2eb26d7349e9d21c97f463f373a9c40fa6,27
14368,3,outputs/oof_proposals/r258_center_basin_oof_full_20260714_222821/fold3_seed261_20260714_222828.pt,782854b29341e7404b79edc56c01ff2eb26d7349e9d21c97f463f373a9c40fa6,28
1444,3,outputs/oof_proposals/r258_center_basin_oof_full_20260714_222821/fold3_seed261_20260714_222828.pt,782854b29341e7404b79edc56c01ff2eb26d7349e9d21c97f463f373a9c40fa6,29
14447,3,outputs/oof_proposals/r258_center_basin_oof_full_20260714_222821/fold3_seed261_20260714_222828.pt,782854b29341e7404b79edc56c01ff2eb26d7349e9d21c97f463f373a9c40fa6,28
1448,3,outputs/oof_proposals/r258_center_basin_oof_full_20260714_222821/fold3_seed261_20260714_222828.pt,782854b29341e7404b79edc56c01ff2eb26d7349e9d21c97f463f373a9c40fa6,28
14690,3,outputs/oof_proposals/r258_center_basin_oof_full_20260714_222821/fold3_seed261_20260714_222828.pt,782854b29341e7404b79edc56c01ff2eb26d7349e9d21c97f463f373a9c40fa6,29
1470,3,outputs/oof_proposals/r258_center_basin_oof_full_20260714_222821/fold3_seed261_20260714_222828.pt,782854b29341e7404b79edc56c01ff2eb26d7349e9d21c97f463f373a9c40fa6,28
14700,3,outputs/oof_proposals/r258_center_basin_oof_full_20260714_222821/fold3_seed261_20260714_222828.pt,782854b29341e7404b79edc56c01ff2eb26d7349e9d21c97f463f373a9c40fa6,25
1471,3,outputs/oof_proposals/r258_center_basin_oof_full_20260714_222821/fold3_seed261_20260714_222828.pt,782854b29341e7404b79edc56c01ff2eb26d7349e9d21c97f463f373a9c40fa6,27
1477,3,outputs/oof_proposals/r258_center_basin_oof_full_20260714_222821/fold3_seed261_20260714_222828.pt,782854b29341e7404b79edc56c01ff2eb26d7349e9d21c97f463f373a9c40fa6,27
14843,3,outputs/oof_proposals/r258_center_basin_oof_full_20260714_222821/fold3_seed261_20260714_222828.pt,782854b29341e7404b79edc56c01ff2eb26d7349e9d21c97f463f373a9c40fa6,28
1486,3,outputs/oof_proposals/r258_center_basin_oof_full_20260714_222821/fold3_seed261_20260714_222828.pt,782854b29341e7404b79edc56c01ff2eb26d7349e9d21c97f463f373a9c40fa6,28
14898,3,outputs/oof_proposals/r258_center_basin_oof_full_20260714_222821/fold3_seed261_20260714_222828.pt,782854b29341e7404b79edc56c01ff2eb26d7349e9d21c97f463f373a9c40fa6,28
1492,3,outputs/oof_proposals/r258_center_basin_oof_full_20260714_222821/fold3_seed261_20260714_222828.pt,782854b29341e7404b79edc56c01ff2eb26d7349e9d21c97f463f373a9c40fa6,29
1495,3,outputs/oof_proposals/r258_center_basin_oof_full_20260714_222821/fold3_seed261_20260714_222828.pt,782854b29341e7404b79edc56c01ff2eb26d7349e9d21c97f463f373a9c40fa6,28
1498,3,outputs/oof_proposals/r258_center_basin_oof_full_20260714_222821/fold3_seed261_20260714_222828.pt,782854b29341e7404b79edc56c01ff2eb26d7349e9d21c97f463f373a9c40fa6,28
15020,3,outputs/oof_proposals/r258_center_basin_oof_full_20260714_222821/fold3_seed261_20260714_222828.pt,782854b29341e7404b79edc56c01ff2eb26d7349e9d21c97f463f373a9c40fa6,24
15028,3,outputs/oof_proposals/r258_center_basin_oof_full_20260714_222821/fold3_seed261_20260714_222828.pt,782854b29341e7404b79edc56c01ff2eb26d7349e9d21c97f463f373a9c40fa6,30
1503,3,outputs/oof_proposals/r258_center_basin_oof_full_20260714_222821/fold3_seed261_20260714_222828.pt,782854b29341e7404b79edc56c01ff2eb26d7349e9d21c97f463f373a9c40fa6,29
1508,3,outputs/oof_proposals/r258_center_basin_oof_full_20260714_222821/fold3_seed261_20260714_222828.pt,782854b29341e7404b79edc56c01ff2eb26d7349e9d21c97f463f373a9c40fa6,29
15087,3,outputs/oof_proposals/r258_center_basin_oof_full_20260714_222821/fold3_seed261_20260714_222828.pt,782854b29341e7404b79edc56c01ff2eb26d7349e9d21c97f463f373a9c40fa6,27
15118,3,outputs/oof_proposals/r258_center_basin_oof_full_20260714_222821/fold3_seed261_20260714_222828.pt,782854b29341e7404b79edc56c01ff2eb26d7349e9d21c97f463f373a9c40fa6,23
1516,3,outputs/oof_proposals/r258_center_basin_oof_full_20260714_222821/fold3_seed261_20260714_222828.pt,782854b29341e7404b79edc56c01ff2eb26d7349e9d21c97f463f373a9c40fa6,28
15162,3,outputs/oof_proposals/r258_center_basin_oof_full_20260714_222821/fold3_seed261_20260714_222828.pt,782854b29341e7404b79edc56c01ff2eb26d7349e9d21c97f463f373a9c40fa6,26
15185,3,outputs/oof_proposals/r258_center_basin_oof_full_20260714_222821/fold3_seed261_20260714_222828.pt,782854b29341e7404b79edc56c01ff2eb26d7349e9d21c97f463f373a9c40fa6,27
15188,3,outputs/oof_proposals/r258_center_basin_oof_full_20260714_222821/fold3_seed261_20260714_222828.pt,782854b29341e7404b79edc56c01ff2eb26d7349e9d21c97f463f373a9c40fa6,25
15189,3,outputs/oof_proposals/r258_center_basin_oof_full_20260714_222821/fold3_seed261_20260714_222828.pt,782854b29341e7404b79edc56c01ff2eb26d7349e9d21c97f463f373a9c40fa6,28
15278,3,outputs/oof_proposals/r258_center_basin_oof_full_20260714_222821/fold3_seed261_20260714_222828.pt,782854b29341e7404b79edc56c01ff2eb26d7349e9d21c97f463f373a9c40fa6,29
1530,3,outputs/oof_proposals/r258_center_basin_oof_full_20260714_222821/fold3_seed261_20260714_222828.pt,782854b29341e7404b79edc56c01ff2eb26d7349e9d21c97f463f373a9c40fa6,31
15355,3,outputs/oof_proposals/r258_center_basin_oof_full_20260714_222821/fold3_seed261_20260714_222828.pt,782854b29341e7404b79edc56c01ff2eb26d7349e9d21c97f463f373a9c40fa6,27
15361,3,outputs/oof_proposals/r258_center_basin_oof_full_20260714_222821/fold3_seed261_20260714_222828.pt,782854b29341e7404b79edc56c01ff2eb26d7349e9d21c97f463f373a9c40fa6,26
15410,3,outputs/oof_proposals/r258_center_basin_oof_full_20260714_222821/fold3_seed261_20260714_222828.pt,782854b29341e7404b79edc56c01ff2eb26d7349e9d21c97f463f373a9c40fa6,27
15440,3,outputs/oof_proposals/r258_center_basin_oof_full_20260714_222821/fold3_seed261_20260714_222828.pt,782854b29341e7404b79edc56c01ff2eb26d7349e9d21c97f463f373a9c40fa6,27
1550,3,outputs/oof_proposals/r258_center_basin_oof_full_20260714_222821/fold3_seed261_20260714_222828.pt,782854b29341e7404b79edc56c01ff2eb26d7349e9d21c97f463f373a9c40fa6,28
15509,3,outputs/oof_proposals/r258_center_basin_oof_full_20260714_222821/fold3_seed261_20260714_222828.pt,782854b29341e7404b79edc56c01ff2eb26d7349e9d21c97f463f373a9c40fa6,23
15529,3,outputs/oof_proposals/r258_center_basin_oof_full_20260714_222821/fold3_seed261_20260714_222828.pt,782854b29341e7404b79edc56c01ff2eb26d7349e9d21c97f463f373a9c40fa6,28
15537,3,outputs/oof_proposals/r258_center_basin_oof_full_20260714_222821/fold3_seed261_20260714_222828.pt,782854b29341e7404b79edc56c01ff2eb26d7349e9d21c97f463f373a9c40fa6,28
15555,3,outputs/oof_proposals/r258_center_basin_oof_full_20260714_222821/fold3_seed261_20260714_222828.pt,782854b29341e7404b79edc56c01ff2eb26d7349e9d21c97f463f373a9c40fa6,28
15557,3,outputs/oof_proposals/r258_center_basin_oof_full_20260714_222821/fold3_seed261_20260714_222828.pt,782854b29341e7404b79edc56c01ff2eb26d7349e9d21c97f463f373a9c40fa6,27
15560,3,outputs/oof_proposals/r258_center_basin_oof_full_20260714_222821/fold3_seed261_20260714_222828.pt,782854b29341e7404b79edc56c01ff2eb26d7349e9d21c97f463f373a9c40fa6,30
15561,3,outputs/oof_proposals/r258_center_basin_oof_full_20260714_222821/fold3_seed261_20260714_222828.pt,782854b29341e7404b79edc56c01ff2eb26d7349e9d21c97f463f373a9c40fa6,28
15570,3,outputs/oof_proposals/r258_center_basin_oof_full_20260714_222821/fold3_seed261_20260714_222828.pt,782854b29341e7404b79edc56c01ff2eb26d7349e9d21c97f463f373a9c40fa6,28
15575,3,outputs/oof_proposals/r258_center_basin_oof_full_20260714_222821/fold3_seed261_20260714_222828.pt,782854b29341e7404b79edc56c01ff2eb26d7349e9d21c97f463f373a9c40fa6,28
15577,3,outputs/oof_proposals/r258_center_basin_oof_full_20260714_222821/fold3_seed261_20260714_222828.pt,782854b29341e7404b79edc56c01ff2eb26d7349e9d21c97f463f373a9c40fa6,28
15594,3,outputs/oof_proposals/r258_center_basin_oof_full_20260714_222821/fold3_seed261_20260714_222828.pt,782854b29341e7404b79edc56c01ff2eb26d7349e9d21c97f463f373a9c40fa6,29
15596,3,outputs/oof_proposals/r258_center_basin_oof_full_20260714_222821/fold3_seed261_20260714_222828.pt,782854b29341e7404b79edc56c01ff2eb26d7349e9d21c97f463f373a9c40fa6,25
15600,3,outputs/oof_proposals/r258_center_basin_oof_full_20260714_222821/fold3_seed261_20260714_222828.pt,782854b29341e7404b79edc56c01ff2eb26d7349e9d21c97f463f373a9c40fa6,28
15605,3,outputs/oof_proposals/r258_center_basin_oof_full_20260714_222821/fold3_seed261_20260714_222828.pt,782854b29341e7404b79edc56c01ff2eb26d7349e9d21c97f463f373a9c40fa6,25
1574,3,outputs/oof_proposals/r258_center_basin_oof_full_20260714_222821/fold3_seed261_20260714_222828.pt,782854b29341e7404b79edc56c01ff2eb26d7349e9d21c97f463f373a9c40fa6,30
1576,3,outputs/oof_proposals/r258_center_basin_oof_full_20260714_222821/fold3_seed261_20260714_222828.pt,782854b29341e7404b79edc56c01ff2eb26d7349e9d21c97f463f373a9c40fa6,27
1582,3,outputs/oof_proposals/r258_center_basin_oof_full_20260714_222821/fold3_seed261_20260714_222828.pt,782854b29341e7404b79edc56c01ff2eb26d7349e9d21c97f463f373a9c40fa6,26
1589,3,outputs/oof_proposals/r258_center_basin_oof_full_20260714_222821/fold3_seed261_20260714_222828.pt,782854b29341e7404b79edc56c01ff2eb26d7349e9d21c97f463f373a9c40fa6,33
1607,3,outputs/oof_proposals/r258_center_basin_oof_full_20260714_222821/fold3_seed261_20260714_222828.pt,782854b29341e7404b79edc56c01ff2eb26d7349e9d21c97f463f373a9c40fa6,28
1614,3,outputs/oof_proposals/r258_center_basin_oof_full_20260714_222821/fold3_seed261_20260714_222828.pt,782854b29341e7404b79edc56c01ff2eb26d7349e9d21c97f463f373a9c40fa6,27
1624,3,outputs/oof_proposals/r258_center_basin_oof_full_20260714_222821/fold3_seed261_20260714_222828.pt,782854b29341e7404b79edc56c01ff2eb26d7349e9d21c97f463f373a9c40fa6,27
1628,3,outputs/oof_proposals/r258_center_basin_oof_full_20260714_222821/fold3_seed261_20260714_222828.pt,782854b29341e7404b79edc56c01ff2eb26d7349e9d21c97f463f373a9c40fa6,28
1645,3,outputs/oof_proposals/r258_center_basin_oof_full_20260714_222821/fold3_seed261_20260714_222828.pt,782854b29341e7404b79edc56c01ff2eb26d7349e9d21c97f463f373a9c40fa6,28
1647,3,outputs/oof_proposals/r258_center_basin_oof_full_20260714_222821/fold3_seed261_20260714_222828.pt,782854b29341e7404b79edc56c01ff2eb26d7349e9d21c97f463f373a9c40fa6,27
1656,3,outputs/oof_proposals/r258_center_basin_oof_full_20260714_222821/fold3_seed261_20260714_222828.pt,782854b29341e7404b79edc56c01ff2eb26d7349e9d21c97f463f373a9c40fa6,28
1659,3,outputs/oof_proposals/r258_center_basin_oof_full_20260714_222821/fold3_seed261_20260714_222828.pt,782854b29341e7404b79edc56c01ff2eb26d7349e9d21c97f463f373a9c40fa6,28
1663,3,outputs/oof_proposals/r258_center_basin_oof_full_20260714_222821/fold3_seed261_20260714_222828.pt,782854b29341e7404b79edc56c01ff2eb26d7349e9d21c97f463f373a9c40fa6,26
1665,3,outputs/oof_proposals/r258_center_basin_oof_full_20260714_222821/fold3_seed261_20260714_222828.pt,782854b29341e7404b79edc56c01ff2eb26d7349e9d21c97f463f373a9c40fa6,27
1680,3,outputs/oof_proposals/r258_center_basin_oof_full_20260714_222821/fold3_seed261_20260714_222828.pt,782854b29341e7404b79edc56c01ff2eb26d7349e9d21c97f463f373a9c40fa6,29
1689,3,outputs/oof_proposals/r258_center_basin_oof_full_20260714_222821/fold3_seed261_20260714_222828.pt,782854b29341e7404b79edc56c01ff2eb26d7349e9d21c97f463f373a9c40fa6,28
1702,3,outputs/oof_proposals/r258_center_basin_oof_full_20260714_222821/fold3_seed261_20260714_222828.pt,782854b29341e7404b79edc56c01ff2eb26d7349e9d21c97f463f373a9c40fa6,20
1708,3,outputs/oof_proposals/r258_center_basin_oof_full_20260714_222821/fold3_seed261_20260714_222828.pt,782854b29341e7404b79edc56c01ff2eb26d7349e9d21c97f463f373a9c40fa6,29
1713,3,outputs/oof_proposals/r258_center_basin_oof_full_20260714_222821/fold3_seed261_20260714_222828.pt,782854b29341e7404b79edc56c01ff2eb26d7349e9d21c97f463f373a9c40fa6,27
1725,3,outputs/oof_proposals/r258_center_basin_oof_full_20260714_222821/fold3_seed261_20260714_222828.pt,782854b29341e7404b79edc56c01ff2eb26d7349e9d21c97f463f373a9c40fa6,29
1748,3,outputs/oof_proposals/r258_center_basin_oof_full_20260714_222821/fold3_seed261_20260714_222828.pt,782854b29341e7404b79edc56c01ff2eb26d7349e9d21c97f463f373a9c40fa6,27
1751,3,outputs/oof_proposals/r258_center_basin_oof_full_20260714_222821/fold3_seed261_20260714_222828.pt,782854b29341e7404b79edc56c01ff2eb26d7349e9d21c97f463f373a9c40fa6,28
1775,3,outputs/oof_proposals/r258_center_basin_oof_full_20260714_222821/fold3_seed261_20260714_222828.pt,782854b29341e7404b79edc56c01ff2eb26d7349e9d21c97f463f373a9c40fa6,28
1778,3,outputs/oof_proposals/r258_center_basin_oof_full_20260714_222821/fold3_seed261_20260714_222828.pt,782854b29341e7404b79edc56c01ff2eb26d7349e9d21c97f463f373a9c40fa6,27
1791,3,outputs/oof_proposals/r258_center_basin_oof_full_20260714_222821/fold3_seed261_20260714_222828.pt,782854b29341e7404b79edc56c01ff2eb26d7349e9d21c97f463f373a9c40fa6,27
1839,3,outputs/oof_proposals/r258_center_basin_oof_full_20260714_222821/fold3_seed261_20260714_222828.pt,782854b29341e7404b79edc56c01ff2eb26d7349e9d21c97f463f373a9c40fa6,28
1840,3,outputs/oof_proposals/r258_center_basin_oof_full_20260714_222821/fold3_seed261_20260714_222828.pt,782854b29341e7404b79edc56c01ff2eb26d7349e9d21c97f463f373a9c40fa6,21
1849,3,outputs/oof_proposals/r258_center_basin_oof_full_20260714_222821/fold3_seed261_20260714_222828.pt,782854b29341e7404b79edc56c01ff2eb26d7349e9d21c97f463f373a9c40fa6,27
1893,3,outputs/oof_proposals/r258_center_basin_oof_full_20260714_222821/fold3_seed261_20260714_222828.pt,782854b29341e7404b79edc56c01ff2eb26d7349e9d21c97f463f373a9c40fa6,28
1917,3,outputs/oof_proposals/r258_center_basin_oof_full_20260714_222821/fold3_seed261_20260714_222828.pt,782854b29341e7404b79edc56c01ff2eb26d7349e9d21c97f463f373a9c40fa6,25
1933,3,outputs/oof_proposals/r258_center_basin_oof_full_20260714_222821/fold3_seed261_20260714_222828.pt,782854b29341e7404b79edc56c01ff2eb26d7349e9d21c97f463f373a9c40fa6,28
1967,3,outputs/oof_proposals/r258_center_basin_oof_full_20260714_222821/fold3_seed261_20260714_222828.pt,782854b29341e7404b79edc56c01ff2eb26d7349e9d21c97f463f373a9c40fa6,28
2045,3,outputs/oof_proposals/r258_center_basin_oof_full_20260714_222821/fold3_seed261_20260714_222828.pt,782854b29341e7404b79edc56c01ff2eb26d7349e9d21c97f463f373a9c40fa6,27
2070,3,outputs/oof_proposals/r258_center_basin_oof_full_20260714_222821/fold3_seed261_20260714_222828.pt,782854b29341e7404b79edc56c01ff2eb26d7349e9d21c97f463f373a9c40fa6,24
2202,3,outputs/oof_proposals/r258_center_basin_oof_full_20260714_222821/fold3_seed261_20260714_222828.pt,782854b29341e7404b79edc56c01ff2eb26d7349e9d21c97f463f373a9c40fa6,24
2237,3,outputs/oof_proposals/r258_center_basin_oof_full_20260714_222821/fold3_seed261_20260714_222828.pt,782854b29341e7404b79edc56c01ff2eb26d7349e9d21c97f463f373a9c40fa6,30
2260,3,outputs/oof_proposals/r258_center_basin_oof_full_20260714_222821/fold3_seed261_20260714_222828.pt,782854b29341e7404b79edc56c01ff2eb26d7349e9d21c97f463f373a9c40fa6,28
2462,3,outputs/oof_proposals/r258_center_basin_oof_full_20260714_222821/fold3_seed261_20260714_222828.pt,782854b29341e7404b79edc56c01ff2eb26d7349e9d21c97f463f373a9c40fa6,25
2575,3,outputs/oof_proposals/r258_center_basin_oof_full_20260714_222821/fold3_seed261_20260714_222828.pt,782854b29341e7404b79edc56c01ff2eb26d7349e9d21c97f463f373a9c40fa6,31
2694,3,outputs/oof_proposals/r258_center_basin_oof_full_20260714_222821/fold3_seed261_20260714_222828.pt,782854b29341e7404b79edc56c01ff2eb26d7349e9d21c97f463f373a9c40fa6,27
2722,3,outputs/oof_proposals/r258_center_basin_oof_full_20260714_222821/fold3_seed261_20260714_222828.pt,782854b29341e7404b79edc56c01ff2eb26d7349e9d21c97f463f373a9c40fa6,28
2741,3,outputs/oof_proposals/r258_center_basin_oof_full_20260714_222821/fold3_seed261_20260714_222828.pt,782854b29341e7404b79edc56c01ff2eb26d7349e9d21c97f463f373a9c40fa6,29
2808,3,outputs/oof_proposals/r258_center_basin_oof_full_20260714_222821/fold3_seed261_20260714_222828.pt,782854b29341e7404b79edc56c01ff2eb26d7349e9d21c97f463f373a9c40fa6,35
2844,3,outputs/oof_proposals/r258_center_basin_oof_full_20260714_222821/fold3_seed261_20260714_222828.pt,782854b29341e7404b79edc56c01ff2eb26d7349e9d21c97f463f373a9c40fa6,27
2872,3,outputs/oof_proposals/r258_center_basin_oof_full_20260714_222821/fold3_seed261_20260714_222828.pt,782854b29341e7404b79edc56c01ff2eb26d7349e9d21c97f463f373a9c40fa6,28
2912,3,outputs/oof_proposals/r258_center_basin_oof_full_20260714_222821/fold3_seed261_20260714_222828.pt,782854b29341e7404b79edc56c01ff2eb26d7349e9d21c97f463f373a9c40fa6,28
2977,3,outputs/oof_proposals/r258_center_basin_oof_full_20260714_222821/fold3_seed261_20260714_222828.pt,782854b29341e7404b79edc56c01ff2eb26d7349e9d21c97f463f373a9c40fa6,27
3050,3,outputs/oof_proposals/r258_center_basin_oof_full_20260714_222821/fold3_seed261_20260714_222828.pt,782854b29341e7404b79edc56c01ff2eb26d7349e9d21c97f463f373a9c40fa6,30
3051,3,outputs/oof_proposals/r258_center_basin_oof_full_20260714_222821/fold3_seed261_20260714_222828.pt,782854b29341e7404b79edc56c01ff2eb26d7349e9d21c97f463f373a9c40fa6,28
3146,3,outputs/oof_proposals/r258_center_basin_oof_full_20260714_222821/fold3_seed261_20260714_222828.pt,782854b29341e7404b79edc56c01ff2eb26d7349e9d21c97f463f373a9c40fa6,29
3176,3,outputs/oof_proposals/r258_center_basin_oof_full_20260714_222821/fold3_seed261_20260714_222828.pt,782854b29341e7404b79edc56c01ff2eb26d7349e9d21c97f463f373a9c40fa6,29
3214,3,outputs/oof_proposals/r258_center_basin_oof_full_20260714_222821/fold3_seed261_20260714_222828.pt,782854b29341e7404b79edc56c01ff2eb26d7349e9d21c97f463f373a9c40fa6,28
3329,3,outputs/oof_proposals/r258_center_basin_oof_full_20260714_222821/fold3_seed261_20260714_222828.pt,782854b29341e7404b79edc56c01ff2eb26d7349e9d21c97f463f373a9c40fa6,28
3330,3,outputs/oof_proposals/r258_center_basin_oof_full_20260714_222821/fold3_seed261_20260714_222828.pt,782854b29341e7404b79edc56c01ff2eb26d7349e9d21c97f463f373a9c40fa6,28
3439,3,outputs/oof_proposals/r258_center_basin_oof_full_20260714_222821/fold3_seed261_20260714_222828.pt,782854b29341e7404b79edc56c01ff2eb26d7349e9d21c97f463f373a9c40fa6,23
3459,3,outputs/oof_proposals/r258_center_basin_oof_full_20260714_222821/fold3_seed261_20260714_222828.pt,782854b29341e7404b79edc56c01ff2eb26d7349e9d21c97f463f373a9c40fa6,28
3499,3,outputs/oof_proposals/r258_center_basin_oof_full_20260714_222821/fold3_seed261_20260714_222828.pt,782854b29341e7404b79edc56c01ff2eb26d7349e9d21c97f463f373a9c40fa6,27
3612,3,outputs/oof_proposals/r258_center_basin_oof_full_20260714_222821/fold3_seed261_20260714_222828.pt,782854b29341e7404b79edc56c01ff2eb26d7349e9d21c97f463f373a9c40fa6,27
3739,3,outputs/oof_proposals/r258_center_basin_oof_full_20260714_222821/fold3_seed261_20260714_222828.pt,782854b29341e7404b79edc56c01ff2eb26d7349e9d21c97f463f373a9c40fa6,28
3793,3,outputs/oof_proposals/r258_center_basin_oof_full_20260714_222821/fold3_seed261_20260714_222828.pt,782854b29341e7404b79edc56c01ff2eb26d7349e9d21c97f463f373a9c40fa6,28
3855,3,outputs/oof_proposals/r258_center_basin_oof_full_20260714_222821/fold3_seed261_20260714_222828.pt,782854b29341e7404b79edc56c01ff2eb26d7349e9d21c97f463f373a9c40fa6,23
3863,3,outputs/oof_proposals/r258_center_basin_oof_full_20260714_222821/fold3_seed261_20260714_222828.pt,782854b29341e7404b79edc56c01ff2eb26d7349e9d21c97f463f373a9c40fa6,24
3922,3,outputs/oof_proposals/r258_center_basin_oof_full_20260714_222821/fold3_seed261_20260714_222828.pt,782854b29341e7404b79edc56c01ff2eb26d7349e9d21c97f463f373a9c40fa6,27
3994,3,outputs/oof_proposals/r258_center_basin_oof_full_20260714_222821/fold3_seed261_20260714_222828.pt,782854b29341e7404b79edc56c01ff2eb26d7349e9d21c97f463f373a9c40fa6,25
4018,3,outputs/oof_proposals/r258_center_basin_oof_full_20260714_222821/fold3_seed261_20260714_222828.pt,782854b29341e7404b79edc56c01ff2eb26d7349e9d21c97f463f373a9c40fa6,28
4067,3,outputs/oof_proposals/r258_center_basin_oof_full_20260714_222821/fold3_seed261_20260714_222828.pt,782854b29341e7404b79edc56c01ff2eb26d7349e9d21c97f463f373a9c40fa6,23
4154,3,outputs/oof_proposals/r258_center_basin_oof_full_20260714_222821/fold3_seed261_20260714_222828.pt,782854b29341e7404b79edc56c01ff2eb26d7349e9d21c97f463f373a9c40fa6,27
4182,3,outputs/oof_proposals/r258_center_basin_oof_full_20260714_222821/fold3_seed261_20260714_222828.pt,782854b29341e7404b79edc56c01ff2eb26d7349e9d21c97f463f373a9c40fa6,28
4194,3,outputs/oof_proposals/r258_center_basin_oof_full_20260714_222821/fold3_seed261_20260714_222828.pt,782854b29341e7404b79edc56c01ff2eb26d7349e9d21c97f463f373a9c40fa6,23
4197,3,outputs/oof_proposals/r258_center_basin_oof_full_20260714_222821/fold3_seed261_20260714_222828.pt,782854b29341e7404b79edc56c01ff2eb26d7349e9d21c97f463f373a9c40fa6,28
4202,3,outputs/oof_proposals/r258_center_basin_oof_full_20260714_222821/fold3_seed261_20260714_222828.pt,782854b29341e7404b79edc56c01ff2eb26d7349e9d21c97f463f373a9c40fa6,27
4286,3,outputs/oof_proposals/r258_center_basin_oof_full_20260714_222821/fold3_seed261_20260714_222828.pt,782854b29341e7404b79edc56c01ff2eb26d7349e9d21c97f463f373a9c40fa6,27
4339,3,outputs/oof_proposals/r258_center_basin_oof_full_20260714_222821/fold3_seed261_20260714_222828.pt,782854b29341e7404b79edc56c01ff2eb26d7349e9d21c97f463f373a9c40fa6,27
4595,3,outputs/oof_proposals/r258_center_basin_oof_full_20260714_222821/fold3_seed261_20260714_222828.pt,782854b29341e7404b79edc56c01ff2eb26d7349e9d21c97f463f373a9c40fa6,28
4635,3,outputs/oof_proposals/r258_center_basin_oof_full_20260714_222821/fold3_seed261_20260714_222828.pt,782854b29341e7404b79edc56c01ff2eb26d7349e9d21c97f463f373a9c40fa6,28
4969,3,outputs/oof_proposals/r258_center_basin_oof_full_20260714_222821/fold3_seed261_20260714_222828.pt,782854b29341e7404b79edc56c01ff2eb26d7349e9d21c97f463f373a9c40fa6,28
5369,3,outputs/oof_proposals/r258_center_basin_oof_full_20260714_222821/fold3_seed261_20260714_222828.pt,782854b29341e7404b79edc56c01ff2eb26d7349e9d21c97f463f373a9c40fa6,21
5432,3,outputs/oof_proposals/r258_center_basin_oof_full_20260714_222821/fold3_seed261_20260714_222828.pt,782854b29341e7404b79edc56c01ff2eb26d7349e9d21c97f463f373a9c40fa6,29
5692,3,outputs/oof_proposals/r258_center_basin_oof_full_20260714_222821/fold3_seed261_20260714_222828.pt,782854b29341e7404b79edc56c01ff2eb26d7349e9d21c97f463f373a9c40fa6,26
5866,3,outputs/oof_proposals/r258_center_basin_oof_full_20260714_222821/fold3_seed261_20260714_222828.pt,782854b29341e7404b79edc56c01ff2eb26d7349e9d21c97f463f373a9c40fa6,27
5925,3,outputs/oof_proposals/r258_center_basin_oof_full_20260714_222821/fold3_seed261_20260714_222828.pt,782854b29341e7404b79edc56c01ff2eb26d7349e9d21c97f463f373a9c40fa6,24
6021,3,outputs/oof_proposals/r258_center_basin_oof_full_20260714_222821/fold3_seed261_20260714_222828.pt,782854b29341e7404b79edc56c01ff2eb26d7349e9d21c97f463f373a9c40fa6,29
6079,3,outputs/oof_proposals/r258_center_basin_oof_full_20260714_222821/fold3_seed261_20260714_222828.pt,782854b29341e7404b79edc56c01ff2eb26d7349e9d21c97f463f373a9c40fa6,30
6083,3,outputs/oof_proposals/r258_center_basin_oof_full_20260714_222821/fold3_seed261_20260714_222828.pt,782854b29341e7404b79edc56c01ff2eb26d7349e9d21c97f463f373a9c40fa6,28
6308,3,outputs/oof_proposals/r258_center_basin_oof_full_20260714_222821/fold3_seed261_20260714_222828.pt,782854b29341e7404b79edc56c01ff2eb26d7349e9d21c97f463f373a9c40fa6,27
6488,3,outputs/oof_proposals/r258_center_basin_oof_full_20260714_222821/fold3_seed261_20260714_222828.pt,782854b29341e7404b79edc56c01ff2eb26d7349e9d21c97f463f373a9c40fa6,26
6593,3,outputs/oof_proposals/r258_center_basin_oof_full_20260714_222821/fold3_seed261_20260714_222828.pt,782854b29341e7404b79edc56c01ff2eb26d7349e9d21c97f463f373a9c40fa6,27
6672,3,outputs/oof_proposals/r258_center_basin_oof_full_20260714_222821/fold3_seed261_20260714_222828.pt,782854b29341e7404b79edc56c01ff2eb26d7349e9d21c97f463f373a9c40fa6,28
6877,3,outputs/oof_proposals/r258_center_basin_oof_full_20260714_222821/fold3_seed261_20260714_222828.pt,782854b29341e7404b79edc56c01ff2eb26d7349e9d21c97f463f373a9c40fa6,30
6955,3,outputs/oof_proposals/r258_center_basin_oof_full_20260714_222821/fold3_seed261_20260714_222828.pt,782854b29341e7404b79edc56c01ff2eb26d7349e9d21c97f463f373a9c40fa6,28
7265,3,outputs/oof_proposals/r258_center_basin_oof_full_20260714_222821/fold3_seed261_20260714_222828.pt,782854b29341e7404b79edc56c01ff2eb26d7349e9d21c97f463f373a9c40fa6,28
8642,3,outputs/oof_proposals/r258_center_basin_oof_full_20260714_222821/fold3_seed261_20260714_222828.pt,782854b29341e7404b79edc56c01ff2eb26d7349e9d21c97f463f373a9c40fa6,24
8657,3,outputs/oof_proposals/r258_center_basin_oof_full_20260714_222821/fold3_seed261_20260714_222828.pt,782854b29341e7404b79edc56c01ff2eb26d7349e9d21c97f463f373a9c40fa6,24
8824,3,outputs/oof_proposals/r258_center_basin_oof_full_20260714_222821/fold3_seed261_20260714_222828.pt,782854b29341e7404b79edc56c01ff2eb26d7349e9d21c97f463f373a9c40fa6,25
8859,3,outputs/oof_proposals/r258_center_basin_oof_full_20260714_222821/fold3_seed261_20260714_222828.pt,782854b29341e7404b79edc56c01ff2eb26d7349e9d21c97f463f373a9c40fa6,24
9258,3,outputs/oof_proposals/r258_center_basin_oof_full_20260714_222821/fold3_seed261_20260714_222828.pt,782854b29341e7404b79edc56c01ff2eb26d7349e9d21c97f463f373a9c40fa6,27
9302,3,outputs/oof_proposals/r258_center_basin_oof_full_20260714_222821/fold3_seed261_20260714_222828.pt,782854b29341e7404b79edc56c01ff2eb26d7349e9d21c97f463f373a9c40fa6,28
9380,3,outputs/oof_proposals/r258_center_basin_oof_full_20260714_222821/fold3_seed261_20260714_222828.pt,782854b29341e7404b79edc56c01ff2eb26d7349e9d21c97f463f373a9c40fa6,27
9644,3,outputs/oof_proposals/r258_center_basin_oof_full_20260714_222821/fold3_seed261_20260714_222828.pt,782854b29341e7404b79edc56c01ff2eb26d7349e9d21c97f463f373a9c40fa6,28
9789,3,outputs/oof_proposals/r258_center_basin_oof_full_20260714_222821/fold3_seed261_20260714_222828.pt,782854b29341e7404b79edc56c01ff2eb26d7349e9d21c97f463f373a9c40fa6,27
9816,3,outputs/oof_proposals/r258_center_basin_oof_full_20260714_222821/fold3_seed261_20260714_222828.pt,782854b29341e7404b79edc56c01ff2eb26d7349e9d21c97f463f373a9c40fa6,27
9907,3,outputs/oof_proposals/r258_center_basin_oof_full_20260714_222821/fold3_seed261_20260714_222828.pt,782854b29341e7404b79edc56c01ff2eb26d7349e9d21c97f463f373a9c40fa6,28
10474,4,outputs/oof_proposals/r258_center_basin_oof_full_20260714_222821/fold4_seed262_20260714_222828.pt,9821e0b9c5d79e99162742af91014d0be5263db6140f1259f9214de630cab5e4,28
10693,4,outputs/oof_proposals/r258_center_basin_oof_full_20260714_222821/fold4_seed262_20260714_222828.pt,9821e0b9c5d79e99162742af91014d0be5263db6140f1259f9214de630cab5e4,28
10833,4,outputs/oof_proposals/r258_center_basin_oof_full_20260714_222821/fold4_seed262_20260714_222828.pt,9821e0b9c5d79e99162742af91014d0be5263db6140f1259f9214de630cab5e4,27
10910,4,outputs/oof_proposals/r258_center_basin_oof_full_20260714_222821/fold4_seed262_20260714_222828.pt,9821e0b9c5d79e99162742af91014d0be5263db6140f1259f9214de630cab5e4,26
11023,4,outputs/oof_proposals/r258_center_basin_oof_full_20260714_222821/fold4_seed262_20260714_222828.pt,9821e0b9c5d79e99162742af91014d0be5263db6140f1259f9214de630cab5e4,29
11152,4,outputs/oof_proposals/r258_center_basin_oof_full_20260714_222821/fold4_seed262_20260714_222828.pt,9821e0b9c5d79e99162742af91014d0be5263db6140f1259f9214de630cab5e4,27
11382,4,outputs/oof_proposals/r258_center_basin_oof_full_20260714_222821/fold4_seed262_20260714_222828.pt,9821e0b9c5d79e99162742af91014d0be5263db6140f1259f9214de630cab5e4,27
11612,4,outputs/oof_proposals/r258_center_basin_oof_full_20260714_222821/fold4_seed262_20260714_222828.pt,9821e0b9c5d79e99162742af91014d0be5263db6140f1259f9214de630cab5e4,26
11666,4,outputs/oof_proposals/r258_center_basin_oof_full_20260714_222821/fold4_seed262_20260714_222828.pt,9821e0b9c5d79e99162742af91014d0be5263db6140f1259f9214de630cab5e4,27
11795,4,outputs/oof_proposals/r258_center_basin_oof_full_20260714_222821/fold4_seed262_20260714_222828.pt,9821e0b9c5d79e99162742af91014d0be5263db6140f1259f9214de630cab5e4,28
12074,4,outputs/oof_proposals/r258_center_basin_oof_full_20260714_222821/fold4_seed262_20260714_222828.pt,9821e0b9c5d79e99162742af91014d0be5263db6140f1259f9214de630cab5e4,36
12257,4,outputs/oof_proposals/r258_center_basin_oof_full_20260714_222821/fold4_seed262_20260714_222828.pt,9821e0b9c5d79e99162742af91014d0be5263db6140f1259f9214de630cab5e4,28
12445,4,outputs/oof_proposals/r258_center_basin_oof_full_20260714_222821/fold4_seed262_20260714_222828.pt,9821e0b9c5d79e99162742af91014d0be5263db6140f1259f9214de630cab5e4,29
12584,4,outputs/oof_proposals/r258_center_basin_oof_full_20260714_222821/fold4_seed262_20260714_222828.pt,9821e0b9c5d79e99162742af91014d0be5263db6140f1259f9214de630cab5e4,28
12611,4,outputs/oof_proposals/r258_center_basin_oof_full_20260714_222821/fold4_seed262_20260714_222828.pt,9821e0b9c5d79e99162742af91014d0be5263db6140f1259f9214de630cab5e4,25
12635,4,outputs/oof_proposals/r258_center_basin_oof_full_20260714_222821/fold4_seed262_20260714_222828.pt,9821e0b9c5d79e99162742af91014d0be5263db6140f1259f9214de630cab5e4,27
12651,4,outputs/oof_proposals/r258_center_basin_oof_full_20260714_222821/fold4_seed262_20260714_222828.pt,9821e0b9c5d79e99162742af91014d0be5263db6140f1259f9214de630cab5e4,26
12755,4,outputs/oof_proposals/r258_center_basin_oof_full_20260714_222821/fold4_seed262_20260714_222828.pt,9821e0b9c5d79e99162742af91014d0be5263db6140f1259f9214de630cab5e4,23
12837,4,outputs/oof_proposals/r258_center_basin_oof_full_20260714_222821/fold4_seed262_20260714_222828.pt,9821e0b9c5d79e99162742af91014d0be5263db6140f1259f9214de630cab5e4,24
12840,4,outputs/oof_proposals/r258_center_basin_oof_full_20260714_222821/fold4_seed262_20260714_222828.pt,9821e0b9c5d79e99162742af91014d0be5263db6140f1259f9214de630cab5e4,29
12870,4,outputs/oof_proposals/r258_center_basin_oof_full_20260714_222821/fold4_seed262_20260714_222828.pt,9821e0b9c5d79e99162742af91014d0be5263db6140f1259f9214de630cab5e4,27
12905,4,outputs/oof_proposals/r258_center_basin_oof_full_20260714_222821/fold4_seed262_20260714_222828.pt,9821e0b9c5d79e99162742af91014d0be5263db6140f1259f9214de630cab5e4,28
13097,4,outputs/oof_proposals/r258_center_basin_oof_full_20260714_222821/fold4_seed262_20260714_222828.pt,9821e0b9c5d79e99162742af91014d0be5263db6140f1259f9214de630cab5e4,26
13324,4,outputs/oof_proposals/r258_center_basin_oof_full_20260714_222821/fold4_seed262_20260714_222828.pt,9821e0b9c5d79e99162742af91014d0be5263db6140f1259f9214de630cab5e4,27
13698,4,outputs/oof_proposals/r258_center_basin_oof_full_20260714_222821/fold4_seed262_20260714_222828.pt,9821e0b9c5d79e99162742af91014d0be5263db6140f1259f9214de630cab5e4,24
13747,4,outputs/oof_proposals/r258_center_basin_oof_full_20260714_222821/fold4_seed262_20260714_222828.pt,9821e0b9c5d79e99162742af91014d0be5263db6140f1259f9214de630cab5e4,28
1377,4,outputs/oof_proposals/r258_center_basin_oof_full_20260714_222821/fold4_seed262_20260714_222828.pt,9821e0b9c5d79e99162742af91014d0be5263db6140f1259f9214de630cab5e4,28
13796,4,outputs/oof_proposals/r258_center_basin_oof_full_20260714_222821/fold4_seed262_20260714_222828.pt,9821e0b9c5d79e99162742af91014d0be5263db6140f1259f9214de630cab5e4,27
1383,4,outputs/oof_proposals/r258_center_basin_oof_full_20260714_222821/fold4_seed262_20260714_222828.pt,9821e0b9c5d79e99162742af91014d0be5263db6140f1259f9214de630cab5e4,27
1396,4,outputs/oof_proposals/r258_center_basin_oof_full_20260714_222821/fold4_seed262_20260714_222828.pt,9821e0b9c5d79e99162742af91014d0be5263db6140f1259f9214de630cab5e4,27
1400,4,outputs/oof_proposals/r258_center_basin_oof_full_20260714_222821/fold4_seed262_20260714_222828.pt,9821e0b9c5d79e99162742af91014d0be5263db6140f1259f9214de630cab5e4,28
1405,4,outputs/oof_proposals/r258_center_basin_oof_full_20260714_222821/fold4_seed262_20260714_222828.pt,9821e0b9c5d79e99162742af91014d0be5263db6140f1259f9214de630cab5e4,29
1411,4,outputs/oof_proposals/r258_center_basin_oof_full_20260714_222821/fold4_seed262_20260714_222828.pt,9821e0b9c5d79e99162742af91014d0be5263db6140f1259f9214de630cab5e4,22
1422,4,outputs/oof_proposals/r258_center_basin_oof_full_20260714_222821/fold4_seed262_20260714_222828.pt,9821e0b9c5d79e99162742af91014d0be5263db6140f1259f9214de630cab5e4,22
1423,4,outputs/oof_proposals/r258_center_basin_oof_full_20260714_222821/fold4_seed262_20260714_222828.pt,9821e0b9c5d79e99162742af91014d0be5263db6140f1259f9214de630cab5e4,28
1429,4,outputs/oof_proposals/r258_center_basin_oof_full_20260714_222821/fold4_seed262_20260714_222828.pt,9821e0b9c5d79e99162742af91014d0be5263db6140f1259f9214de630cab5e4,24
14302,4,outputs/oof_proposals/r258_center_basin_oof_full_20260714_222821/fold4_seed262_20260714_222828.pt,9821e0b9c5d79e99162742af91014d0be5263db6140f1259f9214de630cab5e4,28
1432,4,outputs/oof_proposals/r258_center_basin_oof_full_20260714_222821/fold4_seed262_20260714_222828.pt,9821e0b9c5d79e99162742af91014d0be5263db6140f1259f9214de630cab5e4,27
1434,4,outputs/oof_proposals/r258_center_basin_oof_full_20260714_222821/fold4_seed262_20260714_222828.pt,9821e0b9c5d79e99162742af91014d0be5263db6140f1259f9214de630cab5e4,28
1437,4,outputs/oof_proposals/r258_center_basin_oof_full_20260714_222821/fold4_seed262_20260714_222828.pt,9821e0b9c5d79e99162742af91014d0be5263db6140f1259f9214de630cab5e4,27
14400,4,outputs/oof_proposals/r258_center_basin_oof_full_20260714_222821/fold4_seed262_20260714_222828.pt,9821e0b9c5d79e99162742af91014d0be5263db6140f1259f9214de630cab5e4,29
14443,4,outputs/oof_proposals/r258_center_basin_oof_full_20260714_222821/fold4_seed262_20260714_222828.pt,9821e0b9c5d79e99162742af91014d0be5263db6140f1259f9214de630cab5e4,27
14444,4,outputs/oof_proposals/r258_center_basin_oof_full_20260714_222821/fold4_seed262_20260714_222828.pt,9821e0b9c5d79e99162742af91014d0be5263db6140f1259f9214de630cab5e4,28
1446,4,outputs/oof_proposals/r258_center_basin_oof_full_20260714_222821/fold4_seed262_20260714_222828.pt,9821e0b9c5d79e99162742af91014d0be5263db6140f1259f9214de630cab5e4,27
1453,4,outputs/oof_proposals/r258_center_basin_oof_full_20260714_222821/fold4_seed262_20260714_222828.pt,9821e0b9c5d79e99162742af91014d0be5263db6140f1259f9214de630cab5e4,28
1454,4,outputs/oof_proposals/r258_center_basin_oof_full_20260714_222821/fold4_seed262_20260714_222828.pt,9821e0b9c5d79e99162742af91014d0be5263db6140f1259f9214de630cab5e4,16
1462,4,outputs/oof_proposals/r258_center_basin_oof_full_20260714_222821/fold4_seed262_20260714_222828.pt,9821e0b9c5d79e99162742af91014d0be5263db6140f1259f9214de630cab5e4,28
14646,4,outputs/oof_proposals/r258_center_basin_oof_full_20260714_222821/fold4_seed262_20260714_222828.pt,9821e0b9c5d79e99162742af91014d0be5263db6140f1259f9214de630cab5e4,23
1467,4,outputs/oof_proposals/r258_center_basin_oof_full_20260714_222821/fold4_seed262_20260714_222828.pt,9821e0b9c5d79e99162742af91014d0be5263db6140f1259f9214de630cab5e4,24
1476,4,outputs/oof_proposals/r258_center_basin_oof_full_20260714_222821/fold4_seed262_20260714_222828.pt,9821e0b9c5d79e99162742af91014d0be5263db6140f1259f9214de630cab5e4,28
1489,4,outputs/oof_proposals/r258_center_basin_oof_full_20260714_222821/fold4_seed262_20260714_222828.pt,9821e0b9c5d79e99162742af91014d0be5263db6140f1259f9214de630cab5e4,30
14918,4,outputs/oof_proposals/r258_center_basin_oof_full_20260714_222821/fold4_seed262_20260714_222828.pt,9821e0b9c5d79e99162742af91014d0be5263db6140f1259f9214de630cab5e4,31
14924,4,outputs/oof_proposals/r258_center_basin_oof_full_20260714_222821/fold4_seed262_20260714_222828.pt,9821e0b9c5d79e99162742af91014d0be5263db6140f1259f9214de630cab5e4,24
14983,4,outputs/oof_proposals/r258_center_basin_oof_full_20260714_222821/fold4_seed262_20260714_222828.pt,9821e0b9c5d79e99162742af91014d0be5263db6140f1259f9214de630cab5e4,29
15007,4,outputs/oof_proposals/r258_center_basin_oof_full_20260714_222821/fold4_seed262_20260714_222828.pt,9821e0b9c5d79e99162742af91014d0be5263db6140f1259f9214de630cab5e4,27
15057,4,outputs/oof_proposals/r258_center_basin_oof_full_20260714_222821/fold4_seed262_20260714_222828.pt,9821e0b9c5d79e99162742af91014d0be5263db6140f1259f9214de630cab5e4,27
15137,4,outputs/oof_proposals/r258_center_basin_oof_full_20260714_222821/fold4_seed262_20260714_222828.pt,9821e0b9c5d79e99162742af91014d0be5263db6140f1259f9214de630cab5e4,27
15139,4,outputs/oof_proposals/r258_center_basin_oof_full_20260714_222821/fold4_seed262_20260714_222828.pt,9821e0b9c5d79e99162742af91014d0be5263db6140f1259f9214de630cab5e4,26
15171,4,outputs/oof_proposals/r258_center_basin_oof_full_20260714_222821/fold4_seed262_20260714_222828.pt,9821e0b9c5d79e99162742af91014d0be5263db6140f1259f9214de630cab5e4,30
15174,4,outputs/oof_proposals/r258_center_basin_oof_full_20260714_222821/fold4_seed262_20260714_222828.pt,9821e0b9c5d79e99162742af91014d0be5263db6140f1259f9214de630cab5e4,28
15251,4,outputs/oof_proposals/r258_center_basin_oof_full_20260714_222821/fold4_seed262_20260714_222828.pt,9821e0b9c5d79e99162742af91014d0be5263db6140f1259f9214de630cab5e4,27
15279,4,outputs/oof_proposals/r258_center_basin_oof_full_20260714_222821/fold4_seed262_20260714_222828.pt,9821e0b9c5d79e99162742af91014d0be5263db6140f1259f9214de630cab5e4,27
15286,4,outputs/oof_proposals/r258_center_basin_oof_full_20260714_222821/fold4_seed262_20260714_222828.pt,9821e0b9c5d79e99162742af91014d0be5263db6140f1259f9214de630cab5e4,26
15318,4,outputs/oof_proposals/r258_center_basin_oof_full_20260714_222821/fold4_seed262_20260714_222828.pt,9821e0b9c5d79e99162742af91014d0be5263db6140f1259f9214de630cab5e4,27
15341,4,outputs/oof_proposals/r258_center_basin_oof_full_20260714_222821/fold4_seed262_20260714_222828.pt,9821e0b9c5d79e99162742af91014d0be5263db6140f1259f9214de630cab5e4,28
15380,4,outputs/oof_proposals/r258_center_basin_oof_full_20260714_222821/fold4_seed262_20260714_222828.pt,9821e0b9c5d79e99162742af91014d0be5263db6140f1259f9214de630cab5e4,24
15402,4,outputs/oof_proposals/r258_center_basin_oof_full_20260714_222821/fold4_seed262_20260714_222828.pt,9821e0b9c5d79e99162742af91014d0be5263db6140f1259f9214de630cab5e4,27
15403,4,outputs/oof_proposals/r258_center_basin_oof_full_20260714_222821/fold4_seed262_20260714_222828.pt,9821e0b9c5d79e99162742af91014d0be5263db6140f1259f9214de630cab5e4,26
1542,4,outputs/oof_proposals/r258_center_basin_oof_full_20260714_222821/fold4_seed262_20260714_222828.pt,9821e0b9c5d79e99162742af91014d0be5263db6140f1259f9214de630cab5e4,28
15454,4,outputs/oof_proposals/r258_center_basin_oof_full_20260714_222821/fold4_seed262_20260714_222828.pt,9821e0b9c5d79e99162742af91014d0be5263db6140f1259f9214de630cab5e4,27
15480,4,outputs/oof_proposals/r258_center_basin_oof_full_20260714_222821/fold4_seed262_20260714_222828.pt,9821e0b9c5d79e99162742af91014d0be5263db6140f1259f9214de630cab5e4,28
15501,4,outputs/oof_proposals/r258_center_basin_oof_full_20260714_222821/fold4_seed262_20260714_222828.pt,9821e0b9c5d79e99162742af91014d0be5263db6140f1259f9214de630cab5e4,28
15510,4,outputs/oof_proposals/r258_center_basin_oof_full_20260714_222821/fold4_seed262_20260714_222828.pt,9821e0b9c5d79e99162742af91014d0be5263db6140f1259f9214de630cab5e4,28
15517,4,outputs/oof_proposals/r258_center_basin_oof_full_20260714_222821/fold4_seed262_20260714_222828.pt,9821e0b9c5d79e99162742af91014d0be5263db6140f1259f9214de630cab5e4,28
15518,4,outputs/oof_proposals/r258_center_basin_oof_full_20260714_222821/fold4_seed262_20260714_222828.pt,9821e0b9c5d79e99162742af91014d0be5263db6140f1259f9214de630cab5e4,27
15544,4,outputs/oof_proposals/r258_center_basin_oof_full_20260714_222821/fold4_seed262_20260714_222828.pt,9821e0b9c5d79e99162742af91014d0be5263db6140f1259f9214de630cab5e4,28
15545,4,outputs/oof_proposals/r258_center_basin_oof_full_20260714_222821/fold4_seed262_20260714_222828.pt,9821e0b9c5d79e99162742af91014d0be5263db6140f1259f9214de630cab5e4,27
15546,4,outputs/oof_proposals/r258_center_basin_oof_full_20260714_222821/fold4_seed262_20260714_222828.pt,9821e0b9c5d79e99162742af91014d0be5263db6140f1259f9214de630cab5e4,32
15576,4,outputs/oof_proposals/r258_center_basin_oof_full_20260714_222821/fold4_seed262_20260714_222828.pt,9821e0b9c5d79e99162742af91014d0be5263db6140f1259f9214de630cab5e4,28
15587,4,outputs/oof_proposals/r258_center_basin_oof_full_20260714_222821/fold4_seed262_20260714_222828.pt,9821e0b9c5d79e99162742af91014d0be5263db6140f1259f9214de630cab5e4,25
15606,4,outputs/oof_proposals/r258_center_basin_oof_full_20260714_222821/fold4_seed262_20260714_222828.pt,9821e0b9c5d79e99162742af91014d0be5263db6140f1259f9214de630cab5e4,27
15609,4,outputs/oof_proposals/r258_center_basin_oof_full_20260714_222821/fold4_seed262_20260714_222828.pt,9821e0b9c5d79e99162742af91014d0be5263db6140f1259f9214de630cab5e4,27
1562,4,outputs/oof_proposals/r258_center_basin_oof_full_20260714_222821/fold4_seed262_20260714_222828.pt,9821e0b9c5d79e99162742af91014d0be5263db6140f1259f9214de630cab5e4,27
1563,4,outputs/oof_proposals/r258_center_basin_oof_full_20260714_222821/fold4_seed262_20260714_222828.pt,9821e0b9c5d79e99162742af91014d0be5263db6140f1259f9214de630cab5e4,27
1570,4,outputs/oof_proposals/r258_center_basin_oof_full_20260714_222821/fold4_seed262_20260714_222828.pt,9821e0b9c5d79e99162742af91014d0be5263db6140f1259f9214de630cab5e4,28
1580,4,outputs/oof_proposals/r258_center_basin_oof_full_20260714_222821/fold4_seed262_20260714_222828.pt,9821e0b9c5d79e99162742af91014d0be5263db6140f1259f9214de630cab5e4,27
1602,4,outputs/oof_proposals/r258_center_basin_oof_full_20260714_222821/fold4_seed262_20260714_222828.pt,9821e0b9c5d79e99162742af91014d0be5263db6140f1259f9214de630cab5e4,27
1605,4,outputs/oof_proposals/r258_center_basin_oof_full_20260714_222821/fold4_seed262_20260714_222828.pt,9821e0b9c5d79e99162742af91014d0be5263db6140f1259f9214de630cab5e4,19
1623,4,outputs/oof_proposals/r258_center_basin_oof_full_20260714_222821/fold4_seed262_20260714_222828.pt,9821e0b9c5d79e99162742af91014d0be5263db6140f1259f9214de630cab5e4,27
1625,4,outputs/oof_proposals/r258_center_basin_oof_full_20260714_222821/fold4_seed262_20260714_222828.pt,9821e0b9c5d79e99162742af91014d0be5263db6140f1259f9214de630cab5e4,27
1639,4,outputs/oof_proposals/r258_center_basin_oof_full_20260714_222821/fold4_seed262_20260714_222828.pt,9821e0b9c5d79e99162742af91014d0be5263db6140f1259f9214de630cab5e4,27
1643,4,outputs/oof_proposals/r258_center_basin_oof_full_20260714_222821/fold4_seed262_20260714_222828.pt,9821e0b9c5d79e99162742af91014d0be5263db6140f1259f9214de630cab5e4,23
1672,4,outputs/oof_proposals/r258_center_basin_oof_full_20260714_222821/fold4_seed262_20260714_222828.pt,9821e0b9c5d79e99162742af91014d0be5263db6140f1259f9214de630cab5e4,19
1685,4,outputs/oof_proposals/r258_center_basin_oof_full_20260714_222821/fold4_seed262_20260714_222828.pt,9821e0b9c5d79e99162742af91014d0be5263db6140f1259f9214de630cab5e4,29
1701,4,outputs/oof_proposals/r258_center_basin_oof_full_20260714_222821/fold4_seed262_20260714_222828.pt,9821e0b9c5d79e99162742af91014d0be5263db6140f1259f9214de630cab5e4,27
1711,4,outputs/oof_proposals/r258_center_basin_oof_full_20260714_222821/fold4_seed262_20260714_222828.pt,9821e0b9c5d79e99162742af91014d0be5263db6140f1259f9214de630cab5e4,26
1730,4,outputs/oof_proposals/r258_center_basin_oof_full_20260714_222821/fold4_seed262_20260714_222828.pt,9821e0b9c5d79e99162742af91014d0be5263db6140f1259f9214de630cab5e4,27
1739,4,outputs/oof_proposals/r258_center_basin_oof_full_20260714_222821/fold4_seed262_20260714_222828.pt,9821e0b9c5d79e99162742af91014d0be5263db6140f1259f9214de630cab5e4,27
1750,4,outputs/oof_proposals/r258_center_basin_oof_full_20260714_222821/fold4_seed262_20260714_222828.pt,9821e0b9c5d79e99162742af91014d0be5263db6140f1259f9214de630cab5e4,28
1758,4,outputs/oof_proposals/r258_center_basin_oof_full_20260714_222821/fold4_seed262_20260714_222828.pt,9821e0b9c5d79e99162742af91014d0be5263db6140f1259f9214de630cab5e4,28
1763,4,outputs/oof_proposals/r258_center_basin_oof_full_20260714_222821/fold4_seed262_20260714_222828.pt,9821e0b9c5d79e99162742af91014d0be5263db6140f1259f9214de630cab5e4,27
1772,4,outputs/oof_proposals/r258_center_basin_oof_full_20260714_222821/fold4_seed262_20260714_222828.pt,9821e0b9c5d79e99162742af91014d0be5263db6140f1259f9214de630cab5e4,22
1781,4,outputs/oof_proposals/r258_center_basin_oof_full_20260714_222821/fold4_seed262_20260714_222828.pt,9821e0b9c5d79e99162742af91014d0be5263db6140f1259f9214de630cab5e4,26
1782,4,outputs/oof_proposals/r258_center_basin_oof_full_20260714_222821/fold4_seed262_20260714_222828.pt,9821e0b9c5d79e99162742af91014d0be5263db6140f1259f9214de630cab5e4,27
1833,4,outputs/oof_proposals/r258_center_basin_oof_full_20260714_222821/fold4_seed262_20260714_222828.pt,9821e0b9c5d79e99162742af91014d0be5263db6140f1259f9214de630cab5e4,28
1841,4,outputs/oof_proposals/r258_center_basin_oof_full_20260714_222821/fold4_seed262_20260714_222828.pt,9821e0b9c5d79e99162742af91014d0be5263db6140f1259f9214de630cab5e4,27
1844,4,outputs/oof_proposals/r258_center_basin_oof_full_20260714_222821/fold4_seed262_20260714_222828.pt,9821e0b9c5d79e99162742af91014d0be5263db6140f1259f9214de630cab5e4,28
1848,4,outputs/oof_proposals/r258_center_basin_oof_full_20260714_222821/fold4_seed262_20260714_222828.pt,9821e0b9c5d79e99162742af91014d0be5263db6140f1259f9214de630cab5e4,28
1850,4,outputs/oof_proposals/r258_center_basin_oof_full_20260714_222821/fold4_seed262_20260714_222828.pt,9821e0b9c5d79e99162742af91014d0be5263db6140f1259f9214de630cab5e4,27
1851,4,outputs/oof_proposals/r258_center_basin_oof_full_20260714_222821/fold4_seed262_20260714_222828.pt,9821e0b9c5d79e99162742af91014d0be5263db6140f1259f9214de630cab5e4,23
1867,4,outputs/oof_proposals/r258_center_basin_oof_full_20260714_222821/fold4_seed262_20260714_222828.pt,9821e0b9c5d79e99162742af91014d0be5263db6140f1259f9214de630cab5e4,29
1868,4,outputs/oof_proposals/r258_center_basin_oof_full_20260714_222821/fold4_seed262_20260714_222828.pt,9821e0b9c5d79e99162742af91014d0be5263db6140f1259f9214de630cab5e4,30
1879,4,outputs/oof_proposals/r258_center_basin_oof_full_20260714_222821/fold4_seed262_20260714_222828.pt,9821e0b9c5d79e99162742af91014d0be5263db6140f1259f9214de630cab5e4,28
1922,4,outputs/oof_proposals/r258_center_basin_oof_full_20260714_222821/fold4_seed262_20260714_222828.pt,9821e0b9c5d79e99162742af91014d0be5263db6140f1259f9214de630cab5e4,27
1936,4,outputs/oof_proposals/r258_center_basin_oof_full_20260714_222821/fold4_seed262_20260714_222828.pt,9821e0b9c5d79e99162742af91014d0be5263db6140f1259f9214de630cab5e4,23
2055,4,outputs/oof_proposals/r258_center_basin_oof_full_20260714_222821/fold4_seed262_20260714_222828.pt,9821e0b9c5d79e99162742af91014d0be5263db6140f1259f9214de630cab5e4,27
2082,4,outputs/oof_proposals/r258_center_basin_oof_full_20260714_222821/fold4_seed262_20260714_222828.pt,9821e0b9c5d79e99162742af91014d0be5263db6140f1259f9214de630cab5e4,26
2099,4,outputs/oof_proposals/r258_center_basin_oof_full_20260714_222821/fold4_seed262_20260714_222828.pt,9821e0b9c5d79e99162742af91014d0be5263db6140f1259f9214de630cab5e4,28
2104,4,outputs/oof_proposals/r258_center_basin_oof_full_20260714_222821/fold4_seed262_20260714_222828.pt,9821e0b9c5d79e99162742af91014d0be5263db6140f1259f9214de630cab5e4,27
2118,4,outputs/oof_proposals/r258_center_basin_oof_full_20260714_222821/fold4_seed262_20260714_222828.pt,9821e0b9c5d79e99162742af91014d0be5263db6140f1259f9214de630cab5e4,27
2137,4,outputs/oof_proposals/r258_center_basin_oof_full_20260714_222821/fold4_seed262_20260714_222828.pt,9821e0b9c5d79e99162742af91014d0be5263db6140f1259f9214de630cab5e4,29
2152,4,outputs/oof_proposals/r258_center_basin_oof_full_20260714_222821/fold4_seed262_20260714_222828.pt,9821e0b9c5d79e99162742af91014d0be5263db6140f1259f9214de630cab5e4,27
2178,4,outputs/oof_proposals/r258_center_basin_oof_full_20260714_222821/fold4_seed262_20260714_222828.pt,9821e0b9c5d79e99162742af91014d0be5263db6140f1259f9214de630cab5e4,39
2194,4,outputs/oof_proposals/r258_center_basin_oof_full_20260714_222821/fold4_seed262_20260714_222828.pt,9821e0b9c5d79e99162742af91014d0be5263db6140f1259f9214de630cab5e4,27
2344,4,outputs/oof_proposals/r258_center_basin_oof_full_20260714_222821/fold4_seed262_20260714_222828.pt,9821e0b9c5d79e99162742af91014d0be5263db6140f1259f9214de630cab5e4,27
2484,4,outputs/oof_proposals/r258_center_basin_oof_full_20260714_222821/fold4_seed262_20260714_222828.pt,9821e0b9c5d79e99162742af91014d0be5263db6140f1259f9214de630cab5e4,27
2662,4,outputs/oof_proposals/r258_center_basin_oof_full_20260714_222821/fold4_seed262_20260714_222828.pt,9821e0b9c5d79e99162742af91014d0be5263db6140f1259f9214de630cab5e4,25
2797,4,outputs/oof_proposals/r258_center_basin_oof_full_20260714_222821/fold4_seed262_20260714_222828.pt,9821e0b9c5d79e99162742af91014d0be5263db6140f1259f9214de630cab5e4,27
2834,4,outputs/oof_proposals/r258_center_basin_oof_full_20260714_222821/fold4_seed262_20260714_222828.pt,9821e0b9c5d79e99162742af91014d0be5263db6140f1259f9214de630cab5e4,29
2835,4,outputs/oof_proposals/r258_center_basin_oof_full_20260714_222821/fold4_seed262_20260714_222828.pt,9821e0b9c5d79e99162742af91014d0be5263db6140f1259f9214de630cab5e4,31
2838,4,outputs/oof_proposals/r258_center_basin_oof_full_20260714_222821/fold4_seed262_20260714_222828.pt,9821e0b9c5d79e99162742af91014d0be5263db6140f1259f9214de630cab5e4,29
2886,4,outputs/oof_proposals/r258_center_basin_oof_full_20260714_222821/fold4_seed262_20260714_222828.pt,9821e0b9c5d79e99162742af91014d0be5263db6140f1259f9214de630cab5e4,27
2894,4,outputs/oof_proposals/r258_center_basin_oof_full_20260714_222821/fold4_seed262_20260714_222828.pt,9821e0b9c5d79e99162742af91014d0be5263db6140f1259f9214de630cab5e4,27
3053,4,outputs/oof_proposals/r258_center_basin_oof_full_20260714_222821/fold4_seed262_20260714_222828.pt,9821e0b9c5d79e99162742af91014d0be5263db6140f1259f9214de630cab5e4,27
3127,4,outputs/oof_proposals/r258_center_basin_oof_full_20260714_222821/fold4_seed262_20260714_222828.pt,9821e0b9c5d79e99162742af91014d0be5263db6140f1259f9214de630cab5e4,28
3140,4,outputs/oof_proposals/r258_center_basin_oof_full_20260714_222821/fold4_seed262_20260714_222828.pt,9821e0b9c5d79e99162742af91014d0be5263db6140f1259f9214de630cab5e4,30
3163,4,outputs/oof_proposals/r258_center_basin_oof_full_20260714_222821/fold4_seed262_20260714_222828.pt,9821e0b9c5d79e99162742af91014d0be5263db6140f1259f9214de630cab5e4,27
3187,4,outputs/oof_proposals/r258_center_basin_oof_full_20260714_222821/fold4_seed262_20260714_222828.pt,9821e0b9c5d79e99162742af91014d0be5263db6140f1259f9214de630cab5e4,28
3197,4,outputs/oof_proposals/r258_center_basin_oof_full_20260714_222821/fold4_seed262_20260714_222828.pt,9821e0b9c5d79e99162742af91014d0be5263db6140f1259f9214de630cab5e4,27
3344,4,outputs/oof_proposals/r258_center_basin_oof_full_20260714_222821/fold4_seed262_20260714_222828.pt,9821e0b9c5d79e99162742af91014d0be5263db6140f1259f9214de630cab5e4,28
3387,4,outputs/oof_proposals/r258_center_basin_oof_full_20260714_222821/fold4_seed262_20260714_222828.pt,9821e0b9c5d79e99162742af91014d0be5263db6140f1259f9214de630cab5e4,22
3447,4,outputs/oof_proposals/r258_center_basin_oof_full_20260714_222821/fold4_seed262_20260714_222828.pt,9821e0b9c5d79e99162742af91014d0be5263db6140f1259f9214de630cab5e4,29
3590,4,outputs/oof_proposals/r258_center_basin_oof_full_20260714_222821/fold4_seed262_20260714_222828.pt,9821e0b9c5d79e99162742af91014d0be5263db6140f1259f9214de630cab5e4,27
3709,4,outputs/oof_proposals/r258_center_basin_oof_full_20260714_222821/fold4_seed262_20260714_222828.pt,9821e0b9c5d79e99162742af91014d0be5263db6140f1259f9214de630cab5e4,28
3825,4,outputs/oof_proposals/r258_center_basin_oof_full_20260714_222821/fold4_seed262_20260714_222828.pt,9821e0b9c5d79e99162742af91014d0be5263db6140f1259f9214de630cab5e4,17
3832,4,outputs/oof_proposals/r258_center_basin_oof_full_20260714_222821/fold4_seed262_20260714_222828.pt,9821e0b9c5d79e99162742af91014d0be5263db6140f1259f9214de630cab5e4,23
3936,4,outputs/oof_proposals/r258_center_basin_oof_full_20260714_222821/fold4_seed262_20260714_222828.pt,9821e0b9c5d79e99162742af91014d0be5263db6140f1259f9214de630cab5e4,27
4040,4,outputs/oof_proposals/r258_center_basin_oof_full_20260714_222821/fold4_seed262_20260714_222828.pt,9821e0b9c5d79e99162742af91014d0be5263db6140f1259f9214de630cab5e4,28
4052,4,outputs/oof_proposals/r258_center_basin_oof_full_20260714_222821/fold4_seed262_20260714_222828.pt,9821e0b9c5d79e99162742af91014d0be5263db6140f1259f9214de630cab5e4,27
4091,4,outputs/oof_proposals/r258_center_basin_oof_full_20260714_222821/fold4_seed262_20260714_222828.pt,9821e0b9c5d79e99162742af91014d0be5263db6140f1259f9214de630cab5e4,28
4137,4,outputs/oof_proposals/r258_center_basin_oof_full_20260714_222821/fold4_seed262_20260714_222828.pt,9821e0b9c5d79e99162742af91014d0be5263db6140f1259f9214de630cab5e4,27
4150,4,outputs/oof_proposals/r258_center_basin_oof_full_20260714_222821/fold4_seed262_20260714_222828.pt,9821e0b9c5d79e99162742af91014d0be5263db6140f1259f9214de630cab5e4,24
4189,4,outputs/oof_proposals/r258_center_basin_oof_full_20260714_222821/fold4_seed262_20260714_222828.pt,9821e0b9c5d79e99162742af91014d0be5263db6140f1259f9214de630cab5e4,24
4278,4,outputs/oof_proposals/r258_center_basin_oof_full_20260714_222821/fold4_seed262_20260714_222828.pt,9821e0b9c5d79e99162742af91014d0be5263db6140f1259f9214de630cab5e4,27
4792,4,outputs/oof_proposals/r258_center_basin_oof_full_20260714_222821/fold4_seed262_20260714_222828.pt,9821e0b9c5d79e99162742af91014d0be5263db6140f1259f9214de630cab5e4,26
5091,4,outputs/oof_proposals/r258_center_basin_oof_full_20260714_222821/fold4_seed262_20260714_222828.pt,9821e0b9c5d79e99162742af91014d0be5263db6140f1259f9214de630cab5e4,25
5117,4,outputs/oof_proposals/r258_center_basin_oof_full_20260714_222821/fold4_seed262_20260714_222828.pt,9821e0b9c5d79e99162742af91014d0be5263db6140f1259f9214de630cab5e4,26
5452,4,outputs/oof_proposals/r258_center_basin_oof_full_20260714_222821/fold4_seed262_20260714_222828.pt,9821e0b9c5d79e99162742af91014d0be5263db6140f1259f9214de630cab5e4,28
5573,4,outputs/oof_proposals/r258_center_basin_oof_full_20260714_222821/fold4_seed262_20260714_222828.pt,9821e0b9c5d79e99162742af91014d0be5263db6140f1259f9214de630cab5e4,28
6207,4,outputs/oof_proposals/r258_center_basin_oof_full_20260714_222821/fold4_seed262_20260714_222828.pt,9821e0b9c5d79e99162742af91014d0be5263db6140f1259f9214de630cab5e4,31
6567,4,outputs/oof_proposals/r258_center_basin_oof_full_20260714_222821/fold4_seed262_20260714_222828.pt,9821e0b9c5d79e99162742af91014d0be5263db6140f1259f9214de630cab5e4,28
6590,4,outputs/oof_proposals/r258_center_basin_oof_full_20260714_222821/fold4_seed262_20260714_222828.pt,9821e0b9c5d79e99162742af91014d0be5263db6140f1259f9214de630cab5e4,29
6717,4,outputs/oof_proposals/r258_center_basin_oof_full_20260714_222821/fold4_seed262_20260714_222828.pt,9821e0b9c5d79e99162742af91014d0be5263db6140f1259f9214de630cab5e4,27
6812,4,outputs/oof_proposals/r258_center_basin_oof_full_20260714_222821/fold4_seed262_20260714_222828.pt,9821e0b9c5d79e99162742af91014d0be5263db6140f1259f9214de630cab5e4,29
6909,4,outputs/oof_proposals/r258_center_basin_oof_full_20260714_222821/fold4_seed262_20260714_222828.pt,9821e0b9c5d79e99162742af91014d0be5263db6140f1259f9214de630cab5e4,28
7230,4,outputs/oof_proposals/r258_center_basin_oof_full_20260714_222821/fold4_seed262_20260714_222828.pt,9821e0b9c5d79e99162742af91014d0be5263db6140f1259f9214de630cab5e4,28
7939,4,outputs/oof_proposals/r258_center_basin_oof_full_20260714_222821/fold4_seed262_20260714_222828.pt,9821e0b9c5d79e99162742af91014d0be5263db6140f1259f9214de630cab5e4,27
8027,4,outputs/oof_proposals/r258_center_basin_oof_full_20260714_222821/fold4_seed262_20260714_222828.pt,9821e0b9c5d79e99162742af91014d0be5263db6140f1259f9214de630cab5e4,29
8311,4,outputs/oof_proposals/r258_center_basin_oof_full_20260714_222821/fold4_seed262_20260714_222828.pt,9821e0b9c5d79e99162742af91014d0be5263db6140f1259f9214de630cab5e4,28
8717,4,outputs/oof_proposals/r258_center_basin_oof_full_20260714_222821/fold4_seed262_20260714_222828.pt,9821e0b9c5d79e99162742af91014d0be5263db6140f1259f9214de630cab5e4,26
9237,4,outputs/oof_proposals/r258_center_basin_oof_full_20260714_222821/fold4_seed262_20260714_222828.pt,9821e0b9c5d79e99162742af91014d0be5263db6140f1259f9214de630cab5e4,28
9284,4,outputs/oof_proposals/r258_center_basin_oof_full_20260714_222821/fold4_seed262_20260714_222828.pt,9821e0b9c5d79e99162742af91014d0be5263db6140f1259f9214de630cab5e4,28
9439,4,outputs/oof_proposals/r258_center_basin_oof_full_20260714_222821/fold4_seed262_20260714_222828.pt,9821e0b9c5d79e99162742af91014d0be5263db6140f1259f9214de630cab5e4,28
9450,4,outputs/oof_proposals/r258_center_basin_oof_full_20260714_222821/fold4_seed262_20260714_222828.pt,9821e0b9c5d79e99162742af91014d0be5263db6140f1259f9214de630cab5e4,28
9566,4,outputs/oof_proposals/r258_center_basin_oof_full_20260714_222821/fold4_seed262_20260714_222828.pt,9821e0b9c5d79e99162742af91014d0be5263db6140f1259f9214de630cab5e4,27
