split,stem,positive,a,b,gap,relative_gap,pa,pb,psa,psb,rank_a,rank_b,fold_a,fold_b
train,10003,True,20,22,0.0,0.0,"[886.0814606741573, 1246.78125]","[856.685393258427, 1229.9895833333333]",50.732811636042086,52.10421585108953,25,26,1,1
train,10003,True,24,22,4.385164807134504,0.07276340269257413,"[802.0926966292135, 1255.1770833333333]","[856.685393258427, 1229.9895833333333]",72.11465196377088,52.10421585108953,18,26,1,1
train,10003,True,26,24,7.062257748298549,0.1069548096539839,"[739.1011235955056, 1242.5833333333333]","[802.0926966292135, 1255.1770833333333]",68.22043233255306,72.11465196377088,16,18,1,1
train,10003,True,25,23,7.0,0.16381273202031815,"[718.1039325842696, 1297.15625]","[776.8960674157304, 1330.7395833333333]",63.95234832127155,68.22043233255306,19,24,1,1
train,10003,True,27,23,9.04987562112089,0.18811092451333292,"[818.8904494382023, 1372.71875]","[776.8960674157304, 1330.7395833333333]",71.99231998092543,68.22043233255306,23,24,1,1
train,10003,True,24,23,11.083045973594572,0.19001679127883522,"[802.0926966292135, 1255.1770833333333]","[776.8960674157304, 1330.7395833333333]",72.11465196377088,68.22043233255306,18,24,1,1
train,10003,True,26,25,10.40175425099138,0.19713873868662765,"[739.1011235955056, 1242.5833333333333]","[718.1039325842696, 1297.15625]",68.22043233255306,63.95234832127155,16,19,1,1
train,10003,True,14,19,10.180339887498949,0.24346103253650583,"[911.2780898876405, 906.75]","[898.6797752808989, 952.9270833333334]",50.55877060291594,57.569363593250145,5,11,1,1
train,10003,True,24,21,18.697715603592208,0.3348769987083831,"[802.0926966292135, 1255.1770833333333]","[860.8848314606741, 1309.75]",72.11465196377088,53.60512413972735,18,21,1,1
train,10003,True,16,11,9.770329614269007,0.3547573669640184,"[629.9157303370787, 1036.8854166666667]","[604.7191011235955, 1011.6979166666666]",44.632552616258366,43.02364024677909,20,22,1,1
train,10003,True,18,13,14.0,0.35756661096715786,"[793.693820224719, 957.125]","[797.8932584269663, 906.75]",59.67441752719282,48.05605895410458,0,10,1,1
train,10003,True,12,17,15.15549442140351,0.46737499177425984,"[692.9073033707865, 940.3333333333334]","[701.3061797752808, 986.5104166666666]",43.63393513016928,53.93298728306528,8,13,1,1
train,10003,True,24,25,32.54101966249684,0.5090129580900169,"[802.0926966292135, 1255.1770833333333]","[718.1039325842696, 1297.15625]",72.11465196377088,63.95234832127155,18,19,1,1
train,10003,True,24,20,32.52610922848042,0.5451005510370708,"[802.0926966292135, 1255.1770833333333]","[886.0814606741573, 1246.78125]",72.11465196377088,50.732811636042086,18,25,1,1
train,10003,True,15,20,21.825424421026653,0.5591669169952682,"[940.6741573033707, 1225.7916666666667]","[886.0814606741573, 1246.78125]",62.276449452156804,50.732811636042086,17,25,1,1
train,10003,True,28,27,29.14962686336267,0.603821324145232,"[684.5084269662922, 1368.5208333333333]","[818.8904494382023, 1372.71875]",52.943307108228325,71.99231998092543,9,23,1,1
train,10003,True,24,27,45.389654018972806,0.671023287704451,"[802.0926966292135, 1255.1770833333333]","[818.8904494382023, 1372.71875]",72.11465196377088,71.99231998092543,18,23,1,1
train,10003,True,25,27,39.85339643163099,0.7276807832188211,"[718.1039325842696, 1297.15625]","[818.8904494382023, 1372.71875]",63.95234832127155,71.99231998092543,19,23,1,1
train,10003,True,21,27,33.17601498127012,0.7363362806795913,"[860.8848314606741, 1309.75]","[818.8904494382023, 1372.71875]",53.60512413972735,71.99231998092543,21,23,1,1
train,10003,True,26,23,34.0,0.7421175424954368,"[739.1011235955056, 1242.5833333333333]","[776.8960674157304, 1330.7395833333333]",68.22043233255306,68.22043233255306,16,24,1,1
train,10003,True,28,25,31.89376840679705,0.7431235480006364,"[684.5084269662922, 1368.5208333333333]","[718.1039325842696, 1297.15625]",52.943307108228325,63.95234832127155,9,19,1,1
train,10003,True,18,19,39.26164427839479,0.7832771343727126,"[793.693820224719, 957.125]","[898.6797752808989, 952.9270833333334]",59.67441752719282,57.569363593250145,0,11,1,1
train,10003,False,21,20,31.202484376209235,0.9793911002952389,"[860.8848314606741, 1309.75]","[886.0814606741573, 1246.78125]",53.60512413972735,50.732811636042086,21,25,1,1
train,10003,False,21,23,49.80354318352215,1.7017531270283581,"[860.8848314606741, 1309.75]","[776.8960674157304, 1330.7395833333333]",53.60512413972735,68.22043233255306,21,24,1,1
train,10003,False,15,22,41.190046219457976,1.0313639225756581,"[940.6741573033707, 1225.7916666666667]","[856.685393258427, 1229.9895833333333]",62.276449452156804,52.10421585108953,17,26,1,1
train,10003,False,21,22,37.47076812334269,1.1367834194784097,"[860.8848314606741, 1309.75]","[856.685393258427, 1229.9895833333333]",53.60512413972735,52.10421585108953,21,26,1,1
train,10003,False,28,23,49.774009099144415,1.4633086619388251,"[684.5084269662922, 1368.5208333333333]","[776.8960674157304, 1330.7395833333333]",52.943307108228325,68.22043233255306,9,24,1,1
train,10003,False,18,17,45.51881339845203,1.0345184863284553,"[793.693820224719, 957.125]","[701.3061797752808, 986.5104166666666]",59.67441752719282,53.93298728306528,0,13,1,1
train,10003,False,17,16,45.14108798023731,1.2517478204299746,"[701.3061797752808, 986.5104166666666]","[629.9157303370787, 1036.8854166666667]",53.93298728306528,44.632552616258366,13,20,1,1
train,10003,False,1,6,43.204072210600685,2.873892134046836,"[470.3370786516854, 885.7604166666666]","[499.7331460674157, 923.5416666666666]",27.850874874470428,22.217312289199278,15,27,1,1
train,10003,False,26,22,69.03570517957252,1.430503817549151,"[739.1011235955056, 1242.5833333333333]","[856.685393258427, 1229.9895833333333]",68.22043233255306,52.10421585108953,16,26,1,1
train,10003,False,18,12,45.238512086787566,1.1882264142866181,"[793.693820224719, 957.125]","[692.9073033707865, 940.3333333333334]",59.67441752719282,43.63393513016928,0,8,1,1
train,10003,False,15,21,84.60373823613078,2.573814049829226,"[940.6741573033707, 1225.7916666666667]","[860.8848314606741, 1309.75]",62.276449452156804,53.60512413972735,17,21,1,1
train,10003,False,17,11,59.8276253029822,1.8957108502895843,"[701.3061797752808, 986.5104166666666]","[604.7191011235955, 1011.6979166666666]",53.93298728306528,43.02364024677909,13,22,1,1
train,10003,False,13,19,46.12748667179272,1.1149909446689628,"[797.8932584269663, 906.75]","[898.6797752808989, 952.9270833333334]",48.05605895410458,57.569363593250145,10,11,1,1
train,10003,False,23,22,84.14693182963201,2.272581975989763,"[776.8960674157304, 1330.7395833333333]","[856.685393258427, 1229.9895833333333]",68.22043233255306,52.10421585108953,24,26,1,1
train,10003,False,15,24,89.47098982546837,1.4858273290404251,"[940.6741573033707, 1225.7916666666667]","[802.0926966292135, 1255.1770833333333]",62.276449452156804,72.11465196377088,17,18,1,1
train,10003,False,28,26,94.25754563287887,2.0495614371147592,"[684.5084269662922, 1368.5208333333333]","[739.1011235955056, 1242.5833333333333]",52.943307108228325,68.22043233255306,9,16,1,1
train,10003,False,26,27,80.05553651663777,1.399431176264889,"[739.1011235955056, 1242.5833333333333]","[818.8904494382023, 1372.71875]",68.22043233255306,71.99231998092543,16,23,1,1
train,10003,False,26,21,90.23595782365635,2.118366726634157,"[739.1011235955056, 1242.5833333333333]","[860.8848314606741, 1309.75]",68.22043233255306,53.60512413972735,16,21,1,1
train,10003,False,23,20,97.73702446397704,2.7112587784947118,"[776.8960674157304, 1330.7395833333333]","[886.0814606741573, 1246.78125]",68.22043233255306,50.732811636042086,24,25,1,1
train,10003,False,14,13,46.67598976424087,1.6831792401046508,"[911.2780898876405, 906.75]","[797.8932584269663, 906.75]",50.55877060291594,48.05605895410458,5,10,1,1
train,10003,False,27,20,92.77632963600144,1.8656283344709668,"[818.8904494382023, 1372.71875]","[886.0814606741573, 1246.78125]",71.99231998092543,50.732811636042086,23,25,1,1
train,10003,False,18,14,68.31810730249349,1.7241934854913576,"[793.693820224719, 957.125]","[911.2780898876405, 906.75]",59.67441752719282,50.55877060291594,0,5,1,1
train,10004,True,22,24,0.0,0.0,"[662.5, 1198.0208333333333]","[585.5645161290322, 1176.6276041666667]",81.36442263565405,86.6964216750034,19,25,0,0
train,10004,True,20,15,0.0,0.0,"[773.6290322580645, 1185.1848958333333]","[842.016129032258, 1180.90625]",71.81328872499853,48.945853905957485,24,26,0,0
train,10004,True,21,22,0.0,0.0,"[726.6129032258065, 1257.921875]","[662.5, 1198.0208333333333]",74.06975175468054,81.36442263565405,10,19,0,0
train,10004,True,25,23,0.0,0.0,"[538.5483870967741, 1236.5286458333333]","[615.483870967742, 1287.8723958333333]",69.74628499664576,73.94619912195172,14,20,0,0
train,10004,True,22,23,0.0,0.0,"[662.5, 1198.0208333333333]","[615.483870967742, 1287.8723958333333]",81.36442263565405,73.94619912195172,19,20,0,0
train,10004,True,23,26,0.0,0.0,"[615.483870967742, 1287.8723958333333]","[705.241935483871, 1334.9375]",73.94619912195172,69.74628499664576,20,21,0,0
train,10004,True,23,24,0.0,0.0,"[615.483870967742, 1287.8723958333333]","[585.5645161290322, 1176.6276041666667]",73.94619912195172,86.6964216750034,20,25,0,0
train,10004,True,21,26,6.0,0.07455285885407983,"[726.6129032258065, 1257.921875]","[705.241935483871, 1334.9375]",74.06975175468054,69.74628499664576,10,21,0,0
train,10004,True,25,24,6.0710678118654755,0.07518386263600334,"[538.5483870967741, 1236.5286458333333]","[585.5645161290322, 1176.6276041666667]",69.74628499664576,86.6964216750034,14,25,0,0
train,10004,True,22,20,8.0,0.08678749992022584,"[662.5, 1198.0208333333333]","[773.6290322580645, 1185.1848958333333]",81.36442263565405,71.81328872499853,19,24,0,0
train,10004,True,21,20,8.219544457292887,0.10774230351429293,"[726.6129032258065, 1257.921875]","[773.6290322580645, 1185.1848958333333]",74.06975175468054,71.81328872499853,10,24,0,0
train,10004,True,13,18,7.944271909999159,0.15429407051521143,"[683.8709677419355, 714.5338541666666]","[675.3225806451612, 770.15625]",41.240292418337674,49.31807108369778,0,7,0,0
train,10004,True,14,19,8.899494936611665,0.16229257322452129,"[833.4677419354839, 718.8125]","[816.3709677419355, 770.15625]",41.01797116305648,48.75867978285165,5,9,0,0
train,10004,True,21,23,14.652475842498529,0.1989624828212311,"[726.6129032258065, 1257.921875]","[615.483870967742, 1287.8723958333333]",74.06975175468054,73.94619912195172,10,20,0,0
train,10004,True,11,16,10.180339887498949,0.23672008606879907,"[431.69354838709677, 812.9427083333334]","[457.33870967741933, 855.7291666666666]",36.03374792584493,45.458958710944245,17,18,0,0
train,10004,True,12,17,12.0,0.24764650302389882,"[555.6451612903226, 748.7630208333334]","[559.9193548387096, 800.1067708333334]",36.78714817478155,44.441851052808325,2,4,0,0
train,10004,True,26,27,23.0,0.314302690314802,"[705.241935483871, 1334.9375]","[530.0, 1352.0520833333333]",69.74628499664576,55.75768351387398,21,22,0,0
train,10004,True,22,26,35.013886210738214,0.36596104746964253,"[662.5, 1198.0208333333333]","[705.241935483871, 1334.9375]",81.36442263565405,69.74628499664576,19,21,0,0
train,10004,True,23,27,35.24913792078372,0.5374505806309839,"[615.483870967742, 1287.8723958333333]","[530.0, 1352.0520833333333]",73.94619912195172,55.75768351387398,20,22,0,0
train,10004,True,25,22,48.47726750741192,0.5543427722255331,"[538.5483870967741, 1236.5286458333333]","[662.5, 1198.0208333333333]",69.74628499664576,81.36442263565405,14,19,0,0
train,10004,True,25,27,49.11985634456667,0.7917924249459969,"[538.5483870967741, 1236.5286458333333]","[530.0, 1352.0520833333333]",69.74628499664576,55.75768351387398,14,22,0,0
train,10004,False,24,0,-1.0,-1.0,"[585.5645161290322, 1176.6276041666667]","[508.6290322580645, 1103.890625]",86.6964216750034,52.89638308759872,25,28,0,0
train,10004,False,22,0,-1.0,-1.0,"[662.5, 1198.0208333333333]","[671.0483870967741, 1095.3333333333333]",81.36442263565405,51.84882622827637,19,27,0,0
train,10004,False,24,0,-1.0,-1.0,"[585.5645161290322, 1176.6276041666667]","[671.0483870967741, 1095.3333333333333]",86.6964216750034,51.84882622827637,25,27,0,0
train,10004,False,21,24,77.23042886243178,0.937107918975874,"[726.6129032258065, 1257.921875]","[585.5645161290322, 1176.6276041666667]",74.06975175468054,86.6964216750034,10,25,0,0
train,10004,False,20,0,-1.0,-1.0,"[773.6290322580645, 1185.1848958333333]","[671.0483870967741, 1095.3333333333333]",71.81328872499853,51.84882622827637,24,27,0,0
train,10004,False,25,0,-1.0,-1.0,"[538.5483870967741, 1236.5286458333333]","[508.6290322580645, 1103.890625]",69.74628499664576,52.89638308759872,14,28,0,0
train,10004,False,21,15,79.60397012554654,1.3012292692509464,"[726.6129032258065, 1257.921875]","[842.016129032258, 1180.90625]",74.06975175468054,48.945853905957485,10,26,0,0
train,10004,False,26,20,69.51950084905593,0.8276717576336603,"[705.241935483871, 1334.9375]","[773.6290322580645, 1185.1848958333333]",69.74628499664576,71.81328872499853,21,24,0,0
train,10004,False,20,24,94.1892851112981,1.0971544191719174,"[773.6290322580645, 1185.1848958333333]","[585.5645161290322, 1176.6276041666667]",71.81328872499853,86.6964216750034,24,25,0,0
train,10004,False,26,24,82.6301381082203,0.9222779958369537,"[705.241935483871, 1334.9375]","[585.5645161290322, 1176.6276041666667]",69.74628499664576,86.6964216750034,21,25,0,0
train,10004,False,17,18,53.74486277268398,0.90464953692532,"[559.9193548387096, 800.1067708333334]","[675.3225806451612, 770.15625]",44.441851052808325,49.31807108369778,4,7,0,0
train,10004,False,27,24,108.41663493271945,1.4398073755483212,"[530.0, 1352.0520833333333]","[585.5645161290322, 1176.6276041666667]",55.75768351387398,86.6964216750034,22,25,0,0
train,10004,False,23,20,116.00427342623003,1.4974215642305502,"[615.483870967742, 1287.8723958333333]","[773.6290322580645, 1185.1848958333333]",73.94619912195172,71.81328872499853,20,24,0,0
train,10004,False,17,16,46.70744176750625,0.8571255007775553,"[559.9193548387096, 800.1067708333334]","[457.33870967741933, 855.7291666666666]",44.441851052808325,45.458958710944245,4,18,0,0
train,10004,False,21,25,105.0,1.4893242466294674,"[726.6129032258065, 1257.921875]","[538.5483870967741, 1236.5286458333333]",74.06975175468054,69.74628499664576,10,14,0,0
train,10004,False,22,0,-1.0,-1.0,"[662.5, 1198.0208333333333]","[508.6290322580645, 1103.890625]",81.36442263565405,52.89638308759872,19,28,0,0
train,10004,False,12,18,48.040799340956916,0.9481018604593392,"[555.6451612903226, 748.7630208333334]","[675.3225806451612, 770.15625]",36.78714817478155,49.31807108369778,2,7,0,0
train,10004,False,21,0,-1.0,-1.0,"[726.6129032258065, 1257.921875]","[671.0483870967741, 1095.3333333333333]",74.06975175468054,51.84882622827637,10,27,0,0
train,10004,False,22,15,97.6154146165801,1.2183380325082227,"[662.5, 1198.0208333333333]","[842.016129032258, 1180.90625]",81.36442263565405,48.945853905957485,19,26,0,0
train,10004,False,25,26,71.94518489934754,0.9132997590911184,"[538.5483870967741, 1236.5286458333333]","[705.241935483871, 1334.9375]",69.74628499664576,69.74628499664576,14,21,0,0
train,10004,False,18,19,60.032778078668514,0.9470730425342797,"[675.3225806451612, 770.15625]","[816.3709677419355, 770.15625]",49.31807108369778,48.75867978285165,7,9,0,0
train,10015,True,20,22,6.280109889280518,0.08445861359435254,"[528.9513108614233, 929.0234375000001]","[455.9925093632959, 925.3802083333334]",82.57066368513998,73.907413499128,7,23,1,1
train,10015,True,20,21,8.848857801796104,0.14174056325897624,"[528.9513108614233, 929.0234375000001]","[503.4157303370787, 1009.1744791666667]",82.57066368513998,67.51715793743702,7,22,1,1
train,10015,True,24,21,9.198039027185569,0.16904904249655325,"[558.1348314606741, 1045.6067708333335]","[503.4157303370787, 1009.1744791666667]",78.95025083887857,67.51715793743702,19,22,1,1
train,10015,True,23,22,10.180339887498949,0.1852502515616189,"[441.40074906367045, 990.9583333333334]","[455.9925093632959, 925.3802083333334]",56.12305014839091,73.907413499128,18,23,1,1
train,10015,True,19,14,16.0,0.42105263157894735,"[561.7827715355805, 593.8463541666667]","[561.7827715355805, 542.8411458333334]",56.24132857283825,47.811384092222035,3,13,1,1
train,10015,True,12,17,16.08800749063506,0.45760738480007923,"[357.498127340824, 626.6354166666667]","[375.7378277153558, 673.9973958333334]",44.04975737908275,48.774587856465175,10,11,1,1
train,10015,True,11,16,14.811388300841896,0.46490342595674794,"[259.00374531835206, 692.2135416666667]","[291.8352059925094, 725.0026041666667]",41.2450730988725,43.135129941628186,14,21,1,1
train,10015,True,20,24,40.48493702538308,0.5336212003539639,"[528.9513108614233, 929.0234375000001]","[558.1348314606741, 1045.6067708333335]",82.57066368513998,78.95025083887857,7,19,1,1
train,10015,True,18,13,21.360679774997898,0.5357779093967472,"[455.9925093632959, 612.0625]","[448.69662921348316, 561.0572916666667]",56.711975510949685,45.82427855739649,2,4,1,1
train,10015,True,23,21,21.80350850198276,0.5851314500392333,"[441.40074906367045, 990.9583333333334]","[503.4157303370787, 1009.1744791666667]",56.12305014839091,67.51715793743702,18,22,1,1
train,10015,True,21,22,31.802438933713454,0.6082762897564925,"[503.4157303370787, 1009.1744791666667]","[455.9925093632959, 925.3802083333334]",67.51715793743702,73.907413499128,22,23,1,1
train,10015,True,20,23,45.486557196677836,0.7032135478523158,"[528.9513108614233, 929.0234375000001]","[441.40074906367045, 990.9583333333334]",82.57066368513998,56.12305014839091,7,18,1,1
train,10015,True,23,24,41.720018726587654,0.7321555357525158,"[441.40074906367045, 990.9583333333334]","[558.1348314606741, 1045.6067708333335]",56.12305014839091,78.95025083887857,18,19,1,1
train,10015,False,18,19,56.77542730261716,1.2439868127516207,"[455.9925093632959, 612.0625]","[561.7827715355805, 593.8463541666667]",56.711975510949685,56.24132857283825,2,3,1,1
train,10015,False,18,17,44.221676218380054,0.9552655477466626,"[455.9925093632959, 612.0625]","[375.7378277153558, 673.9973958333334]",56.711975510949685,48.774587856465175,2,11,1,1
train,10015,False,18,12,40.23105625617661,1.084556591251766,"[455.9925093632959, 612.0625]","[357.498127340824, 626.6354166666667]",56.711975510949685,44.04975737908275,2,10,1,1
train,10015,False,24,22,70.47027354082255,1.0399321805269133,"[558.1348314606741, 1045.6067708333335]","[455.9925093632959, 925.3802083333334]",78.95025083887857,73.907413499128,19,23,1,1
train,10015,False,17,16,56.30619512757761,1.384904269798551,"[375.7378277153558, 673.9973958333334]","[291.8352059925094, 725.0026041666667]",48.774587856465175,43.135129941628186,11,21,1,1
train,10015,False,21,0,-1.0,-1.0,"[503.4157303370787, 1009.1744791666667]","[423.1610486891386, 1096.6119791666667]",67.51715793743702,41.2450730988725,22,24,1,1
train,10015,False,23,0,-1.0,-1.0,"[441.40074906367045, 990.9583333333334]","[423.1610486891386, 1096.6119791666667]",56.12305014839091,41.2450730988725,18,24,1,1
train,10015,False,19,13,57.69412236331676,1.5477552853634648,"[561.7827715355805, 593.8463541666667]","[448.69662921348316, 561.0572916666667]",56.24132857283825,45.82427855739649,3,4,1,1
train,10015,False,20,15,78.20227269466452,1.2406028254369372,"[528.9513108614233, 929.0234375000001]","[652.9812734082398, 856.1588541666667]",82.57066368513998,45.24050594974888,7,20,1,1
train,10015,False,24,0,-1.0,-1.0,"[558.1348314606741, 1045.6067708333335]","[423.1610486891386, 1096.6119791666667]",78.95025083887857,41.2450730988725,19,24,1,1
train,10015,False,18,14,68.20260110718382,1.6820931082821882,"[455.9925093632959, 612.0625]","[561.7827715355805, 542.8411458333334]",56.711975510949685,47.811384092222035,2,13,1,1
train,10015,False,13,14,43.04543109109048,1.3962108253877157,"[448.69662921348316, 561.0572916666667]","[561.7827715355805, 542.8411458333334]",45.82427855739649,47.811384092222035,4,13,1,1
train,10015,False,13,12,53.405882034941776,2.044267688517135,"[448.69662921348316, 561.0572916666667]","[357.498127340824, 626.6354166666667]",45.82427855739649,44.04975737908275,4,10,1,1
train,10043,True,26,24,10.0,0.15655607277128739,"[412.0362903225806, 858.3177083333334]","[477.5, 869.8645833333334]",69.61796536319116,75.54014514856229,2,7,2,2
train,10043,True,27,23,9.770329614269007,0.2169310455349018,"[516.008064516129, 973.7864583333334]","[450.54435483870964, 942.9947916666667]",72.23019410786749,58.38635563089657,14,17,2,2
train,10043,True,24,23,14.524174696260024,0.2551243718499705,"[477.5, 869.8645833333334]","[450.54435483870964, 942.9947916666667]",75.54014514856229,58.38635563089657,7,17,2,2
train,10043,True,14,19,10.180339887498949,0.28898572277078366,"[585.3225806451612, 508.0625]","[569.9193548387096, 546.5520833333334]",46.35872161080848,51.79486884180762,8,13,2,2
train,10043,True,23,25,11.083045973594572,0.29196254745031697,"[450.54435483870964, 942.9947916666667]","[396.633064516129, 916.0520833333334]",58.38635563089657,59.76624509921473,17,19,2,2
train,10043,True,12,17,9.770329614269007,0.3016626010191418,"[354.2741935483871, 561.9479166666666]","[373.5282258064516, 608.1354166666667]",29.065973821177696,46.835839376853365,6,11,2,2
train,10043,True,26,25,14.556349186104045,0.304849187352916,"[412.0362903225806, 858.3177083333334]","[396.633064516129, 916.0520833333334]",69.61796536319116,59.76624509921473,2,19,2,2
train,10043,True,24,20,24.0,0.4204384042182623,"[477.5, 869.8645833333334]","[542.9637096774194, 842.921875]",75.54014514856229,58.63965988152989,7,24,2,2
train,10043,True,13,18,16.0,0.47201953021210213,"[462.09677419354836, 504.2135416666667]","[458.2459677419355, 550.4010416666666]",35.07409681381842,39.449554194044715,10,12,2,2
train,10043,True,11,16,13.866068747318506,0.5023146718289215,"[269.55645161290323, 635.078125]","[296.51209677419354, 662.0208333333334]",30.55749328176843,30.55749328176843,4,20,2,2
train,10043,True,24,25,30.78049716414141,0.5203597052299618,"[477.5, 869.8645833333334]","[396.633064516129, 916.0520833333334]",75.54014514856229,59.76624509921473,7,19,2,2
train,10043,True,15,20,20.540659228538015,0.6667780144004464,"[600.7258064516129, 827.5260416666667]","[542.9637096774194, 842.921875]",41.28538799537632,58.63965988152989,21,24,2,2
train,10043,True,24,27,44.27692569068709,0.6926306517740746,"[477.5, 869.8645833333334]","[516.008064516129, 973.7864583333334]",75.54014514856229,72.23019410786749,7,14,2,2
train,10043,False,26,23,37.01315561749642,0.8231245171325849,"[412.0362903225806, 858.3177083333334]","[450.54435483870964, 942.9947916666667]",69.61796536319116,58.38635563089657,2,17,2,2
train,10043,False,27,25,57.309518948453004,1.1985086151330078,"[516.008064516129, 973.7864583333334]","[396.633064516129, 916.0520833333334]",72.23019410786749,59.76624509921473,14,19,2,2
train,10043,False,27,20,82.0,1.8128465219700658,"[516.008064516129, 973.7864583333334]","[542.9637096774194, 842.921875]",72.23019410786749,58.63965988152989,14,24,2,2
train,10043,False,26,20,95.0260381354974,2.1041697269069757,"[412.0362903225806, 858.3177083333334]","[542.9637096774194, 842.921875]",69.61796536319116,58.63965988152989,2,24,2,2
train,10043,False,26,27,84.492689745966,1.5778562062732466,"[412.0362903225806, 858.3177083333334]","[516.008064516129, 973.7864583333334]",69.61796536319116,72.23019410786749,2,14,2,2
train,10043,False,24,15,84.70297544426332,1.5491711037144567,"[477.5, 869.8645833333334]","[600.7258064516129, 827.5260416666667]",75.54014514856229,41.28538799537632,7,21,2,2
train,10043,False,23,20,101.06860437960343,2.916991653954203,"[450.54435483870964, 942.9947916666667]","[542.9637096774194, 842.921875]",58.38635563089657,58.63965988152989,17,24,2,2
train,10043,False,17,18,52.009433122794285,1.2870310598516688,"[373.5282258064516, 608.1354166666667]","[458.2459677419355, 550.4010416666666]",46.835839376853365,39.449554194044715,11,12,2,2
train,10043,False,17,16,48.57822102496216,1.328792367796925,"[373.5282258064516, 608.1354166666667]","[296.51209677419354, 662.0208333333334]",46.835839376853365,30.55749328176843,11,20,2,2
train,10043,False,18,19,65.09841147864296,1.566704532210768,"[458.2459677419355, 550.4010416666666]","[569.9193548387096, 546.5520833333334]",39.449554194044715,51.79486884180762,12,13,2,2
train,10043,False,13,19,66.06713054842886,1.889561410013223,"[462.09677419354836, 504.2135416666667]","[569.9193548387096, 546.5520833333334]",35.07409681381842,51.79486884180762,10,13,2,2
train,10043,False,11,17,63.32728814430156,1.9651135048304507,"[269.55645161290323, 635.078125]","[373.5282258064516, 608.1354166666667]",30.55749328176843,46.835839376853365,4,11,2,2
train,10043,False,25,20,124.19584657647394,3.2520248492366766,"[396.633064516129, 916.0520833333334]","[542.9637096774194, 842.921875]",59.76624509921473,58.63965988152989,19,24,2,2
train,10055,True,20,15,0.0,0.0,"[923.1780821917808, 1170.2083333333333]","[995.8356164383562, 1153.125]",91.13346377252476,67.82228994732212,25,26,0,0
train,10055,True,25,24,4.0,0.04901798830688895,"[683.8356164383562, 1234.2708333333333]","[722.3013698630137, 1174.4791666666665]",83.2844605545537,92.72196618762261,11,20,0,0
train,10055,True,22,24,7.0,0.0704220362896617,"[807.7808219178082, 1200.1041666666665]","[722.3013698630137, 1174.4791666666665]",87.66237380325677,92.72196618762261,14,20,0,0
train,10055,True,21,20,7.062257748298549,0.08757295238076344,"[880.4383561643835, 1272.7083333333333]","[923.1780821917808, 1170.2083333333333]",77.96403280333121,91.13346377252476,2,25,0,0
train,10055,True,21,26,8.486832980505138,0.08776639056169619,"[880.4383561643835, 1272.7083333333333]","[859.068493150685, 1358.125]",77.96403280333121,82.8449616526731,2,15,0,0
train,10055,True,26,23,8.0,0.08832637273037426,"[859.068493150685, 1358.125]","[765.0410958904109, 1298.3333333333333]",82.8449616526731,87.66237380325677,15,18,0,0
train,10055,True,22,23,8.848857801796104,0.09712590740173321,"[807.7808219178082, 1200.1041666666665]","[765.0410958904109, 1298.3333333333333]",87.66237380325677,87.66237380325677,14,18,0,0
train,10055,True,21,22,10.180339887498949,0.10473789169446987,"[880.4383561643835, 1272.7083333333333]","[807.7808219178082, 1200.1041666666665]",77.96403280333121,87.66237380325677,2,14,0,0
train,10055,True,26,27,9.770329614269007,0.10778029279338955,"[859.068493150685, 1358.125]","[653.917808219178, 1353.8541666666665]",82.8449616526731,73.00684899377592,15,23,0,0
train,10055,True,11,16,7.4852813742385695,0.13671889334325787,"[517.1506849315068, 875.5208333333333]","[547.068493150685, 922.5]",40.30576626886713,46.21310079329786,17,19,0,0
train,10055,True,18,13,9.198039027185569,0.14125776147120506,"[786.4109589041096, 794.375]","[786.4109589041096, 726.0416666666666]",51.976021868887464,47.76691409534199,7,8,0,0
train,10055,True,25,23,14.620499351813308,0.2051507454800315,"[683.8356164383562, 1234.2708333333333]","[765.0410958904109, 1298.3333333333333]",83.2844605545537,87.66237380325677,11,18,0,0
train,10055,True,21,23,17.027756377319946,0.22833946564452107,"[880.4383561643835, 1272.7083333333333]","[765.0410958904109, 1298.3333333333333]",77.96403280333121,87.66237380325677,2,18,0,0
train,10055,True,14,19,13.866068747318506,0.22902702785008694,"[961.6438356164383, 730.3125]","[940.2739726027397, 794.375]",46.410172479630376,42.72402679703102,10,22,0,0
train,10055,True,22,20,34.0,0.3536490050014347,"[807.7808219178082, 1200.1041666666665]","[923.1780821917808, 1170.2083333333333]",87.66237380325677,91.13346377252476,14,25,0,0
train,10055,True,12,17,19.808652046684813,0.3684732814428237,"[641.0958904109589, 781.5625]","[653.917808219178, 837.0833333333333]",43.14915196233285,42.72402679703102,3,5,0,0
train,10055,True,23,24,29.066592756745816,0.37543586381110017,"[765.0410958904109, 1298.3333333333333]","[722.3013698630137, 1174.4791666666665]",87.66237380325677,92.72196618762261,18,20,0,0
train,10055,True,25,22,44.0,0.4646922388049238,"[683.8356164383562, 1234.2708333333333]","[807.7808219178082, 1200.1041666666665]",83.2844605545537,87.66237380325677,11,14,0,0
train,10055,True,23,27,35.40054944640259,0.5319933414394034,"[765.0410958904109, 1298.3333333333333]","[653.917808219178, 1353.8541666666665]",87.66237380325677,73.00684899377592,18,23,0,0
train,10055,True,22,26,65.91038783328041,0.5994330947636156,"[807.7808219178082, 1200.1041666666665]","[859.068493150685, 1358.125]",87.66237380325677,82.8449616526731,14,15,0,0
train,10055,True,25,27,48.09175083453431,0.673881835721807,"[683.8356164383562, 1234.2708333333333]","[653.917808219178, 1353.8541666666665]",83.2844605545537,73.00684899377592,11,23,0,0
train,10055,True,17,18,49.92150822589606,0.6981175688472242,"[653.917808219178, 837.0833333333333]","[786.4109589041096, 794.375]",42.72402679703102,51.976021868887464,5,7,0,0
train,10055,True,17,16,48.92995093127971,0.7518792038768835,"[653.917808219178, 837.0833333333333]","[547.068493150685, 922.5]",42.72402679703102,46.21310079329786,5,19,0,0
train,10055,True,25,26,71.00694410957877,0.7540076243134334,"[683.8356164383562, 1234.2708333333333]","[859.068493150685, 1358.125]",83.2844605545537,82.8449616526731,11,15,0,0
train,10055,False,24,0,-1.0,-1.0,"[722.3013698630137, 1174.4791666666665]","[632.5479452054794, 1101.875]",92.72196618762261,86.1924813172033,20,29,0,0
train,10055,False,0,0,-1.0,-1.0,"[722.3013698630137, 1054.8958333333333]","[632.5479452054794, 1101.875]",61.022115910028774,86.1924813172033,27,29,0,0
train,10055,False,0,0,-1.0,-1.0,"[722.3013698630137, 1054.8958333333333]","[807.7808219178082, 1076.25]",61.022115910028774,64.08604019554653,27,28,0,0
train,10055,False,24,0,-1.0,-1.0,"[722.3013698630137, 1174.4791666666665]","[722.3013698630137, 1054.8958333333333]",92.72196618762261,61.022115910028774,20,27,0,0
train,10055,False,22,0,-1.0,-1.0,"[807.7808219178082, 1200.1041666666665]","[807.7808219178082, 1076.25]",87.66237380325677,64.08604019554653,14,28,0,0
train,10055,False,25,0,-1.0,-1.0,"[683.8356164383562, 1234.2708333333333]","[632.5479452054794, 1101.875]",83.2844605545537,86.1924813172033,11,29,0,0
train,10055,False,24,0,-1.0,-1.0,"[722.3013698630137, 1174.4791666666665]","[807.7808219178082, 1076.25]",92.72196618762261,64.08604019554653,20,28,0,0
train,10055,False,16,0,-1.0,-1.0,"[547.068493150685, 922.5]","[576.986301369863, 1003.6458333333333]",46.21310079329786,50.37088471922307,19,30,0,0
train,10055,False,26,24,101.0,1.0211140434409227,"[859.068493150685, 1358.125]","[722.3013698630137, 1174.4791666666665]",82.8449616526731,92.72196618762261,15,20,0,0
train,10055,False,0,0,-1.0,-1.0,"[632.5479452054794, 1101.875]","[576.986301369863, 1003.6458333333333]",86.1924813172033,50.37088471922307,29,30,0,0
train,10055,False,20,0,-1.0,-1.0,"[923.1780821917808, 1170.2083333333333]","[807.7808219178082, 1076.25]",91.13346377252476,64.08604019554653,25,28,0,0
train,10055,False,21,24,101.6498904042279,1.2028941095495072,"[880.4383561643835, 1272.7083333333333]","[722.3013698630137, 1174.4791666666665]",77.96403280333121,92.72196618762261,2,20,0,0
train,10055,False,24,20,126.01574705523721,1.5130546796049065,"[722.3013698630137, 1174.4791666666665]","[923.1780821917808, 1170.2083333333333]",92.72196618762261,91.13346377252476,20,25,0,0
train,10055,False,21,15,84.63293758829018,1.1831857382176105,"[880.4383561643835, 1272.7083333333333]","[995.8356164383562, 1153.125]",77.96403280333121,67.82228994732212,2,26,0,0
train,10055,False,23,20,118.09659944767525,1.6136035393404606,"[765.0410958904109, 1298.3333333333333]","[923.1780821917808, 1170.2083333333333]",87.66237380325677,91.13346377252476,18,25,0,0
train,10055,False,26,20,94.42536350467836,0.9873544022347598,"[859.068493150685, 1358.125]","[923.1780821917808, 1170.2083333333333]",82.8449616526731,91.13346377252476,15,25,0,0
train,10055,False,22,0,-1.0,-1.0,"[807.7808219178082, 1200.1041666666665]","[722.3013698630137, 1054.8958333333333]",87.66237380325677,61.022115910028774,14,27,0,0
train,10055,False,22,0,-1.0,-1.0,"[807.7808219178082, 1200.1041666666665]","[632.5479452054794, 1101.875]",87.66237380325677,86.1924813172033,14,29,0,0
train,10055,False,24,27,123.78781991845197,1.5970295516495805,"[722.3013698630137, 1174.4791666666665]","[653.917808219178, 1353.8541666666665]",92.72196618762261,73.00684899377592,20,23,0,0
train,10055,False,0,0,-1.0,-1.0,"[807.7808219178082, 1076.25]","[632.5479452054794, 1101.875]",64.08604019554653,86.1924813172033,28,29,0,0
train,10055,False,22,15,108.22453936730518,1.221026272445525,"[807.7808219178082, 1200.1041666666665]","[995.8356164383562, 1153.125]",87.66237380325677,67.82228994732212,14,26,0,0
train,10055,False,21,0,-1.0,-1.0,"[880.4383561643835, 1272.7083333333333]","[807.7808219178082, 1076.25]",77.96403280333121,64.08604019554653,2,28,0,0
train,10055,False,15,0,-1.0,-1.0,"[995.8356164383562, 1153.125]","[807.7808219178082, 1076.25]",67.82228994732212,64.08604019554653,26,28,0,0
train,10055,False,21,25,111.25862995778988,1.4100325866062196,"[880.4383561643835, 1272.7083333333333]","[683.8356164383562, 1234.2708333333333]",77.96403280333121,83.2844605545537,2,11,0,0
train,10066,True,22,23,5.4031242374328485,0.08297782086755413,"[501.8248175182482, 973.0416666666666]","[465.6934306569343, 1057.4791666666667]",78.11330204391811,51.13715991417192,14,22,0,0
train,10066,True,22,21,7.062257748298549,0.11431702937619738,"[501.8248175182482, 973.0416666666666]","[554.014598540146, 936.8541666666666]",78.11330204391811,59.45674837230253,14,26,0,0
train,10066,True,22,24,11.083045973594572,0.15473923739388754,"[501.8248175182482, 973.0416666666666]","[421.5328467153285, 965.0]",78.11330204391811,83.7960843901676,14,18,0,0
train,10066,True,24,25,12.45362404707371,0.22376393642232228,"[421.5328467153285, 965.0]","[397.44525547445255, 1033.3541666666667]",83.7960843901676,64.15775920099946,18,20,0,0
train,10066,True,19,14,13.142135623730951,0.2785501294951255,"[614.2335766423358, 599.1041666666666]","[630.2919708029198, 542.8125]",45.808995971557174,35.93553297800974,6,11,0,0
train,10066,True,23,26,17.35755975068582,0.28869184636441836,"[465.6934306569343, 1057.4791666666667]","[521.8978102189781, 1109.75]",51.13715991417192,63.65257213320409,22,23,0,0
train,10066,True,16,11,11.206555615733702,0.3134777521146266,"[285.036496350365, 719.7291666666666]","[264.963503649635, 671.4791666666666]",39.77334659991149,34.79443019022979,17,19,0,0
train,10066,True,18,13,17.35755975068582,0.3651998188689529,"[485.7664233576642, 607.1458333333334]","[497.8102189781022, 550.8541666666666]",45.98484689060421,36.6031231632512,2,12,0,0
train,10066,True,17,12,17.110770276274835,0.42597594570595276,"[389.4160583941606, 655.3958333333334]","[377.37226277372264, 599.1041666666666]",42.70889338544428,32.88641237990869,4,9,0,0
train,10066,True,25,23,26.294688127912362,0.5596514947541911,"[397.44525547445255, 1033.3541666666667]","[465.6934306569343, 1057.4791666666667]",64.15775920099946,51.13715991417192,20,22,0,0
train,10066,True,24,23,32.54101966249684,0.6061556659975146,"[421.5328467153285, 965.0]","[465.6934306569343, 1057.4791666666667]",83.7960843901676,51.13715991417192,18,22,0,0
train,10066,True,22,26,56.0701322935211,0.7322706602565636,"[501.8248175182482, 973.0416666666666]","[521.8978102189781, 1109.75]",78.11330204391811,63.65257213320409,14,23,0,0
train,10066,False,22,25,56.245087125446844,0.8426289380679174,"[501.8248175182482, 973.0416666666666]","[397.44525547445255, 1033.3541666666667]",78.11330204391811,64.15775920099946,14,20,0,0
train,10066,False,24,0,-1.0,-1.0,"[421.5328467153285, 965.0]","[349.27007299270076, 868.5]",83.7960843901676,49.37050512356257,18,25,0,0
train,10066,False,24,21,93.36630754670864,1.8830206267762952,"[421.5328467153285, 965.0]","[554.014598540146, 936.8541666666666]",83.7960843901676,59.45674837230253,18,26,0,0
train,10066,False,27,25,54.46169849544819,1.4389439124762398,"[369.3430656934307, 1121.8125]","[397.44525547445255, 1033.3541666666667]",35.025624960776135,64.15775920099946,15,20,0,0
train,10066,False,15,21,48.040799340956916,1.3528594562704472,"[650.3649635036496, 904.6875]","[554.014598540146, 936.8541666666666]",39.77334659991149,59.45674837230253,24,26,0,0
train,10066,False,25,26,60.61980201201558,0.979460170610735,"[397.44525547445255, 1033.3541666666667]","[521.8978102189781, 1109.75]",64.15775920099946,63.65257213320409,20,23,0,0
train,10066,False,24,26,89.07774419910837,1.3271555048240795,"[421.5328467153285, 965.0]","[521.8978102189781, 1109.75]",83.7960843901676,63.65257213320409,18,23,0,0
train,10066,False,18,17,46.853944456021594,0.9075212749082875,"[485.7664233576642, 607.1458333333334]","[389.4160583941606, 655.3958333333334]",45.98484689060421,42.70889338544428,2,4,0,0
train,10066,False,27,23,76.6659513557904,2.1976434860489897,"[369.3430656934307, 1121.8125]","[465.6934306569343, 1057.4791666666667]",35.025624960776135,51.13715991417192,15,22,0,0
train,10066,False,23,21,97.60020283954795,2.4643844440596085,"[465.6934306569343, 1057.4791666666667]","[554.014598540146, 936.8541666666666]",51.13715991417192,59.45674837230253,22,26,0,0
train,10066,False,27,24,116.78370006074695,2.5441924710593753,"[369.3430656934307, 1121.8125]","[421.5328467153285, 965.0]",35.025624960776135,83.7960843901676,15,18,0,0
train,10066,False,18,12,42.0,0.918705142445595,"[485.7664233576642, 607.1458333333334]","[377.37226277372264, 599.1041666666666]",45.98484689060421,32.88641237990869,2,9,0,0
train,10144,True,20,22,0.0,0.0,"[907.4545454545454, 1238.265625]","[864.2424242424242, 1219.0677083333335]",73.43219704687661,68.89888658513398,22,27,1,1
train,10144,True,23,25,0.0,0.0,"[792.2222222222222, 1252.6640625]","[705.7979797979798, 1247.8645833333335]",95.64754929514518,91.83730616624192,9,24,1,1
train,10144,True,24,27,0.0,0.0,"[763.4141414141413, 1367.8515625]","[845.037037037037, 1411.046875]",94.5571679496704,91.08143071011797,17,26,1,1
train,10144,True,21,27,0.0,0.0,"[864.2424242424242, 1319.8567708333335]","[845.037037037037, 1411.046875]",91.46014931125488,91.08143071011797,12,26,1,1
train,10144,True,23,21,0.0,0.0,"[792.2222222222222, 1252.6640625]","[864.2424242424242, 1319.8567708333335]",95.64754929514518,91.46014931125488,9,12,1,1
train,10144,True,23,24,0.0,0.0,"[792.2222222222222, 1252.6640625]","[763.4141414141413, 1367.8515625]",95.64754929514518,94.5571679496704,9,17,1,1
train,10144,True,16,11,2.605551275463989,0.05693919010786381,"[547.3535353535353, 955.0963541666667]","[513.7441077441077, 921.5]",60.910411221283866,53.022293436729846,8,19,1,1
train,10144,True,21,22,4.0,0.06319817233528371,"[864.2424242424242, 1319.8567708333335]","[864.2424242424242, 1219.0677083333335]",91.46014931125488,68.89888658513398,12,27,1,1
train,10144,True,23,22,6.615773105863909,0.07795680718326208,"[792.2222222222222, 1252.6640625]","[864.2424242424242, 1219.0677083333335]",95.64754929514518,68.89888658513398,9,27,1,1
train,10144,True,21,24,6.615773105863909,0.1039375990993936,"[864.2424242424242, 1319.8567708333335]","[763.4141414141413, 1367.8515625]",91.46014931125488,94.5571679496704,12,17,1,1
train,10144,True,26,25,8.433981132056603,0.1068877824177196,"[681.7912457912457, 1324.65625]","[705.7979797979798, 1247.8645833333335]",83.28405097884402,91.83730616624192,15,24,1,1
train,10144,True,15,20,9.770329614269007,0.17260881130147507,"[979.4747474747475, 1209.46875]","[907.4545454545454, 1238.265625]",74.21258237560758,73.43219704687661,21,22,1,1
train,10144,True,23,27,20.02379604162864,0.1839563257219336,"[792.2222222222222, 1252.6640625]","[845.037037037037, 1411.046875]",95.64754929514518,91.08143071011797,9,26,1,1
train,10144,True,26,24,12.341664064126334,0.18991671085437578,"[681.7912457912457, 1324.65625]","[763.4141414141413, 1367.8515625]",83.28405097884402,94.5571679496704,15,17,1,1
train,10144,True,28,27,18.924858845171276,0.2130629366716842,"[681.7912457912457, 1439.84375]","[845.037037037037, 1411.046875]",78.1450602752758,91.08143071011797,23,26,1,1
train,10144,True,24,25,17.0,0.22815195401538307,"[763.4141414141413, 1367.8515625]","[705.7979797979798, 1247.8645833333335]",94.5571679496704,91.83730616624192,17,24,1,1
train,10144,True,13,18,15.492422502470642,0.273209046369646,"[768.2154882154882, 777.515625]","[758.6127946127946, 835.109375]",61.66242008651563,73.11771081784018,4,13,1,1
train,10144,True,14,19,15.763054614240211,0.28655363266313466,"[926.6599326599327, 767.9166666666667]","[907.4545454545454, 820.7109375]",65.29267439633668,73.58893617301665,16,18,1,1
train,10144,True,17,12,14.297058540778355,0.28916896106239975,"[648.1818181818181, 883.1041666666667]","[633.7777777777777, 830.3098958333334]",69.89506675253404,57.804625870476954,1,2,1,1
train,10144,True,21,20,21.67156809750927,0.3379588190544786,"[864.2424242424242, 1319.8567708333335]","[907.4545454545454, 1238.265625]",91.46014931125488,73.43219704687661,12,22,1,1
train,10144,True,17,18,30.622776601683793,0.4707298476915511,"[648.1818181818181, 883.1041666666667]","[758.6127946127946, 835.109375]",69.89506675253404,73.11771081784018,1,13,1,1
train,10144,True,26,27,50.884487084291386,0.5416922865420164,"[681.7912457912457, 1324.65625]","[845.037037037037, 1411.046875]",83.28405097884402,91.08143071011797,15,26,1,1
train,10144,True,23,26,48.658836071740545,0.5467112403398113,"[792.2222222222222, 1252.6640625]","[681.7912457912457, 1324.65625]",95.64754929514518,83.28405097884402,9,15,1,1
train,10144,True,12,18,35.05551275463989,0.6231660340433963,"[633.7777777777777, 830.3098958333334]","[758.6127946127946, 835.109375]",57.804625870476954,73.11771081784018,2,13,1,1
train,10144,True,20,27,62.06346010171025,0.6849378742465926,"[907.4545454545454, 1238.265625]","[845.037037037037, 1411.046875]",73.43219704687661,91.08143071011797,22,26,1,1
train,10144,True,25,27,70.02816342831905,0.6949851796940864,"[705.7979797979798, 1247.8645833333335]","[845.037037037037, 1411.046875]",91.83730616624192,91.08143071011797,24,26,1,1
train,10144,True,23,20,62.0,0.725257819888383,"[792.2222222222222, 1252.6640625]","[907.4545454545454, 1238.265625]",95.64754929514518,73.43219704687661,9,22,1,1
train,10144,True,24,28,41.638011210655684,0.726091001730629,"[763.4141414141413, 1367.8515625]","[681.7912457912457, 1439.84375]",94.5571679496704,78.1450602752758,17,23,1,1
train,10144,True,26,28,46.75981574503821,0.7428278084026326,"[681.7912457912457, 1324.65625]","[681.7912457912457, 1439.84375]",83.28405097884402,78.1450602752758,15,23,1,1
train,10144,False,15,22,53.230987451824994,0.9563653125613041,"[979.4747474747475, 1209.46875]","[864.2424242424242, 1219.0677083333335]",74.21258237560758,68.89888658513398,21,27,1,1
train,10144,False,17,16,52.600373133029585,0.9360890074370484,"[648.1818181818181, 883.1041666666667]","[547.3535353535353, 955.0963541666667]",69.89506675253404,60.910411221283866,1,8,1,1
train,10144,False,21,25,81.28000972289685,1.0445869721801344,"[864.2424242424242, 1319.8567708333335]","[705.7979797979798, 1247.8645833333335]",91.46014931125488,91.83730616624192,12,24,1,1
train,10144,False,21,15,93.40338976964757,1.5468717410764348,"[864.2424242424242, 1319.8567708333335]","[979.4747474747475, 1209.46875]",91.46014931125488,74.21258237560758,12,21,1,1
train,10144,False,25,22,86.55569655939013,1.1664277250909856,"[705.7979797979798, 1247.8645833333335]","[864.2424242424242, 1219.0677083333335]",91.83730616624192,68.89888658513398,24,27,1,1
train,10144,False,18,19,56.0087712549569,0.825849163892751,"[758.6127946127946, 835.109375]","[907.4545454545454, 820.7109375]",73.11771081784018,73.58893617301665,13,18,1,1
train,10144,False,21,26,100.01980003939822,1.4549970011630766,"[864.2424242424242, 1319.8567708333335]","[681.7912457912457, 1324.65625]",91.46014931125488,83.28405097884402,12,15,1,1
train,10144,False,13,19,55.60388679233962,1.0391888455228968,"[768.2154882154882, 777.515625]","[907.4545454545454, 820.7109375]",61.66242008651563,73.58893617301665,4,18,1,1
train,10144,False,24,22,100.01980003939822,1.6897985030755858,"[763.4141414141413, 1367.8515625]","[864.2424242424242, 1219.0677083333335]",94.5571679496704,68.89888658513398,17,27,1,1
train,10144,False,23,15,128.0658746532173,1.548252838964182,"[792.2222222222222, 1252.6640625]","[979.4747474747475, 1209.46875]",95.64754929514518,74.21258237560758,9,21,1,1
train,10144,False,17,11,67.24954212300622,1.3590620250049266,"[648.1818181818181, 883.1041666666667]","[513.7441077441077, 921.5]",69.89506675253404,53.022293436729846,1,19,1,1
train,10144,False,28,25,107.17116066678771,1.4732909934714506,"[681.7912457912457, 1439.84375]","[705.7979797979798, 1247.8645833333335]",78.1450602752758,91.83730616624192,23,24,1,1
train,10144,False,24,20,116.79643458101778,1.9440438751227458,"[763.4141414141413, 1367.8515625]","[907.4545454545454, 1238.265625]",94.5571679496704,73.43219704687661,17,22,1,1
train,10144,False,27,22,88.94442728707543,0.9879970087938683,"[845.037037037037, 1411.046875]","[864.2424242424242, 1219.0677083333335]",91.08143071011797,68.89888658513398,26,27,1,1
train,10144,False,12,13,57.25804665451803,1.515208592080536,"[633.7777777777777, 830.3098958333334]","[768.2154882154882, 777.515625]",57.804625870476954,61.66242008651563,2,4,1,1
train,10144,False,17,13,89.27181176868004,1.787045300549554,"[648.1818181818181, 883.1041666666667]","[768.2154882154882, 777.515625]",69.89506675253404,61.66242008651563,1,4,1,1
train,10144,False,20,25,139.24621207005913,1.8586825123370811,"[907.4545454545454, 1238.265625]","[705.7979797979798, 1247.8645833333335]",73.43219704687661,91.83730616624192,22,24,1,1
train,10144,False,23,28,115.03878661895772,1.376255034490419,"[792.2222222222222, 1252.6640625]","[681.7912457912457, 1439.84375]",95.64754929514518,78.1450602752758,9,23,1,1
train,10144,False,13,14,69.00714249274856,1.7029718444331652,"[768.2154882154882, 777.515625]","[926.6599326599327, 767.9166666666667]",61.66242008651563,65.29267439633668,4,16,1,1
train,10144,False,12,16,83.09518416651456,1.8176184049104929,"[633.7777777777777, 830.3098958333334]","[547.3535353535353, 955.0963541666667]",57.804625870476954,60.910411221283866,2,8,1,1
train,10144,False,21,28,127.42507543311004,2.0695599299486624,"[864.2424242424242, 1319.8567708333335]","[681.7912457912457, 1439.84375]",91.46014931125488,78.1450602752758,12,23,1,1
train,10144,False,18,14,103.04326023342406,1.7727913722513515,"[758.6127946127946, 835.109375]","[926.6599326599327, 767.9166666666667]",73.11771081784018,65.29267439633668,13,16,1,1
train,10144,False,12,11,73.02702209328699,1.965109485559061,"[633.7777777777777, 830.3098958333334]","[513.7441077441077, 921.5]",57.804625870476954,53.022293436729846,2,19,1,1
train,10144,False,26,22,149.86417732516887,2.3186735330370727,"[681.7912457912457, 1324.65625]","[864.2424242424242, 1219.0677083333335]",83.28405097884402,68.89888658513398,15,27,1,1
train,10144,False,15,27,120.26417442921878,1.3665942286581405,"[979.4747474747475, 1209.46875]","[845.037037037037, 1411.046875]",74.21258237560758,91.08143071011797,21,26,1,1
train,10144,False,26,20,190.40794131905812,2.9092810080802027,"[681.7912457912457, 1324.65625]","[907.4545454545454, 1238.265625]",83.28405097884402,73.43219704687661,15,22,1,1
train,10144,False,24,15,188.805163259591,3.367496356019359,"[763.4141414141413, 1367.8515625]","[979.4747474747475, 1209.46875]",94.5571679496704,74.21258237560758,17,21,1,1
train,10144,False,9,4,122.01625908797584,4.190055539808428,"[984.2760942760942, 537.5416666666667]","[1022.6868686868686, 398.35677083333337]",47.03424857187088,41.84902937727979,7,11,1,1
train,10144,False,15,25,207.48261318392957,2.8921826774903336,"[979.4747474747475, 1209.46875]","[705.7979797979798, 1247.8645833333335]",74.21258237560758,91.83730616624192,21,24,1,1
train,10390,True,22,23,8.848857801796104,0.32182984675104115,"[410.69724770642205, 656.2682291666667]","[392.95107033639147, 696.8098958333334]",44.76839182646423,56.103794729073705,10,14,0,0
train,10390,True,20,22,13.0,0.3611111111111111,"[451.2599388379205, 666.4036458333334]","[410.69724770642205, 656.2682291666667]",54.8298582899112,44.76839182646423,4,10,0,0
train,10390,True,14,11,11.529964086141668,0.5192834660462037,"[519.7094801223242, 461.16145833333337]","[534.9204892966361, 430.75520833333337]",17.55960796271606,21.35617009696494,15,17,0,0
train,10390,True,24,21,15.492422502470642,0.6288180316757448,"[471.54128440366975, 744.953125]","[430.9785932721713, 719.6145833333334]",36.98997166302643,34.65891796836007,8,13,0,0
train,10390,False,21,23,16.204650534085253,0.9181436693317462,"[430.9785932721713, 719.6145833333334]","[392.95107033639147, 696.8098958333334]",34.65891796836007,56.103794729073705,13,14,0,0
train,10390,False,22,0,-1.0,-1.0,"[410.69724770642205, 656.2682291666667]","[372.66972477064223, 625.8619791666667]",44.76839182646423,41.646266986358846,10,11,0,0
train,10390,False,22,21,30.04834939252005,1.290092199195038,"[410.69724770642205, 656.2682291666667]","[430.9785932721713, 719.6145833333334]",44.76839182646423,34.65891796836007,10,13,0,0
train,10390,False,20,23,31.202484376209235,0.9561243320095142,"[451.2599388379205, 666.4036458333334]","[392.95107033639147, 696.8098958333334]",54.8298582899112,56.103794729073705,4,14,0,0
val,10375,True,23,25,1.0,0.01745144889034042,"[441.02160493827165, 816.5]","[387.7438271604939, 801.7083333333334]",60.136116393195586,50.82429463255854,1,7,-1,-1
val,10375,True,22,20,1.0,0.02881952088521175,"[494.2993827160494, 795.7916666666666]","[526.8580246913581, 813.5416666666666]",42.367933573251946,36.1204777738204,26,27,-1,-1
val,10375,True,19,14,2.605551275463989,0.07941318365427019,"[565.3364197530865, 547.2916666666666]","[577.175925925926, 508.8333333333333]",41.00255939015526,30.031634127265026,4,23,-1,-1
val,10375,True,28,24,4.0,0.09594781857618334,"[449.90123456790127, 905.25]","[411.42283950617286, 869.75]",49.42679538319121,42.77928238094705,0,10,-1,-1
val,10375,True,26,25,5.4031242374328485,0.12482975120873399,"[367.0246913580247, 840.1666666666666]","[387.7438271604939, 801.7083333333334]",42.574104783872414,50.82429463255854,5,7,-1,-1
val,10375,True,23,22,7.246211251235321,0.14039249129916706,"[441.02160493827165, 816.5]","[494.2993827160494, 795.7916666666666]",60.136116393195586,42.367933573251946,1,26,-1,-1
val,10375,True,23,24,8.848857801796104,0.17205780493952566,"[441.02160493827165, 816.5]","[411.42283950617286, 869.75]",60.136116393195586,42.77928238094705,1,10,-1,-1
val,10375,True,18,13,6.211102550927978,0.18335482915726253,"[467.6604938271605, 538.4166666666666]","[476.5401234567902, 499.9583333333333]",40.78844534500612,30.751919542616452,3,25,-1,-1
val,10375,True,23,21,12.416407864998739,0.24282961268256426,"[441.02160493827165, 816.5]","[485.4197530864198, 860.875]",60.136116393195586,40.78844534500612,1,12,-1,-1
val,10375,True,26,24,9.198039027185569,0.26173498038278104,"[367.0246913580247, 840.1666666666666]","[411.42283950617286, 869.75]",42.574104783872414,42.77928238094705,5,10,-1,-1
val,10375,True,28,23,20.37755832643195,0.3492155603505315,"[449.90123456790127, 905.25]","[441.02160493827165, 816.5]",49.42679538319121,60.136116393195586,0,1,-1,-1
val,10375,True,16,11,8.848857801796104,0.3852795732538254,"[316.7067901234568, 591.6666666666666]","[304.8672839506173, 562.0833333333334]",32.68438121978393,24.933860556748417,6,9,-1,-1
val,10375,True,28,21,16.0,0.3872038139763516,"[449.90123456790127, 905.25]","[485.4197530864198, 860.875]",49.42679538319121,40.78844534500612,0,12,-1,-1
val,10375,True,15,20,12.92838827718412,0.39440387829504875,"[565.3364197530865, 798.75]","[526.8580246913581, 813.5416666666666]",33.21586942233308,36.1204777738204,2,27,-1,-1
val,10375,True,17,12,13.317821063276353,0.5268448588334712,"[390.70370370370375, 568.0]","[387.7438271604939, 529.5416666666666]",35.137423113916874,26.1341063047061,14,17,-1,-1
val,10375,True,23,20,28.732137494637012,0.5380135027173065,"[441.02160493827165, 816.5]","[526.8580246913581, 813.5416666666666]",60.136116393195586,36.1204777738204,1,27,-1,-1
val,10375,True,25,24,23.08318915758459,0.5741269797313548,"[387.7438271604939, 801.7083333333334]","[411.42283950617286, 869.75]",50.82429463255854,42.77928238094705,7,10,-1,-1
val,10375,True,21,20,19.518284528683193,0.5744400033108364,"[485.4197530864198, 860.875]","[526.8580246913581, 813.5416666666666]",40.78844534500612,36.1204777738204,12,27,-1,-1
val,10375,True,23,26,31.984845004941285,0.5937389586887687,"[441.02160493827165, 816.5]","[367.0246913580247, 840.1666666666666]",60.136116393195586,42.574104783872414,1,5,-1,-1
val,10375,True,21,22,22.0,0.7076552803882378,"[485.4197530864198, 860.875]","[494.2993827160494, 795.7916666666666]",40.78844534500612,42.367933573251946,12,26,-1,-1
val,10375,False,16,0,-1.0,-1.0,"[316.7067901234568, 591.6666666666666]","[319.6666666666667, 627.1666666666666]",32.68438121978393,15.658111007692407,6,28,-1,-1
val,10375,False,24,21,34.05709628591621,1.1064148799016231,"[411.42283950617286, 869.75]","[485.4197530864198, 860.875]",42.77928238094705,40.78844534500612,10,12,-1,-1
val,10375,False,17,0,-1.0,-1.0,"[390.70370370370375, 568.0]","[387.7438271604939, 609.4166666666666]",35.137423113916874,15.658111007692407,14,29,-1,-1
val,10375,False,26,29,32.28663395418648,0.9697391323168406,"[367.0246913580247, 840.1666666666666]","[343.3456790123457, 902.2916666666666]",42.574104783872414,31.035353364126756,5,8,-1,-1
val,10375,False,15,22,40.19465984809196,1.349985139273481,"[565.3364197530865, 798.75]","[494.2993827160494, 795.7916666666666]",33.21586942233308,42.367933573251946,2,26,-1,-1
val,10375,False,29,24,38.20459156782532,1.3092519668499076,"[343.3456790123457, 902.2916666666666]","[411.42283950617286, 869.75]",31.035353364126756,42.77928238094705,8,10,-1,-1
val,10375,False,18,17,40.78516483155236,1.147399347840381,"[467.6604938271605, 538.4166666666666]","[390.70370370370375, 568.0]",40.78844534500612,35.137423113916874,3,14,-1,-1
val,10375,False,25,22,63.0,1.5578128260411435,"[387.7438271604939, 801.7083333333334]","[494.2993827160494, 795.7916666666666]",50.82429463255854,42.367933573251946,7,26,-1,-1
val,10375,False,28,26,39.607881008493905,0.8867682978245064,"[449.90123456790127, 905.25]","[367.0246913580247, 840.1666666666666]",49.42679538319121,42.574104783872414,0,5,-1,-1
val,10375,False,16,17,43.27188724235731,1.5024417439991655,"[316.7067901234568, 591.6666666666666]","[390.70370370370375, 568.0]",32.68438121978393,35.137423113916874,6,14,-1,-1
val,10375,False,18,12,31.756678708318397,1.0322259335026502,"[467.6604938271605, 538.4166666666666]","[387.7438271604939, 529.5416666666666]",40.78844534500612,26.1341063047061,3,17,-1,-1
val,10375,False,18,19,51.773099207835045,1.3596281950146694,"[467.6604938271605, 538.4166666666666]","[565.3364197530865, 547.2916666666666]",40.78844534500612,41.00255939015526,3,4,-1,-1
val,10375,False,28,25,58.80802621722272,1.2063343489960254,"[449.90123456790127, 905.25]","[387.7438271604939, 801.7083333333334]",49.42679538319121,50.82429463255854,0,7,-1,-1
val,10375,False,25,21,72.79024325749306,1.82777014510367,"[387.7438271604939, 801.7083333333334]","[485.4197530864198, 860.875]",50.82429463255854,40.78844534500612,7,12,-1,-1
val,10375,False,28,22,75.89603370785778,1.810644541434474,"[449.90123456790127, 905.25]","[494.2993827160494, 795.7916666666666]",49.42679538319121,42.367933573251946,0,26,-1,-1
val,10375,False,28,29,34.014282800023196,0.84731747481903,"[449.90123456790127, 905.25]","[343.3456790123457, 902.2916666666666]",49.42679538319121,31.035353364126756,0,8,-1,-1
val,10375,False,24,22,72.59347797189639,2.29905851474443,"[411.42283950617286, 869.75]","[494.2993827160494, 795.7916666666666]",42.77928238094705,42.367933573251946,10,26,-1,-1
val,10375,False,25,29,72.49829930005184,1.8781690715540529,"[387.7438271604939, 801.7083333333334]","[343.3456790123457, 902.2916666666666]",50.82429463255854,31.035353364126756,7,8,-1,-1
val,10375,False,23,15,80.25269226308751,1.594092296185101,"[441.02160493827165, 816.5]","[565.3364197530865, 798.75]",60.136116393195586,33.21586942233308,1,2,-1,-1
val,10375,False,15,21,64.73431371817918,2.2375452105758975,"[565.3364197530865, 798.75]","[485.4197530864198, 860.875]",33.21586942233308,40.78844534500612,2,12,-1,-1
val,10520,True,22,24,2.0,0.032705683290235876,"[537.4518518518519, 899.53125]","[478.1740740740741, 883.75]",68.50531689793893,62.43254461668861,6,18,-1,-1
val,10520,True,23,22,7.062257748298549,0.1226596715455041,"[509.78888888888895, 974.4921875]","[537.4518518518519, 899.53125]",51.331550688293206,68.50531689793893,4,6,-1,-1
val,10520,True,22,21,7.4852813742385695,0.1426738781758003,"[537.4518518518519, 899.53125]","[588.825925925926, 867.96875]",68.50531689793893,37.04097143454548,6,25,-1,-1
val,10520,True,26,23,11.36931687685298,0.24350401372489708,"[557.2111111111111, 1010.0]","[509.78888888888895, 974.4921875]",58.83252920838569,51.331550688293206,0,4,-1,-1
val,10520,True,25,23,12.45362404707371,0.33089290991158793,"[458.41481481481486, 935.0390625]","[509.78888888888895, 974.4921875]",46.720238348025326,51.331550688293206,3,4,-1,-1
val,10520,True,25,24,16.69180601295413,0.3890240354385343,"[458.41481481481486, 935.0390625]","[478.1740740740741, 883.75]",46.720238348025326,62.43254461668861,3,18,-1,-1
val,10520,True,14,19,14.524174696260024,0.39111937553994375,"[667.862962962963, 540.5078125]","[652.0555555555555, 587.8515625]",39.485808221764,48.3600411123573,5,10,-1,-1
val,10520,True,17,12,15.552945357246848,0.5263874475004438,"[450.5111111111111, 623.359375]","[438.65555555555557, 579.9609375]",44.32270980171075,32.56083160224305,2,11,-1,-1
val,10520,True,16,11,14.264337522473747,0.5521104554243134,"[367.52222222222224, 666.7578125]","[339.85925925925926, 639.140625]",39.485808221764,33.03619735454049,14,15,-1,-1
val,10520,True,25,22,33.88552708502482,0.6028441704040448,"[458.41481481481486, 935.0390625]","[537.4518518518519, 899.53125]",46.720238348025326,68.50531689793893,3,6,-1,-1
val,10520,True,18,13,21.360679774997898,0.635864073197662,"[541.4037037037037, 587.8515625]","[545.3555555555556, 540.5078125]",48.68137382415791,36.617632143494696,1,7,-1,-1
val,10520,False,20,21,22.08679276123039,1.0547459279763813,"[632.2962962962963, 887.6953125]","[588.825925925926, 867.96875]",30.07149563186103,37.04097143454548,24,25,-1,-1
val,10520,False,15,20,27.653097563788805,1.172752561248292,"[679.7185185185185, 864.0234375]","[632.2962962962963, 887.6953125]",35.09575401998768,30.07149563186103,22,24,-1,-1
val,10520,False,23,24,40.78516483155236,0.9127830452642955,"[509.78888888888895, 974.4921875]","[478.1740740740741, 883.75]",51.331550688293206,62.43254461668861,4,18,-1,-1
val,10520,False,26,22,57.215118311311535,0.9134854751586733,"[557.2111111111111, 1010.0]","[537.4518518518519, 899.53125]",58.83252920838569,68.50531689793893,0,6,-1,-1
val,10520,False,18,17,60.68468205316454,1.7005116290299729,"[541.4037037037037, 587.8515625]","[450.5111111111111, 623.359375]",48.68137382415791,44.32270980171075,1,2,-1,-1
val,10520,False,22,20,48.0,0.916324257985455,"[537.4518518518519, 899.53125]","[632.2962962962963, 887.6953125]",68.50531689793893,30.07149563186103,6,24,-1,-1
val,10520,False,24,21,68.05070600652827,1.7970413053873973,"[478.1740740740741, 883.75]","[588.825925925926, 867.96875]",62.43254461668861,37.04097143454548,18,25,-1,-1
val,10520,False,17,16,61.42595614005443,2.049810705508825,"[450.5111111111111, 623.359375]","[367.52222222222224, 666.7578125]",44.32270980171075,39.485808221764,2,14,-1,-1
val,10520,False,18,19,64.92419889539804,1.5956660576221515,"[541.4037037037037, 587.8515625]","[652.0555555555555, 587.8515625]",48.68137382415791,48.3600411123573,1,10,-1,-1
val,10520,False,26,25,60.465437442517235,1.3438423043112204,"[557.2111111111111, 1010.0]","[458.41481481481486, 935.0390625]",58.83252920838569,46.720238348025326,0,3,-1,-1
val,10520,False,26,24,90.76055797563569,1.7784226310783682,"[557.2111111111111, 1010.0]","[478.1740740740741, 883.75]",58.83252920838569,62.43254461668861,0,18,-1,-1
val,10618,True,21,20,0.0,0.0,"[922.3958333333334, 1139.2786885245903]","[955.9375, 1080.6393442622953]",55.4366380823331,57.3058110955094,9,25,-1,-1
val,10618,True,22,23,1.2360679774997898,0.01790744763105924,"[863.6979166666666, 1080.6393442622953]","[821.7708333333334, 1168.5983606557377]",77.15742221104912,66.52396569879973,2,8,-1,-1
val,10618,True,26,23,6.615773105863909,0.09864952904344801,"[863.6979166666666, 1223.049180327869]","[821.7708333333334, 1168.5983606557377]",71.363617947313,66.52396569879973,7,8,-1,-1
val,10618,True,24,22,8.0,0.11117010009773348,"[796.6145833333334, 1068.0737704918033]","[863.6979166666666, 1080.6393442622953]",69.36703666204305,77.15742221104912,0,2,-1,-1
val,10618,True,24,25,8.219544457292887,0.13837342411760425,"[796.6145833333334, 1068.0737704918033]","[763.0729166666666, 1122.5245901639346]",69.36703666204305,49.93695222382291,0,13,-1,-1
val,10618,True,24,25,8.219544457292887,0.13837342411760425,"[796.6145833333334, 1068.0737704918033]","[742.109375, 1151.844262295082]",69.36703666204305,31.0784395915457,0,27,-1,-1
val,10618,True,23,25,8.433981132056603,0.15112574593870878,"[821.7708333333334, 1168.5983606557377]","[763.0729166666666, 1122.5245901639346]",66.52396569879973,49.93695222382291,8,13,-1,-1
val,10618,True,23,25,8.433981132056603,0.15112574593870878,"[821.7708333333334, 1168.5983606557377]","[742.109375, 1151.844262295082]",66.52396569879973,31.0784395915457,8,27,-1,-1
val,10618,True,22,20,13.866068747318506,0.19430672426304918,"[863.6979166666666, 1080.6393442622953]","[955.9375, 1080.6393442622953]",77.15742221104912,57.3058110955094,2,25,-1,-1
val,10618,True,22,21,13.7648230602334,0.2045471567517321,"[863.6979166666666, 1080.6393442622953]","[922.3958333333334, 1139.2786885245903]",77.15742221104912,55.4366380823331,2,9,-1,-1
val,10618,True,16,11,7.062257748298549,0.21925500256062166,"[666.640625, 816.7622950819673]","[645.6770833333334, 783.2540983606558]",44.74353431172953,35.06120843252032,6,14,-1,-1
val,10618,True,27,25,13.422205101855956,0.28318526989005116,"[725.3385416666666, 1197.9180327868853]","[742.109375, 1151.844262295082]",41.69610213679019,31.0784395915457,26,27,-1,-1
val,10618,True,25,27,13.422205101855956,0.28318526989005116,"[763.0729166666666, 1122.5245901639346]","[725.3385416666666, 1197.9180327868853]",49.93695222382291,41.69610213679019,13,26,-1,-1
val,10618,True,18,13,12.92838827718412,0.3149053277382433,"[859.5052083333334, 716.2377049180328]","[863.6979166666666, 670.1639344262295]",52.67522556820428,38.86217348535031,1,23,-1,-1
val,10618,True,15,20,18.0,0.35620874231636185,"[1018.828125, 1089.016393442623]","[955.9375, 1080.6393442622953]",46.85251054312874,57.3058110955094,15,25,-1,-1
val,10618,True,26,27,24.942243542145693,0.4140112239340656,"[863.6979166666666, 1223.049180327869]","[725.3385416666666, 1197.9180327868853]",71.363617947313,41.69610213679019,7,26,-1,-1
val,10618,True,19,14,18.209372712298546,0.4373539590281427,"[985.2864583333334, 716.2377049180328]","[997.8645833333334, 670.1639344262295]",53.992309492089866,40.62952896150631,5,10,-1,-1
val,10618,True,17,12,14.297058540778355,0.4394416981394869,"[763.0729166666666, 762.3114754098361]","[750.4947916666666, 720.4262295081968]",48.14651158566789,34.809870364525665,3,17,-1,-1
val,10618,True,26,21,35.49657518178932,0.5437574329355682,"[863.6979166666666, 1223.049180327869]","[922.3958333333334, 1139.2786885245903]",71.363617947313,55.4366380823331,7,9,-1,-1
val,10618,True,24,23,31.57299494980466,0.555624973530728,"[796.6145833333334, 1068.0737704918033]","[821.7708333333334, 1168.5983606557377]",69.36703666204305,66.52396569879973,0,8,-1,-1
val,10618,True,22,25,43.598206241955516,0.6126631690188447,"[863.6979166666666, 1080.6393442622953]","[763.0729166666666, 1122.5245901639346]",77.15742221104912,49.93695222382291,2,13,-1,-1
val,10618,True,22,25,43.598206241955516,0.6126631690188447,"[863.6979166666666, 1080.6393442622953]","[742.109375, 1151.844262295082]",77.15742221104912,31.0784395915457,2,27,-1,-1
val,10618,True,22,26,50.478150704935004,0.6286726988469415,"[863.6979166666666, 1080.6393442622953]","[863.6979166666666, 1223.049180327869]",77.15742221104912,71.363617947313,2,7,-1,-1
val,10618,True,26,25,55.302753041036986,0.7984760466441055,"[863.6979166666666, 1223.049180327869]","[763.0729166666666, 1122.5245901639346]",71.363617947313,49.93695222382291,7,13,-1,-1
val,10618,True,26,25,55.302753041036986,0.7984760466441055,"[863.6979166666666, 1223.049180327869]","[742.109375, 1151.844262295082]",71.363617947313,31.0784395915457,7,27,-1,-1
val,10618,False,23,21,41.579337712087536,0.8187510998724767,"[821.7708333333334, 1168.5983606557377]","[922.3958333333334, 1139.2786885245903]",66.52396569879973,55.4366380823331,8,9,-1,-1
val,10618,False,23,27,37.58756276314948,0.8518462002510956,"[821.7708333333334, 1168.5983606557377]","[725.3385416666666, 1197.9180327868853]",66.52396569879973,41.69610213679019,8,26,-1,-1
val,10618,False,25,25,-1.0,-1.0,"[763.0729166666666, 1122.5245901639346]","[742.109375, 1151.844262295082]",49.93695222382291,31.0784395915457,13,27,-1,-1
val,10618,False,18,17,63.07027391856539,1.435084127173264,"[859.5052083333334, 716.2377049180328]","[763.0729166666666, 762.3114754098361]",52.67522556820428,48.14651158566789,1,3,-1,-1
val,10618,False,21,15,57.137767414994535,1.2810063870819166,"[922.3958333333334, 1139.2786885245903]","[1018.828125, 1089.016393442623]",55.4366380823331,46.85251054312874,9,15,-1,-1
val,10618,False,22,15,100.0,1.5476464650682737,"[863.6979166666666, 1080.6393442622953]","[1018.828125, 1089.016393442623]",77.15742221104912,46.85251054312874,2,15,-1,-1
val,10618,False,24,21,82.21658488546619,1.5028169151065807,"[796.6145833333334, 1068.0737704918033]","[922.3958333333334, 1139.2786885245903]",69.36703666204305,55.4366380823331,0,9,-1,-1
val,10618,False,18,12,55.0357029044876,1.3479591083423348,"[859.5052083333334, 716.2377049180328]","[750.4947916666666, 720.4262295081968]",52.67522556820428,34.809870364525665,1,17,-1,-1
val,10618,False,18,19,61.12889826803627,1.2365052588241616,"[859.5052083333334, 716.2377049180328]","[985.2864583333334, 716.2377049180328]",52.67522556820428,53.992309492089866,1,5,-1,-1
val,10618,False,17,16,62.953107821277925,1.6858072436207754,"[763.0729166666666, 762.3114754098361]","[666.640625, 816.7622950819673]",48.14651158566789,44.74353431172953,3,6,-1,-1
val,10618,False,24,26,87.45903006477066,1.2479511409761843,"[796.6145833333334, 1068.0737704918033]","[863.6979166666666, 1223.049180327869]",69.36703666204305,71.363617947313,0,7,-1,-1
val,10618,False,24,20,86.5728268357257,1.451575622208998,"[796.6145833333334, 1068.0737704918033]","[955.9375, 1080.6393442622953]",69.36703666204305,57.3058110955094,0,25,-1,-1
val,10618,False,23,20,95.89685237405806,1.7105357764338147,"[821.7708333333334, 1168.5983606557377]","[955.9375, 1080.6393442622953]",66.52396569879973,57.3058110955094,8,25,-1,-1
val,10618,False,24,27,102.23759005323593,2.1040817534895986,"[796.6145833333334, 1068.0737704918033]","[725.3385416666666, 1197.9180327868853]",69.36703666204305,41.69610213679019,0,26,-1,-1
val,10618,False,26,20,100.76934705499491,1.4506321037188799,"[863.6979166666666, 1223.049180327869]","[955.9375, 1080.6393442622953]",71.363617947313,57.3058110955094,7,25,-1,-1
val,10618,False,19,13,63.07807737440318,1.582151915594986,"[985.2864583333334, 716.2377049180328]","[863.6979166666666, 670.1639344262295]",53.992309492089866,38.86217348535031,5,23,-1,-1
val,10618,False,17,11,68.02897942168927,2.188796534707708,"[763.0729166666666, 762.3114754098361]","[645.6770833333334, 783.2540983606558]",48.14651158566789,35.06120843252032,3,14,-1,-1
val,10618,False,22,27,115.82465493208187,1.8555116041848627,"[863.6979166666666, 1080.6393442622953]","[725.3385416666666, 1197.9180327868853]",77.15742221104912,41.69610213679019,2,26,-1,-1
val,10618,False,21,25,107.07404868885037,1.9957268840188847,"[922.3958333333334, 1139.2786885245903]","[763.0729166666666, 1122.5245901639346]",55.4366380823331,49.93695222382291,9,13,-1,-1
val,10618,False,18,14,89.82400563727631,2.100033444823468,"[859.5052083333334, 716.2377049180328]","[997.8645833333334, 670.1639344262295]",52.67522556820428,40.62952896150631,1,10,-1,-1
val,10618,False,17,13,95.60745312862771,2.913291204033877,"[763.0729166666666, 762.3114754098361]","[863.6979166666666, 670.1639344262295]",48.14651158566789,38.86217348535031,3,23,-1,-1
val,10618,False,16,12,75.47875521999558,2.245357548751317,"[666.640625, 816.7622950819673]","[750.4947916666666, 720.4262295081968]",44.74353431172953,34.809870364525665,6,17,-1,-1
val,10618,False,12,13,72.78346698278686,2.5534129356088644,"[750.4947916666666, 720.4262295081968]","[863.6979166666666, 670.1639344262295]",34.809870364525665,38.86217348535031,17,23,-1,-1
val,10618,False,26,15,136.64446955835166,2.185821943643871,"[863.6979166666666, 1223.049180327869]","[1018.828125, 1089.016393442623]",71.363617947313,46.85251054312874,7,15,-1,-1
val,10618,False,14,13,70.84010022264724,2.268698892803969,"[997.8645833333334, 670.1639344262295]","[863.6979166666666, 670.1639344262295]",40.62952896150631,38.86217348535031,10,23,-1,-1
val,10624,True,20,24,0.0,0.0,"[490.9090909090909, 1024.5859375]","[464.7272727272727, 1076.9609375]",66.67775712675513,59.99659081223623,0,1,-1,-1
val,10624,True,20,21,1.0,0.013690283381188937,"[490.9090909090909, 1024.5859375]","[559.6363636363636, 1044.2265625]",66.67775712675513,75.56497429966538,0,3,-1,-1
val,10624,True,26,27,2.0,0.034552158600162114,"[523.6363636363636, 1119.515625]","[556.3636363636364, 1165.34375]",57.90673830314647,68.42229750201717,9,26,-1,-1
val,10624,True,21,26,9.295630140987,0.14775457618884885,"[559.6363636363636, 1044.2265625]","[523.6363636363636, 1119.515625]",75.56497429966538,57.90673830314647,3,9,-1,-1
val,10624,True,21,23,9.770329614269007,0.14934384584708424,"[559.6363636363636, 1044.2265625]","[615.2727272727273, 1099.875]",75.56497429966538,50.81190246210214,3,15,-1,-1
val,10624,True,21,22,10.180339887498949,0.15339597730788268,"[559.6363636363636, 1044.2265625]","[644.7272727272726, 1027.859375]",75.56497429966538,53.48260656087597,3,25,-1,-1
val,10624,True,24,26,10.313708498984761,0.23837567200819415,"[464.7272727272727, 1076.9609375]","[523.6363636363636, 1119.515625]",59.99659081223623,57.90673830314647,1,9,-1,-1
val,10624,True,11,16,8.899494936611665,0.281145734945811,"[373.09090909090907, 729.9765625]","[399.27272727272725, 759.4375]",35.85482090065688,41.78791827354365,10,11,-1,-1
val,10624,True,23,27,22.345235059857504,0.3687262234741995,"[615.2727272727273, 1099.875]","[556.3636363636364, 1165.34375]",50.81190246210214,68.42229750201717,15,26,-1,-1
val,10624,True,18,13,15.492422502470642,0.3934444714019849,"[592.3636363636363, 690.6953125]","[595.6363636363636, 641.59375]",48.65786748493832,33.539113868599884,4,22,-1,-1
val,10624,True,15,22,16.0,0.39437108675773114,"[697.090909090909, 1008.21875]","[644.7272727272726, 1027.859375]",38.02978049562545,53.48260656087597,5,25,-1,-1
val,10624,True,21,27,34.0,0.44557843976723277,"[559.6363636363636, 1044.2265625]","[556.3636363636364, 1165.34375]",75.56497429966538,68.42229750201717,3,26,-1,-1
val,10624,True,23,22,21.47220505424423,0.4522218331025926,"[615.2727272727273, 1099.875]","[644.7272727272726, 1027.859375]",50.81190246210214,53.48260656087597,15,25,-1,-1
val,10624,True,19,14,17.24828759089466,0.4819160826419738,"[706.9090909090909, 707.0625]","[723.2727272727273, 661.234375]",56.50216206643616,36.885764992621596,6,17,-1,-1
val,10624,True,20,26,27.0,0.5045627330646757,"[490.9090909090909, 1024.5859375]","[523.6363636363636, 1119.515625]",66.67775712675513,57.90673830314647,0,9,-1,-1
val,10624,True,24,27,32.24154027718932,0.527452418370879,"[464.7272727272727, 1076.9609375]","[556.3636363636364, 1165.34375]",59.99659081223623,68.42229750201717,1,26,-1,-1
val,10624,True,24,21,38.35733730830886,0.5819739472454224,"[464.7272727272727, 1076.9609375]","[559.6363636363636, 1044.2265625]",59.99659081223623,75.56497429966538,1,3,-1,-1
val,10624,True,17,12,23.698178070456937,0.6590459507825783,"[494.18181818181813, 720.15625]","[484.3636363636363, 671.0546875]",47.88106714463547,31.051185748110107,2,24,-1,-1
val,10624,False,15,0,-1.0,-1.0,"[697.090909090909, 1008.21875]","[716.7272727272726, 995.125]",38.02978049562545,27.384571801057483,5,29,-1,-1
val,10624,False,20,0,-1.0,-1.0,"[490.9090909090909, 1024.5859375]","[500.7272727272727, 965.6640625]",66.67775712675513,30.87819729488459,0,28,-1,-1
val,10624,False,26,23,45.87216658103186,1.078822609518633,"[523.6363636363636, 1119.515625]","[615.2727272727273, 1099.875]",57.90673830314647,50.81190246210214,9,15,-1,-1
val,10624,False,24,25,51.354560450833695,1.414828190157649,"[464.7272727272727, 1076.9609375]","[392.7272727272727, 1126.0625]",59.99659081223623,30.70423423568808,1,21,-1,-1
val,10624,False,21,0,-1.0,-1.0,"[559.6363636363636, 1044.2265625]","[500.7272727272727, 965.6640625]",75.56497429966538,30.87819729488459,3,28,-1,-1
val,10624,False,22,0,-1.0,-1.0,"[644.7272727272726, 1027.859375]","[716.7272727272726, 995.125]",53.48260656087597,27.384571801057483,25,29,-1,-1
val,10624,False,17,18,49.695167422546305,1.1375436643221246,"[494.18181818181813, 720.15625]","[592.3636363636363, 690.6953125]",47.88106714463547,48.65786748493832,2,4,-1,-1
val,10624,False,18,19,63.07027391856539,1.4540274512355384,"[592.3636363636363, 690.6953125]","[706.9090909090909, 707.0625]",48.65786748493832,56.50216206643616,4,6,-1,-1
val,10624,False,17,16,49.99019513592785,1.2111941458794728,"[494.18181818181813, 720.15625]","[399.27272727272725, 759.4375]",47.88106714463547,41.78791827354365,2,11,-1,-1
val,10624,False,20,27,66.36467917239716,0.9651576677057148,"[490.9090909090909, 1024.5859375]","[556.3636363636364, 1165.34375]",66.67775712675513,68.42229750201717,0,26,-1,-1
val,10624,False,21,15,93.36630754670864,1.5408785777849814,"[559.6363636363636, 1044.2265625]","[697.090909090909, 1008.21875]",75.56497429966538,38.02978049562545,3,5,-1,-1
val,10624,False,20,23,71.00694410957877,1.2580908907169333,"[490.9090909090909, 1024.5859375]","[615.2727272727273, 1099.875]",66.67775712675513,50.81190246210214,0,15,-1,-1
val,10624,False,20,22,78.62411694957753,1.3666011564741147,"[490.9090909090909, 1024.5859375]","[644.7272727272726, 1027.859375]",66.67775712675513,53.48260656087597,0,25,-1,-1
val,10624,False,24,0,-1.0,-1.0,"[464.7272727272727, 1076.9609375]","[500.7272727272727, 965.6640625]",59.99659081223623,30.87819729488459,1,28,-1,-1
val,10624,False,22,27,100.41498903022176,1.6295896083963608,"[644.7272727272726, 1027.859375]","[556.3636363636364, 1165.34375]",53.48260656087597,68.42229750201717,25,26,-1,-1
val,10624,False,26,22,101.06860437960343,2.29909288498435,"[523.6363636363636, 1119.515625]","[644.7272727272726, 1027.859375]",57.90673830314647,53.48260656087597,9,25,-1,-1
val,10624,False,18,12,45.09772228646444,1.2326660082135221,"[592.3636363636363, 690.6953125]","[484.3636363636363, 671.0546875]",48.65786748493832,31.051185748110107,4,24,-1,-1
val,10624,False,15,23,72.53910524340094,1.8596714167261115,"[697.090909090909, 1008.21875]","[615.2727272727273, 1099.875]",38.02978049562545,50.81190246210214,5,15,-1,-1
val,11852,True,21,26,0.0,0.0,"[568.9003436426117, 1067.9453125]","[546.7353951890034, 1097.5078125]",44.64365579796162,58.76836167511957,25,26,-1,-1
val,11852,True,22,24,0.0,0.0,"[502.40549828178695, 1019.90625]","[469.15807560137455, 1093.8125]",78.81139621751599,55.05031525842105,4,24,-1,-1
val,11852,True,24,26,0.0,0.0,"[469.15807560137455, 1093.8125]","[546.7353951890034, 1097.5078125]",55.05031525842105,58.76836167511957,24,26,-1,-1
val,11852,True,22,20,4.0,0.05416544713500916,"[502.40549828178695, 1019.90625]","[568.9003436426117, 994.0390625]",78.81139621751599,51.19575328715434,4,16,-1,-1
val,11852,True,22,20,4.0,0.05416544713500916,"[502.40549828178695, 1019.90625]","[613.2302405498282, 1023.6015625]",78.81139621751599,42.44927612827376,4,14,-1,-1
val,11852,True,16,11,4.0,0.11096138002416887,"[325.085910652921, 724.28125]","[295.53264604810994, 694.71875]",43.716696946640404,37.67905420030541,3,6,-1,-1
val,11852,True,23,25,9.0,0.14554040115445896,"[428.5223367697595, 1001.4296875]","[402.6632302405498, 1064.25]",76.79362993073151,56.87972606964393,2,20,-1,-1
val,11852,True,23,22,12.0,0.15916043250624173,"[428.5223367697595, 1001.4296875]","[502.40549828178695, 1019.90625]",76.79362993073151,78.81139621751599,2,4,-1,-1
val,11852,True,19,14,7.4852813742385695,0.16076018278985818,"[650.171821305842, 631.8984375]","[672.3367697594501, 591.25]",52.64187409553708,39.27557436948904,7,18,-1,-1
val,11852,True,22,26,14.811388300841896,0.1751141739450425,"[502.40549828178695, 1019.90625]","[546.7353951890034, 1097.5078125]",78.81139621751599,58.76836167511957,4,26,-1,-1
val,11852,True,23,24,11.529964086141668,0.19150228004600464,"[428.5223367697595, 1001.4296875]","[469.15807560137455, 1093.8125]",76.79362993073151,55.05031525842105,2,24,-1,-1
val,11852,True,18,13,11.041594578792296,0.2444051171012376,"[517.1821305841925, 620.8125]","[524.5704467353952, 572.7734375]",51.989533232388695,37.13162964223784,0,10,-1,-1
val,11852,True,20,21,14.620499351813308,0.2708196522169151,"[613.2302405498282, 1023.6015625]","[568.9003436426117, 1067.9453125]",42.44927612827376,44.64365579796162,14,25,-1,-1
val,11852,True,20,21,14.620499351813308,0.2708196522169151,"[568.9003436426117, 994.0390625]","[568.9003436426117, 1067.9453125]",51.19575328715434,44.64365579796162,16,25,-1,-1
val,11852,True,25,24,16.08800749063506,0.3189654962873379,"[402.6632302405498, 1064.25]","[469.15807560137455, 1093.8125]",56.87972606964393,55.05031525842105,20,24,-1,-1
val,11852,True,20,15,19.591260281974,0.3565880495520521,"[613.2302405498282, 1023.6015625]","[672.3367697594501, 1001.4296875]",42.44927612827376,43.087646928898494,14,15,-1,-1
val,11852,True,15,20,19.591260281974,0.3565880495520521,"[672.3367697594501, 1001.4296875]","[568.9003436426117, 994.0390625]",43.087646928898494,51.19575328715434,15,16,-1,-1
val,11852,True,22,21,23.351591323771842,0.37273197533900454,"[502.40549828178695, 1019.90625]","[568.9003436426117, 1067.9453125]",78.81139621751599,44.64365579796162,4,25,-1,-1
val,11852,True,17,12,15.763054614240211,0.3950032416626871,"[417.4398625429553, 672.546875]","[410.0515463917526, 624.5078125]",51.062256962706115,34.85606256769928,1,12,-1,-1
val,11852,True,22,25,49.44799302251776,0.7287936761729381,"[502.40549828178695, 1019.90625]","[402.6632302405498, 1064.25]",78.81139621751599,56.87972606964393,4,20,-1,-1
val,11852,True,20,26,57.52349955359813,0.7339008116785297,"[568.9003436426117, 994.0390625]","[546.7353951890034, 1097.5078125]",51.19575328715434,58.76836167511957,16,26,-1,-1
val,11852,True,20,26,57.52349955359813,0.7339008116785297,"[613.2302405498282, 1023.6015625]","[546.7353951890034, 1097.5078125]",42.44927612827376,58.76836167511957,14,26,-1,-1
val,11852,True,23,26,61.12889826803627,0.7656380452644765,"[428.5223367697595, 1001.4296875]","[546.7353951890034, 1097.5078125]",76.79362993073151,58.76836167511957,2,26,-1,-1
val,11852,True,25,26,57.008620049092706,0.7835542487747665,"[402.6632302405498, 1064.25]","[546.7353951890034, 1097.5078125]",56.87972606964393,58.76836167511957,20,26,-1,-1
val,11852,False,20,20,-1.0,-1.0,"[613.2302405498282, 1023.6015625]","[568.9003436426117, 994.0390625]",42.44927612827376,51.19575328715434,14,16,-1,-1
val,11852,False,25,0,-1.0,-1.0,"[402.6632302405498, 1064.25]","[398.96907216494844, 1130.765625]",56.87972606964393,27.648866826142427,20,27,-1,-1
val,11852,False,24,21,48.040799340956916,1.1122760815777737,"[469.15807560137455, 1093.8125]","[568.9003436426117, 1067.9453125]",55.05031525842105,44.64365579796162,24,25,-1,-1
val,11852,False,10,0,-1.0,-1.0,"[842.2680412371134, 842.53125]","[812.7147766323025, 864.703125]",40.64208766984331,13.824433413071214,5,28,-1,-1
val,11852,False,24,0,-1.0,-1.0,"[469.15807560137455, 1093.8125]","[398.96907216494844, 1130.765625]",55.05031525842105,27.648866826142427,24,27,-1,-1
val,11852,False,23,20,84.21150157109074,1.2317627242399771,"[428.5223367697595, 1001.4296875]","[568.9003436426117, 994.0390625]",76.79362993073151,51.19575328715434,2,16,-1,-1
val,11852,False,18,17,49.80354318352215,0.9733643139714558,"[517.1821305841925, 620.8125]","[417.4398625429553, 672.546875]",51.989533232388695,51.062256962706115,0,1,-1,-1
val,11852,False,17,16,52.74011537017761,1.1554318185984127,"[417.4398625429553, 672.546875]","[325.085910652921, 724.28125]",51.062256962706115,43.716696946640404,1,3,-1,-1
val,11852,False,18,12,41.0,0.9477394114338807,"[517.1821305841925, 620.8125]","[410.0515463917526, 624.5078125]",51.989533232388695,34.85606256769928,0,12,-1,-1
val,11852,False,23,21,90.76055797563569,1.6182749532167837,"[428.5223367697595, 1001.4296875]","[568.9003436426117, 1067.9453125]",76.79362993073151,44.64365579796162,2,25,-1,-1
val,11852,False,23,0,-1.0,-1.0,"[428.5223367697595, 1001.4296875]","[398.96907216494844, 1130.765625]",76.79362993073151,27.648866826142427,2,27,-1,-1
val,11852,False,18,19,54.08175741568164,0.9919501881821974,"[517.1821305841925, 620.8125]","[650.171821305842, 631.8984375]",51.989533232388695,52.64187409553708,0,7,-1,-1
val,11852,False,20,24,82.52843827104634,1.4166015342130611,"[568.9003436426117, 994.0390625]","[469.15807560137455, 1093.8125]",51.19575328715434,55.05031525842105,16,24,-1,-1
val,11852,False,17,11,66.60177512462228,1.6889648363684875,"[417.4398625429553, 672.546875]","[295.53264604810994, 694.71875]",51.062256962706115,37.67905420030541,1,6,-1,-1
val,11852,False,15,21,78.20227269466452,2.0259384194995853,"[672.3367697594501, 1001.4296875]","[568.9003436426117, 1067.9453125]",43.087646928898494,44.64365579796162,15,25,-1,-1
val,11852,False,22,15,106.37783756436893,1.675917068523587,"[502.40549828178695, 1019.90625]","[672.3367697594501, 1001.4296875]",78.81139621751599,43.087646928898494,4,15,-1,-1
val,11852,False,19,13,66.53517601961218,1.4462460098090593,"[650.171821305842, 631.8984375]","[524.5704467353952, 572.7734375]",52.64187409553708,37.13162964223784,7,10,-1,-1
val,11852,False,22,0,-1.0,-1.0,"[502.40549828178695, 1019.90625]","[398.96907216494844, 1130.765625]",78.81139621751599,27.648866826142427,4,27,-1,-1
val,11852,False,23,20,84.21150157109074,1.2317627242399771,"[428.5223367697595, 1001.4296875]","[613.2302405498282, 1023.6015625]",76.79362993073151,42.44927612827376,2,14,-1,-1
val,11852,False,15,26,107.85311203635843,1.5700290647741177,"[672.3367697594501, 1001.4296875]","[546.7353951890034, 1097.5078125]",43.087646928898494,58.76836167511957,15,26,-1,-1
val,11852,False,25,21,115.21101496846157,2.5356339560839336,"[402.6632302405498, 1064.25]","[568.9003436426117, 1067.9453125]",56.87972606964393,44.64365579796162,20,25,-1,-1
val,11852,False,20,24,82.52843827104634,1.4166015342130611,"[613.2302405498282, 1023.6015625]","[469.15807560137455, 1093.8125]",42.44927612827376,55.05031525842105,14,24,-1,-1
val,11852,False,17,13,84.14693182963201,2.0046351136552,"[417.4398625429553, 672.546875]","[524.5704467353952, 572.7734375]",51.062256962706115,37.13162964223784,1,10,-1,-1
val,11852,False,20,25,129.78226179417453,2.165143721670437,"[568.9003436426117, 994.0390625]","[402.6632302405498, 1064.25]",51.19575328715434,56.87972606964393,16,20,-1,-1
val,11945,True,22,24,2.0,0.02509428066142478,"[549.8888888888888, 946.1145833333333]","[482.55555555555554, 938.6354166666666]",82.11338047533069,75.08322799762414,4,11,-1,-1
val,11945,True,25,24,4.0,0.06428658552244854,"[448.88888888888886, 998.46875]","[482.55555555555554, 938.6354166666666]",61.570837077264606,75.08322799762414,6,11,-1,-1
val,11945,True,22,20,13.317821063276353,0.17167501094827095,"[549.8888888888888, 946.1145833333333]","[624.7037037037037, 912.4583333333333]",82.11338047533069,49.19415035359738,4,26,-1,-1
val,11945,True,22,20,13.317821063276353,0.17167501094827095,"[549.8888888888888, 946.1145833333333]","[662.1111111111111, 938.6354166666666]",82.11338047533069,45.037514369881514,4,25,-1,-1
val,11945,True,19,14,9.770329614269007,0.1994567959465017,"[688.2962962962963, 579.6354166666666]","[710.7407407407406, 531.0208333333333]",57.70040893579545,41.8162823078449,1,14,-1,-1
val,11945,True,26,23,13.142135623730951,0.21482510868608323,"[572.3333333333333, 1091.9583333333333]","[516.2222222222222, 1035.8645833333333]",73.19641310867156,55.096026581430785,2,15,-1,-1
val,11945,True,22,23,15.552945357246848,0.22572525872073015,"[549.8888888888888, 946.1145833333333]","[516.2222222222222, 1035.8645833333333]",82.11338047533069,55.096026581430785,4,15,-1,-1
val,11945,True,18,13,16.72004514666935,0.3528425207474447,"[557.3703703703703, 587.1145833333333]","[557.3703703703703, 531.0208333333333]",57.942340432664736,37.21414195048854,0,16,-1,-1
val,11945,True,22,21,23.698178070456937,0.3541778614331952,"[549.8888888888888, 946.1145833333333]","[617.2222222222222, 1013.4270833333333]",82.11338047533069,38.86890359486188,4,23,-1,-1
val,11945,True,11,16,14.264337522473747,0.37421293862953375,"[314.22222222222223, 646.9479166666666]","[336.66666666666663, 684.34375]",34.074497405784136,42.64440789472117,8,10,-1,-1
val,11945,True,15,20,22.706539182259394,0.4323682702455313,"[721.9629629629629, 923.6770833333333]","[662.1111111111111, 938.6354166666666]",39.934002266702954,45.037514369881514,7,25,-1,-1
val,11945,True,15,20,22.706539182259394,0.4323682702455313,"[721.9629629629629, 923.6770833333333]","[624.7037037037037, 912.4583333333333]",39.934002266702954,49.19415035359738,7,26,-1,-1
val,11945,True,17,12,18.924858845171276,0.44058982535434976,"[441.4074074074074, 628.25]","[430.18518518518516, 579.6354166666666]",51.55457524211659,36.45458975489274,3,12,-1,-1
val,11945,True,25,23,23.596747752497688,0.49559439945979755,"[448.88888888888886, 998.46875]","[516.2222222222222, 1035.8645833333333]",61.570837077264606,55.096026581430785,6,15,-1,-1
val,11945,True,24,23,30.016124838541646,0.5229496383732137,"[482.55555555555554, 938.6354166666666]","[516.2222222222222, 1035.8645833333333]",75.08322799762414,55.096026581430785,11,15,-1,-1
val,11945,True,26,21,31.0,0.5261042808091513,"[572.3333333333333, 1091.9583333333333]","[617.2222222222222, 1013.4270833333333]",73.19641310867156,38.86890359486188,2,23,-1,-1
val,11945,True,22,25,50.35172830587107,0.690041112166582,"[549.8888888888888, 946.1145833333333]","[448.88888888888886, 998.46875]",82.11338047533069,61.570837077264606,4,6,-1,-1
val,11945,True,26,22,62.50590523722971,0.7579954397586653,"[572.3333333333333, 1091.9583333333333]","[549.8888888888888, 946.1145833333333]",73.19641310867156,82.11338047533069,2,4,-1,-1
val,11945,False,20,20,-1.0,-1.0,"[662.1111111111111, 938.6354166666666]","[624.7037037037037, 912.4583333333333]",45.037514369881514,49.19415035359738,25,26,-1,-1
val,11945,False,21,20,42.829214001622255,0.825779247168731,"[617.2222222222222, 1013.4270833333333]","[662.1111111111111, 938.6354166666666]",38.86890359486188,45.037514369881514,23,25,-1,-1
val,11945,False,23,21,52.150729063673246,1.3841803695461372,"[516.2222222222222, 1035.8645833333333]","[617.2222222222222, 1013.4270833333333]",55.096026581430785,38.86890359486188,15,23,-1,-1
val,11945,False,24,20,87.05679985100527,1.2884937248299564,"[482.55555555555554, 938.6354166666666]","[624.7037037037037, 912.4583333333333]",75.08322799762414,49.19415035359738,11,26,-1,-1
val,11945,False,18,17,56.584720195551874,1.0719379559366655,"[557.3703703703703, 587.1145833333333]","[441.4074074074074, 628.25]",57.942340432664736,51.55457524211659,0,3,-1,-1
val,11945,False,21,20,42.829214001622255,0.825779247168731,"[617.2222222222222, 1013.4270833333333]","[624.7037037037037, 912.4583333333333]",38.86890359486188,49.19415035359738,23,26,-1,-1
val,11945,False,26,25,59.74537019394976,0.9090494685995786,"[572.3333333333333, 1091.9583333333333]","[448.88888888888886, 998.46875]",73.19641310867156,61.570837077264606,2,6,-1,-1
val,11945,False,18,19,68.2314957226839,1.228748258452922,"[557.3703703703703, 587.1145833333333]","[688.2962962962963, 579.6354166666666]",57.942340432664736,57.70040893579545,0,1,-1,-1
val,11945,False,24,21,94.63472172804185,1.72091577654696,"[482.55555555555554, 938.6354166666666]","[617.2222222222222, 1013.4270833333333]",75.08322799762414,38.86890359486188,11,23,-1,-1
val,11945,False,26,24,85.57944328765345,1.1703462419543242,"[572.3333333333333, 1091.9583333333333]","[482.55555555555554, 938.6354166666666]",73.19641310867156,75.08322799762414,2,11,-1,-1
val,11945,False,17,16,67.42514157822401,1.4142368498618123,"[441.4074074074074, 628.25]","[336.66666666666663, 684.34375]",51.55457524211659,42.64440789472117,3,10,-1,-1
val,11945,False,18,12,56.0701322935211,1.2409574443148799,"[557.3703703703703, 587.1145833333333]","[430.18518518518516, 579.6354166666666]",57.942340432664736,36.45458975489274,0,12,-1,-1
val,11945,False,22,15,113.28473213863697,1.680368138702694,"[549.8888888888888, 946.1145833333333]","[721.9629629629629, 923.6770833333333]",82.11338047533069,39.934002266702954,4,7,-1,-1
val,11945,False,19,13,69.3846574190711,1.432515878212425,"[688.2962962962963, 579.6354166666666]","[557.3703703703703, 531.0208333333333]",57.70040893579545,37.21414195048854,1,16,-1,-1
val,11945,False,24,20,87.05679985100527,1.2884937248299564,"[482.55555555555554, 938.6354166666666]","[662.1111111111111, 938.6354166666666]",75.08322799762414,45.037514369881514,11,25,-1,-1
val,11945,False,26,20,112.08846094982458,1.5831135050458125,"[572.3333333333333, 1091.9583333333333]","[662.1111111111111, 938.6354166666666]",73.19641310867156,45.037514369881514,2,25,-1,-1
val,11945,False,17,11,69.0,1.6400702754682728,"[441.4074074074074, 628.25]","[314.22222222222223, 646.9479166666666]",51.55457524211659,34.074497405784136,3,8,-1,-1
val,11945,False,26,20,112.08846094982458,1.5831135050458125,"[572.3333333333333, 1091.9583333333333]","[624.7037037037037, 912.4583333333333]",73.19641310867156,49.19415035359738,2,26,-1,-1
val,12498,True,22,24,0.0,0.0,"[644.5127388535032, 1128.0]","[576.4585987261147, 1112.0]",89.47831819358024,85.35687540171529,21,23,-1,-1
val,12498,True,23,22,0.0,0.0,"[624.4968152866243, 1232.0]","[644.5127388535032, 1128.0]",80.23167092307301,89.47831819358024,11,21,-1,-1
val,12498,True,26,23,0.41421356237309515,0.00531611293189208,"[700.5573248407643, 1272.0]","[624.4968152866243, 1232.0]",81.81274253295956,80.23167092307301,7,11,-1,-1
val,12498,True,21,22,2.0,0.021060800786885447,"[720.5732484076433, 1192.0]","[644.5127388535032, 1128.0]",79.02511090068928,89.47831819358024,3,21,-1,-1
val,12498,True,22,20,2.1622776601683795,0.02125351650058684,"[644.5127388535032, 1128.0]","[720.5732484076433, 1084.0]",89.47831819358024,65.26399110560008,21,27,-1,-1
val,12498,True,22,20,2.1622776601683795,0.02125351650058684,"[644.5127388535032, 1128.0]","[772.6146496815287, 1108.0]",89.47831819358024,69.88480056720825,21,26,-1,-1
val,12498,True,21,26,5.082762530298219,0.061120658819101656,"[720.5732484076433, 1192.0]","[700.5573248407643, 1272.0]",79.02511090068928,81.81274253295956,3,7,-1,-1
val,12498,True,25,24,5.708203932499369,0.07805554872284909,"[552.4394904458599, 1192.0]","[576.4585987261147, 1112.0]",72.91247698002762,85.35687540171529,5,23,-1,-1
val,12498,True,21,20,10.661903789690601,0.12628032248049037,"[720.5732484076433, 1192.0]","[772.6146496815287, 1108.0]",79.02511090068928,69.88480056720825,3,26,-1,-1
val,12498,True,21,20,10.661903789690601,0.12628032248049037,"[720.5732484076433, 1192.0]","[720.5732484076433, 1084.0]",79.02511090068928,65.26399110560008,3,27,-1,-1
val,12498,True,16,11,6.0710678118654755,0.1389147623248296,"[428.3407643312102, 808.0]","[400.31847133757964, 776.0]",51.40138043698851,45.09565205643338,2,20,-1,-1
val,12498,True,15,20,10.661903789690601,0.14168095593889188,"[844.671974522293, 1084.0]","[772.6146496815287, 1108.0]",61.343244375996676,69.88480056720825,16,26,-1,-1
val,12498,True,15,20,10.661903789690601,0.14168095593889188,"[844.671974522293, 1084.0]","[720.5732484076433, 1084.0]",61.343244375996676,65.26399110560008,16,27,-1,-1
val,12498,True,21,23,16.0,0.2273796485936402,"[720.5732484076433, 1192.0]","[624.4968152866243, 1232.0]",79.02511090068928,80.23167092307301,3,11,-1,-1
val,12498,True,19,14,12.892443989449804,0.24217835803369028,"[772.6146496815287, 680.0]","[792.6305732484077, 632.0]",61.21258769011277,44.55984310827849,1,17,-1,-1
val,12498,True,25,23,16.029386365926403,0.24631461977909042,"[552.4394904458599, 1192.0]","[624.4968152866243, 1232.0]",72.91247698002762,80.23167092307301,5,11,-1,-1
val,12498,True,18,13,13.317821063276353,0.2476047424709501,"[628.5, 688.0]","[636.5063694267516, 632.0]",63.39714072597674,49.97986855871569,0,10,-1,-1
val,12498,True,17,12,13.317821063276353,0.28271869294246,"[516.4108280254777, 736.0]","[504.40127388535035, 684.0]",56.02228855809645,39.00269466437931,4,19,-1,-1
val,12498,True,25,22,27.653097563788805,0.3035047551616954,"[552.4394904458599, 1192.0]","[644.5127388535032, 1128.0]",72.91247698002762,89.47831819358024,5,21,-1,-1
val,12498,True,23,24,25.92582403567252,0.3588370829410083,"[624.4968152866243, 1232.0]","[576.4585987261147, 1112.0]",80.23167092307301,85.35687540171529,11,23,-1,-1
val,12498,True,26,22,45.87216658103186,0.4556001087805857,"[700.5573248407643, 1272.0]","[644.5127388535032, 1128.0]",81.81274253295956,89.47831819358024,7,21,-1,-1
val,12498,True,26,27,32.95585369269929,0.4666966188057645,"[700.5573248407643, 1272.0]","[532.4235668789809, 1272.0]",81.81274253295956,47.00806273165742,7,14,-1,-1
val,12498,True,25,27,26.784887978899608,0.47719962356517154,"[552.4394904458599, 1192.0]","[532.4235668789809, 1272.0]",72.91247698002762,47.00806273165742,5,14,-1,-1
val,12498,True,23,27,26.586228448267445,0.4835858419510153,"[624.4968152866243, 1232.0]","[532.4235668789809, 1272.0]",80.23167092307301,47.00806273165742,11,14,-1,-1
val,12498,False,20,20,-1.0,-1.0,"[772.6146496815287, 1108.0]","[720.5732484076433, 1084.0]",69.88480056720825,65.26399110560008,26,27,-1,-1
val,12498,False,24,20,92.38094023943002,1.0741243667604352,"[576.4585987261147, 1112.0]","[720.5732484076433, 1084.0]",85.35687540171529,65.26399110560008,23,27,-1,-1
val,12498,False,21,24,80.70679286326198,1.0363646463241722,"[720.5732484076433, 1192.0]","[576.4585987261147, 1112.0]",79.02511090068928,85.35687540171529,3,23,-1,-1
val,12498,False,18,17,52.48831648126533,0.857702611380785,"[628.5, 688.0]","[516.4108280254777, 736.0]",63.39714072597674,56.02228855809645,0,4,-1,-1
val,12498,False,10,0,-1.0,-1.0,"[956.7611464968153, 828.0]","[932.7420382165606, 868.0]",48.68146824324911,16.977317201579798,12,28,-1,-1
val,12498,False,16,17,46.885279575251516,0.8696637070191036,"[428.3407643312102, 808.0]","[516.4108280254777, 736.0]",51.40138043698851,56.02228855809645,2,4,-1,-1
val,12498,False,25,26,69.60453243241541,0.8840497430796863,"[552.4394904458599, 1192.0]","[700.5573248407643, 1272.0]",72.91247698002762,81.81274253295956,5,7,-1,-1
val,12498,False,21,25,91.13576938409967,1.2787286096809658,"[720.5732484076433, 1192.0]","[552.4394904458599, 1192.0]",79.02511090068928,72.91247698002762,3,5,-1,-1
val,12498,False,18,19,63.19501538281614,0.9994508208412419,"[628.5, 688.0]","[772.6146496815287, 680.0]",63.39714072597674,61.21258769011277,0,1,-1,-1
val,12498,False,21,15,86.09190547921202,1.3082576975578595,"[720.5732484076433, 1192.0]","[844.671974522293, 1084.0]",79.02511090068928,61.343244375996676,3,16,-1,-1
val,12498,False,26,20,88.0,0.9689655708024831,"[700.5573248407643, 1272.0]","[772.6146496815287, 1108.0]",81.81274253295956,69.88480056720825,7,26,-1,-1
val,12498,False,18,12,53.0,1.0216897131403577,"[628.5, 688.0]","[504.40127388535035, 684.0]",63.39714072597674,39.00269466437931,0,19,-1,-1
val,12498,False,26,24,92.94147114027967,1.0965448023588003,"[700.5573248407643, 1272.0]","[576.4585987261147, 1112.0]",81.81274253295956,85.35687540171529,7,23,-1,-1
val,12498,False,23,20,99.65783625729296,1.257168137604155,"[624.4968152866243, 1232.0]","[720.5732484076433, 1084.0]",80.23167092307301,65.26399110560008,11,27,-1,-1
val,12498,False,17,11,63.32728814430156,1.3272632310422765,"[516.4108280254777, 736.0]","[400.31847133757964, 776.0]",56.02228855809645,45.09565205643338,4,20,-1,-1
val,12498,False,27,24,93.76286192385707,1.45803128339113,"[532.4235668789809, 1272.0]","[576.4585987261147, 1112.0]",47.00806273165742,85.35687540171529,14,23,-1,-1
val,12498,False,24,20,92.38094023943002,1.0741243667604352,"[576.4585987261147, 1112.0]","[772.6146496815287, 1108.0]",85.35687540171529,69.88480056720825,23,26,-1,-1
val,12498,False,26,20,88.0,0.9689655708024831,"[700.5573248407643, 1272.0]","[720.5732484076433, 1084.0]",81.81274253295956,65.26399110560008,7,27,-1,-1
val,12498,False,23,20,99.65783625729296,1.257168137604155,"[624.4968152866243, 1232.0]","[772.6146496815287, 1108.0]",80.23167092307301,69.88480056720825,11,26,-1,-1
val,12498,False,19,13,65.30987860040162,1.2629849487829832,"[772.6146496815287, 680.0]","[636.5063694267516, 632.0]",61.21258769011277,49.97986855871569,1,10,-1,-1
val,12498,False,15,22,125.19429464123962,1.4405859363061801,"[844.671974522293, 1084.0]","[644.5127388535032, 1128.0]",61.343244375996676,89.47831819358024,16,21,-1,-1
val,12498,False,27,22,94.4148835350125,1.1213675220961554,"[532.4235668789809, 1272.0]","[644.5127388535032, 1128.0]",47.00806273165742,89.47831819358024,14,21,-1,-1
val,12498,False,25,20,138.6030085635693,1.7309156335821365,"[552.4394904458599, 1192.0]","[720.5732484076433, 1084.0]",72.91247698002762,65.26399110560008,5,27,-1,-1
val,12498,False,17,13,90.21403400793103,1.833482243809855,"[516.4108280254777, 736.0]","[636.5063694267516, 632.0]",56.02228855809645,49.97986855871569,4,10,-1,-1
val,12627,True,24,22,0.0,0.0,"[398.6037735849057, 943.6666666666667]","[461.874213836478, 969.0]",68.54456537427316,73.41380661766856,1,5,-1,-1
val,12627,True,26,23,10.180339887498949,0.21514696850045595,"[490.34591194968556, 1083.0]","[423.91194968553464, 1051.3333333333335]",60.386143883887954,43.74246865394431,4,6,-1,-1
val,12627,True,22,20,14.0,0.22664821691649034,"[461.874213836478, 969.0]","[521.9811320754717, 950.0]",73.41380661766856,45.206583813928994,5,25,-1,-1
val,12627,True,19,14,10.180339887498949,0.2362415731758671,"[569.433962264151, 623.8333333333334]","[582.0880503144655, 582.6666666666667]",48.931165016308874,31.172560233808166,0,17,-1,-1
val,12627,True,16,11,7.4852813742385695,0.24598160840906508,"[287.8805031446541, 693.5]","[265.7358490566038, 661.8333333333334]",37.44989664751898,27.9533528777304,7,10,-1,-1
val,12627,True,24,25,22.345235059857504,0.4623262029435539,"[398.6037735849057, 943.6666666666667]","[376.45911949685535, 1016.5]",68.54456537427316,29.522031001701237,1,22,-1,-1
val,12627,True,17,12,17.027756377319946,0.4823901227575009,"[366.9685534591195, 655.5]","[354.31446540880506, 611.1666666666667]",43.28200879251452,29.180724375046122,2,14,-1,-1
val,12627,True,22,23,28.546573405388315,0.5126702511223138,"[461.874213836478, 969.0]","[423.91194968553464, 1051.3333333333335]",73.41380661766856,43.74246865394431,5,6,-1,-1
val,12627,True,18,13,21.847319317591726,0.5470383992555486,"[458.71069182389937, 627.0]","[458.71069182389937, 576.3333333333334]",49.237306678703966,31.332831522811617,3,18,-1,-1
val,12627,True,26,22,39.024992192379,0.5754859556596654,"[490.34591194968556, 1083.0]","[461.874213836478, 969.0]",60.386143883887954,73.41380661766856,4,5,-1,-1
val,12627,True,22,21,33.0147027033899,0.6168010120891608,"[461.874213836478, 969.0]","[521.9811320754717, 1019.6666666666667]",73.41380661766856,24.516712307932668,5,26,-1,-1
val,12627,True,22,25,38.21734310225516,0.6825069666038303,"[461.874213836478, 969.0]","[376.45911949685535, 1016.5]",73.41380661766856,29.522031001701237,5,22,-1,-1
val,12627,True,26,21,31.0,0.6925753345020085,"[490.34591194968556, 1083.0]","[521.9811320754717, 1019.6666666666667]",60.386143883887954,24.516712307932668,4,26,-1,-1
val,12627,True,15,20,28.410882339705484,0.7503879872247302,"[610.559748427673, 937.3333333333334]","[521.9811320754717, 950.0]",40.90202795687917,45.206583813928994,8,25,-1,-1
val,12627,True,23,25,21.80350850198276,0.7827003407744869,"[423.91194968553464, 1051.3333333333335]","[376.45911949685535, 1016.5]",43.74246865394431,29.522031001701237,6,22,-1,-1
val,12627,False,0,20,-1.0,-1.0,"[569.433962264151, 969.0]","[521.9811320754717, 950.0]",24.516712307932668,45.206583813928994,19,25,-1,-1
val,12627,False,15,0,-1.0,-1.0,"[610.559748427673, 937.3333333333334]","[569.433962264151, 969.0]",40.90202795687917,24.516712307932668,8,19,-1,-1
val,12627,False,24,23,51.0,1.0631924080239623,"[398.6037735849057, 943.6666666666667]","[423.91194968553464, 1051.3333333333335]",68.54456537427316,43.74246865394431,1,6,-1,-1
val,12627,False,20,21,35.87817782917155,1.026978818238594,"[521.9811320754717, 950.0]","[521.9811320754717, 1019.6666666666667]",45.206583813928994,24.516712307932668,25,26,-1,-1
val,12627,False,17,18,38.21734310225516,0.8231642062832363,"[366.9685534591195, 655.5]","[458.71069182389937, 627.0]",43.28200879251452,49.237306678703966,2,3,-1,-1
val,12627,False,22,0,-1.0,-1.0,"[461.874213836478, 969.0]","[569.433962264151, 969.0]",73.41380661766856,24.516712307932668,5,19,-1,-1
val,12627,False,24,20,72.0,1.3110426733126135,"[398.6037735849057, 943.6666666666667]","[521.9811320754717, 950.0]",68.54456537427316,45.206583813928994,1,25,-1,-1
val,12627,False,17,16,47.25971404805462,1.1829724921708935,"[366.9685534591195, 655.5]","[287.8805031446541, 693.5]",43.28200879251452,37.44989664751898,2,7,-1,-1
val,12627,False,19,18,48.25444142409901,0.9602042111778367,"[569.433962264151, 623.8333333333334]","[458.71069182389937, 627.0]",48.931165016308874,49.237306678703966,0,3,-1,-1
val,12627,False,26,20,85.12200647918046,1.5661617269155155,"[490.34591194968556, 1083.0]","[521.9811320754717, 950.0]",60.386143883887954,45.206583813928994,4,25,-1,-1
val,12627,False,22,15,109.3177229641729,1.9704084860030135,"[461.874213836478, 969.0]","[610.559748427673, 937.3333333333334]",73.41380661766856,40.90202795687917,5,8,-1,-1
val,12627,False,18,12,53.405882034941776,1.378244994436302,"[458.71069182389937, 627.0]","[354.31446540880506, 611.1666666666667]",49.237306678703966,29.180724375046122,3,14,-1,-1
val,12627,False,26,25,65.40030120413611,1.3714643352503033,"[490.34591194968556, 1083.0]","[376.45911949685535, 1016.5]",60.386143883887954,29.522031001701237,4,22,-1,-1
val,12627,False,24,26,87.10221336606703,1.4131704393014182,"[398.6037735849057, 943.6666666666667]","[490.34591194968556, 1083.0]",68.54456537427316,60.386143883887954,1,4,-1,-1
val,12627,False,17,11,55.0,1.568231358408553,"[366.9685534591195, 655.5]","[265.7358490566038, 661.8333333333334]",43.28200879251452,27.9533528777304,2,10,-1,-1
