anchor_components,boundary_f1,boundary_iou,bridge_risk,component_delta,component_error,dice,false_bridge,fn_pixels,fp_pixels,gt_components,image,iou,missing_anchor,precision,recall,risk_pixels,sep_fp_pixels,sep_fp_rate,sep_pixels,split
27,0.41459386933636083,0.2615064123429464,1,-1,1,0.9095946886544949,1,2482,4272,28,10003.png,0.8341803540300999,0,0.8883108055112552,0.9319235305411558,6512,4262,0.199906191369606,21320,train
24,0.3512148005052381,0.21301428507052408,1,-1,1,0.9192808910373009,1,5523,7435,25,10004.png,0.8506196322554614,0,0.9084607618625495,0.9303618711385702,11061,6915,0.250153745975473,27643,train
25,0.40644418872266974,0.25505488157134604,1,-6,6,0.9095509531052325,1,2404,3959,31,10015.png,0.8341067890290959,0,0.8898809523809523,0.9301101840276769,6110,3872,0.19894158146226174,19463,train
28,0.4207320862593997,0.26640957028175666,1,-1,1,0.9055863867929483,1,2137,3256,29,10043.png,0.8274626483667659,0,0.8881868131868131,0.9236812970965322,5209,3206,0.17607644991212654,18208,train
29,0.26303702115932265,0.15143501868697554,0,1,1,0.8968614286488911,0,9346,11577,28,10055.png,0.813008856675574,0,0.8871054248295903,0.9068344032856175,15986,9040,0.25853686438254303,34966,train
30,0.3400942035951168,0.20488765346305304,0,2,2,0.8958176254047102,0,3602,5794,28,10066.png,0.8112949871465296,0,0.8745615934184888,0.918132642392836,8479,5259,0.22721970187945562,23145,train
25,0.28539972298185173,0.16645262852645099,1,-1,1,0.9146073334402125,1,6636,8278,26,10144.png,0.8426511083211125,0,0.9060886927518804,0.9232876712328767,12849,7854,0.26854036311416557,29247,train
19,0.39580602883355176,0.24673202614379086,1,-4,4,0.8303670420727082,1,910,1997,23,10390.png,0.7099381361005788,0,0.780838454784899,0.8866043613707165,2565,1708,0.1886459023635962,9054,train
25,0.22517856169238318,0.1268739247972475,0,3,3,0.9141210549463882,0,11455,16858,22,10474.png,0.8418259319884469,0,0.8993816549682472,0.9293516137189236,20607,13290,0.35275381552753815,37675,train
26,0.35511255969074507,0.21588866872494356,0,3,3,0.9285465235112356,0,4034,7852,23,10526.png,0.8666232775259213,0,0.9077125596483393,0.9503593227013192,10655,7504,0.2868501529051988,26160,train
22,0.556551661686136,0.38557089084065244,1,-5,5,0.927992288938028,1,770,1770,27,10542.png,0.8656582218226054,0,0.9024094392677952,0.9550679815603664,2531,1770,0.14068833955965346,12581,train
26,0.3156546793298474,0.1874049670552458,1,-2,2,0.8806611835077974,1,2868,6070,28,10621.png,0.7867690912994728,0,0.8445542779584625,0.9199933048790694,8292,5757,0.281364547187332,20461,train
25,0.28378165801478683,0.16535288725939504,1,-1,1,0.8687738378460028,1,2698,7727,26,10685.png,0.7679930564828416,0,0.8170518041481201,0.9274867632434757,9183,6885,0.33811324461032266,20363,train
26,0.25325724130505006,0.14498828751078782,1,-1,1,0.8599740596627756,1,2440,8356,27,10693.png,0.7543460453262947,0,0.798689409270502,0.9314452685996853,9597,7549,0.3767342050104801,20038,train
22,0.39597608980901006,0.24686420650790766,1,-1,1,0.9162958843159066,1,3768,4660,23,10727.png,0.8455221965614576,0,0.9082496554439851,0.9244859513407351,7513,4337,0.1980365296803653,21900,train
25,0.5604218706633362,0.38929590498958894,1,-1,1,0.943759414532706,1,2267,1952,26,10779.png,0.893508001413499,0,0.9477390163583305,0.9398130940370626,4182,1951,0.09983114158522233,19543,train
28,0.48627450980392156,0.32124352331606215,0,3,3,0.9343038408423063,0,4016,2311,25,10833.png,0.8767075238225149,0,0.951142681972897,0.9180508509162143,5629,2255,0.10331714468981948,21826,train
34,0.28711846870150026,0.1676230745998188,0,10,10,0.9261967415038351,0,9911,9862,24,10852.png,0.8625385834654209,0,0.9263661681587062,0.9260273768118106,15836,8826,0.2442845280929975,36130,train
26,0.505949962268532,0.33864325122387134,0,0,0,0.9289430674883421,0,2393,2346,26,10910.png,0.8673143689102923,0,0.9295981754343846,0.9282888822295475,4635,2346,0.12381253958201394,18948,train
33,0.44456268161912166,0.2858120197873908,0,6,6,0.927413440549425,0,3219,5194,27,11013.png,0.8646513723092764,0,0.911874989395816,0.9434906256583105,7889,4898,0.1887766900485624,25946,train
27,0.5146753631781796,0.3465069860279441,0,3,3,0.877256822953114,0,1558,3704,24,11023.png,0.781351283969085,0,0.8354362893193531,0.9234849228955898,3298,1782,0.120397270454699,14801,train
31,0.4420126917503623,0.2837075048107761,0,4,4,0.9180316649176439,0,4499,2687,27,11112.png,0.8484829316633985,0,0.9374068207230712,0.8994412159141708,6386,2628,0.11862417622099847,22154,train
28,0.4679017664799655,0.30539932508436446,0,2,2,0.9204042646986791,0,1702,3173,26,11115.png,0.8525452950606455,0,0.8988169265601582,0.943054068522484,4820,3145,0.17295424549054114,18184,train
26,0.5120481927710844,0.3441295546558704,0,2,2,0.9232660767997892,0,2094,1401,24,11142.png,0.8574691081114147,0,0.9375306550140455,0.9094290657439447,3443,1401,0.09200157604412923,15228,train
16,0.1348139255702281,0.07227907575465019,0,9,9,0.7663889740099628,0,8457,24324,7,11152.png,0.6212565856363804,0,0.6885331967475511,0.8640965481776692,10507,7530,0.46953919062168736,16037,train
28,0.506373582254341,0.3390229151266716,0,3,3,0.9361258017988437,0,2998,2449,25,11201.png,0.879921520215158,0,0.942191483334907,0.9301377205042761,5285,2448,0.11609048228766539,21087,train
24,0.5128058785760148,0.34481435287345297,0,0,0,0.923974311133806,0,2159,1712,24,11237.png,0.858691684310433,0,0.9321577174559144,0.915933338525037,3715,1712,0.10779498803677119,15882,train
27,0.4592137788055179,0.2980386068415877,1,-1,1,0.9352566306581483,1,4480,3617,28,11283.png,0.878386902973866,0,0.941755233494364,0.9288471006781761,7602,3605,0.13531266421439833,26642,train
28,0.4789224526600541,0.3148573545757688,0,2,2,0.9245722185388424,0,2113,3234,26,11285.png,0.8597250642740962,0,0.9101791417858631,0.93942781791079,5219,3232,0.16496529195590037,19592,train
23,0.5009309335934037,0.33416134374260703,0,0,0,0.9103721390716907,0,1527,1551,23,11336.png,0.8354890432923571,0,0.9097363673398126,0.9110088000466228,3005,1542,0.11854243542435425,13008,train
23,0.5183089483469404,0.3498090561920349,0,0,0,0.9258253142409871,0,1240,1982,23,11355.png,0.8618945563651951,0,0.9102761430511543,0.9419149334832303,3213,1974,0.14024866785079929,14075,train
26,0.45949971357647507,0.29827953790470524,0,0,0,0.9443550801841136,0,4568,3423,26,11382.png,0.8945764455995462,0,0.9519450800915332,0.9368851553000995,7755,3310,0.11887659818991524,27844,train
22,0.5659708546671918,0.39467179346333425,0,0,0,0.9222057613168724,0,1123,1240,22,11383.png,0.8556417618669436,0,0.9186671913944641,0.9257716967413576,2304,1234,0.10563259715802088,11682,train
25,0.473812671615987,0.31045512094355965,1,-1,1,0.9289047424127244,1,3332,2747,26,11488.png,0.8672475541579315,0,0.9353038153556288,0.9225926356138925,5789,2706,0.12651954366934728,21388,train
28,0.4741368565374548,0.31073354027119754,0,4,4,0.90858021591765,0,3951,1875,24,11612.png,0.8324754866722259,0,0.9391747226367352,0.8799161145219135,4713,1868,0.10477312244096697,17829,train
27,0.44037424674912784,0.28235892221657344,0,3,3,0.8935862961856389,0,2707,1567,24,11630.png,0.8076421081056753,0,0.919690446904469,0.8689231067208987,3896,1561,0.10761806273698725,14505,train
26,0.47118737890949347,0.3082047939749439,1,-1,1,0.9224413570640333,1,3684,1798,27,11662.png,0.8560474764980831,0,0.9477295191580906,0.898467644140668,5143,1797,0.08942523015675541,20095,train
27,0.5580376697328077,0.3869987849331713,0,2,2,0.9460469476431168,0,2295,1964,25,11666.png,0.8976177311954614,0,0.9500305312436393,0.9420966317648543,4239,1964,0.0972903353643434,20187,train
28,0.5069243156199678,0.33951682484900775,0,2,2,0.9293482617641557,0,3055,2233,26,11779.png,0.8680210647165997,0,0.9396682157138225,0.9192525241845959,4826,2185,0.10683551730882065,20452,train
25,0.4343212732857314,0.2774012738853503,0,0,0,0.9346601347213717,0,4485,4051,25,11784.png,0.8773351727309306,0,0.9377755249374069,0.9315653752841906,8161,4029,0.15340973993831628,26263,train
26,0.49066080678072516,0.32508319467554075,0,0,0,0.935795933386352,0,2859,2550,26,11795.png,0.8793388061033283,0,0.9392408682599062,0.9323761767349449,5278,2546,0.12082384206529992,21072,train
27,0.4323504633529907,0.27579535683576956,0,1,1,0.9365011439011143,0,3654,4062,26,11830.png,0.8805850034821636,0,0.9333672347894556,0.9396561689759384,7500,4050,0.15953675254077052,25386,train
27,0.45065585499642263,0.2908687888676806,0,0,0,0.9288929089066399,0,2710,3815,27,11917.png,0.8672269249552336,0,0.9178403755868545,0.9402148734805533,6411,3765,0.16390944710491945,22970,train
25,0.5249078968444658,0.35584754044956024,0,0,0,0.9127872716558633,0,1613,1643,25,12074.png,0.8395663956639566,0,0.9120543838989401,0.9135213381942955,3192,1642,0.11415461624026696,14384,train
27,0.4621564482029598,0.30052240857849877,0,0,0,0.9239545689210119,0,3962,1930,27,12220.png,0.8586575828815429,0,0.9488389354257237,0.9003420867290471,5507,1924,0.09048156508653123,21264,train
26,0.39937119593695836,0.24950893981364897,0,0,0,0.935545297600083,0,4901,3798,26,12257.png,0.8788962982556278,0,0.9432541461228149,0.927961430482266,8381,3729,0.13938102713612918,26754,train
26,0.44714259631184955,0.2879482657260435,1,-1,1,0.9341891057427818,1,3778,3256,27,12277.png,0.8765054952772218,0,0.9387739751786386,0.9296488026516704,6709,3228,0.13588718164596927,23755,train
25,0.4737887963663891,0.31043462086924173,1,-1,1,0.9339678027376943,1,2351,4060,26,12278.png,0.8761159420289855,0,0.9178121014595437,0.9507024533445166,6292,3992,0.17433075680160706,22899,train
25,0.4654839953721558,0.3033425483789897,1,-1,1,0.9361968643930823,1,3795,2521,26,12316.png,0.8800470999354275,0,0.9484025461020488,0.9243013583866914,6080,2466,0.11006963042313872,22404,train
29,0.40818289111334527,0.2564257469244288,0,1,1,0.9196499602227526,0,4695,3890,28,12329.png,0.8512518409425626,0,0.9266314598264805,0.9127728750580585,7794,3636,0.1467963987242117,24769,train
23,0.44280442804428044,0.2843601895734597,1,-2,2,0.8998289201542272,1,1949,1974,25,12434.png,0.8178990855498306,0,0.8992548739410023,0.9004036997291635,3844,1961,0.13682668155177224,14332,train
25,0.4542049710589036,0.2938325991189427,0,0,0,0.9374854752498257,0,4465,3336,25,12445.png,0.8823272090988626,0,0.9460447362887965,0.9290797039296038,7254,3290,0.13247433058184013,24835,train
34,0.3994868975627634,0.24959926723150905,0,10,10,0.9312027925731997,0,4962,6469,24,12446.png,0.8712623742862613,0,0.9228328422659875,0.9397259608376658,9822,5501,0.1970625111946982,27915,train
20,0.39281897841419106,0.2444148936170213,1,-3,3,0.9304762397704204,1,4517,7572,23,12449.png,0.869991181468178,0,0.914410697532469,0.9471163977802234,10788,6950,0.2361856861279141,29426,train
26,0.47123132745864943,0.308242401824795,0,0,0,0.9324408746095493,0,4766,2047,26,12481.png,0.8734325363651563,0,0.9582781321973789,0.9079602950832335,6292,2030,0.089058524173028,22794,train
32,0.543677572485689,0.3733222548894286,0,5,5,0.9433616325879868,0,2972,2712,27,12482.png,0.8927951716333459,0,0.9458120204603581,0.9409239087222708,5337,2681,0.11693636323984821,22927,train
27,0.516143624540571,0.34783934151360413,0,1,1,0.9284477784189267,0,2731,2229,26,12486.png,0.8664512654819602,0,0.9352204365137028,0.9217725072326773,4720,2202,0.11372204720342922,19363,train
24,0.48983779943959904,0.32436105158626455,1,-2,2,0.9447311292216805,1,3251,4514,26,12522.png,0.8952515850532847,0,0.9363139999153487,0.9533009652953344,7551,4494,0.1660569781620663,27063,train
26,0.3849111307197781,0.2383219512195122,0,2,2,0.9422086903069653,0,6193,5841,24,12566.png,0.8907321148066428,0,0.9438041177602463,0.9406186476431557,11311,5656,0.17478368355995055,32360,train
28,0.39529662468130444,0.2463362580033199,0,3,3,0.9301067248884609,0,5230,5078,25,12584.png,0.8693453324038278,0,0.9310663137175049,0.9291491119931723,9642,4991,0.18583609487284508,26857,train
26,0.400027794184067,0.2500217145835143,0,2,2,0.936258387054335,0,4133,7495,24,12585.png,0.8801558345185827,0,0.9193157719096164,0.953837218393629,10970,7087,0.23795453782359063,29783,train
23,0.5674964936886395,0.3961571411087994,0,0,0,0.926647828844934,0,1193,1351,23,12603.png,0.8633213345511201,0,0.9224454649827785,0.9308886571660294,2543,1351,0.10234848484848486,13200,train
25,0.537092764621222,0.367140685090779,0,1,1,0.9372301560943208,0,1679,2101,24,12611.png,0.881875,0,0.9307080901025692,0.9438442757282852,3652,1994,0.11756382288780143,16961,train
25,0.37560420813193063,0.2312270260808682,0,1,1,0.9315813321250567,0,4089,7236,24,12619.png,0.8719253604749788,0,0.9142003414911781,0.9496360344381628,10700,6960,0.23888793547279905,29135,train
30,0.4634053124402828,0.3015794055465738,0,2,2,0.9305098640433528,0,2482,4045,28,12621.png,0.870049973122026,0,0.9152790868153733,0.9462561171019012,6401,3991,0.18397639791637854,21693,train
25,0.36730205278592376,0.22496632240682532,0,5,5,0.8382710945753525,0,4437,13168,20,12635.png,0.7215720385892772,0,0.776027758406613,0.9113699013223603,7059,3343,0.16254983954098998,20566,train
26,0.5598467922119374,0.3887411347517731,1,-1,1,0.9380929029203375,1,1384,2277,27,12648.png,0.8834039300614669,0,0.9241379310344827,0.9524757914978367,3625,2277,0.1300028546959749,17515,train
27,0.5107843772265043,0.34298886569241477,0,2,2,0.9247304286841413,0,2143,2150,25,12651.png,0.8599986955387425,0,0.9246169489148347,0.9248439363119871,4128,2143,0.1227166008131478,17463,train
23,0.47787694196533975,0.31395420984054107,1,-4,4,0.9173617003663155,1,2482,5504,27,12662.png,0.8473390426670745,0,0.889544451133855,0.9469748760895573,7144,5109,0.22576226248342907,22630,train
27,0.4846536100555393,0.31983024691358025,0,0,0,0.9290712319820871,0,3527,2555,27,12687.png,0.8675378416639442,0,0.9397235066528262,0.9186577490774908,5826,2535,0.11489303843364757,22064,train
22,0.5183858193475391,0.34987908871070383,1,-2,2,0.9112318271736741,1,882,1945,24,12755.png,0.8369383399665455,0,0.8817988453357642,0.9426975051975052,2789,1934,0.1579033311561071,12248,train
26,0.57290483761072,0.4014482374472826,1,-1,1,0.9415774384178808,1,1694,2300,27,12799.png,0.8896044666795655,0,0.9333043352182108,0.9499985241595088,3985,2299,0.1178068152703049,19515,train
25,0.5556443733901767,0.38470052884024103,0,1,1,0.9178416067627186,0,1408,1255,24,12837.png,0.8481582848671456,0,0.9221946683199008,0.9135294478904379,2643,1255,0.09519114077669903,13184,train
25,0.42298716452742124,0.268220495745468,0,0,0,0.9488409753203703,0,6545,6218,25,12840.png,0.9026616839536302,0,0.9500862933975517,0.9475989175513603,11653,5939,0.16604691475382335,35767,train
25,0.5432888320409305,0.3729557677532653,0,0,0,0.9175435341514485,0,1891,1220,25,12852.png,0.8476493633692458,0,0.9341572669868854,0.9015104166666666,3047,1220,0.0842076200993926,14488,train
23,0.39044456185372484,0.2425791324736225,0,0,0,0.9327978909291561,0,4488,6473,23,12854.png,0.8740592648765411,0,0.9215821673026834,0.9442899702085402,10179,6162,0.2261367389628977,27249,train
28,0.4257696127110228,0.27046207222835517,0,3,3,0.9358048248602971,0,4759,3248,25,12870.png,0.8793545081967213,0,0.9472804298073333,0.9246039290240811,7635,3184,0.12450144678188786,25574,train
21,0.17763208050621332,0.09747322623828648,0,12,12,0.789047162701551,0,6646,38700,9,12905.png,0.651591984756285,0,0.6866548993571162,0.9273279972007173,10950,7108,0.3667130991074653,19383,train
23,0.507227813357731,0.33978916401078696,1,-2,2,0.9016946863817433,1,1637,1275,25,12915.png,0.8209872748509252,0,0.9128503075871497,0.8908084311632871,2886,1275,0.09925268566090611,12846,train
28,0.4623844242597043,0.30071523178807946,0,1,1,0.9369776155250265,0,3581,4291,27,12973.png,0.8814279258924537,0,0.9316817653520992,0.9423340150404999,7548,4135,0.16071359166699056,25729,train
25,0.4526665436427385,0.29254621347644605,0,2,2,0.8828582584927762,0,2636,964,23,12974.png,0.7902831177909821,0,0.9336545079146593,0.8373040365386989,3263,946,0.07371045659965716,12834,train
26,0.4208279559217711,0.2664864525051864,0,0,0,0.9193916016481108,0,5370,1986,26,12985.png,0.8508092321421328,0,0.9547978878368536,0.8865173288250211,6702,1969,0.08845462713387242,22260,train
25,0.45768793209066244,0.29675442578302313,0,3,3,0.9011654742672514,0,1863,1563,22,13038.png,0.8201102651614597,0,0.9090327086485858,0.8934332456240704,3376,1551,0.11792883211678833,13152,train
24,0.34999008526670633,0.21211392861434925,1,-3,3,0.9269943206183519,1,5248,8712,27,13039.png,0.863923032683816,0,0.9105002003266865,0.9440970631784144,12166,7638,0.23895632586659993,31964,train
25,0.5000750187546886,0.3334000200060018,0,0,0,0.9078240950631129,0,2234,1629,25,13087.png,0.8312068513501704,0,0.9211214410226612,0.8949052076962882,3705,1565,0.10244157884401388,15277,train
27,0.5268511593118923,0.3576360682372055,0,1,1,0.9200194791642511,0,2389,1060,26,13097.png,0.8518852529416817,0,0.9492750155524716,0.8925132727436336,3362,1060,0.068595094803598,15453,train
28,0.35922472294097546,0.21893596762675555,0,1,1,0.8845606714400872,0,7163,2575,27,13102.png,0.7930154951431547,0,0.9354377695316418,0.8389323619356,7646,2453,0.10816650498280271,22678,train
28,0.4627221666538432,0.301001001001001,0,4,4,0.9026109401369999,0,1697,2227,24,13125.png,0.8225076895241542,0,0.8908921659889275,0.9146421206176751,3841,2211,0.14812085482682388,14927,train
23,0.5222141296431173,0.3533760473139478,0,0,0,0.9241589592438256,0,1651,2080,23,13174.png,0.8590106941767751,0,0.9161695953570853,0.9322888898002707,3608,2080,0.1356197431049097,15337,train
25,0.4283682008368201,0.2725626963420478,0,1,1,0.9189758386813259,0,4780,4992,24,13253.png,0.8500974090720828,0,0.9173633067920343,0.9205940495373524,8141,4172,0.1683072454413426,24788,train
25,0.36451842248337585,0.22288139927376874,0,1,1,0.9168203269056474,0,3780,6866,24,13298.png,0.8464157421700305,0,0.8952347528876817,0.9394725464764375,9887,6501,0.26022736370186533,24982,train
27,0.33100190195717527,0.19832371429621734,0,0,0,0.923968981318294,0,7539,9717,27,13324.png,0.858682477806532,0,0.9151864815089596,0.9329216752231051,14640,8764,0.2571219011295291,34085,train
27,0.42186664472872365,0.26732002293697543,0,1,1,0.9295504118240714,0,6107,2549,26,13334.png,0.8683738329126243,0,0.9572709747716034,0.9033901254488792,7900,2532,0.09713803422082407,26066,train
26,0.4644621816799696,0.30247524752475247,0,1,1,0.9140796170829542,0,3785,1313,25,13388.png,0.8417556493667743,0,0.9538180155464107,0.877519981878782,4589,1313,0.0736192879170171,17835,train
28,0.4669730306828204,0.30460849028038517,0,2,2,0.930289295742063,0,4024,2605,26,13496.png,0.8696643793869566,0,0.9443815786664389,0.9166114058355438,6361,2545,0.10989722773987391,23158,train
29,0.29781802710751837,0.17496250803399271,1,-4,4,0.8439841099965535,1,1616,6985,33,13500.png,0.7300800251059156,0,0.7690832754801812,0.935048231511254,7728,6317,0.34781411738795287,18162,train
27,0.25308840906649477,0.14487762882794245,1,-6,6,0.8452461540503591,1,3174,8485,33,13534.png,0.7319708499045955,0,0.7895846249225047,0.9093505454960873,9730,7175,0.356238518444963,20141,train
24,0.17757334467164007,0.0974378552642742,1,-7,7,0.8400938092331417,1,9079,15808,31,13630.png,0.7242773733949325,0,0.805277031854352,0.8780572978926302,15742,10158,0.3748616134032032,27098,train
25,0.16923606331727462,0.09244013382955528,1,-3,3,0.836850056040154,1,10088,16696,28,13682.png,0.7194687670199841,0,0.8044690120391624,0.8719471947194719,18192,12221,0.3953097202005499,30915,train
23,0.25460487225193107,0.1458723404255319,1,-1,1,0.8339447769839737,1,3481,5119,24,13698.png,0.7151846332174201,0,0.8083776297072696,0.8611820066996331,6705,4147,0.2749270750464068,15084,train
22,0.2195318805488297,0.12330009066183137,1,-10,10,0.8669602374661578,1,3900,16493,32,13747.png,0.7651631179539147,0,0.8011430087172501,0.9445597475336195,15994,12829,0.4429138615570516,28965,train
27,0.25546161266526696,0.14643507676294562,1,-2,2,0.8326134070697258,1,5586,5613,29,13763.png,0.7132285158250538,0,0.8322775354090719,0.8329495499267323,8735,4829,0.2470076726342711,19550,train
23,0.3023725628376791,0.17811479492998283,1,-4,4,0.8786922856323487,1,2208,9636,27,13767.png,0.7836317135549872,0,0.8165689484504682,0.9510464703795672,10442,8524,0.39295592845288585,21692,train
34,0.28027245855288524,0.16297492003706693,0,14,14,0.9247064911543064,0,11792,16144,20,1377.png,0.8599572893794929,0,0.9139858276946028,0.9356816371946896,17276,9435,0.2506109222269443,37648,train
24,0.24009197889895847,0.136423026669741,1,-7,7,0.8172079386558412,1,4425,5301,31,13780.png,0.6909142911621698,0,0.8039715997337475,0.8308874111442329,7712,4657,0.2716243802857976,17145,train
25,0.32349192863211557,0.1929557836057266,1,-2,2,0.9066757493188011,1,5815,8707,27,1379.png,0.8292834890965732,0,0.8901324921135647,0.9238455695539433,12342,7431,0.2510218558929838,29603,train
23,0.23848649559684826,0.13538726498588718,1,-8,8,0.860187785891983,1,5785,11637,31,13796.png,0.7546750028162668,0,0.8216032254602873,0.902574984422102,13415,9300,0.3694581280788177,25172,train
29,0.2796797349530646,0.16257422564596374,1,-2,2,0.8181561393216435,1,3739,4630,31,13798.png,0.6922709221944403,0,0.8026175555271348,0.8343082513515909,6647,3990,0.24412628487518356,16344,train
24,0.2846567578509051,0.16594740391099122,0,1,1,0.92524462140962,0,8197,11216,23,1380.png,0.8608885704048728,0,0.9146117713337343,0.9361276045319246,16176,9831,0.2812553641929393,34954,train
25,0.32094754653130286,0.19114801676878426,0,3,3,0.9265598603009935,0,6994,7221,22,1382.png,0.8631686351516552,0,0.925474492481397,0.9276477768812199,12477,6918,0.2323269637639789,29777,train
27,0.29500242600679283,0.17302219692657939,0,0,0,0.8561238884750115,0,4171,4906,27,13821.png,0.7484410941440568,0,0.8462647280020055,0.8662154793597845,7281,4211,0.23364589690950452,18023,train
27,0.3128428752285835,0.18542604635651158,0,3,3,0.9411928855216389,0,8503,8356,24,1383.png,0.8889181727734548,0,0.9416757405701204,0.9407105253983196,14584,8083,0.22105234370726906,36566,train
29,0.21623918417799753,0.12122655810126035,0,5,5,0.8625807703641943,0,7599,11520,24,13837.png,0.7583666144279865,0,0.8389374344634744,0.8875954085557067,14298,9121,0.34257276995305164,26625,train
26,0.2842957531316835,0.16570207461490516,0,2,2,0.9350884740026958,0,10503,12131,24,1384.png,0.8780902931132919,0,0.9307429249995718,0.9394747912476733,17959,10466,0.2616369181540923,40002,train
19,0.32673267326732675,0.1952662721893491,0,2,2,0.8614260793720018,0,4376,708,17,1385.png,0.7565833572728143,0,0.9571168988491823,0.7831301417385271,4001,633,0.05229676140118969,12104,train
36,0.2710711683264513,0.156785613936499,0,13,13,0.9249533233127304,0,13082,9186,23,1387.png,0.8603843380670241,0,0.9372596695648611,0.9129659567956676,16717,7486,0.19697926534049048,38004,train
32,0.2973540529189416,0.17464232856438086,0,12,12,0.9331215668766033,0,12684,5591,20,1388.png,0.874627828162946,0,0.9579883079605056,0.9095131086142322,14364,5358,0.16443148688046647,32585,train
24,0.22558577048058834,0.12713253012048192,1,-2,2,0.8708699996776585,1,8317,7707,26,13887.png,0.771275229095892,0,0.8751720898592508,0.8666099982357941,12216,6444,0.2608590049791523,24703,train
25,0.29215354447041125,0.1710654628959703,0,0,0,0.9397621690185508,0,11045,7951,25,1389.png,0.8863692103389902,0,0.9490738368518139,0.9306314454032735,16081,7654,0.2062683590697173,37107,train
26,0.19940003529204164,0.11074088592708742,0,4,4,0.8540824435921357,0,9790,7102,22,13890.png,0.7453262573875287,0,0.8743853691322651,0.8347009759227366,12215,5665,0.23706896551724138,23896,train
27,0.2227115126667173,0.12530971435081023,0,12,12,0.9309891821679537,0,16261,11738,15,1390.png,0.8708884574769782,0,0.9414849599696906,0.9207248404600211,19550,10672,0.2818508345658145,37864,train
26,0.2803940089056807,0.1630571249215317,1,-5,5,0.8503121121085107,1,4179,4142,31,13908.png,0.7396025661085902,0,0.8508784562211982,0.849746521410851,6879,3805,0.2259098735379683,16843,train
35,0.22480292442742397,0.12663547474294679,0,15,15,0.9265757054196339,0,17340,10261,20,1391.png,0.8631961379091576,0,0.9443594915842444,0.909449332880754,20243,9509,0.2308962435956584,41183,train
27,0.26083768673815416,0.14997892074198987,1,-6,6,0.8720844730727374,1,5680,7367,33,13923.png,0.7731824345467821,0,0.8578951429343004,0.8867510716777989,10812,6158,0.2568080403686559,23979,train
25,0.2675098814229249,0.15440773863843768,0,2,2,0.9202346600116117,0,10870,7540,23,1393.png,0.8522543055711603,0,0.9337061264683126,0.9071463960500914,14798,6924,0.21320359650203227,32476,train
26,0.26186654437055723,0.15065963060686016,0,3,3,0.889453578295598,0,11180,1871,23,1394.png,0.8009152619937457,0,0.9655908045977012,0.8244457006469443,9640,1861,0.07725838591829957,24088,train
30,0.22597417771805808,0.1273793058025423,0,5,5,0.9058407732132266,0,18128,5370,25,1395.png,0.8278875240794861,0,0.9546448872034392,0.8617839688312481,16552,4559,0.12608900074674337,36157,train
23,0.30920237800346795,0.18287367688532397,0,3,3,0.9175683620746716,0,12725,8446,20,1396.png,0.8476917432248688,0,0.9331147644841459,0.9025315001340432,13968,7637,0.22929802437999158,33306,train
28,0.19146857701074568,0.10586964350018005,1,-8,8,0.7914019648201511,1,9572,9177,36,13971.png,0.6548099051827304,0,0.7948952908834902,0.7879392086490319,12492,6547,0.27750932519498134,23592,train
23,0.2515204702232744,0.1438509664767952,1,-3,3,0.8717798455751337,1,4425,11766,26,13982.png,0.7727036626282762,0,0.8238833672614059,0.9255889821245397,12923,9389,0.3733052363723112,25151,train
31,0.28914557132833163,0.16900653058649084,0,9,9,0.9349892345617374,0,13068,7766,22,1400.png,0.8779152895951996,0,0.9507183470403087,0.9197721105558488,16938,7236,0.18609196584713505,38884,train
18,0.3699513919575784,0.22695727607894167,1,-1,1,0.8514315734173891,1,4545,1111,19,1402.png,0.7412980835201024,0,0.9358470955075644,0.780984965304549,4261,1069,0.07981185605494998,13394,train
22,0.6371403319257586,0.46750252197723013,1,-2,2,0.9236781948233906,1,989,1081,24,14022.png,0.8581803233762675,0,0.920555596384214,0.9268220495745468,1996,1081,0.08957573748757043,12068,train
23,0.25416372262036946,0.1455827937095282,0,2,2,0.933155422233704,0,12310,14341,21,1404.png,0.8746873177979649,0,0.928425980455766,0.937933294678196,19434,11573,0.29850399793654886,38770,train
18,0.21551805411520694,0.12077345731191885,1,-4,4,0.8883360676538815,1,11314,19927,22,1405.png,0.7991048749590056,0,0.8618051943548667,0.9165523447065245,19556,12902,0.37024708009297785,34847,train
27,0.556219596942321,0.38525221409318444,0,3,3,0.9357334534699234,0,633,2648,24,14050.png,0.8792284757242242,0,0.900203512474561,0.9741832864309311,3281,2648,0.1659459798207683,15957,train
32,0.20268721344880286,0.11277236492471214,0,9,9,0.8836761424053377,0,18710,6779,23,1406.png,0.7915947835329709,0,0.934562478884116,0.8380451153852813,16071,5212,0.16081952544046407,32409,train
22,0.5793035801863659,0.40776028721347696,1,-1,1,0.9159178194563555,1,451,1804,23,14064.png,0.8448785856779253,0,0.8719295754650007,0.9645802246132098,2255,1804,0.15332313445520993,11766,train
24,0.2635170603674541,0.15175332527206772,0,0,0,0.9271723679595341,0,13155,6570,24,1408.png,0.8642323708572806,0,0.9502762430939227,0.9051652669141765,15730,6094,0.17077203306711503,35685,train
27,0.19490082147866158,0.10797236173932347,0,6,6,0.9111839187660088,0,17826,15219,21,1409.png,0.8368575138358849,0,0.9176135594688378,0.9048437550044306,22642,11711,0.2871398798577909,40785,train
24,0.32798197838546866,0.19615935602701412,0,5,5,0.9356070093274631,0,9315,12024,19,14090.png,0.8790052335240385,0,0.928020688664336,0.9433183845587475,15105,9894,0.2812233528508897,35182,train
25,0.18644838562983174,0.10280842527582748,0,4,4,0.7987995855712091,0,15331,1564,21,1411.png,0.6650010905557869,0,0.9554441342373654,0.686283738157114,9101,1116,0.05598194130925508,19935,train
25,0.15422430907887688,0.0835552823874889,0,9,9,0.8199382073683277,0,21835,22807,16,1412.png,0.6948265018730688,0,0.8167361730508079,0.8231654478161925,15851,3822,0.12860459638615027,29719,train
34,0.29264547827422077,0.17140287769784174,0,8,8,0.9015243565668839,0,9948,4316,26,1414.png,0.82070491226306,0,0.9379956326858981,0.8677830940988835,11291,4178,0.14640128950872522,28538,train
21,0.19424088048601085,0.10756743708889023,0,1,1,0.8859985701448876,0,19647,15115,20,1416.png,0.7953298320812039,0,0.8993654999766972,0.8730231566157605,21045,10897,0.28150348747093773,38710,train
25,0.2816546581347307,0.16391039174290406,0,1,1,0.8941061139564661,0,1458,9128,24,14160.png,0.8084917777737576,0,0.8303944703543358,0.9684066827016837,9578,8180,0.38526752072343634,21232,train
25,0.17416500659715933,0.09538923682942727,0,7,7,0.8987401511818581,0,26999,10978,18,1417.png,0.8161018057149498,0,0.9388453139622978,0.8619210056614485,21553,8890,0.22761604833960622,39057,train
26,0.5417073896230825,0.3714668686986421,0,0,0,0.9412195470457956,0,1699,4883,26,14186.png,0.8889657382884326,0,0.9151962486974644,0.9687660857415986,5844,4149,0.16894698265331054,24558,train
28,0.2881262510516086,0.16831045585493984,0,7,7,0.9373676515075123,0,12129,7747,21,1419.png,0.8821184983097088,0,0.9504923920475968,0.924600436396188,15713,6591,0.18492747117084257,35641,train
25,0.5466364138100203,0.3761181434599156,0,1,1,0.9361316435123689,0,1388,2699,24,14195.png,0.8799318428861013,0,0.9173379069553765,0.9557115507338864,3812,2467,0.13778274225076795,17905,train
25,0.5341979582000613,0.36444072457703114,1,-2,2,0.9511941308080545,1,2573,3055,27,14214.png,0.9069305948305799,0,0.9472347922208021,0.9551867075379685,5589,3055,0.1252254467945565,24396,train
22,0.05236350638906264,0.026885667094879794,0,3,3,0.5202861496345652,0,18501,74,19,1422.png,0.35161267802289864,0,0.9927072040997339,0.3525232729054385,7645,29,0.0018608829568788501,15584,train
27,0.2526690391459075,0.1446028513238289,0,2,2,0.8592483065534342,0,24165,5154,25,1423.png,0.7532299197885718,0,0.9455444498446844,0.7873866105915166,15408,4744,0.14016841483232384,33845,train
27,0.2786393680477188,0.16187158162883045,0,1,1,0.9095747990790425,0,12332,6559,26,1424.png,0.8341468982107426,0,0.9354238456237078,0.8851159367634592,14146,5951,0.1807441154138193,32925,train
29,0.24815977762907293,0.1416566273910616,0,5,5,0.9250238708579374,0,11259,14732,24,1425.png,0.8605064296601619,0,0.915848399166024,0.9343850529162199,19607,12457,0.3200174690438268,38926,train
25,0.2807462416228944,0.16329540665823852,0,0,0,0.8641529380671307,0,5146,4106,25,1426.png,0.7608004343442178,0,0.8775534548057138,0.8511555259884881,7342,3039,0.16226173314111805,18729,train
20,0.5012307411796882,0.3344282238442822,1,-3,3,0.8750469476786179,1,3105,1220,23,14264.png,0.7778519697981406,0,0.9254461011977512,0.8298536906131843,3274,1220,0.0902567137678479,13517,train
30,0.22761450819463208,0.12842268752876207,0,7,7,0.8914406534831375,0,14404,19791,23,1427.png,0.8041433742668622,0,0.8764514195819911,0.9069515054812307,20230,10944,0.27768192428701916,39412,train
24,0.5851437245043165,0.4135711412096017,0,0,0,0.9155325443786982,0,757,1527,24,14271.png,0.8442231619151548,0,0.890183387270766,0.9423677198325086,2267,1516,0.12332221589522492,12293,train
20,0.32544827005640203,0.19434948723104767,1,-3,3,0.8537101067137634,1,3530,2351,23,1428.png,0.7447593420424461,0,0.8795038696120138,0.8293861768970517,4903,2100,0.1505592199598509,13948,train
23,0.3070534496055051,0.18137220548041208,0,1,1,0.8451802934728517,0,4569,6942,22,1429.png,0.7318720737928304,0,0.8190396746780668,0.8730445413876462,7259,3814,0.20773420479302832,18360,train
25,0.5308725480722775,0.3613522757169166,0,0,0,0.9451666700154715,0,2174,3284,25,14297.png,0.8960341346337003,0,0.93474286622685,0.9558255780875361,5247,3159,0.14100790072758113,22403,train
48,0.19561609189345838,0.10841156974112631,0,0,0,0.8803635578597178,0,17207,59822,48,1430.png,0.7862941261333245,0,0.8257122629553341,0.9427620067726248,47283,36849,0.4625784584484057,79660,train
25,0.5657722287369801,0.3944786456329357,0,1,1,0.9391195524146054,0,1703,1605,24,14300.png,0.8852265630421206,0,0.9408164017847266,0.9374288128743065,3279,1605,0.09728451933567706,16498,train
27,0.5048203330411919,0.3376318874560375,0,0,0,0.9330619568564963,0,2260,2739,27,14302.png,0.8745230923694779,0,0.9271154869611495,0.9390851998598421,4900,2734,0.13412480376766092,20384,train
27,0.35845183990617213,0.21836206126641064,0,5,5,0.8666793820331871,0,3680,2611,22,1431.png,0.7647256815886907,0,0.8867687237087472,0.8474801061007957,5188,2011,0.1299095607235142,15480,train
26,0.21373034755095532,0.11965178228154007,0,1,1,0.8991852960801134,0,10343,25617,25,1432.png,0.8168361967533757,0,0.8622623451479697,0.9394118680803702,24916,18062,0.42576964782424215,42422,train
25,0.606597379123362,0.43533532235049943,0,1,1,0.924424305954756,0,1125,1110,24,14326.png,0.8594693158953722,0,0.9248934298667028,0.9239556576990672,2229,1110,0.08518149029237972,13031,train
28,0.5582123934577287,0.3871668690483799,0,1,1,0.9476638634419148,0,1912,3104,27,14327.png,0.9005334232286978,0,0.9360224251293361,0.9595985208663497,5000,3104,0.13146414806657913,23611,train
29,0.30114348948727404,0.17726246308841412,1,-2,2,0.8617649600968048,1,4625,14567,31,1434.png,0.7571063355860986,0,0.804178037075374,0.9282356044501684,11787,7923,0.28324753324753327,27972,train
25,0.5362733546540986,0.36637534498620056,1,-1,1,0.9403045850639303,1,1258,3140,26,14340.png,0.8873347679065478,0,0.9168828418656361,0.9649543124582126,4382,3127,0.16272897585345544,19216,train
42,0.21491340528192815,0.1203938262254838,0,22,22,0.9331196194514102,0,22347,11284,20,1435.png,0.8746244063196665,0,0.9541104943166799,0.9130324800161894,21901,9636,0.2268521788261883,42477,train
27,0.5162079510703363,0.34789777411376754,0,0,0,0.9370364638516208,0,1702,3587,27,14358.png,0.8815320864598499,0,0.9164706704235848,0.9585464464903307,5222,3561,0.1670811241964998,21313,train
30,0.32389247808029537,0.1932408713907148,0,5,5,0.9359762741035386,0,8199,9136,25,1436.png,0.8796573340645761,0,0.932748365820623,0.939226601240818,14873,8001,0.22139516865436232,36139,train
30,0.47691190204420464,0.31312167870282054,0,2,2,0.9252635194040103,0,1470,4188,28,14368.png,0.8609212919718795,0,0.8931959604202795,0.9597194059297419,5624,4158,0.19695893136279666,21111,train
34,0.22757630609824606,0.1283983659670376,0,14,14,0.9186894668143777,0,8793,13446,20,1437.png,0.8496074334056927,0,0.9033218291630716,0.934589033453101,17272,11283,0.3439624424595311,32803,train
25,0.5715935334872979,0.40016168148746967,0,1,1,0.9041316491369332,0,290,1615,24,14376.png,0.8250367376928729,0,0.8476127571239856,0.9687264100075488,1905,1615,0.15914465904611746,10148,train
30,0.20831641548639804,0.11626852938039885,0,9,9,0.9180336649186618,0,12527,21141,21,1438.png,0.8484863485606023,0,0.8991768566032697,0.937698314019993,24192,16328,0.3817004465016247,42777,train
21,0.2603305785123967,0.1496437054631829,1,-2,2,0.8547919887686375,1,4991,3180,23,1440.png,0.7464076223580894,0,0.8832170400293794,0.8281395268757963,6859,2831,0.16613849765258215,17040,train
26,0.4839606501283148,0.3192269713640852,0,1,1,0.9368141360944631,0,1255,4048,25,14400.png,0.8811386305054354,0,0.9066420664206642,0.9690635245396505,5283,4036,0.20154806491885144,20025,train
24,0.3944497004099653,0.24567881835323696,1,-3,3,0.8997972777295106,1,2251,3977,27,1441.png,0.8178468017899447,0,0.8754852849092047,0.9254981134573377,5755,3868,0.21860517689612297,17694,train
28,0.609928047096446,0.4387744431663704,0,1,1,0.9309860519178613,0,947,1903,27,14414.png,0.8708829792053641,0,0.9099214238379248,0.953049082796232,2844,1903,0.12121019108280255,15700,train
33,0.204527885146328,0.11391315044900972,0,16,16,0.9155917906278586,0,12173,15325,17,1442.png,0.8443239203786318,0,0.9068179468938302,0.9245370743470687,20521,12253,0.32962096145051517,37173,train
36,0.30225314777998674,0.1780319294273781,0,9,9,0.9162379266453455,0,9136,6526,27,1443.png,0.8454235013126468,0,0.9292083396611199,0.9036246255116249,12955,6108,0.19135937842664244,31919,train
21,0.5051729543316961,0.3379474272930649,1,-1,1,0.8910399050585966,1,1183,1755,22,14430.png,0.8034914052571734,0,0.8725305055200465,0.9103516217035466,2767,1755,0.1522380291464261,11528,train
25,0.22554163323251653,0.12710449422568526,0,0,0,0.8978780525582116,0,7341,16395,25,1444.png,0.8146812198435377,0,0.8642134817501925,0.9342716699347283,18568,13697,0.40506890637014253,33814,train
28,0.3978235747303544,0.24830197751998556,0,4,4,0.9118441569850438,0,1184,6844,24,14443.png,0.8379720265606394,0,0.8584868597895086,0.9722736107533428,7536,6590,0.3047117029638877,21627,train
28,0.4781466443754478,0.31418706842435656,0,2,2,0.9393280252521676,0,1917,4080,26,14444.png,0.8855971003433804,0,0.9192127200364335,0.9603434009102193,5945,4050,0.17872115087595428,22661,train
24,0.47895907903647095,0.3148890160910768,1,-1,1,0.9351689337428697,1,1237,4673,25,14447.png,0.878232203564438,0,0.9012008964438243,0.9717979116319365,5893,4659,0.21491835040132853,21678,train
11,0.423728813559322,0.26881720430107525,0,3,3,0.8608644168146833,0,877,1238,8,1445.png,0.7557172557172557,0,0.8408944865698497,0.8818059299191374,1292,485,0.09715544871794872,4992,train
33,0.2579071235864761,0.1480444166199875,0,9,9,0.9087317909833839,0,8757,14763,24,1446.png,0.8327300140102837,0,0.8880352511110774,0.9304160574661496,17923,11881,0.32854022066753313,36163,train
30,0.26412454084309955,0.1521563885530028,0,6,6,0.8812480671885936,0,10955,3637,24,1448.png,0.7877064086709827,0,0.9370543440636898,0.8317152600694337,10277,3562,0.14174293672900914,25130,train
26,0.46313055796017943,0.3013467151415843,0,0,0,0.9452482759613585,0,2416,5190,26,14481.png,0.8961808304441593,0,0.9267425119272789,0.9645081678223058,7451,5187,0.19377615062761505,26768,train
27,0.5307671157547429,0.36125458492402124,1,-2,2,0.9337420828874685,1,700,3882,29,14486.png,0.8757187805142671,0,0.8926675514266755,0.9787788758867398,4582,3882,0.19477196327329285,19931,train
25,0.3593457620070691,0.21902589447894225,0,3,3,0.9357087370701991,0,5320,7260,22,14503.png,0.8791848337590995,0,0.9265226808088578,0.9450787686081804,10991,7220,0.247599451303155,29160,train
27,0.202894526776108,0.11290073387408266,0,1,1,0.8788890785711237,0,6064,16638,26,1451.png,0.7839448013323816,0,0.8319580652654756,0.9314314144532266,17035,12604,0.41145170241243106,30633,train
26,0.245691392267027,0.14005026891165104,0,2,2,0.9231795208401706,0,10083,19176,24,1453.png,0.8573198027961593,0,0.9016534690025848,0.945758535916209,23043,15243,0.35346906594935534,43124,train
28,0.2892386505341916,0.16907013396375098,0,8,8,0.9180020096250463,0,8568,10038,20,14530.png,0.8484322686282656,0,0.9120931087933164,0.9239879700849014,13326,9242,0.3000746777492776,30799,train
17,0.2728260869565217,0.157960981749528,0,2,2,0.8107281256373648,0,1403,2309,15,1454.png,0.6817012519293432,0,0.7749293303440881,0.8499946541216722,3213,2019,0.24384057971014492,8280,train
20,0.30906164188997254,0.18277522678911412,0,0,0,0.8396505245379844,0,2907,2030,20,1455.png,0.7236186530817892,0,0.8642685209949185,0.8163961346554665,4269,1827,0.15044466403162055,12144,train
25,0.24987705925743792,0.14277686066523831,1,-1,1,0.9134169968992313,1,5748,14943,26,1457.png,0.8406325097048494,0,0.8795735147158377,0.9499691006101542,17468,12880,0.3802999881894414,33868,train
27,0.5665629605370885,0.3952478866803747,0,0,0,0.9405236198064884,0,1341,2839,27,14571.png,0.8877249529948966,0,0.9208949817492825,0.9610072402663488,4171,2836,0.14024329937691624,20222,train
24,0.5847784929950777,0.4132063356164384,0,1,1,0.9357553875662868,0,1162,1685,23,14589.png,0.8792672066494212,0,0.9248405370444712,0.94693094629156,2831,1685,0.11226597374908388,15009,train
28,0.5415527887438,0.3713214880621877,0,0,0,0.9398231607863335,0,1043,3864,28,14594.png,0.8864777327935223,0,0.9083969465648855,0.9735016894895963,4887,3844,0.17889054355919584,21488,train
38,0.25979306589217643,0.1492886051654358,0,10,10,0.893949203187251,0,9397,7639,28,1460.png,0.808235214660393,0,0.9038405860953412,0.8842719737927807,13058,6589,0.22735585383527138,28981,train
26,0.2651103744974963,0.1528110898817025,1,-2,2,0.9056417350064223,1,5270,10965,28,1461.png,0.8275550740339472,0,0.8766258607498087,0.9366441855712242,13837,9603,0.31975892381459775,30032,train
23,0.2684081446415331,0.15500658761528327,1,-4,4,0.9284035321771171,1,7829,12457,27,1462.png,0.8663741996680104,0,0.9134828417243702,0.9438197409493739,17242,10873,0.2976131822412,36534,train
24,0.31675710181934247,0.18818264563106796,0,2,2,0.9271513063548499,0,9319,7851,22,1463.png,0.8641957732219692,0,0.9329621818243918,0.9214123679172886,13280,7038,0.22340729454337682,31503,train
23,0.5183382291229542,0.3498357312790302,0,0,0,0.9147245902504685,0,892,2339,23,14635.png,0.8428501945525292,0,0.8810758592637787,0.951045496954064,3197,2321,0.1721682367776871,13481,train
27,0.5012782275244994,0.33447050461975836,0,0,0,0.9354359124235994,0,1272,3809,27,14640.png,0.8787032395139536,0,0.9062215328557008,0.9665966386554622,4997,3777,0.18470340847963226,20449,train
24,0.49803827368083914,0.33159185414223263,0,1,1,0.9160593926430721,0,817,2558,23,14646.png,0.8451195447661879,0,0.8780394774482693,0.9575209275724016,3356,2557,0.1863023679417122,13725,train
27,0.4576602018356244,0.29673111099143734,0,4,4,0.9471284604974445,0,3532,4516,23,14653.png,0.8995669699125204,0,0.9410451560684586,0.9532909266434796,7473,4401,0.17709548911512615,24851,train
24,0.2377279267803647,0.1348985383091503,0,4,4,0.9306306214435766,0,10278,16932,20,1466.png,0.8702611465271851,0,0.9151069686288863,0.9466900418574978,22190,14746,0.34971303894132716,42166,train
25,0.4533179900268508,0.2930906205049353,0,0,0,0.951248196510627,0,3186,4856,25,14664.png,0.907028901734104,0,0.9417144777588401,0.9609769242075351,7745,4854,0.17918712392484035,27089,train
26,0.44797157240153984,0.2886361901854537,0,0,0,0.9260659799191551,0,1128,3975,26,1467.png,0.8623118018455561,0,0.8893805309734514,0.9659080605675945,5068,3971,0.21699453551912568,18300,train
24,0.39052631578947367,0.24264224983649443,1,-2,2,0.9324637507293478,1,3141,9244,26,1469.png,0.8734726819500633,0,0.9024307864433256,0.9645645306859206,11604,8822,0.2728481736925123,32333,train
25,0.4313780522031995,0.2750044730721059,0,1,1,0.9425655254992488,0,3367,6610,24,14690.png,0.8913701493837376,0,0.9252913186477841,0.9604969847713354,9303,6075,0.20221016542955098,30043,train
22,0.36337552742616036,0.22202743116427762,1,-5,5,0.9358335989682374,1,4054,13459,27,1470.png,0.8794053242621641,0,0.9046596962484416,0.9692326373868233,15760,12186,0.3275894513293368,37199,train
24,0.6257114818449461,0.4552984861468152,0,1,1,0.9278306272798799,0,564,1454,23,14700.png,0.8653769179452969,0,0.8992097601552752,0.9583333333333334,2001,1454,0.12272113436866981,11848,train
23,0.3144673308477477,0.18656851724262974,1,-6,6,0.920907471196104,1,2646,14001,29,1471.png,0.8534091809688186,0,0.8737682008745435,0.9734230614704701,15109,12758,0.3777126446990556,33777,train
25,0.5170586039567002,0.3486709625453081,0,1,1,0.9294050048542728,0,1262,2301,24,14728.png,0.8681200725469149,0,0.910658124635993,0.9489399579219938,3510,2291,0.151511143442894,15121,train
4,0.45561594202898553,0.29501466275659827,0,1,1,0.8801360900287882,0,175,741,3,1473.png,0.7859312923580276,0,0.8194444444444444,0.9505370265686829,568,393,0.1773465703971119,2216,train
29,0.3773435114503817,0.23254676150690604,0,2,2,0.9269268997921749,0,4895,11279,27,1474.png,0.8638059230192746,0,0.9009414905763117,0.9544557956046819,13142,9037,0.264077613161509,34221,train
29,0.46893838441525476,0.3062831564986737,0,3,3,0.9140585253716719,0,1099,3462,26,14742.png,0.8417198778456413,0,0.8750947072193961,0.9566537824406405,4537,3447,0.20107332438896341,17143,train
25,0.5705970266656178,0.39918556020250934,0,2,2,0.9357634928600758,0,619,2197,23,14752.png,0.879281519269516,0,0.9032499559626563,0.9707051585423568,2816,2197,0.15424038191519235,14244,train
23,0.3204368537237133,0.1907858328721638,1,-3,3,0.9194408590754416,1,4657,16626,26,1476.png,0.8508936015188774,0,0.8795915411355736,0.9630722141605411,16648,12776,0.3449989198531,37032,train
29,0.44838534366865934,0.2889798326143863,0,4,4,0.9537406634612476,0,5978,6260,25,1477.png,0.9115719498536797,0,0.9527251032722385,0.9547583910394672,11180,6094,0.16923076923076924,36010,train
26,0.5222242003441933,0.3533852702594169,0,0,0,0.9322341457310015,0,1148,3184,26,14778.png,0.8730698233174133,0,0.9034595676298475,0.9629019227661981,4317,3184,0.17052270779777207,18672,train
22,0.26899290780141843,0.15539676816677045,1,-2,2,0.8974687254160947,1,6628,19960,24,1478.png,0.8140074990206503,0,0.8535841084475221,0.9461103161181215,18362,13116,0.35406543569808874,37044,train
26,0.3316138071583238,0.1987632171622705,1,-1,1,0.9203779230627344,1,2876,12664,27,1479.png,0.8525000949162839,0,0.876424668227947,0.9689725111120701,13813,11031,0.334009568218979,33026,train
26,0.4863282466521333,0.32129042877129455,0,0,0,0.9214861549246407,0,837,3643,26,14797.png,0.8544036399090023,0,0.8782948585173554,0.9691451321561544,4463,3641,0.20501126126126126,17760,train
28,0.32916190165005715,0.1970040675844806,0,1,1,0.922466181632969,0,3248,12279,27,1480.png,0.8560902367138117,0,0.8826615446362021,0.9660304345552476,13849,11206,0.34999063027047284,32018,train
31,0.3969428007889546,0.2476161181175023,0,2,2,0.9296727370558505,0,3715,7264,29,1481.png,0.8685873650444067,0,0.909007778932996,0.9512991269237828,10078,6756,0.22257363115240167,30354,train
27,0.4311934437425303,0.27485443761223266,0,1,1,0.9340898660770162,0,2560,5339,26,1482.png,0.8763307865731463,0,0.9129207985386222,0.9562639878359216,7611,5280,0.2119205298013245,24915,train
19,0.32543786037194444,0.1943420627222761,1,-6,6,0.931348317342814,1,6211,16343,25,1483.png,0.8715171954130374,0,0.9034843205574913,0.9609856907750097,18936,13629,0.34954220204662617,38991,train
24,0.5567324544692525,0.38574445617740233,0,0,0,0.9291712882269054,0,636,2493,24,14842.png,0.867712340929269,0,0.8916887517921537,0.9699432892249528,3116,2481,0.17051546391752578,14550,train
21,0.3680232165755551,0.2255076299574046,0,0,0,0.9381912692838749,0,3685,9252,21,14843.png,0.883578409315887,0,0.9138844159833205,0.9638264454697163,11421,8771,0.29097001061571126,30144,train
21,0.3912504839334108,0.24320161717283534,0,0,0,0.9364873107215784,0,3052,6528,21,14844.png,0.8805605425892679,0,0.9153921924412878,0.9585776330076005,8979,6483,0.24720686367969494,26225,train
34,0.31483094910204884,0.18682454969979986,0,12,12,0.930702317706813,0,8835,11344,22,1485.png,0.8703865472810657,0,0.9227516326072005,0.938791204223303,16712,9740,0.26928393696433506,36170,train
24,0.278783274088948,0.16196872241140117,1,-2,2,0.922452434152617,1,5304,17602,26,1486.png,0.8560665564932168,0,0.885581679548099,0.9625267590309522,19716,15294,0.3924758776431944,38968,train
31,0.36506830642474175,0.22329269648349206,0,7,7,0.9320886546221834,0,5740,10803,24,1487.png,0.8728146382716998,0,0.9131102710528433,0.9518726890086948,13874,9275,0.2704318161938362,34297,train
27,0.5451684661711247,0.37472961885582157,0,1,1,0.9417585815895269,0,1040,3480,26,14874.png,0.8899279173972335,0,0.9130521686987807,0.9723286504895701,4493,3456,0.17178645988666866,20118,train
58,0.2763530319924522,0.16033041401273884,0,33,33,0.9299049588987358,0,16020,15428,25,1489.png,0.8689928680930481,0,0.9311336082989626,0.9286795476805271,23324,12188,0.24916182844059204,48916,train
23,0.4395021119126827,0.28164223435853214,0,0,0,0.9458829960428278,0,2260,6848,23,14898.png,0.8973225860999944,0,0.9207820001156805,0.9723908767729088,8849,6709,0.246283176094857,27241,train
29,0.4480465502909393,0.28869844670594536,0,3,3,0.9227622782024881,0,1327,4149,26,1491.png,0.8566004137533716,0,0.887438958220293,0.9610141606439861,5183,3927,0.21341231454812237,18401,train
24,0.5725721190152545,0.40112157443656754,0,0,0,0.9322524343193092,0,362,2588,24,14918.png,0.8731019056222308,0,0.8869128249945379,0.9824773706374945,2950,2588,0.17713894592744694,14610,train
27,0.2967635032204613,0.17423505413463047,0,5,5,0.9379329972126349,0,12777,9468,22,1492.png,0.883120363170173,0,0.946673275245428,0.9293526341398681,16996,8062,0.20978402289877698,38430,train
23,0.5614341238994209,0.3902734891927658,1,-1,1,0.9276413139982244,1,1046,1888,24,14924.png,0.8650476059058921,0,0.9087702343561247,0.9473127487029668,2901,1888,0.12948357451477951,14581,train
27,0.32126125620669344,0.19137060927108052,0,0,0,0.922785065271262,0,6856,12681,27,1493.png,0.8566396876994988,0,0.9020189610811061,0.9445298467612745,16415,11354,0.3007602447617282,37751,train
27,0.34624183006535947,0.20936666337318446,1,-1,1,0.9390908010541842,1,5214,12212,28,1495.png,0.8851754721208207,0,0.9166689412342713,0.9626370476531709,15991,11346,0.2957845616413358,38359,train
25,0.5587257617728532,0.38766096482798384,1,-1,1,0.9263085815559986,1,1365,2294,26,14951.png,0.8627325930372148,0,0.9092957969238069,0.9439701173959445,3530,2288,0.1380808690404345,16570,train
23,0.4534068136272545,0.2931648850016197,0,1,1,0.9409731018553014,0,2714,5208,22,14973.png,0.8885261587819773,0,0.9238061797752809,0.9587901242066263,7413,5109,0.21061093247588425,24258,train
47,0.2658944262150675,0.15333231738291173,0,23,23,0.9253409764775647,0,9842,20374,24,1498.png,0.8610554196479482,0,0.9018716345737047,0.950064436258841,22961,15751,0.3418705098430751,46073,train
28,0.48570814528261336,0.3207493613397672,1,-1,1,0.9439622202268116,1,1764,4976,29,14983.png,0.8938716382188071,0,0.9194091733609744,0.9698626392400738,6704,4962,0.20115944379130013,24667,train
27,0.32149146778405296,0.19153400868306802,1,-1,1,0.9159077026866869,1,4555,13893,28,1499.png,0.8448613692363325,0,0.8785130904702776,0.956627309083984,16075,11944,0.33543966074086556,35607,train
26,0.544281914893617,0.37389239060929935,0,0,0,0.9264956602603843,0,1464,2330,26,15003.png,0.8630572098899115,0,0.911207652147403,0.9423054187192118,3676,2330,0.13770685579196218,16920,train
32,0.44811796662786185,0.2887577515503101,0,5,5,0.9390867097599619,0,2302,5887,27,15007.png,0.8851682021510805,0,0.914694758806567,0.9648152110781646,8107,5858,0.2133440163158278,27458,train
17,0.39723203769140164,0.24784126400881867,1,-1,1,0.8470979582473044,1,959,1707,18,1501.png,0.7347527609193115,0,0.8122525296964365,0.8850671140939598,2471,1652,0.203248031496063,8128,train
27,0.552864539836312,0.38204062788550325,0,3,3,0.9281980599693131,0,640,2121,24,15020.png,0.8660164021934295,0,0.8937747283016978,0.965379205885535,2761,2121,0.15585274450731135,13609,train
33,0.45452750074059445,0.2941026132515494,0,8,8,0.9327625283303954,0,1694,4714,25,15027.png,0.8739971684756961,0,0.9041129327529392,0.9632872437258897,6249,4696,0.214939582570487,21848,train
29,0.4896511988653991,0.32419742942660956,0,3,3,0.93682725568632,0,2008,4530,26,15028.png,0.8811618438272503,0,0.9145412013281015,0.9602265974725667,6356,4415,0.18405803143369326,23987,train
31,0.35944885849341246,0.21910250122609123,0,3,3,0.9296292138271706,0,5762,8028,28,1503.png,0.8685113848735649,0,0.9190023609177311,0.9405047084090533,11773,7258,0.22980717474590762,31583,train
24,0.49676480103526366,0.3304637899494243,1,-2,2,0.9067010852386471,1,1376,2166,26,15047.png,0.8293258805955765,0,0.8882179904009909,0.925969763813418,3476,2153,0.1526192670305522,14107,train
29,0.265515799534078,0.15308055239866378,0,1,1,0.9160779117761148,0,2643,16612,28,15057.png,0.8451510691854247,0,0.8635048971274568,0.9754675824940827,17133,14795,0.42416857798165136,34880,train
32,0.3846100278551532,0.2380911324740268,0,4,4,0.9335398345616596,0,3154,8046,28,1507.png,0.875363060727123,0,0.90720472395539,0.9614496119293529,10524,7779,0.255308674390364,30469,train
28,0.27128730200402557,0.1569302419763086,0,5,5,0.9395160438762107,0,11519,17121,23,1508.png,0.885931407496505,0,0.9285308776997637,0.9507642462685292,23094,14300,0.3003192204301075,47616,train
26,0.4963085399449036,0.33006009086911914,0,0,0,0.9376190721384069,0,626,4220,26,15087.png,0.8825639161517024,0,0.8961588621767268,0.983101633148873,4846,4220,0.21426758060421427,19695,train
26,0.5780058442021239,0.4064755412991179,0,0,0,0.9345592441158401,0,851,2238,26,15113.png,0.877157400779448,0,0.9078822803045894,0.9628514056224899,3084,2238,0.1425659319658555,15698,train
22,0.5522388059701493,0.38144329896907214,0,0,0,0.932382567068914,0,622,2090,22,15118.png,0.8733302195235871,0,0.8994612276313257,0.9678053830227743,2707,2087,0.1590701219512195,13120,train
27,0.5647548196144309,0.3934901348790547,0,2,2,0.9251948051948052,0,588,2292,25,15135.png,0.8608023199613339,0,0.8859814943786688,0.9680400043482987,2880,2292,0.16186440677966102,14160,train
24,0.46051395187318706,0.29913486545300144,1,-1,1,0.9456308097004448,1,2766,4592,25,15137.png,0.8968687803100384,0,0.9330417031204433,0.9585642807921623,7204,4538,0.1746997228210656,25976,train
24,0.49252568189868934,0.32672243631920295,0,0,0,0.9158098769593798,0,1381,2615,24,15139.png,0.8446949086669258,0,0.8926033923364409,0.9402552455115726,3944,2613,0.16529605263157895,15808,train
22,0.3527167558919451,0.21412028389988794,1,-4,4,0.9372098201400285,1,6030,9198,26,1514.png,0.881838991270611,0,0.9251251577190769,0.9496143787026747,13938,8483,0.24884860218838922,34089,train
26,0.33387035957906286,0.20038678352466774,0,2,2,0.9319626410688805,0,9949,2639,24,15151.png,0.8725936721928705,0,0.970299258325549,0.8965402493682602,11038,2639,0.0846565938472396,31173,train
27,0.39176470588235296,0.24359912216532553,0,1,1,0.9470070960007744,0,7329,6905,26,1516.png,0.8993480320751248,0,0.9485043515873786,0.9455145599310104,12975,6716,0.179519392691989,37411,train
27,0.4301592069690598,0.2740145426712591,0,2,2,0.9141691110827701,0,4500,884,25,15162.png,0.8419074465586094,0,0.9700906753281906,0.8643434221632702,5126,884,0.04657043514908861,18982,train
21,0.27839687194525903,0.16170792641380877,1,-2,2,0.931071278366927,1,14379,5452,23,15171.png,0.8710321460391371,0,0.9608861594972308,0.9030509388800863,16005,4975,0.13730577098225374,36233,train
29,0.4611013045162957,0.2996307072515667,0,1,1,0.9263337484189161,0,5558,1955,28,15173.png,0.8627762557077625,0,0.9602577654903236,0.8947248792499289,6900,1907,0.07440209121766611,25631,train
26,0.45934802216209253,0.2981517102952246,0,1,1,0.9148984955112264,0,4143,682,25,15174.png,0.8431455414323331,0,0.9743782402885266,0.8622627082017355,4493,570,0.03175664382416848,17949,train
28,0.39698700438705403,0.24765052153258288,0,5,5,0.8736193465876061,0,4108,240,23,15177.png,0.7755986787778695,0,0.984280848834163,0.7853260869565217,4055,240,0.01637778081070015,14654,train
27,0.3024997895800017,0.17820309401031337,0,0,0,0.9084919295582452,0,10261,1072,27,15185.png,0.8323272673472407,0,0.9813009122782536,0.845741002435431,9603,1072,0.041433154253468864,25873,train
25,0.35874906924795236,0.21858270574358044,0,4,4,0.8816797900262467,0,4980,655,21,15188.png,0.7883965452497184,0,0.9697459584295612,0.8082771896053897,4633,211,0.013893461513136234,15187,train
22,0.30525355965490636,0.1801175399387468,1,-1,1,0.923761819301958,1,10713,3518,23,15189.png,0.8583247053201657,0,0.9607956761575751,0.8894769421231816,11871,3319,0.11482839745363964,28904,train
30,0.39187096774193547,0.24368129663804863,0,5,5,0.9438927939512893,0,6699,4907,25,1519.png,0.8937471390643597,0,0.9521413036057388,0.9357859724126032,10746,4789,0.14797305648251144,32364,train
30,0.2880921165137092,0.16828716036228022,0,5,5,0.9284297338151136,0,11808,6989,25,1520.png,0.8664198355564715,0,0.9457834596498305,0.9117013639626705,15460,6266,0.17255528323190042,36313,train
26,0.3653897262614374,0.22353323732986483,0,2,2,0.931888284784983,0,7511,3839,24,15201.png,0.8724633121334022,0,0.9528858780359093,0.9117961364570489,9820,3585,0.128494623655914,27900,train
28,0.35789473684210527,0.21794871794871795,0,1,1,0.9037205482913272,0,6210,1411,27,15251.png,0.8243523554899972,0,0.962047447415138,0.8520618433904281,6975,1411,0.06520634040390036,21639,train
24,0.3913809767468304,0.24330246695412455,1,-2,2,0.8954454147849501,1,4218,3121,26,15258.png,0.8106846205437754,0,0.9096619196480259,0.8816664328797867,6612,2963,0.15100397512995617,19622,train
27,0.4432514281781265,0.2847289769210363,0,1,1,0.944377204208917,0,5180,4425,26,1526.png,0.8946161526392592,0,0.9485243651338366,0.940266150049586,8979,4366,0.14021903201978353,31137,train
30,0.3569695838775891,0.21726291879613857,0,3,3,0.9075427026917176,0,7031,2068,27,15268.png,0.8307351737480467,0,0.955741037988229,0.8639722953103235,7664,1544,0.06504065040650407,23739,train
33,0.413805334846765,0.2608792879824679,0,4,4,0.9348400619702907,0,3633,6377,29,1527.png,0.8776522929500342,0,0.9184349538902319,0.9518418854968915,9651,6328,0.2090104373100806,30276,train
33,0.3040594770413551,0.17928663943409384,0,6,6,0.9017038240595229,0,10381,690,27,15278.png,0.821002425222312,0,0.9865938720394801,0.8302648790058862,9329,690,0.026850338547746905,25698,train
29,0.45806074144992287,0.2970679544670576,0,3,3,0.9161542544240054,0,4400,2077,26,15279.png,0.8452810357595012,0,0.944558631182767,0.8894083345900569,5364,1183,0.056708690858539856,20861,train
27,0.5557126030624264,0.3847659435654869,1,-1,1,0.9354501463647769,1,2761,1561,28,15286.png,0.8787283593815763,0,0.9525214429101527,0.9189799870884442,4046,1561,0.08068434382591616,19347,train
24,0.4647037956722242,0.30268022181146026,1,-3,3,0.9350970948917071,1,1416,5713,27,15289.png,0.8781054971360178,0,0.8998931118470623,0.9731675888728871,6966,5577,0.23985033545501463,23252,train
24,0.6016133229247983,0.43021957573502045,0,0,0,0.9450027723870252,0,1185,1989,24,15293.png,0.8957395788851296,0,0.9320185932052771,0.9583538342588037,3163,1989,0.11662952972909581,17054,train
40,0.27728409973255114,0.16095753205128205,0,18,18,0.932455869425768,0,12318,16112,22,1530.png,0.8734588507588908,0,0.9241259795057264,0.9409372932229884,22728,13172,0.27964842257228995,47102,train
27,0.6468671545323433,0.4780514763934944,0,0,0,0.9552219473336528,0,1320,2137,27,15304.png,0.9142821720803372,0,0.9452191745706229,0.9654386929542063,3454,2134,0.10467454750576348,20387,train
26,0.5342934718451187,0.3645296391752577,1,-1,1,0.9319455308823295,1,1485,2778,27,15317.png,0.8725636733229702,0,0.9130978821910095,0.9515876638195214,4187,2778,0.14846088071825567,18712,train
26,0.5308462595719615,0.3613279161766278,1,-1,1,0.9468994456820183,1,2110,5065,27,15318.png,0.8991538764266037,0,0.9266346070280136,0.9680704568497193,6776,4719,0.17495273050828605,26973,train
28,0.5523605724220945,0.3815594974131559,0,1,1,0.9501334349980938,0,1555,3677,27,15323.png,0.9050039944803544,0,0.9312979951794622,0.9697464931224343,5226,3673,0.15175804652315827,24203,train
28,0.5202187836005797,0.3515511467744993,0,1,1,0.945785446272934,0,2089,3416,27,15339.png,0.8971470209068998,0,0.933584788272349,0.9583092182728961,5422,3416,0.14958836924154842,22836,train
28,0.5446300715990453,0.37422105608396194,1,-1,1,0.9388769863547312,1,1684,3651,29,15341.png,0.8847956120840441,0,0.9181848739495798,0.960523231281354,5198,3550,0.15682982859162395,22636,train
27,0.5577819660747941,0.38675287158676663,0,1,1,0.9484481851657023,0,1810,2894,26,15355.png,0.9019509754877438,0,0.9373131741974613,0.9598509382902267,4695,2892,0.13287998529682044,21764,train
31,0.5937344604674292,0.4222065063649222,0,4,4,0.939890899644991,0,1667,1804,27,15360.png,0.8865982749607946,0,0.9376662865830483,0.9421260935981114,3410,1804,0.10007211405114551,18027,train
24,0.5892122390962818,0.41764768268109026,0,0,0,0.9333953735708588,0,2050,956,24,15361.png,0.875109061448336,0,0.956582951087697,0.9113053260070091,2899,956,0.06132529347616909,15589,train
27,0.5966930265995687,0.42520491803278687,0,1,1,0.9441425338388134,0,1331,2544,26,15362.png,0.8941950633464395,0,0.9279177173943841,0.9609448356807512,3873,2544,0.1267689854494718,20068,train
27,0.3394165828423624,0.20439598476981655,0,0,0,0.9279789970626497,0,6918,17552,27,1538.png,0.8656350897230337,0,0.8998162079475793,0.9579616441019907,19326,13918,0.3160954781858236,44031,train
28,0.5474030037546934,0.3768443726440495,0,1,1,0.912758189292006,0,2697,720,27,15380.png,0.8395171895547624,0,0.9612799139553644,0.868899475014583,3158,720,0.04765056254136334,15110,train
23,0.5638571954361428,0.3926191696565864,1,-1,1,0.9289740698985344,1,2099,1240,24,15382.png,0.8673684210526316,0,0.9462645172473566,0.9123041570921245,3133,1201,0.07824613981366864,15349,train
25,0.5287549407114625,0.3593928403519377,1,-1,1,0.9409785802495422,1,1784,3760,26,15392.png,0.8885359282641039,0,0.9215915252116612,0.9611988342250641,5270,3719,0.1684863860825443,22073,train
26,0.5433112120153685,0.37297686128761537,0,1,1,0.9418960244648318,0,4324,2307,25,15399.png,0.8901734104046243,0,0.9588425240397481,0.9255381436197693,5851,2307,0.09513009772792874,24251,train
46,0.27370713727242263,0.15855197178997768,0,17,17,0.9213917525773195,0,12670,8436,29,1540.png,0.8542413381123058,0,0.936154271140005,0.9070875957907087,16383,7632,0.2067676302457262,36911,train
25,0.43199353369093985,0.2755049439992502,0,1,1,0.9373236756417149,0,4496,5879,24,15402.png,0.8820406121381631,0,0.9295573821562941,0.9452208346024977,9296,5472,0.19576416714367487,27952,train
28,0.45991440798858774,0.29862912189699886,0,0,0,0.9091561732737949,0,4364,1963,28,15403.png,0.8334430199805196,0,0.9416173452696072,0.8788585387519432,5302,1963,0.09824333116460637,19981,train
33,0.4310825993983545,0.27476436887821104,0,9,9,0.937191518729165,0,5530,4663,24,15408.png,0.8818065862708719,0,0.9422252508982778,0.9322112850435784,9043,4602,0.1621907379995771,28374,train
26,0.467238042576721,0.30483405483405485,0,0,0,0.9278356250753355,0,4685,3098,26,15410.png,0.8653856132279434,0,0.9416923887675976,0.9143807452621576,6675,2996,0.1257080518608652,23833,train
25,0.21579925650557621,0.12095009896864256,0,4,4,0.9158181375631326,0,13072,20130,21,1542.png,0.8447089637754028,0,0.8997175352333697,0.9325054859945785,23469,15814,0.37579012404353407,42082,train
28,0.19564645880435355,0.10843022408718711,1,-3,3,0.8788007344821221,1,7920,29505,31,1543.png,0.7838042366859803,0,0.8213842493658702,0.9448475647971477,24821,19339,0.4789726570239746,40376,train
25,0.45084409136047665,0.29102564102564105,0,2,2,0.8728533685601056,0,4363,1027,23,15436.png,0.7743920304717258,0,0.9474088488324457,0.8091759972008398,4140,1027,0.06614710807677444,15526,train
29,0.47928730512249446,0.3151728178090217,0,3,3,0.8971624796674499,0,3594,958,26,15440.png,0.8135037692559817,0,0.9539732872105313,0.8467377398720682,3976,958,0.06049125465681632,15837,train
26,0.4191863226214975,0.2651712397356299,0,2,2,0.9387824995005565,0,6393,2187,24,15454.png,0.8846277969018933,0,0.9678264067671938,0.911430985993544,8097,2158,0.07865578072605336,27436,train
21,0.3236735434690544,0.19308502959434098,1,-4,4,0.9412524548550744,1,10707,4938,25,15457.png,0.8890244507969385,0,0.9620941122284487,0.9212946287461684,13431,4761,0.1427757452168176,33346,train
25,0.20649664724634495,0.11513591370169471,1,-1,1,0.8879143402360591,1,10537,21181,26,1546.png,0.7984226146972653,0,0.8557270522845544,0.9226176487867928,21483,14486,0.39774848984074684,36420,train
33,0.2888992413150539,0.16883824044183424,0,7,7,0.9133388753758839,0,7658,9230,26,1547.png,0.84050018416902,0,0.9060301558698065,0.920766469048432,13675,8022,0.25997342580289723,30857,train
25,0.42483660130718953,0.2697095435684647,1,-2,2,0.9426273824632493,1,6264,3817,27,15470.png,0.8914807957285567,0,0.9559400683350263,0.9296803960529417,9538,3700,0.12199947243471379,30328,train
28,0.48793747876316684,0.32269662921348313,0,1,1,0.9251783410206594,0,2247,2798,27,15479.png,0.8607738160944917,0,0.9176792491688488,0.9328010048447873,4927,2771,0.14265122265122265,19425,train
27,0.6034112960882443,0.43206084540002926,0,1,1,0.9545398352420233,0,2721,1324,26,15480.png,0.9130331957344341,0,0.9697654769244822,0.9397848986456582,4012,1324,0.06271909047844623,21110,train
25,0.5152632000640974,0.3470400949759862,0,1,1,0.9548718019049709,0,4139,2442,24,15483.png,0.9136408372154058,0,0.9661143951377904,0.9438878570557054,6424,2442,0.09366010815786446,26073,train
28,0.3785542681628805,0.23346712179751677,0,4,4,0.9384847426141641,0,5806,8632,24,1549.png,0.884099155508461,0,0.92731926645673,0.9499223736415388,12731,7517,0.21846663566612415,34408,train
26,0.4965189336050263,0.3302462163993675,1,-1,1,0.9307076602999393,1,3821,975,27,15491.png,0.8703958924469666,0,0.9706183702989393,0.8939494865389953,4686,975,0.050061614294516325,19476,train
23,0.43094883258817684,0.27465569099255976,0,0,0,0.930483445743769,0,3047,5549,23,15497.png,0.8700037807183365,0,0.9120295507149878,0.9496995509772848,8281,5387,0.22106861457649377,24368,train
24,0.39049934542734244,0.24262142691145713,0,0,0,0.9381540911855628,0,4627,5236,24,15498.png,0.8835124601393646,0,0.9345851604762441,0.9417503839665634,9403,4939,0.1802357406123417,27403,train
49,0.2889140665853233,0.1688483675444405,0,23,23,0.9037806101717404,0,6557,5046,26,1550.png,0.8244523117889131,0,0.915248828498967,0.8925962325962326,9926,4730,0.19150572897688165,24699,train
27,0.4405353281514815,0.2824913806026083,0,1,1,0.9147170038717064,0,4528,1133,26,15501.png,0.8428373126041089,0,0.9640226089165502,0.8702095336371715,5087,744,0.038671448619990646,19239,train
26,0.44561679200808174,0.286683997689197,0,0,0,0.9428943972112455,0,4429,4155,26,15503.png,0.89195856565682,0,0.9446162459012023,0.941178814279643,8394,4121,0.14658698822608757,28113,train
26,0.5465462095280849,0.3760327387846498,1,-1,1,0.9370713134741255,1,3205,1208,27,15506.png,0.8815937751542796,0,0.9645383825040365,0.9111252842327103,4266,1208,0.06185039168501357,19531,train
23,0.5119954438670179,0.3440819060376997,0,0,0,0.926605504587156,0,3009,687,23,15509.png,0.8632478632478633,0,0.9713964526605047,0.8857630979498861,3637,687,0.0429375,16000,train
23,0.41747197526092,0.26380068392769906,1,-1,1,0.9409407049392904,1,4396,4622,24,15510.png,0.8884683882457702,0,0.9395500915511379,0.9423354408793977,8576,4447,0.16265544989027067,27340,train
26,0.39162983031512905,0.24349483576399664,0,5,5,0.9394828101801088,0,8147,3388,21,15513.png,0.8858723075857565,0,0.9635400972838019,0.9165975655948323,9836,3151,0.10942872026393471,28795,train
29,0.5032756200280768,0.3362513678286697,0,2,2,0.9310995396573843,0,3744,821,27,15517.png,0.8710816153628919,0,0.9740731383818607,0.89175749515742,4476,821,0.042707032875572204,19224,train
28,0.3805476207064725,0.2349853725692652,0,5,5,0.9374874158851269,0,5357,6441,23,15518.png,0.882330647091678,0,0.9321335623294383,0.9429031260991442,10987,6096,0.20624555942754677,29557,train
26,0.5407509608751355,0.370567974606605,0,0,0,0.9394770067222494,0,3093,2228,26,15527.png,0.8858619876016216,0,0.9488122041997886,0.9303237142664054,5090,2222,0.10006755235307363,22205,train
22,0.43594832689160484,0.27873013045994927,1,-2,2,0.9412821664634538,1,5598,4467,24,15529.png,0.8890774639350224,0,0.9475340905086856,0.9351122032640949,9386,4319,0.14553357819186574,29677,train
25,0.2592137592137592,0.1489061397318278,1,-1,1,0.8991481013080743,1,8890,18303,26,1553.png,0.8167748108319353,0,0.868817327609068,0.9316731996003381,19963,13471,0.3630605864596809,37104,train
20,0.3967782399154948,0.24748805798056334,1,-2,2,0.9346412976903167,1,4545,8687,22,15530.png,0.8773019788208676,0,0.9159026883646185,0.9541626746003732,11959,7870,0.25264036467529133,31151,train
26,0.46678544158819035,0.3044488711819389,0,0,0,0.9353138737951561,0,5070,2037,26,15533.png,0.8784878949528109,0,0.9618667864764686,0.9101875963224744,6793,2034,0.07912241801843856,25707,train
29,0.48484086048559566,0.3199933576884756,0,3,3,0.9411338525629415,0,4196,2954,26,15537.png,0.8888128634964078,0,0.9508567626018966,0.9316077715477898,6867,2873,0.11382725832012679,25240,train
29,0.5649139694380941,0.3936446717531651,0,1,1,0.9332620910751835,0,1982,1890,28,15538.png,0.8748747778316368,0,0.9347443289714463,0.9317845465496473,3822,1869,0.09982374619452011,18723,train
31,0.5140483752748595,0.3459388359092404,0,3,3,0.9462867436338328,0,3883,2677,28,15544.png,0.8980495765016707,0,0.955724256557838,0.9370337938639165,6422,2604,0.100011522064754,26037,train
27,0.42775846923576366,0.27206918330661223,0,0,0,0.9388408095714237,0,5942,2927,27,15545.png,0.8847313560864027,0,0.9587746478873239,0.9197189758832669,8405,2919,0.10378297660527626,28126,train
23,0.47306988098870917,0.3098176367724207,0,0,0,0.9520893777848977,0,4334,3741,23,15546.png,0.908559716450192,0,0.9554510270913963,0.9487513007284079,7783,3697,0.13556525246598952,27271,train
23,0.39568212798880004,0.24663574151472006,0,2,2,0.9292113059303716,0,4228,7791,21,15548.png,0.867782141403474,0,0.9101124891837323,0.9491288863220714,10451,6578,0.23608369522305567,27863,train
22,0.39348322433342364,0.24492942140000964,0,0,0,0.9217071941873723,0,4005,7805,22,15549.png,0.8547837741463474,0,0.8990584827086728,0.9455265090721144,10155,7217,0.27320563294972744,26416,train
21,0.2906468531468531,0.1700332395806699,0,3,3,0.8115101144738905,0,3302,1506,18,1555.png,0.6828077582794564,0,0.8729757085020243,0.7581306768239086,3946,1401,0.12878021877010754,10879,train
25,0.47737909516380655,0.3135245901639344,0,0,0,0.9396906951651852,0,3506,2363,25,15555.png,0.8862420530314777,0,0.950858877843863,0.928781815596498,5750,2363,0.10766847405112316,21947,train
22,0.426506528873682,0.2710570693174758,1,-4,4,0.9370348748235854,1,6286,4823,26,15557.png,0.8815292737549323,0,0.9448699190709158,0.9293287013614849,9760,4549,0.15501789061168852,29345,train
22,0.26121041078708057,0.1502254283137962,0,1,1,0.855288927575224,0,4658,2657,21,1556.png,0.7471657680077423,0,0.8905413199307901,0.822721217887726,6033,2436,0.1621405750798722,15024,train
30,0.4666733891297771,0.3043535446534263,0,5,5,0.9336119962083576,0,4583,1230,25,15560.png,0.8754899650866408,0,0.9707866235987079,0.8991794443100073,5619,1230,0.056794569885025625,21657,train
20,0.38970378809455997,0.24200751713464513,1,-3,3,0.9389626135627565,1,6255,4770,23,15561.png,0.8849477177384009,0,0.9467461566801755,0.9313060094886663,10340,4615,0.1614878577927077,28578,train
27,0.4989366922951088,0.3323888404533566,0,0,0,0.9438126769348879,0,4069,2957,27,15563.png,0.8936034890059967,0,0.9522810528184357,0.9354935874062683,6712,2944,0.1153469419739059,25523,train
27,0.2294381776366225,0.12958495701119566,0,2,2,0.8953119673786508,0,9723,22831,25,1557.png,0.8104658880517938,0,0.8590983429505971,0.9347129801849228,21658,15498,0.39882652667335755,38859,train
24,0.4279635258358663,0.2722351121423047,1,-1,1,0.9377650099104298,1,7078,2844,25,15570.png,0.8828225568349571,0,0.9633490985476243,0.9135046620473903,9034,2804,0.09848271986513066,28472,train
32,0.5148476481131619,0.34666318742253244,0,5,5,0.9384945583835581,0,3986,1688,27,15571.png,0.8841165778240713,0,0.9624697067389999,0.9156848228450555,5426,1688,0.07425655463663558,22732,train
26,0.33980983877635385,0.20468127490039842,0,4,4,0.9353433385790504,0,6377,7099,22,15573.png,0.8785398828301036,0,0.9321144081168179,0.9385947174317051,12134,6532,0.21906231135555704,29818,train
24,0.4855502392344498,0.32061165171237205,1,-1,1,0.9345512191439571,1,3747,2322,25,15575.png,0.8771432620093524,0,0.9491369490931394,0.9204069927990314,5920,2293,0.10146017699115044,22600,train
27,0.46161220043572987,0.30006231235484054,0,1,1,0.9401287168485739,0,3695,3310,26,15576.png,0.8870215957292389,0,0.9432324895383137,0.9370453035285298,6799,3207,0.13121931260229133,24440,train
25,0.32934487175481897,0.19713516343780388,0,2,2,0.9297822679569306,0,8375,8111,23,15577.png,0.868778604688184,0,0.9308289271703906,0.9287379599060618,13934,7025,0.21249243799153056,33060,train
23,0.47471202303815696,0.3112278010502095,1,-4,4,0.9440055681224987,1,3823,2613,27,15579.png,0.8939493804376483,0,0.954049063571617,0.9341713301764959,6367,2613,0.10919348098620978,23930,train
23,0.3609411124711002,0.2202124128775307,1,-1,1,0.9359322791355092,1,6073,6256,24,15582.png,0.8795796177099714,0,0.9350430900218046,0.9368231610265586,11142,5979,0.19682006715386136,30378,train
23,0.5346244505319487,0.36483784018780974,0,1,1,0.940825549864417,0,2860,1068,22,15584.png,0.88826307105877,0,0.9669288412708243,0.916094584286804,3843,1068,0.06137931034482759,17400,train
24,0.5613795923931566,0.3902207902965981,1,-1,1,0.9330612394977295,1,2302,1339,25,15587.png,0.8745218320295,0,0.9498783454987835,0.9168292506684009,3437,1239,0.07555338740167084,16399,train
28,0.37573727517658195,0.23132789384022237,0,3,3,0.9348362440133521,0,5709,5067,25,15588.png,0.8776455627214098,0,0.9384796571275937,0.931221010782483,10114,4831,0.16724364744166725,28886,train
27,0.49701725587540535,0.3306872669152904,0,0,0,0.9473997845568518,0,5059,1826,27,15594.png,0.9000566128119148,0,0.9713927620241266,0.9245634701698403,6696,1826,0.06879403232490676,26543,train
25,0.4862136412391949,0.32119039679893296,0,1,1,0.9304229195088677,0,2992,1496,24,15596.png,0.8698979591836735,0,0.952513966480447,0.9093333333333333,4283,1349,0.07568447037701975,17824,train
23,0.3956510209493503,0.2466115702479339,0,0,0,0.9391680722293878,0,4647,5163,23,15598.png,0.8853127886177912,0,0.9361725800469773,0.9421827954313584,9170,5097,0.18805342384887838,27104,train
23,0.4098981077147016,0.2577810325887953,0,2,2,0.940554951568757,0,5805,5076,21,15600.png,0.8877807800994204,0,0.9443158506752087,0.9368238904729774,9742,4683,0.16965547223127922,27603,train
29,0.5082247508991216,0.34068453086712513,0,4,4,0.9339347381774614,0,3620,1067,25,15602.png,0.876057753331923,0,0.9687975201777985,0.9014939182018559,4442,1067,0.05665286184559839,18834,train
23,0.46670815183571873,0.30438311688311687,1,-3,3,0.9450448952444297,1,4382,3550,26,15603.png,0.895815273071164,0,0.9505240272048165,0.9396285682795107,7566,3538,0.13041875552934237,27128,train
26,0.516226036837489,0.34791420368181053,0,2,2,0.9308082603496752,0,2205,2077,24,15605.png,0.8705718776447829,0,0.9327374591146086,0.9288870255103686,3886,1718,0.09755820556501987,17610,train
24,0.47181060938185004,0.3087383097136956,0,0,0,0.9392374229911012,0,4656,2179,24,15606.png,0.885436046998877,0,0.9603854195073175,0.9190007306635121,6599,2176,0.09174079851595768,23719,train
28,0.527013251783894,0.35778546712802767,0,1,1,0.9341455668793487,0,3347,1215,27,15608.png,0.8764288422991494,0,0.9638080486133865,0.906254376382937,4403,1215,0.061138227746188295,19873,train
21,0.38552452672314613,0.23879243327286861,1,-1,1,0.9342660511484324,1,4103,7502,22,15609.png,0.8766409779431305,0,0.916618503534433,0.9526064708396382,10881,7238,0.24167751844802832,29949,train
37,0.2965750627224459,0.1741051549922932,0,13,13,0.9235106211841491,0,8964,11006,24,1562.png,0.8578910664218721,0,0.9163436250589075,0.9307906114885732,15848,9489,0.2711297788445054,34998,train
26,0.2612526997840173,0.1502534035575872,0,3,3,0.8736045938591417,0,12601,22793,23,1563.png,0.7755754232451969,0,0.8429249736405047,0.9066018366847766,17944,12031,0.3527014745976371,34111,train
26,0.2908631772268136,0.17018132975151107,0,2,2,0.884192321875914,0,4644,4463,24,1565.png,0.7924235862603424,0,0.8862321241938362,0.8821618878457245,7635,4117,0.21791139575504154,18893,train
22,0.2148728416174767,0.12036836737847276,1,-10,10,0.8881172966479619,1,12429,21566,32,1570.png,0.7987508879943168,0,0.8621901579004544,0.9156521030986604,22915,16106,0.40612234605880276,39658,train
40,0.2542396326112817,0.1456326064908722,0,13,13,0.9136402104720903,0,12065,11405,27,1571.png,0.8410107031567539,0,0.9158644092803659,0.9114267885328341,17330,9847,0.2636835904027421,37344,train
35,0.26371396167850536,0.15188393839383937,0,8,8,0.923118374762319,0,6374,13600,27,1574.png,0.8572143429028938,0,0.8981380229788637,0.9495280628404916,17047,11753,0.33665606828793215,34911,train
27,0.27490284311720187,0.15935499170026085,0,3,3,0.8716223105944734,0,3865,3689,24,1576.png,0.7724561720585578,0,0.8742372072409914,0.8690230099291741,6711,3554,0.21300569373688943,16685,train
34,0.2417318099819603,0.1374829001367989,0,11,11,0.9078803148709627,0,9525,16361,23,1577.png,0.8313011176643097,0,0.8863187882156753,0.9305170552362055,19479,13310,0.3683715266245987,36132,train
37,0.2568927529327696,0.14737633233123804,0,12,12,0.9083119932994297,0,6356,16523,25,1580.png,0.832025256047869,0,0.8727521967824164,0.9468925987199411,18014,13255,0.3897726938571471,34007,train
28,0.303363486431106,0.1788028749852716,0,0,0,0.8922455557028772,0,4596,5969,28,1582.png,0.8054542776120502,0,0.879923556628445,0.9049175579783603,8846,5605,0.25913083680073973,21630,train
32,0.29257430108475174,0.17135404560832623,0,11,11,0.9377270412856794,0,10517,18591,21,1589.png,0.8827552594585668,0,0.9218044164037855,0.9542094080356677,22353,15152,0.3343483825411536,45318,train
22,0.5300677021107129,0.36060688160390136,1,-1,1,0.9314535731648032,1,1181,2626,23,1592.png,0.8717015468607825,0,0.9078337779025691,0.9563352682367731,3783,2622,0.157543712071141,16643,train
41,0.2932681945542065,0.1718302744569793,0,15,15,0.9361668802877751,0,10726,13727,26,1593.png,0.8799941108630039,0,0.9288900170431882,0.9435586566897147,20145,11383,0.2645117813821629,43034,train
26,0.4716417910447761,0.30859375,0,3,3,0.9452791619959117,0,2187,3622,23,1594.png,0.8962363574656592,0,0.9326715740947282,0.9582322721109222,5632,3620,0.17025679616216724,21262,train
29,0.30672509049342733,0.18114311431143115,0,6,6,0.9207825691319953,0,6544,16961,23,1595.png,0.8531946786584224,0,0.8895523748746468,0.9542853949381414,19086,13481,0.3476007529072016,38783,train
43,0.4539830183043905,0.2936468510239002,0,19,19,0.9345817944134254,0,2321,5986,24,1596.png,0.8771971320866288,0,0.9083644602290123,0.9623574822815809,6823,4568,0.18628170622298346,24522,train
33,0.29891906532391105,0.17572301189821382,0,9,9,0.9223476272730831,0,10080,17702,24,1597.png,0.8558860450881325,0,0.903107861060329,0.9424250039982636,20561,13180,0.3045075433773075,43283,train
27,0.2654627750169151,0.15304530291617346,0,4,4,0.9231015550142003,0,11858,19361,23,1602.png,0.8571853356389354,0,0.9063509722356583,0.9404829424253527,22987,15518,0.3500248116569676,44334,train
20,0.4773662551440329,0.31351351351351353,0,2,2,0.8815917722582597,0,729,2794,18,1605.png,0.7882557999759586,0,0.8243761392922245,0.9473418087258018,2428,1708,0.16971383147853736,10064,train
27,0.3279314209553812,0.1961231884057971,0,5,5,0.9338392441209208,0,7247,11358,22,1606.png,0.8758897182920077,0,0.9203841300995373,0.9476935957675624,15297,9295,0.2719665271966527,34177,train
23,0.2761271249076127,0.16017835705710856,1,-1,1,0.9044390052723817,1,7177,18669,24,1607.png,0.8255487459164664,0,0.8675760219607176,0.9445735865376447,18453,12974,0.3638556244215722,35657,train
21,0.2837707472728622,0.16534547865440605,1,-5,5,0.9268979651107038,1,7256,19425,26,1608.png,0.8637556681236979,0,0.8969911335482776,0.9588678453802854,21334,15181,0.3498651794150861,43391,train
26,0.5822784810126582,0.4107142857142857,0,1,1,0.9430765419866237,0,1109,2338,25,1612.png,0.8922846161057467,0,0.924316975268678,0.9626133567070088,3436,2334,0.13360810578739482,17469,train
23,0.3040597151344352,0.1792868049941615,1,-1,1,0.929467368990595,1,9276,12885,24,1613.png,0.8682289003317913,0,0.9189122855596531,0.9402677519270025,18361,11360,0.279782282097382,40603,train
29,0.4452591339224165,0.2863880043532589,0,3,3,0.9457126255499294,0,5602,6170,26,1614.png,0.8970159829934651,0,0.9432419255429733,0.9481963029064445,10342,5583,0.1701045062612352,32821,train
25,0.29295628486184977,0.17161615854585247,1,-1,1,0.9289364434756655,1,7164,16407,26,1615.png,0.8673028204695152,0,0.9037520678610398,0.9555646526860312,19634,13977,0.34868404640139705,40085,train
28,0.4743801652892562,0.31094257854821233,0,4,4,0.9275599920671647,0,3120,2359,24,1616.png,0.8649061814236754,0,0.9369874722867751,0.9183203309073773,4986,2126,0.11370808151040274,18697,train
24,0.2642013703289761,0.15220738501161782,1,-1,1,0.9155741552835568,1,9275,20219,25,1617.png,0.8442939272836697,0,0.8877632586901735,0.9451838630749045,21516,15378,0.3733249174597009,41192,train
30,0.3902803981523648,0.24245241078284768,0,4,4,0.9341078803554295,0,8254,4382,26,1623.png,0.8763624977984775,0,0.9533571763102993,0.9156205274994889,10862,3936,0.1222777967628693,32189,train
19,0.3322875984378001,0.199247542997543,1,-7,7,0.9272209874361812,1,5010,10642,26,1624.png,0.8643168598351205,0,0.9035587736866431,0.9521558515971924,14324,10155,0.31474708653607736,32264,train
21,0.3217235383612258,0.19169877294654708,1,-3,3,0.9373595224597325,1,10944,7840,24,1625.png,0.8821041003721906,0,0.9471637586515975,0.9277561770977047,15736,7055,0.18458922030350602,38220,train
26,0.32880897004200366,0.1967512774708155,0,0,0,0.9161900137208291,0,6959,7884,26,1628.png,0.8453419190814083,0,0.9114296627496798,0.9210003519168114,12131,6640,0.21899736147757257,30320,train
24,0.33393973848777714,0.20043677062717533,0,0,0,0.9379575141195695,0,9673,8134,24,1632.png,0.8831638343940686,0,0.9430140748369379,0.9329548920125316,15017,7390,0.20071704057797815,36818,train
22,0.3629726205997392,0.22172666454284803,1,-1,1,0.8943393674338916,1,3355,1332,23,1635.png,0.8088733026138727,0,0.9370748299319728,0.8553318097537838,4247,1315,0.09837659908730456,13367,train
31,0.320798501411916,0.19104229104229103,0,5,5,0.9314057538388882,0,12346,7117,26,1637.png,0.8716177886835266,0,0.9488926868501177,0.9145516835657681,15132,6080,0.1595465519051118,38108,train
23,0.2958426024903938,0.17360051537653,1,-2,2,0.9275996744716668,1,7016,12467,25,1638.png,0.8649751891996784,0,0.9091829598764533,0.9467779252797269,16991,11546,0.3232091369705792,35723,train
26,0.2538910505836576,0.14540389972144846,0,1,1,0.9287132735260144,0,14511,9002,25,1639.png,0.866913824819584,0,0.9444882957993143,0.9134565493549945,19137,8016,0.1997358782049685,40133,train
22,0.342093023255814,0.20634030018235378,0,1,1,0.9001700026058793,0,6792,1253,21,1643.png,0.8184628576586335,0,0.9666080375226521,0.8422775932935467,6501,1253,0.06508414710159983,19252,train
24,0.24631670850158244,0.14045678013566495,0,1,1,0.9211221122112211,0,12007,13327,23,1645.png,0.8537779137350872,0,0.9173519379844961,0.9249234039892453,19231,10679,0.2791676469819361,38253,train
27,0.34752938986941284,0.21030896872770957,0,0,0,0.9322784956963552,0,4894,9701,27,1647.png,0.8731476250488897,0,0.9119379816813573,0.9535470888623119,13113,8724,0.26183258801284554,33319,train
21,0.3057093999642684,0.1804350445890576,1,-5,5,0.9341536858492292,1,10891,10342,26,1648.png,0.876443135794423,0,0.9357468143665699,0.932565972781197,18233,9265,0.22829193770944214,40584,train
19,0.2944165224794705,0.17261923931596407,1,-7,7,0.933049418980094,1,7520,12697,26,1656.png,0.8745010646024346,0,0.9173227064653292,0.9493247796436561,17872,11266,0.2908480702207306,38735,train
24,0.27655529803911355,0.1604665921247469,0,0,0,0.9297407533294194,0,12085,10653,24,1659.png,0.8687061160384331,0,0.9338729601052769,0.9256449538857202,18758,8955,0.2260165063981222,39621,train
24,0.3947939262472885,0.24594594594594596,0,1,1,0.9117309441106755,0,4632,1289,23,1662.png,0.8377808219178082,0,0.9595519015940756,0.8684502002215216,5322,1289,0.07167083680845149,17985,train
34,0.32807670141981454,0.19622712459262973,0,10,10,0.9022699815603739,0,7159,2063,24,1663.png,0.8219416126042632,0,0.9537785943136244,0.856039735365682,7574,2012,0.09362058536131404,21491,train
23,0.2810088312514918,0.16347310932148476,1,-4,4,0.9177329895567607,1,12621,11437,27,1665.png,0.8479728021839139,0,0.9214637395537916,0.9140323272779287,18378,8601,0.22080455934074397,38953,train
30,0.33109678264000264,0.19839184153755637,0,4,4,0.9333065942654983,0,9960,3010,26,1668.png,0.8749529989105389,0,0.9678971000735913,0.9011031565568806,11607,2978,0.09262542378153091,32151,train
10,0.2898490800082696,0.16948742746615086,0,3,3,0.7983789260385005,0,1560,1624,7,1672.png,0.6644182124789207,0,0.7951564076690212,0.8016276703967447,1835,814,0.16378269617706237,4970,train
26,0.30526162154272785,0.18012315376996943,1,-1,1,0.9204286175054652,1,9517,3805,27,1675.png,0.8525870844951976,0,0.9529404489518274,0.8900620328762693,11519,3630,0.11976640601801446,30309,train
24,0.30471036501187254,0.17973941368078175,0,0,0,0.8935709526982012,0,6580,2366,24,1677.png,0.8076170404937528,0,0.9407329475714536,0.8509119746233148,7565,2352,0.11443584878119982,20553,train
27,0.2978465796073683,0.17498221725434407,0,0,0,0.9256178381904125,0,12080,6394,27,1679.png,0.8615350022485384,0,0.9473050931267513,0.9049013587769433,14966,5506,0.1491655830082358,36912,train
19,0.22549543479776038,0.1270751505629746,1,-4,4,0.9123576362898612,1,12855,21920,23,1680.png,0.8388397388068348,0,0.8919792631724193,0.9336889182343868,25013,16093,0.35095409442808856,45855,train
6,0.27690802348336596,0.16070414537194777,0,4,4,0.7770173937838608,0,389,1175,2,1683.png,0.635346234553509,0,0.6987179487179487,0.8750802825947335,515,154,0.09327680193821926,1651,train
33,0.26245221043562544,0.1510474773769679,0,7,7,0.9201961626316683,0,17822,4293,26,1685.png,0.8521882686343707,0,0.9674264382293579,0.8773628400184417,16512,4188,0.10555765595463137,39675,train
34,0.2133078231292517,0.11938700235585274,0,8,8,0.922941361855942,0,18590,17353,26,1688.png,0.8569091126239102,0,0.9253955288048151,0.9205001774740524,26494,14256,0.28621333493946877,49809,train
25,0.2910470933241332,0.17030726369766222,0,0,0,0.9175074889963123,0,11727,3529,25,1689.png,0.8475878397953984,0,0.9600656331334163,0.878562256648165,12211,3276,0.10394060536836093,31518,train
26,0.2812655292363757,0.1636468774094063,1,-1,1,0.9155601432615461,1,12875,3322,27,1690.png,0.8442700972049958,0,0.963547381819778,0.8721259373292943,12952,3064,0.09463215763790228,32378,train
23,0.2991845481617545,0.17590653226862155,1,-1,1,0.9171377074158723,1,9907,12390,24,1691.png,0.8469569156639738,0,0.9087521357450068,0.9256794772732387,17118,9390,0.25210084033613445,37247,train
21,0.2338371212989932,0.13239838981950397,1,-5,5,0.9163075062650067,1,4780,28717,26,1697.png,0.8455419886751387,0,0.8645986571611783,0.9745948732666847,25782,21703,0.4833953270819877,44897,train
24,0.28221261368719247,0.1642884421761622,1,-4,4,0.9117242942976986,1,12253,7214,28,1699.png,0.837769592319744,0,0.9330443741124713,0.8913567767906226,15257,6859,0.19533519393973914,35114,train
27,0.2485010607877502,0.14187908152517378,0,7,7,0.9270604373473761,0,13515,18176,20,1701.png,0.8640378914310965,0,0.9172207749621992,0.937113502798833,22510,14225,0.32173067354231694,44214,train
22,0.45705024311183146,0.296218487394958,1,-2,2,0.9178590582430548,1,1302,2527,24,1702.png,0.8481880897629054,0,0.8943561872909699,0.9426305353602115,3773,2508,0.18286547575647102,13715,train
26,0.43012178525316674,0.2739841735573931,1,-1,1,0.9512287570160909,1,4401,4992,27,1708.png,0.9069935540086936,0,0.948318701341726,0.9541567275340882,9124,4989,0.16557148546395858,30132,train
34,0.31293363318819084,0.18548981791366498,0,8,8,0.8394419156936473,0,8131,8095,26,1711.png,0.7233088348140443,0,0.8397410516312955,0.8391429927989238,8359,2860,0.12491264849755415,22896,train
27,0.2094994941952888,0.11700610723990422,0,7,7,0.9116076181196489,0,25454,13736,20,1713.png,0.8375725825503467,0,0.9363552540739403,0.8881344460998237,22160,11209,0.26705899170875824,41972,train
35,0.2690318350695709,0.15542275156769497,0,6,6,0.8974441641854262,0,12752,3471,29,1717.png,0.8139670890430595,0,0.9533799846883269,0.8477082188836076,12062,3343,0.11209845080812823,29822,train
27,0.2736941176470588,0.1585432341075128,0,0,0,0.8879867099712547,0,8690,3312,27,1721.png,0.7985396558959295,0,0.9349120565982116,0.8455468069601692,9508,3218,0.13666864860273506,23546,train
18,0.18060509635864405,0.09926657263751763,0,1,1,0.9093934590823144,0,22176,13380,17,1722.png,0.8338419264541636,0,0.9302445611089968,0.8894566046388747,21840,10747,0.2803077725612937,38340,train
30,0.34552236426817995,0.20884075843995684,0,8,8,0.9361550178765949,0,8945,5180,22,1725.png,0.8799731479750514,0,0.9523621214490008,0.9204903023946241,12328,4735,0.14609237604516984,32411,train
33,0.22920786926199646,0.12943804373383494,0,15,15,0.9191302165461528,0,23921,10235,18,1728.png,0.8503616537499398,0,0.9499109310155822,0.8902817146893433,19556,7712,0.19813986948255485,38922,train
23,0.2536346310917506,0.14523571963083062,1,-1,1,0.8566337780351455,1,9307,3567,24,1729.png,0.7492208196976781,0,0.9151300292655071,0.8051665305951559,9165,2940,0.13708850135223352,21446,train
25,0.2538150515194992,0.14535404840155364,0,3,3,0.92415548126341,0,14254,3986,22,1730.png,0.8590046843838411,0,0.9653728542636736,0.886313606635827,14231,3773,0.11776640239715339,32038,train
21,0.21005201234945622,0.1173509028187836,0,1,1,0.9130905433426442,0,20356,9109,20,1732.png,0.8400796752203552,0,0.9444207160813218,0.8837723179874272,18991,8058,0.2188722294654498,36816,train
24,0.2060721514466008,0.11487203992779017,0,2,2,0.9169179254669905,0,20025,13124,22,1739.png,0.8465821261628176,0,0.9330561860797266,0.9013284321937856,22044,9769,0.2259564231854559,43234,train
18,0.2076164466697011,0.11583259971558205,0,1,1,0.9114859213827711,0,15410,9990,17,1741.png,0.8373671404789346,0,0.9290331746821056,0.8945892331896846,17071,7379,0.2244631015392103,32874,train
26,0.2849919358354039,0.16617527450183,0,3,3,0.9106647741062432,0,8901,3246,23,1743.png,0.8359821223619006,0,0.9501826329844378,0.8743027410221287,9853,3080,0.12564761555093215,24513,train
24,0.23884632717440288,0.13561924257932445,0,2,2,0.9239907288891964,0,14697,7275,22,1745.png,0.8587200442383986,0,0.9483397716298358,0.900860731486853,17002,6571,0.1791879141555998,36671,train
32,0.21641184338202513,0.12133509777973828,0,13,13,0.9110042319816902,0,20966,12008,19,1748.png,0.8365544281585978,0,0.933575620792468,0.8894985110812449,20051,8870,0.23047940756138754,38485,train
28,0.2271191085129704,0.1281073701022695,0,9,9,0.9267299162264755,0,17813,13341,19,1750.png,0.8634638477653019,0,0.936580449798204,0.9170844330247215,22512,10967,0.24738337995127674,44332,train
24,0.23998210201849457,0.13635208044970482,0,5,5,0.926731304132118,0,18355,9409,19,1751.png,0.8634662575178633,0,0.9491388909910592,0.9053573270083531,20240,8492,0.21044284192005552,40353,train
29,0.42460281434407626,0.26952112026738895,0,5,5,0.9390136030027014,0,4478,3175,24,1753.png,0.8850383055430374,0,0.9488661985440958,0.9293635144727502,7169,3175,0.13393798776629404,23705,train
23,0.28583106267029973,0.1667461452869178,0,2,2,0.9227851183534327,0,14632,9468,21,1754.png,0.8566397791895686,0,0.9383095728322344,0.9077660110943016,16914,8040,0.21635003498197083,37162,train
24,0.260732386802269,0.14990929792736116,0,1,1,0.911890205864005,0,12121,5534,23,1756.png,0.8380498096592212,0,0.9428860404152992,0.8828673862834723,13679,5123,0.16414610701698173,31210,train
26,0.31404692160920156,0.18627263453200715,0,2,2,0.943490829558643,0,12403,6148,24,1758.png,0.8930266352203071,0,0.9618169848584596,0.9258499781788616,15237,5907,0.15188213514347423,38892,train
25,0.37982436951154724,0.23443407144510456,0,0,0,0.9404404612072343,0,7821,5098,25,1762.png,0.8875767965609064,0,0.9523965151783963,0.9287808698186056,11715,4868,0.14479476502082095,33620,train
27,0.2617130307467057,0.1505580122130975,0,1,1,0.9134102540706885,0,13773,7105,26,1763.png,0.840621087666799,0,0.9393890277505268,0.8888296970724265,15305,6174,0.18016282937932243,34269,train
38,0.30251338354051355,0.17821252939918752,0,19,19,0.9349066667587284,0,11078,7777,19,1765.png,0.8777697104850316,0,0.9456837547143456,0.9243724442077812,14489,6608,0.19614128821608787,33690,train
23,0.3823157894736842,0.23633524206142634,1,-1,1,0.8666614366779112,1,3855,1244,24,1772.png,0.7646977388094139,0,0.9301712040415381,0.8112699500636443,4270,1244,0.08795248868778281,14144,train
26,0.3290530238861596,0.19692607161685388,0,2,2,0.9238345714974276,0,11366,3172,24,1775.png,0.8584503339629622,0,0.9652726078388438,0.8858078646492655,11609,3123,0.10215229621876226,30572,train
30,0.23401253033809336,0.13251086678598825,0,8,8,0.9106529209621993,0,17838,6186,22,1778.png,0.8359621451104101,0,0.9519033401754059,0.8728291556163915,16892,5643,0.15403723317137086,36634,train
30,0.448518090839107,0.2890901197047696,0,5,5,0.9267875364619301,0,4048,3055,25,1781.png,0.86356389619869,0,0.9363713994126591,0.9173978696486145,6660,2956,0.13077910011945318,22603,train
33,0.3092950770675889,0.1829385322491035,0,7,7,0.8975374460522976,0,9692,2416,26,1782.png,0.8141205729286602,0,0.9564268580806896,0.8454793297514468,9635,2381,0.09357069873457517,25446,train
28,0.2638326177662212,0.1519626623942043,0,3,3,0.9214615955723542,0,14244,4374,25,1790.png,0.8543614133623286,0,0.9614941061509071,0.884629403141022,14861,3988,0.1134307981113829,35158,train
28,0.2651517569335844,0.15283858861621105,0,4,4,0.9095770015367057,0,13981,6143,24,1791.png,0.83415060285646,0,0.9427802306302279,0.878632938643703,14537,5464,0.16564101009488585,32987,train
21,0.1986096310955498,0.11025352112676057,0,2,2,0.9167864836493351,0,23714,9738,19,1794.png,0.8463580538931782,0,0.9498074871271512,0.8859843549418479,19964,7986,0.2055492638731597,38852,train
26,0.22038050560333594,0.12383574483041415,0,6,6,0.9227510286723817,0,19008,8233,20,1796.png,0.8565810255870275,0,0.9518346476961599,0.8953920322277072,18971,7366,0.1904047976011994,38686,train
28,0.22171609407590323,0.12467980694043734,0,10,10,0.9277959998782592,0,24281,6560,18,1797.png,0.86531667460009,0,0.9679543544951834,0.8908370761006883,19528,5350,0.13201075825992548,40527,train
25,0.24329623435788017,0.13849588024816992,0,5,5,0.9195723113240297,0,18234,4934,20,1803.png,0.8511187939388487,0,0.9640850196535158,0.8789885850809663,16047,4644,0.1356744281165094,34229,train
28,0.43334390527539907,0.2766043592685066,0,5,5,0.932813652164753,0,3391,2987,23,1808.png,0.8740869427883287,0,0.936800457017117,0.9288606373382005,6029,2975,0.14436141304347827,20608,train
26,0.29251519351743255,0.17131349714321395,0,1,1,0.9405119570043768,0,9047,11585,25,1816.png,0.8877041729939203,0,0.933679486151979,0.9474451621897946,17001,10790,0.27954816311725994,38598,train
23,0.2534607038635173,0.14512167256940478,0,4,4,0.9305460266694179,0,12574,14354,19,1818.png,0.8701132071831332,0,0.9262933579809495,0.9348379239758505,19763,12331,0.3060257110239738,40294,train
20,0.4965912612333437,0.3303102133360816,1,-2,2,0.9217256414556432,1,2027,1707,22,1820.png,0.8548155060461138,0,0.9279503629917272,0.915583874729302,3599,1707,0.11400520937687839,14973,train
25,0.3041140091422425,0.17932456001268432,1,-2,2,0.9285305726913895,1,4557,10562,27,1825.png,0.8665954893586983,0,0.9029004826476672,0.9556582660309428,13690,9859,0.32217901375772035,30601,train
26,0.38182591265261495,0.23596096096096097,0,2,2,0.9166024314711888,0,3092,3075,24,1832.png,0.8460443867488828,0,0.9168132016772623,0.9163917581526148,5794,3042,0.1677604367727348,18133,train
23,0.2391597510373444,0.1358213791275148,0,1,1,0.9182047162658006,0,14191,13964,22,1833.png,0.8487786275942079,0,0.9188106492706098,0.9175995819300894,19986,11894,0.2978190650274182,39937,train
20,0.18659873101326668,0.10289985686264115,1,-2,2,0.8936571100523545,1,18320,25026,22,1837.png,0.8077578101438734,0,0.8791924926142617,0.9086056373160389,25272,16679,0.3824230751593525,43614,train
31,0.27894865326714946,0.16208037825059102,0,6,6,0.9089770750067341,0,5858,6645,25,1838.png,0.8331420487909037,0,0.9037988244491415,0.9142150043200024,11074,6476,0.24216588138508713,26742,train
23,0.27412554189678723,0.15883284013488405,0,1,1,0.9192407241087907,0,7818,13493,22,1839.png,0.8505508531035014,0,0.8998879647422818,0.9394441690420127,16946,11371,0.32816738816738816,34650,train
8,0.26462324393358877,0.1524874889608478,1,-1,1,0.761346094473603,1,1910,409,9,1840.png,0.6146560319042872,0,0.9004381694255112,0.6594758423961491,1813,408,0.07834101382488479,5208,train
31,0.26723851520734543,0.15422694788216837,0,6,6,0.9142187845303867,0,9905,9503,25,1841.png,0.8419917120549707,0,0.9158460557543127,0.9125972857067222,15638,8956,0.25859729160049666,34633,train
27,0.39611473668234937,0.24697199091597274,0,1,1,0.9211495792690585,0,2515,5019,26,1843.png,0.8538251101065172,0,0.8976257496022518,0.9459395554791281,7193,4964,0.22932643444516307,21646,train
23,0.2673023685019994,0.1542694834013847,1,-7,7,0.9145219571549722,1,6179,12367,30,1844.png,0.8425061779766808,0,0.889162738174192,0.9413701489704905,15855,11215,0.3280294831671005,34189,train
25,0.3258373490392052,0.19462705660779644,0,4,4,0.926098660216235,0,12557,9104,21,1845.png,0.8623684745590403,0,0.9371387931808295,0.9153156190990019,14188,8485,0.25195985271409904,33676,train
27,0.2984520877048931,0.1754003431512725,0,3,3,0.9319277108433734,0,7316,9408,24,1848.png,0.8725324309080654,0,0.924059215730591,0.9399313595086786,14607,8900,0.2568171980955129,34655,train
25,0.37602283539486203,0.23154441059292244,1,-1,1,0.9325918391609316,1,5454,4752,26,1849.png,0.873697497710566,0,0.9369359804650175,0.928287795513714,9509,4702,0.1656041982178706,28393,train
30,0.3322007722007722,0.19918510973238263,0,4,4,0.9206847455382272,0,5471,6506,26,1850.png,0.853026714606521,0,0.9144172586161536,0.9270387410815496,10780,6147,0.22614230005150468,27182,train
23,0.4496896937633533,0.2900643129019556,1,-3,3,0.932937661498708,1,3611,3033,26,1851.png,0.8743047410042,0,0.9384124921315004,0.9275263421976919,6069,3025,0.1409862043251305,21456,train
34,0.26915743222704286,0.15550659386275825,0,6,6,0.9249852591120525,0,9414,11196,28,1853.png,0.8604396050867428,0,0.919024474917549,0.9310238712797292,17349,10180,0.268141709469248,37965,train
25,0.2689880753084194,0.15539354262758517,0,2,2,0.9232219431261545,0,16411,11771,23,1854.png,0.8573929764193907,0,0.9350418577443725,0.9116971304661311,18646,9403,0.23900665954959077,39342,train
21,0.33690695497236733,0.20257853640820775,0,0,0,0.936114490990208,0,7343,9196,21,1865.png,0.879901533635413,0,0.9294617585468938,0.9428631454449251,13719,8346,0.24720099520170605,33762,train
25,0.3502406259737562,0.21229800629590767,1,-1,1,0.9304938791827385,1,6546,6320,26,1866.png,0.8700220233164286,0,0.9316313284292514,0.9293592040230505,11510,6130,0.19920707136357726,30772,train
25,0.32655611085870057,0.19514016154211633,0,1,1,0.9344732868862896,0,7895,10116,24,1867.png,0.8770059683961813,0,0.9269829583594985,0.9420856501518463,14853,9117,0.24888075999126447,36632,train
26,0.2583359390545496,0.14832707687285784,0,5,5,0.9245358031599252,0,10182,10318,21,1868.png,0.8596620937046469,0,0.9240731746802655,0.9249988950927386,16123,9750,0.27438509596442845,35534,train
27,0.29489234199707337,0.17294646505925623,0,1,1,0.9106410785951631,0,3255,11240,26,1870.png,0.8359421864566002,0,0.8679169898234976,0.9577892184197218,13372,10505,0.34811280113994103,30177,train
24,0.3895103023815895,0.24185830120962382,1,-4,4,0.9085334335792491,1,4870,2916,28,1877.png,0.8323969432784415,0,0.9298785619814837,0.8881462596752338,6829,2769,0.1298902336054039,21318,train
31,0.2903594563698717,0.1698365527488856,0,4,4,0.9215757171635588,0,7958,8743,27,1879.png,0.8545576465875345,0,0.9181910901928493,0.9249853892125257,14494,8120,0.2447626224566692,33175,train
24,0.25619752595757367,0.14691889119968093,0,3,3,0.9239096099786847,0,12292,16373,21,1888.png,0.8585799283649245,0,0.9140082562157961,0.9340278336848772,20470,12325,0.30005355925601324,41076,train
32,0.3667352537722908,0.22454121698232057,0,5,5,0.9297903859837394,0,6758,5280,27,1892.png,0.8687927802240921,0,0.937875044122838,0.9218439191377157,10785,5128,0.16602454106905817,30887,train
36,0.29336050094424015,0.17189365481494423,0,15,15,0.939891897174721,0,9882,12259,21,1893.png,0.8866000501928327,0,0.9338656164863917,0.9459964587841826,18318,11498,0.2846603287779758,40392,train
28,0.27073279936321576,0.15655926352128885,0,8,8,0.9331187350934836,0,12507,11553,20,1899.png,0.874622852408273,0,0.9355998528378876,0.9306507418989953,19013,10419,0.2600913652362765,40059,train
24,0.23432740304620503,0.13271282765019718,0,4,4,0.9241343955808272,0,11594,17412,20,1902.png,0.8589682501093986,0,0.910282569714957,0.9384143037746072,19812,12297,0.315996402415521,38915,train
29,0.2770233568712656,0.16078184110970997,0,7,7,0.9263723092301092,0,6826,9821,22,1903.png,0.8628431598721287,0,0.9142615193895902,0.9388082581061578,14305,8954,0.28262996748839997,31681,train
23,0.3789701310987971,0.2337835584458896,0,0,0,0.9016299137104506,0,3228,2415,23,1912.png,0.8208798882681564,0,0.9145918800396096,0.8890302176080306,5216,2382,0.14592011761823082,16324,train
28,0.20649719876243833,0.11513625661468167,0,11,11,0.9092755904940525,0,21342,28676,17,1916.png,0.8336437532427794,0,0.8973385936146295,0.921534456895791,27518,16896,0.3491558347626625,48391,train
20,0.43378457916421426,0.2769635475385194,1,-2,2,0.9211289897124769,1,2474,2011,22,1917.png,0.8537897310513447,0,0.9286904719690791,0.9136896455484231,4270,2010,0.13126102004832496,15313,train
31,0.29847024408957945,0.1754128854066851,0,6,6,0.8929139810615103,0,3101,7665,25,1920.png,0.8065443567950261,0,0.8541389153187441,0.935376984953945,9061,6469,0.2945944715150963,21959,train
26,0.29365052772658734,0.17209284059223187,0,3,3,0.917235669310655,0,6646,9548,23,1922.png,0.847124017030275,0,0.9038304644299628,0.9310445004720848,13795,8541,0.2767570720326626,30861,train
30,0.241849197537095,0.13755884716959468,0,9,9,0.9311991778534267,0,12315,14464,21,1925.png,0.871256045614946,0,0.926086045572777,0.9363690851409026,20068,12163,0.2985517918507609,40740,train
26,0.33453115465455285,0.20086305162025728,0,1,1,0.9265646331824388,0,7579,6729,25,1928.png,0.8631769194725216,0,0.9306245747159618,0.9225399615714811,11915,6363,0.20617587972263626,30862,train
22,0.2560433081417162,0.1468174693425946,0,3,3,0.9289929158827599,0,10425,12258,19,1933.png,0.8674012802151229,0,0.9236927290836653,0.9343542790934909,18510,11174,0.3008940112020681,37136,train
39,0.37962559860687856,0.23428264373992477,0,13,13,0.8967747284636431,0,3622,3848,26,1936.png,0.8128663760709455,0,0.8939828080229226,0.8995841419462157,6522,3800,0.1890077095249938,20105,train
25,0.2517536833418287,0.14400355427206843,0,7,7,0.9313011262186092,0,11882,17898,18,1943.png,0.8714345537984657,0,0.9185532716574668,0.9444077946990432,21026,13475,0.32737299871237335,41161,train
25,0.2609871534820825,0.1500777604976672,0,6,6,0.9305109109018471,0,8090,16468,19,1952.png,0.8700518036013821,0,0.9089627569889382,0.9531055270556184,18367,13055,0.3570451810524013,36564,train
27,0.37217755598681573,0.2286352282189085,0,2,2,0.9388186504364339,0,8096,5565,25,1967.png,0.8846919999324746,0,0.9495823443077425,0.9282962385637992,11856,5476,0.16422252211725896,33345,train
24,0.34742979693050063,0.21023602887501014,1,-2,2,0.9307357066697032,1,6319,7063,26,2006.png,0.8704449521744182,0,0.9271652934321924,0.9343337247607271,11702,6837,0.21895916733386708,31225,train
23,0.4081474896610366,0.2563978050793959,0,2,2,0.9334936714020748,0,3958,5831,21,2020.png,0.8752818866337958,0,0.921764098160497,0.9455256131465221,9075,5750,0.222402722982904,25854,train
31,0.46195813907350464,0.3003547242824895,0,2,2,0.9243301647424458,0,2541,3692,29,2022.png,0.8593065775811476,0,0.9115921553602644,0.9374292046294016,6112,3667,0.16818786405540523,21803,train
17,0.2988684777131339,0.1756880486885334,1,-3,3,0.8795075760659822,1,3295,11504,20,2035.png,0.7849295160587124,0,0.8244066244371518,0.942501657767075,10362,7832,0.3696257492094955,21189,train
26,0.4764625850340136,0.3127344168601536,1,-3,3,0.9057062436028659,1,1848,2574,29,2039.png,0.8276628083713317,0,0.8918987022804586,0.9199480181936323,4312,2546,0.15700542673902318,16216,train
24,0.3984484236164359,0.2487890052945815,1,-1,1,0.927784555600741,1,3619,4372,25,2045.png,0.8652967651669673,0,0.9215137153525779,0.9341413259085367,7671,4351,0.19649550648060335,22143,train
27,0.3876692595793719,0.24044028303909656,0,3,3,0.906275283530397,0,1872,4731,24,2055.png,0.8286136994834791,0,0.8709316600736599,0.9446088294472719,6399,4652,0.26061624649859944,17850,train
24,0.4114460909555442,0.2590066906845085,1,-3,3,0.8550680786686838,1,676,2677,27,2070.png,0.7468287526427061,0,0.7869987269255252,0.9360272546607362,3322,2671,0.23479254571026723,11376,train
30,0.49411251635412123,0.32812047494931945,0,2,2,0.9034404059533347,0,1294,2683,28,2074.png,0.8238862811088478,0,0.8739665539270951,0.9349716066133976,3846,2647,0.17994561522773622,14710,train
40,0.2142494671673602,0.11997726626882638,0,20,20,0.8488500496768696,0,15451,33688,20,2077.png,0.7373931167165455,0,0.803761890615079,0.8992974086240159,22436,15343,0.3873712381337104,39608,train
26,0.3557762676424464,0.21637947478858016,1,-1,1,0.9065401231730857,1,3083,5051,27,2082.png,0.8290565958430532,0,0.8864943820224719,0.9275134016740336,7517,4878,0.2351976856316297,20740,train
21,0.3785577793422508,0.23346979282967373,1,-1,1,0.9130291888338845,1,2770,5698,22,2096.png,0.8399758111759926,0,0.8863740602628273,0.9413371735953747,7782,5386,0.26367063200665786,20427,train
25,0.381015662078785,0.23534240150093808,0,0,0,0.9162742484821561,0,2640,5841,25,2099.png,0.8454853519895059,0,0.8882062471290767,0.9461740779252553,7787,5678,0.2710909524946288,20945,train
29,0.43241742991951154,0.27584985835694054,0,2,2,0.9186348817695366,0,2592,3323,27,2100.png,0.8495140690988653,0,0.9094895680122024,0.927965983936859,5718,3302,0.17047859982446176,19369,train
25,0.38667876117662303,0.23967871485943776,1,-1,1,0.8769245265240743,1,2851,3680,26,2101.png,0.7808242163903618,0,0.8634356329090437,0.8908415652040739,5811,3545,0.2077716563122729,17062,train
21,0.34487498017656076,0.2083679335675503,1,-1,1,0.8990396638823588,1,2933,5141,22,2103.png,0.8165958703405038,0,0.8748844000973472,0.9245666375186462,7602,4985,0.2615562201584553,19059,train
27,0.22944817945816415,0.12959133802022632,0,2,2,0.8981782399404271,0,7571,11572,25,2104.png,0.8151756232259061,0,0.8794621001427039,0.917708310688898,15491,10309,0.33111710670007066,31134,train
20,0.38253909158600147,0.23650592703418113,1,-1,1,0.9070611630769878,1,3471,5362,21,2108.png,0.8299285673026936,0,0.8893657409317872,0.9254750402576489,8219,5099,0.23831557300429987,21396,train
38,0.20091929840609207,0.1116788692292048,0,20,20,0.9231111634787845,0,19463,15775,18,2109.png,0.8572019062439215,0,0.9305998548206155,0.9157420354729364,23902,12515,0.2818185912448207,44408,train
22,0.3452831048148317,0.20866596927820294,1,-2,2,0.8968272996084072,1,3211,7117,24,2118.png,0.812952767313822,0,0.8631477742524757,0.9332418553400279,9401,6762,0.29962779156327546,22568,train
23,0.2920467138351377,0.1709922140147734,0,0,0,0.9051989618722619,0,4125,8404,23,2122.png,0.8268159513442532,0,0.8768103195543829,0.9354874024491328,10848,7744,0.33062932285885066,23422,train
24,0.3002937853107345,0.17667393501037068,0,1,1,0.9016976330742148,0,3219,8061,23,2123.png,0.820992160472276,0,0.8651893971067816,0.9414226702818772,10094,7514,0.3260294181455287,23047,train
22,0.23308184727937814,0.13191434301610921,1,-6,6,0.9109572602233915,1,8097,16018,28,2129.png,0.8364752152980267,0,0.8850709965344794,0.9384033715728936,18982,13099,0.36055601431323975,36330,train
23,0.3943037676238978,0.2455656055444614,1,-4,4,0.9161592205627844,1,3322,4526,27,2137.png,0.845289490803714,0,0.9045248391519882,0.9280967944416787,7405,4500,0.20794824399260628,21640,train
23,0.4675231120182495,0.3050767784393607,0,0,0,0.871826625386997,0,611,1873,23,2145.png,0.7727771679473107,0,0.818525336692181,0.9325532619494425,2470,1867,0.1926132260394099,9693,train
18,0.37086225978468657,0.22764328063241107,0,3,3,0.9016945888696322,0,2043,2041,15,2146.png,0.8209871131761199,0,0.9017380000962881,0.9016511818225581,3677,1947,0.17559523809523808,11088,train
24,0.3458098330769669,0.20905083344813336,0,0,0,0.8989111841212089,0,1628,5818,24,2148.png,0.8163839021503255,0,0.8505292364607954,0.9531294984741175,6875,5440,0.2943085912140229,18484,train
23,0.3514763736976352,0.21320675548096088,1,-5,5,0.9138700357307712,1,2510,7566,28,2150.png,0.8414002612897641,0,0.8760098982317562,0.9551505405163941,9360,7225,0.3023645114040594,23895,train
21,0.33430974203911934,0.2007034263671432,1,-2,2,0.8756231117824773,1,1849,11325,23,2152.png,0.7787629939375619,0,0.8037193663558528,0.9616565053295176,10381,8698,0.38728349436751414,22459,train
22,0.38608988472995726,0.23922638632533505,1,-2,2,0.8712472053656979,1,1297,5153,24,2160.png,0.77186715240689,0,0.8089783511269276,0.943901384083045,5885,4645,0.2932264377248911,15841,train
27,0.4667344226409194,0.3044054660411993,0,1,1,0.9012524914491006,0,1086,2927,26,2162.png,0.8202544118964437,0,0.8621939736346516,0.9440177328728285,3838,2846,0.20464514273387502,13907,train
27,0.4121077184054283,0.25953128129799025,0,1,1,0.9181111027738176,0,1702,4846,26,2163.png,0.8486186568026818,0,0.8833778547878612,0.955687469082767,6453,4804,0.25249658362241145,19026,train
23,0.3477679637144903,0.21048373114488816,0,2,2,0.9090383952446172,0,3219,6544,21,2167.png,0.8332450851452678,0,0.8817235396182764,0.9380997250158645,8797,6016,0.2786862463519711,21587,train
10,0.5427765590723911,0.3724731182795699,0,0,0,0.8593808280492353,0,455,299,10,2175.png,0.7534336167429693,0,0.8851325393776411,0.8350851757883291,749,299,0.07404655770183259,4038,train
24,0.43731245923026746,0.2798463850392386,1,-4,4,0.9096631815057342,1,1402,3592,28,2176.png,0.8342955736943394,0,0.875,0.9471860167256837,4905,3589,0.22233923925164167,16142,train
18,0.5362102114932706,0.3663164039696439,0,1,1,0.8100894559319548,0,353,942,17,2178.png,0.6807986196697067,0,0.7456803455723542,0.8866773675762439,1040,697,0.12168296089385475,5728,train
26,0.38835430545275107,0.24096754439681567,1,-3,3,0.9053548147882354,1,2053,5860,29,2184.png,0.8270760489510489,0,0.865925366646075,0.9485463659147869,7468,5521,0.2561592353732659,21553,train
24,0.4148665357480544,0.2617234101128751,0,0,0,0.9055113275893826,0,1450,3167,24,2194.png,0.8273373223635003,0,0.8747726374060893,0.938488949221567,4547,3157,0.20468101659751037,15424,train
18,0.5293906810035842,0.3599805020716549,1,-2,2,0.8747826086956522,1,462,978,20,2202.png,0.7774343122102009,0,0.8372170439414115,0.915877640203933,1426,965,0.14028201773513593,6879,train
26,0.41963872163038446,0.26553341148886284,1,-1,1,0.9056287096232778,1,1865,4320,27,2230.png,0.8275333221794657,0,0.8729299644086242,0.9408724874770148,5927,4286,0.2325808552203169,18428,train
23,0.36514858607202266,0.2233527664723353,1,-2,2,0.9152870311216574,1,2836,6446,25,2233.png,0.8438057415945882,0,0.8860929492843258,0.9464703661759154,8467,6282,0.27746124287796475,22641,train
26,0.299875241011682,0.17638425617078052,0,4,4,0.9147574845397182,0,5535,8001,22,2237.png,0.8429060523414379,0,0.9007689445615775,0.9291873496750422,11919,7351,0.27757429294264246,26483,train
22,0.34849694067571163,0.2110180412371134,1,-1,1,0.9098328240158188,1,3709,6323,23,2249.png,0.8345810111136761,0,0.8889474331278431,0.9317232111628592,9065,6090,0.2697196510031445,22579,train
18,0.28959864047583345,0.16931618936294565,1,-3,3,0.8859607990246647,1,3954,8206,21,2258.png,0.7952689620338412,0,0.8519867967749499,0.9227568422903358,10083,6991,0.33460967788254437,20893,train
27,0.36314390842191335,0.22185451139556667,1,-1,1,0.8948031231634623,1,3955,4816,28,2260.png,0.8096323305986023,0,0.8856573043044706,0.9041398031896845,7722,4408,0.22750967741935485,19375,train
21,0.39235395189003436,0.24405493507187517,1,-3,3,0.9140695460466981,1,2674,7616,24,2265.png,0.8417385687260647,0,0.877841045793568,0.9534170687943139,9240,6928,0.2971095291191354,23318,train
31,0.39992037424106697,0.24993779547151032,0,4,4,0.9091122207375109,0,2512,5242,27,2271.png,0.8333691494391198,0,0.8809231747762483,0.9391649714230359,7386,5073,0.24204399064840879,20959,train
21,0.4667143879742305,0.30438842203548083,0,5,5,0.870907759057869,0,980,1311,16,2307.png,0.7713344645174169,0,0.8549618320610687,0.887459807073955,1984,1046,0.1326569435637286,7885,train
18,0.5449746192893401,0.3745464694390176,0,4,4,0.880097725991355,0,547,729,14,2322.png,0.7858701124349723,0,0.86529933481153,0.8954110898661568,1104,564,0.0975609756097561,5781,train
22,0.3381663673397871,0.20348990458115873,0,3,3,0.924319325714205,0,3558,7163,19,2330.png,0.8592878423960836,0,0.9013809150110831,0.9484556991365822,9559,6780,0.30772023782508057,22033,train
26,0.4142754662840746,0.2612531101560733,0,7,7,0.9231085974494677,0,3691,2658,19,2344.png,0.8571974808816915,0,0.9348034045475729,0.911702789340223,5623,2545,0.1553249923710711,16385,train
29,0.4288954807188972,0.27298978231896937,0,2,2,0.858276062502137,0,1401,2744,27,2353.png,0.7517369429803545,0,0.8205949656750572,0.8995842889908257,3891,2624,0.20164450933681702,13013,train
28,0.4133020225740474,0.2604793277952831,0,0,0,0.8797123832189787,0,1513,3238,28,2385.png,0.7852558307720123,0,0.842899422638397,0.9198877475378587,4414,3009,0.20962797826389856,14354,train
23,0.3276122983796553,0.1958949459280512,1,-2,2,0.9065687019441908,1,6215,7188,25,2393.png,0.829104401489264,0,0.9004611358065723,0.9127596855699045,11051,6515,0.2317598093273096,28111,train
25,0.3488826379121738,0.21130093227958924,0,3,3,0.9138393157788404,0,6756,6038,22,2409.png,0.8413481808486892,0,0.9182795116801559,0.9094418529837542,10079,5430,0.21601623105382503,25137,train
19,0.342795847220626,0.20685191178510334,1,-2,2,0.9116754253794421,1,4681,7336,21,2410.png,0.8376870711545734,0,0.8942253622665994,0.9298200899550225,10586,7072,0.2744915385809657,25764,train
21,0.34027653079547493,0.20502001514659743,1,-2,2,0.9107306118463683,1,4391,5666,23,2452.png,0.8360930929952084,0,0.9005389084908807,0.921155641743877,9048,5523,0.24188674287215872,22833,train
23,0.509090909090909,0.34146341463414637,1,-3,3,0.9077804690730785,1,2186,936,26,2462.png,0.831133708351363,0,0.9425837320574163,0.8754557885141294,3017,936,0.07057759010707285,13262,train
43,0.20517919674895163,0.1143173716157626,0,24,24,0.9321873700822141,0,27639,12324,19,2484.png,0.8729877732893888,0,0.9570592334494773,0.9085754924499281,24426,11180,0.24025960071347216,46533,train
24,0.318673647469459,0.1895370562590824,0,5,5,0.8970005462004207,0,11373,6353,19,2500.png,0.8132375252865812,0,0.9239516872359018,0.8715771406632866,12648,6029,0.21273817925194072,28340,train
24,0.3198524092027203,0.1903716143478448,1,-2,2,0.9053987548906223,1,6831,8547,26,2507.png,0.8271493924713658,0,0.8959408785429045,0.91505844317334,11944,6754,0.24894950239587174,27130,train
28,0.364848831976435,0.2231285028022418,0,1,1,0.9135378535099938,0,2980,7696,27,2509.png,0.840837259228338,0,0.8799301048427359,0.9498147524418996,9569,7509,0.30160260272321965,24897,train
20,0.40686494743463025,0.2553863508178229,1,-3,3,0.9056525165065075,1,2179,8238,23,2516.png,0.8275730790876287,0,0.8585386794882802,0.95823750383318,8731,6741,0.29703886489821096,22694,train
26,0.3697265024803547,0.22678802240413615,0,2,2,0.9141847730083024,0,3287,6429,24,2573.png,0.8419340144465413,0,0.8895000085938709,0.9402787114591471,8774,6245,0.2771490702525185,22533,train
27,0.5330490405117271,0.3633720930232558,0,1,1,0.8992321847832985,0,1850,1326,26,2575.png,0.8169135873638093,0,0.9144350519455379,0.8845265588914549,2920,1307,0.09782934131736527,13360,train
22,0.40945412534899395,0.25742993765510563,1,-3,3,0.9169395085667059,1,2652,5187,25,2583.png,0.8466189246301948,0,0.8929544328875682,0.9422486444110537,7429,5075,0.25004927079227435,20296,train
15,0.4508554176450855,0.2910350801212646,1,-6,6,0.7291394061399095,1,1990,701,21,2626.png,0.5737367337240614,0,0.8378440897524867,0.6454027084818247,2205,701,0.08369149952244508,8376,train
23,0.39690324672692634,0.24758533501896335,0,1,1,0.9215638777191028,0,4922,6411,22,2633.png,0.8545372866127583,0,0.912163643338631,0.9311598763619071,9480,5933,0.23461720974375197,25288,train
33,0.23059079225094564,0.13032078234988426,0,12,12,0.935437318873348,0,16825,16013,21,2636.png,0.8787057215676135,0,0.9369331049014396,0.9339463011891629,24644,14076,0.2908444738310226,48397,train
26,0.22522159548751008,0.12690124858115778,0,6,6,0.9336757353046518,0,20665,16371,20,2648.png,0.8756020717313467,0,0.9409110760601609,0.9265508208607753,25857,13550,0.2692124294683303,50332,train
21,0.3935109203383411,0.244950884086444,1,-4,4,0.8871750731623343,1,2592,3962,25,2662.png,0.7972278943134707,0,0.8667339387823747,0.9086036671368124,6141,3868,0.23380077369439073,16544,train
26,0.44000581057524696,0.2820560573610206,0,0,0,0.8923900537697528,0,1209,3374,26,2694.png,0.805689815992538,0,0.8492201814362962,0.9401840490797546,4438,3341,0.21955707432476834,15217,train
26,0.49982528478579913,0.3331780490077332,1,-1,1,0.9108414490760255,1,1653,2366,27,2722.png,0.8362799413394166,0,0.8966586590958725,0.9254801190154179,3944,2362,0.15240676216285973,15498,train
22,0.5269765511516912,0.3577516376699303,1,-4,4,0.9300531744506374,1,2559,2900,26,2741.png,0.8692517723701858,0,0.9260071951624015,0.9341346648821167,5207,2867,0.1425091957451039,20118,train
20,0.4263604100946372,0.2709390465451356,0,0,0,0.9224192077803667,0,3814,3844,20,2797.png,0.8560093261131168,0,0.9221389507798258,0.9226996351844345,6904,3696,0.18067165273500513,20457,train
19,0.37772397094430993,0.23283582089552238,1,-4,4,0.6494068492128628,1,4270,429,23,2808.png,0.48083084742017457,0,0.9102698180297009,0.504755277197866,3176,429,0.0416221985058698,10307,train
25,0.42855736090595764,0.272715879182855,0,5,5,0.9173169220428696,0,4376,3497,20,2829.png,0.8472626391960579,0,0.9258638965444138,0.9089263043975941,7097,3475,0.17169820643312417,20239,train
22,0.4035051461166453,0.2527444076222038,0,0,0,0.924312616105634,0,3918,5901,22,2830.png,0.8592762450734504,0,0.9103967687565483,0.938660487835426,9287,5616,0.22496394808524275,24964,train
21,0.3691715708465369,0.2263705759888966,0,1,1,0.9123959160855621,0,10401,4486,20,2834.png,0.8389044594258259,0,0.9452993537373491,0.8817059994313335,10372,4222,0.16441450212235678,25679,train
22,0.4166629696996584,0.2631549453628467,1,-2,2,0.923323813878847,1,4733,4154,24,2835.png,0.8575687154419425,0,0.9279594880510561,0.9187342250304769,7912,4040,0.17827986408366797,22661,train
26,0.5014963167587477,0.3346647207926876,0,1,1,0.9270204800704691,0,3255,1716,25,2836.png,0.8639684754946227,0,0.94844989185292,0.9065380308381428,4708,1563,0.08374859347371805,18663,train
22,0.44767745923073266,0.28839203675344566,1,-3,3,0.9378260055459952,1,2564,4409,25,2837.png,0.8829306784413142,0,0.9226477657502763,0.9535119846248685,6763,4367,0.20307849702380953,21504,train
21,0.36941410129096325,0.22655298416565164,1,-4,4,0.9239141064867206,1,5122,5770,25,2838.png,0.8585876945847344,0,0.9197507684176854,0.9281153074256523,9928,5442,0.2103838868055824,25867,train
25,0.5567116249197174,0.38572445710217157,0,0,0,0.9314418173388966,0,1567,2130,25,2844.png,0.8716809551907257,0,0.9218176479224783,0.9412690678760166,3640,2130,0.12799711555795926,16641,train
23,0.3693334942279072,0.22649235323137643,1,-1,1,0.9303022732950287,1,5971,4352,24,2854.png,0.8696870621205044,0,0.9405837861453186,0.9202431042543244,9335,4191,0.16168357702249142,25921,train
22,0.20594934087928773,0.11479572208971302,1,-3,3,0.8019886973317119,1,9859,1213,25,2858.png,0.669433331342927,0,0.9486778083350963,0.694588147826895,7315,1196,0.06810546096463754,17561,train
22,0.4604235197368421,0.29905855645322826,0,0,0,0.9227775976282021,0,3418,3250,22,2866.png,0.8566268168917176,0,0.9245764678579717,0.9209857136252254,6074,3218,0.16276364372060087,19771,train
29,0.4821805091283106,0.3176797452056651,0,9,9,0.9300819499428901,0,4250,2055,20,2867.png,0.8693020459774881,0,0.9532858993885113,0.9079807733945351,5742,2052,0.1060081624218629,19357,train
30,0.46802297284142896,0.3055026051594866,0,7,7,0.8876823638042475,0,2060,981,23,2871.png,0.7980475494753619,0,0.9245268502846592,0.8536620018469845,2952,981,0.08153257978723404,12032,train
24,0.5166437414030262,0.3482937685459941,1,-1,1,0.9304849101390302,1,2648,2477,25,2872.png,0.87000634115409,0,0.9326481224678468,0.9283317094294684,4904,2461,0.12984751754339682,18953,train
27,0.5001941747572816,0.33350595546349043,0,0,0,0.9172563962983125,0,2664,1592,27,2874.png,0.8471593765711413,0,0.9367802398538638,0.8985297478479469,4194,1592,0.09343819697147553,17038,train
27,0.3772658988482724,0.2324878108992162,0,5,5,0.9086484502019195,0,4929,3780,22,2886.png,0.8325900580523624,0,0.9197332936954536,0.8978276190871025,7756,3573,0.17082616179001722,20916,train
20,0.44287756074321105,0.2844205115652919,1,-1,1,0.932193058954811,1,3687,3544,21,2888.png,0.8729977518617394,0,0.9334447595260005,0.9309447108181,6884,3442,0.16305841110426833,21109,train
24,0.5224825496455819,0.35362191459752434,1,-1,1,0.9344116415410385,1,2625,2387,25,2894.png,0.8768973817360122,0,0.9373309879492767,0.9315104234612676,4924,2374,0.1250263324204761,18988,train
22,0.421116675246876,0.26671804600426846,1,-3,3,0.9039484033349064,1,3909,5250,25,2904.png,0.8247316149032665,0,0.8914122611069745,0.9168421724424022,7659,4217,0.18729735731734398,22515,train
27,0.43100537221795854,0.2747016239483467,0,1,1,0.9131764327188541,0,3985,3028,26,2906.png,0.8402250928394049,0,0.9241254886238348,0.9024837880827113,6555,2977,0.14085639933759167,21135,train
24,0.4723518752402394,0.3092020129403307,0,2,2,0.9056721834621281,0,3554,2476,22,2912.png,0.8276059237234833,0,0.9212067209775967,0.8906528828995138,5439,2397,0.1279491833030853,18734,train
33,0.16902544252247892,0.09231446817881524,0,16,16,0.9043275333779445,0,51339,11140,17,2934.png,0.8253630176233002,0,0.963645382571975,0.8518889289578074,26894,8429,0.173937267849773,48460,train
25,0.45337036641384465,0.2931344108302252,0,0,0,0.9292631527657657,0,3248,2559,25,2953.png,0.867872582480091,0,0.9371283966389858,0.9215288347708439,5584,2557,0.13033948414721175,19618,train
28,0.4380928291387378,0.28048582995951415,0,2,2,0.935604753217297,0,3856,3980,26,2970.png,0.8790012507527679,0,0.9346523273951236,0.9365591220940754,7532,3879,0.1550421679523562,25019,train
25,0.4257327569111173,0.2704323289327824,0,2,2,0.9370181680953151,0,4928,4418,23,2976.png,0.8814997020375559,0,0.940249658511516,0.9338088138507206,8594,4363,0.17338261007788905,25164,train
26,0.18056935259557802,0.09924497691251716,0,1,1,0.8990834564446446,0,24151,2968,25,2977.png,0.816668131392684,0,0.9760204246517791,0.8333896726570315,17749,2884,0.07698056801195814,37464,train
31,0.4654962075001326,0.30335292084341514,0,4,4,0.9290299227799228,0,2659,3223,27,2985.png,0.8674658074401208,0,0.9227505872201716,0.9353953058943584,5718,3176,0.1592139562863445,19948,train
20,0.3440825365959056,0.20778966597077245,1,-2,2,0.8760340588399161,1,4660,5575,22,3003.png,0.7794133494256342,0,0.8664318742662738,0.885851459925534,8757,4849,0.23666357557713896,20489,train
23,0.4466802809184639,0.28756493298274866,0,0,0,0.9340885787383154,0,4145,2476,23,3014.png,0.8763285204624839,0,0.9498704243602203,0.9188225847515716,6153,2437,0.11673692278214218,20876,train
29,0.3256477299738531,0.1944917660420216,0,6,6,0.8980852993650889,0,6008,4217,23,3034.png,0.8150225229299709,0,0.9144086545292172,0.882334508421465,9069,4033,0.1829522772636545,22044,train
21,0.4890863939354333,0.32370242214532874,0,0,0,0.873874926943308,0,1407,751,21,3041.png,0.7760016607847208,0,0.9087152060289292,0.8416075650118203,2091,751,0.0800981228668942,9376,train
30,0.3640978311029072,0.2225669957686883,0,5,5,0.9075990786599049,0,5876,3471,25,3050.png,0.8308296532252226,0,0.929702689565781,0.8865220833896603,8043,3101,0.13751662971175166,22550,train
24,0.3244261433327493,0.19362091503267975,1,-1,1,0.8884500202347227,1,5554,8228,25,3051.png,0.7992893134884804,0,0.869628596780327,0.9081041728713724,11482,7352,0.30052321778940483,24464,train
23,0.3853424593751455,0.23865274814003115,1,-3,3,0.898909531108139,1,4277,6078,26,3053.png,0.8163811753023371,0,0.8833777846000346,0.9149972175848636,8703,5168,0.22657722828707966,22809,train
20,0.5333759182369849,0.3636759581881533,1,-2,2,0.8349259226790567,1,1495,388,22,3055.png,0.7166290443942814,0,0.9246601941747573,0.7610676042832029,1706,388,0.04651720417216161,8341,train
22,0.6013539404777111,0.4299543378995434,0,0,0,0.9018654675821839,0,813,802,22,3061.png,0.8212704736609119,0,0.9024686853946249,0.9012630556230264,1603,802,0.08452782462057336,9488,train
22,0.3745271122320303,0.230411171450737,1,-2,2,0.7837406070646707,1,2829,826,24,3079.png,0.644386067328274,0,0.88911263256813,0.7006982649174778,3047,780,0.07711319822046465,10115,train
24,0.3975245137437711,0.248069013943224,1,-1,1,0.8731437201107476,1,4307,733,25,3081.png,0.7748492293946839,0,0.9594534793671866,0.8010807315721411,4379,733,0.04991148032139452,14686,train
25,0.3567103379940548,0.21707088302291302,0,2,2,0.8947870768667547,0,4730,3317,23,3085.png,0.8096060570211759,0,0.9116291461302785,0.8785560234158365,7319,3201,0.1679697748858687,19057,train
22,0.5647891999557375,0.3935235158057055,1,-1,1,0.9085615985179304,1,1314,759,23,3104.png,0.8324442289039767,0,0.9313619099294629,0.8868509429088091,2068,757,0.07055643582812937,10729,train
31,0.563522659127902,0.39229484732824427,0,5,5,0.9095931366177044,0,1454,1328,26,3116.png,0.8341777433390952,0,0.9133328982575214,0.9058838759790278,2722,1326,0.09996984318455972,13264,train
29,0.4352537874599137,0.2781625441696113,0,2,2,0.9158163982348146,0,4161,1829,27,3120.png,0.844706004355491,0,0.9468483915027172,0.8867539395258961,5600,1829,0.09613666228646518,19025,train
27,0.4741922373501321,0.31078111473663184,0,1,1,0.9223340620270497,0,3895,2571,26,3121.png,0.8558626839054837,0,0.9372391065543757,0.9078956702688642,6063,2404,0.11417715507005462,21055,train
25,0.4026279575620367,0.25205646954201866,0,6,6,0.9281174840323018,0,4300,4726,19,3127.png,0.8658761293390395,0,0.9249793637691281,0.9312769697938309,8320,4469,0.19238054240206628,23230,train
25,0.3114829533570383,0.18447131106926964,0,8,8,0.9045827002002358,0,8634,4804,17,3140.png,0.8257882182119892,0,0.9298706607106362,0.8806337444008184,10149,3975,0.1732177096043228,22948,train
26,0.5194667919431558,0.3508646676185943,0,2,2,0.9358334418449875,0,1920,2515,24,3141.png,0.8794050467696324,0,0.9278459949506541,0.9439596042147048,4323,2515,0.1401504597380886,17945,train
19,0.42106725958866037,0.26667840168984336,1,-1,1,0.9255273433850868,1,5164,2808,20,3146.png,0.8613782190613644,0,0.9463559079186169,0.905595875760955,7271,2688,0.12397380315469053,21682,train
24,0.34112010853436214,0.20563279492946226,0,3,3,0.9088447369249661,0,7632,3948,21,3163.png,0.8329197206671668,0,0.9359880666709903,0.8832313341493268,9735,3651,0.15071829590488772,24224,train
27,0.3930667246250815,0.24460674917156963,0,1,1,0.9105498863979617,0,4221,2590,26,3173.png,0.8357885092943077,0,0.9304809963495813,0.8914547278010646,6413,2587,0.12975874003109797,19937,train
21,0.39116750761852426,0.24313749844739785,1,-1,1,0.9146355975291814,1,4886,3005,22,3174.png,0.8426990929931227,0,0.9336336933236158,0.8963952502120441,7299,2943,0.14444880730342594,20374,train
24,0.24381301558203483,0.13883089770354906,0,0,0,0.9035933391761612,0,15807,3113,24,3176.png,0.82414068745004,0,0.966081565499733,0.8486977496578063,14255,3080,0.09644590574604665,31935,train
18,0.3454194792671167,0.20876559039515094,1,-3,3,0.8985109754176589,1,4955,5998,21,3181.png,0.815723947642922,0,0.8899106143200631,0.9072791916167665,9087,5656,0.26182760855476345,21602,train
30,0.43521063734577764,0.27812729798186125,0,4,4,0.8916166299308353,0,4200,1504,26,3187.png,0.8044298155386409,0,0.9397580709765281,0.8481671607259056,4829,1496,0.08879919273461151,16847,train
24,0.3988688792975145,0.24911693623350065,0,0,0,0.9023621317137624,0,4903,3521,24,3196.png,0.8220945703364237,0,0.9170514511873351,0.8881359799224275,7405,3383,0.16550070935864195,20441,train
24,0.36706428986284234,0.22478796169630644,0,1,1,0.9123965567430449,0,5057,5476,23,3197.png,0.8389055426404013,0,0.90922804051254,0.9155872337584295,9199,4895,0.21344786988182968,22933,train
24,0.42248842359573185,0.26781953927637037,1,-3,3,0.9134361601425469,1,3089,4684,27,3198.png,0.8406649721220072,0,0.8974942553889922,0.9299546485260771,7347,4470,0.20881995702139586,21406,train
21,0.3819786960666473,0.23607766791331522,0,0,0,0.9241482397073725,0,5121,5434,21,3211.png,0.8589921714270446,0,0.9220741972953982,0.9262316335350044,9629,5191,0.21012791450777202,24704,train
25,0.37319711538461536,0.22940524565940154,0,2,2,0.9170400286068867,0,6803,1085,23,3212.png,0.8467903272797902,0,0.9757172910791818,0.8650198412698412,7050,1083,0.05151010701545779,21025,train
19,0.2676255063492786,0.1544847879775104,0,0,0,0.8702438422505668,0,4905,11921,19,3214.png,0.7702935153583618,0,0.8255761211500475,0.9200215232597956,10469,6805,0.31846686634219395,21368,train
24,0.34276702006483833,0.20683091889605584,0,4,4,0.9211350418610597,0,6482,3390,20,3215.png,0.8538001303240329,0,0.9444644670882343,0.898930364549225,8777,3292,0.14511791932995372,22685,train
24,0.5078852365570967,0.34037947281293773,0,2,2,0.9033267569222396,0,1762,1080,22,3227.png,0.823697270471464,0,0.9247806101128291,0.8828457446808511,2742,1076,0.08808120497707925,12216,train
29,0.3805248299162309,0.23496799268404206,0,1,1,0.9107814694454981,0,5808,2895,28,3271.png,0.8361788235294118,0,0.9388169156962614,0.8843718893091778,7967,2863,0.12461913467397928,22974,train
24,0.5593856357448294,0.38829658347467894,0,0,0,0.917055389082821,0,1930,755,24,3272.png,0.846816522136011,0,0.951596358507501,0.8849341203124068,2639,755,0.05719263692144534,13201,train
24,0.36404790320589325,0.22252968404105453,0,3,3,0.9192068486134485,0,8518,2524,21,3328.png,0.8504928509532063,0,0.9613701062169029,0.8805865530196826,8928,2405,0.0990567980559331,24279,train
25,0.34627707292067156,0.20939243645381278,0,7,7,0.9125585931355585,0,7147,3971,18,3329.png,0.8391795524568585,0,0.9359371470977318,0.8903195113716583,9162,3781,0.16485001743983257,22936,train
21,0.2865410976290806,0.16722962962962962,0,0,0,0.8547698413583206,0,7404,5623,21,3330.png,0.7463738488795436,0,0.8720853522600606,0.8381285526891123,9913,4759,0.23050469824663372,20646,train
20,0.3731043150397989,0.2293351187104084,1,-1,1,0.916577108161575,1,8953,3234,21,3331.png,0.8460012383587955,0,0.953921121623162,0.8820468229187252,9010,3210,0.13302391115163067,24131,train
20,0.3639492575474481,0.2224559716295005,0,1,1,0.9188236368618139,0,5298,3590,19,3344.png,0.8498369629491966,0,0.933384052995862,0.9047105163761938,7790,3461,0.1733273237179487,19968,train
20,0.511234071093226,0.34339452641063184,1,-2,2,0.9157028293147712,1,2373,812,22,3387.png,0.8445127904706112,0,0.9551653691126939,0.8793716958113054,3102,812,0.06055182699478002,13410,train
22,0.36437854830385213,0.2227768215720023,1,-1,1,0.895879478097117,1,4831,6780,23,3405.png,0.8113964556633042,0,0.8804907283367411,0.9118157092528704,7890,3854,0.19140799602681896,20135,train
21,0.4533694971833924,0.29313368406852824,0,0,0,0.9279159265837774,0,2139,4679,21,3406.png,0.8655253348060196,0,0.9036489436184671,0.9535222284994134,6560,4592,0.2340111094124242,19623,train
23,0.30537385112196735,0.18020130948890845,1,-2,2,0.8895354072719465,1,5896,10051,25,3421.png,0.8010479695589795,0,0.8646494027659947,0.9158963825174027,12719,8157,0.31720785533735174,25715,train
21,0.37152765103121005,0.22814489375056038,1,-2,2,0.9313555292001123,1,3925,8056,23,3436.png,0.8715298255396262,0,0.9098215684957575,0.9539335469408354,11148,7606,0.2744164231338168,27717,train
26,0.5874840357598978,0.4159132007233273,0,3,3,0.9194666234345236,0,1557,430,23,3439.png,0.8509377344336084,0,0.9634757495965345,0.8793023255813953,1980,430,0.0383210052579984,11221,train
24,0.44552845528455287,0.28661087866108786,0,0,0,0.9259085874790194,0,2674,3815,24,3447.png,0.8620389071967683,0,0.9140010369468677,0.9381304951411383,6325,3768,0.18768679019725046,20076,train
24,0.48562363672417214,0.32067565798088254,0,0,0,0.930827659673012,0,3190,2784,24,3448.png,0.8706058177565033,0,0.9352241792503315,0.9264722830471361,5816,2738,0.1345983679087602,20342,train
25,0.495250573206682,0.3291249455811929,0,0,0,0.9122797994085122,0,2497,914,25,3454.png,0.8387081520711178,0,0.9509945847407646,0.876593851932391,3332,907,0.06498531202980583,13957,train
29,0.45469567612228035,0.29424345036535376,0,3,3,0.8944341976782033,0,3819,1046,26,3457.png,0.8090284592737979,0,0.9516992981159955,0.8436694093086087,4193,705,0.043794260156541184,16098,train
26,0.4566340160284951,0.2958689129933072,1,-1,1,0.9155144989599903,1,3410,2114,27,3459.png,0.8441924747560219,0,0.9340282112095868,0.8977204559088182,5204,2100,0.1195695496213631,17563,train
25,0.5408576051779935,0.3706681452730801,0,1,1,0.8979410935170635,0,1769,764,24,3465.png,0.8147850248610705,0,0.9358360628201898,0.8629956629491945,2369,664,0.057394761863601006,11569,train
7,0.42297979797979796,0.2682145716573259,0,2,2,0.8023255813953488,0,430,148,5,3477.png,0.6699029126213593,0,0.8879636638909917,0.7317529631940112,441,61,0.034192825112107625,1784,train
23,0.4814882697947214,0.3170790585395293,0,1,1,0.8996379343200153,0,2479,681,22,3480.png,0.81758355942966,0,0.954122877930477,0.8510395385170052,3023,681,0.05335318082105923,12764,train
29,0.5053857034055054,0.3381378758098566,0,4,4,0.9345109754513573,0,3762,1280,25,3483.png,0.8770723620050712,0,0.9656412734203038,0.9053251459633581,4903,1280,0.06328800988875155,20225,train
20,0.3455082374883432,0.20883043682480038,0,1,1,0.8895080370189966,0,4604,1067,19,3492.png,0.8010035791985403,0,0.9553444379342094,0.8321606941052094,4886,1053,0.06987855863030061,15069,train
30,0.5142488439617163,0.34612044006948467,0,3,3,0.933197859513649,0,2977,1954,27,3495.png,0.8747618926675641,0,0.9463127816243543,0.9204414869451348,4855,1954,0.09636534004043991,20277,train
26,0.22836925056288196,0.12890341321713872,0,3,3,0.9141941046624195,0,12753,26158,23,3499.png,0.8419498444316271,0,0.8879459906357495,0.9420413023323456,27013,18397,0.3751580407031282,49038,train
30,0.4126557719573166,0.2599661526889808,0,4,4,0.9414523921789557,0,4634,4927,26,3520.png,0.8893812476860422,0,0.9397662534536296,0.9431445923562971,9014,4893,0.17313612398712006,28261,train
26,0.4557114833257884,0.29509478209888607,0,0,0,0.9190543894739379,0,2674,4044,26,3521.png,0.8502318530408418,0,0.9041297235787776,0.9344800548858179,6391,3940,0.19362130817239176,20349,train
29,0.27515566329198154,0.15952492490837444,0,6,6,0.9463696527401553,0,12067,13176,23,3529.png,0.8981989321030472,0,0.9441451141811893,0.9486046987069185,20570,11400,0.2627394039964046,43389,train
24,0.48665067945643486,0.3215719416860342,1,-1,1,0.9331214861891958,1,3558,1914,25,3535.png,0.8746276863859231,0,0.9522550389143883,0.9147416850378607,5257,1903,0.09460601541138454,20115,train
26,0.4578858613650484,0.2969208633093525,0,0,0,0.9317610319816262,0,3095,4422,26,3547.png,0.8722402569811513,0,0.9206702307057515,0.9431223008361665,7159,4332,0.1849227354221805,23426,train
26,0.32562084407653685,0.19447258580864774,0,2,2,0.8943444108761329,0,5631,11855,24,3568.png,0.8088815537800707,0,0.8619296079755887,0.9292925487832442,12793,8769,0.30092656142759094,29140,train
21,0.42292929292929293,0.26817395759943635,1,-1,1,0.920137601450171,1,3115,4639,22,3579.png,0.852087824046697,0,0.9059179037884318,0.9348108153356772,7259,4497,0.2276270500101235,19756,train
22,0.5067369654364382,0.33934876422126325,0,0,0,0.9005446700148546,0,2326,486,22,3590.png,0.8190825451971949,0,0.9632291745479307,0.845520355980607,2709,486,0.04025844930417495,12072,train
22,0.3640163477614713,0.22250610344631805,1,-2,2,0.9011792862519542,1,3231,7009,24,3612.png,0.8201331436300082,0,0.8694785847299814,0.9352790352950603,9129,6197,0.27476279152256805,22554,train
25,0.5128991772416678,0.3448987246811703,1,-1,1,0.9173871080354026,1,1984,2039,26,3633.png,0.8473823975720789,0,0.9163521496553988,0.918424406891164,3926,2006,0.1295363554177967,15486,train
23,0.3769132172208399,0.23222000278719748,1,-1,1,0.9236838692503532,1,4844,6337,24,3643.png,0.8581901198554125,0,0.9143660220807827,0.9331935786395984,10406,6103,0.23043232018123466,26485,train
29,0.39873003074131935,0.24900862340278215,0,4,4,0.9222858853209048,0,5962,1308,25,3654.png,0.855779721875062,0,0.9705716921277027,0.8785768110629112,6601,1308,0.05937358147980027,22030,train
28,0.48094630967559143,0.3166091578849203,0,3,3,0.9060808258844265,0,3755,721,25,3672.png,0.8282886408102198,0,0.9676855503764791,0.8518503905941766,4075,721,0.045394446892904367,15883,train
26,0.45239269856931424,0.29231750079693974,0,0,0,0.9287637536149985,0,5003,3569,26,3686.png,0.8670017997889903,0,0.9399653484499318,0.9178259941198692,7780,3358,0.13347112365356334,25159,train
31,0.5378313253012048,0.36783124588002636,0,5,5,0.9159384948858633,0,2650,1073,26,3709.png,0.8449137715571107,0,0.9497565087094961,0.8844459948545764,3635,1039,0.06511248981638153,15957,train
21,0.37014153315611753,0.2271004143524641,1,-6,6,0.9248288322556105,1,5239,7409,27,3729.png,0.8601689293769071,0,0.9130531726379778,0.9369122021121588,11273,6651,0.22895796757203346,29049,train
22,0.501060895395714,0.33427701889730344,1,-3,3,0.9323171425321352,1,3354,2001,25,3739.png,0.8732154272320477,0,0.9485379214566777,0.9166418133015211,5167,2001,0.10610318680735988,18859,train
26,0.44402616347466,0.28536865662614164,0,1,1,0.92386195783537,0,3364,4007,25,3755.png,0.8584976291489893,0,0.9177663307817021,0.9300390982447384,7016,3822,0.1746641074856046,21882,train
21,0.2892072701438636,0.16904869017545074,0,1,1,0.927033891867075,0,10918,11173,20,3773.png,0.863991774614589,0,0.9262537457262419,0.9278153532869204,16462,8348,0.23289161668294045,35845,train
34,0.23296540667201085,0.1318397543271915,0,10,10,0.922721884588092,0,18914,19093,24,3793.png,0.8565307986742867,0,0.9223861788617886,0.9230578347659476,27020,15097,0.29386460077081794,51374,train
24,0.45513757809384553,0.29461366374118053,1,-3,3,0.9314358210601799,1,3973,3485,27,3796.png,0.8716704521990501,0,0.9356334152152633,0.9272757225750947,7215,3469,0.1493006240585324,23235,train
23,0.45800250731299624,0.2970189701897019,1,-2,2,0.8955784984850185,1,2712,1010,25,3825.png,0.8109028095310674,0,0.9404867126274232,0.8547635623627697,3597,1007,0.07377829877646715,13649,train
27,0.38973704598277353,0.24203316918548706,0,2,2,0.9272685914555548,0,7349,1284,25,3832.png,0.8643995916123459,0,0.9772000852333262,0.8821916929834405,7515,1284,0.05315889707708868,24154,train
23,0.25804983502104906,0.14813847158719792,0,1,1,0.8856697819314642,0,8594,948,22,3855.png,0.7948001118255521,0,0.974991426385628,0.8113406361820297,7742,947,0.04783553063595494,19797,train
29,0.4968758250462026,0.33056206088992973,0,5,5,0.8986501096592839,0,2755,526,24,3863.png,0.8159533292197229,0,0.9651008492569002,0.8407606496734292,3117,526,0.03983038013024383,13206,train
29,0.46254681647940077,0.30085261875761266,0,1,1,0.8875055090348171,0,3291,793,28,3876.png,0.7977617113994255,0,0.9530852511388511,0.8303695685789392,3819,793,0.053945578231292514,14700,train
25,0.46069502166416126,0.29928768382352944,0,0,0,0.8806264896152537,0,2419,1087,25,3878.png,0.7867137121304295,0,0.9224623724944718,0.842420689205915,3324,1087,0.08220524843076457,13223,train
23,0.42308052873347707,0.26829558290232447,1,-3,3,0.9151777198448529,1,3494,4510,26,3906.png,0.8436199519371667,0,0.9054289249093083,0.925138731172198,7417,4206,0.18983571041704278,22156,train
23,0.4072351862121923,0.2556781658452968,0,1,1,0.9303938212859568,0,5239,3494,22,3922.png,0.8698470893320218,0,0.9435167073505877,0.9176309666058738,8158,3428,0.14462914521981268,23702,train
28,0.4,0.25,0,1,1,0.9362730620040561,0,6220,6726,27,3928.png,0.8801817727470452,0,0.9339467921081834,0.938610949358968,11643,6034,0.17677907010810653,34133,train
26,0.4346576326865825,0.2776757607555089,0,0,0,0.9159554823576384,0,3951,2785,26,3934.png,0.8449426821969522,0,0.929477602491707,0.9028211624074575,6335,2740,0.13499531950534563,20297,train
19,0.24619786176780606,0.1403794968661458,1,-1,1,0.9162962601149481,1,13504,17342,20,3936.png,0.8455228365384615,0,0.9068515812994156,0.925939738288234,21455,12871,0.31169177120162733,41294,train
22,0.38574000087807875,0.23895778938207138,1,-2,2,0.9095919760179002,1,5220,5245,24,3942.png,0.8341757910916034,0,0.9093955673789493,0.9097884695147241,9219,4759,0.20315034576965765,23426,train
26,0.4887797558147466,0.323433832821809,0,0,0,0.9130542995810346,0,2875,1317,26,3985.png,0.8400183185131473,0,0.9435442386831275,0.8844731977818854,4075,1307,0.08047534018841204,16241,train
26,0.23320448206683955,0.13199291015841363,0,2,2,0.8694245136474591,0,11666,2456,24,3994.png,0.7690105827894729,0,0.9503547532898061,0.8011962986315844,9821,2243,0.09651047717395982,23241,train
26,0.3688180337704637,0.2261047764174242,0,2,2,0.9233151706337827,0,6014,3345,24,4018.png,0.857553803537183,0,0.9439585846401287,0.9035553346055776,8624,3306,0.14552337353640285,22718,train
28,0.2697637124458142,0.15591148699530788,0,6,6,0.9227301291530797,0,16861,7854,22,4026.png,0.8565450070813309,0,0.9494669386126893,0.8974578848142066,18264,6435,0.15645894624231077,41129,train
29,0.424448,0.26939637663498256,0,3,3,0.897689258435657,0,4016,1275,26,4040.png,0.814370417149072,0,0.9479315555192551,0.8525047744968415,4966,1271,0.07317634866716564,17369,train
16,0.29083830351225975,0.1701642999079145,1,-8,8,0.8922917498127027,1,6112,9271,24,4043.png,0.8055295694167025,0,0.8729826003562132,0.9124744024860019,12503,8503,0.32361560418648905,26275,train
24,0.4013549391192896,0.2510594433627305,0,1,1,0.8620237392615909,0,3440,768,23,4049.png,0.7575059067596381,0,0.9447998274994609,0.792583659933675,3690,760,0.05999368487527629,12668,train
26,0.28509296509731435,0.16624397666751203,0,3,3,0.913291627388808,0,7729,7448,23,4052.png,0.8404201627657562,0,0.9147601771633267,0.9118277852563371,12820,6599,0.23751079758134178,27784,train
18,0.29325795393035425,0.1718232433575305,1,-6,6,0.8671062839410396,1,6482,3796,24,4067.png,0.7653906731493528,0,0.8983041766013877,0.8380026491390298,8062,3695,0.19874139414802067,18592,train
22,0.35547812985545457,0.21615895556573522,0,0,0,0.8894801473598035,0,6425,4915,22,4068.png,0.8009583486914854,0,0.9027656880588747,0.8765799684966767,9081,4656,0.211617125715844,22002,train
49,0.27584061536721244,0.15998556619866158,0,21,21,0.914131544176405,0,18762,2944,28,4085.png,0.8418437235871877,0,0.9751523438159383,0.8602978406552494,15631,2772,0.07251039786549478,38229,train
42,0.2937742662431104,0.17217784284395787,0,17,17,0.930052748716331,0,12576,7381,25,4089.png,0.869251028590896,0,0.9473011566471512,0.9134212247426939,16334,6729,0.17608729784895588,38214,train
27,0.4674310318930556,0.3049983665468801,0,3,3,0.9208631449013647,0,4316,2608,24,4091.png,0.8533330509013112,0,0.9391975380598233,0.903230869263021,6079,2143,0.10781305025909342,19877,train
23,0.28137828088070654,0.16372321945570353,0,2,2,0.8941473274669828,0,10130,3800,21,4131.png,0.8085591776153043,0,0.9393300763163777,0.8531117684589061,10745,3601,0.14989801440286393,24023,train
22,0.19392575928008998,0.1073741903338316,0,3,3,0.9228405857384596,0,25880,6768,19,4137.png,0.8567353852364779,0,0.9664960446719404,0.8829584203909225,20444,6140,0.15545484467174722,39497,train
25,0.44184541880256806,0.28356969464673565,0,1,1,0.9218374245026875,0,4777,2276,24,4140.png,0.8550078118575775,0,0.948115895775868,0.8969763630089717,6466,2236,0.108296604833632,20647,train
27,0.2126912740635112,0.11900085921197986,0,4,4,0.8396040532933008,0,12377,1299,23,4150.png,0.7235496260359814,0,0.9649799153479093,0.7430611778871105,9037,1272,0.05961195988377543,21338,train
29,0.466415603394975,0.304134291159654,0,2,2,0.9179355642207956,0,3101,2434,27,4154.png,0.8483187635307337,0,0.9271039233303384,0.9089467657162992,5254,2368,0.12573673870333987,18833,train
26,0.44796874102166295,0.28863383931877085,0,2,2,0.9192340413662292,0,4337,1454,24,4181.png,0.8505394105197956,0,0.9577436135894679,0.883701598198005,5308,1454,0.07756321348554358,18746,train
25,0.31995709200838657,0.1904457859298816,0,5,5,0.900625338519868,0,7073,3018,20,4182.png,0.8192160235049626,0,0.9380859575341061,0.8660416666666667,8592,2905,0.13735224586288416,21150,train
26,0.22413528055342044,0.12621191135734072,0,2,2,0.858896488634067,0,11366,1899,24,4189.png,0.7526893748718235,0,0.9550755837335289,0.7803162085894314,9321,1496,0.06800618238021638,21998,train
25,0.47005829358770534,0.3072393488049879,0,3,3,0.857940070362732,0,553,1789,22,4194.png,0.7512215848735925,0,0.7981040514614604,0.9274754098360656,2290,1754,0.19703437429791057,8902,train
25,0.4014052061736927,0.25109878233302113,1,-1,1,0.9110706241840848,1,930,5269,26,4197.png,0.8366664031828841,0,0.8576830618804527,0.9715457104393587,6118,5234,0.28640218878248974,18275,train
27,0.29931332894365537,0.17599557522123893,0,6,6,0.8719926620282333,0,4889,23720,21,4199.png,0.7730381112556722,0,0.8042306644767793,0.9522241332134621,14832,11155,0.350819259678586,31797,train
24,0.47029615179996453,0.30744261534894507,0,0,0,0.8841438038223901,0,705,2914,24,4202.png,0.7923456506770714,0,0.8257489684865156,0.951426209177346,3409,2707,0.21176562622232653,12783,train
27,0.45546386982339787,0.29488715797882964,0,0,0,0.9017613495410568,0,825,3135,27,4203.png,0.8210978088999322,0,0.852885969028625,0.9565789473684211,3937,3119,0.21674774148714385,14390,train
24,0.36238893262850075,0.22129120879120878,0,1,1,0.9026842105263158,0,1750,5646,23,4245.png,0.8226293827042065,0,0.8586662661459897,0.951459003661378,6839,5421,0.30306926818359703,17887,train
19,0.29754467528693884,0.17477385219320704,1,-5,5,0.8748693204664254,1,1059,11389,24,4256.png,0.7775712958330355,0,0.7925689827884528,0.9762422882781828,10971,10043,0.4493512304250559,22350,train
26,0.32591849758410063,0.1946849643304471,0,5,5,0.9191492738671534,0,2339,7849,21,4262.png,0.8503942789174584,0,0.8806417274939172,0.9611784232365145,9229,7666,0.3475383080968356,22058,train
27,0.2594238683127572,0.14904482693398902,0,3,3,0.9276629004021515,0,10515,16880,24,4277.png,0.8650851497631172,0,0.9123294501373748,0.9435205775242516,21630,14388,0.32796152355770325,43871,train
27,0.2565335978180015,0.1471399721250391,0,8,8,0.9341756255714958,0,13907,13664,19,4278.png,0.8764817618966553,0,0.9347179024112906,0.9336339775709854,19759,11019,0.2716715976331361,40560,train
26,0.4482280736487824,0.2888491962235264,0,0,0,0.9049796649088326,0,1050,3833,26,4286.png,0.8264500995166335,0,0.8584877796647715,0.9567954573509443,4776,3747,0.22673363185283796,16526,train
28,0.3523851720573032,0.21387594119756184,0,5,5,0.9062067754187981,0,2194,6350,23,4337.png,0.8284991669844838,0,0.8666666666666667,0.9495272493041018,8068,6215,0.3001835394126739,20704,train
23,0.31918947003810183,0.18990211231324058,0,2,2,0.8987992598716587,0,2658,10195,21,4339.png,0.8161992878491041,0,0.8484488115235391,0.9555027287641878,11184,8897,0.3637962054301603,24456,train
36,0.49768867189528904,0.33128198036232887,0,9,9,0.9293007226808631,0,1845,3653,27,4595.png,0.8679381245196003,0,0.9081860909342248,0.9514205218673477,5390,3645,0.17225083880723974,21161,train
28,0.5457849570923776,0.3753124132185504,0,1,1,0.9405842314237096,0,1954,3074,27,4635.png,0.8878329540891446,0,0.9282981899608136,0.9531998467139299,4943,3017,0.13919261822376008,21675,train
25,0.44127023558150125,0.28309604759881,1,-1,1,0.9352633230393209,1,3282,4558,26,4753.png,0.8783987095373257,0,0.9255119216878299,0.9452223983977301,7721,4548,0.17702008407286315,25692,train
26,0.2730428622033298,0.15810633409911387,0,1,1,0.8381707830058289,0,1847,6232,25,4788.png,0.7214233991931313,0,0.7704942181630698,0.918880934604067,6861,5355,0.3556721572794899,15056,train
23,0.3083026901490226,0.1822445944399954,1,-3,3,0.8138276625876031,1,1468,3659,26,4792.png,0.6860956346047878,0,0.7538513286242853,0.8841723212876755,4638,3356,0.2729564863765758,12295,train
24,0.17523268418495122,0.0960301528124872,1,-7,7,0.8508510638297873,1,5961,16471,31,4819.png,0.740418441029439,0,0.7952768628425828,0.9147758953463435,16338,11952,0.4286482803141699,27883,train
26,0.27354892638838096,0.1584458028203111,1,-4,4,0.8534717387176404,1,4837,6738,30,4878.png,0.7443965993154467,0,0.8334157436708861,0.8745168236179209,9158,5583,0.27140148753099025,20571,train
26,0.21106540172949376,0.1179838558287967,0,1,1,0.8358735523224663,0,6368,13543,25,4969.png,0.7180264257289735,0,0.7891976029262978,0.8884177326090765,12529,8033,0.33261562668212497,24151,train
26,0.23218540177604505,0.1313403577554521,1,-5,5,0.790724457930057,1,4732,4717,31,5091.png,0.6538827838827839,0,0.7909872385678838,0.7904618518354515,7029,3472,0.22033252950882093,15758,train
28,0.2752678504532854,0.15960034752389227,0,4,4,0.8226244130347578,0,3645,3872,24,5117.png,0.6986932820266154,0,0.8182415622212834,0.8270544695388119,6133,3181,0.21095563366270972,15079,train
26,0.2435723951285521,0.1386748844375963,1,-9,9,0.8426964851313747,1,4065,8202,35,5254.png,0.7281551246537397,0,0.8002435460301998,0.889906020637543,9720,6680,0.3318265361879688,20131,train
25,0.2651473549331869,0.1528356634133474,1,-6,6,0.8705212856661313,1,2966,10094,31,5369.png,0.7707283675368222,0,0.8130636887234476,0.9367172331391751,11117,8624,0.3784281890385712,22789,train
22,0.37234285714285714,0.2287600056171886,1,-2,2,0.8036245085818391,1,2368,1728,24,5374.png,0.6717159573615452,0,0.8290632110000989,0.7797004372499767,3328,1588,0.14882849109653234,10670,train
28,0.29024704367170123,0.1697596384304595,1,-3,3,0.8707526295050165,1,3826,4702,31,5409.png,0.771091128707556,0,0.8593436836279876,0.8824685896845145,7586,4420,0.2375322441960447,18608,train
28,0.2807448533385742,0.163294467306813,1,-6,6,0.87353164077302,1,4072,6608,34,5432.png,0.7754604322596922,0,0.84806401177228,0.90057622814728,9319,5966,0.2724325311658067,21899,train
30,0.2337327188940092,0.13233145481110414,1,-5,5,0.8077188146106133,1,5261,5341,35,5452.png,0.6774566473988439,0,0.8065485892281502,0.8088924406988993,8280,4588,0.24334358756762492,18854,train
27,0.22180232558139534,0.12473434690207619,1,-11,11,0.8196875,1,4053,10949,38,5485.png,0.6944665078104315,0,0.7569481442017404,0.8937670371146991,11679,8852,0.396310888252149,22336,train
25,0.17296533253980062,0.09466997841931675,1,-5,5,0.8501066275237489,1,11980,15081,30,5514.png,0.7392917011888476,0,0.835751159903287,0.8649638738911369,16499,10323,0.36611576110086536,28196,train
22,0.30874916515599654,0.18255669637820152,1,-6,6,0.8223402432756552,1,2341,2844,28,5526.png,0.6982833866744254,0,0.8084074373484236,0.8367617320967854,4572,2573,0.20620291713415612,12478,train
25,0.15082174462705436,0.08156149586381349,1,-7,7,0.8559568431008512,1,6742,26154,32,5573.png,0.7481857987078601,0,0.7889001888711318,0.9354721387416014,21331,16935,0.5308278218349372,31903,train
26,0.26515279896062816,0.15283928106277678,1,-7,7,0.839599667379425,1,4822,5980,33,5692.png,0.7235431116115988,0,0.8254065574727745,0.85428942676699,8580,5028,0.2584292763157895,19456,train
27,0.3153736121517608,0.18720685751253438,1,-9,9,0.8528030256816934,1,2337,4902,36,5793.png,0.7433797724130596,0,0.8105287569573284,0.899729694941434,6430,4397,0.2711352284639576,16217,train
25,0.31674929178470257,0.188177132639108,0,0,0,0.8262478743623087,0,1870,3341,25,5833.png,0.7039372762911198,0,0.7876168075773949,0.8688639551192145,4844,3134,0.2414111847173009,12982,train
27,0.19882139119898662,0.11038405088062622,0,0,0,0.8084993508215946,0,7718,5999,27,5851.png,0.6785555269139737,0,0.8283793448719783,0.7895511806729563,9751,4899,0.244534291704103,20034,train
24,0.2723568200340816,0.1576464533836521,1,-5,5,0.8311415280014314,1,3562,3988,29,5866.png,0.7110711415560063,0,0.8232974433958085,0.83913652169986,6322,3727,0.24465012472101877,15234,train
26,0.3819683965669367,0.23606979972238748,1,-2,2,0.866668427865691,1,1271,3776,28,5886.png,0.7647086247086247,0,0.8128747708013281,0.9280864546791898,4618,3381,0.24212260097393298,13964,train
26,0.23908220141782563,0.13577135832821144,0,0,0,0.8408783697620444,0,6002,6476,26,5909.png,0.7254444640028164,0,0.8358261927698626,0.8459919942522837,9427,5215,0.26103714085494045,19978,train
21,0.2125374902802977,0.11890458631975805,1,-3,3,0.864352110685827,1,9853,12226,24,5914.png,0.7611092476980839,0,0.851931694319971,0.8771400426449867,15093,9453,0.342549644876069,27596,train
24,0.29925551714969423,0.1759556007191433,0,0,0,0.8396716620227427,0,4563,3953,24,5925.png,0.72365005192108,0,0.8494267321829886,0.8301381081785355,6730,3454,0.20308090310442145,17008,train
30,0.25734807192705417,0.14767611809412454,0,0,0,0.8503722740844325,0,3598,8279,30,6021.png,0.7396936024722204,0,0.8030169644769088,0.9036628467387812,9886,7189,0.3455917700221133,20802,train
20,0.05534877610894601,0.028462058095023644,0,17,17,0.5442671230911925,0,1549,93773,3,6079.png,0.37387843039371527,0,0.37772159290743434,0.9735073286698934,8089,7250,0.6984585741811176,10380,train
29,0.24319959197551852,0.13843325107659554,1,-3,3,0.8475849636345876,1,6509,10654,32,6083.png,0.7354858595977498,0,0.8174934904755379,0.8799763972635577,12138,7984,0.3283164733941936,24318,train
25,0.22348274832601187,0.1257982426657704,1,-5,5,0.8441948255225118,1,5704,11218,30,6120.png,0.7303954370200427,0,0.8034068206512215,0.8893458524094048,13150,8827,0.3520941364180295,25070,train
28,0.21485091442645288,0.12035460576527916,1,-2,2,0.8130143089260443,1,7506,6764,30,6141.png,0.6849402777471132,0,0.8209966390557599,0.8051857042747022,10251,5457,0.25755144421370585,21188,train
22,0.2956422671603532,0.17346256684491979,1,-4,4,0.8127266194100545,1,1458,4275,26,6207.png,0.6845319980190392,0,0.7442416990726892,0.8950928191106634,4867,3547,0.3040980795610425,11664,train
26,0.29195940671350507,0.17093235831809872,1,-6,6,0.8533856461239214,1,2799,6020,32,6308.png,0.7442656227345222,0,0.8100107302909803,0.901668715966977,7816,5476,0.3079518614329097,17782,train
27,0.22858426966292134,0.12904044248236668,1,-8,8,0.8711671634134909,1,5270,9297,35,6322.png,0.771741514933091,0,0.8412072145931543,0.9033399974321821,11778,7815,0.3269053794026604,23906,train
24,0.2671152228763667,0.1541448262473306,1,-1,1,0.7715845140126127,1,2829,5248,25,6413.png,0.6281136332243658,0,0.7221810481736368,0.8282435796247951,6056,4092,0.30288675055514436,13510,train
27,0.22173369541790594,0.12469093906045474,1,-5,5,0.839672131147541,1,6481,11123,32,6417.png,0.7236507487990957,0,0.8056133237797313,0.8767378611232621,12764,8464,0.3527401541987914,23995,train
27,0.3066886242715987,0.18111767786339492,1,-5,5,0.8572621641249092,1,2686,5176,32,6488.png,0.7501827078898033,0,0.8201841236755254,0.8978513025289979,6928,4762,0.27066045242696374,17594,train
27,0.5364107495859379,0.3665036139300577,1,-1,1,0.9387087214770722,1,3025,1732,28,6537.png,0.8844967828092752,0,0.9546121593291405,0.9233264897472943,4682,1705,0.08354976233645318,20407,train
25,0.523161663453594,0.35424436819334626,0,1,1,0.937882873367546,0,3115,1884,24,6547.png,0.8830314942205999,0,0.9524518587688968,0.9237528760953639,4720,1884,0.09494532076802903,19843,train
28,0.3362544628367413,0.2021069059695669,0,2,2,0.9153820731333066,0,8692,5646,26,6567.png,0.8439673090944706,0,0.9321386074351855,0.8992173459330975,11556,5450,0.1891835601221883,28808,train
24,0.34637469239273866,0.20946383125566148,1,-1,1,0.9154347266013176,1,4927,8859,25,6583.png,0.8440568300076919,0,0.8938749595697019,0.9380602174869571,11751,8087,0.27735098429247546,29158,train
26,0.34929089819561887,0.21160051629557922,0,0,0,0.92474564598656,0,7535,6452,26,6590.png,0.860025018764073,0,0.9301656023379153,0.9193884865148224,11921,6187,0.1953645520856358,31669,train
23,0.40605554712399455,0.25474886931682933,0,0,0,0.9414043583535109,0,4645,4914,23,6593.png,0.889295516925892,0,0.9398545935228024,0.9429592425675095,9035,4875,0.1784799004173684,27314,train
24,0.3747645951035782,0.23059096176129779,1,-1,1,0.9352317141261864,1,5121,6711,25,6672.png,0.8783429470372313,0,0.9271620213597291,0.9434431117884832,11052,6578,0.21261191376579722,30939,train
29,0.5348606401455628,0.3650578605701383,0,2,2,0.9487370047179658,0,2613,3526,27,6688.png,0.9024735094603397,0,0.941558656810422,0.9560256474983592,6043,3502,0.13956083369864106,25093,train
27,0.4097956707987414,0.2577000095356155,0,4,4,0.9278130569011822,0,3918,7586,23,6717.png,0.8653463492286443,0,0.9069385151381324,0.9496711540437777,10224,6869,0.24443969965481654,28101,train
29,0.4336336821689765,0.2768405303616571,0,6,6,0.9362946083906125,0,3947,4552,23,6761.png,0.880219857656261,0,0.9320678127984718,0.940559914461696,8028,4520,0.18041751486847882,25053,train
27,0.39910066990914933,0.24929779306391517,0,0,0,0.9123860526471225,0,4197,4703,27,6790.png,0.838887782625224,0,0.9078638037771335,0.9169535794847442,7575,4204,0.17623139802976315,23855,train
28,0.34522039046925923,0.20862016215389323,0,6,6,0.9327882572587395,0,5769,8847,22,6800.png,0.8740423478313326,0,0.9197696562981772,0.9461806851257557,13453,8482,0.2573812774996207,32955,train
22,0.45418113812449906,0.2938126512270999,0,0,0,0.9427736546766311,0,7806,3259,22,6812.png,0.8917424909500049,0,0.965478157705182,0.921112469808289,9077,3259,0.109712169668406,29705,train
26,0.4888531372098368,0.3234980988593156,0,1,1,0.9427474202626641,0,4544,3268,25,6819.png,0.8916955497019271,0,0.9516467907554819,0.9340129534431181,7277,3250,0.117176233054514,27736,train
26,0.5368250289687138,0.36689052204764316,0,1,1,0.9476357025707906,0,2911,2389,25,6856.png,0.9004825656721183,0,0.9525483653120407,0.9427734528583785,5239,2389,0.10343782473155524,23096,train
31,0.5171122171481348,0.348719723183391,0,4,4,0.9261333517711863,0,3083,3327,27,6877.png,0.8624286388805426,0,0.923536576957551,0.928744770841519,5347,3062,0.14337890990822252,21356,train
26,0.4843712488596533,0.3195843629221314,1,-3,3,0.9373378895796451,1,2189,3899,29,6882.png,0.8820657859052342,0,0.9211255638945643,0.9541311317394129,5906,3890,0.1721010485333805,22603,train
24,0.44342934483779556,0.2848758219661975,1,-2,2,0.9372073418080746,1,3590,3933,26,6897.png,0.8818346030000785,0,0.9345318352059925,0.939898212013661,7345,3917,0.1531454040739727,25577,train
28,0.4990822046931587,0.33251801414688964,0,1,1,0.936953394378097,0,3012,2510,27,6899.png,0.8813850582119689,0,0.9423545082908457,0.9316138407047498,5340,2482,0.11257256894049347,22048,train
30,0.5239266547406082,0.3549462202696561,0,2,2,0.9334331224582015,0,2331,2383,28,6905.png,0.8751754269826559,0,0.9327482079358808,0.9341190435814821,4571,2375,0.11971972981147293,19838,train
28,0.5072573044297832,0.3398156332870312,0,0,0,0.9371890346776707,0,3130,2715,28,6909.png,0.8818021880245092,0,0.94138727574966,0.9330280725778843,5636,2707,0.11698863390812049,23139,train
25,0.45357470593142574,0.29330528132923345,1,-3,3,0.9366731493151486,1,4349,3238,28,6912.png,0.8808892098528973,0,0.9454404529217497,0.9280669544650093,7192,3229,0.12898973355171173,25033,train
26,0.5129937142321043,0.3449842271293375,1,-4,4,0.939857806889958,1,3028,2885,30,6955.png,0.8865393840544948,0,0.9412268013934443,0.9384927889498274,5681,2883,0.12476738650625352,23107,train
25,0.5173407717340772,0.34892763075379407,1,-2,2,0.9474460902768811,1,2513,3185,27,6959.png,0.9001402032947774,0,0.9416099877170147,0.953354988399072,5615,3175,0.13587537980913253,23367,train
29,0.4811883032222015,0.31681893433073766,0,1,1,0.9334133945229568,0,3135,3075,28,7006.png,0.875140743123693,0,0.9340142915388082,0.9328132701828079,6043,3075,0.1297413611240032,23701,train
28,0.5057251077539292,0.3384418157450032,0,2,2,0.9452720493382106,0,2986,3208,26,7012.png,0.8962235700164193,0,0.9434215167548501,0.9471298558730833,6105,3203,0.13035692483008424,24571,train
28,0.48287014853857213,0.3182787208843269,0,2,2,0.92042071197411,0,2973,1945,26,7029.png,0.8525735183908391,0,0.9359902586717568,0.9053606672184377,4704,1942,0.10306214509366873,18843,train
25,0.5264864864864864,0.3573000733675715,1,-3,3,0.9295409836065573,1,2288,2010,28,7038.png,0.868357376948758,0,0.9337966470142617,0.9253239335487451,4193,2010,0.1077690204278591,18651,train
30,0.38709939148073025,0.24000201217365058,0,3,3,0.9307953753404183,0,6766,2865,27,7062.png,0.8705493353405288,0,0.9576390223707362,0.9054156065647105,8653,2830,0.10526315789473684,26885,train
30,0.42717035960770067,0.2715935334872979,0,0,0,0.911556854410202,0,3188,3470,30,7109.png,0.8374868803241475,0,0.9081548926709192,0.9149843995839889,6271,3435,0.1583241150442478,21696,train
27,0.4018310826276036,0.2514321723189734,0,0,0,0.921605097242491,0,4006,4213,27,7211.png,0.8546081726516894,0,0.9197890488157795,0.9234283311351951,7650,4104,0.17117117117117117,23976,train
28,0.3310104529616725,0.19832985386221294,1,-1,1,0.9081577034883721,1,6199,3911,29,7230.png,0.8317663699143023,0,0.9274343179456731,0.8896660971094974,9187,3855,0.1525765851341724,25266,train
22,0.3273389952893443,0.1956995436418205,0,1,1,0.9273739126975049,0,9516,5087,21,7265.png,0.8645826571584893,0,0.9482613073504135,0.9073868613138686,11893,4882,0.16724332842314413,29191,train
21,0.2627191920589354,0.15122436790762492,1,-4,4,0.912044159840326,1,10834,6088,25,7346.png,0.8383099076029314,0,0.9351118595653518,0.8900871470746381,13511,5560,0.18512352666977425,30034,train
24,0.5011061946902655,0.33431734317343176,0,2,2,0.9035761093428197,0,1747,1343,22,7436.png,0.8241120218579235,0,0.9151128247266291,0.892326656394453,2964,1340,0.10512277398603594,12747,train
25,0.394740409380507,0.24590440803918256,1,-2,2,0.9199837154647569,1,5280,3368,27,7556.png,0.8518239295444031,0,0.9365521918504983,0.9039912719338121,7762,3280,0.13739946380697052,23872,train
29,0.4993727733453761,0.3327760315655721,0,3,3,0.9306128911860841,0,3848,2287,26,7563.png,0.8702301379135291,0,0.9473381228700377,0.9144679810620374,5405,2279,0.10430205949656751,21850,train
29,0.4187866927592955,0.26485148514851486,0,0,0,0.9189508424526663,0,3199,3800,29,7741.png,0.8500546307603316,0,0.9125994755968536,0.9253912353942674,6752,3758,0.16691836190814605,22514,train
32,0.4534237288135593,0.29317902858144834,0,5,5,0.9342743044686643,0,3932,2997,27,7886.png,0.876655511250356,0,0.9426345609065155,0.9260610391319882,6555,2997,0.124537710367754,24065,train
33,0.3755994358251058,0.23122340887383866,0,8,8,0.9278700929768086,0,8041,3588,25,7925.png,0.8654455835049638,0,0.9542259360847101,0.9029310219947367,10163,3522,0.11903072087600122,29589,train
25,0.4261606917974981,0.270777765923397,1,-4,4,0.9317771745314456,1,4256,4138,29,7939.png,0.8722685495160996,0,0.9326716563618613,0.9308844067686511,7843,4129,0.16713892487046633,24704,train
25,0.28879143172529015,0.16876460127619514,0,3,3,0.9327923154543089,0,10325,8524,22,7970.png,0.8740494741203042,0,0.9388210638129894,0.9268405016651314,15260,8070,0.23588214661522272,34212,train
25,0.27306628946184014,0.15812204475222458,0,1,1,0.9142549341094978,0,13510,4637,24,8027.png,0.8420530406552184,0,0.9542625489480485,0.8774669859236686,13837,4482,0.14211878111424675,31537,train
28,0.32150858849887975,0.19154616240266964,0,1,1,0.9101759755164499,0,9155,4933,27,8091.png,0.8351586632968268,0,0.9353549384738367,0.8863170704449218,11375,4643,0.1608132446661125,28872,train
22,0.34413700375061923,0.2078293944185649,0,2,2,0.9336377304978805,0,7265,5932,20,8184.png,0.8755352258794681,0,0.9399382372297879,0.9274211272952506,11295,5537,0.19304117421469164,28683,train
27,0.5407902496559859,0.37060487673447395,1,-3,3,0.9412723383546295,1,3553,1636,30,8311.png,0.8890599277360871,0,0.9621471540953263,0.9212840906573321,4994,1636,0.07340272792534099,22288,train
26,0.47893265316132827,0.31486617220251534,1,-2,2,0.9353711311969324,1,3540,2359,28,8518.png,0.8785889229629325,0,0.9476324727506826,0.9234230336592542,5649,2359,0.10471413352272728,22528,train
23,0.3683968058968059,0.22578823529411765,0,0,0,0.9285795390030658,0,7280,3413,23,8633.png,0.8666807969478593,0,0.9531991333680717,0.9051996926803224,9300,3391,0.12582093428815258,26951,train
24,0.542623071813418,0.37232857287551907,1,-2,2,0.9281154715160024,1,1714,1563,26,8642.png,0.8658726260641781,0,0.9311999295712651,0.9250513795968341,3243,1563,0.10061799922750096,15534,train
25,0.5502556559501296,0.37955358005604406,1,-3,3,0.9284725808117319,1,1614,1849,28,8657.png,0.8664944677898145,0,0.9239876670092497,0.9330012453300125,3407,1849,0.11524557466965844,16044,train
25,0.42291853178155775,0.2681653042688465,1,-1,1,0.910118794143992,1,4113,2008,26,8717.png,0.8350623804262887,0,0.9391478271410388,0.8828305273053585,5462,1990,0.10483063793920877,18983,train
27,0.5698369018054903,0.3984418997559602,0,0,0,0.9349666445597472,0,1347,1987,27,8740.png,0.8778754578754578,0,0.923438523484761,0.9467862363212578,3334,1987,0.1173240434577232,16936,train
23,0.5534441805225653,0.3825944170771757,1,-2,2,0.9243535900419977,1,1860,1130,25,8824.png,0.8593470693386019,0,0.941746571811527,0.9075914149443561,2926,1130,0.07747685978745286,14585,train
29,0.4880369119535747,0.3227836154281759,0,0,0,0.9326521237381377,0,3344,2667,29,8848.png,0.8738033254954652,0,0.9397805274566474,0.9256310463693984,5797,2667,0.1140620990505517,23382,train
26,0.585902466367713,0.4143296006342285,0,0,0,0.933298284813038,0,1709,1336,26,8850.png,0.8749383932971907,0,0.9409867927028579,0.9257343994437685,3030,1336,0.08179257989469818,16334,train
23,0.44760501105379513,0.2883319092376341,1,-2,2,0.9067425101041422,1,2738,1623,25,8859.png,0.8293951959940536,0,0.9288906414300736,0.8856259659969088,4154,1623,0.10262409105279797,15815,train
26,0.5181714575155122,0.34968381473252436,0,0,0,0.9270583136185505,0,2929,1110,26,9112.png,0.8640342018447452,0,0.958546513799156,0.8975730871450552,3984,1110,0.061986932484503265,17907,train
24,0.6238580463808855,0.4533384399336142,0,1,1,0.9315481802753158,0,686,1492,23,9149.png,0.8718672785033533,0,0.9085335948994605,0.9557590610086418,2178,1492,0.11483990147783252,12992,train
25,0.35833859759949466,0.21827801827801827,0,2,2,0.9245323586325521,0,8444,2086,23,9237.png,0.859656137544982,0,0.9686720932328117,0.8842399649045843,9260,2086,0.0783180026281209,26635,train
25,0.3760312635692575,0.23155080213903742,0,1,1,0.8588358876289492,0,3980,1261,24,9258.png,0.7525962990936556,0,0.9267030923041153,0.8002308889223511,3964,519,0.03798024149286498,13665,train
28,0.44262212098202985,0.2842098420334135,1,-2,2,0.9158430960554124,1,4919,1970,30,9284.png,0.8447514310181637,0,0.950069699657838,0.8839967927554004,6103,1902,0.08532591628908529,22291,train
28,0.4625752796099799,0.3008767021078157,0,4,4,0.9255254770645903,0,4310,3074,24,9302.png,0.8613749859197236,0,0.9372089222975734,0.9141297417915205,6016,2139,0.1001170138076293,21365,train
25,0.48979032479101,0.32431941923774954,0,0,0,0.9446133699288719,0,4246,1929,25,9380.png,0.8950401142235518,0,0.9646612684571135,0.9253817900637927,5962,1929,0.08165079365079365,23625,train
29,0.4622398626904098,0.30059295430763866,0,1,1,0.9182187368715866,0,4301,1539,28,9405.png,0.8488025889967638,0,0.9551625684652139,0.8840263172086502,5472,1539,0.0737104267445759,20879,train
26,0.34855310376422083,0.21105922603911415,1,-3,3,0.9255922319636917,1,8952,2098,29,9439.png,0.8614906365163328,0,0.9703781097337136,0.8847579814624099,9768,2097,0.07319371727748691,28650,train
28,0.42453472537448933,0.26946625369156524,0,0,0,0.9072893463399647,0,4285,1750,28,9450.png,0.8303106987206523,0,0.9440537084398977,0.8732810882744344,5679,1749,0.08673444086288123,20165,train
28,0.45345270662355963,0.2932032590051458,0,1,1,0.9391937198462671,0,5274,2162,27,9455.png,0.8853583707198248,0,0.9637181358975649,0.9158865089870974,7090,2154,0.08395696913002806,25656,train
29,0.3915253474877423,0.24341406118910452,0,3,3,0.919930729865935,0,6458,1772,26,9457.png,0.8517330835194927,0,0.9638735983690112,0.8798198600565729,7607,1771,0.07313044555477557,24217,train
25,0.48803670927564735,0.32278343810969,0,2,2,0.9057380378564271,0,2739,742,23,9545.png,0.8277159119029943,0,0.9575174624985686,0.8592714381133433,3315,742,0.051470588235294115,14416,train
22,0.3022285017018817,0.1780148282644878,0,2,2,0.9302985727348626,0,12237,5295,20,9566.png,0.8696805940638217,0,0.9567027000506975,0.9053127611501439,13140,5192,0.16302948472383583,31847,train
21,0.5630775033000188,0.39186351706036743,1,-2,2,0.9268958820137772,1,1010,1399,23,9613.png,0.8637520502234036,0,0.9160818187271309,0.9379683085616017,2391,1399,0.11423205683024414,12247,train
31,0.3338924233661076,0.20040267990418995,0,10,10,0.9268854432675159,0,14429,5126,21,9644.png,0.8637339205329394,0,0.9602872703889926,0.8957291516115046,13508,4996,0.1433490187076782,34852,train
27,0.5948937102783257,0.42337986430632457,1,-1,1,0.9459222205191802,1,2145,1736,28,9689.png,0.8973931895093062,0,0.951343927800667,0.9405619596541787,3854,1736,0.08482775470315172,20465,train
24,0.4583333333333333,0.2972972972972973,0,0,0,0.9088697689085093,0,3148,898,24,9789.png,0.8329617702914706,0,0.9573882509253108,0.8650317269765049,3811,898,0.058425504229017565,15370,train
24,0.4494284474026914,0.28984695782008213,1,-3,3,0.9168840550628086,1,2618,1524,27,9806.png,0.8465243812064621,0,0.9374640951990152,0.8971881872447377,4073,1524,0.09522024367385191,16005,train
29,0.40029467286707493,0.2502302555836979,0,0,0,0.9226852244759399,0,5391,2808,29,9816.png,0.8564676224988184,0,0.9457202505219207,0.9007456503728252,7393,2793,0.11622971285892635,24030,train
23,0.4975317348377997,0.33114292419619806,1,-1,1,0.9088625660054231,1,2078,1115,24,9833.png,0.8329496703986606,0,0.9345503639351961,0.8845491416189788,3101,1115,0.08282573168919923,13462,train
29,0.5141517624587602,0.3460324880215029,0,5,5,0.9084735754354887,0,1842,1258,24,9897.png,0.8322964565864214,0,0.9244126659856997,0.8930748244035526,3042,1257,0.09389706431612758,13387,train
21,0.2892270837736913,0.16906222972694698,1,-4,4,0.9172439252133504,1,9094,6150,25,9907.png,0.8471381011591994,0,0.9321416749420721,0.9028148844764571,12776,5617,0.1924948594928033,29180,train
27,0.4405509908168197,0.2825042615837595,1,-3,3,0.9032545366831187,1,2635,2579,30,10375.png,0.8235771807538743,0,0.904194063672499,0.9023169601482854,5081,2559,0.14027298141753,18243,val
27,0.4067627425291659,0.2553058187798575,0,1,1,0.8978390408500251,0,2119,3573,26,10520.png,0.8146169880145909,0,0.8750043729228616,0.9218974604695735,5544,3530,0.19581738503356078,18027,val
34,0.32100347921626077,0.19118769767695495,0,5,5,0.887309708141001,0,5865,4950,29,10618.png,0.7974453580057311,0,0.8958508668574314,0.8789298763495241,9261,4691,0.19642408508500125,23882,val
28,0.25453825988029877,0.1458286102924507,1,-2,2,0.8540182462664885,1,3390,9171,30,10624.png,0.7452284850820436,0,0.8002526517544051,0.9155287551081431,10651,7870,0.36384650947757746,21630,val
25,0.4074658742687343,0.2558600583090379,0,0,0,0.8740158949292937,0,5629,7877,25,11852.png,0.7762240079529451,0,0.8560647589811059,0.892736003658676,7638,4528,0.1966558089033659,23025,val
26,0.47368661698139086,0.31034689353543826,1,-1,1,0.9385887158933252,1,2880,3494,27,11945.png,0.8842837172993483,0,0.9330689807099208,0.9441741456512047,6255,3487,0.14813713411784699,23539,val
24,0.46324232835381557,0.30144136378872766,1,-2,2,0.949538762663638,1,4952,3401,26,12498.png,0.903925560424646,0,0.958519837543145,0.9407244260372029,7931,3389,0.11954566298634872,28349,val
26,0.4960895130444711,0.32986638323716977,0,1,1,0.9166579243162233,0,3055,2506,25,12627.png,0.846138948067399,0,0.9242625725338491,0.9091773939411957,4915,2483,0.12812838639764693,19379,val
26,0.3761073723432569,0.23160852259424022,0,3,3,0.9260635284507859,0,4944,6280,23,12827.png,0.8623075507575293,0,0.917984615585535,0.9342859041669436,9915,5952,0.21777468808312905,27331,val
28,0.532550268763687,0.3629086962420296,0,6,6,0.9076537100044678,0,1930,757,22,13220.png,0.8309212182230052,0,0.9457814066752614,0.8724810042946812,2518,757,0.06374736842105264,11875,val
28,0.36293846216668707,0.2217011723621851,0,1,1,0.9164383014420965,0,6037,4422,27,13436.png,0.8457647613991623,0,0.9284176446782679,0.9047641583846032,9093,4346,0.16296074093516819,26669,val
24,0.48805302913519344,0.32279771615008157,0,1,1,0.9166860276009479,0,2575,1011,23,13441.png,0.8461868405250065,0,0.951251265731231,0.8845446800878806,3509,988,0.06545213646902948,15095,val
25,0.4445218360381695,0.28577825541823393,0,0,0,0.9065630020428807,0,2860,1851,25,13454.png,0.8290948666787593,0,0.9250758955676989,0.8887765419615774,4453,1837,0.1132482584304297,16221,val
26,0.45546520423600606,0.2948882767064585,0,0,0,0.9246086462811258,0,4943,2493,26,13480.png,0.8597880604894973,0,0.9481607785240481,0.902198215310342,6592,2490,0.10695876288659793,23280,val
24,0.2624370594159114,0.15103744059348556,1,-5,5,0.7885912362005953,1,914,4697,29,13517.png,0.650970390644439,0,0.6902123730378578,0.9196765972405309,5192,4303,0.38120127569099926,11288,val
30,0.26477599671187835,0.1525889431048368,0,1,1,0.8735794963904528,0,5305,9335,29,13840.png,0.7755358621324093,0,0.8442011449171354,0.9050763147064612,12277,8288,0.3180841264967762,26056,val
25,0.2765512855455619,0.16046389035318925,1,-7,7,0.8642395660403295,1,5492,7347,32,13867.png,0.7609347360580951,0,0.8476137141434883,0.8815306958885197,10462,6418,0.2733157311983647,23482,val
25,0.22410996988184415,0.12619586014959122,0,7,7,0.8042814788978025,0,6103,2875,18,1399.png,0.6726344576116682,0,0.8651627427070632,0.7514052953156822,5676,1162,0.08092485549132948,14359,val
23,0.45057283142389526,0.2907996197316996,1,-1,1,0.9393912788996196,1,2540,5744,24,14041.png,0.8857095554758423,0,0.9178748105573189,0.9619407234259343,7931,5517,0.21675244568420227,25453,val
16,0.17589803012746233,0.09642993266421039,0,0,0,0.6708300806661462,0,7667,1188,16,1418.png,0.504698512137823,0,0.8836548819900107,0.5406231276213301,4736,825,0.07548723579467471,10929,val
32,0.2900885884495478,0.16965123835656004,0,11,11,0.9213998408294078,0,7148,11123,21,1452.png,0.8542552427749814,0,0.9059087256270355,0.9374299719887955,15371,10049,0.31319931432133397,32085,val
25,0.43989585419587424,0.2819656978535483,1,-2,2,0.9395354986558547,1,3145,5087,27,15040.png,0.8859660059011761,0,0.9263223451711952,0.9531310542159697,7982,5078,0.1914492535062585,26524,val
27,0.44816,0.2887926590370141,0,0,0,0.9374941224413028,0,2791,5185,27,15067.png,0.8823425283965186,0,0.9202295419929537,0.9554188962542928,7792,5108,0.1924859629950635,26537,val
4,0.29292929292929293,0.17159763313609466,0,2,2,0.7861450007011639,0,180,1345,2,1518.png,0.6476432532347505,0,0.6757473481195757,0.9396580623533356,552,372,0.23969072164948454,1552,val
22,0.359953335454449,0.21947749612002068,0,2,2,0.8051092544987146,0,2468,2384,20,1522.png,0.6737931961812559,0,0.8078349185877801,0.8024019215372298,3229,1097,0.10257129499766246,10695,val
27,0.38818398096748613,0.24083640836408365,1,-1,1,0.9112713156800222,1,6665,1015,28,15274.png,0.8370049662549344,0,0.974909153832843,0.8554324013621674,6959,1012,0.045071928027435086,22453,val
29,0.49437779346036226,0.32835447784513466,0,1,1,0.9316630727163595,0,3448,2700,28,15369.png,0.8720685852217159,0,0.9394740971552825,0.9239808629318518,5866,2648,0.11384840276882068,23259,val
25,0.35830793090539603,0.21825526092905076,1,-1,1,0.9019477644975653,1,6698,1276,26,15446.png,0.8214069744003225,0,0.9663776975573766,0.8455721301270376,6938,1276,0.05997931747673216,21274,val
29,0.24802056555269922,0.14156591149195916,1,-4,4,0.8751371357613899,1,5657,15057,33,1560.png,0.7779945125610906,0,0.8282086095359795,0.9277032985290171,15736,11761,0.38793416235115613,30317,val
29,0.2303862877307959,0.13019015739619685,0,2,2,0.8976788252013264,0,9793,13103,27,1572.png,0.8143532445208422,0,0.8845937043104511,0.9111568748412382,16935,10615,0.32306662202879144,32857,val
25,0.19588789151500177,0.10857855816925839,0,0,0,0.8883984114153165,0,11718,20036,25,1585.png,0.799205777086416,0,0.8631645085505109,0.9151521295236992,21962,14964,0.38781910068679537,38585,val
21,0.5297748729121278,0.3603358854038034,0,0,0,0.919415658780481,0,628,2257,21,1590.png,0.8508504368505403,0,0.8794015495591772,0.963244761793281,2865,2250,0.1832396774981676,12279,val
27,0.4151908697363243,0.2619816240377452,0,1,1,0.9319626734601119,0,5519,6606,26,1620.png,0.8725937289845326,0,0.9263126192149382,0.9376820758338791,10541,6287,0.19591162631267334,32091,val
24,0.23858813016605854,0.1354527775429103,1,-1,1,0.9150560403156991,1,13013,16552,25,1660.png,0.8434131847528454,0,0.9058454117272293,0.924455900195638,21657,11880,0.2750381997499653,43194,val
26,0.23300970873786409,0.13186813186813187,0,1,1,0.9255291787479968,0,16819,17058,25,1666.png,0.8613813985842301,0,0.9250431733393095,0.9260156951067162,24292,14046,0.30360539512363827,46264,val
23,0.2727641506882657,0.15791945888394815,1,-1,1,0.9263720325693015,1,13953,8536,24,1674.png,0.8628426798402098,0,0.9430978855024932,0.9102291078241512,17685,7319,0.19033130493576741,38454,val
28,0.30484330484330485,0.17983193277310924,0,1,1,0.9194688815786561,0,11003,7186,27,1678.png,0.85094160260928,0,0.9352746728155428,0.9041884360849878,15125,6547,0.1813121382480822,36109,val
23,0.22221637826750118,0.12499630188455962,1,-3,3,0.9033429449395383,1,15383,14216,26,1694.png,0.8237241905034155,0,0.9067986625581853,0.8999134661053891,21619,11148,0.27487917940625306,40556,val
28,0.2126538294483857,0.11897741632375336,0,3,3,0.9040536782361075,0,15920,8575,25,1736.png,0.8249068957876152,0,0.9308339450059285,0.8787712645253651,17720,7341,0.19960302354668552,36778,val
26,0.18857451237375683,0.10410282601293837,0,7,7,0.9001041241788503,0,20019,19412,19,1742.png,0.8183539405553816,0,0.9014904317025023,0.8987220738222438,23258,12973,0.32354848363926575,40096,val
23,0.3401824034334764,0.20495167911050777,0,1,1,0.945542252009445,0,11114,7152,22,1807.png,0.8967094734818283,0,0.9568446903642738,0.9345037097277962,15016,6968,0.18526002339678826,37612,val
21,0.2565245901639344,0.14713404543403039,0,1,1,0.9318859937309478,0,9793,15501,20,1812.png,0.8724592957881414,0,0.9177787914792498,0.9464336505852752,19372,12587,0.32220657877895814,39065,val
26,0.23681489141675285,0.1343108504398827,0,5,5,0.9166853126604104,0,11968,13352,21,1827.png,0.8461856221220553,0,0.9125296437509007,0.9208790046409541,17194,12250,0.3593429158110883,34090,val
48,0.31690798692199906,0.18828916331344525,0,22,22,0.9231863887981455,0,8565,8600,26,1828.png,0.8573316488521702,0,0.9230418169290106,0.9233310059616521,14472,8329,0.23382930937675464,35620,val
31,0.3022305705564687,0.17801626376057975,0,11,11,0.9355118288663118,0,18306,9299,20,1846.png,0.8788372235926156,0,0.955619296704975,0.9162330976731416,18911,8511,0.19737482896964356,43121,val
28,0.22578966926793015,0.12726206434316353,0,10,10,0.9056808348180199,0,23874,13184,18,1855.png,0.8276203722224031,0,0.9310117474686691,0.8816918159518323,21003,10230,0.2552586271427502,40077,val
28,0.3293352479094518,0.1971282673542646,0,1,1,0.9113209646905455,0,6834,4322,27,1880.png,0.8370887425342076,0,0.9298888798767134,0.89348005673582,9527,4126,0.1597181899121279,25833,val
16,0.25678273873104035,0.14730392156862746,1,-5,5,0.7642946144261388,1,5258,1552,21,1884.png,0.6185087670158534,0,0.8767569284523148,0.6774035216884472,4781,1491,0.11922277306892691,12506,val
41,0.21152514198642472,0.11827124157694989,0,20,20,0.9024086642861686,0,27851,15113,21,1886.png,0.8221718183473784,0,0.9292968987569765,0.8770326414736126,23100,11492,0.2647682241268086,43404,val
20,0.24071109148125655,0.13682294608673823,0,0,0,0.9154932619878602,0,13112,14273,20,1901.png,0.8441563615048856,0,0.9122250305948625,0.9187849957881176,19086,11280,0.3048483865736987,37002,val
26,0.23272011909825607,0.13168266193327116,0,8,8,0.9170164007598892,0,14980,15510,18,1931.png,0.8467500351836587,0,0.9156955255033266,0.9183410922015198,19066,11574,0.318570917398365,36331,val
26,0.2915848566134786,0.17067564505163652,0,4,4,0.9250524889942432,0,8555,13577,22,1934.png,0.8605559615917739,0,0.9095837134808639,0.9410565044543506,17158,11135,0.30249932083672915,36810,val
27,0.4362784318207795,0.27900007309407204,0,0,0,0.9100223184194365,0,1888,4119,27,2024.png,0.8348999560246262,0,0.8805948515769945,0.9414845808151248,5802,4060,0.21995882544154297,18458,val
26,0.36216116540660154,0.22112136906102228,0,6,6,0.9143041583732315,0,4337,5221,20,2044.png,0.8421365573283124,0,0.9071145190272021,0.9216086760054225,8441,4905,0.22380908924986312,21916,val
24,0.1712174565606419,0.09362373737373737,0,19,19,0.6625960648613849,0,2168,31374,5,2246.png,0.4954345111843194,0,0.5121367149232612,0.9382388969603738,4688,2968,0.3300344712554209,8993,val
23,0.3842132775744903,0.23778712390812035,1,-1,1,0.9029534907469393,1,1808,6745,24,2248.png,0.8230767639575534,0,0.8550553346943162,0.9565363719409588,7530,5838,0.30033954110505195,19438,val
20,0.4215070643642072,0.26703132769766286,1,-3,3,0.7915699450213806,1,2275,1137,23,2709.png,0.6550399352947124,0,0.8507090336134454,0.7401188028329906,2800,1100,0.11141497012053074,9873,val
22,0.416251522196391,0.2628267859639312,0,0,0,0.862721277334259,0,2502,662,22,2853.png,0.7585838547230276,0,0.9375707280271596,0.7989392478302797,2960,662,0.06022561863173217,10992,val
24,0.35818736943596335,0.2181658020945483,0,6,6,0.9263918899816233,0,5492,5443,18,3058.png,0.8628771349033181,0,0.9266975516470494,0.9260864298884298,9776,5109,0.20315730873230475,25148,val
31,0.26552399894702977,0.15308600337268127,0,6,6,0.9204496276309501,0,16445,4694,25,3249.png,0.8526231394011224,0,0.9630364595637452,0.8814697890313606,15556,4364,0.12241577603859856,35649,val
25,0.4804634257155838,0.3161907609508148,1,-2,2,0.9183935282309794,1,3294,2113,27,3269.png,0.8491013619111408,0,0.9350605445940131,0.9023102701740858,5148,2083,0.11554889887391136,18027,val
27,0.6077081899518239,0.4364804745427583,0,2,2,0.9299267443256876,0,1564,770,25,3352.png,0.8690309185792043,0,0.9526357876607,0.9082751744765702,2273,712,0.052854279563506794,13471,val
24,0.5256784671272883,0.35655618900376845,1,-1,1,0.9260870478952568,1,2746,771,25,3353.png,0.862348336594912,0,0.9661901420803368,0.8891803543322975,3485,771,0.04812433680793958,16021,val
26,0.4896533474464144,0.32419931319643985,1,-2,2,0.9282018927444795,1,2964,2726,28,3354.png,0.8660230751118436,0,0.9309978231154761,0.9254227053140096,5424,2595,0.12775699094131548,20312,val
26,0.4482658959537572,0.28888061091450923,0,1,1,0.8978307294593684,0,3820,725,25,3366.png,0.8146033040995309,0,0.9649673834259483,0.8394283312316099,4245,723,0.04677189804631906,15458,val
22,0.4303522052490821,0.2741711909437449,1,-3,3,0.9190951893166931,1,3484,5125,25,3392.png,0.8503016919090924,0,0.9051365108745951,0.9334911423335369,8016,4677,0.2034628268151564,22987,val
19,0.34421900161030594,0.20788920874504008,1,-4,4,0.9338698894991414,1,6291,8844,23,3460.png,0.8759436398062311,0,0.9235675395385015,0.9444046766881412,13120,7698,0.24039722690650178,32022,val
26,0.4961197644339259,0.32989313424096034,0,0,0,0.9202108754886862,0,3036,2352,26,3468.png,0.8522135059520545,0,0.9296271916701574,0.9109834046795285,5082,2304,0.12281449893390192,18760,val
23,0.2862001442852726,0.16699741415599254,1,-1,1,0.9190632767759469,1,10717,15104,24,3493.png,0.8502470653737298,0,0.9065964986055025,0.9318777015001272,18892,12023,0.29490544286099735,40769,val
27,0.49343569203382287,0.3275238165571228,0,1,1,0.9218434457606173,0,3897,1289,26,3567.png,0.8550181716522225,0,0.9595582467919556,0.8869812360430382,4954,1289,0.06706555671175858,19220,val
28,0.5242279688676876,0.35522286492004085,0,4,4,0.9117845117845118,0,2541,603,24,3595.png,0.8378712871287128,0,0.9642157735445968,0.8647612965032732,3036,603,0.04296707994869602,14034,val
30,0.36458039392742253,0.2229277382842156,0,6,6,0.9086749787407328,0,6614,1011,24,3596.png,0.8326346056761562,0,0.974040313262293,0.8515309329262818,6460,1003,0.04954799189843403,20243,val
29,0.45718213058419244,0.29632929436920885,0,1,1,0.9287371824113926,0,3553,3633,28,3602.png,0.8669554913722877,0,0.9280009512673656,0.9294745826634113,6705,3525,0.15810010764262647,22296,val
27,0.4812317374690942,0.31685659316264614,0,0,0,0.9131244182438721,0,3743,1857,27,3678.png,0.8401370254067941,0,0.9406462748106242,0.8871672745907817,5291,1758,0.09849291276822231,17849,val
18,0.28465541122300003,0.1659464885862686,1,-5,5,0.8788305546501688,1,10006,9697,23,3700.png,0.7838516812023476,0,0.8805037646797865,0.8771636917184316,12907,6191,0.2296876159382652,26954,val
28,0.5084429952253406,0.3408806995627733,0,3,3,0.9275135442086039,0,3303,1420,25,3725.png,0.8648254149971379,0,0.9551158453709264,0.9014618138424821,4550,1419,0.0785583790068095,18063,val
22,0.3154435925520263,0.18725617685305593,0,0,0,0.8304270648428527,0,3199,49,22,3732.png,0.710025890545487,0,0.9938765308672832,0.7131456241032998,3077,49,0.004734756981350855,10349,val
21,0.3481418714441351,0.210757731203283,1,-2,2,0.913141304105683,1,5248,6449,23,3777.png,0.8401656144953678,0,0.9050696264020962,0.9213582485427,10206,5719,0.2391686182669789,23912,val
20,0.3622813554863881,0.22121098559880079,1,-6,6,0.9099615506719814,1,5022,5188,26,3840.png,0.8347976635438409,0,0.9086314083936529,0.9112955930407136,9224,5078,0.21625074525168214,23482,val
26,0.2564290067032297,0.1470711589542849,0,1,1,0.899293260684193,0,11596,2340,25,4047.png,0.8170144040756838,0,0.96375633102551,0.8429130711605414,10988,2281,0.08365730213452652,27266,val
23,0.28615680857298337,0.16696790581798643,1,-2,2,0.8672174146812854,1,10437,7838,25,4193.png,0.765563865406078,0,0.8839089993483026,0.8511445482421736,11723,6845,0.2531060494009762,27044,val
22,0.17994495801284313,0.09886786600496278,0,0,0,0.8800575746671464,0,9543,15456,22,5355.png,0.7858060867777092,0,0.8557791898776699,0.9057537331121118,16883,11428,0.40573741390328766,28166,val
26,0.2628925940286933,0.1513392857142857,1,-1,1,0.827085906793936,1,3995,3704,27,5825.png,0.7051547181372549,0,0.8325270154180042,0.8217154587647268,6287,3299,0.22123122317596566,14912,val
19,0.2847672973346223,0.16602254428341384,0,1,1,0.7819754210286755,0,724,3108,18,5882.png,0.6420029895366218,0,0.6885771543086172,0.9046866771985256,3109,2412,0.2970443349753695,8120,val
23,0.2789229014998684,0.16206299052084394,1,-4,4,0.8289145575969503,1,2584,3385,27,6503.png,0.7078173185177933,0,0.8103110114878117,0.8483923961511383,5188,3130,0.23988350705088904,13048,val
24,0.42390727975153397,0.2689608766701913,0,3,3,0.9434022145426335,0,4883,4747,21,6605.png,0.8928678703734606,0,0.9441568830435498,0.9426487514974983,8902,4559,0.16803037004275395,27132,val
23,0.40399380271991736,0.253127966174821,1,-1,1,0.9357194674288333,1,5694,6091,24,6606.png,0.879203780199055,0,0.9336976280927863,0.9377500819940964,10557,5921,0.1992797522886376,29712,val
26,0.4735613239939569,0.3102393377721792,0,1,1,0.9071676162396908,0,1397,3263,25,6698.png,0.8301068212475847,0,0.8746542716656422,0.9421915087312753,4515,3145,0.19327679449360866,16272,val
29,0.46342310172097406,0.3015944742108321,0,1,1,0.9092557060963121,0,4381,3328,28,6918.png,0.8336103256998554,0,0.9206674612634088,0.89812338674046,6162,3298,0.14742300299494882,22371,val
29,0.4821961974301835,0.31769336498812945,0,5,5,0.9376441092662887,0,3735,2458,24,6947.png,0.8826082835750166,0,0.9498572011423908,0.9257410978786011,5975,2447,0.10751790500461356,22759,val
28,0.34904323175053154,0.21141875939042712,1,-1,1,0.8733373277411624,1,4316,3083,29,7253.png,0.7751542225058499,0,0.8921688643279354,0.8552843347639485,6543,2932,0.1522247027672499,19261,val
26,0.3577178551005147,0.21781753897251835,1,-6,6,0.909834341068962,1,5518,4339,32,7259.png,0.834583564080619,0,0.9197536572284589,0.9001266968325792,8619,4191,0.1711170994610485,24492,val
31,0.42510699001426533,0.26992753623188404,0,2,2,0.9148973599101476,0,3843,2446,29,7269.png,0.8431436125106001,0,0.9325259992827784,0.8979228644283893,5861,2446,0.11948610229104586,20471,val
26,0.3780636898177796,0.2330940416367552,0,1,1,0.9045696900322319,0,3740,2596,25,7312.png,0.8257665337549842,0,0.9204291187739464,0.889247534721194,6036,2594,0.14107793549790612,18387,val
29,0.4729047645460092,0.3096760133662647,0,1,1,0.9210841788251806,0,2632,2766,28,7654.png,0.8537127371273713,0,0.9192832963697911,0.9228921310130661,5257,2740,0.13474968033834955,20334,val
32,0.35573160255798414,0.2163464329250595,0,0,0,0.9079899074852817,0,5350,3402,32,8253.png,0.8314849044978435,0,0.9269737689434594,0.8897679976923394,7970,3323,0.14572643950357408,22803,val
